file_name,query_arm,query_content,distance,retrieved_file,retrieved_arm,true_drive_level,pred_drive_level,true_tone_level,pred_tone_level,true_drive_db,pred_drive_db
les_bridge_fing02__d0t0__00000.wav,byod-mxr,les_bridge_fing02,0.00048571825,les_bridge_fing20__d2t0__00010.wav,lsp-arctan,0,2,0,0,5.0,13.270071970821393
les_bridge_fing02__d0t1__00001.wav,byod-mxr,les_bridge_fing02,0.00046283007,les_bridge_fing17__d1t0__00005.wav,pedalboard-tanh,0,1,1,0,5.0,9.146047429418331
les_bridge_fing02__d0t2__00002.wav,byod-mxr,les_bridge_fing02,0.0013709068,les_neck_pick21__d2t1__00011.wav,lsp-tanh,0,2,2,1,5.0,13.297259315581634
les_bridge_fing02__d0t3__00003.wav,byod-mxr,les_bridge_fing02,0.0017041564,les_bridge_pick17__d0t2__00002.wav,lsp-hardclip,0,0,3,2,5.0,5.063331073032135
les_bridge_fing02__d0t4__00004.wav,byod-mxr,les_bridge_fing02,0.0017485619,les_bridge_pick22__d1t4__00009.wav,pedalboard-tanh,0,1,4,4,5.0,9.146047429418331
les_bridge_fing02__d1t0__00005.wav,byod-mxr,les_bridge_fing02,0.00054579973,les_bridge_pick25__d1t0__00005.wav,lsp-hardclip,1,1,0,0,9.107670514338215,9.35456396552498
les_bridge_fing02__d1t1__00006.wav,byod-mxr,les_bridge_fing02,0.00022029877,les_bridge_fing24__d2t1__00011.wav,lsp-tanh,1,2,1,1,9.107670514338215,13.297259315581634
les_bridge_fing02__d1t2__00007.wav,byod-mxr,les_bridge_fing02,0.0011156797,les_bridge_fing24__d2t2__00012.wav,lsp-tanh,1,2,2,2,9.107670514338215,13.297259315581634
les_bridge_fing02__d1t3__00008.wav,byod-mxr,les_bridge_fing02,0.0007651448,les_bridge_fing24__d2t3__00013.wav,lsp-tanh,1,2,3,3,9.107670514338215,13.297259315581634
les_bridge_fing02__d1t4__00009.wav,byod-mxr,les_bridge_fing02,0.0019615889,les_bridge_fing24__d2t4__00014.wav,lsp-arctan,1,2,4,4,9.107670514338215,13.270071970821393
les_bridge_fing02__d2t0__00010.wav,byod-mxr,les_bridge_fing02,0.0007918477,les_bridge_pick25__d2t0__00010.wav,lsp-hardclip,2,2,0,0,13.292365801948186,13.55142968534178
les_bridge_fing02__d2t1__00011.wav,byod-mxr,les_bridge_fing02,0.00068056583,les_neck_pick04__d2t1__00011.wav,lsp-sine,2,2,1,1,13.292365801948186,13.251366385956809
les_bridge_fing02__d2t2__00012.wav,byod-mxr,les_bridge_fing02,0.0021069646,les_neck_pick05__d2t1__00011.wav,pedalboard-tanh,2,2,2,1,13.292365801948186,13.296816138037473
les_bridge_fing02__d2t3__00013.wav,byod-mxr,les_bridge_fing02,0.0030066967,les_bridge_pick25__d2t3__00013.wav,lsp-sine,2,2,3,3,13.292365801948186,13.251366385956809
les_bridge_fing02__d2t4__00014.wav,byod-mxr,les_bridge_fing02,0.0026502013,les_neck_pick04__d2t3__00013.wav,lsp-sine,2,2,4,3,13.292365801948186,13.251366385956809
les_bridge_fing02__d3t0__00015.wav,byod-mxr,les_bridge_fing02,0.0011351109,les_bridge_fing21__d3t1__00016.wav,lsp-hardclip,3,3,0,1,17.452308155418716,17.563088337099366
les_bridge_fing02__d3t1__00016.wav,byod-mxr,les_bridge_fing02,0.0021740794,les_neck_pick11__d2t1__00011.wav,pedalboard-tanh,3,2,1,1,17.452308155418716,13.296816138037473
les_bridge_fing02__d3t2__00017.wav,byod-mxr,les_bridge_fing02,0.0016834736,les_bridge_pick25__d3t2__00017.wav,lsp-tanh,3,3,2,2,17.452308155418716,17.426284440144894
les_bridge_fing02__d3t3__00018.wav,byod-mxr,les_bridge_fing02,0.003238976,les_neck_pick11__d3t2__00017.wav,lsp-sine,3,3,3,2,17.452308155418716,17.46073355198249
les_bridge_fing02__d3t4__00019.wav,byod-mxr,les_bridge_fing02,0.0020340085,les_neck_pick04__d3t3__00018.wav,lsp-tanh,3,3,4,3,17.452308155418716,17.426284440144894
les_bridge_fing02__d4t0__00020.wav,byod-mxr,les_bridge_fing02,0.0008959174,les_bridge_fing20__d4t0__00020.wav,lsp-arctan,4,4,0,0,21.62039317761596,21.613326710488973
les_bridge_fing02__d4t1__00021.wav,byod-mxr,les_bridge_fing02,0.004060447,les_bridge_pick25__d4t1__00021.wav,lsp-sine,4,4,1,1,21.62039317761596,21.652716208419097
les_bridge_fing02__d4t2__00022.wav,byod-mxr,les_bridge_fing02,0.0008698106,les_bridge_fing17__d4t1__00021.wav,lsp-tanh,4,4,2,1,21.62039317761596,21.61115826291455
les_bridge_fing02__d4t3__00023.wav,byod-mxr,les_bridge_fing02,0.0034359097,les_neck_pick09__d4t2__00022.wav,lsp-tanh,4,4,3,2,21.62039317761596,21.61115826291455
les_bridge_fing02__d4t4__00024.wav,byod-mxr,les_bridge_fing02,0.0032391548,les_bridge_pick25__d4t3__00023.wav,lsp-arctan,4,4,4,3,21.62039317761596,21.613326710488973
les_bridge_fing02__d5t0__00025.wav,byod-mxr,les_bridge_fing02,0.0014653802,les_bridge_fing21__d5t1__00026.wav,lsp-hardclip,5,5,0,1,25.779078975465445,25.79865436059077
les_bridge_fing02__d5t1__00026.wav,byod-mxr,les_bridge_fing02,0.001985371,les_neck_pick12__d5t2__00027.wav,lsp-sine,5,5,1,2,25.779078975465445,25.7855895742644
les_bridge_fing02__d5t2__00027.wav,byod-mxr,les_bridge_fing02,0.0018950105,les_bridge_fing17__d5t1__00026.wav,lsp-arctan,5,5,2,1,25.779078975465445,25.788497067568912
les_bridge_fing02__d5t3__00028.wav,byod-mxr,les_bridge_fing02,0.0044276714,les_bridge_fing21__d5t3__00028.wav,lsp-tanh,5,5,3,3,25.779078975465445,25.766463780707188
les_bridge_fing02__d5t4__00029.wav,byod-mxr,les_bridge_fing02,0.0043445826,les_neck_pick11__d5t3__00028.wav,lsp-arctan,5,5,4,3,25.779078975465445,25.788497067568912
les_bridge_fing02__d6t0__00030.wav,byod-mxr,les_bridge_fing02,0.0021597147,les_bridge_fing24__d6t0__00030.wav,lsp-tanh,6,6,0,0,29.91150927100104,29.89601395521624
les_bridge_fing02__d6t1__00031.wav,byod-mxr,les_bridge_fing02,0.0035957098,les_bridge_fing24__d6t1__00031.wav,lsp-sine,6,6,1,1,29.91150927100104,29.915327656251563
les_bridge_fing02__d6t2__00032.wav,byod-mxr,les_bridge_fing02,0.002513349,les_neck_pick21__d6t1__00031.wav,pedalboard-tanh,6,6,2,1,29.91150927100104,29.92239131554786
les_bridge_fing02__d6t3__00033.wav,byod-mxr,les_bridge_fing02,0.003523767,les_neck_pick05__d6t2__00032.wav,lsp-sine,6,6,3,2,29.91150927100104,29.915327656251563
les_bridge_fing02__d6t4__00034.wav,byod-mxr,les_bridge_fing02,0.0031614304,les_bridge_pick22__d7t3__00038.wav,pedalboard-tanh,6,7,4,3,29.91150927100104,34.075823464139134
les_bridge_fing02__d7t0__00035.wav,byod-mxr,les_bridge_fing02,0.0027421117,les_bridge_fing21__d7t0__00035.wav,lsp-tanh,7,7,0,0,34.08156088036171,34.0729352593394
les_bridge_fing02__d7t1__00036.wav,byod-mxr,les_bridge_fing02,0.0023652911,les_neck_pick05__d6t1__00031.wav,pedalboard-tanh,7,6,1,1,34.08156088036171,29.92239131554786
les_bridge_fing02__d7t2__00037.wav,byod-mxr,les_bridge_fing02,0.0010892153,les_neck_fing01__d7t1__00036.wav,lsp-hardclip,7,7,2,1,34.08156088036171,34.07942205160116
les_bridge_fing02__d7t3__00038.wav,byod-mxr,les_bridge_fing02,0.0018755794,les_neck_pick09__d6t4__00034.wav,lsp-hardclip,7,6,3,4,34.08156088036171,29.908667593492765
les_bridge_fing02__d7t4__00039.wav,byod-mxr,les_bridge_fing02,0.0016521215,les_neck_fing01__d7t3__00038.wav,lsp-arctan,7,7,4,3,34.08156088036171,34.09435618625095
les_bridge_fing05__d0t0__00000.wav,byod-mxr,les_bridge_fing05,0.0011296868,les_bridge_fing17__d1t1__00006.wav,pedalboard-tanh,0,1,0,1,5.0,9.146047429418331
les_bridge_fing05__d0t1__00001.wav,byod-mxr,les_bridge_fing05,0.0043536425,les_bridge_fing24__d1t3__00008.wav,lsp-sine,0,1,1,3,5.0,9.202349861352678
les_bridge_fing05__d0t2__00002.wav,byod-mxr,les_bridge_fing05,0.0077985525,les_bridge_pick17__d1t3__00008.wav,lsp-hardclip,0,1,2,3,5.0,9.35456396552498
les_bridge_fing05__d0t3__00003.wav,byod-mxr,les_bridge_fing05,0.006606102,les_bridge_pick17__d0t4__00004.wav,lsp-hardclip,0,0,3,4,5.0,5.063331073032135
les_bridge_fing05__d0t4__00004.wav,byod-mxr,les_bridge_fing05,0.0037837029,les_neck_pick14__d1t3__00008.wav,lsp-arctan,0,1,4,3,5.0,9.170316408518453
les_bridge_fing05__d1t0__00005.wav,byod-mxr,les_bridge_fing05,0.0012875795,les_bridge_fing17__d1t1__00006.wav,pedalboard-tanh,1,1,0,1,9.107670514338215,9.146047429418331
les_bridge_fing05__d1t1__00006.wav,byod-mxr,les_bridge_fing05,0.0048989654,les_bridge_pick25__d1t4__00009.wav,lsp-hardclip,1,1,1,4,9.107670514338215,9.35456396552498
les_bridge_fing05__d1t2__00007.wav,byod-mxr,les_bridge_fing05,0.008462727,les_bridge_pick17__d1t4__00009.wav,lsp-tanh,1,1,2,4,9.107670514338215,9.088421535688989
les_bridge_fing05__d1t3__00008.wav,byod-mxr,les_bridge_fing05,0.008282363,les_neck_pick21__d0t3__00003.wav,lsp-hardclip,1,0,3,3,9.107670514338215,5.063331073032135
les_bridge_fing05__d1t4__00009.wav,byod-mxr,les_bridge_fing05,0.0040333867,les_neck_pick14__d2t3__00013.wav,lsp-sine,1,2,4,3,9.107670514338215,13.251366385956809
les_bridge_fing05__d2t0__00010.wav,byod-mxr,les_bridge_fing05,0.000947237,les_bridge_fing17__d1t1__00006.wav,lsp-hardclip,2,1,0,1,13.292365801948186,9.35456396552498
les_bridge_fing05__d2t1__00011.wav,byod-mxr,les_bridge_fing05,0.0020632148,les_bridge_fing17__d0t2__00002.wav,lsp-hardclip,2,0,1,2,13.292365801948186,5.063331073032135
les_bridge_fing05__d2t2__00012.wav,byod-mxr,les_bridge_fing05,0.0043070316,les_bridge_pick17__d2t4__00014.wav,lsp-arctan,2,2,2,4,13.292365801948186,13.270071970821393
les_bridge_fing05__d2t3__00013.wav,byod-mxr,les_bridge_fing05,0.003923893,les_bridge_fing17__d0t4__00004.wav,lsp-hardclip,2,0,3,4,13.292365801948186,5.063331073032135
les_bridge_fing05__d2t4__00014.wav,byod-mxr,les_bridge_fing05,0.004769504,les_neck_pick05__d1t4__00009.wav,lsp-arctan,2,1,4,4,13.292365801948186,9.170316408518453
les_bridge_fing05__d3t0__00015.wav,byod-mxr,les_bridge_fing05,0.0013763905,les_bridge_pick22__d2t3__00013.wav,lsp-tanh,3,2,0,3,17.452308155418716,13.297259315581634
les_bridge_fing05__d3t1__00016.wav,byod-mxr,les_bridge_fing05,0.0017822385,les_neck_pick03__d2t3__00013.wav,lsp-sine,3,2,1,3,17.452308155418716,13.251366385956809
les_bridge_fing05__d3t2__00017.wav,byod-mxr,les_bridge_fing05,0.00631845,les_neck_pick09__d2t3__00013.wav,lsp-arctan,3,2,2,3,17.452308155418716,13.270071970821393
les_bridge_fing05__d3t3__00018.wav,byod-mxr,les_bridge_fing05,0.0030448437,les_bridge_fing17__d3t4__00019.wav,lsp-hardclip,3,3,3,4,17.452308155418716,17.563088337099366
les_bridge_fing05__d3t4__00019.wav,byod-mxr,les_bridge_fing05,0.0049034357,les_neck_pick05__d2t4__00014.wav,lsp-hardclip,3,2,4,4,17.452308155418716,13.55142968534178
les_bridge_fing05__d4t0__00020.wav,byod-mxr,les_bridge_fing05,0.0031383038,les_neck_pick04__d3t2__00017.wav,lsp-arctan,4,3,0,2,21.62039317761596,17.436825605717576
les_bridge_fing05__d4t1__00021.wav,byod-mxr,les_bridge_fing05,0.0024098158,les_neck_pick04__d3t3__00018.wav,lsp-sine,4,3,1,3,21.62039317761596,17.46073355198249
les_bridge_fing05__d4t2__00022.wav,byod-mxr,les_bridge_fing05,0.0028166175,les_bridge_pick17__d3t4__00019.wav,lsp-sine,4,3,2,4,21.62039317761596,17.46073355198249
les_bridge_fing05__d4t3__00023.wav,byod-mxr,les_bridge_fing05,0.0041952133,les_neck_pick09__d4t4__00024.wav,lsp-sine,4,4,3,4,21.62039317761596,21.652716208419097
les_bridge_fing05__d4t4__00024.wav,byod-mxr,les_bridge_fing05,0.005809307,les_neck_pick05__d4t4__00024.wav,lsp-hardclip,4,4,4,4,21.62039317761596,21.54643860361127
les_bridge_fing05__d5t0__00025.wav,byod-mxr,les_bridge_fing05,0.0028592944,les_bridge_fing17__d5t1__00026.wav,lsp-sine,5,5,0,1,25.779078975465445,25.7855895742644
les_bridge_fing05__d5t1__00026.wav,byod-mxr,les_bridge_fing05,0.0030508637,les_neck_pick04__d4t3__00023.wav,lsp-sine,5,4,1,3,25.779078975465445,21.652716208419097
les_bridge_fing05__d5t2__00027.wav,byod-mxr,les_bridge_fing05,0.0045158267,les_bridge_fing20__d4t4__00024.wav,lsp-sine,5,4,2,4,25.779078975465445,21.652716208419097
les_bridge_fing05__d5t3__00028.wav,byod-mxr,les_bridge_fing05,0.0030645132,les_neck_pick21__d5t3__00028.wav,lsp-sine,5,5,3,3,25.779078975465445,25.7855895742644
les_bridge_fing05__d5t4__00029.wav,byod-mxr,les_bridge_fing05,0.0036218166,les_neck_pick21__d5t4__00029.wav,lsp-hardclip,5,5,4,4,25.779078975465445,25.79865436059077
les_bridge_fing05__d6t0__00030.wav,byod-mxr,les_bridge_fing05,0.0044173,les_neck_pick12__d6t2__00032.wav,lsp-arctan,6,6,0,2,29.91150927100104,29.91872954355242
les_bridge_fing05__d6t1__00031.wav,byod-mxr,les_bridge_fing05,0.0030635,les_bridge_fing21__d5t4__00029.wav,lsp-tanh,6,5,1,4,29.91150927100104,25.766463780707188
les_bridge_fing05__d6t2__00032.wav,byod-mxr,les_bridge_fing05,0.0028665066,les_bridge_fing17__d5t4__00029.wav,lsp-tanh,6,5,2,4,29.91150927100104,25.766463780707188
les_bridge_fing05__d6t3__00033.wav,byod-mxr,les_bridge_fing05,0.0028534532,les_bridge_fing17__d6t3__00033.wav,lsp-tanh,6,6,3,3,29.91150927100104,29.89601395521624
les_bridge_fing05__d6t4__00034.wav,byod-mxr,les_bridge_fing05,0.00097101927,les_neck_pick04__d7t4__00039.wav,lsp-sine,6,7,4,4,29.91150927100104,34.094517939627885
les_bridge_fing05__d7t0__00035.wav,byod-mxr,les_bridge_fing05,0.0034586787,les_bridge_pick17__d7t1__00036.wav,lsp-tanh,7,7,0,1,34.08156088036171,34.0729352593394
les_bridge_fing05__d7t1__00036.wav,byod-mxr,les_bridge_fing05,0.0051885247,les_bridge_fing21__d6t4__00034.wav,lsp-arctan,7,6,1,4,34.08156088036171,29.91872954355242
les_bridge_fing05__d7t2__00037.wav,byod-mxr,les_bridge_fing05,0.0023229122,les_neck_fing01__d6t4__00034.wav,lsp-sine,7,6,2,4,34.08156088036171,29.915327656251563
les_bridge_fing05__d7t3__00038.wav,byod-mxr,les_bridge_fing05,0.0012680292,les_bridge_fing20__d7t3__00038.wav,lsp-hardclip,7,7,3,3,34.08156088036171,34.07942205160116
les_bridge_fing05__d7t4__00039.wav,byod-mxr,les_bridge_fing05,0.0009860992,les_bridge_fing20__d7t4__00039.wav,lsp-sine,7,7,4,4,34.08156088036171,34.094517939627885
les_bridge_fing07__d0t0__00000.wav,byod-mxr,les_bridge_fing07,0.00011575222,les_bridge_pick22__d0t1__00001.wav,pedalboard-tanh,0,0,0,1,5.0,5.0
les_bridge_fing07__d0t1__00001.wav,byod-mxr,les_bridge_fing07,0.0013984442,les_bridge_pick22__d1t2__00007.wav,lsp-sine,0,1,1,2,5.0,9.202349861352678
les_bridge_fing07__d0t2__00002.wav,byod-mxr,les_bridge_fing07,0.0019577742,les_bridge_fing17__d1t1__00006.wav,lsp-sine,0,1,2,1,5.0,9.202349861352678
les_bridge_fing07__d0t3__00003.wav,byod-mxr,les_bridge_fing07,0.002230823,les_bridge_pick22__d1t4__00009.wav,pedalboard-tanh,0,1,3,4,5.0,9.146047429418331
les_bridge_fing07__d0t4__00004.wav,byod-mxr,les_bridge_fing07,0.0020708442,les_neck_fing15__d2t4__00014.wav,lsp-sine,0,2,4,4,5.0,13.251366385956809
les_bridge_fing07__d1t0__00005.wav,byod-mxr,les_bridge_fing07,0.00030499697,les_bridge_fing20__d2t0__00010.wav,lsp-sine,1,2,0,0,9.107670514338215,13.251366385956809
les_bridge_fing07__d1t1__00006.wav,byod-mxr,les_bridge_fing07,0.001057446,les_bridge_fing21__d0t2__00002.wav,lsp-hardclip,1,0,1,2,9.107670514338215,5.063331073032135
les_bridge_fing07__d1t2__00007.wav,byod-mxr,les_bridge_fing07,0.0022111535,les_bridge_fing17__d2t1__00011.wav,lsp-tanh,1,2,2,1,9.107670514338215,13.297259315581634
les_bridge_fing07__d1t3__00008.wav,byod-mxr,les_bridge_fing07,0.0027332306,les_bridge_fing17__d1t2__00007.wav,lsp-hardclip,1,1,3,2,9.107670514338215,9.35456396552498
les_bridge_fing07__d1t4__00009.wav,byod-mxr,les_bridge_fing07,0.003154397,les_neck_pick02__d2t3__00013.wav,lsp-arctan,1,2,4,3,9.107670514338215,13.270071970821393
les_bridge_fing07__d2t0__00010.wav,byod-mxr,les_bridge_fing07,0.0010118484,les_bridge_fing21__d1t1__00006.wav,lsp-hardclip,2,1,0,1,13.292365801948186,9.35456396552498
les_bridge_fing07__d2t1__00011.wav,byod-mxr,les_bridge_fing07,0.0010869503,les_neck_pick12__d2t3__00013.wav,lsp-tanh,2,2,1,3,13.292365801948186,13.297259315581634
les_bridge_fing07__d2t2__00012.wav,byod-mxr,les_bridge_fing07,0.002221167,les_bridge_pick22__d2t3__00013.wav,lsp-sine,2,2,2,3,13.292365801948186,13.251366385956809
les_bridge_fing07__d2t3__00013.wav,byod-mxr,les_bridge_fing07,0.0027351975,les_neck_pick03__d2t3__00013.wav,lsp-arctan,2,2,3,3,13.292365801948186,13.270071970821393
les_bridge_fing07__d2t4__00014.wav,byod-mxr,les_bridge_fing07,0.002650261,les_neck_pick09__d2t3__00013.wav,pedalboard-tanh,2,2,4,3,13.292365801948186,13.296816138037473
les_bridge_fing07__d3t0__00015.wav,byod-mxr,les_bridge_fing07,0.0015735626,les_bridge_fing24__d4t0__00020.wav,lsp-hardclip,3,4,0,0,17.452308155418716,21.54643860361127
les_bridge_fing07__d3t1__00016.wav,byod-mxr,les_bridge_fing07,0.0016633272,les_neck_pick12__d3t3__00018.wav,lsp-tanh,3,3,1,3,17.452308155418716,17.426284440144894
les_bridge_fing07__d3t2__00017.wav,byod-mxr,les_bridge_fing07,0.0027184486,les_bridge_pick22__d3t3__00018.wav,lsp-arctan,3,3,2,3,17.452308155418716,17.436825605717576
les_bridge_fing07__d3t3__00018.wav,byod-mxr,les_bridge_fing07,0.0019243956,les_neck_pick04__d3t3__00018.wav,lsp-tanh,3,3,3,3,17.452308155418716,17.426284440144894
les_bridge_fing07__d3t4__00019.wav,byod-mxr,les_bridge_fing07,0.0008199215,les_bridge_fing20__d3t4__00019.wav,lsp-arctan,3,3,4,4,17.452308155418716,17.436825605717576
les_bridge_fing07__d4t0__00020.wav,byod-mxr,les_bridge_fing07,0.002721727,les_bridge_fing21__d4t1__00021.wav,lsp-arctan,4,4,0,1,21.62039317761596,21.613326710488973
les_bridge_fing07__d4t1__00021.wav,byod-mxr,les_bridge_fing07,0.0019164085,les_neck_pick09__d4t1__00021.wav,lsp-tanh,4,4,1,1,21.62039317761596,21.61115826291455
les_bridge_fing07__d4t2__00022.wav,byod-mxr,les_bridge_fing07,0.0037553906,les_bridge_fing21__d4t3__00023.wav,lsp-arctan,4,4,2,3,21.62039317761596,21.613326710488973
les_bridge_fing07__d4t3__00023.wav,byod-mxr,les_bridge_fing07,0.0022757053,les_neck_pick11__d4t3__00023.wav,lsp-sine,4,4,3,3,21.62039317761596,21.652716208419097
les_bridge_fing07__d4t4__00024.wav,byod-mxr,les_bridge_fing07,0.0037816763,les_neck_fing01__d4t3__00023.wav,lsp-hardclip,4,4,4,3,21.62039317761596,21.54643860361127
les_bridge_fing07__d5t0__00025.wav,byod-mxr,les_bridge_fing07,0.0045690536,les_neck_pick12__d6t0__00030.wav,pedalboard-tanh,5,6,0,0,25.779078975465445,29.92239131554786
les_bridge_fing07__d5t1__00026.wav,byod-mxr,les_bridge_fing07,0.0023248196,les_bridge_fing21__d5t2__00027.wav,lsp-arctan,5,5,1,2,25.779078975465445,25.788497067568912
les_bridge_fing07__d5t2__00027.wav,byod-mxr,les_bridge_fing07,0.0034680367,les_neck_fing01__d5t2__00027.wav,lsp-sine,5,5,2,2,25.779078975465445,25.7855895742644
les_bridge_fing07__d5t3__00028.wav,byod-mxr,les_bridge_fing07,0.0028257966,les_neck_fing01__d5t3__00028.wav,lsp-sine,5,5,3,3,25.779078975465445,25.7855895742644
les_bridge_fing07__d5t4__00029.wav,byod-mxr,les_bridge_fing07,0.0016144514,les_neck_pick09__d5t4__00029.wav,lsp-arctan,5,5,4,4,25.779078975465445,25.788497067568912
les_bridge_fing07__d6t0__00030.wav,byod-mxr,les_bridge_fing07,0.0051695704,les_bridge_pick17__d6t0__00030.wav,lsp-arctan,6,6,0,0,29.91150927100104,29.91872954355242
les_bridge_fing07__d6t1__00031.wav,byod-mxr,les_bridge_fing07,0.0022342205,les_bridge_pick17__d6t1__00031.wav,lsp-tanh,6,6,1,1,29.91150927100104,29.89601395521624
les_bridge_fing07__d6t2__00032.wav,byod-mxr,les_bridge_fing07,0.0011837482,les_bridge_pick25__d5t4__00029.wav,lsp-arctan,6,5,2,4,29.91150927100104,25.788497067568912
les_bridge_fing07__d6t3__00033.wav,byod-mxr,les_bridge_fing07,0.00096035004,les_neck_pick02__d6t4__00034.wav,lsp-arctan,6,6,3,4,29.91150927100104,29.91872954355242
les_bridge_fing07__d6t4__00034.wav,byod-mxr,les_bridge_fing07,0.0010719299,les_bridge_pick17__d6t4__00034.wav,lsp-arctan,6,6,4,4,29.91150927100104,29.91872954355242
les_bridge_fing07__d7t0__00035.wav,byod-mxr,les_bridge_fing07,0.0034271479,les_neck_fing01__d7t0__00035.wav,pedalboard-tanh,7,7,0,0,34.08156088036171,34.075823464139134
les_bridge_fing07__d7t1__00036.wav,byod-mxr,les_bridge_fing07,0.0023433566,les_bridge_pick17__d7t1__00036.wav,lsp-arctan,7,7,1,1,34.08156088036171,34.09435618625095
les_bridge_fing07__d7t2__00037.wav,byod-mxr,les_bridge_fing07,0.0015883446,les_bridge_pick17__d7t2__00037.wav,lsp-sine,7,7,2,2,34.08156088036171,34.094517939627885
les_bridge_fing07__d7t3__00038.wav,byod-mxr,les_bridge_fing07,0.0013502836,les_bridge_fing20__d7t2__00037.wav,lsp-tanh,7,7,3,2,34.08156088036171,34.0729352593394
les_bridge_fing07__d7t4__00039.wav,byod-mxr,les_bridge_fing07,0.00056511164,les_bridge_fing20__d7t3__00038.wav,lsp-tanh,7,7,4,3,34.08156088036171,34.0729352593394
les_bridge_fing09__d0t0__00000.wav,byod-mxr,les_bridge_fing09,0.0056378245,les_neck_fing15__d0t3__00003.wav,lsp-arctan,0,0,0,3,5.0,5.005872107125804
les_bridge_fing09__d0t1__00001.wav,byod-mxr,les_bridge_fing09,0.0025467873,les_bridge_fing24__d1t4__00009.wav,pedalboard-tanh,0,1,1,4,5.0,9.146047429418331
les_bridge_fing09__d0t2__00002.wav,byod-mxr,les_bridge_fing09,0.0034153461,les_neck_pick21__d0t3__00003.wav,pedalboard-tanh,0,0,2,3,5.0,5.0
les_bridge_fing09__d0t3__00003.wav,byod-mxr,les_bridge_fing09,0.0021044016,les_neck_pick14__d1t3__00008.wav,lsp-hardclip,0,1,3,3,5.0,9.35456396552498
les_bridge_fing09__d0t4__00004.wav,byod-mxr,les_bridge_fing09,0.00122118,les_neck_pick21__d1t4__00009.wav,pedalboard-tanh,0,1,4,4,5.0,9.146047429418331
les_bridge_fing09__d1t0__00005.wav,byod-mxr,les_bridge_fing09,0.0015586019,les_bridge_fing24__d1t3__00008.wav,lsp-tanh,1,1,0,3,9.107670514338215,9.088421535688989
les_bridge_fing09__d1t1__00006.wav,byod-mxr,les_bridge_fing09,0.004885435,les_neck_fing15__d0t4__00004.wav,lsp-hardclip,1,0,1,4,9.107670514338215,5.063331073032135
les_bridge_fing09__d1t2__00007.wav,byod-mxr,les_bridge_fing09,0.0022746325,les_neck_pick21__d1t3__00008.wav,pedalboard-tanh,1,1,2,3,9.107670514338215,9.146047429418331
les_bridge_fing09__d1t3__00008.wav,byod-mxr,les_bridge_fing09,0.0047980547,les_neck_pick14__d2t3__00013.wav,lsp-hardclip,1,2,3,3,9.107670514338215,13.55142968534178
les_bridge_fing09__d1t4__00009.wav,byod-mxr,les_bridge_fing09,0.0016822219,les_neck_pick14__d2t4__00014.wav,pedalboard-tanh,1,2,4,4,9.107670514338215,13.296816138037473
les_bridge_fing09__d2t0__00010.wav,byod-mxr,les_bridge_fing09,0.0027205944,les_neck_fing15__d3t2__00017.wav,lsp-arctan,2,3,0,2,13.292365801948186,17.436825605717576
les_bridge_fing09__d2t1__00011.wav,byod-mxr,les_bridge_fing09,0.003290534,les_bridge_pick17__d1t3__00008.wav,lsp-hardclip,2,1,1,3,13.292365801948186,9.35456396552498
les_bridge_fing09__d2t2__00012.wav,byod-mxr,les_bridge_fing09,0.0036546588,les_neck_pick21__d0t3__00003.wav,lsp-hardclip,2,0,2,3,13.292365801948186,5.063331073032135
les_bridge_fing09__d2t3__00013.wav,byod-mxr,les_bridge_fing09,0.0042230487,les_neck_pick21__d1t4__00009.wav,lsp-hardclip,2,1,3,4,13.292365801948186,9.35456396552498
les_bridge_fing09__d2t4__00014.wav,byod-mxr,les_bridge_fing09,0.0027906299,les_neck_pick21__d2t4__00014.wav,lsp-tanh,2,2,4,4,13.292365801948186,13.297259315581634
les_bridge_fing09__d3t0__00015.wav,byod-mxr,les_bridge_fing09,0.0055772066,les_neck_fing01__d1t2__00007.wav,lsp-tanh,3,1,0,2,17.452308155418716,9.088421535688989
les_bridge_fing09__d3t1__00016.wav,byod-mxr,les_bridge_fing09,0.004153669,les_neck_fing15__d3t3__00018.wav,pedalboard-tanh,3,3,1,3,17.452308155418716,17.454399305827287
les_bridge_fing09__d3t2__00017.wav,byod-mxr,les_bridge_fing09,0.0037211776,les_neck_pick21__d2t3__00013.wav,lsp-hardclip,3,2,2,3,17.452308155418716,13.55142968534178
les_bridge_fing09__d3t3__00018.wav,byod-mxr,les_bridge_fing09,0.0030308366,les_neck_pick14__d3t3__00018.wav,lsp-arctan,3,3,3,3,17.452308155418716,17.436825605717576
les_bridge_fing09__d3t4__00019.wav,byod-mxr,les_bridge_fing09,0.003320992,les_neck_pick14__d3t4__00019.wav,lsp-sine,3,3,4,4,17.452308155418716,17.46073355198249
les_bridge_fing09__d4t0__00020.wav,byod-mxr,les_bridge_fing09,0.0043547153,les_neck_pick02__d2t2__00012.wav,lsp-hardclip,4,2,0,2,21.62039317761596,13.55142968534178
les_bridge_fing09__d4t1__00021.wav,byod-mxr,les_bridge_fing09,0.0052963495,les_bridge_fing24__d3t4__00019.wav,lsp-hardclip,4,3,1,4,21.62039317761596,17.563088337099366
les_bridge_fing09__d4t2__00022.wav,byod-mxr,les_bridge_fing09,0.0065641403,les_neck_pick11__d3t4__00019.wav,lsp-tanh,4,3,2,4,21.62039317761596,17.426284440144894
les_bridge_fing09__d4t3__00023.wav,byod-mxr,les_bridge_fing09,0.003807366,les_neck_pick14__d5t3__00028.wav,lsp-hardclip,4,5,3,3,21.62039317761596,25.79865436059077
les_bridge_fing09__d4t4__00024.wav,byod-mxr,les_bridge_fing09,0.007429898,les_neck_pick14__d5t4__00029.wav,lsp-hardclip,4,5,4,4,21.62039317761596,25.79865436059077
les_bridge_fing09__d5t0__00025.wav,byod-mxr,les_bridge_fing09,0.015096068,les_bridge_pick22__d4t3__00023.wav,lsp-hardclip,5,4,0,3,25.779078975465445,21.54643860361127
les_bridge_fing09__d5t1__00026.wav,byod-mxr,les_bridge_fing09,0.0053405166,les_bridge_fing20__d5t3__00028.wav,lsp-hardclip,5,5,1,3,25.779078975465445,25.79865436059077
les_bridge_fing09__d5t2__00027.wav,byod-mxr,les_bridge_fing09,0.004133582,les_neck_pick02__d5t4__00029.wav,pedalboard-tanh,5,5,2,4,25.779078975465445,25.782351420955937
les_bridge_fing09__d5t3__00028.wav,byod-mxr,les_bridge_fing09,0.0025018454,les_bridge_fing20__d5t4__00029.wav,lsp-tanh,5,5,3,4,25.779078975465445,25.766463780707188
les_bridge_fing09__d5t4__00029.wav,byod-mxr,les_bridge_fing09,0.0016055703,les_neck_pick04__d7t4__00039.wav,lsp-arctan,5,7,4,4,25.779078975465445,34.09435618625095
les_bridge_fing09__d6t0__00030.wav,byod-mxr,les_bridge_fing09,0.006685376,les_bridge_pick16__d6t2__00032.wav,lsp-arctan,6,6,0,2,29.91150927100104,29.91872954355242
les_bridge_fing09__d6t1__00031.wav,byod-mxr,les_bridge_fing09,0.0045971274,les_neck_pick09__d6t3__00033.wav,lsp-sine,6,6,1,3,29.91150927100104,29.915327656251563
les_bridge_fing09__d6t2__00032.wav,byod-mxr,les_bridge_fing09,0.0024111867,les_bridge_pick17__d6t4__00034.wav,lsp-hardclip,6,6,2,4,29.91150927100104,29.908667593492765
les_bridge_fing09__d6t3__00033.wav,byod-mxr,les_bridge_fing09,0.0016875267,les_bridge_fing20__d7t3__00038.wav,lsp-hardclip,6,7,3,3,29.91150927100104,34.07942205160116
les_bridge_fing09__d6t4__00034.wav,byod-mxr,les_bridge_fing09,0.0016852617,les_neck_pick21__d7t4__00039.wav,pedalboard-tanh,6,7,4,4,29.91150927100104,34.075823464139134
les_bridge_fing09__d7t0__00035.wav,byod-mxr,les_bridge_fing09,0.009314418,les_neck_pick14__d7t1__00036.wav,lsp-hardclip,7,7,0,1,34.08156088036171,34.07942205160116
les_bridge_fing09__d7t1__00036.wav,byod-mxr,les_bridge_fing09,0.002595067,les_neck_pick03__d7t3__00038.wav,lsp-arctan,7,7,1,3,34.08156088036171,34.09435618625095
les_bridge_fing09__d7t2__00037.wav,byod-mxr,les_bridge_fing09,0.000944674,les_neck_pick03__d7t4__00039.wav,lsp-sine,7,7,2,4,34.08156088036171,34.094517939627885
les_bridge_fing09__d7t3__00038.wav,byod-mxr,les_bridge_fing09,0.0010232329,les_neck_pick21__d7t4__00039.wav,lsp-arctan,7,7,3,4,34.08156088036171,34.09435618625095
les_bridge_fing09__d7t4__00039.wav,byod-mxr,les_bridge_fing09,0.0033149123,les_bridge_fing20__d7t4__00039.wav,lsp-sine,7,7,4,4,34.08156088036171,34.094517939627885
les_bridge_fing11__d0t0__00000.wav,byod-mxr,les_bridge_fing11,0.0018418431,les_neck_pick12__d0t1__00001.wav,pedalboard-tanh,0,0,0,1,5.0,5.0
les_bridge_fing11__d0t1__00001.wav,byod-mxr,les_bridge_fing11,0.0006916523,les_neck_pick12__d0t2__00002.wav,pedalboard-tanh,0,0,1,2,5.0,5.0
les_bridge_fing11__d0t2__00002.wav,byod-mxr,les_bridge_fing11,0.0017718077,les_neck_pick02__d1t1__00006.wav,lsp-sine,0,1,2,1,5.0,9.202349861352678
les_bridge_fing11__d0t3__00003.wav,byod-mxr,les_bridge_fing11,0.0010789633,les_bridge_fing20__d0t2__00002.wav,lsp-hardclip,0,0,3,2,5.0,5.063331073032135
les_bridge_fing11__d0t4__00004.wav,byod-mxr,les_bridge_fing11,0.0016233325,les_bridge_pick22__d1t3__00008.wav,lsp-hardclip,0,1,4,3,5.0,9.35456396552498
les_bridge_fing11__d1t0__00005.wav,byod-mxr,les_bridge_fing11,0.0003848672,les_neck_pick12__d1t1__00006.wav,lsp-tanh,1,1,0,1,9.107670514338215,9.088421535688989
les_bridge_fing11__d1t1__00006.wav,byod-mxr,les_bridge_fing11,0.0010572672,les_bridge_fing20__d2t0__00010.wav,lsp-hardclip,1,2,1,0,9.107670514338215,13.55142968534178
les_bridge_fing11__d1t2__00007.wav,byod-mxr,les_bridge_fing11,0.0011674166,les_bridge_fing20__d2t1__00011.wav,lsp-hardclip,1,2,2,1,9.107670514338215,13.55142968534178
les_bridge_fing11__d1t3__00008.wav,byod-mxr,les_bridge_fing11,0.001621604,les_bridge_fing20__d2t2__00012.wav,lsp-arctan,1,2,3,2,9.107670514338215,13.270071970821393
les_bridge_fing11__d1t4__00009.wav,byod-mxr,les_bridge_fing11,0.003417194,les_neck_pick04__d0t2__00002.wav,lsp-hardclip,1,0,4,2,9.107670514338215,5.063331073032135
les_bridge_fing11__d2t0__00010.wav,byod-mxr,les_bridge_fing11,0.00039184093,les_neck_pick12__d0t1__00001.wav,lsp-hardclip,2,0,0,1,13.292365801948186,5.063331073032135
les_bridge_fing11__d2t1__00011.wav,byod-mxr,les_bridge_fing11,0.0019502044,les_bridge_pick16__d3t1__00016.wav,lsp-tanh,2,3,1,1,13.292365801948186,17.426284440144894
les_bridge_fing11__d2t2__00012.wav,byod-mxr,les_bridge_fing11,0.0020357966,les_neck_pick12__d2t3__00013.wav,lsp-sine,2,2,2,3,13.292365801948186,13.251366385956809
les_bridge_fing11__d2t3__00013.wav,byod-mxr,les_bridge_fing11,0.0013941526,les_neck_pick21__d3t1__00016.wav,lsp-sine,2,3,3,1,13.292365801948186,17.46073355198249
les_bridge_fing11__d2t4__00014.wav,byod-mxr,les_bridge_fing11,0.007212281,les_neck_pick04__d2t2__00012.wav,lsp-hardclip,2,2,4,2,13.292365801948186,13.55142968534178
les_bridge_fing11__d3t0__00015.wav,byod-mxr,les_bridge_fing11,0.000718832,les_neck_pick12__d3t1__00016.wav,lsp-hardclip,3,3,0,1,17.452308155418716,17.563088337099366
les_bridge_fing11__d3t1__00016.wav,byod-mxr,les_bridge_fing11,0.0020766258,les_neck_pick12__d2t2__00012.wav,lsp-hardclip,3,2,1,2,17.452308155418716,13.55142968534178
les_bridge_fing11__d3t2__00017.wav,byod-mxr,les_bridge_fing11,0.0030418634,les_bridge_pick22__d3t2__00017.wav,lsp-sine,3,3,2,2,17.452308155418716,17.46073355198249
les_bridge_fing11__d3t3__00018.wav,byod-mxr,les_bridge_fing11,0.0018732548,les_neck_pick04__d3t2__00017.wav,lsp-arctan,3,3,3,2,17.452308155418716,17.436825605717576
les_bridge_fing11__d3t4__00019.wav,byod-mxr,les_bridge_fing11,0.007603526,les_neck_pick11__d4t2__00022.wav,lsp-sine,3,4,4,2,17.452308155418716,21.652716208419097
les_bridge_fing11__d4t0__00020.wav,byod-mxr,les_bridge_fing11,0.001468718,les_neck_pick11__d4t0__00020.wav,lsp-sine,4,4,0,0,21.62039317761596,21.652716208419097
les_bridge_fing11__d4t1__00021.wav,byod-mxr,les_bridge_fing11,0.0026932955,les_neck_fing01__d4t0__00020.wav,lsp-sine,4,4,1,0,21.62039317761596,21.652716208419097
les_bridge_fing11__d4t2__00022.wav,byod-mxr,les_bridge_fing11,0.0030606985,les_neck_fing01__d4t1__00021.wav,lsp-arctan,4,4,2,1,21.62039317761596,21.613326710488973
les_bridge_fing11__d4t3__00023.wav,byod-mxr,les_bridge_fing11,0.0056642294,les_bridge_fing24__d4t4__00024.wav,pedalboard-tanh,4,4,3,4,21.62039317761596,21.61638024087312
les_bridge_fing11__d4t4__00024.wav,byod-mxr,les_bridge_fing11,0.0055021048,les_bridge_pick17__d5t2__00027.wav,lsp-sine,4,5,4,2,21.62039317761596,25.7855895742644
les_bridge_fing11__d5t0__00025.wav,byod-mxr,les_bridge_fing11,0.0016596913,les_bridge_fing24__d5t0__00025.wav,lsp-arctan,5,5,0,0,25.779078975465445,25.788497067568912
les_bridge_fing11__d5t1__00026.wav,byod-mxr,les_bridge_fing11,0.0038300753,les_bridge_fing17__d5t0__00025.wav,lsp-arctan,5,5,1,0,25.779078975465445,25.788497067568912
les_bridge_fing11__d5t2__00027.wav,byod-mxr,les_bridge_fing11,0.0033788085,les_neck_pick12__d5t3__00028.wav,lsp-arctan,5,5,2,3,25.779078975465445,25.788497067568912
les_bridge_fing11__d5t3__00028.wav,byod-mxr,les_bridge_fing11,0.0039830804,les_neck_fing01__d5t2__00027.wav,lsp-arctan,5,5,3,2,25.779078975465445,25.788497067568912
les_bridge_fing11__d5t4__00029.wav,byod-mxr,les_bridge_fing11,0.0033031702,les_bridge_pick25__d5t4__00029.wav,lsp-tanh,5,5,4,4,25.779078975465445,25.766463780707188
les_bridge_fing11__d6t0__00030.wav,byod-mxr,les_bridge_fing11,0.001665473,les_bridge_fing24__d6t0__00030.wav,lsp-arctan,6,6,0,0,29.91150927100104,29.91872954355242
les_bridge_fing11__d6t1__00031.wav,byod-mxr,les_bridge_fing11,0.0031118393,les_neck_pick12__d5t3__00028.wav,lsp-hardclip,6,5,1,3,29.91150927100104,25.79865436059077
les_bridge_fing11__d6t2__00032.wav,byod-mxr,les_bridge_fing11,0.0032673478,les_neck_pick04__d6t2__00032.wav,lsp-hardclip,6,6,2,2,29.91150927100104,29.908667593492765
les_bridge_fing11__d6t3__00033.wav,byod-mxr,les_bridge_fing11,0.0035281777,les_neck_pick02__d6t3__00033.wav,lsp-hardclip,6,6,3,3,29.91150927100104,29.908667593492765
les_bridge_fing11__d6t4__00034.wav,byod-mxr,les_bridge_fing11,0.0022355914,les_neck_pick09__d6t4__00034.wav,lsp-sine,6,6,4,4,29.91150927100104,29.915327656251563
les_bridge_fing11__d7t0__00035.wav,byod-mxr,les_bridge_fing11,0.0016335845,les_bridge_fing24__d7t0__00035.wav,lsp-arctan,7,7,0,0,34.08156088036171,34.09435618625095
les_bridge_fing11__d7t1__00036.wav,byod-mxr,les_bridge_fing11,0.0018770099,les_bridge_fing24__d7t1__00036.wav,lsp-arctan,7,7,1,1,34.08156088036171,34.09435618625095
les_bridge_fing11__d7t2__00037.wav,byod-mxr,les_bridge_fing11,0.0035370588,les_bridge_fing24__d7t2__00037.wav,lsp-tanh,7,7,2,2,34.08156088036171,34.0729352593394
les_bridge_fing11__d7t3__00038.wav,byod-mxr,les_bridge_fing11,0.00093871355,les_bridge_fing24__d7t3__00038.wav,lsp-tanh,7,7,3,3,34.08156088036171,34.0729352593394
les_bridge_fing11__d7t4__00039.wav,byod-mxr,les_bridge_fing11,0.0010597706,les_bridge_fing24__d7t4__00039.wav,lsp-tanh,7,7,4,4,34.08156088036171,34.0729352593394
les_bridge_fing16__d0t0__00000.wav,byod-mxr,les_bridge_fing16,0.0015652776,les_bridge_pick17__d1t1__00006.wav,pedalboard-tanh,0,1,0,1,5.0,9.146047429418331
les_bridge_fing16__d0t1__00001.wav,byod-mxr,les_bridge_fing16,0.00060230494,les_bridge_pick25__d0t3__00003.wav,lsp-tanh,0,0,1,3,5.0,5.0
les_bridge_fing16__d0t2__00002.wav,byod-mxr,les_bridge_fing16,0.0056484938,les_bridge_pick17__d1t3__00008.wav,lsp-hardclip,0,1,2,3,5.0,9.35456396552498
les_bridge_fing16__d0t3__00003.wav,byod-mxr,les_bridge_fing16,0.003235817,les_neck_pick21__d1t3__00008.wav,lsp-sine,0,1,3,3,5.0,9.202349861352678
les_bridge_fing16__d0t4__00004.wav,byod-mxr,les_bridge_fing16,0.004912257,les_neck_pick21__d0t4__00004.wav,lsp-tanh,0,0,4,4,5.0,5.0
les_bridge_fing16__d1t0__00005.wav,byod-mxr,les_bridge_fing16,0.0045339465,les_neck_pick12__d0t4__00004.wav,pedalboard-tanh,1,0,0,4,9.107670514338215,5.0
les_bridge_fing16__d1t1__00006.wav,byod-mxr,les_bridge_fing16,0.0011031628,les_bridge_pick25__d1t3__00008.wav,pedalboard-tanh,1,1,1,3,9.107670514338215,9.146047429418331
les_bridge_fing16__d1t2__00007.wav,byod-mxr,les_bridge_fing16,0.006421566,les_bridge_pick17__d1t3__00008.wav,lsp-hardclip,1,1,2,3,9.107670514338215,9.35456396552498
les_bridge_fing16__d1t3__00008.wav,byod-mxr,les_bridge_fing16,0.0041152835,les_neck_pick21__d2t3__00013.wav,lsp-arctan,1,2,3,3,9.107670514338215,13.270071970821393
les_bridge_fing16__d1t4__00009.wav,byod-mxr,les_bridge_fing16,0.0065352917,les_neck_pick21__d0t4__00004.wav,lsp-tanh,1,0,4,4,9.107670514338215,5.0
les_bridge_fing16__d2t0__00010.wav,byod-mxr,les_bridge_fing16,0.0018734932,les_neck_pick12__d0t4__00004.wav,lsp-tanh,2,0,0,4,13.292365801948186,5.0
les_bridge_fing16__d2t1__00011.wav,byod-mxr,les_bridge_fing16,0.0014630556,les_bridge_fing24__d2t3__00013.wav,lsp-tanh,2,2,1,3,13.292365801948186,13.297259315581634
les_bridge_fing16__d2t2__00012.wav,byod-mxr,les_bridge_fing16,0.0017334223,les_bridge_fing17__d0t3__00003.wav,lsp-hardclip,2,0,2,3,13.292365801948186,5.063331073032135
les_bridge_fing16__d2t3__00013.wav,byod-mxr,les_bridge_fing16,0.0013214946,les_bridge_fing17__d0t4__00004.wav,lsp-hardclip,2,0,3,4,13.292365801948186,5.063331073032135
les_bridge_fing16__d2t4__00014.wav,byod-mxr,les_bridge_fing16,0.0026493073,les_neck_pick05__d0t4__00004.wav,lsp-arctan,2,0,4,4,13.292365801948186,5.005872107125804
les_bridge_fing16__d3t0__00015.wav,byod-mxr,les_bridge_fing16,0.0029323697,les_neck_fing01__d2t1__00011.wav,pedalboard-tanh,3,2,0,1,17.452308155418716,13.296816138037473
les_bridge_fing16__d3t1__00016.wav,byod-mxr,les_bridge_fing16,0.0036330223,les_neck_pick02__d2t2__00012.wav,lsp-tanh,3,2,1,2,17.452308155418716,13.297259315581634
les_bridge_fing16__d3t2__00017.wav,byod-mxr,les_bridge_fing16,0.0022581816,les_bridge_fing17__d1t3__00008.wav,lsp-hardclip,3,1,2,3,17.452308155418716,9.35456396552498
les_bridge_fing16__d3t3__00018.wav,byod-mxr,les_bridge_fing16,0.002964437,les_bridge_fing17__d2t4__00014.wav,lsp-tanh,3,2,3,4,17.452308155418716,13.297259315581634
les_bridge_fing16__d3t4__00019.wav,byod-mxr,les_bridge_fing16,0.0041922927,les_neck_pick21__d2t4__00014.wav,lsp-hardclip,3,2,4,4,17.452308155418716,13.55142968534178
les_bridge_fing16__d4t0__00020.wav,byod-mxr,les_bridge_fing16,0.003546238,les_bridge_fing17__d4t1__00021.wav,lsp-hardclip,4,4,0,1,21.62039317761596,21.54643860361127
les_bridge_fing16__d4t1__00021.wav,byod-mxr,les_bridge_fing16,0.005509019,les_neck_pick05__d2t2__00012.wav,lsp-hardclip,4,2,1,2,21.62039317761596,13.55142968534178
les_bridge_fing16__d4t2__00022.wav,byod-mxr,les_bridge_fing16,0.009401023,les_neck_fing01__d2t3__00013.wav,lsp-hardclip,4,2,2,3,21.62039317761596,13.55142968534178
les_bridge_fing16__d4t3__00023.wav,byod-mxr,les_bridge_fing16,0.0051386356,les_neck_fing01__d2t4__00014.wav,lsp-hardclip,4,2,3,4,21.62039317761596,13.55142968534178
les_bridge_fing16__d4t4__00024.wav,byod-mxr,les_bridge_fing16,0.004567027,les_neck_pick21__d3t4__00019.wav,lsp-hardclip,4,3,4,4,21.62039317761596,17.563088337099366
les_bridge_fing16__d5t0__00025.wav,byod-mxr,les_bridge_fing16,0.01061976,les_neck_pick04__d3t2__00017.wav,lsp-hardclip,5,3,0,2,25.779078975465445,17.563088337099366
les_bridge_fing16__d5t1__00026.wav,byod-mxr,les_bridge_fing16,0.0070819855,les_neck_pick04__d3t3__00018.wav,lsp-hardclip,5,3,1,3,25.779078975465445,17.563088337099366
les_bridge_fing16__d5t2__00027.wav,byod-mxr,les_bridge_fing16,0.003138125,les_bridge_fing17__d4t4__00024.wav,lsp-sine,5,4,2,4,25.779078975465445,21.652716208419097
les_bridge_fing16__d5t3__00028.wav,byod-mxr,les_bridge_fing16,0.0041084886,les_neck_pick14__d5t3__00028.wav,lsp-hardclip,5,5,3,3,25.779078975465445,25.79865436059077
les_bridge_fing16__d5t4__00029.wav,byod-mxr,les_bridge_fing16,0.0040032864,les_neck_pick21__d5t4__00029.wav,pedalboard-tanh,5,5,4,4,25.779078975465445,25.782351420955937
les_bridge_fing16__d6t0__00030.wav,byod-mxr,les_bridge_fing16,0.007915497,les_bridge_pick16__d5t2__00027.wav,lsp-sine,6,5,0,2,29.91150927100104,25.7855895742644
les_bridge_fing16__d6t1__00031.wav,byod-mxr,les_bridge_fing16,0.004378557,les_bridge_pick17__d5t3__00028.wav,lsp-hardclip,6,5,1,3,29.91150927100104,25.79865436059077
les_bridge_fing16__d6t2__00032.wav,byod-mxr,les_bridge_fing16,0.0014656782,les_neck_pick02__d5t4__00029.wav,pedalboard-tanh,6,5,2,4,29.91150927100104,25.782351420955937
les_bridge_fing16__d6t3__00033.wav,byod-mxr,les_bridge_fing16,0.0020170212,les_neck_pick21__d5t4__00029.wav,lsp-arctan,6,5,3,4,29.91150927100104,25.788497067568912
les_bridge_fing16__d6t4__00034.wav,byod-mxr,les_bridge_fing16,0.0023979545,les_neck_pick21__d6t4__00034.wav,lsp-sine,6,6,4,4,29.91150927100104,29.915327656251563
les_bridge_fing16__d7t0__00035.wav,byod-mxr,les_bridge_fing16,0.0077192187,les_neck_pick21__d7t1__00036.wav,lsp-hardclip,7,7,0,1,34.08156088036171,34.07942205160116
les_bridge_fing16__d7t1__00036.wav,byod-mxr,les_bridge_fing16,0.0051110983,les_bridge_pick16__d6t3__00033.wav,lsp-sine,7,6,1,3,34.08156088036171,29.915327656251563
les_bridge_fing16__d7t2__00037.wav,byod-mxr,les_bridge_fing16,0.0013591647,les_neck_pick04__d7t3__00038.wav,lsp-hardclip,7,7,2,3,34.08156088036171,34.07942205160116
les_bridge_fing16__d7t3__00038.wav,byod-mxr,les_bridge_fing16,0.0019484162,les_neck_fing15__d7t3__00038.wav,lsp-hardclip,7,7,3,3,34.08156088036171,34.07942205160116
les_bridge_fing16__d7t4__00039.wav,byod-mxr,les_bridge_fing16,0.0015118718,les_neck_fing01__d7t4__00039.wav,lsp-sine,7,7,4,4,34.08156088036171,34.094517939627885
les_bridge_fing18__d0t0__00000.wav,byod-mxr,les_bridge_fing18,0.0015041232,les_bridge_pick25__d2t0__00010.wav,lsp-arctan,0,2,0,0,5.0,13.270071970821393
les_bridge_fing18__d0t1__00001.wav,byod-mxr,les_bridge_fing18,0.0012825727,les_neck_pick12__d1t2__00007.wav,lsp-arctan,0,1,1,2,5.0,9.170316408518453
les_bridge_fing18__d0t2__00002.wav,byod-mxr,les_bridge_fing18,0.001240313,les_bridge_pick22__d0t2__00002.wav,lsp-hardclip,0,0,2,2,5.0,5.063331073032135
les_bridge_fing18__d0t3__00003.wav,byod-mxr,les_bridge_fing18,0.0012359619,les_bridge_fing17__d2t1__00011.wav,lsp-tanh,0,2,3,1,5.0,13.297259315581634
les_bridge_fing18__d0t4__00004.wav,byod-mxr,les_bridge_fing18,0.003234744,les_neck_pick02__d2t2__00012.wav,pedalboard-tanh,0,2,4,2,5.0,13.296816138037473
les_bridge_fing18__d1t0__00005.wav,byod-mxr,les_bridge_fing18,0.0010451078,les_neck_pick12__d0t1__00001.wav,lsp-hardclip,1,0,0,1,9.107670514338215,5.063331073032135
les_bridge_fing18__d1t1__00006.wav,byod-mxr,les_bridge_fing18,0.00255692,les_neck_pick05__d3t0__00015.wav,lsp-hardclip,1,3,1,0,9.107670514338215,17.563088337099366
les_bridge_fing18__d1t2__00007.wav,byod-mxr,les_bridge_fing18,0.0014230013,les_bridge_pick22__d2t2__00012.wav,lsp-hardclip,1,2,2,2,9.107670514338215,13.55142968534178
les_bridge_fing18__d1t3__00008.wav,byod-mxr,les_bridge_fing18,0.0017103553,les_bridge_pick22__d2t3__00013.wav,lsp-tanh,1,2,3,3,9.107670514338215,13.297259315581634
les_bridge_fing18__d1t4__00009.wav,byod-mxr,les_bridge_fing18,0.0039722323,les_bridge_fing20__d2t3__00013.wav,lsp-arctan,1,2,4,3,9.107670514338215,13.270071970821393
les_bridge_fing18__d2t0__00010.wav,byod-mxr,les_bridge_fing18,0.0021352172,les_neck_pick12__d3t1__00016.wav,lsp-hardclip,2,3,0,1,13.292365801948186,17.563088337099366
les_bridge_fing18__d2t1__00011.wav,byod-mxr,les_bridge_fing18,0.001393199,les_neck_pick12__d1t2__00007.wav,lsp-hardclip,2,1,1,2,13.292365801948186,9.35456396552498
les_bridge_fing18__d2t2__00012.wav,byod-mxr,les_bridge_fing18,0.0029854178,les_bridge_pick16__d3t2__00017.wav,lsp-tanh,2,3,2,2,13.292365801948186,17.426284440144894
les_bridge_fing18__d2t3__00013.wav,byod-mxr,les_bridge_fing18,0.0049934387,les_neck_pick05__d3t1__00016.wav,lsp-hardclip,2,3,3,1,13.292365801948186,17.563088337099366
les_bridge_fing18__d2t4__00014.wav,byod-mxr,les_bridge_fing18,0.00824219,les_bridge_pick22__d3t3__00018.wav,lsp-hardclip,2,3,4,3,13.292365801948186,17.563088337099366
les_bridge_fing18__d3t0__00015.wav,byod-mxr,les_bridge_fing18,0.001142621,les_bridge_pick25__d4t0__00020.wav,lsp-hardclip,3,4,0,0,17.452308155418716,21.54643860361127
les_bridge_fing18__d3t1__00016.wav,byod-mxr,les_bridge_fing18,0.0031747818,les_bridge_pick17__d4t0__00020.wav,lsp-sine,3,4,1,0,17.452308155418716,21.652716208419097
les_bridge_fing18__d3t2__00017.wav,byod-mxr,les_bridge_fing18,0.0055963993,les_neck_pick12__d2t4__00014.wav,lsp-hardclip,3,2,2,4,17.452308155418716,13.55142968534178
les_bridge_fing18__d3t3__00018.wav,byod-mxr,les_bridge_fing18,0.00698328,les_neck_pick04__d3t2__00017.wav,lsp-hardclip,3,3,3,2,17.452308155418716,17.563088337099366
les_bridge_fing18__d3t4__00019.wav,byod-mxr,les_bridge_fing18,0.013741195,les_bridge_fing21__d3t4__00019.wav,lsp-hardclip,3,3,4,4,17.452308155418716,17.563088337099366
les_bridge_fing18__d4t0__00020.wav,byod-mxr,les_bridge_fing18,0.0052126646,les_bridge_fing24__d5t0__00025.wav,lsp-arctan,4,5,0,0,21.62039317761596,25.788497067568912
les_bridge_fing18__d4t1__00021.wav,byod-mxr,les_bridge_fing18,0.0064795613,les_bridge_fing24__d5t1__00026.wav,lsp-hardclip,4,5,1,1,21.62039317761596,25.79865436059077
les_bridge_fing18__d4t2__00022.wav,byod-mxr,les_bridge_fing18,0.0061455965,les_neck_pick14__d5t0__00025.wav,lsp-sine,4,5,2,0,21.62039317761596,25.7855895742644
les_bridge_fing18__d4t3__00023.wav,byod-mxr,les_bridge_fing18,0.016755283,les_neck_fing15__d6t1__00031.wav,lsp-hardclip,4,6,3,1,21.62039317761596,29.908667593492765
les_bridge_fing18__d4t4__00024.wav,byod-mxr,les_bridge_fing18,0.016154528,les_bridge_pick22__d4t4__00024.wav,lsp-hardclip,4,4,4,4,21.62039317761596,21.54643860361127
les_bridge_fing18__d5t0__00025.wav,byod-mxr,les_bridge_fing18,0.0025383234,les_bridge_pick25__d5t0__00025.wav,lsp-tanh,5,5,0,0,25.779078975465445,25.766463780707188
les_bridge_fing18__d5t1__00026.wav,byod-mxr,les_bridge_fing18,0.0081909895,les_bridge_fing20__d5t0__00025.wav,pedalboard-tanh,5,5,1,0,25.779078975465445,25.782351420955937
les_bridge_fing18__d5t2__00027.wav,byod-mxr,les_bridge_fing18,0.0026856065,les_bridge_fing20__d5t1__00026.wav,lsp-arctan,5,5,2,1,25.779078975465445,25.788497067568912
les_bridge_fing18__d5t3__00028.wav,byod-mxr,les_bridge_fing18,0.006996155,les_bridge_pick22__d5t3__00028.wav,lsp-hardclip,5,5,3,3,25.779078975465445,25.79865436059077
les_bridge_fing18__d5t4__00029.wav,byod-mxr,les_bridge_fing18,0.0066126585,les_neck_pick11__d6t3__00033.wav,lsp-sine,5,6,4,3,25.779078975465445,29.915327656251563
les_bridge_fing18__d6t0__00030.wav,byod-mxr,les_bridge_fing18,0.0040498376,les_neck_pick05__d6t0__00030.wav,lsp-tanh,6,6,0,0,29.91150927100104,29.89601395521624
les_bridge_fing18__d6t1__00031.wav,byod-mxr,les_bridge_fing18,0.004975915,les_neck_pick09__d6t1__00031.wav,lsp-sine,6,6,1,1,29.91150927100104,29.915327656251563
les_bridge_fing18__d6t2__00032.wav,byod-mxr,les_bridge_fing18,0.00619328,les_bridge_pick17__d6t2__00032.wav,lsp-hardclip,6,6,2,2,29.91150927100104,29.908667593492765
les_bridge_fing18__d6t3__00033.wav,byod-mxr,les_bridge_fing18,0.0034153461,les_neck_fing01__d6t3__00033.wav,lsp-hardclip,6,6,3,3,29.91150927100104,29.908667593492765
les_bridge_fing18__d6t4__00034.wav,byod-mxr,les_bridge_fing18,0.0016604066,les_bridge_fing20__d7t2__00037.wav,lsp-hardclip,6,7,4,2,29.91150927100104,34.07942205160116
les_bridge_fing18__d7t0__00035.wav,byod-mxr,les_bridge_fing18,0.0061411858,les_bridge_pick22__d7t1__00036.wav,lsp-hardclip,7,7,0,1,34.08156088036171,34.07942205160116
les_bridge_fing18__d7t1__00036.wav,byod-mxr,les_bridge_fing18,0.0035822988,les_bridge_pick17__d7t1__00036.wav,lsp-hardclip,7,7,1,1,34.08156088036171,34.07942205160116
les_bridge_fing18__d7t2__00037.wav,byod-mxr,les_bridge_fing18,0.0057287216,les_bridge_fing21__d6t4__00034.wav,lsp-arctan,7,6,2,4,34.08156088036171,29.91872954355242
les_bridge_fing18__d7t3__00038.wav,byod-mxr,les_bridge_fing18,0.0015799403,les_bridge_fing20__d7t2__00037.wav,lsp-arctan,7,7,3,2,34.08156088036171,34.09435618625095
les_bridge_fing18__d7t4__00039.wav,byod-mxr,les_bridge_fing18,0.0010480285,les_neck_pick21__d7t4__00039.wav,lsp-arctan,7,7,4,4,34.08156088036171,34.09435618625095
les_bridge_fing23__d0t0__00000.wav,byod-mxr,les_bridge_fing23,0.00036472082,les_bridge_fing24__d0t2__00002.wav,lsp-tanh,0,0,0,2,5.0,5.0
les_bridge_fing23__d0t1__00001.wav,byod-mxr,les_bridge_fing23,0.0014787912,les_neck_pick02__d0t2__00002.wav,pedalboard-tanh,0,0,1,2,5.0,5.0
les_bridge_fing23__d0t2__00002.wav,byod-mxr,les_bridge_fing23,0.0016192198,les_bridge_pick17__d0t4__00004.wav,lsp-sine,0,0,2,4,5.0,5.041347474059023
les_bridge_fing23__d0t3__00003.wav,byod-mxr,les_bridge_fing23,0.0036341548,les_neck_pick21__d0t3__00003.wav,pedalboard-tanh,0,0,3,3,5.0,5.0
les_bridge_fing23__d0t4__00004.wav,byod-mxr,les_bridge_fing23,0.0014404058,les_neck_pick14__d1t3__00008.wav,lsp-sine,0,1,4,3,5.0,9.202349861352678
les_bridge_fing23__d1t0__00005.wav,byod-mxr,les_bridge_fing23,0.0005866885,les_bridge_fing24__d1t2__00007.wav,pedalboard-tanh,1,1,0,2,9.107670514338215,9.146047429418331
les_bridge_fing23__d1t1__00006.wav,byod-mxr,les_bridge_fing23,0.0022690892,les_neck_pick02__d1t2__00007.wav,pedalboard-tanh,1,1,1,2,9.107670514338215,9.146047429418331
les_bridge_fing23__d1t2__00007.wav,byod-mxr,les_bridge_fing23,0.0036919117,les_bridge_pick17__d1t4__00009.wav,lsp-tanh,1,1,2,4,9.107670514338215,9.088421535688989
les_bridge_fing23__d1t3__00008.wav,byod-mxr,les_bridge_fing23,0.004330218,les_neck_pick21__d1t3__00008.wav,pedalboard-tanh,1,1,3,3,9.107670514338215,9.146047429418331
les_bridge_fing23__d1t4__00009.wav,byod-mxr,les_bridge_fing23,0.0031396747,les_neck_pick14__d2t3__00013.wav,pedalboard-tanh,1,2,4,3,9.107670514338215,13.296816138037473
les_bridge_fing23__d2t0__00010.wav,byod-mxr,les_bridge_fing23,0.0010427237,les_bridge_pick22__d0t3__00003.wav,lsp-sine,2,0,0,3,13.292365801948186,5.041347474059023
les_bridge_fing23__d2t1__00011.wav,byod-mxr,les_bridge_fing23,0.0038437247,les_bridge_pick25__d1t4__00009.wav,lsp-hardclip,2,1,1,4,13.292365801948186,9.35456396552498
les_bridge_fing23__d2t2__00012.wav,byod-mxr,les_bridge_fing23,0.0040777326,les_bridge_pick17__d2t4__00014.wav,pedalboard-tanh,2,2,2,4,13.292365801948186,13.296816138037473
les_bridge_fing23__d2t3__00013.wav,byod-mxr,les_bridge_fing23,0.0025728345,les_bridge_fing17__d0t4__00004.wav,lsp-hardclip,2,0,3,4,13.292365801948186,5.063331073032135
les_bridge_fing23__d2t4__00014.wav,byod-mxr,les_bridge_fing23,0.0048403144,les_neck_pick05__d0t4__00004.wav,lsp-arctan,2,0,4,4,13.292365801948186,5.005872107125804
les_bridge_fing23__d3t0__00015.wav,byod-mxr,les_bridge_fing23,0.0016142726,les_neck_fing15__d4t1__00021.wav,lsp-arctan,3,4,0,1,17.452308155418716,21.613326710488973
les_bridge_fing23__d3t1__00016.wav,byod-mxr,les_bridge_fing23,0.0022961497,les_bridge_fing17__d2t2__00012.wav,lsp-hardclip,3,2,1,2,17.452308155418716,13.55142968534178
les_bridge_fing23__d3t2__00017.wav,byod-mxr,les_bridge_fing23,0.0031481981,les_neck_pick09__d3t3__00018.wav,lsp-hardclip,3,3,2,3,17.452308155418716,17.563088337099366
les_bridge_fing23__d3t3__00018.wav,byod-mxr,les_bridge_fing23,0.0027917027,les_neck_pick21__d3t3__00018.wav,lsp-arctan,3,3,3,3,17.452308155418716,17.436825605717576
les_bridge_fing23__d3t4__00019.wav,byod-mxr,les_bridge_fing23,0.0044794083,les_neck_pick21__d3t4__00019.wav,lsp-arctan,3,3,4,4,17.452308155418716,17.436825605717576
les_bridge_fing23__d4t0__00020.wav,byod-mxr,les_bridge_fing23,0.0043432713,les_bridge_fing20__d3t2__00017.wav,lsp-hardclip,4,3,0,2,21.62039317761596,17.563088337099366
les_bridge_fing23__d4t1__00021.wav,byod-mxr,les_bridge_fing23,0.0035927296,les_neck_pick05__d3t2__00017.wav,lsp-hardclip,4,3,1,2,21.62039317761596,17.563088337099366
les_bridge_fing23__d4t2__00022.wav,byod-mxr,les_bridge_fing23,0.0030623674,les_neck_pick05__d3t3__00018.wav,lsp-hardclip,4,3,2,3,21.62039317761596,17.563088337099366
les_bridge_fing23__d4t3__00023.wav,byod-mxr,les_bridge_fing23,0.0027267337,les_neck_pick21__d4t3__00023.wav,lsp-arctan,4,4,3,3,21.62039317761596,21.613326710488973
les_bridge_fing23__d4t4__00024.wav,byod-mxr,les_bridge_fing23,0.002893269,les_neck_pick14__d5t3__00028.wav,lsp-hardclip,4,5,4,3,21.62039317761596,25.79865436059077
les_bridge_fing23__d5t0__00025.wav,byod-mxr,les_bridge_fing23,0.006805122,les_neck_pick07__d4t4__00024.wav,lsp-sine,5,4,0,4,25.779078975465445,21.652716208419097
les_bridge_fing23__d5t1__00026.wav,byod-mxr,les_bridge_fing23,0.0058944225,les_bridge_pick16__d4t3__00023.wav,lsp-sine,5,4,1,3,25.779078975465445,21.652716208419097
les_bridge_fing23__d5t2__00027.wav,byod-mxr,les_bridge_fing23,0.0019264221,les_bridge_pick17__d4t4__00024.wav,lsp-tanh,5,4,2,4,25.779078975465445,21.61115826291455
les_bridge_fing23__d5t3__00028.wav,byod-mxr,les_bridge_fing23,0.0040151477,les_neck_fing15__d5t4__00029.wav,lsp-sine,5,5,3,4,25.779078975465445,25.7855895742644
les_bridge_fing23__d5t4__00029.wav,byod-mxr,les_bridge_fing23,0.0020003915,les_neck_fing15__d5t4__00029.wav,lsp-arctan,5,5,4,4,25.779078975465445,25.788497067568912
les_bridge_fing23__d6t0__00030.wav,byod-mxr,les_bridge_fing23,0.010463655,les_neck_pick05__d6t1__00031.wav,lsp-sine,6,6,0,1,29.91150927100104,29.915327656251563
les_bridge_fing23__d6t1__00031.wav,byod-mxr,les_bridge_fing23,0.0059007406,les_neck_pick05__d6t2__00032.wav,lsp-hardclip,6,6,1,2,29.91150927100104,29.908667593492765
les_bridge_fing23__d6t2__00032.wav,byod-mxr,les_bridge_fing23,0.004632294,les_neck_pick05__d6t3__00033.wav,lsp-hardclip,6,6,2,3,29.91150927100104,29.908667593492765
les_bridge_fing23__d6t3__00033.wav,byod-mxr,les_bridge_fing23,0.0024067163,les_bridge_fing17__d6t4__00034.wav,lsp-sine,6,6,3,4,29.91150927100104,29.915327656251563
les_bridge_fing23__d6t4__00034.wav,byod-mxr,les_bridge_fing23,0.0020483732,les_neck_fing15__d7t3__00038.wav,lsp-hardclip,6,7,4,3,29.91150927100104,34.07942205160116
les_bridge_fing23__d7t0__00035.wav,byod-mxr,les_bridge_fing23,0.0075110793,les_bridge_pick17__d7t1__00036.wav,lsp-arctan,7,7,0,1,34.08156088036171,34.09435618625095
les_bridge_fing23__d7t1__00036.wav,byod-mxr,les_bridge_fing23,0.0039198995,les_neck_pick11__d6t3__00033.wav,lsp-arctan,7,6,1,3,34.08156088036171,29.91872954355242
les_bridge_fing23__d7t2__00037.wav,byod-mxr,les_bridge_fing23,0.0015982985,les_neck_pick05__d6t4__00034.wav,lsp-arctan,7,6,2,4,34.08156088036171,29.91872954355242
les_bridge_fing23__d7t3__00038.wav,byod-mxr,les_bridge_fing23,0.0010457635,les_neck_pick14__d7t3__00038.wav,lsp-tanh,7,7,3,3,34.08156088036171,34.0729352593394
les_bridge_fing23__d7t4__00039.wav,byod-mxr,les_bridge_fing23,0.0016777515,les_bridge_fing20__d7t4__00039.wav,lsp-tanh,7,7,4,4,34.08156088036171,34.0729352593394
les_bridge_pick04__d0t0__00000.wav,byod-mxr,les_bridge_pick04,0.0028848648,les_bridge_fing24__d1t3__00008.wav,lsp-sine,0,1,0,3,5.0,9.202349861352678
les_bridge_pick04__d0t1__00001.wav,byod-mxr,les_bridge_pick04,0.006511748,les_bridge_pick17__d1t3__00008.wav,lsp-hardclip,0,1,1,3,5.0,9.35456396552498
les_bridge_pick04__d0t2__00002.wav,byod-mxr,les_bridge_pick04,0.006252229,les_bridge_pick17__d0t4__00004.wav,lsp-hardclip,0,0,2,4,5.0,5.063331073032135
les_bridge_pick04__d0t3__00003.wav,byod-mxr,les_bridge_pick04,0.0046681166,les_neck_pick14__d1t3__00008.wav,lsp-arctan,0,1,3,3,5.0,9.170316408518453
les_bridge_pick04__d0t4__00004.wav,byod-mxr,les_bridge_pick04,0.0038850904,les_neck_pick21__d0t4__00004.wav,lsp-tanh,0,0,4,4,5.0,5.0
les_bridge_pick04__d1t0__00005.wav,byod-mxr,les_bridge_pick04,0.0029373765,les_bridge_pick25__d1t4__00009.wav,pedalboard-tanh,1,1,0,4,9.107670514338215,9.146047429418331
les_bridge_pick04__d1t1__00006.wav,byod-mxr,les_bridge_pick04,0.0040344,les_bridge_pick17__d1t4__00009.wav,lsp-arctan,1,1,1,4,9.107670514338215,9.170316408518453
les_bridge_pick04__d1t2__00007.wav,byod-mxr,les_bridge_pick04,0.007358253,les_neck_pick21__d1t3__00008.wav,lsp-sine,1,1,2,3,9.107670514338215,9.202349861352678
les_bridge_pick04__d1t3__00008.wav,byod-mxr,les_bridge_pick04,0.0021700263,les_neck_pick14__d2t3__00013.wav,lsp-sine,1,2,3,3,9.107670514338215,13.251366385956809
les_bridge_pick04__d1t4__00009.wav,byod-mxr,les_bridge_pick04,0.002374947,les_neck_pick21__d0t4__00004.wav,lsp-hardclip,1,0,4,4,9.107670514338215,5.063331073032135
les_bridge_pick04__d2t0__00010.wav,byod-mxr,les_bridge_pick04,0.0033516288,les_bridge_fing17__d1t2__00007.wav,lsp-hardclip,2,1,0,2,13.292365801948186,9.35456396552498
les_bridge_pick04__d2t1__00011.wav,byod-mxr,les_bridge_pick04,0.0028551817,les_bridge_fing17__d0t3__00003.wav,lsp-hardclip,2,0,1,3,13.292365801948186,5.063331073032135
les_bridge_pick04__d2t2__00012.wav,byod-mxr,les_bridge_pick04,0.0024194717,les_bridge_fing17__d0t4__00004.wav,lsp-hardclip,2,0,2,4,13.292365801948186,5.063331073032135
les_bridge_pick04__d2t3__00013.wav,byod-mxr,les_bridge_pick04,0.0051271915,les_neck_pick05__d0t4__00004.wav,lsp-arctan,2,0,3,4,13.292365801948186,5.005872107125804
les_bridge_pick04__d2t4__00014.wav,byod-mxr,les_bridge_pick04,0.0015741587,les_neck_pick21__d2t4__00014.wav,lsp-sine,2,2,4,4,13.292365801948186,13.251366385956809
les_bridge_pick04__d3t0__00015.wav,byod-mxr,les_bridge_pick04,0.0023227334,les_neck_pick04__d2t3__00013.wav,lsp-tanh,3,2,0,3,17.452308155418716,13.297259315581634
les_bridge_pick04__d3t1__00016.wav,byod-mxr,les_bridge_pick04,0.0028275847,les_bridge_fing17__d2t3__00013.wav,lsp-arctan,3,2,1,3,17.452308155418716,13.270071970821393
les_bridge_pick04__d3t2__00017.wav,byod-mxr,les_bridge_pick04,0.0024197102,les_neck_pick21__d3t3__00018.wav,lsp-arctan,3,3,2,3,17.452308155418716,17.436825605717576
les_bridge_pick04__d3t3__00018.wav,byod-mxr,les_bridge_pick04,0.005443573,les_neck_pick21__d3t4__00019.wav,lsp-arctan,3,3,3,4,17.452308155418716,17.436825605717576
les_bridge_pick04__d3t4__00019.wav,byod-mxr,les_bridge_pick04,0.0035812855,les_neck_pick21__d3t4__00019.wav,lsp-sine,3,3,4,4,17.452308155418716,17.46073355198249
les_bridge_pick04__d4t0__00020.wav,byod-mxr,les_bridge_pick04,0.0028375387,les_bridge_fing20__d3t3__00018.wav,lsp-arctan,4,3,0,3,21.62039317761596,17.436825605717576
les_bridge_pick04__d4t1__00021.wav,byod-mxr,les_bridge_pick04,0.0032449365,les_neck_pick02__d3t3__00018.wav,pedalboard-tanh,4,3,1,3,21.62039317761596,17.454399305827287
les_bridge_pick04__d4t2__00022.wav,byod-mxr,les_bridge_pick04,0.0043706894,les_bridge_fing17__d4t4__00024.wav,lsp-hardclip,4,4,2,4,21.62039317761596,21.54643860361127
les_bridge_pick04__d4t3__00023.wav,byod-mxr,les_bridge_pick04,0.00742954,les_neck_pick21__d3t4__00019.wav,lsp-hardclip,4,3,3,4,21.62039317761596,17.563088337099366
les_bridge_pick04__d4t4__00024.wav,byod-mxr,les_bridge_pick04,0.006665528,les_neck_pick21__d4t4__00024.wav,pedalboard-tanh,4,4,4,4,21.62039317761596,21.61638024087312
les_bridge_pick04__d5t0__00025.wav,byod-mxr,les_bridge_pick04,0.005935669,les_bridge_fing20__d4t3__00023.wav,lsp-hardclip,5,4,0,3,25.779078975465445,21.54643860361127
les_bridge_pick04__d5t1__00026.wav,byod-mxr,les_bridge_pick04,0.0034582615,les_neck_pick05__d4t3__00023.wav,lsp-hardclip,5,4,1,3,25.779078975465445,21.54643860361127
les_bridge_pick04__d5t2__00027.wav,byod-mxr,les_bridge_pick04,0.0045833588,les_neck_pick21__d4t4__00024.wav,lsp-hardclip,5,4,2,4,25.779078975465445,21.54643860361127
les_bridge_pick04__d5t3__00028.wav,byod-mxr,les_bridge_pick04,0.0031560063,les_neck_pick21__d5t4__00029.wav,pedalboard-tanh,5,5,3,4,25.779078975465445,25.782351420955937
les_bridge_pick04__d5t4__00029.wav,byod-mxr,les_bridge_pick04,0.0030346513,les_bridge_fing20__d5t4__00029.wav,pedalboard-tanh,5,5,4,4,25.779078975465445,25.782351420955937
les_bridge_pick04__d6t0__00030.wav,byod-mxr,les_bridge_pick04,0.008865237,les_bridge_pick22__d5t3__00028.wav,lsp-hardclip,6,5,0,3,29.91150927100104,25.79865436059077
les_bridge_pick04__d6t1__00031.wav,byod-mxr,les_bridge_pick04,0.0016139746,les_neck_fing01__d4t4__00024.wav,lsp-arctan,6,4,1,4,29.91150927100104,21.613326710488973
les_bridge_pick04__d6t2__00032.wav,byod-mxr,les_bridge_pick04,0.0030288696,les_neck_pick21__d5t4__00029.wav,lsp-hardclip,6,5,2,4,29.91150927100104,25.79865436059077
les_bridge_pick04__d6t3__00033.wav,byod-mxr,les_bridge_pick04,0.0023348331,les_bridge_fing20__d5t4__00029.wav,lsp-arctan,6,5,3,4,29.91150927100104,25.788497067568912
les_bridge_pick04__d6t4__00034.wav,byod-mxr,les_bridge_pick04,0.0018771291,les_bridge_fing17__d7t3__00038.wav,pedalboard-tanh,6,7,4,3,29.91150927100104,34.075823464139134
les_bridge_pick04__d7t0__00035.wav,byod-mxr,les_bridge_pick04,0.009926438,les_neck_pick05__d6t2__00032.wav,lsp-arctan,7,6,0,2,34.08156088036171,29.91872954355242
les_bridge_pick04__d7t1__00036.wav,byod-mxr,les_bridge_pick04,0.0039777756,les_bridge_fing20__d6t2__00032.wav,lsp-arctan,7,6,1,2,34.08156088036171,29.91872954355242
les_bridge_pick04__d7t2__00037.wav,byod-mxr,les_bridge_pick04,0.002775848,les_bridge_fing17__d7t2__00037.wav,lsp-sine,7,7,2,2,34.08156088036171,34.094517939627885
les_bridge_pick04__d7t3__00038.wav,byod-mxr,les_bridge_pick04,0.0007081628,les_bridge_fing17__d7t3__00038.wav,lsp-arctan,7,7,3,3,34.08156088036171,34.09435618625095
les_bridge_pick04__d7t4__00039.wav,byod-mxr,les_bridge_pick04,0.0010839701,les_bridge_fing20__d7t4__00039.wav,lsp-hardclip,7,7,4,4,34.08156088036171,34.07942205160116
les_bridge_pick09__d0t0__00000.wav,byod-mxr,les_bridge_pick09,0.005878091,les_neck_pick12__d0t1__00001.wav,pedalboard-tanh,0,0,0,1,5.0,5.0
les_bridge_pick09__d0t1__00001.wav,byod-mxr,les_bridge_pick09,0.00087606907,les_neck_pick21__d2t0__00010.wav,lsp-arctan,0,2,1,0,5.0,13.270071970821393
les_bridge_pick09__d0t2__00002.wav,byod-mxr,les_bridge_pick09,0.00032138824,les_neck_pick02__d1t1__00006.wav,pedalboard-tanh,0,1,2,1,5.0,9.146047429418331
les_bridge_pick09__d0t3__00003.wav,byod-mxr,les_bridge_pick09,0.00030577183,les_bridge_fing20__d1t2__00007.wav,lsp-arctan,0,1,3,2,5.0,9.170316408518453
les_bridge_pick09__d0t4__00004.wav,byod-mxr,les_bridge_pick09,0.0009407401,les_bridge_fing24__d1t2__00007.wav,lsp-hardclip,0,1,4,2,5.0,9.35456396552498
les_bridge_pick09__d1t0__00005.wav,byod-mxr,les_bridge_pick09,0.0035344362,les_bridge_pick22__d0t0__00000.wav,lsp-arctan,1,0,0,0,9.107670514338215,5.005872107125804
les_bridge_pick09__d1t1__00006.wav,byod-mxr,les_bridge_pick09,0.00040489435,les_neck_pick05__d0t0__00000.wav,lsp-arctan,1,0,1,0,9.107670514338215,5.005872107125804
les_bridge_pick09__d1t2__00007.wav,byod-mxr,les_bridge_pick09,0.002456665,les_bridge_pick22__d1t2__00007.wav,lsp-sine,1,1,2,2,9.107670514338215,9.202349861352678
les_bridge_pick09__d1t3__00008.wav,byod-mxr,les_bridge_pick09,0.00050371885,les_bridge_fing24__d2t2__00012.wav,lsp-tanh,1,2,3,2,9.107670514338215,13.297259315581634
les_bridge_pick09__d1t4__00009.wav,byod-mxr,les_bridge_pick09,0.00084638596,les_neck_pick04__d1t2__00007.wav,lsp-arctan,1,1,4,2,9.107670514338215,9.170316408518453
les_bridge_pick09__d2t0__00010.wav,byod-mxr,les_bridge_pick09,0.00041103363,les_bridge_pick22__d0t0__00000.wav,pedalboard-tanh,2,0,0,0,13.292365801948186,5.0
les_bridge_pick09__d2t1__00011.wav,byod-mxr,les_bridge_pick09,0.0008870363,les_neck_pick05__d2t0__00010.wav,pedalboard-tanh,2,2,1,0,13.292365801948186,13.296816138037473
les_bridge_pick09__d2t2__00012.wav,byod-mxr,les_bridge_pick09,0.0014902353,les_neck_pick02__d2t1__00011.wav,lsp-sine,2,2,2,1,13.292365801948186,13.251366385956809
les_bridge_pick09__d2t3__00013.wav,byod-mxr,les_bridge_pick09,0.0022477508,les_neck_pick21__d3t1__00016.wav,lsp-tanh,2,3,3,1,13.292365801948186,17.426284440144894
les_bridge_pick09__d2t4__00014.wav,byod-mxr,les_bridge_pick09,0.0032265782,les_bridge_pick17__d3t2__00017.wav,lsp-arctan,2,3,4,2,13.292365801948186,17.436825605717576
les_bridge_pick09__d3t0__00015.wav,byod-mxr,les_bridge_pick09,0.0004902482,les_bridge_pick22__d3t0__00015.wav,lsp-sine,3,3,0,0,17.452308155418716,17.46073355198249
les_bridge_pick09__d3t1__00016.wav,byod-mxr,les_bridge_pick09,0.002820313,les_neck_pick05__d3t0__00015.wav,pedalboard-tanh,3,3,1,0,17.452308155418716,17.454399305827287
les_bridge_pick09__d3t2__00017.wav,byod-mxr,les_bridge_pick09,0.003124535,les_bridge_fing24__d3t2__00017.wav,lsp-sine,3,3,2,2,17.452308155418716,17.46073355198249
les_bridge_pick09__d3t3__00018.wav,byod-mxr,les_bridge_pick09,0.0021477342,les_bridge_pick22__d3t3__00018.wav,lsp-arctan,3,3,3,3,17.452308155418716,17.436825605717576
les_bridge_pick09__d3t4__00019.wav,byod-mxr,les_bridge_pick09,0.005778551,les_bridge_fing20__d4t2__00022.wav,lsp-sine,3,4,4,2,17.452308155418716,21.652716208419097
les_bridge_pick09__d4t0__00020.wav,byod-mxr,les_bridge_pick09,0.0002129674,les_bridge_pick22__d4t0__00020.wav,pedalboard-tanh,4,4,0,0,21.62039317761596,21.61638024087312
les_bridge_pick09__d4t1__00021.wav,byod-mxr,les_bridge_pick09,0.0019984245,les_bridge_pick17__d4t0__00020.wav,pedalboard-tanh,4,4,1,0,21.62039317761596,21.61638024087312
les_bridge_pick09__d4t2__00022.wav,byod-mxr,les_bridge_pick09,0.0046514273,les_bridge_pick22__d4t2__00022.wav,lsp-tanh,4,4,2,2,21.62039317761596,21.61115826291455
les_bridge_pick09__d4t3__00023.wav,byod-mxr,les_bridge_pick09,0.0069539547,les_bridge_fing24__d4t4__00024.wav,lsp-tanh,4,4,3,4,21.62039317761596,21.61115826291455
les_bridge_pick09__d4t4__00024.wav,byod-mxr,les_bridge_pick09,0.004633546,les_bridge_fing21__d5t3__00028.wav,lsp-tanh,4,5,4,3,21.62039317761596,25.766463780707188
les_bridge_pick09__d5t0__00025.wav,byod-mxr,les_bridge_pick09,0.0009699464,les_bridge_pick22__d5t0__00025.wav,lsp-arctan,5,5,0,0,25.779078975465445,25.788497067568912
les_bridge_pick09__d5t1__00026.wav,byod-mxr,les_bridge_pick09,0.0028879642,les_bridge_pick17__d5t0__00025.wav,lsp-arctan,5,5,1,0,25.779078975465445,25.788497067568912
les_bridge_pick09__d5t2__00027.wav,byod-mxr,les_bridge_pick09,0.0025943518,les_bridge_pick22__d5t2__00027.wav,lsp-sine,5,5,2,2,25.779078975465445,25.7855895742644
les_bridge_pick09__d5t3__00028.wav,byod-mxr,les_bridge_pick09,0.0037908554,les_bridge_pick22__d5t3__00028.wav,lsp-sine,5,5,3,3,25.779078975465445,25.7855895742644
les_bridge_pick09__d5t4__00029.wav,byod-mxr,les_bridge_pick09,0.0026761293,les_bridge_fing20__d6t2__00032.wav,lsp-hardclip,5,6,4,2,25.779078975465445,29.908667593492765
les_bridge_pick09__d6t0__00030.wav,byod-mxr,les_bridge_pick09,0.0018395782,les_bridge_pick22__d6t0__00030.wav,lsp-arctan,6,6,0,0,29.91150927100104,29.91872954355242
les_bridge_pick09__d6t1__00031.wav,byod-mxr,les_bridge_pick09,0.0030266643,les_bridge_pick17__d6t0__00030.wav,lsp-tanh,6,6,1,0,29.91150927100104,29.89601395521624
les_bridge_pick09__d6t2__00032.wav,byod-mxr,les_bridge_pick09,0.0040067434,les_neck_fing01__d6t1__00031.wav,lsp-tanh,6,6,2,1,29.91150927100104,29.89601395521624
les_bridge_pick09__d6t3__00033.wav,byod-mxr,les_bridge_pick09,0.0032436848,les_neck_pick04__d7t2__00037.wav,lsp-hardclip,6,7,3,2,29.91150927100104,34.07942205160116
les_bridge_pick09__d6t4__00034.wav,byod-mxr,les_bridge_pick09,0.0040305853,les_neck_pick03__d6t4__00034.wav,lsp-arctan,6,6,4,4,29.91150927100104,29.91872954355242
les_bridge_pick09__d7t0__00035.wav,byod-mxr,les_bridge_pick09,0.0016192794,les_neck_pick09__d7t0__00035.wav,lsp-sine,7,7,0,0,34.08156088036171,34.094517939627885
les_bridge_pick09__d7t1__00036.wav,byod-mxr,les_bridge_pick09,0.0046578646,les_bridge_fing24__d7t1__00036.wav,pedalboard-tanh,7,7,1,1,34.08156088036171,34.075823464139134
les_bridge_pick09__d7t2__00037.wav,byod-mxr,les_bridge_pick09,0.002934575,les_bridge_pick22__d6t3__00033.wav,lsp-hardclip,7,6,2,3,34.08156088036171,29.908667593492765
les_bridge_pick09__d7t3__00038.wav,byod-mxr,les_bridge_pick09,0.0018068552,les_neck_pick09__d6t4__00034.wav,lsp-hardclip,7,6,3,4,34.08156088036171,29.908667593492765
les_bridge_pick09__d7t4__00039.wav,byod-mxr,les_bridge_pick09,0.0010224581,les_bridge_fing24__d7t4__00039.wav,lsp-tanh,7,7,4,4,34.08156088036171,34.0729352593394
les_bridge_pick12__d0t0__00000.wav,byod-mxr,les_bridge_pick12,0.0035629272,les_bridge_fing21__d1t0__00005.wav,lsp-sine,0,1,0,0,5.0,9.202349861352678
les_bridge_pick12__d0t1__00001.wav,byod-mxr,les_bridge_pick12,0.0063410997,les_bridge_pick22__d0t0__00000.wav,lsp-arctan,0,0,1,0,5.0,5.005872107125804
les_bridge_pick12__d0t2__00002.wav,byod-mxr,les_bridge_pick12,0.00011575222,les_bridge_pick22__d0t1__00001.wav,pedalboard-tanh,0,0,2,1,5.0,5.0
les_bridge_pick12__d0t3__00003.wav,byod-mxr,les_bridge_pick12,0.0005004406,les_bridge_pick25__d0t1__00001.wav,lsp-tanh,0,0,3,1,5.0,5.0
les_bridge_pick12__d0t4__00004.wav,byod-mxr,les_bridge_pick12,0.0006529689,les_bridge_pick22__d1t2__00007.wav,pedalboard-tanh,0,1,4,2,5.0,9.146047429418331
les_bridge_pick12__d1t0__00005.wav,byod-mxr,les_bridge_pick12,0.0032980442,les_bridge_fing21__d2t0__00010.wav,lsp-arctan,1,2,0,0,9.107670514338215,13.270071970821393
les_bridge_pick12__d1t1__00006.wav,byod-mxr,les_bridge_pick12,0.0019522309,les_bridge_pick22__d0t0__00000.wav,pedalboard-tanh,1,0,1,0,9.107670514338215,5.0
les_bridge_pick12__d1t2__00007.wav,byod-mxr,les_bridge_pick12,0.00037235022,les_bridge_pick22__d1t1__00006.wav,pedalboard-tanh,1,1,2,1,9.107670514338215,9.146047429418331
les_bridge_pick12__d1t3__00008.wav,byod-mxr,les_bridge_pick12,0.00071305037,les_bridge_pick25__d1t1__00006.wav,lsp-hardclip,1,1,3,1,9.107670514338215,9.35456396552498
les_bridge_pick12__d1t4__00009.wav,byod-mxr,les_bridge_pick12,0.00054836273,les_neck_pick12__d1t3__00008.wav,pedalboard-tanh,1,1,4,3,9.107670514338215,9.146047429418331
les_bridge_pick12__d2t0__00010.wav,byod-mxr,les_bridge_pick12,0.008431196,les_bridge_fing21__d3t0__00015.wav,lsp-arctan,2,3,0,0,13.292365801948186,17.436825605717576
les_bridge_pick12__d2t1__00011.wav,byod-mxr,les_bridge_pick12,0.0004223585,les_bridge_fing21__d0t0__00000.wav,lsp-hardclip,2,0,1,0,13.292365801948186,5.063331073032135
les_bridge_pick12__d2t2__00012.wav,byod-mxr,les_bridge_pick12,0.00030994415,les_bridge_fing20__d3t0__00015.wav,lsp-sine,2,3,2,0,13.292365801948186,17.46073355198249
les_bridge_pick12__d2t3__00013.wav,byod-mxr,les_bridge_pick12,0.0016871691,les_bridge_fing17__d3t0__00015.wav,lsp-sine,2,3,3,0,13.292365801948186,17.46073355198249
les_bridge_pick12__d2t4__00014.wav,byod-mxr,les_bridge_pick12,0.0020625591,les_neck_pick12__d2t3__00013.wav,lsp-tanh,2,2,4,3,13.292365801948186,13.297259315581634
les_bridge_pick12__d3t0__00015.wav,byod-mxr,les_bridge_pick12,0.001138866,les_neck_pick07__d2t0__00010.wav,pedalboard-tanh,3,2,0,0,17.452308155418716,13.296816138037473
les_bridge_pick12__d3t1__00016.wav,byod-mxr,les_bridge_pick12,0.00035446882,les_bridge_pick22__d3t0__00015.wav,lsp-arctan,3,3,1,0,17.452308155418716,17.436825605717576
les_bridge_pick12__d3t2__00017.wav,byod-mxr,les_bridge_pick12,0.00077688694,les_bridge_pick22__d3t1__00016.wav,lsp-sine,3,3,2,1,17.452308155418716,17.46073355198249
les_bridge_pick12__d3t3__00018.wav,byod-mxr,les_bridge_pick12,0.0020538568,les_neck_pick11__d3t1__00016.wav,lsp-sine,3,3,3,1,17.452308155418716,17.46073355198249
les_bridge_pick12__d3t4__00019.wav,byod-mxr,les_bridge_pick12,0.0025224686,les_neck_pick12__d3t4__00019.wav,lsp-sine,3,3,4,4,17.452308155418716,17.46073355198249
les_bridge_pick12__d4t0__00020.wav,byod-mxr,les_bridge_pick12,0.0014967918,les_neck_pick12__d5t0__00025.wav,lsp-hardclip,4,5,0,0,21.62039317761596,25.79865436059077
les_bridge_pick12__d4t1__00021.wav,byod-mxr,les_bridge_pick12,0.001909554,les_bridge_pick25__d4t0__00020.wav,lsp-tanh,4,4,1,0,21.62039317761596,21.61115826291455
les_bridge_pick12__d4t2__00022.wav,byod-mxr,les_bridge_pick12,0.0035655499,les_neck_pick12__d4t2__00022.wav,lsp-tanh,4,4,2,2,21.62039317761596,21.61115826291455
les_bridge_pick12__d4t3__00023.wav,byod-mxr,les_bridge_pick12,0.0032358766,les_bridge_pick22__d4t2__00022.wav,lsp-tanh,4,4,3,2,21.62039317761596,21.61115826291455
les_bridge_pick12__d4t4__00024.wav,byod-mxr,les_bridge_pick12,0.0024737716,les_bridge_fing20__d5t1__00026.wav,lsp-tanh,4,5,4,1,21.62039317761596,25.766463780707188
les_bridge_pick12__d5t0__00025.wav,byod-mxr,les_bridge_pick12,0.0012370348,les_neck_pick07__d5t1__00026.wav,lsp-hardclip,5,5,0,1,25.779078975465445,25.79865436059077
les_bridge_pick12__d5t1__00026.wav,byod-mxr,les_bridge_pick12,0.002840221,les_neck_pick04__d5t0__00025.wav,lsp-tanh,5,5,1,0,25.779078975465445,25.766463780707188
les_bridge_pick12__d5t2__00027.wav,byod-mxr,les_bridge_pick12,0.002185285,les_bridge_pick17__d5t1__00026.wav,lsp-hardclip,5,5,2,1,25.779078975465445,25.79865436059077
les_bridge_pick12__d5t3__00028.wav,byod-mxr,les_bridge_pick12,0.0034232736,les_bridge_pick17__d5t2__00027.wav,lsp-hardclip,5,5,3,2,25.779078975465445,25.79865436059077
les_bridge_pick12__d5t4__00029.wav,byod-mxr,les_bridge_pick12,0.0039255023,les_bridge_pick22__d5t3__00028.wav,lsp-hardclip,5,5,4,3,25.779078975465445,25.79865436059077
les_bridge_pick12__d6t0__00030.wav,byod-mxr,les_bridge_pick12,0.0012174249,les_bridge_fing21__d6t0__00030.wav,lsp-arctan,6,6,0,0,29.91150927100104,29.91872954355242
les_bridge_pick12__d6t1__00031.wav,byod-mxr,les_bridge_pick12,0.006316006,les_bridge_pick17__d6t0__00030.wav,lsp-hardclip,6,6,1,0,29.91150927100104,29.908667593492765
les_bridge_pick12__d6t2__00032.wav,byod-mxr,les_bridge_pick12,0.0064991117,les_bridge_fing24__d6t2__00032.wav,lsp-sine,6,6,2,2,29.91150927100104,29.915327656251563
les_bridge_pick12__d6t3__00033.wav,byod-mxr,les_bridge_pick12,0.0045149922,les_neck_pick14__d6t1__00031.wav,lsp-sine,6,6,3,1,29.91150927100104,29.915327656251563
les_bridge_pick12__d6t4__00034.wav,byod-mxr,les_bridge_pick12,0.0047004223,les_neck_pick11__d6t3__00033.wav,lsp-tanh,6,6,4,3,29.91150927100104,29.89601395521624
les_bridge_pick12__d7t0__00035.wav,byod-mxr,les_bridge_pick12,0.0013858676,les_neck_pick07__d7t1__00036.wav,pedalboard-tanh,7,7,0,1,34.08156088036171,34.075823464139134
les_bridge_pick12__d7t1__00036.wav,byod-mxr,les_bridge_pick12,0.0041328073,les_neck_pick21__d7t0__00035.wav,pedalboard-tanh,7,7,1,0,34.08156088036171,34.075823464139134
les_bridge_pick12__d7t2__00037.wav,byod-mxr,les_bridge_pick12,0.004098594,les_bridge_fing24__d6t3__00033.wav,lsp-arctan,7,6,2,3,34.08156088036171,29.91872954355242
les_bridge_pick12__d7t3__00038.wav,byod-mxr,les_bridge_pick12,0.0034776926,les_bridge_pick17__d7t2__00037.wav,lsp-sine,7,7,3,2,34.08156088036171,34.094517939627885
les_bridge_pick12__d7t4__00039.wav,byod-mxr,les_bridge_pick12,0.0023579597,les_bridge_fing21__d7t4__00039.wav,lsp-tanh,7,7,4,4,34.08156088036171,34.0729352593394
les_bridge_pick21__d0t0__00000.wav,byod-mxr,les_bridge_pick21,0.0014566183,les_bridge_fing24__d0t1__00001.wav,lsp-hardclip,0,0,0,1,5.0,5.063331073032135
les_bridge_pick21__d0t1__00001.wav,byod-mxr,les_bridge_pick21,0.000569582,les_bridge_fing17__d0t1__00001.wav,pedalboard-tanh,0,0,1,1,5.0,5.0
les_bridge_pick21__d0t2__00002.wav,byod-mxr,les_bridge_pick21,0.0019193292,les_bridge_pick25__d0t4__00004.wav,lsp-arctan,0,0,2,4,5.0,5.005872107125804
les_bridge_pick21__d0t3__00003.wav,byod-mxr,les_bridge_pick21,0.0022759438,les_bridge_pick17__d1t4__00009.wav,lsp-tanh,0,1,3,4,5.0,9.088421535688989
les_bridge_pick21__d0t4__00004.wav,byod-mxr,les_bridge_pick21,0.0025157332,les_bridge_pick17__d0t4__00004.wav,lsp-hardclip,0,0,4,4,5.0,5.063331073032135
les_bridge_pick21__d1t0__00005.wav,byod-mxr,les_bridge_pick21,0.0011441112,les_bridge_fing20__d2t1__00011.wav,lsp-hardclip,1,2,0,1,9.107670514338215,13.55142968534178
les_bridge_pick21__d1t1__00006.wav,byod-mxr,les_bridge_pick21,0.0015741587,les_bridge_pick22__d1t3__00008.wav,lsp-tanh,1,1,1,3,9.107670514338215,9.088421535688989
les_bridge_pick21__d1t2__00007.wav,byod-mxr,les_bridge_pick21,0.0012598634,les_bridge_pick25__d0t4__00004.wav,lsp-hardclip,1,0,2,4,9.107670514338215,5.063331073032135
les_bridge_pick21__d1t3__00008.wav,byod-mxr,les_bridge_pick21,0.003915429,les_bridge_pick17__d1t4__00009.wav,lsp-arctan,1,1,3,4,9.107670514338215,9.170316408518453
les_bridge_pick21__d1t4__00009.wav,byod-mxr,les_bridge_pick21,0.004087448,les_bridge_pick17__d1t4__00009.wav,lsp-hardclip,1,1,4,4,9.107670514338215,9.35456396552498
les_bridge_pick21__d2t0__00010.wav,byod-mxr,les_bridge_pick21,0.0017213821,les_neck_pick12__d1t3__00008.wav,lsp-arctan,2,1,0,3,13.292365801948186,9.170316408518453
les_bridge_pick21__d2t1__00011.wav,byod-mxr,les_bridge_pick21,0.0011458993,les_neck_pick04__d0t2__00002.wav,lsp-sine,2,0,1,2,13.292365801948186,5.041347474059023
les_bridge_pick21__d2t2__00012.wav,byod-mxr,les_bridge_pick21,0.0036747456,les_bridge_fing17__d1t2__00007.wav,lsp-hardclip,2,1,2,2,13.292365801948186,9.35456396552498
les_bridge_pick21__d2t3__00013.wav,byod-mxr,les_bridge_pick21,0.0045875907,les_bridge_fing17__d0t3__00003.wav,lsp-hardclip,2,0,3,3,13.292365801948186,5.063331073032135
les_bridge_pick21__d2t4__00014.wav,byod-mxr,les_bridge_pick21,0.0031442642,les_neck_pick21__d1t3__00008.wav,lsp-hardclip,2,1,4,3,13.292365801948186,9.35456396552498
les_bridge_pick21__d3t0__00015.wav,byod-mxr,les_bridge_pick21,0.0010404587,les_neck_pick04__d1t1__00006.wav,lsp-hardclip,3,1,0,1,17.452308155418716,9.35456396552498
les_bridge_pick21__d3t1__00016.wav,byod-mxr,les_bridge_pick21,0.002733171,les_neck_pick04__d1t2__00007.wav,lsp-sine,3,1,1,2,17.452308155418716,9.202349861352678
les_bridge_pick21__d3t2__00017.wav,byod-mxr,les_bridge_pick21,0.0058127046,les_neck_pick05__d1t2__00007.wav,lsp-arctan,3,1,2,2,17.452308155418716,9.170316408518453
les_bridge_pick21__d3t3__00018.wav,byod-mxr,les_bridge_pick21,0.0064371824,les_neck_pick04__d1t4__00009.wav,lsp-arctan,3,1,3,4,17.452308155418716,9.170316408518453
les_bridge_pick21__d3t4__00019.wav,byod-mxr,les_bridge_pick21,0.005682111,les_bridge_fing17__d2t4__00014.wav,lsp-tanh,3,2,4,4,17.452308155418716,13.297259315581634
les_bridge_pick21__d4t0__00020.wav,byod-mxr,les_bridge_pick21,0.0026429296,les_bridge_pick16__d3t2__00017.wav,lsp-arctan,4,3,0,2,21.62039317761596,17.436825605717576
les_bridge_pick21__d4t1__00021.wav,byod-mxr,les_bridge_pick21,0.0038529634,les_neck_pick02__d2t2__00012.wav,lsp-hardclip,4,2,1,2,21.62039317761596,13.55142968534178
les_bridge_pick21__d4t2__00022.wav,byod-mxr,les_bridge_pick21,0.0069438815,les_neck_pick03__d3t4__00019.wav,lsp-hardclip,4,3,2,4,21.62039317761596,17.563088337099366
les_bridge_pick21__d4t3__00023.wav,byod-mxr,les_bridge_pick21,0.003451705,les_bridge_pick17__d3t4__00019.wav,lsp-hardclip,4,3,3,4,21.62039317761596,17.563088337099366
les_bridge_pick21__d4t4__00024.wav,byod-mxr,les_bridge_pick21,0.0049812794,les_neck_pick21__d3t4__00019.wav,lsp-hardclip,4,3,4,4,21.62039317761596,17.563088337099366
les_bridge_pick21__d5t0__00025.wav,byod-mxr,les_bridge_pick21,0.01436466,les_neck_pick07__d3t4__00019.wav,lsp-arctan,5,3,0,4,25.779078975465445,17.436825605717576
les_bridge_pick21__d5t1__00026.wav,byod-mxr,les_bridge_pick21,0.0071582794,les_bridge_fing21__d3t4__00019.wav,lsp-hardclip,5,3,1,4,25.779078975465445,17.563088337099366
les_bridge_pick21__d5t2__00027.wav,byod-mxr,les_bridge_pick21,0.0043872,les_neck_fing01__d3t3__00018.wav,lsp-hardclip,5,3,2,3,25.779078975465445,17.563088337099366
les_bridge_pick21__d5t3__00028.wav,byod-mxr,les_bridge_pick21,0.004460633,les_neck_pick05__d4t4__00024.wav,lsp-hardclip,5,4,3,4,25.779078975465445,21.54643860361127
les_bridge_pick21__d5t4__00029.wav,byod-mxr,les_bridge_pick21,0.0028854609,les_neck_pick21__d5t4__00029.wav,pedalboard-tanh,5,5,4,4,25.779078975465445,25.782351420955937
les_bridge_pick21__d6t0__00030.wav,byod-mxr,les_bridge_pick21,0.025597036,les_bridge_pick17__d5t1__00026.wav,lsp-arctan,6,5,0,1,29.91150927100104,25.788497067568912
les_bridge_pick21__d6t1__00031.wav,byod-mxr,les_bridge_pick21,0.010136366,les_bridge_pick16__d4t3__00023.wav,lsp-sine,6,4,1,3,29.91150927100104,21.652716208419097
les_bridge_pick21__d6t2__00032.wav,byod-mxr,les_bridge_pick21,0.0041368008,les_neck_pick21__d5t3__00028.wav,lsp-hardclip,6,5,2,3,29.91150927100104,25.79865436059077
les_bridge_pick21__d6t3__00033.wav,byod-mxr,les_bridge_pick21,0.0025423765,les_neck_pick21__d5t4__00029.wav,lsp-arctan,6,5,3,4,29.91150927100104,25.788497067568912
les_bridge_pick21__d6t4__00034.wav,byod-mxr,les_bridge_pick21,0.00085020065,les_neck_pick04__d7t4__00039.wav,lsp-sine,6,7,4,4,29.91150927100104,34.094517939627885
les_bridge_pick21__d7t0__00035.wav,byod-mxr,les_bridge_pick21,0.009338796,les_bridge_pick16__d4t3__00023.wav,lsp-hardclip,7,4,0,3,34.08156088036171,21.54643860361127
les_bridge_pick21__d7t1__00036.wav,byod-mxr,les_bridge_pick21,0.011097014,les_bridge_fing20__d6t2__00032.wav,lsp-hardclip,7,6,1,2,34.08156088036171,29.908667593492765
les_bridge_pick21__d7t2__00037.wav,byod-mxr,les_bridge_pick21,0.0019629598,les_neck_fing01__d5t4__00029.wav,lsp-hardclip,7,5,2,4,34.08156088036171,25.79865436059077
les_bridge_pick21__d7t3__00038.wav,byod-mxr,les_bridge_pick21,0.0017322302,les_neck_pick21__d6t4__00034.wav,pedalboard-tanh,7,6,3,4,34.08156088036171,29.92239131554786
les_bridge_pick21__d7t4__00039.wav,byod-mxr,les_bridge_pick21,0.0012096763,les_bridge_fing20__d7t3__00038.wav,lsp-hardclip,7,7,4,3,34.08156088036171,34.07942205160116
les_neck_fing03__d0t0__00000.wav,byod-mxr,les_neck_fing03,0.004455507,les_bridge_pick16__d1t1__00006.wav,pedalboard-tanh,0,1,0,1,5.0,9.146047429418331
les_neck_fing03__d0t1__00001.wav,byod-mxr,les_neck_fing03,0.0008119345,les_neck_pick02__d1t1__00006.wav,lsp-arctan,0,1,1,1,5.0,9.170316408518453
les_neck_fing03__d0t2__00002.wav,byod-mxr,les_neck_fing03,0.00083732605,les_neck_pick02__d1t2__00007.wav,lsp-sine,0,1,2,2,5.0,9.202349861352678
les_neck_fing03__d0t3__00003.wav,byod-mxr,les_neck_fing03,0.0006620884,les_neck_pick02__d1t3__00008.wav,lsp-sine,0,1,3,3,5.0,9.202349861352678
les_neck_fing03__d0t4__00004.wav,byod-mxr,les_neck_fing03,0.0013310313,les_neck_pick02__d1t4__00009.wav,lsp-tanh,0,1,4,4,5.0,9.088421535688989
les_neck_fing03__d1t0__00005.wav,byod-mxr,les_neck_fing03,0.00023376942,les_bridge_fing24__d1t0__00005.wav,lsp-sine,1,1,0,0,9.107670514338215,9.202349861352678
les_neck_fing03__d1t1__00006.wav,byod-mxr,les_neck_fing03,0.004217088,les_neck_pick12__d0t4__00004.wav,pedalboard-tanh,1,0,1,4,9.107670514338215,5.0
les_neck_fing03__d1t2__00007.wav,byod-mxr,les_neck_fing03,0.0036667585,les_bridge_fing20__d1t3__00008.wav,lsp-hardclip,1,1,2,3,9.107670514338215,9.35456396552498
les_neck_fing03__d1t3__00008.wav,byod-mxr,les_neck_fing03,0.00230968,les_neck_fing15__d3t4__00019.wav,lsp-hardclip,1,3,3,4,9.107670514338215,17.563088337099366
les_neck_fing03__d1t4__00009.wav,byod-mxr,les_neck_fing03,0.0029951334,les_neck_pick02__d2t4__00014.wav,pedalboard-tanh,1,2,4,4,9.107670514338215,13.296816138037473
les_neck_fing03__d2t0__00010.wav,byod-mxr,les_neck_fing03,0.00073975325,les_neck_pick12__d1t2__00007.wav,lsp-sine,2,1,0,2,13.292365801948186,9.202349861352678
les_neck_fing03__d2t1__00011.wav,byod-mxr,les_neck_fing03,0.002090156,les_bridge_pick17__d2t1__00011.wav,lsp-arctan,2,2,1,1,13.292365801948186,13.270071970821393
les_neck_fing03__d2t2__00012.wav,byod-mxr,les_neck_fing03,0.003355682,les_neck_fing01__d2t2__00012.wav,pedalboard-tanh,2,2,2,2,13.292365801948186,13.296816138037473
les_neck_fing03__d2t3__00013.wav,byod-mxr,les_neck_fing03,0.0043765903,les_neck_pick04__d1t4__00009.wav,lsp-sine,2,1,3,4,13.292365801948186,9.202349861352678
les_neck_fing03__d2t4__00014.wav,byod-mxr,les_neck_fing03,0.0021837354,les_neck_fing01__d2t4__00014.wav,pedalboard-tanh,2,2,4,4,13.292365801948186,13.296816138037473
les_neck_fing03__d3t0__00015.wav,byod-mxr,les_neck_fing03,0.00035095215,les_neck_pick02__d3t0__00015.wav,pedalboard-tanh,3,3,0,0,17.452308155418716,17.454399305827287
les_neck_fing03__d3t1__00016.wav,byod-mxr,les_neck_fing03,0.0018812418,les_neck_pick12__d2t4__00014.wav,lsp-sine,3,2,1,4,17.452308155418716,13.251366385956809
les_neck_fing03__d3t2__00017.wav,byod-mxr,les_neck_fing03,0.0016975403,les_neck_fing01__d3t2__00017.wav,lsp-arctan,3,3,2,2,17.452308155418716,17.436825605717576
les_neck_fing03__d3t3__00018.wav,byod-mxr,les_neck_fing03,0.0047422647,les_neck_fing01__d2t3__00013.wav,lsp-hardclip,3,2,3,3,17.452308155418716,13.55142968534178
les_neck_fing03__d3t4__00019.wav,byod-mxr,les_neck_fing03,0.0022326112,les_neck_pick05__d2t4__00014.wav,lsp-hardclip,3,2,4,4,17.452308155418716,13.55142968534178
les_neck_fing03__d4t0__00020.wav,byod-mxr,les_neck_fing03,0.0023208857,les_neck_pick12__d3t2__00017.wav,lsp-sine,4,3,0,2,21.62039317761596,17.46073355198249
les_neck_fing03__d4t1__00021.wav,byod-mxr,les_neck_fing03,0.0031112432,les_neck_pick12__d3t4__00019.wav,lsp-sine,4,3,1,4,21.62039317761596,17.46073355198249
les_neck_fing03__d4t2__00022.wav,byod-mxr,les_neck_fing03,0.0045856237,les_bridge_pick22__d3t4__00019.wav,lsp-arctan,4,3,2,4,21.62039317761596,17.436825605717576
les_neck_fing03__d4t3__00023.wav,byod-mxr,les_neck_fing03,0.0023804903,les_neck_pick05__d4t3__00023.wav,lsp-hardclip,4,4,3,3,21.62039317761596,21.54643860361127
les_neck_fing03__d4t4__00024.wav,byod-mxr,les_neck_fing03,0.0021358728,les_neck_pick05__d4t4__00024.wav,lsp-hardclip,4,4,4,4,21.62039317761596,21.54643860361127
les_neck_fing03__d5t0__00025.wav,byod-mxr,les_neck_fing03,0.004042506,les_bridge_fing24__d5t1__00026.wav,lsp-hardclip,5,5,0,1,25.779078975465445,25.79865436059077
les_neck_fing03__d5t1__00026.wav,byod-mxr,les_neck_fing03,0.0038285851,les_neck_pick12__d4t4__00024.wav,lsp-arctan,5,4,1,4,25.779078975465445,21.613326710488973
les_neck_fing03__d5t2__00027.wav,byod-mxr,les_neck_fing03,0.0014030337,les_neck_pick21__d5t2__00027.wav,lsp-hardclip,5,5,2,2,25.779078975465445,25.79865436059077
les_neck_fing03__d5t3__00028.wav,byod-mxr,les_neck_fing03,0.00242877,les_neck_pick21__d5t3__00028.wav,lsp-hardclip,5,5,3,3,25.779078975465445,25.79865436059077
les_neck_fing03__d5t4__00029.wav,byod-mxr,les_neck_fing03,0.0033965707,les_neck_pick05__d5t4__00029.wav,lsp-sine,5,5,4,4,25.779078975465445,25.7855895742644
les_neck_fing03__d6t0__00030.wav,byod-mxr,les_neck_fing03,0.0027289987,les_bridge_pick16__d5t1__00026.wav,pedalboard-tanh,6,5,0,1,29.91150927100104,25.782351420955937
les_neck_fing03__d6t1__00031.wav,byod-mxr,les_neck_fing03,0.0012257695,les_bridge_pick16__d5t2__00027.wav,lsp-sine,6,5,1,2,29.91150927100104,25.7855895742644
les_neck_fing03__d6t2__00032.wav,byod-mxr,les_neck_fing03,0.005247891,les_bridge_pick22__d5t4__00029.wav,lsp-arctan,6,5,2,4,29.91150927100104,25.788497067568912
les_neck_fing03__d6t3__00033.wav,byod-mxr,les_neck_fing03,0.0025268793,les_neck_fing01__d5t4__00029.wav,lsp-tanh,6,5,3,4,29.91150927100104,25.766463780707188
les_neck_fing03__d6t4__00034.wav,byod-mxr,les_neck_fing03,0.002949655,les_neck_pick05__d6t4__00034.wav,lsp-hardclip,6,6,4,4,29.91150927100104,29.908667593492765
les_neck_fing03__d7t0__00035.wav,byod-mxr,les_neck_fing03,0.0032683015,les_bridge_pick16__d5t2__00027.wav,lsp-hardclip,7,5,0,2,34.08156088036171,25.79865436059077
les_neck_fing03__d7t1__00036.wav,byod-mxr,les_neck_fing03,0.0026177764,les_bridge_pick16__d6t2__00032.wav,lsp-sine,7,6,1,2,34.08156088036171,29.915327656251563
les_neck_fing03__d7t2__00037.wav,byod-mxr,les_neck_fing03,0.002796054,les_neck_fing01__d6t3__00033.wav,lsp-hardclip,7,6,2,3,34.08156088036171,29.908667593492765
les_neck_fing03__d7t3__00038.wav,byod-mxr,les_neck_fing03,0.0013162494,les_neck_fing01__d6t4__00034.wav,lsp-sine,7,6,3,4,34.08156088036171,29.915327656251563
les_neck_fing03__d7t4__00039.wav,byod-mxr,les_neck_fing03,0.0017845035,les_neck_fing01__d7t4__00039.wav,lsp-hardclip,7,7,4,4,34.08156088036171,34.07942205160116
les_neck_fing04__d0t0__00000.wav,byod-mxr,les_neck_fing04,0.0014358163,les_neck_pick12__d2t1__00011.wav,lsp-hardclip,0,2,0,1,5.0,13.55142968534178
les_neck_fing04__d0t1__00001.wav,byod-mxr,les_neck_fing04,0.00068461895,les_neck_pick04__d2t1__00011.wav,lsp-sine,0,2,1,1,5.0,13.251366385956809
les_neck_fing04__d0t2__00002.wav,byod-mxr,les_neck_fing04,0.005426705,les_bridge_fing24__d2t3__00013.wav,lsp-sine,0,2,2,3,5.0,13.251366385956809
les_neck_fing04__d0t3__00003.wav,byod-mxr,les_neck_fing04,0.0044279695,les_neck_fing15__d4t3__00023.wav,lsp-hardclip,0,4,3,3,5.0,21.54643860361127
les_neck_fing04__d0t4__00004.wav,byod-mxr,les_neck_fing04,0.0019913316,les_neck_fing01__d1t4__00009.wav,lsp-sine,0,1,4,4,5.0,9.202349861352678
les_neck_fing04__d1t0__00005.wav,byod-mxr,les_neck_fing04,0.001824677,les_neck_pick12__d2t1__00011.wav,lsp-hardclip,1,2,0,1,9.107670514338215,13.55142968534178
les_neck_fing04__d1t1__00006.wav,byod-mxr,les_neck_fing04,0.0030397773,les_neck_pick04__d2t1__00011.wav,lsp-sine,1,2,1,1,9.107670514338215,13.251366385956809
les_neck_fing04__d1t2__00007.wav,byod-mxr,les_neck_fing04,0.004137397,les_bridge_fing24__d2t3__00013.wav,lsp-sine,1,2,2,3,9.107670514338215,13.251366385956809
les_neck_fing04__d1t3__00008.wav,byod-mxr,les_neck_fing04,0.00499022,les_neck_pick02__d2t3__00013.wav,lsp-tanh,1,2,3,3,9.107670514338215,13.297259315581634
les_neck_fing04__d1t4__00009.wav,byod-mxr,les_neck_fing04,0.002065003,les_neck_pick09__d0t4__00004.wav,lsp-arctan,1,0,4,4,9.107670514338215,5.005872107125804
les_neck_fing04__d2t0__00010.wav,byod-mxr,les_neck_fing04,0.0009976029,les_neck_pick12__d3t1__00016.wav,lsp-arctan,2,3,0,1,13.292365801948186,17.436825605717576
les_neck_fing04__d2t1__00011.wav,byod-mxr,les_neck_fing04,0.0039245486,les_neck_pick09__d1t1__00006.wav,lsp-arctan,2,1,1,1,13.292365801948186,9.170316408518453
les_neck_fing04__d2t2__00012.wav,byod-mxr,les_neck_fing04,0.001406312,les_neck_pick11__d2t2__00012.wav,lsp-hardclip,2,2,2,2,13.292365801948186,13.55142968534178
les_neck_fing04__d2t3__00013.wav,byod-mxr,les_neck_fing04,0.004627645,les_neck_pick11__d0t3__00003.wav,lsp-tanh,2,0,3,3,13.292365801948186,5.0
les_neck_fing04__d2t4__00014.wav,byod-mxr,les_neck_fing04,0.003055811,les_neck_fing01__d2t4__00014.wav,lsp-sine,2,2,4,4,13.292365801948186,13.251366385956809
les_neck_fing04__d3t0__00015.wav,byod-mxr,les_neck_fing04,0.0006455183,les_neck_pick12__d3t1__00016.wav,lsp-sine,3,3,0,1,17.452308155418716,17.46073355198249
les_neck_fing04__d3t1__00016.wav,byod-mxr,les_neck_fing04,0.0017742515,les_neck_pick11__d2t1__00011.wav,pedalboard-tanh,3,2,1,1,17.452308155418716,13.296816138037473
les_neck_fing04__d3t2__00017.wav,byod-mxr,les_neck_fing04,0.0017846227,les_neck_pick11__d3t2__00017.wav,lsp-sine,3,3,2,2,17.452308155418716,17.46073355198249
les_neck_fing04__d3t3__00018.wav,byod-mxr,les_neck_fing04,0.0051519275,les_bridge_pick17__d3t4__00019.wav,lsp-arctan,3,3,3,4,17.452308155418716,17.436825605717576
les_neck_fing04__d3t4__00019.wav,byod-mxr,les_neck_fing04,0.0018769503,les_neck_pick02__d3t4__00019.wav,lsp-tanh,3,3,4,4,17.452308155418716,17.426284440144894
les_neck_fing04__d4t0__00020.wav,byod-mxr,les_neck_fing04,0.00048679113,les_neck_pick11__d4t0__00020.wav,pedalboard-tanh,4,4,0,0,21.62039317761596,21.61638024087312
les_neck_fing04__d4t1__00021.wav,byod-mxr,les_neck_fing04,0.0015966892,les_neck_pick04__d4t1__00021.wav,lsp-arctan,4,4,1,1,21.62039317761596,21.613326710488973
les_neck_fing04__d4t2__00022.wav,byod-mxr,les_neck_fing04,0.0025177002,les_neck_pick11__d4t2__00022.wav,lsp-tanh,4,4,2,2,21.62039317761596,21.61115826291455
les_neck_fing04__d4t3__00023.wav,byod-mxr,les_neck_fing04,0.004350364,les_bridge_pick22__d4t4__00024.wav,pedalboard-tanh,4,4,3,4,21.62039317761596,21.61638024087312
les_neck_fing04__d4t4__00024.wav,byod-mxr,les_neck_fing04,0.0019229054,les_neck_pick02__d4t4__00024.wav,lsp-arctan,4,4,4,4,21.62039317761596,21.613326710488973
les_neck_fing04__d5t0__00025.wav,byod-mxr,les_neck_fing04,0.001932323,les_neck_pick12__d5t1__00026.wav,lsp-hardclip,5,5,0,1,25.779078975465445,25.79865436059077
les_neck_fing04__d5t1__00026.wav,byod-mxr,les_neck_fing04,0.003810048,les_bridge_pick25__d5t1__00026.wav,lsp-hardclip,5,5,1,1,25.779078975465445,25.79865436059077
les_neck_fing04__d5t2__00027.wav,byod-mxr,les_neck_fing04,0.0033970475,les_neck_pick11__d5t2__00027.wav,lsp-hardclip,5,5,2,2,25.779078975465445,25.79865436059077
les_neck_fing04__d5t3__00028.wav,byod-mxr,les_neck_fing04,0.0043234825,les_neck_pick09__d5t3__00028.wav,lsp-sine,5,5,3,3,25.779078975465445,25.7855895742644
les_neck_fing04__d5t4__00029.wav,byod-mxr,les_neck_fing04,0.0020024776,les_bridge_fing20__d5t4__00029.wav,lsp-hardclip,5,5,4,4,25.779078975465445,25.79865436059077
les_neck_fing04__d6t0__00030.wav,byod-mxr,les_neck_fing04,0.0014021397,les_bridge_fing21__d6t0__00030.wav,lsp-arctan,6,6,0,0,29.91150927100104,29.91872954355242
les_neck_fing04__d6t1__00031.wav,byod-mxr,les_neck_fing04,0.004257798,les_bridge_pick22__d6t1__00031.wav,lsp-tanh,6,6,1,1,29.91150927100104,29.89601395521624
les_neck_fing04__d6t2__00032.wav,byod-mxr,les_neck_fing04,0.004293442,les_bridge_fing17__d6t1__00031.wav,lsp-arctan,6,6,2,1,29.91150927100104,29.91872954355242
les_neck_fing04__d6t3__00033.wav,byod-mxr,les_neck_fing04,0.005823612,les_bridge_pick17__d6t2__00032.wav,pedalboard-tanh,6,6,3,2,29.91150927100104,29.92239131554786
les_neck_fing04__d6t4__00034.wav,byod-mxr,les_neck_fing04,0.0015833974,les_neck_pick03__d6t4__00034.wav,lsp-arctan,6,6,4,4,29.91150927100104,29.91872954355242
les_neck_fing04__d7t0__00035.wav,byod-mxr,les_neck_fing04,0.0032324195,les_bridge_fing21__d7t0__00035.wav,lsp-hardclip,7,7,0,0,34.08156088036171,34.07942205160116
les_neck_fing04__d7t1__00036.wav,byod-mxr,les_neck_fing04,0.0026990771,les_neck_pick21__d7t0__00035.wav,pedalboard-tanh,7,7,1,0,34.08156088036171,34.075823464139134
les_neck_fing04__d7t2__00037.wav,byod-mxr,les_neck_fing04,0.0050095916,les_bridge_pick17__d7t1__00036.wav,pedalboard-tanh,7,7,2,1,34.08156088036171,34.075823464139134
les_neck_fing04__d7t3__00038.wav,byod-mxr,les_neck_fing04,0.003004074,les_bridge_fing24__d6t4__00034.wav,lsp-arctan,7,6,3,4,34.08156088036171,29.91872954355242
les_neck_fing04__d7t4__00039.wav,byod-mxr,les_neck_fing04,0.002059877,les_neck_pick05__d7t3__00038.wav,lsp-arctan,7,7,4,3,34.08156088036171,34.09435618625095
les_neck_fing09__d0t0__00000.wav,byod-mxr,les_neck_fing09,0.0020099878,les_bridge_fing21__d1t0__00005.wav,lsp-sine,0,1,0,0,5.0,9.202349861352678
les_neck_fing09__d0t1__00001.wav,byod-mxr,les_neck_fing09,0.0061204433,les_bridge_fing21__d0t1__00001.wav,lsp-sine,0,0,1,1,5.0,5.041347474059023
les_neck_fing09__d0t2__00002.wav,byod-mxr,les_neck_fing09,0.0029010177,les_bridge_fing24__d0t1__00001.wav,pedalboard-tanh,0,0,2,1,5.0,5.0
les_neck_fing09__d0t3__00003.wav,byod-mxr,les_neck_fing09,0.0019197464,les_bridge_fing24__d1t3__00008.wav,lsp-arctan,0,1,3,3,5.0,9.170316408518453
les_neck_fing09__d0t4__00004.wav,byod-mxr,les_neck_fing09,0.004625976,les_neck_pick02__d1t3__00008.wav,lsp-arctan,0,1,4,3,5.0,9.170316408518453
les_neck_fing09__d1t0__00005.wav,byod-mxr,les_neck_fing09,0.0018678904,les_neck_pick12__d0t0__00000.wav,lsp-arctan,1,0,0,0,9.107670514338215,5.005872107125804
les_neck_fing09__d1t1__00006.wav,byod-mxr,les_neck_fing09,0.003384769,les_bridge_pick25__d1t0__00005.wav,lsp-tanh,1,1,1,0,9.107670514338215,9.088421535688989
les_neck_fing09__d1t2__00007.wav,byod-mxr,les_neck_fing09,0.0012302399,les_bridge_fing24__d1t1__00006.wav,lsp-sine,1,1,2,1,9.107670514338215,9.202349861352678
les_neck_fing09__d1t3__00008.wav,byod-mxr,les_neck_fing09,0.0020276904,les_bridge_fing20__d1t3__00008.wav,lsp-arctan,1,1,3,3,9.107670514338215,9.170316408518453
les_neck_fing09__d1t4__00009.wav,byod-mxr,les_neck_fing09,0.0056102276,les_neck_fing15__d2t4__00014.wav,lsp-sine,1,2,4,4,9.107670514338215,13.251366385956809
les_neck_fing09__d2t0__00010.wav,byod-mxr,les_neck_fing09,0.0013446808,les_neck_pick12__d0t0__00000.wav,lsp-arctan,2,0,0,0,13.292365801948186,5.005872107125804
les_neck_fing09__d2t1__00011.wav,byod-mxr,les_neck_fing09,0.0015463233,les_neck_pick03__d0t0__00000.wav,lsp-arctan,2,0,1,0,13.292365801948186,5.005872107125804
les_neck_fing09__d2t2__00012.wav,byod-mxr,les_neck_fing09,0.0014312863,les_bridge_fing21__d2t2__00012.wav,pedalboard-tanh,2,2,2,2,13.292365801948186,13.296816138037473
les_neck_fing09__d2t3__00013.wav,byod-mxr,les_neck_fing09,0.0035921335,les_bridge_pick17__d2t2__00012.wav,lsp-tanh,2,2,3,2,13.292365801948186,13.297259315581634
les_neck_fing09__d2t4__00014.wav,byod-mxr,les_neck_fing09,0.007075131,les_neck_pick02__d2t3__00013.wav,lsp-tanh,2,2,4,3,13.292365801948186,13.297259315581634
les_neck_fing09__d3t0__00015.wav,byod-mxr,les_neck_fing09,0.0045463443,les_bridge_fing21__d2t0__00010.wav,lsp-arctan,3,2,0,0,17.452308155418716,13.270071970821393
les_neck_fing09__d3t1__00016.wav,byod-mxr,les_neck_fing09,0.0006150007,les_neck_pick09__d0t0__00000.wav,lsp-tanh,3,0,1,0,17.452308155418716,5.0
les_neck_fing09__d3t2__00017.wav,byod-mxr,les_neck_fing09,0.0034140348,les_neck_pick09__d0t1__00001.wav,lsp-arctan,3,0,2,1,17.452308155418716,5.005872107125804
les_neck_fing09__d3t3__00018.wav,byod-mxr,les_neck_fing09,0.0021280646,les_neck_pick11__d2t2__00012.wav,lsp-hardclip,3,2,3,2,17.452308155418716,13.55142968534178
les_neck_fing09__d3t4__00019.wav,byod-mxr,les_neck_fing09,0.0066099167,les_neck_pick11__d2t3__00013.wav,lsp-sine,3,2,4,3,17.452308155418716,13.251366385956809
les_neck_fing09__d4t0__00020.wav,byod-mxr,les_neck_fing09,0.0043801665,les_bridge_fing21__d3t0__00015.wav,pedalboard-tanh,4,3,0,0,21.62039317761596,17.454399305827287
les_neck_fing09__d4t1__00021.wav,byod-mxr,les_neck_fing09,0.00046807528,les_neck_pick09__d3t0__00015.wav,lsp-arctan,4,3,1,0,21.62039317761596,17.436825605717576
les_neck_fing09__d4t2__00022.wav,byod-mxr,les_neck_fing09,0.0011308193,les_neck_pick11__d3t1__00016.wav,lsp-sine,4,3,2,1,21.62039317761596,17.46073355198249
les_neck_fing09__d4t3__00023.wav,byod-mxr,les_neck_fing09,0.0015118122,les_neck_pick11__d3t2__00017.wav,lsp-tanh,4,3,3,2,21.62039317761596,17.426284440144894
les_neck_fing09__d4t4__00024.wav,byod-mxr,les_neck_fing09,0.0067909956,les_bridge_fing20__d3t4__00019.wav,lsp-arctan,4,3,4,4,21.62039317761596,17.436825605717576
les_neck_fing09__d5t0__00025.wav,byod-mxr,les_neck_fing09,0.0011155009,les_neck_pick07__d4t1__00021.wav,lsp-sine,5,4,0,1,25.779078975465445,21.652716208419097
les_neck_fing09__d5t1__00026.wav,byod-mxr,les_neck_fing09,0.0017073154,les_neck_pick09__d4t0__00020.wav,pedalboard-tanh,5,4,1,0,25.779078975465445,21.61638024087312
les_neck_fing09__d5t2__00027.wav,byod-mxr,les_neck_fing09,0.0024581552,les_neck_pick09__d5t1__00026.wav,lsp-hardclip,5,5,2,1,25.779078975465445,25.79865436059077
les_neck_fing09__d5t3__00028.wav,byod-mxr,les_neck_fing09,0.005913019,les_bridge_fing24__d4t4__00024.wav,pedalboard-tanh,5,4,3,4,25.779078975465445,21.61638024087312
les_neck_fing09__d5t4__00029.wav,byod-mxr,les_neck_fing09,0.0044925213,les_neck_pick21__d5t2__00027.wav,lsp-hardclip,5,5,4,2,25.779078975465445,25.79865436059077
les_neck_fing09__d6t0__00030.wav,byod-mxr,les_neck_fing09,0.0028396845,les_neck_pick07__d5t1__00026.wav,pedalboard-tanh,6,5,0,1,29.91150927100104,25.782351420955937
les_neck_fing09__d6t1__00031.wav,byod-mxr,les_neck_fing09,0.0025936365,les_neck_pick07__d5t2__00027.wav,pedalboard-tanh,6,5,1,2,29.91150927100104,25.782351420955937
les_neck_fing09__d6t2__00032.wav,byod-mxr,les_neck_fing09,0.0022856593,les_bridge_fing17__d6t0__00030.wav,lsp-sine,6,6,2,0,29.91150927100104,29.915327656251563
les_neck_fing09__d6t3__00033.wav,byod-mxr,les_neck_fing09,0.004460871,les_neck_pick21__d6t1__00031.wav,pedalboard-tanh,6,6,3,1,29.91150927100104,29.92239131554786
les_neck_fing09__d6t4__00034.wav,byod-mxr,les_neck_fing09,0.00568372,les_neck_pick05__d6t2__00032.wav,lsp-sine,6,6,4,2,29.91150927100104,29.915327656251563
les_neck_fing09__d7t0__00035.wav,byod-mxr,les_neck_fing09,0.004297614,les_neck_pick07__d6t1__00031.wav,lsp-arctan,7,6,0,1,34.08156088036171,29.91872954355242
les_neck_fing09__d7t1__00036.wav,byod-mxr,les_neck_fing09,0.0020502806,les_neck_pick05__d6t0__00030.wav,lsp-tanh,7,6,1,0,34.08156088036171,29.89601395521624
les_neck_fing09__d7t2__00037.wav,byod-mxr,les_neck_fing09,0.0036242604,les_bridge_fing17__d7t0__00035.wav,lsp-hardclip,7,7,2,0,34.08156088036171,34.07942205160116
les_neck_fing09__d7t3__00038.wav,byod-mxr,les_neck_fing09,0.003998816,les_bridge_fing24__d7t2__00037.wav,lsp-arctan,7,7,3,2,34.08156088036171,34.09435618625095
les_neck_fing09__d7t4__00039.wav,byod-mxr,les_neck_fing09,0.0029021502,les_bridge_fing24__d7t3__00038.wav,lsp-hardclip,7,7,4,3,34.08156088036171,34.07942205160116
les_neck_fing11__d0t0__00000.wav,byod-mxr,les_neck_fing11,0.02696687,les_bridge_pick16__d1t0__00005.wav,lsp-arctan,0,1,0,0,5.0,9.170316408518453
les_neck_fing11__d0t1__00001.wav,byod-mxr,les_neck_fing11,0.024975657,les_bridge_pick16__d1t0__00005.wav,lsp-arctan,0,1,1,0,5.0,9.170316408518453
les_neck_fing11__d0t2__00002.wav,byod-mxr,les_neck_fing11,0.029939532,les_bridge_pick16__d0t1__00001.wav,pedalboard-tanh,0,0,2,1,5.0,5.0
les_neck_fing11__d0t3__00003.wav,byod-mxr,les_neck_fing11,0.0024979115,les_bridge_pick16__d0t2__00002.wav,pedalboard-tanh,0,0,3,2,5.0,5.0
les_neck_fing11__d0t4__00004.wav,byod-mxr,les_neck_fing11,0.0072422624,les_neck_fing01__d0t2__00002.wav,pedalboard-tanh,0,0,4,2,5.0,5.0
les_neck_fing11__d1t0__00005.wav,byod-mxr,les_neck_fing11,0.019300818,les_bridge_pick16__d2t0__00010.wav,pedalboard-tanh,1,2,0,0,9.107670514338215,13.296816138037473
les_neck_fing11__d1t1__00006.wav,byod-mxr,les_neck_fing11,0.01684326,les_bridge_pick16__d2t0__00010.wav,pedalboard-tanh,1,2,1,0,9.107670514338215,13.296816138037473
les_neck_fing11__d1t2__00007.wav,byod-mxr,les_neck_fing11,0.006062925,les_bridge_pick16__d1t1__00006.wav,lsp-arctan,1,1,2,1,9.107670514338215,9.170316408518453
les_neck_fing11__d1t3__00008.wav,byod-mxr,les_neck_fing11,0.002840519,les_neck_fing15__d4t0__00020.wav,pedalboard-tanh,1,4,3,0,9.107670514338215,21.61638024087312
les_neck_fing11__d1t4__00009.wav,byod-mxr,les_neck_fing11,0.0036233664,les_neck_fing01__d0t2__00002.wav,lsp-arctan,1,0,4,2,9.107670514338215,5.005872107125804
les_neck_fing11__d2t0__00010.wav,byod-mxr,les_neck_fing11,0.0072785616,les_neck_pick12__d0t0__00000.wav,lsp-tanh,2,0,0,0,13.292365801948186,5.0
les_neck_fing11__d2t1__00011.wav,byod-mxr,les_neck_fing11,0.0037935972,les_neck_pick12__d0t0__00000.wav,lsp-tanh,2,0,1,0,13.292365801948186,5.0
les_neck_fing11__d2t2__00012.wav,byod-mxr,les_neck_fing11,0.0009639263,les_bridge_fing24__d0t0__00000.wav,lsp-hardclip,2,0,2,0,13.292365801948186,5.063331073032135
les_neck_fing11__d2t3__00013.wav,byod-mxr,les_neck_fing11,0.0026480556,les_neck_pick02__d0t1__00001.wav,lsp-hardclip,2,0,3,1,13.292365801948186,5.063331073032135
les_neck_fing11__d2t4__00014.wav,byod-mxr,les_neck_fing11,0.0080448985,les_neck_fing01__d2t2__00012.wav,lsp-arctan,2,2,4,2,13.292365801948186,13.270071970821393
les_neck_fing11__d3t0__00015.wav,byod-mxr,les_neck_fing11,0.0031286478,les_neck_pick12__d1t0__00005.wav,lsp-sine,3,1,0,0,17.452308155418716,9.202349861352678
les_neck_fing11__d3t1__00016.wav,byod-mxr,les_neck_fing11,0.0018274188,les_bridge_fing21__d1t0__00005.wav,lsp-hardclip,3,1,1,0,17.452308155418716,9.35456396552498
les_neck_fing11__d3t2__00017.wav,byod-mxr,les_neck_fing11,0.0016400814,les_neck_pick02__d3t0__00015.wav,lsp-sine,3,3,2,0,17.452308155418716,17.46073355198249
les_neck_fing11__d3t3__00018.wav,byod-mxr,les_neck_fing11,0.00386554,les_bridge_pick16__d3t2__00017.wav,lsp-sine,3,3,3,2,17.452308155418716,17.46073355198249
les_neck_fing11__d3t4__00019.wav,byod-mxr,les_neck_fing11,0.0038383007,les_bridge_pick16__d3t3__00018.wav,lsp-sine,3,3,4,3,17.452308155418716,17.46073355198249
les_neck_fing11__d4t0__00020.wav,byod-mxr,les_neck_fing11,0.002162099,les_neck_pick12__d3t0__00015.wav,lsp-sine,4,3,0,0,21.62039317761596,17.46073355198249
les_neck_fing11__d4t1__00021.wav,byod-mxr,les_neck_fing11,0.0016839504,les_bridge_pick16__d4t0__00020.wav,lsp-tanh,4,4,1,0,21.62039317761596,21.61115826291455
les_neck_fing11__d4t2__00022.wav,byod-mxr,les_neck_fing11,0.002664268,les_neck_pick12__d3t2__00017.wav,lsp-hardclip,4,3,2,2,21.62039317761596,17.563088337099366
les_neck_fing11__d4t3__00023.wav,byod-mxr,les_neck_fing11,0.00590235,les_bridge_fing20__d4t1__00021.wav,lsp-arctan,4,4,3,1,21.62039317761596,21.613326710488973
les_neck_fing11__d4t4__00024.wav,byod-mxr,les_neck_fing11,0.013634682,les_bridge_pick17__d4t2__00022.wav,lsp-arctan,4,4,4,2,21.62039317761596,21.613326710488973
les_neck_fing11__d5t0__00025.wav,byod-mxr,les_neck_fing11,0.00071310997,les_neck_pick12__d5t0__00025.wav,lsp-hardclip,5,5,0,0,25.779078975465445,25.79865436059077
les_neck_fing11__d5t1__00026.wav,byod-mxr,les_neck_fing11,0.0008533001,les_neck_pick12__d5t0__00025.wav,lsp-arctan,5,5,1,0,25.779078975465445,25.788497067568912
les_neck_fing11__d5t2__00027.wav,byod-mxr,les_neck_fing11,0.0036421418,les_neck_pick05__d5t0__00025.wav,lsp-tanh,5,5,2,0,25.779078975465445,25.766463780707188
les_neck_fing11__d5t3__00028.wav,byod-mxr,les_neck_fing11,0.010736406,les_neck_pick05__d5t1__00026.wav,lsp-arctan,5,5,3,1,25.779078975465445,25.788497067568912
les_neck_fing11__d5t4__00029.wav,byod-mxr,les_neck_fing11,0.013070524,les_neck_fing01__d5t2__00027.wav,lsp-hardclip,5,5,4,2,25.779078975465445,25.79865436059077
les_neck_fing11__d6t0__00030.wav,byod-mxr,les_neck_fing11,0.0017133951,les_neck_pick12__d5t1__00026.wav,lsp-hardclip,6,5,0,1,29.91150927100104,25.79865436059077
les_neck_fing11__d6t1__00031.wav,byod-mxr,les_neck_fing11,0.0040747523,les_neck_fing01__d5t0__00025.wav,lsp-arctan,6,5,1,0,29.91150927100104,25.788497067568912
les_neck_fing11__d6t2__00032.wav,byod-mxr,les_neck_fing11,0.004007578,les_neck_fing01__d5t1__00026.wav,lsp-hardclip,6,5,2,1,29.91150927100104,25.79865436059077
les_neck_fing11__d6t3__00033.wav,byod-mxr,les_neck_fing11,0.0062624216,les_neck_fing01__d6t1__00031.wav,lsp-sine,6,6,3,1,29.91150927100104,29.915327656251563
les_neck_fing11__d6t4__00034.wav,byod-mxr,les_neck_fing11,0.0067750216,les_bridge_pick22__d6t3__00033.wav,lsp-arctan,6,6,4,3,29.91150927100104,29.91872954355242
les_neck_fing11__d7t0__00035.wav,byod-mxr,les_neck_fing11,0.0034940839,les_bridge_pick16__d6t0__00030.wav,lsp-sine,7,6,0,0,34.08156088036171,29.915327656251563
les_neck_fing11__d7t1__00036.wav,byod-mxr,les_neck_fing11,0.0023844838,les_neck_fing01__d6t0__00030.wav,lsp-tanh,7,6,1,0,34.08156088036171,29.89601395521624
les_neck_fing11__d7t2__00037.wav,byod-mxr,les_neck_fing11,0.0036779046,les_neck_fing01__d6t1__00031.wav,lsp-arctan,7,6,2,1,34.08156088036171,29.91872954355242
les_neck_fing11__d7t3__00038.wav,byod-mxr,les_neck_fing11,0.0048570633,les_neck_pick02__d7t2__00037.wav,lsp-tanh,7,7,3,2,34.08156088036171,34.0729352593394
les_neck_fing11__d7t4__00039.wav,byod-mxr,les_neck_fing11,0.0025263429,les_neck_fing01__d7t2__00037.wav,pedalboard-tanh,7,7,4,2,34.08156088036171,34.075823464139134
les_neck_fing16__d0t0__00000.wav,byod-mxr,les_neck_fing16,0.006454885,les_bridge_pick16__d1t0__00005.wav,pedalboard-tanh,0,1,0,0,5.0,9.146047429418331
les_neck_fing16__d0t1__00001.wav,byod-mxr,les_neck_fing16,0.01123178,les_bridge_fing21__d0t1__00001.wav,pedalboard-tanh,0,0,1,1,5.0,5.0
les_neck_fing16__d0t2__00002.wav,byod-mxr,les_neck_fing16,0.0027352571,les_bridge_fing20__d1t0__00005.wav,lsp-hardclip,0,1,2,0,5.0,9.35456396552498
les_neck_fing16__d0t3__00003.wav,byod-mxr,les_neck_fing16,0.0020692348,les_neck_fing01__d2t0__00010.wav,lsp-tanh,0,2,3,0,5.0,13.297259315581634
les_neck_fing16__d0t4__00004.wav,byod-mxr,les_neck_fing16,0.005855143,les_bridge_fing17__d3t0__00015.wav,lsp-hardclip,0,3,4,0,5.0,17.563088337099366
les_neck_fing16__d1t0__00005.wav,byod-mxr,les_neck_fing16,0.011193991,les_bridge_pick16__d1t0__00005.wav,lsp-tanh,1,1,0,0,9.107670514338215,9.088421535688989
les_neck_fing16__d1t1__00006.wav,byod-mxr,les_neck_fing16,0.0016017556,les_neck_pick12__d1t1__00006.wav,lsp-arctan,1,1,1,1,9.107670514338215,9.170316408518453
les_neck_fing16__d1t2__00007.wav,byod-mxr,les_neck_fing16,0.0007428527,les_neck_pick02__d0t0__00000.wav,lsp-hardclip,1,0,2,0,9.107670514338215,5.063331073032135
les_neck_fing16__d1t3__00008.wav,byod-mxr,les_neck_fing16,0.0011793971,les_neck_fing01__d2t0__00010.wav,lsp-sine,1,2,3,0,9.107670514338215,13.251366385956809
les_neck_fing16__d1t4__00009.wav,byod-mxr,les_neck_fing16,0.005813837,les_bridge_pick17__d3t0__00015.wav,lsp-hardclip,1,3,4,0,9.107670514338215,17.563088337099366
les_neck_fing16__d2t0__00010.wav,byod-mxr,les_neck_fing16,0.0018630028,les_neck_pick12__d0t0__00000.wav,pedalboard-tanh,2,0,0,0,13.292365801948186,5.0
les_neck_fing16__d2t1__00011.wav,byod-mxr,les_neck_fing16,0.0015835762,les_neck_pick12__d2t1__00011.wav,lsp-arctan,2,2,1,1,13.292365801948186,13.270071970821393
les_neck_fing16__d2t2__00012.wav,byod-mxr,les_neck_fing16,0.0013706684,les_neck_pick02__d2t0__00010.wav,lsp-hardclip,2,2,2,0,13.292365801948186,13.55142968534178
les_neck_fing16__d2t3__00013.wav,byod-mxr,les_neck_fing16,0.0018062592,les_neck_pick21__d4t0__00020.wav,lsp-hardclip,2,4,3,0,13.292365801948186,21.54643860361127
les_neck_fing16__d2t4__00014.wav,byod-mxr,les_neck_fing16,0.00565356,les_neck_pick04__d1t1__00006.wav,lsp-hardclip,2,1,4,1,13.292365801948186,9.35456396552498
les_neck_fing16__d3t0__00015.wav,byod-mxr,les_neck_fing16,0.0021964312,les_neck_pick12__d2t0__00010.wav,lsp-tanh,3,2,0,0,17.452308155418716,13.297259315581634
les_neck_fing16__d3t1__00016.wav,byod-mxr,les_neck_fing16,0.0013442636,les_bridge_pick22__d2t0__00010.wav,lsp-hardclip,3,2,1,0,17.452308155418716,13.55142968534178
les_neck_fing16__d3t2__00017.wav,byod-mxr,les_neck_fing16,0.00077307224,les_neck_pick11__d2t0__00010.wav,lsp-tanh,3,2,2,0,17.452308155418716,13.297259315581634
les_neck_fing16__d3t3__00018.wav,byod-mxr,les_neck_fing16,0.00062805414,les_neck_pick05__d4t0__00020.wav,lsp-hardclip,3,4,3,0,17.452308155418716,21.54643860361127
les_neck_fing16__d3t4__00019.wav,byod-mxr,les_neck_fing16,0.004666269,les_bridge_fing17__d5t0__00025.wav,lsp-hardclip,3,5,4,0,17.452308155418716,25.79865436059077
les_neck_fing16__d4t0__00020.wav,byod-mxr,les_neck_fing16,0.0008006096,les_neck_pick12__d4t0__00020.wav,lsp-sine,4,4,0,0,21.62039317761596,21.652716208419097
les_neck_fing16__d4t1__00021.wav,byod-mxr,les_neck_fing16,0.0003643632,les_neck_pick12__d4t0__00020.wav,pedalboard-tanh,4,4,1,0,21.62039317761596,21.61638024087312
les_neck_fing16__d4t2__00022.wav,byod-mxr,les_neck_fing16,0.00084739923,les_neck_pick12__d4t1__00021.wav,lsp-arctan,4,4,2,1,21.62039317761596,21.613326710488973
les_neck_fing16__d4t3__00023.wav,byod-mxr,les_neck_fing16,0.0014850497,les_neck_pick03__d5t0__00025.wav,lsp-hardclip,4,5,3,0,21.62039317761596,25.79865436059077
les_neck_fing16__d4t4__00024.wav,byod-mxr,les_neck_fing16,0.0032058954,les_neck_pick05__d5t0__00025.wav,lsp-sine,4,5,4,0,21.62039317761596,25.7855895742644
les_neck_fing16__d5t0__00025.wav,byod-mxr,les_neck_fing16,0.00087690353,les_neck_pick12__d5t0__00025.wav,lsp-hardclip,5,5,0,0,25.779078975465445,25.79865436059077
les_neck_fing16__d5t1__00026.wav,byod-mxr,les_neck_fing16,0.00056505203,les_neck_pick12__d5t0__00025.wav,lsp-sine,5,5,1,0,25.779078975465445,25.7855895742644
les_neck_fing16__d5t2__00027.wav,byod-mxr,les_neck_fing16,0.001015842,les_neck_pick11__d5t0__00025.wav,lsp-hardclip,5,5,2,0,25.779078975465445,25.79865436059077
les_neck_fing16__d5t3__00028.wav,byod-mxr,les_neck_fing16,0.005247295,les_neck_pick03__d6t0__00030.wav,lsp-hardclip,5,6,3,0,25.779078975465445,29.908667593492765
les_neck_fing16__d5t4__00029.wav,byod-mxr,les_neck_fing16,0.0042367578,les_neck_pick05__d6t0__00030.wav,lsp-sine,5,6,4,0,25.779078975465445,29.915327656251563
les_neck_fing16__d6t0__00030.wav,byod-mxr,les_neck_fing16,0.0019203424,les_bridge_pick22__d5t0__00025.wav,lsp-arctan,6,5,0,0,29.91150927100104,25.788497067568912
les_neck_fing16__d6t1__00031.wav,byod-mxr,les_neck_fing16,0.0027742982,les_bridge_fing21__d6t0__00030.wav,lsp-hardclip,6,6,1,0,29.91150927100104,29.908667593492765
les_neck_fing16__d6t2__00032.wav,byod-mxr,les_neck_fing16,0.0016780496,les_neck_pick04__d6t0__00030.wav,lsp-hardclip,6,6,2,0,29.91150927100104,29.908667593492765
les_neck_fing16__d6t3__00033.wav,byod-mxr,les_neck_fing16,0.0062250495,les_neck_pick07__d6t2__00032.wav,pedalboard-tanh,6,6,3,2,29.91150927100104,29.92239131554786
les_neck_fing16__d6t4__00034.wav,byod-mxr,les_neck_fing16,0.0022611618,les_neck_pick21__d7t0__00035.wav,lsp-arctan,6,7,4,0,29.91150927100104,34.09435618625095
les_neck_fing16__d7t0__00035.wav,byod-mxr,les_neck_fing16,0.0042052865,les_neck_pick07__d6t1__00031.wav,pedalboard-tanh,7,6,0,1,34.08156088036171,29.92239131554786
les_neck_fing16__d7t1__00036.wav,byod-mxr,les_neck_fing16,0.0048113465,les_bridge_pick16__d6t0__00030.wav,lsp-sine,7,6,1,0,34.08156088036171,29.915327656251563
les_neck_fing16__d7t2__00037.wav,byod-mxr,les_neck_fing16,0.0039934516,les_neck_pick11__d7t0__00035.wav,pedalboard-tanh,7,7,2,0,34.08156088036171,34.075823464139134
les_neck_fing16__d7t3__00038.wav,byod-mxr,les_neck_fing16,0.0021694303,les_bridge_fing20__d7t0__00035.wav,lsp-hardclip,7,7,3,0,34.08156088036171,34.07942205160116
les_neck_fing16__d7t4__00039.wav,byod-mxr,les_neck_fing16,0.009772062,les_neck_pick07__d7t3__00038.wav,lsp-tanh,7,7,4,3,34.08156088036171,34.0729352593394
les_neck_fing18__d0t0__00000.wav,byod-mxr,les_neck_fing18,0.0007286668,les_neck_pick03__d3t0__00015.wav,lsp-hardclip,0,3,0,0,5.0,17.563088337099366
les_neck_fing18__d0t1__00001.wav,byod-mxr,les_neck_fing18,0.0015250444,les_bridge_pick22__d0t2__00002.wav,lsp-hardclip,0,0,1,2,5.0,5.063331073032135
les_neck_fing18__d0t2__00002.wav,byod-mxr,les_neck_fing18,0.0036092997,les_bridge_fing20__d1t3__00008.wav,lsp-hardclip,0,1,2,3,5.0,9.35456396552498
les_neck_fing18__d0t3__00003.wav,byod-mxr,les_neck_fing18,0.0029467344,les_neck_fing15__d2t4__00014.wav,lsp-sine,0,2,3,4,5.0,13.251366385956809
les_neck_fing18__d0t4__00004.wav,byod-mxr,les_neck_fing18,0.0038167834,les_bridge_fing17__d1t4__00009.wav,pedalboard-tanh,0,1,4,4,5.0,9.146047429418331
les_neck_fing18__d1t0__00005.wav,byod-mxr,les_neck_fing18,0.0012593269,les_neck_pick03__d3t0__00015.wav,lsp-arctan,1,3,0,0,9.107670514338215,17.436825605717576
les_neck_fing18__d1t1__00006.wav,byod-mxr,les_neck_fing18,0.0026735663,les_neck_pick07__d3t3__00018.wav,lsp-hardclip,1,3,1,3,9.107670514338215,17.563088337099366
les_neck_fing18__d1t2__00007.wav,byod-mxr,les_neck_fing18,0.0012009144,les_neck_pick02__d2t2__00012.wav,lsp-tanh,1,2,2,2,9.107670514338215,13.297259315581634
les_neck_fing18__d1t3__00008.wav,byod-mxr,les_neck_fing18,0.0025972128,les_neck_pick02__d2t3__00013.wav,pedalboard-tanh,1,2,3,3,9.107670514338215,13.296816138037473
les_neck_fing18__d1t4__00009.wav,byod-mxr,les_neck_fing18,0.0037584305,les_neck_pick09__d0t4__00004.wav,lsp-arctan,1,0,4,4,9.107670514338215,5.005872107125804
les_neck_fing18__d2t0__00010.wav,byod-mxr,les_neck_fing18,0.0013535619,les_neck_pick03__d3t0__00015.wav,pedalboard-tanh,2,3,0,0,13.292365801948186,17.454399305827287
les_neck_fing18__d2t1__00011.wav,byod-mxr,les_neck_fing18,0.0024999976,les_neck_pick09__d4t1__00021.wav,lsp-hardclip,2,4,1,1,13.292365801948186,21.54643860361127
les_neck_fing18__d2t2__00012.wav,byod-mxr,les_neck_fing18,0.0012838244,les_neck_pick09__d2t2__00012.wav,pedalboard-tanh,2,2,2,2,13.292365801948186,13.296816138037473
les_neck_fing18__d2t3__00013.wav,byod-mxr,les_neck_fing18,0.004992962,les_neck_pick04__d2t4__00014.wav,pedalboard-tanh,2,2,3,4,13.292365801948186,13.296816138037473
les_neck_fing18__d2t4__00014.wav,byod-mxr,les_neck_fing18,0.0046948195,les_neck_pick05__d2t4__00014.wav,lsp-arctan,2,2,4,4,13.292365801948186,13.270071970821393
les_neck_fing18__d3t0__00015.wav,byod-mxr,les_neck_fing18,0.0014750361,les_neck_pick03__d4t0__00020.wav,lsp-arctan,3,4,0,0,17.452308155418716,21.613326710488973
les_neck_fing18__d3t1__00016.wav,byod-mxr,les_neck_fing18,0.0033991337,les_neck_pick03__d4t1__00021.wav,lsp-arctan,3,4,1,1,17.452308155418716,21.613326710488973
les_neck_fing18__d3t2__00017.wav,byod-mxr,les_neck_fing18,0.0031445026,les_bridge_fing24__d3t4__00019.wav,lsp-sine,3,3,2,4,17.452308155418716,17.46073355198249
les_neck_fing18__d3t3__00018.wav,byod-mxr,les_neck_fing18,0.0026558638,les_neck_pick04__d3t4__00019.wav,pedalboard-tanh,3,3,3,4,17.452308155418716,17.454399305827287
les_neck_fing18__d3t4__00019.wav,byod-mxr,les_neck_fing18,0.0041538477,les_neck_pick02__d3t4__00019.wav,pedalboard-tanh,3,3,4,4,17.452308155418716,17.454399305827287
les_neck_fing18__d4t0__00020.wav,byod-mxr,les_neck_fing18,0.0009856224,les_bridge_fing24__d5t0__00025.wav,lsp-sine,4,5,0,0,21.62039317761596,25.7855895742644
les_neck_fing18__d4t1__00021.wav,byod-mxr,les_neck_fing18,0.002412498,les_bridge_fing17__d5t0__00025.wav,lsp-tanh,4,5,1,0,21.62039317761596,25.766463780707188
les_neck_fing18__d4t2__00022.wav,byod-mxr,les_neck_fing18,0.005598724,les_neck_pick11__d4t2__00022.wav,lsp-arctan,4,4,2,2,21.62039317761596,21.613326710488973
les_neck_fing18__d4t3__00023.wav,byod-mxr,les_neck_fing18,0.0021220446,les_neck_pick11__d4t3__00023.wav,lsp-tanh,4,4,3,3,21.62039317761596,21.61115826291455
les_neck_fing18__d4t4__00024.wav,byod-mxr,les_neck_fing18,0.0030558705,les_neck_pick11__d4t4__00024.wav,lsp-arctan,4,4,4,4,21.62039317761596,21.613326710488973
les_neck_fing18__d5t0__00025.wav,byod-mxr,les_neck_fing18,0.0031445026,les_bridge_pick16__d5t0__00025.wav,pedalboard-tanh,5,5,0,0,25.779078975465445,25.782351420955937
les_neck_fing18__d5t1__00026.wav,byod-mxr,les_neck_fing18,0.0024902225,les_neck_pick04__d6t0__00030.wav,lsp-arctan,5,6,1,0,25.779078975465445,29.91872954355242
les_neck_fing18__d5t2__00027.wav,byod-mxr,les_neck_fing18,0.00331223,les_neck_pick04__d6t1__00031.wav,lsp-arctan,5,6,2,1,25.779078975465445,29.91872954355242
les_neck_fing18__d5t3__00028.wav,byod-mxr,les_neck_fing18,0.0023335218,les_bridge_pick22__d5t3__00028.wav,lsp-arctan,5,5,3,3,25.779078975465445,25.788497067568912
les_neck_fing18__d5t4__00029.wav,byod-mxr,les_neck_fing18,0.0053664446,les_bridge_pick25__d5t4__00029.wav,lsp-arctan,5,5,4,4,25.779078975465445,25.788497067568912
les_neck_fing18__d6t0__00030.wav,byod-mxr,les_neck_fing18,0.0035799146,les_bridge_pick22__d6t0__00030.wav,lsp-arctan,6,6,0,0,29.91150927100104,29.91872954355242
les_neck_fing18__d6t1__00031.wav,byod-mxr,les_neck_fing18,0.0027477741,les_neck_pick04__d7t0__00035.wav,lsp-hardclip,6,7,1,0,29.91150927100104,34.07942205160116
les_neck_fing18__d6t2__00032.wav,byod-mxr,les_neck_fing18,0.0047597885,les_neck_pick02__d7t1__00036.wav,lsp-tanh,6,7,2,1,29.91150927100104,34.0729352593394
les_neck_fing18__d6t3__00033.wav,byod-mxr,les_neck_fing18,0.0033057928,les_bridge_pick22__d6t3__00033.wav,lsp-hardclip,6,6,3,3,29.91150927100104,29.908667593492765
les_neck_fing18__d6t4__00034.wav,byod-mxr,les_neck_fing18,0.0013132095,les_bridge_fing24__d7t3__00038.wav,lsp-arctan,6,7,4,3,29.91150927100104,34.09435618625095
les_neck_fing18__d7t0__00035.wav,byod-mxr,les_neck_fing18,0.0037267208,les_bridge_pick16__d7t0__00035.wav,lsp-hardclip,7,7,0,0,34.08156088036171,34.07942205160116
les_neck_fing18__d7t1__00036.wav,byod-mxr,les_neck_fing18,0.00297153,les_neck_pick07__d7t2__00037.wav,lsp-arctan,7,7,1,2,34.08156088036171,34.09435618625095
les_neck_fing18__d7t2__00037.wav,byod-mxr,les_neck_fing18,0.0027124882,les_neck_pick07__d7t3__00038.wav,pedalboard-tanh,7,7,2,3,34.08156088036171,34.075823464139134
les_neck_fing18__d7t3__00038.wav,byod-mxr,les_neck_fing18,0.0055060387,les_neck_pick07__d7t4__00039.wav,lsp-tanh,7,7,3,4,34.08156088036171,34.0729352593394
les_neck_fing18__d7t4__00039.wav,byod-mxr,les_neck_fing18,0.0032835007,les_neck_pick07__d7t4__00039.wav,lsp-hardclip,7,7,4,4,34.08156088036171,34.07942205160116
les_neck_pick06__d0t0__00000.wav,byod-mxr,les_neck_pick06,0.0029941797,les_bridge_pick16__d2t0__00010.wav,lsp-sine,0,2,0,0,5.0,13.251366385956809
les_neck_pick06__d0t1__00001.wav,byod-mxr,les_neck_pick06,0.0007186532,les_bridge_pick25__d0t0__00000.wav,pedalboard-tanh,0,0,1,0,5.0,5.0
les_neck_pick06__d0t2__00002.wav,byod-mxr,les_neck_pick06,0.00088208914,les_bridge_pick25__d0t1__00001.wav,lsp-arctan,0,0,2,1,5.0,5.005872107125804
les_neck_pick06__d0t3__00003.wav,byod-mxr,les_neck_pick06,0.0016407967,les_neck_pick21__d1t1__00006.wav,lsp-sine,0,1,3,1,5.0,9.202349861352678
les_neck_pick06__d0t4__00004.wav,byod-mxr,les_neck_pick06,0.0018795133,les_neck_pick02__d1t2__00007.wav,pedalboard-tanh,0,1,4,2,5.0,9.146047429418331
les_neck_pick06__d1t0__00005.wav,byod-mxr,les_neck_pick06,0.004431963,les_bridge_pick16__d2t0__00010.wav,lsp-sine,1,2,0,0,9.107670514338215,13.251366385956809
les_neck_pick06__d1t1__00006.wav,byod-mxr,les_neck_pick06,0.0007457733,les_bridge_pick25__d1t0__00005.wav,lsp-hardclip,1,1,1,0,9.107670514338215,9.35456396552498
les_neck_pick06__d1t2__00007.wav,byod-mxr,les_neck_pick06,0.0010557771,les_bridge_pick25__d1t1__00006.wav,lsp-sine,1,1,2,1,9.107670514338215,9.202349861352678
les_neck_pick06__d1t3__00008.wav,byod-mxr,les_neck_pick06,0.0022364855,les_bridge_fing20__d1t2__00007.wav,lsp-arctan,1,1,3,2,9.107670514338215,9.170316408518453
les_neck_pick06__d1t4__00009.wav,byod-mxr,les_neck_pick06,0.0029947162,les_neck_fing01__d1t2__00007.wav,lsp-arctan,1,1,4,2,9.107670514338215,9.170316408518453
les_neck_pick06__d2t0__00010.wav,byod-mxr,les_neck_pick06,0.0018952489,les_bridge_pick22__d1t0__00005.wav,lsp-arctan,2,1,0,0,13.292365801948186,9.170316408518453
les_neck_pick06__d2t1__00011.wav,byod-mxr,les_neck_pick06,0.0009417534,les_neck_pick03__d0t0__00000.wav,lsp-arctan,2,0,1,0,13.292365801948186,5.005872107125804
les_neck_pick06__d2t2__00012.wav,byod-mxr,les_neck_pick06,0.0019794703,les_bridge_pick25__d2t1__00011.wav,lsp-sine,2,2,2,1,13.292365801948186,13.251366385956809
les_neck_pick06__d2t3__00013.wav,byod-mxr,les_neck_pick06,0.0035719275,les_bridge_pick25__d2t2__00012.wav,lsp-hardclip,2,2,3,2,13.292365801948186,13.55142968534178
les_neck_pick06__d2t4__00014.wav,byod-mxr,les_neck_pick06,0.0033956766,les_neck_pick09__d1t2__00007.wav,lsp-arctan,2,1,4,2,13.292365801948186,9.170316408518453
les_neck_pick06__d3t0__00015.wav,byod-mxr,les_neck_pick06,0.0009159446,les_bridge_pick22__d3t0__00015.wav,lsp-sine,3,3,0,0,17.452308155418716,17.46073355198249
les_neck_pick06__d3t1__00016.wav,byod-mxr,les_neck_pick06,0.0005853176,les_neck_pick04__d3t0__00015.wav,lsp-sine,3,3,1,0,17.452308155418716,17.46073355198249
les_neck_pick06__d3t2__00017.wav,byod-mxr,les_neck_pick06,0.004511833,les_neck_pick04__d3t1__00016.wav,lsp-tanh,3,3,2,1,17.452308155418716,17.426284440144894
les_neck_pick06__d3t3__00018.wav,byod-mxr,les_neck_pick06,0.0013507605,les_neck_pick05__d3t1__00016.wav,lsp-arctan,3,3,3,1,17.452308155418716,17.436825605717576
les_neck_pick06__d3t4__00019.wav,byod-mxr,les_neck_pick06,0.0041938424,les_bridge_pick25__d3t3__00018.wav,lsp-arctan,3,3,4,3,17.452308155418716,17.436825605717576
les_neck_pick06__d4t0__00020.wav,byod-mxr,les_neck_pick06,0.0007172227,les_bridge_pick22__d4t0__00020.wav,lsp-arctan,4,4,0,0,21.62039317761596,21.613326710488973
les_neck_pick06__d4t1__00021.wav,byod-mxr,les_neck_pick06,0.0017417669,les_neck_pick12__d4t1__00021.wav,pedalboard-tanh,4,4,1,1,21.62039317761596,21.61638024087312
les_neck_pick06__d4t2__00022.wav,byod-mxr,les_neck_pick06,0.0014056563,les_neck_pick04__d4t1__00021.wav,lsp-arctan,4,4,2,1,21.62039317761596,21.613326710488973
les_neck_pick06__d4t3__00023.wav,byod-mxr,les_neck_pick06,0.0023414493,les_neck_pick12__d4t4__00024.wav,pedalboard-tanh,4,4,3,4,21.62039317761596,21.61638024087312
les_neck_pick06__d4t4__00024.wav,byod-mxr,les_neck_pick06,0.0029700994,les_bridge_pick22__d4t3__00023.wav,lsp-arctan,4,4,4,3,21.62039317761596,21.613326710488973
les_neck_pick06__d5t0__00025.wav,byod-mxr,les_neck_pick06,0.0010796785,les_neck_pick12__d5t1__00026.wav,lsp-hardclip,5,5,0,1,25.779078975465445,25.79865436059077
les_neck_pick06__d5t1__00026.wav,byod-mxr,les_neck_pick06,0.0013717413,les_neck_pick05__d5t0__00025.wav,lsp-arctan,5,5,1,0,25.779078975465445,25.788497067568912
les_neck_pick06__d5t2__00027.wav,byod-mxr,les_neck_pick06,0.0015294552,les_neck_pick12__d6t1__00031.wav,lsp-sine,5,6,2,1,25.779078975465445,29.915327656251563
les_neck_pick06__d5t3__00028.wav,byod-mxr,les_neck_pick06,0.0035116076,les_neck_pick04__d6t1__00031.wav,lsp-arctan,5,6,3,1,25.779078975465445,29.91872954355242
les_neck_pick06__d5t4__00029.wav,byod-mxr,les_neck_pick06,0.0052065253,les_bridge_fing17__d6t1__00031.wav,lsp-arctan,5,6,4,1,25.779078975465445,29.91872954355242
les_neck_pick06__d6t0__00030.wav,byod-mxr,les_neck_pick06,0.0015301704,les_bridge_fing21__d6t0__00030.wav,pedalboard-tanh,6,6,0,0,29.91150927100104,29.92239131554786
les_neck_pick06__d6t1__00031.wav,byod-mxr,les_neck_pick06,0.0048378706,les_bridge_pick17__d6t0__00030.wav,lsp-hardclip,6,6,1,0,29.91150927100104,29.908667593492765
les_neck_pick06__d6t2__00032.wav,byod-mxr,les_neck_pick06,0.002725482,les_neck_pick09__d6t1__00031.wav,lsp-hardclip,6,6,2,1,29.91150927100104,29.908667593492765
les_neck_pick06__d6t3__00033.wav,byod-mxr,les_neck_pick06,0.003801167,les_neck_pick02__d7t1__00036.wav,lsp-sine,6,7,3,1,29.91150927100104,34.094517939627885
les_neck_pick06__d6t4__00034.wav,byod-mxr,les_neck_pick06,0.004455209,les_bridge_pick16__d7t2__00037.wav,lsp-sine,6,7,4,2,29.91150927100104,34.094517939627885
les_neck_pick06__d7t0__00035.wav,byod-mxr,les_neck_pick06,0.0021130443,les_bridge_fing21__d7t0__00035.wav,lsp-arctan,7,7,0,0,34.08156088036171,34.09435618625095
les_neck_pick06__d7t1__00036.wav,byod-mxr,les_neck_pick06,0.0015255213,les_neck_pick03__d7t0__00035.wav,lsp-sine,7,7,1,0,34.08156088036171,34.094517939627885
les_neck_pick06__d7t2__00037.wav,byod-mxr,les_neck_pick06,0.0039572716,les_neck_pick03__d7t1__00036.wav,lsp-arctan,7,7,2,1,34.08156088036171,34.09435618625095
les_neck_pick06__d7t3__00038.wav,byod-mxr,les_neck_pick06,0.006093323,les_neck_pick05__d7t2__00037.wav,lsp-hardclip,7,7,3,2,34.08156088036171,34.07942205160116
les_neck_pick06__d7t4__00039.wav,byod-mxr,les_neck_pick06,0.003728032,les_neck_pick09__d7t3__00038.wav,lsp-hardclip,7,7,4,3,34.08156088036171,34.07942205160116
les_neck_pick17__d0t0__00000.wav,byod-mxr,les_neck_pick17,0.0036319494,les_bridge_fing21__d1t0__00005.wav,lsp-sine,0,1,0,0,5.0,9.202349861352678
les_neck_pick17__d0t1__00001.wav,byod-mxr,les_neck_pick17,0.0027932525,les_neck_pick21__d0t0__00000.wav,lsp-hardclip,0,0,1,0,5.0,5.063331073032135
les_neck_pick17__d0t2__00002.wav,byod-mxr,les_neck_pick17,0.0046342015,les_bridge_pick16__d0t3__00003.wav,pedalboard-tanh,0,0,2,3,5.0,5.0
les_neck_pick17__d0t3__00003.wav,byod-mxr,les_neck_pick17,0.0049250126,les_bridge_fing24__d1t3__00008.wav,lsp-tanh,0,1,3,3,5.0,9.088421535688989
les_neck_pick17__d0t4__00004.wav,byod-mxr,les_neck_pick17,0.004091561,les_bridge_pick17__d1t3__00008.wav,lsp-hardclip,0,1,4,3,5.0,9.35456396552498
les_neck_pick17__d1t0__00005.wav,byod-mxr,les_neck_pick17,0.0060043335,les_bridge_fing21__d1t0__00005.wav,lsp-sine,1,1,0,0,9.107670514338215,9.202349861352678
les_neck_pick17__d1t1__00006.wav,byod-mxr,les_neck_pick17,0.0001977086,les_neck_pick05__d0t0__00000.wav,lsp-arctan,1,0,1,0,9.107670514338215,5.005872107125804
les_neck_pick17__d1t2__00007.wav,byod-mxr,les_neck_pick17,0.0017460585,les_bridge_pick25__d1t2__00007.wav,lsp-sine,1,1,2,2,9.107670514338215,9.202349861352678
les_neck_pick17__d1t3__00008.wav,byod-mxr,les_neck_pick17,0.0023267865,les_bridge_pick17__d1t2__00007.wav,lsp-hardclip,1,1,3,2,9.107670514338215,9.35456396552498
les_neck_pick17__d1t4__00009.wav,byod-mxr,les_neck_pick17,0.003637433,les_neck_fing01__d1t3__00008.wav,pedalboard-tanh,1,1,4,3,9.107670514338215,9.146047429418331
les_neck_pick17__d2t0__00010.wav,byod-mxr,les_neck_pick17,0.0038170218,les_bridge_pick22__d0t0__00000.wav,lsp-arctan,2,0,0,0,13.292365801948186,5.005872107125804
les_neck_pick17__d2t1__00011.wav,byod-mxr,les_neck_pick17,0.0009380579,les_neck_pick21__d3t0__00015.wav,lsp-arctan,2,3,1,0,13.292365801948186,17.436825605717576
les_neck_pick17__d2t2__00012.wav,byod-mxr,les_neck_pick17,0.00059992075,les_bridge_fing24__d2t2__00012.wav,lsp-sine,2,2,2,2,13.292365801948186,13.251366385956809
les_neck_pick17__d2t3__00013.wav,byod-mxr,les_neck_pick17,0.0026226044,les_neck_pick02__d2t2__00012.wav,lsp-tanh,2,2,3,2,13.292365801948186,13.297259315581634
les_neck_pick17__d2t4__00014.wav,byod-mxr,les_neck_pick17,0.002916336,les_neck_pick09__d2t3__00013.wav,lsp-hardclip,2,2,4,3,13.292365801948186,13.55142968534178
les_neck_pick17__d3t0__00015.wav,byod-mxr,les_neck_pick17,0.00043278933,les_neck_pick12__d2t1__00011.wav,lsp-sine,3,2,0,1,17.452308155418716,13.251366385956809
les_neck_pick17__d3t1__00016.wav,byod-mxr,les_neck_pick17,0.0030278563,les_bridge_pick17__d3t0__00015.wav,lsp-sine,3,3,1,0,17.452308155418716,17.46073355198249
les_neck_pick17__d3t2__00017.wav,byod-mxr,les_neck_pick17,0.0010014772,les_neck_pick21__d3t1__00016.wav,pedalboard-tanh,3,3,2,1,17.452308155418716,17.454399305827287
les_neck_pick17__d3t3__00018.wav,byod-mxr,les_neck_pick17,0.0033299327,les_neck_fing15__d4t2__00022.wav,pedalboard-tanh,3,4,3,2,17.452308155418716,21.61638024087312
les_neck_pick17__d3t4__00019.wav,byod-mxr,les_neck_pick17,0.0034587383,les_bridge_pick17__d3t4__00019.wav,pedalboard-tanh,3,3,4,4,17.452308155418716,17.454399305827287
les_neck_pick17__d4t0__00020.wav,byod-mxr,les_neck_pick17,0.0005374551,les_neck_pick12__d3t1__00016.wav,lsp-tanh,4,3,0,1,21.62039317761596,17.426284440144894
les_neck_pick17__d4t1__00021.wav,byod-mxr,les_neck_pick17,0.0013898611,les_neck_pick02__d4t0__00020.wav,lsp-arctan,4,4,1,0,21.62039317761596,21.613326710488973
les_neck_pick17__d4t2__00022.wav,byod-mxr,les_neck_pick17,0.0048629045,les_neck_pick04__d3t2__00017.wav,lsp-arctan,4,3,2,2,21.62039317761596,17.436825605717576
les_neck_pick17__d4t3__00023.wav,byod-mxr,les_neck_pick17,0.0043118,les_neck_pick02__d4t2__00022.wav,lsp-arctan,4,4,3,2,21.62039317761596,21.613326710488973
les_neck_pick17__d4t4__00024.wav,byod-mxr,les_neck_pick17,0.008843839,les_neck_pick02__d4t3__00023.wav,lsp-sine,4,4,4,3,21.62039317761596,21.652716208419097
les_neck_pick17__d5t0__00025.wav,byod-mxr,les_neck_pick17,0.000987649,les_neck_pick12__d4t1__00021.wav,lsp-hardclip,5,4,0,1,25.779078975465445,21.54643860361127
les_neck_pick17__d5t1__00026.wav,byod-mxr,les_neck_pick17,0.0028585792,les_bridge_pick16__d4t1__00021.wav,lsp-sine,5,4,1,1,25.779078975465445,21.652716208419097
les_neck_pick17__d5t2__00027.wav,byod-mxr,les_neck_pick17,0.0026945472,les_neck_pick05__d5t1__00026.wav,lsp-hardclip,5,5,2,1,25.779078975465445,25.79865436059077
les_neck_pick17__d5t3__00028.wav,byod-mxr,les_neck_pick17,0.0049352646,les_neck_pick21__d5t2__00027.wav,lsp-hardclip,5,5,3,2,25.779078975465445,25.79865436059077
les_neck_pick17__d5t4__00029.wav,byod-mxr,les_neck_pick17,0.005864382,les_neck_pick03__d5t4__00029.wav,lsp-sine,5,5,4,4,25.779078975465445,25.7855895742644
les_neck_pick17__d6t0__00030.wav,byod-mxr,les_neck_pick17,0.0024956465,les_bridge_pick16__d5t0__00025.wav,pedalboard-tanh,6,5,0,0,29.91150927100104,25.782351420955937
les_neck_pick17__d6t1__00031.wav,byod-mxr,les_neck_pick17,0.0022857785,les_neck_pick02__d6t0__00030.wav,lsp-arctan,6,6,1,0,29.91150927100104,29.91872954355242
les_neck_pick17__d6t2__00032.wav,byod-mxr,les_neck_pick17,0.004654646,les_neck_fing01__d6t1__00031.wav,lsp-hardclip,6,6,2,1,29.91150927100104,29.908667593492765
les_neck_pick17__d6t3__00033.wav,byod-mxr,les_neck_pick17,0.0044460893,les_bridge_pick16__d5t3__00028.wav,lsp-arctan,6,5,3,3,29.91150927100104,25.788497067568912
les_neck_pick17__d6t4__00034.wav,byod-mxr,les_neck_pick17,0.0035052896,les_bridge_pick16__d6t3__00033.wav,lsp-tanh,6,6,4,3,29.91150927100104,29.89601395521624
les_neck_pick17__d7t0__00035.wav,byod-mxr,les_neck_pick17,0.001580298,les_bridge_pick16__d6t0__00030.wav,pedalboard-tanh,7,6,0,0,34.08156088036171,29.92239131554786
les_neck_pick17__d7t1__00036.wav,byod-mxr,les_neck_pick17,0.0035296679,les_neck_fing01__d7t0__00035.wav,lsp-hardclip,7,7,1,0,34.08156088036171,34.07942205160116
les_neck_pick17__d7t2__00037.wav,byod-mxr,les_neck_pick17,0.00860405,les_bridge_fing17__d7t1__00036.wav,lsp-hardclip,7,7,2,1,34.08156088036171,34.07942205160116
les_neck_pick17__d7t3__00038.wav,byod-mxr,les_neck_pick17,0.0029751062,les_bridge_fing24__d6t4__00034.wav,pedalboard-tanh,7,6,3,4,34.08156088036171,29.92239131554786
les_neck_pick17__d7t4__00039.wav,byod-mxr,les_neck_pick17,0.0022258162,les_neck_pick03__d7t3__00038.wav,lsp-hardclip,7,7,4,3,34.08156088036171,34.07942205160116
les_bridge_fing02__d0t0__00000.wav,lsp-arctan,les_bridge_fing02,0.0076428056,les_bridge_pick16__d2t0__00010.wav,byod-mxr,0,2,0,0,5.005872107125804,13.292365801948186
les_bridge_fing02__d0t1__00001.wav,lsp-arctan,les_bridge_fing02,0.00090432167,les_bridge_pick17__d0t0__00000.wav,byod-mxr,0,0,1,0,5.005872107125804,5.0
les_bridge_fing02__d0t2__00002.wav,lsp-arctan,les_bridge_fing02,0.0006864667,les_bridge_pick25__d0t2__00002.wav,lsp-tanh,0,0,2,2,5.005872107125804,5.0
les_bridge_fing02__d0t3__00003.wav,lsp-arctan,les_bridge_fing02,0.0008727312,les_bridge_pick25__d0t3__00003.wav,pedalboard-tanh,0,0,3,3,5.005872107125804,5.0
les_bridge_fing02__d0t4__00004.wav,lsp-arctan,les_bridge_fing02,0.002131641,les_bridge_pick25__d0t4__00004.wav,pedalboard-tanh,0,0,4,4,5.005872107125804,5.0
les_bridge_fing02__d1t0__00005.wav,lsp-arctan,les_bridge_fing02,0.00873971,les_neck_pick12__d0t1__00001.wav,lsp-sine,1,0,0,1,9.170316408518453,5.041347474059023
les_bridge_fing02__d1t1__00006.wav,lsp-arctan,les_bridge_fing02,0.0005581379,les_bridge_pick17__d1t0__00005.wav,byod-mxr,1,1,1,0,9.170316408518453,9.107670514338215
les_bridge_fing02__d1t2__00007.wav,lsp-arctan,les_bridge_fing02,0.00068092346,les_bridge_pick25__d1t2__00007.wav,lsp-tanh,1,1,2,2,9.170316408518453,9.088421535688989
les_bridge_fing02__d1t3__00008.wav,lsp-arctan,les_bridge_fing02,0.0015228391,les_bridge_pick25__d1t3__00008.wav,pedalboard-tanh,1,1,3,3,9.170316408518453,9.146047429418331
les_bridge_fing02__d1t4__00009.wav,lsp-arctan,les_bridge_fing02,0.0019993186,les_bridge_pick22__d0t4__00004.wav,byod-mxr,1,0,4,4,9.170316408518453,5.0
les_bridge_fing02__d2t0__00010.wav,lsp-arctan,les_bridge_fing02,0.0009098053,les_bridge_pick16__d2t1__00011.wav,pedalboard-tanh,2,2,0,1,13.270071970821393,13.296816138037473
les_bridge_fing02__d2t1__00011.wav,lsp-arctan,les_bridge_fing02,0.00062412024,les_bridge_pick17__d0t0__00000.wav,lsp-hardclip,2,0,1,0,13.270071970821393,5.063331073032135
les_bridge_fing02__d2t2__00012.wav,lsp-arctan,les_bridge_fing02,0.00077450275,les_bridge_pick25__d1t2__00007.wav,lsp-hardclip,2,1,2,2,13.270071970821393,9.35456396552498
les_bridge_fing02__d2t3__00013.wav,lsp-arctan,les_bridge_fing02,0.0019038916,les_bridge_pick25__d1t3__00008.wav,byod-mxr,2,1,3,3,13.270071970821393,9.107670514338215
les_bridge_fing02__d2t4__00014.wav,lsp-arctan,les_bridge_fing02,0.0032644272,les_bridge_pick22__d1t4__00009.wav,byod-mxr,2,1,4,4,13.270071970821393,9.107670514338215
les_bridge_fing02__d3t0__00015.wav,lsp-arctan,les_bridge_fing02,0.0012449622,les_bridge_pick25__d2t0__00010.wav,byod-mxr,3,2,0,0,17.436825605717576,13.292365801948186
les_bridge_fing02__d3t1__00016.wav,lsp-arctan,les_bridge_fing02,0.0009006262,les_bridge_fing17__d3t0__00015.wav,lsp-tanh,3,3,1,0,17.436825605717576,17.426284440144894
les_bridge_fing02__d3t2__00017.wav,lsp-arctan,les_bridge_fing02,0.0040135384,les_neck_pick21__d3t1__00016.wav,pedalboard-tanh,3,3,2,1,17.436825605717576,17.454399305827287
les_bridge_fing02__d3t3__00018.wav,lsp-arctan,les_bridge_fing02,0.0019369125,les_neck_pick11__d2t2__00012.wav,pedalboard-tanh,3,2,3,2,17.436825605717576,13.296816138037473
les_bridge_fing02__d3t4__00019.wav,lsp-arctan,les_bridge_fing02,0.0027446747,les_bridge_fing17__d3t2__00017.wav,lsp-tanh,3,3,4,2,17.436825605717576,17.426284440144894
les_bridge_fing02__d4t0__00020.wav,lsp-arctan,les_bridge_fing02,0.0011953115,les_neck_pick04__d4t0__00020.wav,byod-mxr,4,4,0,0,21.613326710488973,21.62039317761596
les_bridge_fing02__d4t1__00021.wav,lsp-arctan,les_bridge_fing02,0.0030272603,les_neck_pick11__d3t1__00016.wav,pedalboard-tanh,4,3,1,1,21.613326710488973,17.454399305827287
les_bridge_fing02__d4t2__00022.wav,lsp-arctan,les_bridge_fing02,0.0021381974,les_bridge_fing17__d5t1__00026.wav,lsp-hardclip,4,5,2,1,21.613326710488973,25.79865436059077
les_bridge_fing02__d4t3__00023.wav,lsp-arctan,les_bridge_fing02,0.002557993,les_bridge_fing21__d4t3__00023.wav,lsp-tanh,4,4,3,3,21.613326710488973,21.61115826291455
les_bridge_fing02__d4t4__00024.wav,lsp-arctan,les_bridge_fing02,0.0037556887,les_neck_fing01__d4t2__00022.wav,lsp-hardclip,4,4,4,2,21.613326710488973,21.54643860361127
les_bridge_fing02__d5t0__00025.wav,lsp-arctan,les_bridge_fing02,0.002370894,les_bridge_fing24__d5t0__00025.wav,byod-mxr,5,5,0,0,25.788497067568912,25.779078975465445
les_bridge_fing02__d5t1__00026.wav,lsp-arctan,les_bridge_fing02,0.0034648776,les_neck_pick12__d5t2__00027.wav,lsp-sine,5,5,1,2,25.788497067568912,25.7855895742644
les_bridge_fing02__d5t2__00027.wav,lsp-arctan,les_bridge_fing02,0.0021679401,les_bridge_pick17__d5t1__00026.wav,lsp-tanh,5,5,2,1,25.788497067568912,25.766463780707188
les_bridge_fing02__d5t3__00028.wav,lsp-arctan,les_bridge_fing02,0.0032174587,les_neck_pick12__d5t4__00029.wav,byod-mxr,5,5,3,4,25.788497067568912,25.779078975465445
les_bridge_fing02__d5t4__00029.wav,lsp-arctan,les_bridge_fing02,0.003160119,les_neck_pick02__d6t2__00032.wav,lsp-tanh,5,6,4,2,25.788497067568912,29.89601395521624
les_bridge_fing02__d6t0__00030.wav,lsp-arctan,les_bridge_fing02,0.00066143274,les_bridge_fing24__d6t0__00030.wav,byod-mxr,6,6,0,0,29.91872954355242,29.91150927100104
les_bridge_fing02__d6t1__00031.wav,lsp-arctan,les_bridge_fing02,0.002895236,les_bridge_pick22__d6t1__00031.wav,lsp-tanh,6,6,1,1,29.91872954355242,29.89601395521624
les_bridge_fing02__d6t2__00032.wav,lsp-arctan,les_bridge_fing02,0.0027435422,les_bridge_pick22__d6t2__00032.wav,lsp-sine,6,6,2,2,29.91872954355242,29.915327656251563
les_bridge_fing02__d6t3__00033.wav,lsp-arctan,les_bridge_fing02,0.0028163195,les_bridge_fing24__d6t3__00033.wav,lsp-tanh,6,6,3,3,29.91872954355242,29.89601395521624
les_bridge_fing02__d6t4__00034.wav,lsp-arctan,les_bridge_fing02,0.0017001629,les_neck_pick21__d7t2__00037.wav,lsp-sine,6,7,4,2,29.91872954355242,34.094517939627885
les_bridge_fing02__d7t0__00035.wav,lsp-arctan,les_bridge_fing02,0.0014426708,les_bridge_fing21__d7t0__00035.wav,pedalboard-tanh,7,7,0,0,34.09435618625095,34.075823464139134
les_bridge_fing02__d7t1__00036.wav,lsp-arctan,les_bridge_fing02,0.0011329055,les_bridge_fing21__d7t1__00036.wav,pedalboard-tanh,7,7,1,1,34.09435618625095,34.075823464139134
les_bridge_fing02__d7t2__00037.wav,lsp-arctan,les_bridge_fing02,0.005528927,les_neck_fing01__d7t1__00036.wav,pedalboard-tanh,7,7,2,1,34.09435618625095,34.075823464139134
les_bridge_fing02__d7t3__00038.wav,lsp-arctan,les_bridge_fing02,0.0015246868,les_neck_pick09__d7t3__00038.wav,pedalboard-tanh,7,7,3,3,34.09435618625095,34.075823464139134
les_bridge_fing02__d7t4__00039.wav,lsp-arctan,les_bridge_fing02,0.0015386343,les_neck_pick09__d7t4__00039.wav,lsp-tanh,7,7,4,4,34.09435618625095,34.0729352593394
les_bridge_fing05__d0t0__00000.wav,lsp-arctan,les_bridge_fing05,0.00051140785,les_bridge_pick17__d1t1__00006.wav,lsp-sine,0,1,0,1,5.005872107125804,9.202349861352678
les_bridge_fing05__d0t1__00001.wav,lsp-arctan,les_bridge_fing05,0.0015966296,les_bridge_pick17__d1t2__00007.wav,lsp-sine,0,1,1,2,5.005872107125804,9.202349861352678
les_bridge_fing05__d0t2__00002.wav,lsp-arctan,les_bridge_fing05,0.0032811165,les_bridge_pick17__d0t3__00003.wav,byod-mxr,0,0,2,3,5.005872107125804,5.0
les_bridge_fing05__d0t3__00003.wav,lsp-arctan,les_bridge_fing05,0.0045824647,les_bridge_pick17__d0t4__00004.wav,lsp-hardclip,0,0,3,4,5.005872107125804,5.063331073032135
les_bridge_fing05__d0t4__00004.wav,lsp-arctan,les_bridge_fing05,0.0038895607,les_neck_pick14__d1t3__00008.wav,pedalboard-tanh,0,1,4,3,5.005872107125804,9.146047429418331
les_bridge_fing05__d1t0__00005.wav,lsp-arctan,les_bridge_fing05,0.0005377531,les_bridge_pick17__d1t1__00006.wav,byod-mxr,1,1,0,1,9.170316408518453,9.107670514338215
les_bridge_fing05__d1t1__00006.wav,lsp-arctan,les_bridge_fing05,0.00260818,les_bridge_pick17__d1t2__00007.wav,byod-mxr,1,1,1,2,9.170316408518453,9.107670514338215
les_bridge_fing05__d1t2__00007.wav,lsp-arctan,les_bridge_fing05,0.005877912,les_bridge_pick17__d1t3__00008.wav,lsp-hardclip,1,1,2,3,9.170316408518453,9.35456396552498
les_bridge_fing05__d1t3__00008.wav,lsp-arctan,les_bridge_fing05,0.005844295,les_neck_pick21__d1t3__00008.wav,pedalboard-tanh,1,1,3,3,9.170316408518453,9.146047429418331
les_bridge_fing05__d1t4__00009.wav,lsp-arctan,les_bridge_fing05,0.004084587,les_bridge_fing17__d0t4__00004.wav,lsp-tanh,1,0,4,4,9.170316408518453,5.0
les_bridge_fing05__d2t0__00010.wav,lsp-arctan,les_bridge_fing05,0.0020899773,les_bridge_pick17__d0t1__00001.wav,lsp-hardclip,2,0,0,1,13.270071970821393,5.063331073032135
les_bridge_fing05__d2t1__00011.wav,lsp-arctan,les_bridge_fing05,0.0021634698,les_bridge_fing24__d1t3__00008.wav,byod-mxr,2,1,1,3,13.270071970821393,9.107670514338215
les_bridge_fing05__d2t2__00012.wav,lsp-arctan,les_bridge_fing05,0.008928239,les_bridge_fing17__d0t3__00003.wav,lsp-hardclip,2,0,2,3,13.270071970821393,5.063331073032135
les_bridge_fing05__d2t3__00013.wav,lsp-arctan,les_bridge_fing05,0.0056963563,les_bridge_fing17__d0t4__00004.wav,lsp-hardclip,2,0,3,4,13.270071970821393,5.063331073032135
les_bridge_fing05__d2t4__00014.wav,lsp-arctan,les_bridge_fing05,0.005205095,les_neck_pick14__d2t3__00013.wav,byod-mxr,2,2,4,3,13.270071970821393,13.292365801948186
les_bridge_fing05__d3t0__00015.wav,lsp-arctan,les_bridge_fing05,0.0023228526,les_bridge_pick25__d2t2__00012.wav,lsp-tanh,3,2,0,2,17.436825605717576,13.297259315581634
les_bridge_fing05__d3t1__00016.wav,lsp-arctan,les_bridge_fing05,0.0030496716,les_bridge_fing20__d2t3__00013.wav,lsp-sine,3,2,1,3,17.436825605717576,13.251366385956809
les_bridge_fing05__d3t2__00017.wav,lsp-arctan,les_bridge_fing05,0.004720509,les_neck_pick09__d2t3__00013.wav,byod-mxr,3,2,2,3,17.436825605717576,13.292365801948186
les_bridge_fing05__d3t3__00018.wav,lsp-arctan,les_bridge_fing05,0.004384041,les_bridge_fing17__d2t4__00014.wav,byod-mxr,3,2,3,4,17.436825605717576,13.292365801948186
les_bridge_fing05__d3t4__00019.wav,lsp-arctan,les_bridge_fing05,0.0040703416,les_neck_pick05__d2t4__00014.wav,byod-mxr,3,2,4,4,17.436825605717576,13.292365801948186
les_bridge_fing05__d4t0__00020.wav,lsp-arctan,les_bridge_fing05,0.0038049817,les_neck_pick12__d2t4__00014.wav,lsp-hardclip,4,2,0,4,21.613326710488973,13.55142968534178
les_bridge_fing05__d4t1__00021.wav,lsp-arctan,les_bridge_fing05,0.0027347803,les_neck_fing01__d3t2__00017.wav,lsp-sine,4,3,1,2,21.613326710488973,17.46073355198249
les_bridge_fing05__d4t2__00022.wav,lsp-arctan,les_bridge_fing05,0.002745092,les_neck_pick09__d4t3__00023.wav,lsp-sine,4,4,2,3,21.613326710488973,21.652716208419097
les_bridge_fing05__d4t3__00023.wav,lsp-arctan,les_bridge_fing05,0.0028662682,les_neck_pick09__d4t4__00024.wav,lsp-sine,4,4,3,4,21.613326710488973,21.652716208419097
les_bridge_fing05__d4t4__00024.wav,lsp-arctan,les_bridge_fing05,0.0042702556,les_neck_pick21__d4t4__00024.wav,lsp-hardclip,4,4,4,4,21.613326710488973,21.54643860361127
les_bridge_fing05__d5t0__00025.wav,lsp-arctan,les_bridge_fing05,0.0038396716,les_bridge_pick17__d5t1__00026.wav,lsp-hardclip,5,5,0,1,25.788497067568912,25.79865436059077
les_bridge_fing05__d5t1__00026.wav,lsp-arctan,les_bridge_fing05,0.0025070906,les_bridge_fing17__d5t2__00027.wav,lsp-sine,5,5,1,2,25.788497067568912,25.7855895742644
les_bridge_fing05__d5t2__00027.wav,lsp-arctan,les_bridge_fing05,0.003569603,les_bridge_fing17__d5t3__00028.wav,lsp-sine,5,5,2,3,25.788497067568912,25.7855895742644
les_bridge_fing05__d5t3__00028.wav,lsp-arctan,les_bridge_fing05,0.0029883385,les_neck_pick02__d5t4__00029.wav,lsp-sine,5,5,3,4,25.788497067568912,25.7855895742644
les_bridge_fing05__d5t4__00029.wav,lsp-arctan,les_bridge_fing05,0.0033823848,les_neck_pick21__d5t4__00029.wav,lsp-tanh,5,5,4,4,25.788497067568912,25.766463780707188
les_bridge_fing05__d6t0__00030.wav,lsp-arctan,les_bridge_fing05,0.006131053,les_neck_pick12__d7t1__00036.wav,byod-mxr,6,7,0,1,29.91872954355242,34.08156088036171
les_bridge_fing05__d6t1__00031.wav,lsp-arctan,les_bridge_fing05,0.0030088425,les_neck_pick02__d6t2__00032.wav,lsp-hardclip,6,6,1,2,29.91872954355242,29.908667593492765
les_bridge_fing05__d6t2__00032.wav,lsp-arctan,les_bridge_fing05,0.0031674504,les_neck_pick04__d6t3__00033.wav,lsp-tanh,6,6,2,3,29.91872954355242,29.89601395521624
les_bridge_fing05__d6t3__00033.wav,lsp-arctan,les_bridge_fing05,0.001400888,les_neck_pick04__d7t3__00038.wav,pedalboard-tanh,6,7,3,3,29.91872954355242,34.075823464139134
les_bridge_fing05__d6t4__00034.wav,lsp-arctan,les_bridge_fing05,0.0013657808,les_neck_pick04__d7t4__00039.wav,pedalboard-tanh,6,7,4,4,29.91872954355242,34.075823464139134
les_bridge_fing05__d7t0__00035.wav,lsp-arctan,les_bridge_fing05,0.0028398633,les_bridge_pick25__d7t1__00036.wav,lsp-hardclip,7,7,0,1,34.09435618625095,34.07942205160116
les_bridge_fing05__d7t1__00036.wav,lsp-arctan,les_bridge_fing05,0.003734827,les_neck_pick03__d7t2__00037.wav,lsp-sine,7,7,1,2,34.09435618625095,34.094517939627885
les_bridge_fing05__d7t2__00037.wav,lsp-arctan,les_bridge_fing05,0.0011370778,les_neck_fing01__d7t3__00038.wav,lsp-hardclip,7,7,2,3,34.09435618625095,34.07942205160116
les_bridge_fing05__d7t3__00038.wav,lsp-arctan,les_bridge_fing05,0.0011580586,les_neck_fing01__d7t4__00039.wav,lsp-hardclip,7,7,3,4,34.09435618625095,34.07942205160116
les_bridge_fing05__d7t4__00039.wav,lsp-arctan,les_bridge_fing05,0.0017510056,les_bridge_fing20__d7t4__00039.wav,lsp-sine,7,7,4,4,34.09435618625095,34.094517939627885
les_bridge_fing07__d0t0__00000.wav,lsp-arctan,les_bridge_fing07,0.00016719103,les_bridge_fing20__d1t0__00005.wav,pedalboard-tanh,0,1,0,0,5.005872107125804,9.146047429418331
les_bridge_fing07__d0t1__00001.wav,lsp-arctan,les_bridge_fing07,0.00031995773,les_bridge_fing20__d0t1__00001.wav,byod-mxr,0,0,1,1,5.005872107125804,5.0
les_bridge_fing07__d0t2__00002.wav,lsp-arctan,les_bridge_fing07,0.00091427565,les_bridge_pick22__d0t3__00003.wav,pedalboard-tanh,0,0,2,3,5.005872107125804,5.0
les_bridge_fing07__d0t3__00003.wav,lsp-arctan,les_bridge_fing07,0.0017328262,les_bridge_pick22__d0t4__00004.wav,pedalboard-tanh,0,0,3,4,5.005872107125804,5.0
les_bridge_fing07__d0t4__00004.wav,lsp-arctan,les_bridge_fing07,0.0018420815,les_neck_fing15__d2t4__00014.wav,lsp-tanh,0,2,4,4,5.005872107125804,13.297259315581634
les_bridge_fing07__d1t0__00005.wav,lsp-arctan,les_bridge_fing07,0.00041013956,les_bridge_fing21__d1t1__00006.wav,lsp-tanh,1,1,0,1,9.170316408518453,9.088421535688989
les_bridge_fing07__d1t1__00006.wav,lsp-arctan,les_bridge_fing07,0.0006709099,les_bridge_fing24__d1t1__00006.wav,lsp-sine,1,1,1,1,9.170316408518453,9.202349861352678
les_bridge_fing07__d1t2__00007.wav,lsp-arctan,les_bridge_fing07,0.00079345703,les_bridge_fing17__d1t1__00006.wav,lsp-tanh,1,1,2,1,9.170316408518453,9.088421535688989
les_bridge_fing07__d1t3__00008.wav,lsp-arctan,les_bridge_fing07,0.0018515587,les_bridge_pick22__d1t4__00009.wav,pedalboard-tanh,1,1,3,4,9.170316408518453,9.146047429418331
les_bridge_fing07__d1t4__00009.wav,lsp-arctan,les_bridge_fing07,0.002727449,les_neck_fing15__d2t4__00014.wav,lsp-sine,1,2,4,4,9.170316408518453,13.251366385956809
les_bridge_fing07__d2t0__00010.wav,lsp-arctan,les_bridge_fing07,0.000579834,les_bridge_pick25__d2t0__00010.wav,lsp-sine,2,2,0,0,13.270071970821393,13.251366385956809
les_bridge_fing07__d2t1__00011.wav,lsp-arctan,les_bridge_fing07,0.0006785393,les_bridge_fing20__d2t1__00011.wav,pedalboard-tanh,2,2,1,1,13.270071970821393,13.296816138037473
les_bridge_fing07__d2t2__00012.wav,lsp-arctan,les_bridge_fing07,0.00050216913,les_bridge_fing17__d2t1__00011.wav,lsp-tanh,2,2,2,1,13.270071970821393,13.297259315581634
les_bridge_fing07__d2t3__00013.wav,lsp-arctan,les_bridge_fing07,0.0025362372,les_bridge_fing20__d2t3__00013.wav,byod-mxr,2,2,3,3,13.270071970821393,13.292365801948186
les_bridge_fing07__d2t4__00014.wav,lsp-arctan,les_bridge_fing07,0.002304256,les_neck_pick09__d0t3__00003.wav,pedalboard-tanh,2,0,4,3,13.270071970821393,5.0
les_bridge_fing07__d3t0__00015.wav,lsp-arctan,les_bridge_fing07,0.0011723638,les_bridge_pick25__d3t0__00015.wav,lsp-sine,3,3,0,0,17.436825605717576,17.46073355198249
les_bridge_fing07__d3t1__00016.wav,lsp-arctan,les_bridge_fing07,0.0020346642,les_bridge_fing17__d3t0__00015.wav,byod-mxr,3,3,1,0,17.436825605717576,17.452308155418716
les_bridge_fing07__d3t2__00017.wav,lsp-arctan,les_bridge_fing07,0.002385974,les_bridge_fing20__d3t2__00017.wav,lsp-sine,3,3,2,2,17.436825605717576,17.46073355198249
les_bridge_fing07__d3t3__00018.wav,lsp-arctan,les_bridge_fing07,0.0010517836,les_bridge_fing20__d3t3__00018.wav,lsp-sine,3,3,3,3,17.436825605717576,17.46073355198249
les_bridge_fing07__d3t4__00019.wav,lsp-arctan,les_bridge_fing07,0.0022147298,les_bridge_fing20__d3t4__00019.wav,byod-mxr,3,3,4,4,17.436825605717576,17.452308155418716
les_bridge_fing07__d4t0__00020.wav,lsp-arctan,les_bridge_fing07,0.00044375658,les_bridge_pick25__d4t0__00020.wav,lsp-sine,4,4,0,0,21.613326710488973,21.652716208419097
les_bridge_fing07__d4t1__00021.wav,lsp-arctan,les_bridge_fing07,0.0014489293,les_neck_pick11__d4t1__00021.wav,lsp-sine,4,4,1,1,21.613326710488973,21.652716208419097
les_bridge_fing07__d4t2__00022.wav,lsp-arctan,les_bridge_fing07,0.0010653734,les_neck_pick11__d4t2__00022.wav,lsp-tanh,4,4,2,2,21.613326710488973,21.61115826291455
les_bridge_fing07__d4t3__00023.wav,lsp-arctan,les_bridge_fing07,0.003243208,les_bridge_pick25__d4t3__00023.wav,lsp-tanh,4,4,3,3,21.613326710488973,21.61115826291455
les_bridge_fing07__d4t4__00024.wav,lsp-arctan,les_bridge_fing07,0.0035104156,les_bridge_fing17__d5t3__00028.wav,lsp-sine,4,5,4,3,21.613326710488973,25.7855895742644
les_bridge_fing07__d5t0__00025.wav,lsp-arctan,les_bridge_fing07,0.0029518008,les_neck_pick04__d5t0__00025.wav,pedalboard-tanh,5,5,0,0,25.788497067568912,25.782351420955937
les_bridge_fing07__d5t1__00026.wav,lsp-arctan,les_bridge_fing07,0.0035843253,les_bridge_fing24__d5t2__00027.wav,byod-mxr,5,5,1,2,25.788497067568912,25.779078975465445
les_bridge_fing07__d5t2__00027.wav,lsp-arctan,les_bridge_fing07,0.0044416785,les_bridge_pick22__d5t3__00028.wav,pedalboard-tanh,5,5,2,3,25.788497067568912,25.782351420955937
les_bridge_fing07__d5t3__00028.wav,lsp-arctan,les_bridge_fing07,0.0016637444,les_neck_fing01__d5t3__00028.wav,lsp-sine,5,5,3,3,25.788497067568912,25.7855895742644
les_bridge_fing07__d5t4__00029.wav,lsp-arctan,les_bridge_fing07,0.0033209324,les_neck_fing01__d5t4__00029.wav,lsp-sine,5,5,4,4,25.788497067568912,25.7855895742644
les_bridge_fing07__d6t0__00030.wav,lsp-arctan,les_bridge_fing07,0.0039674044,les_bridge_pick17__d6t0__00030.wav,byod-mxr,6,6,0,0,29.91872954355242,29.91150927100104
les_bridge_fing07__d6t1__00031.wav,lsp-arctan,les_bridge_fing07,0.0016735196,les_bridge_pick17__d6t1__00031.wav,lsp-tanh,6,6,1,1,29.91872954355242,29.89601395521624
les_bridge_fing07__d6t2__00032.wav,lsp-arctan,les_bridge_fing07,0.0020256042,les_bridge_pick17__d6t2__00032.wav,lsp-sine,6,6,2,2,29.91872954355242,29.915327656251563
les_bridge_fing07__d6t3__00033.wav,lsp-arctan,les_bridge_fing07,0.001547277,les_bridge_pick17__d6t3__00033.wav,lsp-sine,6,6,3,3,29.91872954355242,29.915327656251563
les_bridge_fing07__d6t4__00034.wav,lsp-arctan,les_bridge_fing07,0.0007751584,les_neck_pick02__d7t4__00039.wav,lsp-tanh,6,7,4,4,29.91872954355242,34.0729352593394
les_bridge_fing07__d7t0__00035.wav,lsp-arctan,les_bridge_fing07,0.0049462914,les_neck_fing01__d7t0__00035.wav,pedalboard-tanh,7,7,0,0,34.09435618625095,34.075823464139134
les_bridge_fing07__d7t1__00036.wav,lsp-arctan,les_bridge_fing07,0.0023986697,les_bridge_pick17__d7t1__00036.wav,pedalboard-tanh,7,7,1,1,34.09435618625095,34.075823464139134
les_bridge_fing07__d7t2__00037.wav,lsp-arctan,les_bridge_fing07,0.0016046762,les_neck_pick09__d6t4__00034.wav,lsp-hardclip,7,6,2,4,34.09435618625095,29.908667593492765
les_bridge_fing07__d7t3__00038.wav,lsp-arctan,les_bridge_fing07,0.0010048747,les_bridge_fing17__d7t3__00038.wav,byod-mxr,7,7,3,3,34.09435618625095,34.08156088036171
les_bridge_fing07__d7t4__00039.wav,lsp-arctan,les_bridge_fing07,0.0017154217,les_bridge_fing20__d7t3__00038.wav,lsp-tanh,7,7,4,3,34.09435618625095,34.0729352593394
les_bridge_fing09__d0t0__00000.wav,lsp-arctan,les_bridge_fing09,0.0060938,les_neck_fing15__d0t3__00003.wav,pedalboard-tanh,0,0,0,3,5.005872107125804,5.0
les_bridge_fing09__d0t1__00001.wav,lsp-arctan,les_bridge_fing09,0.0055251718,les_bridge_fing24__d0t4__00004.wav,lsp-sine,0,0,1,4,5.005872107125804,5.041347474059023
les_bridge_fing09__d0t2__00002.wav,lsp-arctan,les_bridge_fing09,0.004656732,les_neck_pick02__d0t3__00003.wav,pedalboard-tanh,0,0,2,3,5.005872107125804,5.0
les_bridge_fing09__d0t3__00003.wav,lsp-arctan,les_bridge_fing09,0.002153933,les_neck_pick14__d0t3__00003.wav,lsp-hardclip,0,0,3,3,5.005872107125804,5.063331073032135
les_bridge_fing09__d0t4__00004.wav,lsp-arctan,les_bridge_fing09,0.0012068152,les_neck_pick21__d0t4__00004.wav,pedalboard-tanh,0,0,4,4,5.005872107125804,5.0
les_bridge_fing09__d1t0__00005.wav,lsp-arctan,les_bridge_fing09,0.006703615,les_neck_fing15__d1t2__00007.wav,lsp-tanh,1,1,0,2,9.170316408518453,9.088421535688989
les_bridge_fing09__d1t1__00006.wav,lsp-arctan,les_bridge_fing09,0.0013061762,les_bridge_fing24__d0t4__00004.wav,lsp-sine,1,0,1,4,9.170316408518453,5.041347474059023
les_bridge_fing09__d1t2__00007.wav,lsp-arctan,les_bridge_fing09,0.005913079,les_bridge_pick17__d0t4__00004.wav,lsp-hardclip,1,0,2,4,9.170316408518453,5.063331073032135
les_bridge_fing09__d1t3__00008.wav,lsp-arctan,les_bridge_fing09,0.001562655,les_neck_pick14__d1t3__00008.wav,lsp-hardclip,1,1,3,3,9.170316408518453,9.35456396552498
les_bridge_fing09__d1t4__00009.wav,lsp-arctan,les_bridge_fing09,0.00089645386,les_neck_pick21__d1t4__00009.wav,pedalboard-tanh,1,1,4,4,9.170316408518453,9.146047429418331
les_bridge_fing09__d2t0__00010.wav,lsp-arctan,les_bridge_fing09,0.002754867,les_neck_fing15__d1t2__00007.wav,lsp-hardclip,2,1,0,2,13.270071970821393,9.35456396552498
les_bridge_fing09__d2t1__00011.wav,lsp-arctan,les_bridge_fing09,0.0018025041,les_bridge_fing24__d0t4__00004.wav,byod-mxr,2,0,1,4,13.270071970821393,5.0
les_bridge_fing09__d2t2__00012.wav,lsp-arctan,les_bridge_fing09,0.0017433763,les_neck_pick21__d0t3__00003.wav,lsp-sine,2,0,2,3,13.270071970821393,5.041347474059023
les_bridge_fing09__d2t3__00013.wav,lsp-arctan,les_bridge_fing09,0.0041115284,les_neck_pick14__d1t3__00008.wav,lsp-hardclip,2,1,3,3,13.270071970821393,9.35456396552498
les_bridge_fing09__d2t4__00014.wav,lsp-arctan,les_bridge_fing09,0.0017132163,les_neck_pick14__d2t4__00014.wav,lsp-hardclip,2,2,4,4,13.270071970821393,13.55142968534178
les_bridge_fing09__d3t0__00015.wav,lsp-arctan,les_bridge_fing09,0.0027672052,les_bridge_pick22__d1t3__00008.wav,lsp-hardclip,3,1,0,3,17.436825605717576,9.35456396552498
les_bridge_fing09__d3t1__00016.wav,lsp-arctan,les_bridge_fing09,0.002812624,les_neck_pick04__d0t3__00003.wav,lsp-sine,3,0,1,3,17.436825605717576,5.041347474059023
les_bridge_fing09__d3t2__00017.wav,lsp-arctan,les_bridge_fing09,0.0037223697,les_neck_pick05__d0t3__00003.wav,lsp-sine,3,0,2,3,17.436825605717576,5.041347474059023
les_bridge_fing09__d3t3__00018.wav,lsp-arctan,les_bridge_fing09,0.003815174,les_neck_pick14__d3t3__00018.wav,lsp-tanh,3,3,3,3,17.436825605717576,17.426284440144894
les_bridge_fing09__d3t4__00019.wav,lsp-arctan,les_bridge_fing09,0.0017313957,les_neck_pick14__d3t4__00019.wav,lsp-tanh,3,3,4,4,17.436825605717576,17.426284440144894
les_bridge_fing09__d4t0__00020.wav,lsp-arctan,les_bridge_fing09,0.006895125,les_neck_pick02__d2t2__00012.wav,lsp-hardclip,4,2,0,2,21.613326710488973,13.55142968534178
les_bridge_fing09__d4t1__00021.wav,lsp-arctan,les_bridge_fing09,0.0068608522,les_bridge_pick22__d3t4__00019.wav,byod-mxr,4,3,1,4,21.613326710488973,17.452308155418716
les_bridge_fing09__d4t2__00022.wav,lsp-arctan,les_bridge_fing09,0.0024730563,les_neck_pick21__d4t3__00023.wav,byod-mxr,4,4,2,3,21.613326710488973,21.62039317761596
les_bridge_fing09__d4t3__00023.wav,lsp-arctan,les_bridge_fing09,0.0033786893,les_neck_pick21__d4t4__00024.wav,lsp-sine,4,4,3,4,21.613326710488973,21.652716208419097
les_bridge_fing09__d4t4__00024.wav,lsp-arctan,les_bridge_fing09,0.007001877,les_neck_fing15__d5t4__00029.wav,pedalboard-tanh,4,5,4,4,21.613326710488973,25.782351420955937
les_bridge_fing09__d5t0__00025.wav,lsp-arctan,les_bridge_fing09,0.017674625,les_neck_pick11__d5t2__00027.wav,lsp-tanh,5,5,0,2,25.788497067568912,25.766463780707188
les_bridge_fing09__d5t1__00026.wav,lsp-arctan,les_bridge_fing09,0.0052263737,les_neck_pick11__d5t3__00028.wav,lsp-tanh,5,5,1,3,25.788497067568912,25.766463780707188
les_bridge_fing09__d5t2__00027.wav,lsp-arctan,les_bridge_fing09,0.0036714077,les_neck_fing15__d6t3__00033.wav,lsp-hardclip,5,6,2,3,25.788497067568912,29.908667593492765
les_bridge_fing09__d5t3__00028.wav,lsp-arctan,les_bridge_fing09,0.0030738115,les_neck_fing15__d6t4__00034.wav,lsp-hardclip,5,6,3,4,25.788497067568912,29.908667593492765
les_bridge_fing09__d5t4__00029.wav,lsp-arctan,les_bridge_fing09,0.0015098453,les_neck_pick04__d7t4__00039.wav,pedalboard-tanh,5,7,4,4,25.788497067568912,34.075823464139134
les_bridge_fing09__d6t0__00030.wav,lsp-arctan,les_bridge_fing09,0.005787194,les_bridge_pick16__d5t3__00028.wav,lsp-hardclip,6,5,0,3,29.91872954355242,25.79865436059077
les_bridge_fing09__d6t1__00031.wav,lsp-arctan,les_bridge_fing09,0.0029745102,les_bridge_pick22__d6t4__00034.wav,byod-mxr,6,6,1,4,29.91872954355242,29.91150927100104
les_bridge_fing09__d6t2__00032.wav,lsp-arctan,les_bridge_fing09,0.0015254021,les_neck_fing01__d6t4__00034.wav,lsp-hardclip,6,6,2,4,29.91872954355242,29.908667593492765
les_bridge_fing09__d6t3__00033.wav,lsp-arctan,les_bridge_fing09,0.0011779666,les_neck_fing01__d7t4__00039.wav,lsp-hardclip,6,7,3,4,29.91872954355242,34.07942205160116
les_bridge_fing09__d6t4__00034.wav,lsp-arctan,les_bridge_fing09,0.0015434027,les_bridge_fing20__d7t4__00039.wav,lsp-hardclip,6,7,4,4,29.91872954355242,34.07942205160116
les_bridge_fing09__d7t0__00035.wav,lsp-arctan,les_bridge_fing09,0.009113014,les_neck_pick07__d7t3__00038.wav,byod-mxr,7,7,0,3,34.09435618625095,34.08156088036171
les_bridge_fing09__d7t1__00036.wav,lsp-arctan,les_bridge_fing09,0.0020779371,les_neck_pick09__d7t3__00038.wav,lsp-hardclip,7,7,1,3,34.09435618625095,34.07942205160116
les_bridge_fing09__d7t2__00037.wav,lsp-arctan,les_bridge_fing09,0.00084757805,les_neck_pick09__d7t4__00039.wav,lsp-sine,7,7,2,4,34.09435618625095,34.094517939627885
les_bridge_fing09__d7t3__00038.wav,lsp-arctan,les_bridge_fing09,0.0022744536,les_bridge_fing20__d7t4__00039.wav,lsp-hardclip,7,7,3,4,34.09435618625095,34.07942205160116
les_bridge_fing09__d7t4__00039.wav,lsp-arctan,les_bridge_fing09,0.0018462539,les_bridge_fing20__d7t4__00039.wav,lsp-sine,7,7,4,4,34.09435618625095,34.094517939627885
les_bridge_fing11__d0t0__00000.wav,lsp-arctan,les_bridge_fing11,0.0016936064,les_neck_pick12__d0t1__00001.wav,pedalboard-tanh,0,0,0,1,5.005872107125804,5.0
les_bridge_fing11__d0t1__00001.wav,lsp-arctan,les_bridge_fing11,0.00047135353,les_bridge_fing20__d1t0__00005.wav,byod-mxr,0,1,1,0,5.005872107125804,9.107670514338215
les_bridge_fing11__d0t2__00002.wav,lsp-arctan,les_bridge_fing11,0.00068968534,les_bridge_pick22__d0t2__00002.wav,lsp-tanh,0,0,2,2,5.005872107125804,5.0
les_bridge_fing11__d0t3__00003.wav,lsp-arctan,les_bridge_fing11,0.0012575984,les_neck_pick21__d0t1__00001.wav,lsp-hardclip,0,0,3,1,5.005872107125804,5.063331073032135
les_bridge_fing11__d0t4__00004.wav,lsp-arctan,les_bridge_fing11,0.0044267178,les_neck_fing15__d3t2__00017.wav,lsp-hardclip,0,3,4,2,5.005872107125804,17.563088337099366
les_bridge_fing11__d1t0__00005.wav,lsp-arctan,les_bridge_fing11,0.0007067919,les_neck_pick12__d1t1__00006.wav,lsp-tanh,1,1,0,1,9.170316408518453,9.088421535688989
les_bridge_fing11__d1t1__00006.wav,lsp-arctan,les_bridge_fing11,0.00051915646,les_bridge_fing24__d1t0__00005.wav,byod-mxr,1,1,1,0,9.170316408518453,9.107670514338215
les_bridge_fing11__d1t2__00007.wav,lsp-arctan,les_bridge_fing11,0.0006984472,les_bridge_fing20__d0t1__00001.wav,lsp-hardclip,1,0,2,1,9.170316408518453,5.063331073032135
les_bridge_fing11__d1t3__00008.wav,lsp-arctan,les_bridge_fing11,0.0023371577,les_bridge_fing20__d1t2__00007.wav,lsp-hardclip,1,1,3,2,9.170316408518453,9.35456396552498
les_bridge_fing11__d1t4__00009.wav,lsp-arctan,les_bridge_fing11,0.0046983957,les_bridge_pick22__d1t3__00008.wav,lsp-hardclip,1,1,4,3,9.170316408518453,9.35456396552498
les_bridge_fing11__d2t0__00010.wav,lsp-arctan,les_bridge_fing11,0.0007364154,les_neck_pick12__d1t1__00006.wav,lsp-sine,2,1,0,1,13.270071970821393,9.202349861352678
les_bridge_fing11__d2t1__00011.wav,lsp-arctan,les_bridge_fing11,0.002301395,les_neck_pick05__d2t0__00010.wav,pedalboard-tanh,2,2,1,0,13.270071970821393,13.296816138037473
les_bridge_fing11__d2t2__00012.wav,lsp-arctan,les_bridge_fing11,0.0012043118,les_neck_pick12__d1t3__00008.wav,byod-mxr,2,1,2,3,13.270071970821393,9.107670514338215
les_bridge_fing11__d2t3__00013.wav,lsp-arctan,les_bridge_fing11,0.0016337633,les_neck_pick05__d2t1__00011.wav,pedalboard-tanh,2,2,3,1,13.270071970821393,13.296816138037473
les_bridge_fing11__d2t4__00014.wav,lsp-arctan,les_bridge_fing11,0.0050699115,les_neck_pick04__d2t2__00012.wav,byod-mxr,2,2,4,2,13.270071970821393,13.292365801948186
les_bridge_fing11__d3t0__00015.wav,lsp-arctan,les_bridge_fing11,0.00074243546,les_bridge_pick22__d0t0__00000.wav,lsp-hardclip,3,0,0,0,17.436825605717576,5.063331073032135
les_bridge_fing11__d3t1__00016.wav,lsp-arctan,les_bridge_fing11,0.0022612214,les_neck_pick12__d2t2__00012.wav,lsp-hardclip,3,2,1,2,17.436825605717576,13.55142968534178
les_bridge_fing11__d3t2__00017.wav,lsp-arctan,les_bridge_fing11,0.0014773607,les_bridge_pick22__d3t2__00017.wav,byod-mxr,3,3,2,2,17.436825605717576,17.452308155418716
les_bridge_fing11__d3t3__00018.wav,lsp-arctan,les_bridge_fing11,0.0029754639,les_bridge_pick25__d3t2__00017.wav,byod-mxr,3,3,3,2,17.436825605717576,17.452308155418716
les_bridge_fing11__d3t4__00019.wav,lsp-arctan,les_bridge_fing11,0.005325973,les_neck_pick11__d3t2__00017.wav,byod-mxr,3,3,4,2,17.436825605717576,17.452308155418716
les_bridge_fing11__d4t0__00020.wav,lsp-arctan,les_bridge_fing11,0.0008684397,les_neck_pick12__d4t1__00021.wav,lsp-hardclip,4,4,0,1,21.613326710488973,21.54643860361127
les_bridge_fing11__d4t1__00021.wav,lsp-arctan,les_bridge_fing11,0.0036488771,les_neck_fing01__d4t0__00020.wav,lsp-sine,4,4,1,0,21.613326710488973,21.652716208419097
les_bridge_fing11__d4t2__00022.wav,lsp-arctan,les_bridge_fing11,0.0032108426,les_bridge_pick22__d4t2__00022.wav,lsp-sine,4,4,2,2,21.613326710488973,21.652716208419097
les_bridge_fing11__d4t3__00023.wav,lsp-arctan,les_bridge_fing11,0.004363656,les_bridge_pick22__d4t3__00023.wav,pedalboard-tanh,4,4,3,3,21.613326710488973,21.61638024087312
les_bridge_fing11__d4t4__00024.wav,lsp-arctan,les_bridge_fing11,0.0047643185,les_neck_pick05__d5t2__00027.wav,lsp-hardclip,4,5,4,2,21.613326710488973,25.79865436059077
les_bridge_fing11__d5t0__00025.wav,lsp-arctan,les_bridge_fing11,0.0017890334,les_bridge_pick22__d5t0__00025.wav,lsp-sine,5,5,0,0,25.788497067568912,25.7855895742644
les_bridge_fing11__d5t1__00026.wav,lsp-arctan,les_bridge_fing11,0.004320264,les_bridge_fing17__d5t0__00025.wav,pedalboard-tanh,5,5,1,0,25.788497067568912,25.782351420955937
les_bridge_fing11__d5t2__00027.wav,lsp-arctan,les_bridge_fing11,0.0021233559,les_bridge_fing24__d5t3__00028.wav,lsp-hardclip,5,5,2,3,25.788497067568912,25.79865436059077
les_bridge_fing11__d5t3__00028.wav,lsp-arctan,les_bridge_fing11,0.0031946301,les_bridge_pick25__d5t3__00028.wav,lsp-hardclip,5,5,3,3,25.788497067568912,25.79865436059077
les_bridge_fing11__d5t4__00029.wav,lsp-arctan,les_bridge_fing11,0.0022867322,les_bridge_pick25__d5t4__00029.wav,lsp-tanh,5,5,4,4,25.788497067568912,25.766463780707188
les_bridge_fing11__d6t0__00030.wav,lsp-arctan,les_bridge_fing11,0.0022242665,les_bridge_pick22__d6t0__00030.wav,lsp-sine,6,6,0,0,29.91872954355242,29.915327656251563
les_bridge_fing11__d6t1__00031.wav,lsp-arctan,les_bridge_fing11,0.0032653213,les_neck_pick04__d6t1__00031.wav,lsp-hardclip,6,6,1,1,29.91872954355242,29.908667593492765
les_bridge_fing11__d6t2__00032.wav,lsp-arctan,les_bridge_fing11,0.0021657348,les_bridge_pick17__d6t2__00032.wav,lsp-hardclip,6,6,2,2,29.91872954355242,29.908667593492765
les_bridge_fing11__d6t3__00033.wav,lsp-arctan,les_bridge_fing11,0.0017148852,les_bridge_pick25__d6t3__00033.wav,lsp-sine,6,6,3,3,29.91872954355242,29.915327656251563
les_bridge_fing11__d6t4__00034.wav,lsp-arctan,les_bridge_fing11,0.0020139813,les_neck_pick11__d6t4__00034.wav,lsp-sine,6,6,4,4,29.91872954355242,29.915327656251563
les_bridge_fing11__d7t0__00035.wav,lsp-arctan,les_bridge_fing11,0.0024657845,les_neck_pick09__d7t0__00035.wav,pedalboard-tanh,7,7,0,0,34.09435618625095,34.075823464139134
les_bridge_fing11__d7t1__00036.wav,lsp-arctan,les_bridge_fing11,0.0012405515,les_neck_pick11__d7t1__00036.wav,pedalboard-tanh,7,7,1,1,34.09435618625095,34.075823464139134
les_bridge_fing11__d7t2__00037.wav,lsp-arctan,les_bridge_fing11,0.0044416785,les_bridge_fing20__d7t1__00036.wav,lsp-sine,7,7,2,1,34.09435618625095,34.094517939627885
les_bridge_fing11__d7t3__00038.wav,lsp-arctan,les_bridge_fing11,0.002171576,les_neck_pick02__d7t4__00039.wav,lsp-hardclip,7,7,3,4,34.09435618625095,34.07942205160116
les_bridge_fing11__d7t4__00039.wav,lsp-arctan,les_bridge_fing11,0.0030677915,les_neck_fing01__d7t4__00039.wav,lsp-hardclip,7,7,4,4,34.09435618625095,34.07942205160116
les_bridge_fing16__d0t0__00000.wav,lsp-arctan,les_bridge_fing16,0.001570642,les_neck_pick02__d0t1__00001.wav,lsp-tanh,0,0,0,1,5.005872107125804,5.0
les_bridge_fing16__d0t1__00001.wav,lsp-arctan,les_bridge_fing16,0.0018094778,les_bridge_pick25__d0t3__00003.wav,pedalboard-tanh,0,0,1,3,5.005872107125804,5.0
les_bridge_fing16__d0t2__00002.wav,lsp-arctan,les_bridge_fing16,0.0045160055,les_bridge_fing24__d0t4__00004.wav,byod-mxr,0,0,2,4,5.005872107125804,5.0
les_bridge_fing16__d0t3__00003.wav,lsp-arctan,les_bridge_fing16,0.0024507046,les_neck_pick21__d0t3__00003.wav,lsp-tanh,0,0,3,3,5.005872107125804,5.0
les_bridge_fing16__d0t4__00004.wav,lsp-arctan,les_bridge_fing16,0.0057721734,les_neck_pick02__d1t4__00009.wav,pedalboard-tanh,0,1,4,4,5.005872107125804,9.146047429418331
les_bridge_fing16__d1t0__00005.wav,lsp-arctan,les_bridge_fing16,0.0010681748,les_neck_pick02__d1t1__00006.wav,lsp-sine,1,1,0,1,9.170316408518453,9.202349861352678
les_bridge_fing16__d1t1__00006.wav,lsp-arctan,les_bridge_fing16,0.00096583366,les_bridge_pick25__d0t3__00003.wav,pedalboard-tanh,1,0,1,3,9.170316408518453,5.0
les_bridge_fing16__d1t2__00007.wav,lsp-arctan,les_bridge_fing16,0.004356742,les_bridge_pick17__d1t3__00008.wav,lsp-hardclip,1,1,2,3,9.170316408518453,9.35456396552498
les_bridge_fing16__d1t3__00008.wav,lsp-arctan,les_bridge_fing16,0.0024788976,les_neck_pick21__d0t3__00003.wav,byod-mxr,1,0,3,3,9.170316408518453,5.0
les_bridge_fing16__d1t4__00009.wav,lsp-arctan,les_bridge_fing16,0.0043900013,les_neck_pick21__d0t4__00004.wav,lsp-tanh,1,0,4,4,9.170316408518453,5.0
les_bridge_fing16__d2t0__00010.wav,lsp-arctan,les_bridge_fing16,0.0014297962,les_bridge_pick22__d0t2__00002.wav,lsp-hardclip,2,0,0,2,13.270071970821393,5.063331073032135
les_bridge_fing16__d2t1__00011.wav,lsp-arctan,les_bridge_fing16,0.0012702942,les_bridge_pick25__d1t3__00008.wav,lsp-sine,2,1,1,3,13.270071970821393,9.202349861352678
les_bridge_fing16__d2t2__00012.wav,lsp-arctan,les_bridge_fing16,0.005389929,les_bridge_pick17__d1t4__00009.wav,byod-mxr,2,1,2,4,13.270071970821393,9.107670514338215
les_bridge_fing16__d2t3__00013.wav,lsp-arctan,les_bridge_fing16,0.002149105,les_neck_pick21__d2t3__00013.wav,lsp-tanh,2,2,3,3,13.270071970821393,13.297259315581634
les_bridge_fing16__d2t4__00014.wav,lsp-arctan,les_bridge_fing16,0.004099071,les_neck_pick05__d0t4__00004.wav,lsp-tanh,2,0,4,4,13.270071970821393,5.0
les_bridge_fing16__d3t0__00015.wav,lsp-arctan,les_bridge_fing16,0.002003312,les_neck_pick12__d1t4__00009.wav,lsp-sine,3,1,0,4,17.436825605717576,9.202349861352678
les_bridge_fing16__d3t1__00016.wav,lsp-arctan,les_bridge_fing16,0.0030140877,les_neck_pick09__d0t2__00002.wav,byod-mxr,3,0,1,2,17.436825605717576,5.0
les_bridge_fing16__d3t2__00017.wav,lsp-arctan,les_bridge_fing16,0.0016741753,les_bridge_fing17__d2t3__00013.wav,lsp-hardclip,3,2,2,3,17.436825605717576,13.55142968534178
les_bridge_fing16__d3t3__00018.wav,lsp-arctan,les_bridge_fing16,0.0024330616,les_bridge_fing17__d2t4__00014.wav,lsp-sine,3,2,3,4,17.436825605717576,13.251366385956809
les_bridge_fing16__d3t4__00019.wav,lsp-arctan,les_bridge_fing16,0.004148841,les_neck_pick14__d3t3__00018.wav,byod-mxr,3,3,4,3,17.436825605717576,17.452308155418716
les_bridge_fing16__d4t0__00020.wav,lsp-arctan,les_bridge_fing16,0.0021144152,les_neck_pick05__d3t1__00016.wav,lsp-hardclip,4,3,0,1,21.613326710488973,17.563088337099366
les_bridge_fing16__d4t1__00021.wav,lsp-arctan,les_bridge_fing16,0.0018072128,les_bridge_fing20__d3t3__00018.wav,byod-mxr,4,3,1,3,21.613326710488973,17.452308155418716
les_bridge_fing16__d4t2__00022.wav,lsp-arctan,les_bridge_fing16,0.0039512515,les_neck_pick05__d3t3__00018.wav,lsp-hardclip,4,3,2,3,21.613326710488973,17.563088337099366
les_bridge_fing16__d4t3__00023.wav,lsp-arctan,les_bridge_fing16,0.0027573705,les_neck_pick21__d4t3__00023.wav,lsp-tanh,4,4,3,3,21.613326710488973,21.61115826291455
les_bridge_fing16__d4t4__00024.wav,lsp-arctan,les_bridge_fing16,0.0030016303,les_neck_pick21__d4t4__00024.wav,byod-mxr,4,4,4,4,21.613326710488973,21.62039317761596
les_bridge_fing16__d5t0__00025.wav,lsp-arctan,les_bridge_fing16,0.0076162815,les_neck_pick14__d5t0__00025.wav,byod-mxr,5,5,0,0,25.788497067568912,25.779078975465445
les_bridge_fing16__d5t1__00026.wav,lsp-arctan,les_bridge_fing16,0.006406307,les_neck_pick11__d4t3__00023.wav,byod-mxr,5,4,1,3,25.788497067568912,21.62039317761596
les_bridge_fing16__d5t2__00027.wav,lsp-arctan,les_bridge_fing16,0.0025696754,les_bridge_pick17__d4t4__00024.wav,lsp-sine,5,4,2,4,25.788497067568912,21.652716208419097
les_bridge_fing16__d5t3__00028.wav,lsp-arctan,les_bridge_fing16,0.004763663,les_neck_fing15__d5t4__00029.wav,lsp-sine,5,5,3,4,25.788497067568912,25.7855895742644
les_bridge_fing16__d5t4__00029.wav,lsp-arctan,les_bridge_fing16,0.0022770166,les_bridge_fing20__d5t4__00029.wav,lsp-sine,5,5,4,4,25.788497067568912,25.7855895742644
les_bridge_fing16__d6t0__00030.wav,lsp-arctan,les_bridge_fing16,0.0042721033,les_neck_pick21__d6t1__00031.wav,byod-mxr,6,6,0,1,29.91872954355242,29.91150927100104
les_bridge_fing16__d6t1__00031.wav,lsp-arctan,les_bridge_fing16,0.0032000542,les_neck_pick09__d5t3__00028.wav,byod-mxr,6,5,1,3,29.91872954355242,25.779078975465445
les_bridge_fing16__d6t2__00032.wav,lsp-arctan,les_bridge_fing16,0.0021282434,les_neck_pick05__d5t4__00029.wav,lsp-sine,6,5,2,4,29.91872954355242,25.7855895742644
les_bridge_fing16__d6t3__00033.wav,lsp-arctan,les_bridge_fing16,0.0019646883,les_bridge_fing20__d5t4__00029.wav,lsp-tanh,6,5,3,4,29.91872954355242,25.766463780707188
les_bridge_fing16__d6t4__00034.wav,lsp-arctan,les_bridge_fing16,0.0016630888,les_neck_pick04__d7t4__00039.wav,pedalboard-tanh,6,7,4,4,29.91872954355242,34.075823464139134
les_bridge_fing16__d7t0__00035.wav,lsp-arctan,les_bridge_fing16,0.009315431,les_bridge_pick22__d6t3__00033.wav,byod-mxr,7,6,0,3,34.09435618625095,29.91150927100104
les_bridge_fing16__d7t1__00036.wav,lsp-arctan,les_bridge_fing16,0.002061069,les_neck_fing01__d6t3__00033.wav,lsp-hardclip,7,6,1,3,34.09435618625095,29.908667593492765
les_bridge_fing16__d7t2__00037.wav,lsp-arctan,les_bridge_fing16,0.0015666485,les_bridge_fing17__d6t4__00034.wav,lsp-sine,7,6,2,4,34.09435618625095,29.915327656251563
les_bridge_fing16__d7t3__00038.wav,lsp-arctan,les_bridge_fing16,0.0015934706,les_neck_fing15__d6t4__00034.wav,byod-mxr,7,6,3,4,34.09435618625095,29.91150927100104
les_bridge_fing16__d7t4__00039.wav,lsp-arctan,les_bridge_fing16,0.000928998,les_neck_fing15__d7t4__00039.wav,lsp-hardclip,7,7,4,4,34.09435618625095,34.07942205160116
les_bridge_fing18__d0t0__00000.wav,lsp-arctan,les_bridge_fing18,0.0016713142,les_bridge_pick16__d2t1__00011.wav,pedalboard-tanh,0,2,0,1,5.005872107125804,13.296816138037473
les_bridge_fing18__d0t1__00001.wav,lsp-arctan,les_bridge_fing18,0.0017338991,les_neck_pick21__d2t0__00010.wav,lsp-hardclip,0,2,1,0,5.005872107125804,13.55142968534178
les_bridge_fing18__d0t2__00002.wav,lsp-arctan,les_bridge_fing18,0.002910018,les_bridge_fing24__d0t1__00001.wav,byod-mxr,0,0,2,1,5.005872107125804,5.0
les_bridge_fing18__d0t3__00003.wav,lsp-arctan,les_bridge_fing18,0.0008639693,les_bridge_pick22__d1t3__00008.wav,lsp-tanh,0,1,3,3,5.005872107125804,9.088421535688989
les_bridge_fing18__d0t4__00004.wav,lsp-arctan,les_bridge_fing18,0.0038455725,les_bridge_fing20__d0t3__00003.wav,lsp-hardclip,0,0,4,3,5.005872107125804,5.063331073032135
les_bridge_fing18__d1t0__00005.wav,lsp-arctan,les_bridge_fing18,0.0012760758,les_neck_pick12__d1t1__00006.wav,lsp-tanh,1,1,0,1,9.170316408518453,9.088421535688989
les_bridge_fing18__d1t1__00006.wav,lsp-arctan,les_bridge_fing18,0.0012454987,les_neck_pick12__d1t2__00007.wav,pedalboard-tanh,1,1,1,2,9.170316408518453,9.146047429418331
les_bridge_fing18__d1t2__00007.wav,lsp-arctan,les_bridge_fing18,0.0014816523,les_bridge_pick22__d1t2__00007.wav,lsp-hardclip,1,1,2,2,9.170316408518453,9.35456396552498
les_bridge_fing18__d1t3__00008.wav,lsp-arctan,les_bridge_fing18,0.0016272068,les_neck_pick04__d1t2__00007.wav,lsp-tanh,1,1,3,2,9.170316408518453,9.088421535688989
les_bridge_fing18__d1t4__00009.wav,lsp-arctan,les_bridge_fing18,0.0035058856,les_bridge_pick22__d1t4__00009.wav,byod-mxr,1,1,4,4,9.170316408518453,9.107670514338215
les_bridge_fing18__d2t0__00010.wav,lsp-arctan,les_bridge_fing18,0.0011576414,les_neck_pick12__d1t1__00006.wav,lsp-hardclip,2,1,0,1,13.270071970821393,9.35456396552498
les_bridge_fing18__d2t1__00011.wav,lsp-arctan,les_bridge_fing18,0.0015303493,les_neck_pick12__d0t2__00002.wav,lsp-hardclip,2,0,1,2,13.270071970821393,5.063331073032135
les_bridge_fing18__d2t2__00012.wav,lsp-arctan,les_bridge_fing18,0.0032497048,les_neck_pick02__d2t1__00011.wav,byod-mxr,2,2,2,1,13.270071970821393,13.292365801948186
les_bridge_fing18__d2t3__00013.wav,lsp-arctan,les_bridge_fing18,0.0025187135,les_neck_pick04__d2t2__00012.wav,lsp-tanh,2,2,3,2,13.270071970821393,13.297259315581634
les_bridge_fing18__d2t4__00014.wav,lsp-arctan,les_bridge_fing18,0.004298866,les_neck_fing01__d0t2__00002.wav,lsp-hardclip,2,0,4,2,13.270071970821393,5.063331073032135
les_bridge_fing18__d3t0__00015.wav,lsp-arctan,les_bridge_fing18,0.0021079183,les_bridge_pick16__d4t0__00020.wav,lsp-tanh,3,4,0,0,17.436825605717576,21.61115826291455
les_bridge_fing18__d3t1__00016.wav,lsp-arctan,les_bridge_fing18,0.0025832057,les_bridge_pick17__d4t0__00020.wav,lsp-sine,3,4,1,0,17.436825605717576,21.652716208419097
les_bridge_fing18__d3t2__00017.wav,lsp-arctan,les_bridge_fing18,0.0059792995,les_bridge_fing24__d3t2__00017.wav,byod-mxr,3,3,2,2,17.436825605717576,17.452308155418716
les_bridge_fing18__d3t3__00018.wav,lsp-arctan,les_bridge_fing18,0.0056526065,les_neck_pick21__d4t1__00021.wav,lsp-tanh,3,4,3,1,17.436825605717576,21.61115826291455
les_bridge_fing18__d3t4__00019.wav,lsp-arctan,les_bridge_fing18,0.005998194,les_bridge_pick17__d4t2__00022.wav,lsp-hardclip,3,4,4,2,17.436825605717576,21.54643860361127
les_bridge_fing18__d4t0__00020.wav,lsp-arctan,les_bridge_fing18,0.0031137466,les_bridge_pick25__d4t0__00020.wav,pedalboard-tanh,4,4,0,0,21.613326710488973,21.61638024087312
les_bridge_fing18__d4t1__00021.wav,lsp-arctan,les_bridge_fing18,0.0036937594,les_neck_pick12__d5t1__00026.wav,byod-mxr,4,5,1,1,21.613326710488973,25.779078975465445
les_bridge_fing18__d4t2__00022.wav,lsp-arctan,les_bridge_fing18,0.0019680858,les_neck_pick12__d4t4__00024.wav,lsp-sine,4,4,2,4,21.613326710488973,21.652716208419097
les_bridge_fing18__d4t3__00023.wav,lsp-arctan,les_bridge_fing18,0.0037127733,les_bridge_fing21__d5t3__00028.wav,byod-mxr,4,5,3,3,21.613326710488973,25.779078975465445
les_bridge_fing18__d4t4__00024.wav,lsp-arctan,les_bridge_fing18,0.0037890077,les_bridge_pick22__d5t3__00028.wav,lsp-hardclip,4,5,4,3,21.613326710488973,25.79865436059077
les_bridge_fing18__d5t0__00025.wav,lsp-arctan,les_bridge_fing18,0.0035607815,les_bridge_pick25__d5t0__00025.wav,byod-mxr,5,5,0,0,25.788497067568912,25.779078975465445
les_bridge_fing18__d5t1__00026.wav,lsp-arctan,les_bridge_fing18,0.0073316097,les_neck_pick12__d6t1__00031.wav,byod-mxr,5,6,1,1,25.788497067568912,29.91150927100104
les_bridge_fing18__d5t2__00027.wav,lsp-arctan,les_bridge_fing18,0.004031718,les_bridge_fing24__d5t4__00029.wav,lsp-sine,5,5,2,4,25.788497067568912,25.7855895742644
les_bridge_fing18__d5t3__00028.wav,lsp-arctan,les_bridge_fing18,0.004891813,les_bridge_fing17__d6t2__00032.wav,byod-mxr,5,6,3,2,25.788497067568912,29.91150927100104
les_bridge_fing18__d5t4__00029.wav,lsp-arctan,les_bridge_fing18,0.0049527287,les_bridge_pick22__d6t4__00034.wav,lsp-sine,5,6,4,4,25.788497067568912,29.915327656251563
les_bridge_fing18__d6t0__00030.wav,lsp-arctan,les_bridge_fing18,0.0039690137,les_neck_pick05__d6t0__00030.wav,lsp-tanh,6,6,0,0,29.91872954355242,29.89601395521624
les_bridge_fing18__d6t1__00031.wav,lsp-arctan,les_bridge_fing18,0.008249581,les_neck_pick12__d5t4__00029.wav,lsp-hardclip,6,5,1,4,29.91872954355242,25.79865436059077
les_bridge_fing18__d6t2__00032.wav,lsp-arctan,les_bridge_fing18,0.0037475824,les_bridge_pick22__d6t3__00033.wav,lsp-tanh,6,6,2,3,29.91872954355242,29.89601395521624
les_bridge_fing18__d6t3__00033.wav,lsp-arctan,les_bridge_fing18,0.0023622513,les_neck_fing01__d6t3__00033.wav,byod-mxr,6,6,3,3,29.91872954355242,29.91150927100104
les_bridge_fing18__d6t4__00034.wav,lsp-arctan,les_bridge_fing18,0.0021529794,les_neck_pick04__d7t4__00039.wav,byod-mxr,6,7,4,4,29.91872954355242,34.08156088036171
les_bridge_fing18__d7t0__00035.wav,lsp-arctan,les_bridge_fing18,0.0038217902,les_bridge_pick22__d7t1__00036.wav,lsp-hardclip,7,7,0,1,34.09435618625095,34.07942205160116
les_bridge_fing18__d7t1__00036.wav,lsp-arctan,les_bridge_fing18,0.0029605627,les_bridge_pick17__d7t1__00036.wav,lsp-sine,7,7,1,1,34.09435618625095,34.094517939627885
les_bridge_fing18__d7t2__00037.wav,lsp-arctan,les_bridge_fing18,0.0019783974,les_neck_fing01__d7t2__00037.wav,byod-mxr,7,7,2,2,34.09435618625095,34.08156088036171
les_bridge_fing18__d7t3__00038.wav,lsp-arctan,les_bridge_fing18,0.0014300942,les_bridge_fing17__d7t3__00038.wav,byod-mxr,7,7,3,3,34.09435618625095,34.08156088036171
les_bridge_fing18__d7t4__00039.wav,lsp-arctan,les_bridge_fing18,0.0012924671,les_bridge_fing17__d7t4__00039.wav,byod-mxr,7,7,4,4,34.09435618625095,34.08156088036171
les_bridge_fing23__d0t0__00000.wav,lsp-arctan,les_bridge_fing23,0.001106143,les_neck_pick14__d0t0__00000.wav,pedalboard-tanh,0,0,0,0,5.005872107125804,5.0
les_bridge_fing23__d0t1__00001.wav,lsp-arctan,les_bridge_fing23,0.0006982088,les_bridge_fing24__d0t3__00003.wav,pedalboard-tanh,0,0,1,3,5.005872107125804,5.0
les_bridge_fing23__d0t2__00002.wav,lsp-arctan,les_bridge_fing23,0.001422584,les_bridge_pick17__d0t4__00004.wav,pedalboard-tanh,0,0,2,4,5.005872107125804,5.0
les_bridge_fing23__d0t3__00003.wav,lsp-arctan,les_bridge_fing23,0.00845325,les_neck_pick21__d0t3__00003.wav,pedalboard-tanh,0,0,3,3,5.005872107125804,5.0
les_bridge_fing23__d0t4__00004.wav,lsp-arctan,les_bridge_fing23,0.00219059,les_neck_pick14__d0t3__00003.wav,lsp-sine,0,0,4,3,5.005872107125804,5.041347474059023
les_bridge_fing23__d1t0__00005.wav,lsp-arctan,les_bridge_fing23,0.0010715723,les_neck_pick14__d0t0__00000.wav,byod-mxr,1,0,0,0,9.170316408518453,5.0
les_bridge_fing23__d1t1__00006.wav,lsp-arctan,les_bridge_fing23,0.0006824732,les_bridge_fing24__d0t3__00003.wav,lsp-sine,1,0,1,3,9.170316408518453,5.041347474059023
les_bridge_fing23__d1t2__00007.wav,lsp-arctan,les_bridge_fing23,0.0015612245,les_bridge_pick17__d0t4__00004.wav,pedalboard-tanh,1,0,2,4,9.170316408518453,5.0
les_bridge_fing23__d1t3__00008.wav,lsp-arctan,les_bridge_fing23,0.0046847463,les_neck_pick21__d0t3__00003.wav,pedalboard-tanh,1,0,3,3,9.170316408518453,5.0
les_bridge_fing23__d1t4__00009.wav,lsp-arctan,les_bridge_fing23,0.0023156404,les_neck_pick14__d1t3__00008.wav,lsp-sine,1,1,4,3,9.170316408518453,9.202349861352678
les_bridge_fing23__d2t0__00010.wav,lsp-arctan,les_bridge_fing23,0.0011143088,les_bridge_pick16__d0t3__00003.wav,lsp-sine,2,0,0,3,13.270071970821393,5.041347474059023
les_bridge_fing23__d2t1__00011.wav,lsp-arctan,les_bridge_fing23,0.0015670061,les_neck_pick02__d0t2__00002.wav,lsp-sine,2,0,1,2,13.270071970821393,5.041347474059023
les_bridge_fing23__d2t2__00012.wav,lsp-arctan,les_bridge_fing23,0.0017668009,les_bridge_pick17__d0t4__00004.wav,byod-mxr,2,0,2,4,13.270071970821393,5.0
les_bridge_fing23__d2t3__00013.wav,lsp-arctan,les_bridge_fing23,0.0025060177,les_neck_pick21__d0t3__00003.wav,byod-mxr,2,0,3,3,13.270071970821393,5.0
les_bridge_fing23__d2t4__00014.wav,lsp-arctan,les_bridge_fing23,0.005035341,les_neck_pick14__d2t3__00013.wav,lsp-tanh,2,2,4,3,13.270071970821393,13.297259315581634
les_bridge_fing23__d3t0__00015.wav,lsp-arctan,les_bridge_fing23,0.0012484193,les_bridge_pick16__d1t3__00008.wav,lsp-sine,3,1,0,3,17.436825605717576,9.202349861352678
les_bridge_fing23__d3t1__00016.wav,lsp-arctan,les_bridge_fing23,0.0035350323,les_neck_pick02__d2t2__00012.wav,pedalboard-tanh,3,2,1,2,17.436825605717576,13.296816138037473
les_bridge_fing23__d3t2__00017.wav,lsp-arctan,les_bridge_fing23,0.0028307438,les_neck_pick09__d1t3__00008.wav,byod-mxr,3,1,2,3,17.436825605717576,9.107670514338215
les_bridge_fing23__d3t3__00018.wav,lsp-arctan,les_bridge_fing23,0.0018804073,les_bridge_fing17__d2t4__00014.wav,lsp-hardclip,3,2,3,4,17.436825605717576,13.55142968534178
les_bridge_fing23__d3t4__00019.wav,lsp-arctan,les_bridge_fing23,0.0047907233,les_neck_pick14__d3t3__00018.wav,byod-mxr,3,3,4,3,17.436825605717576,17.452308155418716
les_bridge_fing23__d4t0__00020.wav,lsp-arctan,les_bridge_fing23,0.0040920973,les_neck_pick07__d0t4__00004.wav,lsp-sine,4,0,0,4,21.613326710488973,5.041347474059023
les_bridge_fing23__d4t1__00021.wav,lsp-arctan,les_bridge_fing23,0.00246948,les_neck_pick14__d4t1__00021.wav,lsp-sine,4,4,1,1,21.613326710488973,21.652716208419097
les_bridge_fing23__d4t2__00022.wav,lsp-arctan,les_bridge_fing23,0.0048980713,les_neck_pick09__d4t3__00023.wav,lsp-sine,4,4,2,3,21.613326710488973,21.652716208419097
les_bridge_fing23__d4t3__00023.wav,lsp-arctan,les_bridge_fing23,0.0039770603,les_neck_pick09__d4t4__00024.wav,lsp-tanh,4,4,3,4,21.613326710488973,21.61115826291455
les_bridge_fing23__d4t4__00024.wav,lsp-arctan,les_bridge_fing23,0.0034914017,les_neck_pick14__d5t3__00028.wav,lsp-hardclip,4,5,4,3,21.613326710488973,25.79865436059077
les_bridge_fing23__d5t0__00025.wav,lsp-arctan,les_bridge_fing23,0.016015708,les_neck_pick12__d3t4__00019.wav,lsp-hardclip,5,3,0,4,25.788497067568912,17.563088337099366
les_bridge_fing23__d5t1__00026.wav,lsp-arctan,les_bridge_fing23,0.0068511367,les_bridge_pick17__d5t2__00027.wav,byod-mxr,5,5,1,2,25.788497067568912,25.779078975465445
les_bridge_fing23__d5t2__00027.wav,lsp-arctan,les_bridge_fing23,0.001336813,les_bridge_pick17__d5t3__00028.wav,byod-mxr,5,5,2,3,25.788497067568912,25.779078975465445
les_bridge_fing23__d5t3__00028.wav,lsp-arctan,les_bridge_fing23,0.0034627914,les_bridge_fing20__d5t3__00028.wav,lsp-tanh,5,5,3,3,25.788497067568912,25.766463780707188
les_bridge_fing23__d5t4__00029.wav,lsp-arctan,les_bridge_fing23,0.0033251643,les_bridge_fing20__d5t4__00029.wav,pedalboard-tanh,5,5,4,4,25.788497067568912,25.782351420955937
les_bridge_fing23__d6t0__00030.wav,lsp-arctan,les_bridge_fing23,0.005387187,les_neck_pick07__d6t3__00033.wav,pedalboard-tanh,6,6,0,3,29.91872954355242,29.92239131554786
les_bridge_fing23__d6t1__00031.wav,lsp-arctan,les_bridge_fing23,0.0033617616,les_neck_pick11__d6t2__00032.wav,byod-mxr,6,6,1,2,29.91872954355242,29.91150927100104
les_bridge_fing23__d6t2__00032.wav,lsp-arctan,les_bridge_fing23,0.0047180653,les_neck_pick05__d6t3__00033.wav,lsp-hardclip,6,6,2,3,29.91872954355242,29.908667593492765
les_bridge_fing23__d6t3__00033.wav,lsp-arctan,les_bridge_fing23,0.0014164448,les_bridge_fing20__d6t3__00033.wav,lsp-sine,6,6,3,3,29.91872954355242,29.915327656251563
les_bridge_fing23__d6t4__00034.wav,lsp-arctan,les_bridge_fing23,0.0016237497,les_bridge_fing20__d6t4__00034.wav,lsp-sine,6,6,4,4,29.91872954355242,29.915327656251563
les_bridge_fing23__d7t0__00035.wav,lsp-arctan,les_bridge_fing23,0.0044716,les_bridge_fing20__d7t0__00035.wav,lsp-sine,7,7,0,0,34.09435618625095,34.094517939627885
les_bridge_fing23__d7t1__00036.wav,lsp-arctan,les_bridge_fing23,0.0034047961,les_neck_pick14__d7t1__00036.wav,lsp-sine,7,7,1,1,34.09435618625095,34.094517939627885
les_bridge_fing23__d7t2__00037.wav,lsp-arctan,les_bridge_fing23,0.0016812682,les_neck_pick14__d7t2__00037.wav,pedalboard-tanh,7,7,2,2,34.09435618625095,34.075823464139134
les_bridge_fing23__d7t3__00038.wav,lsp-arctan,les_bridge_fing23,0.0011714697,les_neck_fing15__d7t4__00039.wav,pedalboard-tanh,7,7,3,4,34.09435618625095,34.075823464139134
les_bridge_fing23__d7t4__00039.wav,lsp-arctan,les_bridge_fing23,0.002955854,les_bridge_fing20__d7t4__00039.wav,lsp-sine,7,7,4,4,34.09435618625095,34.094517939627885
les_bridge_pick04__d0t0__00000.wav,lsp-arctan,les_bridge_pick04,0.0025863647,les_bridge_pick17__d0t2__00002.wav,pedalboard-tanh,0,0,0,2,5.005872107125804,5.0
les_bridge_pick04__d0t1__00001.wav,lsp-arctan,les_bridge_pick04,0.0030825734,les_bridge_pick17__d0t3__00003.wav,byod-mxr,0,0,1,3,5.005872107125804,5.0
les_bridge_pick04__d0t2__00002.wav,lsp-arctan,les_bridge_pick04,0.005515516,les_neck_pick14__d1t2__00007.wav,lsp-tanh,0,1,2,2,5.005872107125804,9.088421535688989
les_bridge_pick04__d0t3__00003.wav,lsp-arctan,les_bridge_pick04,0.0036674142,les_neck_pick21__d1t3__00008.wav,lsp-tanh,0,1,3,3,5.005872107125804,9.088421535688989
les_bridge_pick04__d0t4__00004.wav,lsp-arctan,les_bridge_pick04,0.004798889,les_neck_pick14__d2t3__00013.wav,lsp-hardclip,0,2,4,3,5.005872107125804,13.55142968534178
les_bridge_pick04__d1t0__00005.wav,lsp-arctan,les_bridge_pick04,0.0019202232,les_bridge_fing24__d1t3__00008.wav,pedalboard-tanh,1,1,0,3,9.170316408518453,9.146047429418331
les_bridge_pick04__d1t1__00006.wav,lsp-arctan,les_bridge_pick04,0.0068761706,les_bridge_pick17__d1t3__00008.wav,lsp-hardclip,1,1,1,3,9.170316408518453,9.35456396552498
les_bridge_pick04__d1t2__00007.wav,lsp-arctan,les_bridge_pick04,0.006834805,les_bridge_pick17__d0t4__00004.wav,lsp-hardclip,1,0,2,4,9.170316408518453,5.063331073032135
les_bridge_pick04__d1t3__00008.wav,lsp-arctan,les_bridge_pick04,0.003079474,les_neck_pick14__d1t3__00008.wav,byod-mxr,1,1,3,3,9.170316408518453,9.107670514338215
les_bridge_pick04__d1t4__00009.wav,lsp-arctan,les_bridge_pick04,0.004127085,les_neck_pick21__d0t4__00004.wav,byod-mxr,1,0,4,4,9.170316408518453,5.0
les_bridge_pick04__d2t0__00010.wav,lsp-arctan,les_bridge_pick04,0.0028319359,les_bridge_pick22__d0t4__00004.wav,byod-mxr,2,0,0,4,13.270071970821393,5.0
les_bridge_pick04__d2t1__00011.wav,lsp-arctan,les_bridge_pick04,0.0057727695,les_bridge_pick17__d1t4__00009.wav,byod-mxr,2,1,1,4,13.270071970821393,9.107670514338215
les_bridge_pick04__d2t2__00012.wav,lsp-arctan,les_bridge_pick04,0.0038160086,les_neck_pick21__d1t3__00008.wav,byod-mxr,2,1,2,3,13.270071970821393,9.107670514338215
les_bridge_pick04__d2t3__00013.wav,lsp-arctan,les_bridge_pick04,0.002607584,les_neck_pick14__d2t3__00013.wav,byod-mxr,2,2,3,3,13.270071970821393,13.292365801948186
les_bridge_pick04__d2t4__00014.wav,lsp-arctan,les_bridge_pick04,0.0016118884,les_neck_pick21__d2t4__00014.wav,lsp-tanh,2,2,4,4,13.270071970821393,13.297259315581634
les_bridge_pick04__d3t0__00015.wav,lsp-arctan,les_bridge_pick04,0.002796054,les_bridge_pick22__d2t4__00014.wav,pedalboard-tanh,3,2,0,4,17.436825605717576,13.296816138037473
les_bridge_pick04__d3t1__00016.wav,lsp-arctan,les_bridge_pick04,0.003113687,les_neck_pick09__d1t3__00008.wav,lsp-sine,3,1,1,3,17.436825605717576,9.202349861352678
les_bridge_pick04__d3t2__00017.wav,lsp-arctan,les_bridge_pick04,0.0035544634,les_bridge_fing17__d2t4__00014.wav,lsp-hardclip,3,2,2,4,17.436825605717576,13.55142968534178
les_bridge_pick04__d3t3__00018.wav,lsp-arctan,les_bridge_pick04,0.0061144233,les_neck_pick14__d3t3__00018.wav,byod-mxr,3,3,3,3,17.436825605717576,17.452308155418716
les_bridge_pick04__d3t4__00019.wav,lsp-arctan,les_bridge_pick04,0.0016211271,les_neck_pick21__d3t4__00019.wav,pedalboard-tanh,3,3,4,4,17.436825605717576,17.454399305827287
les_bridge_pick04__d4t0__00020.wav,lsp-arctan,les_bridge_pick04,0.004226744,les_neck_pick14__d4t1__00021.wav,lsp-sine,4,4,0,1,21.613326710488973,21.652716208419097
les_bridge_pick04__d4t1__00021.wav,lsp-arctan,les_bridge_pick04,0.0022690892,les_bridge_fing17__d3t3__00018.wav,lsp-sine,4,3,1,3,21.613326710488973,17.46073355198249
les_bridge_pick04__d4t2__00022.wav,lsp-arctan,les_bridge_pick04,0.0029150844,les_neck_pick21__d4t3__00023.wav,byod-mxr,4,4,2,3,21.613326710488973,21.62039317761596
les_bridge_pick04__d4t3__00023.wav,lsp-arctan,les_bridge_pick04,0.003171444,les_neck_pick21__d4t4__00024.wav,byod-mxr,4,4,3,4,21.613326710488973,21.62039317761596
les_bridge_pick04__d4t4__00024.wav,lsp-arctan,les_bridge_pick04,0.009835482,les_neck_pick21__d5t4__00029.wav,pedalboard-tanh,4,5,4,4,21.613326710488973,25.782351420955937
les_bridge_pick04__d5t0__00025.wav,lsp-arctan,les_bridge_pick04,0.0055479407,les_bridge_fing20__d4t3__00023.wav,lsp-hardclip,5,4,0,3,25.788497067568912,21.54643860361127
les_bridge_pick04__d5t1__00026.wav,lsp-arctan,les_bridge_pick04,0.0037697554,les_neck_pick04__d4t4__00024.wav,pedalboard-tanh,5,4,1,4,25.788497067568912,21.61638024087312
les_bridge_pick04__d5t2__00027.wav,lsp-arctan,les_bridge_pick04,0.002172172,les_neck_pick21__d5t3__00028.wav,lsp-sine,5,5,2,3,25.788497067568912,25.7855895742644
les_bridge_pick04__d5t3__00028.wav,lsp-arctan,les_bridge_pick04,0.0013543367,les_neck_pick21__d5t4__00029.wav,lsp-tanh,5,5,3,4,25.788497067568912,25.766463780707188
les_bridge_pick04__d5t4__00029.wav,lsp-arctan,les_bridge_pick04,0.0033832788,les_bridge_fing17__d6t4__00034.wav,lsp-tanh,5,6,4,4,25.788497067568912,29.89601395521624
les_bridge_pick04__d6t0__00030.wav,lsp-arctan,les_bridge_pick04,0.0026708841,les_neck_pick14__d6t1__00031.wav,lsp-hardclip,6,6,0,1,29.91872954355242,29.908667593492765
les_bridge_pick04__d6t1__00031.wav,lsp-arctan,les_bridge_pick04,0.002915144,les_neck_pick04__d6t3__00033.wav,lsp-sine,6,6,1,3,29.91872954355242,29.915327656251563
les_bridge_pick04__d6t2__00032.wav,lsp-arctan,les_bridge_pick04,0.001734972,les_bridge_fing17__d6t3__00033.wav,pedalboard-tanh,6,6,2,3,29.91872954355242,29.92239131554786
les_bridge_pick04__d6t3__00033.wav,lsp-arctan,les_bridge_pick04,0.0013104081,les_bridge_fing17__d6t4__00034.wav,pedalboard-tanh,6,6,3,4,29.91872954355242,29.92239131554786
les_bridge_pick04__d6t4__00034.wav,lsp-arctan,les_bridge_pick04,0.0016280413,les_bridge_fing20__d6t4__00034.wav,lsp-sine,6,6,4,4,29.91872954355242,29.915327656251563
les_bridge_pick04__d7t0__00035.wav,lsp-arctan,les_bridge_pick04,0.0042663217,les_bridge_fing17__d7t1__00036.wav,byod-mxr,7,7,0,1,34.09435618625095,34.08156088036171
les_bridge_pick04__d7t1__00036.wav,lsp-arctan,les_bridge_pick04,0.0018010736,les_neck_pick03__d6t4__00034.wav,lsp-sine,7,6,1,4,34.09435618625095,29.915327656251563
les_bridge_pick04__d7t2__00037.wav,lsp-arctan,les_bridge_pick04,0.001763761,les_neck_pick05__d6t4__00034.wav,lsp-sine,7,6,2,4,34.09435618625095,29.915327656251563
les_bridge_pick04__d7t3__00038.wav,lsp-arctan,les_bridge_pick04,0.0012989044,les_bridge_pick17__d7t3__00038.wav,pedalboard-tanh,7,7,3,3,34.09435618625095,34.075823464139134
les_bridge_pick04__d7t4__00039.wav,lsp-arctan,les_bridge_pick04,0.0009835958,les_neck_pick14__d7t4__00039.wav,lsp-hardclip,7,7,4,4,34.09435618625095,34.07942205160116
les_bridge_pick09__d0t0__00000.wav,lsp-arctan,les_bridge_pick09,0.0032407045,les_bridge_pick22__d0t0__00000.wav,byod-mxr,0,0,0,0,5.005872107125804,5.0
les_bridge_pick09__d0t1__00001.wav,lsp-arctan,les_bridge_pick09,0.0006278157,les_bridge_pick17__d2t0__00010.wav,pedalboard-tanh,0,2,1,0,5.005872107125804,13.296816138037473
les_bridge_pick09__d0t2__00002.wav,lsp-arctan,les_bridge_pick09,0.0006752014,les_bridge_fing17__d0t0__00000.wav,byod-mxr,0,0,2,0,5.005872107125804,5.0
les_bridge_pick09__d0t3__00003.wav,lsp-arctan,les_bridge_pick09,0.0013533235,les_bridge_fing20__d1t2__00007.wav,lsp-sine,0,1,3,2,5.005872107125804,9.202349861352678
les_bridge_pick09__d0t4__00004.wav,lsp-arctan,les_bridge_pick09,0.0009498,les_bridge_pick22__d1t3__00008.wav,lsp-tanh,0,1,4,3,5.005872107125804,9.088421535688989
les_bridge_pick09__d1t0__00005.wav,lsp-arctan,les_bridge_pick09,0.0030192733,les_bridge_pick22__d0t0__00000.wav,byod-mxr,1,0,0,0,9.170316408518453,5.0
les_bridge_pick09__d1t1__00006.wav,lsp-arctan,les_bridge_pick09,0.0012151003,les_neck_pick05__d1t0__00005.wav,pedalboard-tanh,1,1,1,0,9.170316408518453,9.146047429418331
les_bridge_pick09__d1t2__00007.wav,lsp-arctan,les_bridge_pick09,0.0011570454,les_bridge_pick22__d1t2__00007.wav,byod-mxr,1,1,2,2,9.170316408518453,9.107670514338215
les_bridge_pick09__d1t3__00008.wav,lsp-arctan,les_bridge_pick09,0.0005785227,les_bridge_pick25__d1t2__00007.wav,lsp-hardclip,1,1,3,2,9.170316408518453,9.35456396552498
les_bridge_pick09__d1t4__00009.wav,lsp-arctan,les_bridge_pick09,0.001116097,les_neck_pick05__d0t1__00001.wav,byod-mxr,1,0,4,1,9.170316408518453,5.0
les_bridge_pick09__d2t0__00010.wav,lsp-arctan,les_bridge_pick09,0.00057446957,les_bridge_pick22__d0t0__00000.wav,byod-mxr,2,0,0,0,13.270071970821393,5.0
les_bridge_pick09__d2t1__00011.wav,lsp-arctan,les_bridge_pick09,0.00061935186,les_neck_pick02__d2t0__00010.wav,byod-mxr,2,2,1,0,13.270071970821393,13.292365801948186
les_bridge_pick09__d2t2__00012.wav,lsp-arctan,les_bridge_pick09,0.0007830858,les_neck_pick03__d2t1__00011.wav,lsp-sine,2,2,2,1,13.270071970821393,13.251366385956809
les_bridge_pick09__d2t3__00013.wav,lsp-arctan,les_bridge_pick09,0.0023352504,les_neck_pick05__d2t1__00011.wav,pedalboard-tanh,2,2,3,1,13.270071970821393,13.296816138037473
les_bridge_pick09__d2t4__00014.wav,lsp-arctan,les_bridge_pick09,0.0033513904,les_neck_pick21__d3t1__00016.wav,byod-mxr,2,3,4,1,13.270071970821393,17.452308155418716
les_bridge_pick09__d3t0__00015.wav,lsp-arctan,les_bridge_pick09,0.00024551153,les_bridge_pick22__d2t0__00010.wav,lsp-sine,3,2,0,0,17.436825605717576,13.251366385956809
les_bridge_pick09__d3t1__00016.wav,lsp-arctan,les_bridge_pick09,0.0019993186,les_bridge_pick22__d3t1__00016.wav,lsp-sine,3,3,1,1,17.436825605717576,17.46073355198249
les_bridge_pick09__d3t2__00017.wav,lsp-arctan,les_bridge_pick09,0.0027285814,les_neck_pick09__d3t1__00016.wav,byod-mxr,3,3,2,1,17.436825605717576,17.452308155418716
les_bridge_pick09__d3t3__00018.wav,lsp-arctan,les_bridge_pick09,0.0034679174,les_bridge_fing17__d4t1__00021.wav,lsp-sine,3,4,3,1,17.436825605717576,21.652716208419097
les_bridge_pick09__d3t4__00019.wav,lsp-arctan,les_bridge_pick09,0.003468275,les_bridge_pick25__d4t2__00022.wav,lsp-sine,3,4,4,2,17.436825605717576,21.652716208419097
les_bridge_pick09__d4t0__00020.wav,lsp-arctan,les_bridge_pick09,0.00030064583,les_bridge_pick22__d4t0__00020.wav,lsp-tanh,4,4,0,0,21.613326710488973,21.61115826291455
les_bridge_pick09__d4t1__00021.wav,lsp-arctan,les_bridge_pick09,0.0022841692,les_bridge_pick22__d4t1__00021.wav,lsp-sine,4,4,1,1,21.613326710488973,21.652716208419097
les_bridge_pick09__d4t2__00022.wav,lsp-arctan,les_bridge_pick09,0.005824387,les_neck_pick12__d4t4__00024.wav,byod-mxr,4,4,2,4,21.613326710488973,21.62039317761596
les_bridge_pick09__d4t3__00023.wav,lsp-arctan,les_bridge_pick09,0.003687501,les_bridge_fing24__d4t4__00024.wav,lsp-tanh,4,4,3,4,21.613326710488973,21.61115826291455
les_bridge_pick09__d4t4__00024.wav,lsp-arctan,les_bridge_pick09,0.003627479,les_bridge_pick17__d5t2__00027.wav,byod-mxr,4,5,4,2,21.613326710488973,25.779078975465445
les_bridge_pick09__d5t0__00025.wav,lsp-arctan,les_bridge_pick09,0.0018573999,les_bridge_pick22__d5t0__00025.wav,pedalboard-tanh,5,5,0,0,25.788497067568912,25.782351420955937
les_bridge_pick09__d5t1__00026.wav,lsp-arctan,les_bridge_pick09,0.0054935217,les_bridge_pick25__d5t1__00026.wav,lsp-hardclip,5,5,1,1,25.788497067568912,25.79865436059077
les_bridge_pick09__d5t2__00027.wav,lsp-arctan,les_bridge_pick09,0.0021137,les_neck_pick12__d5t4__00029.wav,lsp-sine,5,5,2,4,25.788497067568912,25.7855895742644
les_bridge_pick09__d5t3__00028.wav,lsp-arctan,les_bridge_pick09,0.002886176,les_bridge_fing24__d5t4__00029.wav,byod-mxr,5,5,3,4,25.788497067568912,25.779078975465445
les_bridge_pick09__d5t4__00029.wav,lsp-arctan,les_bridge_pick09,0.0033119917,les_neck_pick12__d6t4__00034.wav,lsp-sine,5,6,4,4,25.788497067568912,29.915327656251563
les_bridge_pick09__d6t0__00030.wav,lsp-arctan,les_bridge_pick09,0.002675116,les_bridge_pick25__d6t0__00030.wav,lsp-hardclip,6,6,0,0,29.91872954355242,29.908667593492765
les_bridge_pick09__d6t1__00031.wav,lsp-arctan,les_bridge_pick09,0.0013598204,les_neck_pick09__d6t1__00031.wav,lsp-sine,6,6,1,1,29.91872954355242,29.915327656251563
les_bridge_pick09__d6t2__00032.wav,lsp-arctan,les_bridge_pick09,0.001388073,les_neck_pick09__d6t2__00032.wav,pedalboard-tanh,6,6,2,2,29.91872954355242,29.92239131554786
les_bridge_pick09__d6t3__00033.wav,lsp-arctan,les_bridge_pick09,0.0023274422,les_bridge_fing17__d7t1__00036.wav,lsp-sine,6,7,3,1,29.91872954355242,34.094517939627885
les_bridge_pick09__d6t4__00034.wav,lsp-arctan,les_bridge_pick09,0.0012041926,les_bridge_fing24__d7t3__00038.wav,lsp-tanh,6,7,4,3,29.91872954355242,34.0729352593394
les_bridge_pick09__d7t0__00035.wav,lsp-arctan,les_bridge_pick09,0.0011813045,les_neck_pick05__d7t0__00035.wav,lsp-hardclip,7,7,0,0,34.09435618625095,34.07942205160116
les_bridge_pick09__d7t1__00036.wav,lsp-arctan,les_bridge_pick09,0.0027296543,les_bridge_fing17__d7t0__00035.wav,pedalboard-tanh,7,7,1,0,34.09435618625095,34.075823464139134
les_bridge_pick09__d7t2__00037.wav,lsp-arctan,les_bridge_pick09,0.0036907792,les_neck_fing01__d7t1__00036.wav,lsp-tanh,7,7,2,1,34.09435618625095,34.0729352593394
les_bridge_pick09__d7t3__00038.wav,lsp-arctan,les_bridge_pick09,0.0018571019,les_bridge_fing24__d7t3__00038.wav,lsp-sine,7,7,3,3,34.09435618625095,34.094517939627885
les_bridge_pick09__d7t4__00039.wav,lsp-arctan,les_bridge_pick09,0.0022993684,les_bridge_fing20__d7t3__00038.wav,byod-mxr,7,7,4,3,34.09435618625095,34.08156088036171
les_bridge_pick12__d0t0__00000.wav,lsp-arctan,les_bridge_pick12,0.0027442575,les_bridge_fing21__d1t0__00005.wav,lsp-tanh,0,1,0,0,5.005872107125804,9.088421535688989
les_bridge_pick12__d0t1__00001.wav,lsp-arctan,les_bridge_pick12,0.0039638877,les_bridge_pick22__d0t0__00000.wav,byod-mxr,0,0,1,0,5.005872107125804,5.0
les_bridge_pick12__d0t2__00002.wav,lsp-arctan,les_bridge_pick12,0.00016337633,les_bridge_fing20__d1t0__00005.wav,lsp-sine,0,1,2,0,5.005872107125804,9.202349861352678
les_bridge_pick12__d0t3__00003.wav,lsp-arctan,les_bridge_pick12,0.0003862977,les_bridge_pick25__d0t1__00001.wav,pedalboard-tanh,0,0,3,1,5.005872107125804,5.0
les_bridge_pick12__d0t4__00004.wav,lsp-arctan,les_bridge_pick12,0.00022149086,les_bridge_fing24__d1t1__00006.wav,lsp-tanh,0,1,4,1,5.005872107125804,9.088421535688989
les_bridge_pick12__d1t0__00005.wav,lsp-arctan,les_bridge_pick12,0.0031360984,les_bridge_fing21__d1t0__00005.wav,lsp-sine,1,1,0,0,9.170316408518453,9.202349861352678
les_bridge_pick12__d1t1__00006.wav,lsp-arctan,les_bridge_pick12,0.001486361,les_bridge_pick22__d0t0__00000.wav,byod-mxr,1,0,1,0,9.170316408518453,5.0
les_bridge_pick12__d1t2__00007.wav,lsp-arctan,les_bridge_pick12,0.0004184842,les_bridge_pick22__d0t1__00001.wav,pedalboard-tanh,1,0,2,1,9.170316408518453,5.0
les_bridge_pick12__d1t3__00008.wav,lsp-arctan,les_bridge_pick12,0.0004836917,les_bridge_pick25__d1t1__00006.wav,pedalboard-tanh,1,1,3,1,9.170316408518453,9.146047429418331
les_bridge_pick12__d1t4__00009.wav,lsp-arctan,les_bridge_pick12,0.000695169,les_bridge_fing20__d1t1__00006.wav,byod-mxr,1,1,4,1,9.170316408518453,9.107670514338215
les_bridge_pick12__d2t0__00010.wav,lsp-arctan,les_bridge_pick12,0.003518343,les_bridge_fing21__d2t0__00010.wav,pedalboard-tanh,2,2,0,0,13.270071970821393,13.296816138037473
les_bridge_pick12__d2t1__00011.wav,lsp-arctan,les_bridge_pick12,0.0021362305,les_bridge_pick22__d2t0__00010.wav,byod-mxr,2,2,1,0,13.270071970821393,13.292365801948186
les_bridge_pick12__d2t2__00012.wav,lsp-arctan,les_bridge_pick12,0.0005573034,les_neck_pick03__d2t0__00010.wav,lsp-hardclip,2,2,2,0,13.270071970821393,13.55142968534178
les_bridge_pick12__d2t3__00013.wav,lsp-arctan,les_bridge_pick12,0.00084507465,les_neck_pick21__d3t0__00015.wav,byod-mxr,2,3,3,0,13.270071970821393,17.452308155418716
les_bridge_pick12__d2t4__00014.wav,lsp-arctan,les_bridge_pick12,0.0018829703,les_neck_pick04__d2t1__00011.wav,lsp-tanh,2,2,4,1,13.270071970821393,13.297259315581634
les_bridge_pick12__d3t0__00015.wav,lsp-arctan,les_bridge_pick12,0.0068146586,les_bridge_fing21__d3t0__00015.wav,pedalboard-tanh,3,3,0,0,17.436825605717576,17.454399305827287
les_bridge_pick12__d3t1__00016.wav,lsp-arctan,les_bridge_pick12,0.00021612644,les_bridge_pick22__d3t0__00015.wav,byod-mxr,3,3,1,0,17.436825605717576,17.452308155418716
les_bridge_pick12__d3t2__00017.wav,lsp-arctan,les_bridge_pick12,0.00068742037,les_bridge_pick22__d3t1__00016.wav,lsp-sine,3,3,2,1,17.436825605717576,17.46073355198249
les_bridge_pick12__d3t3__00018.wav,lsp-arctan,les_bridge_pick12,0.0015643239,les_neck_pick04__d3t1__00016.wav,lsp-tanh,3,3,3,1,17.436825605717576,17.426284440144894
les_bridge_pick12__d3t4__00019.wav,lsp-arctan,les_bridge_pick12,0.0030174255,les_neck_pick09__d3t1__00016.wav,byod-mxr,3,3,4,1,17.436825605717576,17.452308155418716
les_bridge_pick12__d4t0__00020.wav,lsp-arctan,les_bridge_pick12,0.001589179,les_neck_pick12__d5t0__00025.wav,lsp-hardclip,4,5,0,0,21.613326710488973,25.79865436059077
les_bridge_pick12__d4t1__00021.wav,lsp-arctan,les_bridge_pick12,0.0017679334,les_neck_pick12__d4t1__00021.wav,lsp-sine,4,4,1,1,21.613326710488973,21.652716208419097
les_bridge_pick12__d4t2__00022.wav,lsp-arctan,les_bridge_pick12,0.0008202195,les_neck_pick11__d4t1__00021.wav,lsp-tanh,4,4,2,1,21.613326710488973,21.61115826291455
les_bridge_pick12__d4t3__00023.wav,lsp-arctan,les_bridge_pick12,0.0033812523,les_neck_pick12__d4t4__00024.wav,byod-mxr,4,4,3,4,21.613326710488973,21.62039317761596
les_bridge_pick12__d4t4__00024.wav,lsp-arctan,les_bridge_pick12,0.0054407716,les_bridge_fing24__d4t4__00024.wav,byod-mxr,4,4,4,4,21.613326710488973,21.62039317761596
les_bridge_pick12__d5t0__00025.wav,lsp-arctan,les_bridge_pick12,0.001650393,les_bridge_pick22__d5t0__00025.wav,byod-mxr,5,5,0,0,25.788497067568912,25.779078975465445
les_bridge_pick12__d5t1__00026.wav,lsp-arctan,les_bridge_pick12,0.0016248226,les_bridge_fing21__d5t1__00026.wav,pedalboard-tanh,5,5,1,1,25.788497067568912,25.782351420955937
les_bridge_pick12__d5t2__00027.wav,lsp-arctan,les_bridge_pick12,0.0020980835,les_bridge_fing21__d5t2__00027.wav,lsp-tanh,5,5,2,2,25.788497067568912,25.766463780707188
les_bridge_pick12__d5t3__00028.wav,lsp-arctan,les_bridge_pick12,0.0042372346,les_bridge_fing24__d5t4__00029.wav,lsp-sine,5,5,3,4,25.788497067568912,25.7855895742644
les_bridge_pick12__d5t4__00029.wav,lsp-arctan,les_bridge_pick12,0.00369215,les_neck_pick14__d6t1__00031.wav,lsp-hardclip,5,6,4,1,25.788497067568912,29.908667593492765
les_bridge_pick12__d6t0__00030.wav,lsp-arctan,les_bridge_pick12,0.0019106865,les_bridge_pick22__d6t0__00030.wav,lsp-sine,6,6,0,0,29.91872954355242,29.915327656251563
les_bridge_pick12__d6t1__00031.wav,lsp-arctan,les_bridge_pick12,0.0053038597,les_bridge_fing24__d6t1__00031.wav,pedalboard-tanh,6,6,1,1,29.91872954355242,29.92239131554786
les_bridge_pick12__d6t2__00032.wav,lsp-arctan,les_bridge_pick12,0.0011417866,les_bridge_pick17__d6t1__00031.wav,lsp-tanh,6,6,2,1,29.91872954355242,29.89601395521624
les_bridge_pick12__d6t3__00033.wav,lsp-arctan,les_bridge_pick12,0.0040286183,les_bridge_pick17__d6t2__00032.wav,pedalboard-tanh,6,6,3,2,29.91872954355242,29.92239131554786
les_bridge_pick12__d6t4__00034.wav,lsp-arctan,les_bridge_pick12,0.0021546483,les_neck_pick09__d6t4__00034.wav,lsp-tanh,6,6,4,4,29.91872954355242,29.89601395521624
les_bridge_pick12__d7t0__00035.wav,lsp-arctan,les_bridge_pick12,0.0015262961,les_bridge_pick22__d7t0__00035.wav,lsp-hardclip,7,7,0,0,34.09435618625095,34.07942205160116
les_bridge_pick12__d7t1__00036.wav,lsp-arctan,les_bridge_pick12,0.0027897358,les_bridge_pick17__d7t0__00035.wav,lsp-sine,7,7,1,0,34.09435618625095,34.094517939627885
les_bridge_pick12__d7t2__00037.wav,lsp-arctan,les_bridge_pick12,0.0029882193,les_bridge_pick25__d7t2__00037.wav,byod-mxr,7,7,2,2,34.09435618625095,34.08156088036171
les_bridge_pick12__d7t3__00038.wav,lsp-arctan,les_bridge_pick12,0.0010710955,les_bridge_pick25__d6t4__00034.wav,lsp-tanh,7,6,3,4,34.09435618625095,29.89601395521624
les_bridge_pick12__d7t4__00039.wav,lsp-arctan,les_bridge_pick12,0.0026868582,les_neck_pick14__d7t2__00037.wav,byod-mxr,7,7,4,2,34.09435618625095,34.08156088036171
les_bridge_pick21__d0t0__00000.wav,lsp-arctan,les_bridge_pick21,0.0025339723,les_neck_fing15__d4t0__00020.wav,lsp-sine,0,4,0,0,5.005872107125804,21.652716208419097
les_bridge_pick21__d0t1__00001.wav,lsp-arctan,les_bridge_pick21,0.0006160736,les_bridge_fing24__d1t2__00007.wav,pedalboard-tanh,0,1,1,2,5.005872107125804,9.146047429418331
les_bridge_pick21__d0t2__00002.wav,lsp-arctan,les_bridge_pick21,0.0014000535,les_bridge_pick25__d0t4__00004.wav,lsp-sine,0,0,2,4,5.005872107125804,5.041347474059023
les_bridge_pick21__d0t3__00003.wav,lsp-arctan,les_bridge_pick21,0.003213644,les_bridge_pick17__d0t4__00004.wav,byod-mxr,0,0,3,4,5.005872107125804,5.0
les_bridge_pick21__d0t4__00004.wav,lsp-arctan,les_bridge_pick21,0.002452612,les_bridge_pick17__d0t4__00004.wav,lsp-hardclip,0,0,4,4,5.005872107125804,5.063331073032135
les_bridge_pick21__d1t0__00005.wav,lsp-arctan,les_bridge_pick21,0.0010482073,les_bridge_fing17__d0t0__00000.wav,pedalboard-tanh,1,0,0,0,9.170316408518453,5.0
les_bridge_pick21__d1t1__00006.wav,lsp-arctan,les_bridge_pick21,0.0012182593,les_bridge_fing17__d0t1__00001.wav,lsp-tanh,1,0,1,1,9.170316408518453,5.0
les_bridge_pick21__d1t2__00007.wav,lsp-arctan,les_bridge_pick21,0.0019464493,les_bridge_pick25__d0t4__00004.wav,lsp-tanh,1,0,2,4,9.170316408518453,5.0
les_bridge_pick21__d1t3__00008.wav,lsp-arctan,les_bridge_pick21,0.0026200414,les_bridge_pick17__d1t4__00009.wav,lsp-tanh,1,1,3,4,9.170316408518453,9.088421535688989
les_bridge_pick21__d1t4__00009.wav,lsp-arctan,les_bridge_pick21,0.003091216,les_bridge_pick17__d1t4__00009.wav,lsp-hardclip,1,1,4,4,9.170316408518453,9.35456396552498
les_bridge_pick21__d2t0__00010.wav,lsp-arctan,les_bridge_pick21,0.00072169304,les_bridge_pick16__d2t2__00012.wav,pedalboard-tanh,2,2,0,2,13.270071970821393,13.296816138037473
les_bridge_pick21__d2t1__00011.wav,lsp-arctan,les_bridge_pick21,0.0008521676,les_bridge_fing17__d0t1__00001.wav,lsp-hardclip,2,0,1,1,13.270071970821393,5.063331073032135
les_bridge_pick21__d2t2__00012.wav,lsp-arctan,les_bridge_pick21,0.0023616552,les_bridge_pick25__d1t4__00009.wav,lsp-sine,2,1,2,4,13.270071970821393,9.202349861352678
les_bridge_pick21__d2t3__00013.wav,lsp-arctan,les_bridge_pick21,0.0021963716,les_bridge_pick17__d1t4__00009.wav,byod-mxr,2,1,3,4,13.270071970821393,9.107670514338215
les_bridge_pick21__d2t4__00014.wav,lsp-arctan,les_bridge_pick21,0.0049000382,les_neck_pick05__d0t3__00003.wav,lsp-sine,2,0,4,3,13.270071970821393,5.041347474059023
les_bridge_pick21__d3t0__00015.wav,lsp-arctan,les_bridge_pick21,0.00091695786,les_bridge_fing17__d4t0__00020.wav,lsp-hardclip,3,4,0,0,17.436825605717576,21.54643860361127
les_bridge_pick21__d3t1__00016.wav,lsp-arctan,les_bridge_pick21,0.0010874271,les_neck_pick04__d1t2__00007.wav,lsp-sine,3,1,1,2,17.436825605717576,9.202349861352678
les_bridge_pick21__d3t2__00017.wav,lsp-arctan,les_bridge_pick21,0.0018311143,les_bridge_fing17__d2t2__00012.wav,lsp-sine,3,2,2,2,17.436825605717576,13.251366385956809
les_bridge_pick21__d3t3__00018.wav,lsp-arctan,les_bridge_pick21,0.0024970174,les_bridge_fing17__d2t3__00013.wav,lsp-hardclip,3,2,3,3,17.436825605717576,13.55142968534178
les_bridge_pick21__d3t4__00019.wav,lsp-arctan,les_bridge_pick21,0.0035077333,les_bridge_fing17__d2t4__00014.wav,lsp-hardclip,3,2,4,4,17.436825605717576,13.55142968534178
les_bridge_pick21__d4t0__00020.wav,lsp-arctan,les_bridge_pick21,0.0026603937,les_neck_pick04__d2t1__00011.wav,lsp-hardclip,4,2,0,1,21.613326710488973,13.55142968534178
les_bridge_pick21__d4t1__00021.wav,lsp-arctan,les_bridge_pick21,0.0033941865,les_neck_fing15__d5t1__00026.wav,lsp-sine,4,5,1,1,21.613326710488973,25.7855895742644
les_bridge_pick21__d4t2__00022.wav,lsp-arctan,les_bridge_pick21,0.0041251183,les_neck_pick03__d3t4__00019.wav,pedalboard-tanh,4,3,2,4,21.613326710488973,17.454399305827287
les_bridge_pick21__d4t3__00023.wav,lsp-arctan,les_bridge_pick21,0.0043424964,les_neck_pick11__d3t4__00019.wav,lsp-tanh,4,3,3,4,21.613326710488973,17.426284440144894
les_bridge_pick21__d4t4__00024.wav,lsp-arctan,les_bridge_pick21,0.00497818,les_neck_pick05__d4t4__00024.wav,lsp-hardclip,4,4,4,4,21.613326710488973,21.54643860361127
les_bridge_pick21__d5t0__00025.wav,lsp-arctan,les_bridge_pick21,0.006227672,les_neck_fing01__d4t1__00021.wav,lsp-hardclip,5,4,0,1,25.788497067568912,21.54643860361127
les_bridge_pick21__d5t1__00026.wav,lsp-arctan,les_bridge_pick21,0.007313192,les_bridge_pick22__d4t3__00023.wav,lsp-tanh,5,4,1,3,25.788497067568912,21.61115826291455
les_bridge_pick21__d5t2__00027.wav,lsp-arctan,les_bridge_pick21,0.0026940107,les_neck_fing01__d4t3__00023.wav,pedalboard-tanh,5,4,2,3,25.788497067568912,21.61638024087312
les_bridge_pick21__d5t3__00028.wav,lsp-arctan,les_bridge_pick21,0.002146721,les_neck_pick21__d5t3__00028.wav,lsp-tanh,5,5,3,3,25.788497067568912,25.766463780707188
les_bridge_pick21__d5t4__00029.wav,lsp-arctan,les_bridge_pick21,0.0023112297,les_neck_pick21__d6t4__00034.wav,lsp-hardclip,5,6,4,4,25.788497067568912,29.908667593492765
les_bridge_pick21__d6t0__00030.wav,lsp-arctan,les_bridge_pick21,0.0045424104,les_neck_pick14__d6t0__00030.wav,lsp-tanh,6,6,0,0,29.91872954355242,29.89601395521624
les_bridge_pick21__d6t1__00031.wav,lsp-arctan,les_bridge_pick21,0.0030032992,les_neck_pick04__d6t2__00032.wav,byod-mxr,6,6,1,2,29.91872954355242,29.91150927100104
les_bridge_pick21__d6t2__00032.wav,lsp-arctan,les_bridge_pick21,0.0032277107,les_neck_pick21__d6t3__00033.wav,lsp-hardclip,6,6,2,3,29.91872954355242,29.908667593492765
les_bridge_pick21__d6t3__00033.wav,lsp-arctan,les_bridge_pick21,0.0022628307,les_neck_fing15__d6t4__00034.wav,lsp-hardclip,6,6,3,4,29.91872954355242,29.908667593492765
les_bridge_pick21__d6t4__00034.wav,lsp-arctan,les_bridge_pick21,0.0020763278,les_neck_pick04__d7t4__00039.wav,pedalboard-tanh,6,7,4,4,29.91872954355242,34.075823464139134
les_bridge_pick21__d7t0__00035.wav,lsp-arctan,les_bridge_pick21,0.0033735633,les_bridge_pick16__d7t1__00036.wav,pedalboard-tanh,7,7,0,1,34.09435618625095,34.075823464139134
les_bridge_pick21__d7t1__00036.wav,lsp-arctan,les_bridge_pick21,0.0044166446,les_neck_fing01__d6t2__00032.wav,byod-mxr,7,6,1,2,34.09435618625095,29.91150927100104
les_bridge_pick21__d7t2__00037.wav,lsp-arctan,les_bridge_pick21,0.0018429756,les_neck_pick04__d7t3__00038.wav,byod-mxr,7,7,2,3,34.09435618625095,34.08156088036171
les_bridge_pick21__d7t3__00038.wav,lsp-arctan,les_bridge_pick21,0.0013225079,les_neck_pick04__d7t4__00039.wav,byod-mxr,7,7,3,4,34.09435618625095,34.08156088036171
les_bridge_pick21__d7t4__00039.wav,lsp-arctan,les_bridge_pick21,0.0009351373,les_neck_fing01__d7t4__00039.wav,lsp-sine,7,7,4,4,34.09435618625095,34.094517939627885
les_neck_fing03__d0t0__00000.wav,lsp-arctan,les_neck_fing03,0.00030708313,les_neck_pick02__d1t0__00005.wav,lsp-tanh,0,1,0,0,5.005872107125804,9.088421535688989
les_neck_fing03__d0t1__00001.wav,lsp-arctan,les_neck_fing03,0.0014008284,les_neck_pick02__d1t1__00006.wav,pedalboard-tanh,0,1,1,1,5.005872107125804,9.146047429418331
les_neck_fing03__d0t2__00002.wav,lsp-arctan,les_neck_fing03,0.0013504028,les_neck_pick02__d1t2__00007.wav,lsp-sine,0,1,2,2,5.005872107125804,9.202349861352678
les_neck_fing03__d0t3__00003.wav,lsp-arctan,les_neck_fing03,0.0018278956,les_neck_fing15__d2t4__00014.wav,lsp-hardclip,0,2,3,4,5.005872107125804,13.55142968534178
les_neck_fing03__d0t4__00004.wav,lsp-arctan,les_neck_fing03,0.0015419722,les_neck_pick02__d1t4__00009.wav,lsp-tanh,0,1,4,4,5.005872107125804,9.088421535688989
les_neck_fing03__d1t0__00005.wav,lsp-arctan,les_neck_fing03,0.0003733635,les_bridge_pick22__d1t1__00006.wav,pedalboard-tanh,1,1,0,1,9.170316408518453,9.146047429418331
les_neck_fing03__d1t1__00006.wav,lsp-arctan,les_neck_fing03,0.0013406873,les_bridge_fing17__d0t0__00000.wav,byod-mxr,1,0,1,0,9.170316408518453,5.0
les_neck_fing03__d1t2__00007.wav,lsp-arctan,les_neck_fing03,0.0019189715,les_bridge_pick17__d1t2__00007.wav,lsp-hardclip,1,1,2,2,9.170316408518453,9.35456396552498
les_neck_fing03__d1t3__00008.wav,lsp-arctan,les_neck_fing03,0.0009313226,les_neck_fing15__d2t4__00014.wav,lsp-sine,1,2,3,4,9.170316408518453,13.251366385956809
les_neck_fing03__d1t4__00009.wav,lsp-arctan,les_neck_fing03,0.0015758872,les_neck_pick02__d0t4__00004.wav,byod-mxr,1,0,4,4,9.170316408518453,5.0
les_neck_fing03__d2t0__00010.wav,lsp-arctan,les_neck_fing03,0.00029361248,les_neck_pick02__d2t0__00010.wav,byod-mxr,2,2,0,0,13.270071970821393,13.292365801948186
les_neck_fing03__d2t1__00011.wav,lsp-arctan,les_neck_fing03,0.0016174316,les_neck_pick02__d2t1__00011.wav,lsp-tanh,2,2,1,1,13.270071970821393,13.297259315581634
les_neck_fing03__d2t2__00012.wav,lsp-arctan,les_neck_fing03,0.0008069277,les_neck_pick02__d1t2__00007.wav,byod-mxr,2,1,2,2,13.270071970821393,9.107670514338215
les_neck_fing03__d2t3__00013.wav,lsp-arctan,les_neck_fing03,0.0020059347,les_neck_pick02__d1t3__00008.wav,byod-mxr,2,1,3,3,13.270071970821393,9.107670514338215
les_neck_fing03__d2t4__00014.wav,lsp-arctan,les_neck_fing03,0.0026634336,les_neck_pick02__d2t4__00014.wav,lsp-tanh,2,2,4,4,13.270071970821393,13.297259315581634
les_neck_fing03__d3t0__00015.wav,lsp-arctan,les_neck_fing03,0.0005401969,les_neck_pick05__d3t0__00015.wav,pedalboard-tanh,3,3,0,0,17.436825605717576,17.454399305827287
les_neck_fing03__d3t1__00016.wav,lsp-arctan,les_neck_fing03,0.0011292696,les_bridge_fing24__d3t2__00017.wav,pedalboard-tanh,3,3,1,2,17.436825605717576,17.454399305827287
les_neck_fing03__d3t2__00017.wav,lsp-arctan,les_neck_fing03,0.0014073849,les_neck_pick02__d3t2__00017.wav,pedalboard-tanh,3,3,2,2,17.436825605717576,17.454399305827287
les_neck_fing03__d3t3__00018.wav,lsp-arctan,les_neck_fing03,0.0018696189,les_neck_pick02__d3t3__00018.wav,pedalboard-tanh,3,3,3,3,17.436825605717576,17.454399305827287
les_neck_fing03__d3t4__00019.wav,lsp-arctan,les_neck_fing03,0.0026903152,les_neck_pick02__d3t4__00019.wav,pedalboard-tanh,3,3,4,4,17.436825605717576,17.454399305827287
les_neck_fing03__d4t0__00020.wav,lsp-arctan,les_neck_fing03,0.0011410713,les_neck_pick02__d4t0__00020.wav,lsp-tanh,4,4,0,0,21.613326710488973,21.61115826291455
les_neck_fing03__d4t1__00021.wav,lsp-arctan,les_neck_fing03,0.0009838939,les_neck_pick05__d4t1__00021.wav,lsp-tanh,4,4,1,1,21.613326710488973,21.61115826291455
les_neck_fing03__d4t2__00022.wav,lsp-arctan,les_neck_fing03,0.0017242432,les_neck_pick05__d4t2__00022.wav,lsp-sine,4,4,2,2,21.613326710488973,21.652716208419097
les_neck_fing03__d4t3__00023.wav,lsp-arctan,les_neck_fing03,0.0020602345,les_neck_pick05__d4t3__00023.wav,pedalboard-tanh,4,4,3,3,21.613326710488973,21.61638024087312
les_neck_fing03__d4t4__00024.wav,lsp-arctan,les_neck_fing03,0.000857532,les_neck_pick05__d4t4__00024.wav,lsp-tanh,4,4,4,4,21.613326710488973,21.61115826291455
les_neck_fing03__d5t0__00025.wav,lsp-arctan,les_neck_fing03,0.0017731786,les_neck_pick05__d5t0__00025.wav,lsp-sine,5,5,0,0,25.788497067568912,25.7855895742644
les_neck_fing03__d5t1__00026.wav,lsp-arctan,les_neck_fing03,0.0019625425,les_neck_fing01__d5t1__00026.wav,lsp-sine,5,5,1,1,25.788497067568912,25.7855895742644
les_neck_fing03__d5t2__00027.wav,lsp-arctan,les_neck_fing03,0.0028985143,les_neck_fing01__d5t2__00027.wav,lsp-tanh,5,5,2,2,25.788497067568912,25.766463780707188
les_neck_fing03__d5t3__00028.wav,lsp-arctan,les_neck_fing03,0.0009714961,les_neck_pick05__d5t3__00028.wav,lsp-tanh,5,5,3,3,25.788497067568912,25.766463780707188
les_neck_fing03__d5t4__00029.wav,lsp-arctan,les_neck_fing03,0.00083607435,les_neck_pick05__d5t4__00029.wav,byod-mxr,5,5,4,4,25.788497067568912,25.779078975465445
les_neck_fing03__d6t0__00030.wav,lsp-arctan,les_neck_fing03,0.0042048693,les_bridge_fing20__d6t0__00030.wav,lsp-hardclip,6,6,0,0,29.91872954355242,29.908667593492765
les_neck_fing03__d6t1__00031.wav,lsp-arctan,les_neck_fing03,0.0026196241,les_bridge_pick22__d6t2__00032.wav,lsp-tanh,6,6,1,2,29.91872954355242,29.89601395521624
les_neck_fing03__d6t2__00032.wav,lsp-arctan,les_neck_fing03,0.0011882186,les_neck_fing01__d6t2__00032.wav,lsp-sine,6,6,2,2,29.91872954355242,29.915327656251563
les_neck_fing03__d6t3__00033.wav,lsp-arctan,les_neck_fing03,0.000993073,les_neck_pick03__d6t4__00034.wav,byod-mxr,6,6,3,4,29.91872954355242,29.91150927100104
les_neck_fing03__d6t4__00034.wav,lsp-arctan,les_neck_fing03,0.001231432,les_neck_pick02__d7t4__00039.wav,pedalboard-tanh,6,7,4,4,29.91872954355242,34.075823464139134
les_neck_fing03__d7t0__00035.wav,lsp-arctan,les_neck_fing03,0.0026806593,les_neck_pick21__d7t0__00035.wav,pedalboard-tanh,7,7,0,0,34.09435618625095,34.075823464139134
les_neck_fing03__d7t1__00036.wav,lsp-arctan,les_neck_fing03,0.0044698715,les_bridge_pick17__d7t1__00036.wav,lsp-sine,7,7,1,1,34.09435618625095,34.094517939627885
les_neck_fing03__d7t2__00037.wav,lsp-arctan,les_neck_fing03,0.0028539896,les_neck_pick09__d6t4__00034.wav,lsp-hardclip,7,6,2,4,34.09435618625095,29.908667593492765
les_neck_fing03__d7t3__00038.wav,lsp-arctan,les_neck_fing03,0.0010821819,les_neck_pick03__d7t4__00039.wav,byod-mxr,7,7,3,4,34.09435618625095,34.08156088036171
les_neck_fing03__d7t4__00039.wav,lsp-arctan,les_neck_fing03,0.00109303,les_neck_fing01__d7t4__00039.wav,lsp-sine,7,7,4,4,34.09435618625095,34.094517939627885
les_neck_fing04__d0t0__00000.wav,lsp-arctan,les_neck_fing04,0.00096315145,les_neck_pick12__d2t1__00011.wav,byod-mxr,0,2,0,1,5.005872107125804,13.292365801948186
les_neck_fing04__d0t1__00001.wav,lsp-arctan,les_neck_fing04,0.003534615,les_bridge_fing17__d3t0__00015.wav,lsp-sine,0,3,1,0,5.005872107125804,17.46073355198249
les_neck_fing04__d0t2__00002.wav,lsp-arctan,les_neck_fing04,0.0036121607,les_bridge_fing24__d2t3__00013.wav,lsp-sine,0,2,2,3,5.005872107125804,13.251366385956809
les_neck_fing04__d0t3__00003.wav,lsp-arctan,les_neck_fing04,0.0059108734,les_neck_fing15__d4t3__00023.wav,lsp-hardclip,0,4,3,3,5.005872107125804,21.54643860361127
les_neck_fing04__d0t4__00004.wav,lsp-arctan,les_neck_fing04,0.0031488538,les_neck_pick09__d0t4__00004.wav,lsp-hardclip,0,0,4,4,5.005872107125804,5.063331073032135
les_neck_fing04__d1t0__00005.wav,lsp-arctan,les_neck_fing04,0.0011015534,les_neck_pick12__d2t1__00011.wav,byod-mxr,1,2,0,1,9.170316408518453,13.292365801948186
les_neck_fing04__d1t1__00006.wav,lsp-arctan,les_neck_fing04,0.0033646822,les_bridge_fing17__d3t0__00015.wav,lsp-sine,1,3,1,0,9.170316408518453,17.46073355198249
les_neck_fing04__d1t2__00007.wav,lsp-arctan,les_neck_fing04,0.0030846596,les_bridge_fing24__d2t3__00013.wav,byod-mxr,1,2,2,3,9.170316408518453,13.292365801948186
les_neck_fing04__d1t3__00008.wav,lsp-arctan,les_neck_fing04,0.0054356456,les_bridge_fing20__d2t4__00014.wav,byod-mxr,1,2,3,4,9.170316408518453,13.292365801948186
les_neck_fing04__d1t4__00009.wav,lsp-arctan,les_neck_fing04,0.0028104186,les_neck_pick09__d0t4__00004.wav,lsp-tanh,1,0,4,4,9.170316408518453,5.0
les_neck_fing04__d2t0__00010.wav,lsp-arctan,les_neck_fing04,0.0012205839,les_bridge_pick22__d1t0__00005.wav,lsp-hardclip,2,1,0,0,13.270071970821393,9.35456396552498
les_neck_fing04__d2t1__00011.wav,lsp-arctan,les_neck_fing04,0.0022915602,les_bridge_fing24__d3t1__00016.wav,lsp-sine,2,3,1,1,13.270071970821393,17.46073355198249
les_neck_fing04__d2t2__00012.wav,lsp-arctan,les_neck_fing04,0.003009975,les_neck_pick11__d0t2__00002.wav,lsp-tanh,2,0,2,2,13.270071970821393,5.0
les_neck_fing04__d2t3__00013.wav,lsp-arctan,les_neck_fing04,0.0038111806,les_neck_pick11__d0t3__00003.wav,pedalboard-tanh,2,0,3,3,13.270071970821393,5.0
les_neck_fing04__d2t4__00014.wav,lsp-arctan,les_neck_fing04,0.0029743314,les_neck_pick11__d0t4__00004.wav,lsp-tanh,2,0,4,4,13.270071970821393,5.0
les_neck_fing04__d3t0__00015.wav,lsp-arctan,les_neck_fing04,0.0018137693,les_bridge_pick22__d3t0__00015.wav,lsp-hardclip,3,3,0,0,17.436825605717576,17.563088337099366
les_neck_fing04__d3t1__00016.wav,lsp-arctan,les_neck_fing04,0.002074182,les_neck_pick21__d4t0__00020.wav,lsp-tanh,3,4,1,0,17.436825605717576,21.61115826291455
les_neck_fing04__d3t2__00017.wav,lsp-arctan,les_neck_fing04,0.0023810863,les_neck_pick11__d3t2__00017.wav,pedalboard-tanh,3,3,2,2,17.436825605717576,17.454399305827287
les_neck_fing04__d3t3__00018.wav,lsp-arctan,les_neck_fing04,0.0031870008,les_bridge_fing20__d3t4__00019.wav,lsp-tanh,3,3,3,4,17.436825605717576,17.426284440144894
les_neck_fing04__d3t4__00019.wav,lsp-arctan,les_neck_fing04,0.002725184,les_neck_pick09__d4t4__00024.wav,lsp-hardclip,3,4,4,4,17.436825605717576,21.54643860361127
les_neck_fing04__d4t0__00020.wav,lsp-arctan,les_neck_fing04,0.0013911128,les_neck_pick11__d4t0__00020.wav,lsp-tanh,4,4,0,0,21.613326710488973,21.61115826291455
les_neck_fing04__d4t1__00021.wav,lsp-arctan,les_neck_fing04,0.0023025274,les_neck_pick21__d5t0__00025.wav,lsp-sine,4,5,1,0,21.613326710488973,25.7855895742644
les_neck_fing04__d4t2__00022.wav,lsp-arctan,les_neck_fing04,0.0019788742,les_neck_pick21__d5t1__00026.wav,lsp-sine,4,5,2,1,21.613326710488973,25.7855895742644
les_neck_fing04__d4t3__00023.wav,lsp-arctan,les_neck_fing04,0.0026888251,les_bridge_pick22__d4t4__00024.wav,lsp-sine,4,4,3,4,21.613326710488973,21.652716208419097
les_neck_fing04__d4t4__00024.wav,lsp-arctan,les_neck_fing04,0.0021973848,les_neck_pick02__d4t4__00024.wav,lsp-sine,4,4,4,4,21.613326710488973,21.652716208419097
les_neck_fing04__d5t0__00025.wav,lsp-arctan,les_neck_fing04,0.0030463934,les_neck_pick09__d5t0__00025.wav,pedalboard-tanh,5,5,0,0,25.788497067568912,25.782351420955937
les_neck_fing04__d5t1__00026.wav,lsp-arctan,les_neck_fing04,0.0016567707,les_neck_pick11__d5t1__00026.wav,byod-mxr,5,5,1,1,25.788497067568912,25.779078975465445
les_neck_fing04__d5t2__00027.wav,lsp-arctan,les_neck_fing04,0.0015640259,les_neck_pick12__d5t4__00029.wav,lsp-tanh,5,5,2,4,25.788497067568912,25.766463780707188
les_neck_fing04__d5t3__00028.wav,lsp-arctan,les_neck_fing04,0.0018184781,les_neck_pick09__d5t3__00028.wav,lsp-tanh,5,5,3,3,25.788497067568912,25.766463780707188
les_neck_fing04__d5t4__00029.wav,lsp-arctan,les_neck_fing04,0.0027573705,les_bridge_pick17__d5t4__00029.wav,lsp-sine,5,5,4,4,25.788497067568912,25.7855895742644
les_neck_fing04__d6t0__00030.wav,lsp-arctan,les_neck_fing04,0.00200814,les_bridge_pick22__d6t0__00030.wav,pedalboard-tanh,6,6,0,0,29.91872954355242,29.92239131554786
les_neck_fing04__d6t1__00031.wav,lsp-arctan,les_neck_fing04,0.0015938878,les_neck_pick04__d7t0__00035.wav,lsp-tanh,6,7,1,0,29.91872954355242,34.0729352593394
les_neck_fing04__d6t2__00032.wav,lsp-arctan,les_neck_fing04,0.0020794868,les_neck_fing01__d6t1__00031.wav,lsp-tanh,6,6,2,1,29.91872954355242,29.89601395521624
les_neck_fing04__d6t3__00033.wav,lsp-arctan,les_neck_fing04,0.0020288825,les_bridge_fing24__d6t4__00034.wav,lsp-sine,6,6,3,4,29.91872954355242,29.915327656251563
les_neck_fing04__d6t4__00034.wav,lsp-arctan,les_neck_fing04,0.0017787218,les_neck_pick09__d6t4__00034.wav,byod-mxr,6,6,4,4,29.91872954355242,29.91150927100104
les_neck_fing04__d7t0__00035.wav,lsp-arctan,les_neck_fing04,0.0013434291,les_bridge_fing24__d7t0__00035.wav,byod-mxr,7,7,0,0,34.09435618625095,34.08156088036171
les_neck_fing04__d7t1__00036.wav,lsp-arctan,les_neck_fing04,0.0025810003,les_bridge_pick17__d7t0__00035.wav,pedalboard-tanh,7,7,1,0,34.09435618625095,34.075823464139134
les_neck_fing04__d7t2__00037.wav,lsp-arctan,les_neck_fing04,0.0020813942,les_neck_pick09__d7t2__00037.wav,pedalboard-tanh,7,7,2,2,34.09435618625095,34.075823464139134
les_neck_fing04__d7t3__00038.wav,lsp-arctan,les_neck_fing04,0.0027068853,les_bridge_pick16__d7t3__00038.wav,lsp-hardclip,7,7,3,3,34.09435618625095,34.07942205160116
les_neck_fing04__d7t4__00039.wav,lsp-arctan,les_neck_fing04,0.00336349,les_neck_pick05__d7t4__00039.wav,lsp-sine,7,7,4,4,34.09435618625095,34.094517939627885
les_neck_fing09__d0t0__00000.wav,lsp-arctan,les_neck_fing09,0.009018362,les_bridge_pick16__d2t0__00010.wav,pedalboard-tanh,0,2,0,0,5.005872107125804,13.296816138037473
les_neck_fing09__d0t1__00001.wav,lsp-arctan,les_neck_fing09,0.010253429,les_bridge_fing21__d0t1__00001.wav,pedalboard-tanh,0,0,1,1,5.005872107125804,5.0
les_neck_fing09__d0t2__00002.wav,lsp-arctan,les_neck_fing09,0.010013759,les_bridge_pick16__d0t2__00002.wav,pedalboard-tanh,0,0,2,2,5.005872107125804,5.0
les_neck_fing09__d0t3__00003.wav,lsp-arctan,les_neck_fing09,0.0022066832,les_neck_fing15__d2t2__00012.wav,lsp-sine,0,2,3,2,5.005872107125804,13.251366385956809
les_neck_fing09__d0t4__00004.wav,lsp-arctan,les_neck_fing09,0.005375564,les_neck_fing15__d2t4__00014.wav,lsp-tanh,0,2,4,4,5.005872107125804,13.297259315581634
les_neck_fing09__d1t0__00005.wav,lsp-arctan,les_neck_fing09,0.0071814656,les_bridge_pick16__d2t0__00010.wav,pedalboard-tanh,1,2,0,0,9.170316408518453,13.296816138037473
les_neck_fing09__d1t1__00006.wav,lsp-arctan,les_neck_fing09,0.008348644,les_bridge_pick22__d0t0__00000.wav,byod-mxr,1,0,1,0,9.170316408518453,5.0
les_neck_fing09__d1t2__00007.wav,lsp-arctan,les_neck_fing09,0.0013773441,les_bridge_fing21__d0t2__00002.wav,lsp-tanh,1,0,2,2,9.170316408518453,5.0
les_neck_fing09__d1t3__00008.wav,lsp-arctan,les_neck_fing09,0.002237022,les_neck_fing15__d3t2__00017.wav,lsp-hardclip,1,3,3,2,9.170316408518453,17.563088337099366
les_neck_fing09__d1t4__00009.wav,lsp-arctan,les_neck_fing09,0.007289171,les_neck_pick02__d1t3__00008.wav,lsp-sine,1,1,4,3,9.170316408518453,9.202349861352678
les_neck_fing09__d2t0__00010.wav,lsp-arctan,les_neck_fing09,0.0019005537,les_neck_pick12__d0t0__00000.wav,lsp-tanh,2,0,0,0,13.270071970821393,5.0
les_neck_fing09__d2t1__00011.wav,lsp-arctan,les_neck_fing09,0.0029304624,les_neck_pick12__d1t1__00006.wav,lsp-tanh,2,1,1,1,13.270071970821393,9.088421535688989
les_neck_fing09__d2t2__00012.wav,lsp-arctan,les_neck_fing09,0.00095415115,les_bridge_fing24__d2t1__00011.wav,pedalboard-tanh,2,2,2,1,13.270071970821393,13.296816138037473
les_neck_fing09__d2t3__00013.wav,lsp-arctan,les_neck_fing09,0.002786696,les_bridge_fing24__d2t3__00013.wav,pedalboard-tanh,2,2,3,3,13.270071970821393,13.296816138037473
les_neck_fing09__d2t4__00014.wav,lsp-arctan,les_neck_fing09,0.007787168,les_bridge_pick22__d2t4__00014.wav,lsp-hardclip,2,2,4,4,13.270071970821393,13.55142968534178
les_neck_fing09__d3t0__00015.wav,lsp-arctan,les_neck_fing09,0.0046711564,les_bridge_fing21__d2t0__00010.wav,pedalboard-tanh,3,2,0,0,17.436825605717576,13.296816138037473
les_neck_fing09__d3t1__00016.wav,lsp-arctan,les_neck_fing09,0.0013746023,les_neck_pick09__d0t0__00000.wav,lsp-tanh,3,0,1,0,17.436825605717576,5.0
les_neck_fing09__d3t2__00017.wav,lsp-arctan,les_neck_fing09,0.004613757,les_neck_pick11__d0t1__00001.wav,pedalboard-tanh,3,0,2,1,17.436825605717576,5.0
les_neck_fing09__d3t3__00018.wav,lsp-arctan,les_neck_fing09,0.0019330978,les_neck_pick11__d2t2__00012.wav,pedalboard-tanh,3,2,3,2,17.436825605717576,13.296816138037473
les_neck_fing09__d3t4__00019.wav,lsp-arctan,les_neck_fing09,0.008174062,les_neck_pick11__d3t3__00018.wav,lsp-sine,3,3,4,3,17.436825605717576,17.46073355198249
les_neck_fing09__d4t0__00020.wav,lsp-arctan,les_neck_fing09,0.0039439797,les_neck_pick07__d4t0__00020.wav,lsp-hardclip,4,4,0,0,21.613326710488973,21.54643860361127
les_neck_fing09__d4t1__00021.wav,lsp-arctan,les_neck_fing09,0.00081175566,les_neck_pick09__d4t0__00020.wav,lsp-sine,4,4,1,0,21.613326710488973,21.652716208419097
les_neck_fing09__d4t2__00022.wav,lsp-arctan,les_neck_fing09,0.0025309324,les_bridge_pick25__d4t1__00021.wav,lsp-sine,4,4,2,1,21.613326710488973,21.652716208419097
les_neck_fing09__d4t3__00023.wav,lsp-arctan,les_neck_fing09,0.002429366,les_bridge_fing21__d4t3__00023.wav,byod-mxr,4,4,3,3,21.613326710488973,21.62039317761596
les_neck_fing09__d4t4__00024.wav,lsp-arctan,les_neck_fing09,0.0062865615,les_neck_pick11__d4t3__00023.wav,lsp-tanh,4,4,4,3,21.613326710488973,21.61115826291455
les_neck_fing09__d5t0__00025.wav,lsp-arctan,les_neck_fing09,0.001198709,les_neck_pick07__d4t1__00021.wav,pedalboard-tanh,5,4,0,1,25.788497067568912,21.61638024087312
les_neck_fing09__d5t1__00026.wav,lsp-arctan,les_neck_fing09,0.00079619884,les_neck_pick09__d5t0__00025.wav,lsp-sine,5,5,1,0,25.788497067568912,25.7855895742644
les_neck_fing09__d5t2__00027.wav,lsp-arctan,les_neck_fing09,0.0011971593,les_neck_pick11__d5t1__00026.wav,pedalboard-tanh,5,5,2,1,25.788497067568912,25.782351420955937
les_neck_fing09__d5t3__00028.wav,lsp-arctan,les_neck_fing09,0.0034835935,les_bridge_fing24__d5t3__00028.wav,pedalboard-tanh,5,5,3,3,25.788497067568912,25.782351420955937
les_neck_fing09__d5t4__00029.wav,lsp-arctan,les_neck_fing09,0.004373133,les_bridge_fing21__d5t4__00029.wav,byod-mxr,5,5,4,4,25.788497067568912,25.779078975465445
les_neck_fing09__d6t0__00030.wav,lsp-arctan,les_neck_fing09,0.0015385151,les_neck_pick07__d5t1__00026.wav,lsp-tanh,6,5,0,1,29.91872954355242,25.766463780707188
les_neck_fing09__d6t1__00031.wav,lsp-arctan,les_neck_fing09,0.002446413,les_bridge_fing24__d6t0__00030.wav,pedalboard-tanh,6,6,1,0,29.91872954355242,29.92239131554786
les_neck_fing09__d6t2__00032.wav,lsp-arctan,les_neck_fing09,0.0043627024,les_bridge_pick22__d6t1__00031.wav,pedalboard-tanh,6,6,2,1,29.91872954355242,29.92239131554786
les_neck_fing09__d6t3__00033.wav,lsp-arctan,les_neck_fing09,0.0025612116,les_neck_pick04__d7t1__00036.wav,lsp-hardclip,6,7,3,1,29.91872954355242,34.07942205160116
les_neck_fing09__d6t4__00034.wav,lsp-arctan,les_neck_fing09,0.0040335655,les_neck_pick02__d7t2__00037.wav,byod-mxr,6,7,4,2,29.91872954355242,34.08156088036171
les_neck_fing09__d7t0__00035.wav,lsp-arctan,les_neck_fing09,0.0030314326,les_neck_pick07__d6t1__00031.wav,byod-mxr,7,6,0,1,34.09435618625095,29.91150927100104
les_neck_fing09__d7t1__00036.wav,lsp-arctan,les_neck_fing09,0.0014513135,les_bridge_fing21__d7t0__00035.wav,lsp-sine,7,7,1,0,34.09435618625095,34.094517939627885
les_neck_fing09__d7t2__00037.wav,lsp-arctan,les_neck_fing09,0.0022627115,les_bridge_pick17__d7t0__00035.wav,pedalboard-tanh,7,7,2,0,34.09435618625095,34.075823464139134
les_neck_fing09__d7t3__00038.wav,lsp-arctan,les_neck_fing09,0.0030144453,les_neck_pick09__d7t2__00037.wav,byod-mxr,7,7,3,2,34.09435618625095,34.08156088036171
les_neck_fing09__d7t4__00039.wav,lsp-arctan,les_neck_fing09,0.00458467,les_neck_pick09__d7t3__00038.wav,byod-mxr,7,7,4,3,34.09435618625095,34.08156088036171
les_neck_fing11__d0t0__00000.wav,lsp-arctan,les_neck_fing11,0.018183649,les_bridge_pick16__d2t0__00010.wav,pedalboard-tanh,0,2,0,0,5.005872107125804,13.296816138037473
les_neck_fing11__d0t1__00001.wav,lsp-arctan,les_neck_fing11,0.025541604,les_bridge_pick16__d1t0__00005.wav,byod-mxr,0,1,1,0,5.005872107125804,9.107670514338215
les_neck_fing11__d0t2__00002.wav,lsp-arctan,les_neck_fing11,0.026326478,les_bridge_pick16__d0t1__00001.wav,pedalboard-tanh,0,0,2,1,5.005872107125804,5.0
les_neck_fing11__d0t3__00003.wav,lsp-arctan,les_neck_fing11,0.0031391978,les_bridge_pick16__d0t2__00002.wav,lsp-sine,0,0,3,2,5.005872107125804,5.041347474059023
les_neck_fing11__d0t4__00004.wav,lsp-arctan,les_neck_fing11,0.01089561,les_neck_fing01__d0t2__00002.wav,pedalboard-tanh,0,0,4,2,5.005872107125804,5.0
les_neck_fing11__d1t0__00005.wav,lsp-arctan,les_neck_fing11,0.014001846,les_neck_pick12__d0t0__00000.wav,lsp-tanh,1,0,0,0,9.170316408518453,5.0
les_neck_fing11__d1t1__00006.wav,lsp-arctan,les_neck_fing11,0.016205966,les_bridge_pick16__d2t0__00010.wav,pedalboard-tanh,1,2,1,0,9.170316408518453,13.296816138037473
les_neck_fing11__d1t2__00007.wav,lsp-arctan,les_neck_fing11,0.011709273,les_bridge_pick16__d1t1__00006.wav,lsp-tanh,1,1,2,1,9.170316408518453,9.088421535688989
les_neck_fing11__d1t3__00008.wav,lsp-arctan,les_neck_fing11,0.002714634,les_neck_fing15__d4t0__00020.wav,lsp-tanh,1,4,3,0,9.170316408518453,21.61115826291455
les_neck_fing11__d1t4__00009.wav,lsp-arctan,les_neck_fing11,0.0039449334,les_neck_fing01__d0t2__00002.wav,pedalboard-tanh,1,0,4,2,9.170316408518453,5.0
les_neck_fing11__d2t0__00010.wav,lsp-arctan,les_neck_fing11,0.0019235015,les_neck_pick12__d0t0__00000.wav,lsp-tanh,2,0,0,0,13.270071970821393,5.0
les_neck_fing11__d2t1__00011.wav,lsp-arctan,les_neck_fing11,0.001817286,les_neck_pick12__d1t0__00005.wav,lsp-tanh,2,1,1,0,13.270071970821393,9.088421535688989
les_neck_fing11__d2t2__00012.wav,lsp-arctan,les_neck_fing11,0.0009737611,les_bridge_fing20__d2t0__00010.wav,pedalboard-tanh,2,2,2,0,13.270071970821393,13.296816138037473
les_neck_fing11__d2t3__00013.wav,lsp-arctan,les_neck_fing11,0.0028773546,les_neck_pick12__d0t4__00004.wav,lsp-sine,2,0,3,4,13.270071970821393,5.041347474059023
les_neck_fing11__d2t4__00014.wav,lsp-arctan,les_neck_fing11,0.009364426,les_neck_fing01__d2t2__00012.wav,pedalboard-tanh,2,2,4,2,13.270071970821393,13.296816138037473
les_neck_fing11__d3t0__00015.wav,lsp-arctan,les_neck_fing11,0.004118681,les_neck_pick12__d1t0__00005.wav,lsp-sine,3,1,0,0,17.436825605717576,9.202349861352678
les_neck_fing11__d3t1__00016.wav,lsp-arctan,les_neck_fing11,0.0016595125,les_neck_pick07__d0t1__00001.wav,lsp-sine,3,0,1,1,17.436825605717576,5.041347474059023
les_neck_fing11__d3t2__00017.wav,lsp-arctan,les_neck_fing11,0.0022704601,les_bridge_pick22__d3t1__00016.wav,lsp-sine,3,3,2,1,17.436825605717576,17.46073355198249
les_neck_fing11__d3t3__00018.wav,lsp-arctan,les_neck_fing11,0.007228732,les_neck_pick09__d3t1__00016.wav,byod-mxr,3,3,3,1,17.436825605717576,17.452308155418716
les_neck_fing11__d3t4__00019.wav,lsp-arctan,les_neck_fing11,0.009392679,les_bridge_fing24__d3t4__00019.wav,byod-mxr,3,3,4,4,17.436825605717576,17.452308155418716
les_neck_fing11__d4t0__00020.wav,lsp-arctan,les_neck_fing11,0.0031665564,les_neck_pick12__d3t0__00015.wav,lsp-sine,4,3,0,0,21.613326710488973,17.46073355198249
les_neck_fing11__d4t1__00021.wav,lsp-arctan,les_neck_fing11,0.00074732304,les_neck_pick12__d4t1__00021.wav,lsp-hardclip,4,4,1,1,21.613326710488973,21.54643860361127
les_neck_fing11__d4t2__00022.wav,lsp-arctan,les_neck_fing11,0.0018339157,les_bridge_pick22__d4t1__00021.wav,lsp-sine,4,4,2,1,21.613326710488973,21.652716208419097
les_neck_fing11__d4t3__00023.wav,lsp-arctan,les_neck_fing11,0.007150829,les_neck_pick12__d4t3__00023.wav,pedalboard-tanh,4,4,3,3,21.613326710488973,21.61638024087312
les_neck_fing11__d4t4__00024.wav,lsp-arctan,les_neck_fing11,0.009376645,les_bridge_pick22__d4t3__00023.wav,lsp-tanh,4,4,4,3,21.613326710488973,21.61115826291455
les_neck_fing11__d5t0__00025.wav,lsp-arctan,les_neck_fing11,0.0025370717,les_neck_pick07__d4t1__00021.wav,lsp-tanh,5,4,0,1,25.788497067568912,21.61115826291455
les_neck_fing11__d5t1__00026.wav,lsp-arctan,les_neck_fing11,0.0012401938,les_neck_pick09__d5t0__00025.wav,lsp-sine,5,5,1,0,25.788497067568912,25.7855895742644
les_neck_fing11__d5t2__00027.wav,lsp-arctan,les_neck_fing11,0.004455149,les_bridge_pick25__d5t1__00026.wav,lsp-hardclip,5,5,2,1,25.788497067568912,25.79865436059077
les_neck_fing11__d5t3__00028.wav,lsp-arctan,les_neck_fing11,0.0029056668,les_neck_fing01__d5t1__00026.wav,pedalboard-tanh,5,5,3,1,25.788497067568912,25.782351420955937
les_neck_fing11__d5t4__00029.wav,lsp-arctan,les_neck_fing11,0.0057522655,les_neck_fing01__d5t2__00027.wav,pedalboard-tanh,5,5,4,2,25.788497067568912,25.782351420955937
les_neck_fing11__d6t0__00030.wav,lsp-arctan,les_neck_fing11,0.002215147,les_neck_pick12__d6t0__00030.wav,lsp-hardclip,6,6,0,0,29.91872954355242,29.908667593492765
les_neck_fing11__d6t1__00031.wav,lsp-arctan,les_neck_fing11,0.0016753674,les_neck_pick04__d6t0__00030.wav,lsp-sine,6,6,1,0,29.91872954355242,29.915327656251563
les_neck_fing11__d6t2__00032.wav,lsp-arctan,les_neck_fing11,0.0030280948,les_neck_pick04__d6t1__00031.wav,lsp-hardclip,6,6,2,1,29.91872954355242,29.908667593492765
les_neck_fing11__d6t3__00033.wav,lsp-arctan,les_neck_fing11,0.0044956803,les_bridge_pick25__d6t2__00032.wav,byod-mxr,6,6,3,2,29.91872954355242,29.91150927100104
les_neck_fing11__d6t4__00034.wav,lsp-arctan,les_neck_fing11,0.004491985,les_neck_pick04__d7t2__00037.wav,lsp-hardclip,6,7,4,2,29.91872954355242,34.07942205160116
les_neck_fing11__d7t0__00035.wav,lsp-arctan,les_neck_fing11,0.0014510155,les_bridge_pick16__d6t0__00030.wav,lsp-tanh,7,6,0,0,34.09435618625095,29.89601395521624
les_neck_fing11__d7t1__00036.wav,lsp-arctan,les_neck_fing11,0.0010254383,les_neck_pick12__d6t2__00032.wav,lsp-hardclip,7,6,1,2,34.09435618625095,29.908667593492765
les_neck_fing11__d7t2__00037.wav,lsp-arctan,les_neck_fing11,0.0043418407,les_neck_pick03__d7t1__00036.wav,byod-mxr,7,7,2,1,34.09435618625095,34.08156088036171
les_neck_fing11__d7t3__00038.wav,lsp-arctan,les_neck_fing11,0.0038046837,les_neck_pick03__d7t2__00037.wav,lsp-tanh,7,7,3,2,34.09435618625095,34.0729352593394
les_neck_fing11__d7t4__00039.wav,lsp-arctan,les_neck_fing11,0.0029405951,les_neck_fing01__d7t2__00037.wav,lsp-tanh,7,7,4,2,34.09435618625095,34.0729352593394
les_neck_fing16__d0t0__00000.wav,lsp-arctan,les_neck_fing16,0.012084842,les_bridge_pick16__d0t0__00000.wav,byod-mxr,0,0,0,0,5.005872107125804,5.0
les_neck_fing16__d0t1__00001.wav,lsp-arctan,les_neck_fing16,0.0042575,les_bridge_pick16__d0t0__00000.wav,byod-mxr,0,0,1,0,5.005872107125804,5.0
les_neck_fing16__d0t2__00002.wav,lsp-arctan,les_neck_fing16,0.0060288906,les_bridge_pick16__d0t1__00001.wav,byod-mxr,0,0,2,1,5.005872107125804,5.0
les_neck_fing16__d0t3__00003.wav,lsp-arctan,les_neck_fing16,0.0017800331,les_neck_fing01__d2t0__00010.wav,pedalboard-tanh,0,2,3,0,5.005872107125804,13.296816138037473
les_neck_fing16__d0t4__00004.wav,lsp-arctan,les_neck_fing16,0.0053955913,les_bridge_pick16__d1t2__00007.wav,byod-mxr,0,1,4,2,5.005872107125804,9.107670514338215
les_neck_fing16__d1t0__00005.wav,lsp-arctan,les_neck_fing16,0.007845342,les_bridge_pick16__d0t0__00000.wav,byod-mxr,1,0,0,0,9.170316408518453,5.0
les_neck_fing16__d1t1__00006.wav,lsp-arctan,les_neck_fing16,0.0052027702,les_bridge_pick16__d1t0__00005.wav,byod-mxr,1,1,1,0,9.170316408518453,9.107670514338215
les_neck_fing16__d1t2__00007.wav,lsp-arctan,les_neck_fing16,0.00059866905,les_bridge_pick16__d2t1__00011.wav,lsp-sine,1,2,2,1,9.170316408518453,13.251366385956809
les_neck_fing16__d1t3__00008.wav,lsp-arctan,les_neck_fing16,0.0011209846,les_neck_fing01__d2t0__00010.wav,lsp-sine,1,2,3,0,9.170316408518453,13.251366385956809
les_neck_fing16__d1t4__00009.wav,lsp-arctan,les_neck_fing16,0.0039952397,les_bridge_pick17__d3t0__00015.wav,lsp-hardclip,1,3,4,0,9.170316408518453,17.563088337099366
les_neck_fing16__d2t0__00010.wav,lsp-arctan,les_neck_fing16,0.004827976,les_bridge_pick16__d2t0__00010.wav,lsp-tanh,2,2,0,0,13.270071970821393,13.297259315581634
les_neck_fing16__d2t1__00011.wav,lsp-arctan,les_neck_fing16,0.0019000173,les_neck_pick12__d0t1__00001.wav,pedalboard-tanh,2,0,1,1,13.270071970821393,5.0
les_neck_fing16__d2t2__00012.wav,lsp-arctan,les_neck_fing16,0.0024273396,les_bridge_fing24__d3t0__00015.wav,lsp-hardclip,2,3,2,0,13.270071970821393,17.563088337099366
les_neck_fing16__d2t3__00013.wav,lsp-arctan,les_neck_fing16,0.0022214055,les_bridge_pick16__d3t1__00016.wav,lsp-sine,2,3,3,1,13.270071970821393,17.46073355198249
les_neck_fing16__d2t4__00014.wav,lsp-arctan,les_neck_fing16,0.004289627,les_bridge_pick17__d4t0__00020.wav,lsp-hardclip,2,4,4,0,13.270071970821393,21.54643860361127
les_neck_fing16__d3t0__00015.wav,lsp-arctan,les_neck_fing16,0.0024718046,les_neck_pick12__d1t0__00005.wav,lsp-hardclip,3,1,0,0,17.436825605717576,9.35456396552498
les_neck_fing16__d3t1__00016.wav,lsp-arctan,les_neck_fing16,0.00097185373,les_bridge_pick22__d3t0__00015.wav,byod-mxr,3,3,1,0,17.436825605717576,17.452308155418716
les_neck_fing16__d3t2__00017.wav,lsp-arctan,les_neck_fing16,0.0009820461,les_neck_pick12__d3t1__00016.wav,lsp-sine,3,3,2,1,17.436825605717576,17.46073355198249
les_neck_fing16__d3t3__00018.wav,lsp-arctan,les_neck_fing16,0.0019197464,les_neck_pick03__d4t0__00020.wav,pedalboard-tanh,3,4,3,0,17.436825605717576,21.61638024087312
les_neck_fing16__d3t4__00019.wav,lsp-arctan,les_neck_fing16,0.0020961165,les_bridge_pick16__d4t1__00021.wav,lsp-tanh,3,4,4,1,17.436825605717576,21.61115826291455
les_neck_fing16__d4t0__00020.wav,lsp-arctan,les_neck_fing16,0.002752483,les_neck_pick12__d4t0__00020.wav,lsp-hardclip,4,4,0,0,21.613326710488973,21.54643860361127
les_neck_fing16__d4t1__00021.wav,lsp-arctan,les_neck_fing16,0.0015271306,les_bridge_fing21__d5t0__00025.wav,lsp-hardclip,4,5,1,0,21.613326710488973,25.79865436059077
les_neck_fing16__d4t2__00022.wav,lsp-arctan,les_neck_fing16,0.0005488992,les_neck_pick12__d5t0__00025.wav,pedalboard-tanh,4,5,2,0,21.613326710488973,25.782351420955937
les_neck_fing16__d4t3__00023.wav,lsp-arctan,les_neck_fing16,0.0016748309,les_neck_pick12__d5t1__00026.wav,lsp-sine,4,5,3,1,21.613326710488973,25.7855895742644
les_neck_fing16__d4t4__00024.wav,lsp-arctan,les_neck_fing16,0.0010685325,les_bridge_pick22__d5t1__00026.wav,byod-mxr,4,5,4,1,21.613326710488973,25.779078975465445
les_neck_fing16__d5t0__00025.wav,lsp-arctan,les_neck_fing16,0.000911355,les_neck_pick07__d4t1__00021.wav,lsp-tanh,5,4,0,1,25.788497067568912,21.61115826291455
les_neck_fing16__d5t1__00026.wav,lsp-arctan,les_neck_fing16,0.0011669993,les_bridge_pick22__d5t0__00025.wav,byod-mxr,5,5,1,0,25.788497067568912,25.779078975465445
les_neck_fing16__d5t2__00027.wav,lsp-arctan,les_neck_fing16,0.0028946996,les_neck_pick09__d5t0__00025.wav,byod-mxr,5,5,2,0,25.788497067568912,25.779078975465445
les_neck_fing16__d5t3__00028.wav,lsp-arctan,les_neck_fing16,0.0016331673,les_neck_pick11__d6t0__00030.wav,pedalboard-tanh,5,6,3,0,25.788497067568912,29.92239131554786
les_neck_fing16__d5t4__00029.wav,lsp-arctan,les_neck_fing16,0.0060522556,les_neck_pick12__d7t0__00035.wav,byod-mxr,5,7,4,0,25.788497067568912,34.08156088036171
les_neck_fing16__d6t0__00030.wav,lsp-arctan,les_neck_fing16,0.0009633899,les_neck_pick12__d6t0__00030.wav,lsp-hardclip,6,6,0,0,29.91872954355242,29.908667593492765
les_neck_fing16__d6t1__00031.wav,lsp-arctan,les_neck_fing16,0.0022341013,les_bridge_pick22__d6t0__00030.wav,byod-mxr,6,6,1,0,29.91872954355242,29.91150927100104
les_neck_fing16__d6t2__00032.wav,lsp-arctan,les_neck_fing16,0.0032689571,les_neck_pick09__d6t0__00030.wav,lsp-tanh,6,6,2,0,29.91872954355242,29.89601395521624
les_neck_fing16__d6t3__00033.wav,lsp-arctan,les_neck_fing16,0.0050863624,les_neck_pick12__d6t2__00032.wav,lsp-hardclip,6,6,3,2,29.91872954355242,29.908667593492765
les_neck_fing16__d6t4__00034.wav,lsp-arctan,les_neck_fing16,0.0032874346,les_bridge_fing20__d7t0__00035.wav,lsp-hardclip,6,7,4,0,29.91872954355242,34.07942205160116
les_neck_fing16__d7t0__00035.wav,lsp-arctan,les_neck_fing16,0.002137661,les_neck_pick07__d6t0__00030.wav,lsp-hardclip,7,6,0,0,34.09435618625095,29.908667593492765
les_neck_fing16__d7t1__00036.wav,lsp-arctan,les_neck_fing16,0.0029239058,les_neck_pick07__d6t1__00031.wav,lsp-hardclip,7,6,1,1,34.09435618625095,29.908667593492765
les_neck_fing16__d7t2__00037.wav,lsp-arctan,les_neck_fing16,0.004172623,les_neck_pick11__d7t0__00035.wav,lsp-sine,7,7,2,0,34.09435618625095,34.094517939627885
les_neck_fing16__d7t3__00038.wav,lsp-arctan,les_neck_fing16,0.0027297735,les_neck_pick11__d7t1__00036.wav,lsp-sine,7,7,3,1,34.09435618625095,34.094517939627885
les_neck_fing16__d7t4__00039.wav,lsp-arctan,les_neck_fing16,0.0065048933,les_neck_pick07__d7t3__00038.wav,lsp-sine,7,7,4,3,34.09435618625095,34.094517939627885
les_neck_fing18__d0t0__00000.wav,lsp-arctan,les_neck_fing18,0.00063848495,les_neck_pick04__d2t0__00010.wav,byod-mxr,0,2,0,0,5.005872107125804,13.292365801948186
les_neck_fing18__d0t1__00001.wav,lsp-arctan,les_neck_fing18,0.0012183189,les_neck_pick12__d0t3__00003.wav,byod-mxr,0,0,1,3,5.005872107125804,5.0
les_neck_fing18__d0t2__00002.wav,lsp-arctan,les_neck_fing18,0.0022171736,les_neck_pick02__d0t2__00002.wav,byod-mxr,0,0,2,2,5.005872107125804,5.0
les_neck_fing18__d0t3__00003.wav,lsp-arctan,les_neck_fing18,0.002532959,les_neck_pick02__d1t3__00008.wav,lsp-tanh,0,1,3,3,5.005872107125804,9.088421535688989
les_neck_fing18__d0t4__00004.wav,lsp-arctan,les_neck_fing18,0.0046595335,les_neck_pick14__d1t3__00008.wav,byod-mxr,0,1,4,3,5.005872107125804,9.107670514338215
les_neck_fing18__d1t0__00005.wav,lsp-arctan,les_neck_fing18,0.00034540892,les_neck_pick03__d3t0__00015.wav,lsp-hardclip,1,3,0,0,9.170316408518453,17.563088337099366
les_neck_fing18__d1t1__00006.wav,lsp-arctan,les_neck_fing18,0.0005235672,les_neck_pick12__d1t3__00008.wav,byod-mxr,1,1,1,3,9.170316408518453,9.107670514338215
les_neck_fing18__d1t2__00007.wav,lsp-arctan,les_neck_fing18,0.0019873977,les_neck_pick02__d0t2__00002.wav,byod-mxr,1,0,2,2,9.170316408518453,5.0
les_neck_fing18__d1t3__00008.wav,lsp-arctan,les_neck_fing18,0.003267169,les_neck_fing15__d3t4__00019.wav,byod-mxr,1,3,3,4,9.170316408518453,17.452308155418716
les_neck_fing18__d1t4__00009.wav,lsp-arctan,les_neck_fing18,0.00454247,les_neck_pick14__d2t3__00013.wav,lsp-tanh,1,2,4,3,9.170316408518453,13.297259315581634
les_neck_fing18__d2t0__00010.wav,lsp-arctan,les_neck_fing18,0.0005148053,les_neck_pick11__d1t0__00005.wav,byod-mxr,2,1,0,0,13.270071970821393,9.107670514338215
les_neck_fing18__d2t1__00011.wav,lsp-arctan,les_neck_fing18,0.0018020868,les_neck_pick09__d1t1__00006.wav,byod-mxr,2,1,1,1,13.270071970821393,9.107670514338215
les_neck_fing18__d2t2__00012.wav,lsp-arctan,les_neck_fing18,0.0011997223,les_neck_pick09__d0t2__00002.wav,byod-mxr,2,0,2,2,13.270071970821393,5.0
les_neck_fing18__d2t3__00013.wav,lsp-arctan,les_neck_fing18,0.0045853257,les_neck_fing15__d3t4__00019.wav,pedalboard-tanh,2,3,3,4,13.270071970821393,17.454399305827287
les_neck_fing18__d2t4__00014.wav,lsp-arctan,les_neck_fing18,0.0038585663,les_neck_pick05__d1t4__00009.wav,lsp-sine,2,1,4,4,13.270071970821393,9.202349861352678
les_neck_fing18__d3t0__00015.wav,lsp-arctan,les_neck_fing18,0.00047159195,les_neck_pick09__d3t0__00015.wav,byod-mxr,3,3,0,0,17.436825605717576,17.452308155418716
les_neck_fing18__d3t1__00016.wav,lsp-arctan,les_neck_fing18,0.0013235807,les_neck_pick09__d3t1__00016.wav,pedalboard-tanh,3,3,1,1,17.436825605717576,17.454399305827287
les_neck_fing18__d3t2__00017.wav,lsp-arctan,les_neck_fing18,0.0025405884,les_bridge_fing24__d3t4__00019.wav,pedalboard-tanh,3,3,2,4,17.436825605717576,17.454399305827287
les_neck_fing18__d3t3__00018.wav,lsp-arctan,les_neck_fing18,0.002699256,les_neck_pick09__d4t3__00023.wav,lsp-hardclip,3,4,3,3,17.436825605717576,21.54643860361127
les_neck_fing18__d3t4__00019.wav,lsp-arctan,les_neck_fing18,0.005262196,les_neck_pick05__d2t4__00014.wav,byod-mxr,3,2,4,4,17.436825605717576,13.292365801948186
les_neck_fing18__d4t0__00020.wav,lsp-arctan,les_neck_fing18,0.00080412626,les_neck_pick12__d5t0__00025.wav,pedalboard-tanh,4,5,0,0,21.613326710488973,25.782351420955937
les_neck_fing18__d4t1__00021.wav,lsp-arctan,les_neck_fing18,0.002257824,les_bridge_fing20__d5t0__00025.wav,lsp-sine,4,5,1,0,21.613326710488973,25.7855895742644
les_neck_fing18__d4t2__00022.wav,lsp-arctan,les_neck_fing18,0.005851984,les_neck_pick11__d4t2__00022.wav,byod-mxr,4,4,2,2,21.613326710488973,21.62039317761596
les_neck_fing18__d4t3__00023.wav,lsp-arctan,les_neck_fing18,0.0032852292,les_bridge_pick17__d4t3__00023.wav,byod-mxr,4,4,3,3,21.613326710488973,21.62039317761596
les_neck_fing18__d4t4__00024.wav,lsp-arctan,les_neck_fing18,0.0019538403,les_neck_pick09__d4t4__00024.wav,lsp-tanh,4,4,4,4,21.613326710488973,21.61115826291455
les_neck_fing18__d5t0__00025.wav,lsp-arctan,les_neck_fing18,0.0030081868,les_bridge_fing21__d6t0__00030.wav,lsp-hardclip,5,6,0,0,25.788497067568912,29.908667593492765
les_neck_fing18__d5t1__00026.wav,lsp-arctan,les_neck_fing18,0.0022920966,les_neck_pick04__d6t0__00030.wav,lsp-tanh,5,6,1,0,25.788497067568912,29.89601395521624
les_neck_fing18__d5t2__00027.wav,lsp-arctan,les_neck_fing18,0.0036184788,les_neck_pick02__d6t1__00031.wav,lsp-sine,5,6,2,1,25.788497067568912,29.915327656251563
les_neck_fing18__d5t3__00028.wav,lsp-arctan,les_neck_fing18,0.0017121434,les_bridge_pick22__d5t3__00028.wav,lsp-hardclip,5,5,3,3,25.788497067568912,25.79865436059077
les_neck_fing18__d5t4__00029.wav,lsp-arctan,les_neck_fing18,0.0030568838,les_neck_pick11__d5t4__00029.wav,byod-mxr,5,5,4,4,25.788497067568912,25.779078975465445
les_neck_fing18__d6t0__00030.wav,lsp-arctan,les_neck_fing18,0.0038214326,les_neck_pick07__d6t1__00031.wav,lsp-sine,6,6,0,1,29.91872954355242,29.915327656251563
les_neck_fing18__d6t1__00031.wav,lsp-arctan,les_neck_fing18,0.0028744936,les_neck_pick04__d7t0__00035.wav,lsp-hardclip,6,7,1,0,29.91872954355242,34.07942205160116
les_neck_fing18__d6t2__00032.wav,lsp-arctan,les_neck_fing18,0.0043945312,les_bridge_fing17__d7t0__00035.wav,lsp-hardclip,6,7,2,0,29.91872954355242,34.07942205160116
les_neck_fing18__d6t3__00033.wav,lsp-arctan,les_neck_fing18,0.0019532442,les_bridge_fing24__d7t2__00037.wav,pedalboard-tanh,6,7,3,2,29.91872954355242,34.075823464139134
les_neck_fing18__d6t4__00034.wav,lsp-arctan,les_neck_fing18,0.0031148791,les_bridge_fing21__d7t3__00038.wav,lsp-hardclip,6,7,4,3,29.91872954355242,34.07942205160116
les_neck_fing18__d7t0__00035.wav,lsp-arctan,les_neck_fing18,0.0032739043,les_neck_pick09__d7t0__00035.wav,byod-mxr,7,7,0,0,34.09435618625095,34.08156088036171
les_neck_fing18__d7t1__00036.wav,lsp-arctan,les_neck_fing18,0.004883647,les_neck_fing01__d7t0__00035.wav,pedalboard-tanh,7,7,1,0,34.09435618625095,34.075823464139134
les_neck_fing18__d7t2__00037.wav,lsp-arctan,les_neck_fing18,0.00601691,les_neck_pick07__d7t3__00038.wav,pedalboard-tanh,7,7,2,3,34.09435618625095,34.075823464139134
les_neck_fing18__d7t3__00038.wav,lsp-arctan,les_neck_fing18,0.0048809648,les_neck_pick09__d7t3__00038.wav,byod-mxr,7,7,3,3,34.09435618625095,34.08156088036171
les_neck_fing18__d7t4__00039.wav,lsp-arctan,les_neck_fing18,0.001585424,les_neck_pick09__d7t4__00039.wav,byod-mxr,7,7,4,4,34.09435618625095,34.08156088036171
les_neck_pick06__d0t0__00000.wav,lsp-arctan,les_neck_pick06,0.0022915006,les_bridge_pick16__d2t0__00010.wav,lsp-sine,0,2,0,0,5.005872107125804,13.251366385956809
les_neck_pick06__d0t1__00001.wav,lsp-arctan,les_neck_pick06,0.000908494,les_bridge_pick25__d0t0__00000.wav,pedalboard-tanh,0,0,1,0,5.005872107125804,5.0
les_neck_pick06__d0t2__00002.wav,lsp-arctan,les_neck_pick06,0.0012816191,les_bridge_pick25__d0t1__00001.wav,lsp-sine,0,0,2,1,5.005872107125804,5.041347474059023
les_neck_pick06__d0t3__00003.wav,lsp-arctan,les_neck_pick06,0.0008254051,les_neck_fing15__d3t1__00016.wav,lsp-tanh,0,3,3,1,5.005872107125804,17.426284440144894
les_neck_pick06__d0t4__00004.wav,lsp-arctan,les_neck_pick06,0.002231896,les_neck_pick14__d1t1__00006.wav,byod-mxr,0,1,4,1,5.005872107125804,9.107670514338215
les_neck_pick06__d1t0__00005.wav,lsp-arctan,les_neck_pick06,0.0008890033,les_bridge_pick16__d2t0__00010.wav,lsp-sine,1,2,0,0,9.170316408518453,13.251366385956809
les_neck_pick06__d1t1__00006.wav,lsp-arctan,les_neck_pick06,0.0008007884,les_bridge_pick25__d1t0__00005.wav,pedalboard-tanh,1,1,1,0,9.170316408518453,9.146047429418331
les_neck_pick06__d1t2__00007.wav,lsp-arctan,les_neck_pick06,0.00081527233,les_bridge_pick25__d0t1__00001.wav,lsp-tanh,1,0,2,1,9.170316408518453,5.0
les_neck_pick06__d1t3__00008.wav,lsp-arctan,les_neck_pick06,0.001180768,les_neck_fing15__d3t1__00016.wav,lsp-sine,1,3,3,1,9.170316408518453,17.46073355198249
les_neck_pick06__d1t4__00009.wav,lsp-arctan,les_neck_pick06,0.0028779507,les_neck_pick02__d1t2__00007.wav,lsp-tanh,1,1,4,2,9.170316408518453,9.088421535688989
les_neck_pick06__d2t0__00010.wav,lsp-arctan,les_neck_pick06,0.00263232,les_bridge_fing21__d2t0__00010.wav,lsp-sine,2,2,0,0,13.270071970821393,13.251366385956809
les_neck_pick06__d2t1__00011.wav,lsp-arctan,les_neck_pick06,0.0006842017,les_bridge_pick25__d2t0__00010.wav,lsp-sine,2,2,1,0,13.270071970821393,13.251366385956809
les_neck_pick06__d2t2__00012.wav,lsp-arctan,les_neck_pick06,0.0023611188,les_bridge_pick25__d1t1__00006.wav,lsp-hardclip,2,1,2,1,13.270071970821393,9.35456396552498
les_neck_pick06__d2t3__00013.wav,lsp-arctan,les_neck_pick06,0.0015382171,les_bridge_fing24__d2t2__00012.wav,pedalboard-tanh,2,2,3,2,13.270071970821393,13.296816138037473
les_neck_pick06__d2t4__00014.wav,lsp-arctan,les_neck_pick06,0.0038916469,les_neck_fing01__d2t2__00012.wav,pedalboard-tanh,2,2,4,2,13.270071970821393,13.296816138037473
les_neck_pick06__d3t0__00015.wav,lsp-arctan,les_neck_pick06,0.0011154413,les_bridge_fing21__d3t0__00015.wav,byod-mxr,3,3,0,0,17.436825605717576,17.452308155418716
les_neck_pick06__d3t1__00016.wav,lsp-arctan,les_neck_pick06,0.00028330088,les_neck_pick09__d0t0__00000.wav,lsp-tanh,3,0,1,0,17.436825605717576,5.0
les_neck_pick06__d3t2__00017.wav,lsp-arctan,les_neck_pick06,0.0016048551,les_bridge_fing24__d3t1__00016.wav,lsp-sine,3,3,2,1,17.436825605717576,17.46073355198249
les_neck_pick06__d3t3__00018.wav,lsp-arctan,les_neck_pick06,0.0013738871,les_neck_pick05__d3t1__00016.wav,pedalboard-tanh,3,3,3,1,17.436825605717576,17.454399305827287
les_neck_pick06__d3t4__00019.wav,lsp-arctan,les_neck_pick06,0.0038915277,les_bridge_fing24__d3t4__00019.wav,lsp-tanh,3,3,4,4,17.436825605717576,17.426284440144894
les_neck_pick06__d4t0__00020.wav,lsp-arctan,les_neck_pick06,0.000780046,les_neck_pick12__d4t0__00020.wav,pedalboard-tanh,4,4,0,0,21.613326710488973,21.61638024087312
les_neck_pick06__d4t1__00021.wav,lsp-arctan,les_neck_pick06,0.0013875365,les_bridge_pick22__d4t1__00021.wav,byod-mxr,4,4,1,1,21.613326710488973,21.62039317761596
les_neck_pick06__d4t2__00022.wav,lsp-arctan,les_neck_pick06,0.002512753,les_neck_pick11__d4t1__00021.wav,lsp-tanh,4,4,2,1,21.613326710488973,21.61115826291455
les_neck_pick06__d4t3__00023.wav,lsp-arctan,les_neck_pick06,0.0022513866,les_neck_pick05__d5t1__00026.wav,lsp-hardclip,4,5,3,1,21.613326710488973,25.79865436059077
les_neck_pick06__d4t4__00024.wav,lsp-arctan,les_neck_pick06,0.0035414696,les_bridge_pick22__d4t3__00023.wav,lsp-hardclip,4,4,4,3,21.613326710488973,21.54643860361127
les_neck_pick06__d5t0__00025.wav,lsp-arctan,les_neck_pick06,0.0014659762,les_neck_pick12__d5t1__00026.wav,lsp-hardclip,5,5,0,1,25.788497067568912,25.79865436059077
les_neck_pick06__d5t1__00026.wav,lsp-arctan,les_neck_pick06,0.0017815828,les_neck_pick05__d5t0__00025.wav,pedalboard-tanh,5,5,1,0,25.788497067568912,25.782351420955937
les_neck_pick06__d5t2__00027.wav,lsp-arctan,les_neck_pick06,0.0034490824,les_neck_pick12__d6t1__00031.wav,lsp-sine,5,6,2,1,25.788497067568912,29.915327656251563
les_neck_pick06__d5t3__00028.wav,lsp-arctan,les_neck_pick06,0.0019059181,les_neck_pick02__d6t1__00031.wav,lsp-hardclip,5,6,3,1,25.788497067568912,29.908667593492765
les_neck_pick06__d5t4__00029.wav,lsp-arctan,les_neck_pick06,0.0045036077,les_neck_fing01__d6t1__00031.wav,lsp-sine,5,6,4,1,25.788497067568912,29.915327656251563
les_neck_pick06__d6t0__00030.wav,lsp-arctan,les_neck_pick06,0.0010198951,les_bridge_pick22__d6t0__00030.wav,lsp-sine,6,6,0,0,29.91872954355242,29.915327656251563
les_neck_pick06__d6t1__00031.wav,lsp-arctan,les_neck_pick06,0.0031862855,les_bridge_pick22__d6t1__00031.wav,byod-mxr,6,6,1,1,29.91872954355242,29.91150927100104
les_neck_pick06__d6t2__00032.wav,lsp-arctan,les_neck_pick06,0.0020598173,les_neck_pick09__d6t1__00031.wav,pedalboard-tanh,6,6,2,1,29.91872954355242,29.92239131554786
les_neck_pick06__d6t3__00033.wav,lsp-arctan,les_neck_pick06,0.001966238,les_neck_pick02__d7t1__00036.wav,lsp-hardclip,6,7,3,1,29.91872954355242,34.07942205160116
les_neck_pick06__d6t4__00034.wav,lsp-arctan,les_neck_pick06,0.0029236078,les_bridge_pick16__d7t2__00037.wav,lsp-sine,6,7,4,2,29.91872954355242,34.094517939627885
les_neck_pick06__d7t0__00035.wav,lsp-arctan,les_neck_pick06,0.0013250113,les_bridge_fing21__d7t0__00035.wav,lsp-tanh,7,7,0,0,34.09435618625095,34.0729352593394
les_neck_pick06__d7t1__00036.wav,lsp-arctan,les_neck_pick06,0.0034035444,les_neck_pick03__d7t0__00035.wav,lsp-sine,7,7,1,0,34.09435618625095,34.094517939627885
les_neck_pick06__d7t2__00037.wav,lsp-arctan,les_neck_pick06,0.006049216,les_neck_pick09__d7t1__00036.wav,lsp-sine,7,7,2,1,34.09435618625095,34.094517939627885
les_neck_pick06__d7t3__00038.wav,lsp-arctan,les_neck_pick06,0.00279361,les_neck_pick09__d7t2__00037.wav,lsp-hardclip,7,7,3,2,34.09435618625095,34.07942205160116
les_neck_pick06__d7t4__00039.wav,lsp-arctan,les_neck_pick06,0.0021920204,les_neck_pick09__d7t3__00038.wav,lsp-hardclip,7,7,4,3,34.09435618625095,34.07942205160116
les_neck_pick17__d0t0__00000.wav,lsp-arctan,les_neck_pick17,0.0017528534,les_bridge_fing21__d1t0__00005.wav,byod-mxr,0,1,0,0,5.005872107125804,9.107670514338215
les_neck_pick17__d0t1__00001.wav,lsp-arctan,les_neck_pick17,0.00063174963,les_bridge_fing24__d0t0__00000.wav,byod-mxr,0,0,1,0,5.005872107125804,5.0
les_neck_pick17__d0t2__00002.wav,lsp-arctan,les_neck_pick17,0.005161822,les_neck_fing15__d2t1__00011.wav,byod-mxr,0,2,2,1,5.005872107125804,13.292365801948186
les_neck_pick17__d0t3__00003.wav,lsp-arctan,les_neck_pick17,0.009910643,les_neck_fing15__d0t3__00003.wav,lsp-sine,0,0,3,3,5.005872107125804,5.041347474059023
les_neck_pick17__d0t4__00004.wav,lsp-arctan,les_neck_pick17,0.0038512945,les_neck_fing15__d1t4__00009.wav,lsp-hardclip,0,1,4,4,5.005872107125804,9.35456396552498
les_neck_pick17__d1t0__00005.wav,lsp-arctan,les_neck_pick17,0.0036094189,les_bridge_fing21__d1t0__00005.wav,byod-mxr,1,1,0,0,9.170316408518453,9.107670514338215
les_neck_pick17__d1t1__00006.wav,lsp-arctan,les_neck_pick17,0.0012833476,les_bridge_fing24__d1t0__00005.wav,lsp-tanh,1,1,1,0,9.170316408518453,9.088421535688989
les_neck_pick17__d1t2__00007.wav,lsp-arctan,les_neck_pick17,0.009687901,les_bridge_pick16__d0t3__00003.wav,pedalboard-tanh,1,0,2,3,9.170316408518453,5.0
les_neck_pick17__d1t3__00008.wav,lsp-arctan,les_neck_pick17,0.0019216537,les_bridge_pick17__d1t2__00007.wav,byod-mxr,1,1,3,2,9.170316408518453,9.107670514338215
les_neck_pick17__d1t4__00009.wav,lsp-arctan,les_neck_pick17,0.002775669,les_neck_fing15__d3t3__00018.wav,byod-mxr,1,3,4,3,9.170316408518453,17.452308155418716
les_neck_pick17__d2t0__00010.wav,lsp-arctan,les_neck_pick17,0.0028856993,les_bridge_pick22__d0t0__00000.wav,byod-mxr,2,0,0,0,13.270071970821393,5.0
les_neck_pick17__d2t1__00011.wav,lsp-arctan,les_neck_pick17,0.0005111098,les_neck_pick05__d1t0__00005.wav,pedalboard-tanh,2,1,1,0,13.270071970821393,9.146047429418331
les_neck_pick17__d2t2__00012.wav,lsp-arctan,les_neck_pick17,0.0009857416,les_bridge_pick17__d2t1__00011.wav,lsp-sine,2,2,2,1,13.270071970821393,13.251366385956809
les_neck_pick17__d2t3__00013.wav,lsp-arctan,les_neck_pick17,0.0028287768,les_neck_pick02__d2t2__00012.wav,lsp-tanh,2,2,3,2,13.270071970821393,13.297259315581634
les_neck_pick17__d2t4__00014.wav,lsp-arctan,les_neck_pick17,0.004676044,les_neck_fing15__d4t3__00023.wav,lsp-hardclip,2,4,4,3,13.270071970821393,21.54643860361127
les_neck_pick17__d3t0__00015.wav,lsp-arctan,les_neck_pick17,0.0008350611,les_neck_pick12__d2t1__00011.wav,byod-mxr,3,2,0,1,17.436825605717576,13.292365801948186
les_neck_pick17__d3t1__00016.wav,lsp-arctan,les_neck_pick17,0.001953423,les_neck_pick12__d2t2__00012.wav,byod-mxr,3,2,1,2,17.436825605717576,13.292365801948186
les_neck_pick17__d3t2__00017.wav,lsp-arctan,les_neck_pick17,0.004797697,les_neck_pick02__d3t1__00016.wav,pedalboard-tanh,3,3,2,1,17.436825605717576,17.454399305827287
les_neck_pick17__d3t3__00018.wav,lsp-arctan,les_neck_pick17,0.002028823,les_neck_pick09__d3t2__00017.wav,lsp-sine,3,3,3,2,17.436825605717576,17.46073355198249
les_neck_pick17__d3t4__00019.wav,lsp-arctan,les_neck_pick17,0.00241369,les_neck_pick09__d3t3__00018.wav,pedalboard-tanh,3,3,4,3,17.436825605717576,17.454399305827287
les_neck_pick17__d4t0__00020.wav,lsp-arctan,les_neck_pick17,0.0008276105,les_neck_pick11__d3t0__00015.wav,pedalboard-tanh,4,3,0,0,21.613326710488973,17.454399305827287
les_neck_pick17__d4t1__00021.wav,lsp-arctan,les_neck_pick17,0.00039315224,les_neck_pick02__d4t0__00020.wav,lsp-tanh,4,4,1,0,21.613326710488973,21.61115826291455
les_neck_pick17__d4t2__00022.wav,lsp-arctan,les_neck_pick17,0.0012225509,les_neck_pick02__d4t1__00021.wav,pedalboard-tanh,4,4,2,1,21.613326710488973,21.61638024087312
les_neck_pick17__d4t3__00023.wav,lsp-arctan,les_neck_pick17,0.0033214688,les_neck_pick02__d4t2__00022.wav,lsp-sine,4,4,3,2,21.613326710488973,21.652716208419097
les_neck_pick17__d4t4__00024.wav,lsp-arctan,les_neck_pick17,0.005079448,les_neck_pick04__d4t4__00024.wav,byod-mxr,4,4,4,4,21.613326710488973,21.62039317761596
les_neck_pick17__d5t0__00025.wav,lsp-arctan,les_neck_pick17,0.0021240711,les_bridge_fing24__d5t0__00025.wav,byod-mxr,5,5,0,0,25.788497067568912,25.779078975465445
les_neck_pick17__d5t1__00026.wav,lsp-arctan,les_neck_pick17,0.002282083,les_neck_pick02__d5t0__00025.wav,pedalboard-tanh,5,5,1,0,25.788497067568912,25.782351420955937
les_neck_pick17__d5t2__00027.wav,lsp-arctan,les_neck_pick17,0.0028491616,les_bridge_fing20__d5t1__00026.wav,lsp-sine,5,5,2,1,25.788497067568912,25.7855895742644
les_neck_pick17__d5t3__00028.wav,lsp-arctan,les_neck_pick17,0.0044502616,les_neck_fing01__d5t2__00027.wav,lsp-tanh,5,5,3,2,25.788497067568912,25.766463780707188
les_neck_pick17__d5t4__00029.wav,lsp-arctan,les_neck_pick17,0.0039812326,les_neck_pick03__d5t4__00029.wav,lsp-tanh,5,5,4,4,25.788497067568912,25.766463780707188
les_neck_pick17__d6t0__00030.wav,lsp-arctan,les_neck_pick17,0.0047429204,les_bridge_fing24__d6t0__00030.wav,lsp-hardclip,6,6,0,0,29.91872954355242,29.908667593492765
les_neck_pick17__d6t1__00031.wav,lsp-arctan,les_neck_pick17,0.0027979016,les_neck_pick21__d6t0__00030.wav,lsp-tanh,6,6,1,0,29.91872954355242,29.89601395521624
les_neck_pick17__d6t2__00032.wav,lsp-arctan,les_neck_pick17,0.0027962327,les_bridge_fing24__d6t2__00032.wav,lsp-sine,6,6,2,2,29.91872954355242,29.915327656251563
les_neck_pick17__d6t3__00033.wav,lsp-arctan,les_neck_pick17,0.0042377114,les_bridge_pick22__d6t3__00033.wav,pedalboard-tanh,6,6,3,3,29.91872954355242,29.92239131554786
les_neck_pick17__d6t4__00034.wav,lsp-arctan,les_neck_pick17,0.0024915338,les_neck_fing01__d6t3__00033.wav,lsp-hardclip,6,6,4,3,29.91872954355242,29.908667593492765
les_neck_pick17__d7t0__00035.wav,lsp-arctan,les_neck_pick17,0.002036333,les_neck_pick12__d7t0__00035.wav,lsp-hardclip,7,7,0,0,34.09435618625095,34.07942205160116
les_neck_pick17__d7t1__00036.wav,lsp-arctan,les_neck_pick17,0.002016902,les_neck_pick12__d7t1__00036.wav,lsp-hardclip,7,7,1,1,34.09435618625095,34.07942205160116
les_neck_pick17__d7t2__00037.wav,lsp-arctan,les_neck_pick17,0.0012286305,les_neck_pick21__d7t1__00036.wav,lsp-hardclip,7,7,2,1,34.09435618625095,34.07942205160116
les_neck_pick17__d7t3__00038.wav,lsp-arctan,les_neck_pick17,0.0012050867,les_neck_pick03__d7t2__00037.wav,lsp-tanh,7,7,3,2,34.09435618625095,34.0729352593394
les_neck_pick17__d7t4__00039.wav,lsp-arctan,les_neck_pick17,0.0021553636,les_neck_pick09__d7t3__00038.wav,lsp-sine,7,7,4,3,34.09435618625095,34.094517939627885
les_bridge_fing02__d0t0__00000.wav,lsp-hardclip,les_bridge_fing02,0.002090335,les_bridge_pick16__d2t1__00011.wav,lsp-arctan,0,2,0,1,5.063331073032135,13.270071970821393
les_bridge_fing02__d0t1__00001.wav,lsp-hardclip,les_bridge_fing02,0.00255239,les_bridge_pick25__d1t1__00006.wav,byod-mxr,0,1,1,1,5.063331073032135,9.107670514338215
les_bridge_fing02__d0t2__00002.wav,lsp-hardclip,les_bridge_fing02,0.0012096167,les_bridge_fing24__d2t2__00012.wav,lsp-arctan,0,2,2,2,5.063331073032135,13.270071970821393
les_bridge_fing02__d0t3__00003.wav,lsp-hardclip,les_bridge_fing02,0.0029206276,les_neck_pick04__d0t2__00002.wav,lsp-tanh,0,0,3,2,5.063331073032135,5.0
les_bridge_fing02__d0t4__00004.wav,lsp-hardclip,les_bridge_fing02,0.002272904,les_neck_pick02__d0t2__00002.wav,byod-mxr,0,0,4,2,5.063331073032135,5.0
les_bridge_fing02__d1t0__00005.wav,lsp-hardclip,les_bridge_fing02,0.0021730065,les_bridge_pick16__d2t1__00011.wav,lsp-arctan,1,2,0,1,9.35456396552498,13.270071970821393
les_bridge_fing02__d1t1__00006.wav,lsp-hardclip,les_bridge_fing02,0.0026602745,les_bridge_pick17__d2t0__00010.wav,byod-mxr,1,2,1,0,9.35456396552498,13.292365801948186
les_bridge_fing02__d1t2__00007.wav,lsp-hardclip,les_bridge_fing02,0.0019829273,les_bridge_pick25__d1t2__00007.wav,byod-mxr,1,1,2,2,9.35456396552498,9.107670514338215
les_bridge_fing02__d1t3__00008.wav,lsp-hardclip,les_bridge_fing02,0.0026419163,les_neck_pick04__d0t2__00002.wav,lsp-tanh,1,0,3,2,9.35456396552498,5.0
les_bridge_fing02__d1t4__00009.wav,lsp-hardclip,les_bridge_fing02,0.0050092936,les_neck_pick02__d0t2__00002.wav,byod-mxr,1,0,4,2,9.35456396552498,5.0
les_bridge_fing02__d2t0__00010.wav,lsp-hardclip,les_bridge_fing02,0.0028770566,les_bridge_pick25__d2t0__00010.wav,pedalboard-tanh,2,2,0,0,13.55142968534178,13.296816138037473
les_bridge_fing02__d2t1__00011.wav,lsp-hardclip,les_bridge_fing02,0.0024800897,les_bridge_pick25__d2t1__00011.wav,lsp-arctan,2,2,1,1,13.55142968534178,13.270071970821393
les_bridge_fing02__d2t2__00012.wav,lsp-hardclip,les_bridge_fing02,0.0024552345,les_bridge_pick17__d2t1__00011.wav,byod-mxr,2,2,2,1,13.55142968534178,13.292365801948186
les_bridge_fing02__d2t3__00013.wav,lsp-hardclip,les_bridge_fing02,0.0027529001,les_neck_pick04__d1t2__00007.wav,lsp-tanh,2,1,3,2,13.55142968534178,9.088421535688989
les_bridge_fing02__d2t4__00014.wav,lsp-hardclip,les_bridge_fing02,0.0043289065,les_neck_pick02__d1t2__00007.wav,byod-mxr,2,1,4,2,13.55142968534178,9.107670514338215
les_bridge_fing02__d3t0__00015.wav,lsp-hardclip,les_bridge_fing02,0.0034461021,les_neck_pick12__d2t1__00011.wav,pedalboard-tanh,3,2,0,1,17.563088337099366,13.296816138037473
les_bridge_fing02__d3t1__00016.wav,lsp-hardclip,les_bridge_fing02,0.00360471,les_bridge_pick25__d2t1__00011.wav,byod-mxr,3,2,1,1,17.563088337099366,13.292365801948186
les_bridge_fing02__d3t2__00017.wav,lsp-hardclip,les_bridge_fing02,0.0049954057,les_bridge_pick25__d2t2__00012.wav,byod-mxr,3,2,2,2,17.563088337099366,13.292365801948186
les_bridge_fing02__d3t3__00018.wav,lsp-hardclip,les_bridge_fing02,0.0061588287,les_neck_pick04__d2t2__00012.wav,byod-mxr,3,2,3,2,17.563088337099366,13.292365801948186
les_bridge_fing02__d3t4__00019.wav,lsp-hardclip,les_bridge_fing02,0.0116968155,les_neck_pick02__d3t2__00017.wav,lsp-arctan,3,3,4,2,17.563088337099366,17.436825605717576
les_bridge_fing02__d4t0__00020.wav,lsp-hardclip,les_bridge_fing02,0.0039657354,les_neck_pick04__d3t0__00015.wav,lsp-arctan,4,3,0,0,21.54643860361127,17.436825605717576
les_bridge_fing02__d4t1__00021.wav,lsp-hardclip,les_bridge_fing02,0.0030680895,les_neck_pick21__d4t0__00020.wav,byod-mxr,4,4,1,0,21.54643860361127,21.62039317761596
les_bridge_fing02__d4t2__00022.wav,lsp-hardclip,les_bridge_fing02,0.0030415058,les_bridge_fing24__d3t2__00017.wav,byod-mxr,4,3,2,2,21.54643860361127,17.452308155418716
les_bridge_fing02__d4t3__00023.wav,lsp-hardclip,les_bridge_fing02,0.0045143366,les_neck_pick03__d4t2__00022.wav,pedalboard-tanh,4,4,3,2,21.54643860361127,21.61638024087312
les_bridge_fing02__d4t4__00024.wav,lsp-hardclip,les_bridge_fing02,0.010559261,les_neck_pick02__d4t2__00022.wav,lsp-sine,4,4,4,2,21.54643860361127,21.652716208419097
les_bridge_fing02__d5t0__00025.wav,lsp-hardclip,les_bridge_fing02,0.0030174255,les_bridge_fing24__d4t0__00020.wav,byod-mxr,5,4,0,0,25.79865436059077,21.62039317761596
les_bridge_fing02__d5t1__00026.wav,lsp-hardclip,les_bridge_fing02,0.003736198,les_bridge_fing17__d4t0__00020.wav,byod-mxr,5,4,1,0,25.79865436059077,21.62039317761596
les_bridge_fing02__d5t2__00027.wav,lsp-hardclip,les_bridge_fing02,0.0036960244,les_neck_pick12__d4t4__00024.wav,pedalboard-tanh,5,4,2,4,25.79865436059077,21.61638024087312
les_bridge_fing02__d5t3__00028.wav,lsp-hardclip,les_bridge_fing02,0.0020220876,les_neck_pick04__d5t2__00027.wav,lsp-tanh,5,5,3,2,25.79865436059077,25.766463780707188
les_bridge_fing02__d5t4__00029.wav,lsp-hardclip,les_bridge_fing02,0.0042592883,les_neck_pick03__d5t3__00028.wav,lsp-sine,5,5,4,3,25.79865436059077,25.7855895742644
les_bridge_fing02__d6t0__00030.wav,lsp-hardclip,les_bridge_fing02,0.0033121705,les_neck_pick11__d5t0__00025.wav,byod-mxr,6,5,0,0,29.908667593492765,25.779078975465445
les_bridge_fing02__d6t1__00031.wav,lsp-hardclip,les_bridge_fing02,0.00637573,les_neck_pick21__d6t0__00030.wav,lsp-sine,6,6,1,0,29.908667593492765,29.915327656251563
les_bridge_fing02__d6t2__00032.wav,lsp-hardclip,les_bridge_fing02,0.006525874,les_bridge_pick16__d5t2__00027.wav,lsp-sine,6,5,2,2,29.908667593492765,25.7855895742644
les_bridge_fing02__d6t3__00033.wav,lsp-hardclip,les_bridge_fing02,0.0027208924,les_bridge_fing21__d6t3__00033.wav,lsp-sine,6,6,3,3,29.908667593492765,29.915327656251563
les_bridge_fing02__d6t4__00034.wav,lsp-hardclip,les_bridge_fing02,0.0041077137,les_neck_pick12__d7t3__00038.wav,byod-mxr,6,7,4,3,29.908667593492765,34.08156088036171
les_bridge_fing02__d7t0__00035.wav,lsp-hardclip,les_bridge_fing02,0.003063321,les_neck_pick05__d6t0__00030.wav,pedalboard-tanh,7,6,0,0,34.07942205160116,29.92239131554786
les_bridge_fing02__d7t1__00036.wav,lsp-hardclip,les_bridge_fing02,0.0034525394,les_neck_pick05__d6t1__00031.wav,pedalboard-tanh,7,6,1,1,34.07942205160116,29.92239131554786
les_bridge_fing02__d7t2__00037.wav,lsp-hardclip,les_bridge_fing02,0.0029720664,les_bridge_fing21__d7t2__00037.wav,lsp-tanh,7,7,2,2,34.07942205160116,34.0729352593394
les_bridge_fing02__d7t3__00038.wav,lsp-hardclip,les_bridge_fing02,0.003266573,les_neck_pick21__d7t2__00037.wav,lsp-arctan,7,7,3,2,34.07942205160116,34.09435618625095
les_bridge_fing02__d7t4__00039.wav,lsp-hardclip,les_bridge_fing02,0.0045598745,les_neck_pick05__d7t3__00038.wav,lsp-arctan,7,7,4,3,34.07942205160116,34.09435618625095
les_bridge_fing05__d0t0__00000.wav,lsp-hardclip,les_bridge_fing05,0.0022935867,les_neck_pick02__d0t1__00001.wav,byod-mxr,0,0,0,1,5.063331073032135,5.0
les_bridge_fing05__d0t1__00001.wav,lsp-hardclip,les_bridge_fing05,0.0020838976,les_bridge_pick17__d1t2__00007.wav,byod-mxr,0,1,1,2,5.063331073032135,9.107670514338215
les_bridge_fing05__d0t2__00002.wav,lsp-hardclip,les_bridge_fing05,0.009258151,les_bridge_pick17__d1t4__00009.wav,lsp-tanh,0,1,2,4,5.063331073032135,9.088421535688989
les_bridge_fing05__d0t3__00003.wav,lsp-hardclip,les_bridge_fing05,0.0038514733,les_neck_pick21__d1t3__00008.wav,byod-mxr,0,1,3,3,5.063331073032135,9.107670514338215
les_bridge_fing05__d0t4__00004.wav,lsp-hardclip,les_bridge_fing05,0.0039764643,les_neck_pick05__d0t4__00004.wav,lsp-arctan,0,0,4,4,5.063331073032135,5.005872107125804
les_bridge_fing05__d1t0__00005.wav,lsp-hardclip,les_bridge_fing05,0.0025673509,les_bridge_pick17__d1t1__00006.wav,byod-mxr,1,1,0,1,9.35456396552498,9.107670514338215
les_bridge_fing05__d1t1__00006.wav,lsp-hardclip,les_bridge_fing05,0.0017404556,les_bridge_pick17__d1t2__00007.wav,byod-mxr,1,1,1,2,9.35456396552498,9.107670514338215
les_bridge_fing05__d1t2__00007.wav,lsp-hardclip,les_bridge_fing05,0.009905517,les_bridge_fing20__d1t4__00009.wav,byod-mxr,1,1,2,4,9.35456396552498,9.107670514338215
les_bridge_fing05__d1t3__00008.wav,lsp-hardclip,les_bridge_fing05,0.0045974255,les_neck_pick21__d1t3__00008.wav,byod-mxr,1,1,3,3,9.35456396552498,9.107670514338215
les_bridge_fing05__d1t4__00009.wav,lsp-hardclip,les_bridge_fing05,0.0032210946,les_neck_pick14__d2t3__00013.wav,byod-mxr,1,2,4,3,9.35456396552498,13.292365801948186
les_bridge_fing05__d2t0__00010.wav,lsp-hardclip,les_bridge_fing05,0.004182577,les_bridge_pick17__d2t1__00011.wav,lsp-arctan,2,2,0,1,13.55142968534178,13.270071970821393
les_bridge_fing05__d2t1__00011.wav,lsp-hardclip,les_bridge_fing05,0.0028179288,les_bridge_pick17__d1t2__00007.wav,byod-mxr,2,1,1,2,13.55142968534178,9.107670514338215
les_bridge_fing05__d2t2__00012.wav,lsp-hardclip,les_bridge_fing05,0.011236429,les_bridge_fing20__d1t4__00009.wav,byod-mxr,2,1,2,4,13.55142968534178,9.107670514338215
les_bridge_fing05__d2t3__00013.wav,lsp-hardclip,les_bridge_fing05,0.0052242875,les_neck_pick05__d0t3__00003.wav,byod-mxr,2,0,3,3,13.55142968534178,5.0
les_bridge_fing05__d2t4__00014.wav,lsp-hardclip,les_bridge_fing05,0.002759397,les_bridge_fing17__d2t4__00014.wav,lsp-tanh,2,2,4,4,13.55142968534178,13.297259315581634
les_bridge_fing05__d3t0__00015.wav,lsp-hardclip,les_bridge_fing05,0.0031777024,les_neck_pick12__d0t4__00004.wav,byod-mxr,3,0,0,4,17.563088337099366,5.0
les_bridge_fing05__d3t1__00016.wav,lsp-hardclip,les_bridge_fing05,0.0024095774,les_bridge_fing24__d2t3__00013.wav,lsp-tanh,3,2,1,3,17.563088337099366,13.297259315581634
les_bridge_fing05__d3t2__00017.wav,lsp-hardclip,les_bridge_fing05,0.00792712,les_neck_fing15__d3t3__00018.wav,lsp-sine,3,3,2,3,17.563088337099366,17.46073355198249
les_bridge_fing05__d3t3__00018.wav,lsp-hardclip,les_bridge_fing05,0.0057265162,les_neck_pick14__d3t2__00017.wav,byod-mxr,3,3,3,2,17.563088337099366,17.452308155418716
les_bridge_fing05__d3t4__00019.wav,lsp-hardclip,les_bridge_fing05,0.006589532,les_bridge_fing17__d2t4__00014.wav,byod-mxr,3,2,4,4,17.563088337099366,13.292365801948186
les_bridge_fing05__d4t0__00020.wav,lsp-hardclip,les_bridge_fing05,0.005295396,les_neck_pick12__d1t4__00009.wav,lsp-arctan,4,1,0,4,21.54643860361127,9.170316408518453
les_bridge_fing05__d4t1__00021.wav,lsp-hardclip,les_bridge_fing05,0.014571786,les_bridge_pick17__d3t2__00017.wav,byod-mxr,4,3,1,2,21.54643860361127,17.452308155418716
les_bridge_fing05__d4t2__00022.wav,lsp-hardclip,les_bridge_fing05,0.007764995,les_neck_fing15__d4t3__00023.wav,lsp-sine,4,4,2,3,21.54643860361127,21.652716208419097
les_bridge_fing05__d4t3__00023.wav,lsp-hardclip,les_bridge_fing05,0.006678045,les_neck_pick14__d4t2__00022.wav,lsp-arctan,4,4,3,2,21.54643860361127,21.613326710488973
les_bridge_fing05__d4t4__00024.wav,lsp-hardclip,les_bridge_fing05,0.0057678223,les_neck_fing15__d4t4__00024.wav,pedalboard-tanh,4,4,4,4,21.54643860361127,21.61638024087312
les_bridge_fing05__d5t0__00025.wav,lsp-hardclip,les_bridge_fing05,0.010739505,les_bridge_pick16__d3t2__00017.wav,byod-mxr,5,3,0,2,25.79865436059077,17.452308155418716
les_bridge_fing05__d5t1__00026.wav,lsp-hardclip,les_bridge_fing05,0.0050521493,les_bridge_fing24__d3t4__00019.wav,byod-mxr,5,3,1,4,25.79865436059077,17.452308155418716
les_bridge_fing05__d5t2__00027.wav,lsp-hardclip,les_bridge_fing05,0.0026230812,les_bridge_fing17__d4t3__00023.wav,byod-mxr,5,4,2,3,25.79865436059077,21.62039317761596
les_bridge_fing05__d5t3__00028.wav,lsp-hardclip,les_bridge_fing05,0.003694415,les_bridge_pick17__d4t4__00024.wav,lsp-sine,5,4,3,4,25.79865436059077,21.652716208419097
les_bridge_fing05__d5t4__00029.wav,lsp-hardclip,les_bridge_fing05,0.0030304193,les_neck_pick21__d5t3__00028.wav,lsp-sine,5,5,4,3,25.79865436059077,25.7855895742644
les_bridge_fing05__d6t0__00030.wav,lsp-hardclip,les_bridge_fing05,0.0056146383,les_neck_pick12__d6t1__00031.wav,pedalboard-tanh,6,6,0,1,29.908667593492765,29.92239131554786
les_bridge_fing05__d6t1__00031.wav,lsp-hardclip,les_bridge_fing05,0.002285242,les_bridge_fing21__d5t3__00028.wav,lsp-tanh,6,5,1,3,29.908667593492765,25.766463780707188
les_bridge_fing05__d6t2__00032.wav,lsp-hardclip,les_bridge_fing05,0.003978789,les_bridge_fing17__d5t3__00028.wav,lsp-tanh,6,5,2,3,29.908667593492765,25.766463780707188
les_bridge_fing05__d6t3__00033.wav,lsp-hardclip,les_bridge_fing05,0.0058966875,les_bridge_fing17__d5t4__00029.wav,pedalboard-tanh,6,5,3,4,29.908667593492765,25.782351420955937
les_bridge_fing05__d6t4__00034.wav,lsp-hardclip,les_bridge_fing05,0.006733358,les_neck_fing15__d5t4__00029.wav,lsp-arctan,6,5,4,4,29.908667593492765,25.788497067568912
les_bridge_fing05__d7t0__00035.wav,lsp-hardclip,les_bridge_fing05,0.0026721954,les_neck_pick04__d7t1__00036.wav,byod-mxr,7,7,0,1,34.07942205160116,34.08156088036171
les_bridge_fing05__d7t1__00036.wav,lsp-hardclip,les_bridge_fing05,0.0044175982,les_neck_fing01__d6t2__00032.wav,lsp-sine,7,6,1,2,34.07942205160116,29.915327656251563
les_bridge_fing05__d7t2__00037.wav,lsp-hardclip,les_bridge_fing05,0.0032109022,les_neck_pick04__d7t3__00038.wav,lsp-sine,7,7,2,3,34.07942205160116,34.094517939627885
les_bridge_fing05__d7t3__00038.wav,lsp-hardclip,les_bridge_fing05,0.0010539889,les_neck_pick04__d7t4__00039.wav,lsp-sine,7,7,3,4,34.07942205160116,34.094517939627885
les_bridge_fing05__d7t4__00039.wav,lsp-hardclip,les_bridge_fing05,0.0024059415,les_bridge_fing20__d7t3__00038.wav,pedalboard-tanh,7,7,4,3,34.07942205160116,34.075823464139134
les_bridge_fing07__d0t0__00000.wav,lsp-hardclip,les_bridge_fing07,0.00017738342,les_bridge_fing20__d2t0__00010.wav,lsp-arctan,0,2,0,0,5.063331073032135,13.270071970821393
les_bridge_fing07__d0t1__00001.wav,lsp-hardclip,les_bridge_fing07,0.0008856058,les_neck_pick12__d0t3__00003.wav,pedalboard-tanh,0,0,1,3,5.063331073032135,5.0
les_bridge_fing07__d0t2__00002.wav,lsp-hardclip,les_bridge_fing07,0.0011889338,les_bridge_pick22__d1t3__00008.wav,lsp-arctan,0,1,2,3,5.063331073032135,9.170316408518453
les_bridge_fing07__d0t3__00003.wav,lsp-hardclip,les_bridge_fing07,0.0026625395,les_bridge_pick22__d1t4__00009.wav,pedalboard-tanh,0,1,3,4,5.063331073032135,9.146047429418331
les_bridge_fing07__d0t4__00004.wav,lsp-hardclip,les_bridge_fing07,0.0030611753,les_neck_pick02__d1t3__00008.wav,lsp-tanh,0,1,4,3,5.063331073032135,9.088421535688989
les_bridge_fing07__d1t0__00005.wav,lsp-hardclip,les_bridge_fing07,0.0008047223,les_bridge_fing20__d2t0__00010.wav,pedalboard-tanh,1,2,0,0,9.35456396552498,13.296816138037473
les_bridge_fing07__d1t1__00006.wav,lsp-hardclip,les_bridge_fing07,0.0012856722,les_neck_pick12__d1t3__00008.wav,pedalboard-tanh,1,1,1,3,9.35456396552498,9.146047429418331
les_bridge_fing07__d1t2__00007.wav,lsp-hardclip,les_bridge_fing07,0.0025554895,les_bridge_pick22__d1t3__00008.wav,lsp-sine,1,1,2,3,9.35456396552498,9.202349861352678
les_bridge_fing07__d1t3__00008.wav,lsp-hardclip,les_bridge_fing07,0.0048549175,les_neck_pick04__d0t3__00003.wav,pedalboard-tanh,1,0,3,3,9.35456396552498,5.0
les_bridge_fing07__d1t4__00009.wav,lsp-hardclip,les_bridge_fing07,0.008049607,les_bridge_fing17__d1t3__00008.wav,lsp-arctan,1,1,4,3,9.35456396552498,9.170316408518453
les_bridge_fing07__d2t0__00010.wav,lsp-hardclip,les_bridge_fing07,0.0013263822,les_bridge_pick16__d2t1__00011.wav,byod-mxr,2,2,0,1,13.55142968534178,13.292365801948186
les_bridge_fing07__d2t1__00011.wav,lsp-hardclip,les_bridge_fing07,0.0019888878,les_bridge_pick16__d2t2__00012.wav,byod-mxr,2,2,1,2,13.55142968534178,13.292365801948186
les_bridge_fing07__d2t2__00012.wav,lsp-hardclip,les_bridge_fing07,0.0044729114,les_bridge_pick16__d2t3__00013.wav,lsp-tanh,2,2,2,3,13.55142968534178,13.297259315581634
les_bridge_fing07__d2t3__00013.wav,lsp-hardclip,les_bridge_fing07,0.0046874285,les_neck_fing15__d4t2__00022.wav,byod-mxr,2,4,3,2,13.55142968534178,21.62039317761596
les_bridge_fing07__d2t4__00014.wav,lsp-hardclip,les_bridge_fing07,0.016529918,les_neck_pick04__d1t4__00009.wav,lsp-sine,2,1,4,4,13.55142968534178,9.202349861352678
les_bridge_fing07__d3t0__00015.wav,lsp-hardclip,les_bridge_fing07,0.004310429,les_bridge_pick16__d3t1__00016.wav,byod-mxr,3,3,0,1,17.563088337099366,17.452308155418716
les_bridge_fing07__d3t1__00016.wav,lsp-hardclip,les_bridge_fing07,0.006615758,les_neck_pick07__d2t3__00013.wav,pedalboard-tanh,3,2,1,3,17.563088337099366,13.296816138037473
les_bridge_fing07__d3t2__00017.wav,lsp-hardclip,les_bridge_fing07,0.014642179,les_neck_pick14__d4t0__00020.wav,byod-mxr,3,4,2,0,17.563088337099366,21.62039317761596
les_bridge_fing07__d3t3__00018.wav,lsp-hardclip,les_bridge_fing07,0.017929971,les_neck_pick14__d4t1__00021.wav,byod-mxr,3,4,3,1,17.563088337099366,21.62039317761596
les_bridge_fing07__d3t4__00019.wav,lsp-hardclip,les_bridge_fing07,0.0148944855,les_neck_fing15__d5t2__00027.wav,byod-mxr,3,5,4,2,17.563088337099366,25.779078975465445
les_bridge_fing07__d4t0__00020.wav,lsp-hardclip,les_bridge_fing07,0.0062323213,les_neck_pick09__d4t0__00020.wav,byod-mxr,4,4,0,0,21.54643860361127,21.62039317761596
les_bridge_fing07__d4t1__00021.wav,lsp-hardclip,les_bridge_fing07,0.0138273835,les_neck_pick21__d5t0__00025.wav,lsp-sine,4,5,1,0,21.54643860361127,25.7855895742644
les_bridge_fing07__d4t2__00022.wav,lsp-hardclip,les_bridge_fing07,0.008265257,les_neck_pick11__d4t2__00022.wav,lsp-arctan,4,4,2,2,21.54643860361127,21.613326710488973
les_bridge_fing07__d4t3__00023.wav,lsp-hardclip,les_bridge_fing07,0.010050237,les_bridge_pick17__d4t3__00023.wav,lsp-arctan,4,4,3,3,21.54643860361127,21.613326710488973
les_bridge_fing07__d4t4__00024.wav,lsp-hardclip,les_bridge_fing07,0.0075101256,les_bridge_pick17__d4t4__00024.wav,pedalboard-tanh,4,4,4,4,21.54643860361127,21.61638024087312
les_bridge_fing07__d5t0__00025.wav,lsp-hardclip,les_bridge_fing07,0.0024949312,les_bridge_pick25__d5t0__00025.wav,lsp-tanh,5,5,0,0,25.79865436059077,25.766463780707188
les_bridge_fing07__d5t1__00026.wav,lsp-hardclip,les_bridge_fing07,0.0025993586,les_neck_pick11__d5t1__00026.wav,lsp-tanh,5,5,1,1,25.79865436059077,25.766463780707188
les_bridge_fing07__d5t2__00027.wav,lsp-hardclip,les_bridge_fing07,0.0015332103,les_bridge_fing24__d5t3__00028.wav,byod-mxr,5,5,2,3,25.79865436059077,25.779078975465445
les_bridge_fing07__d5t3__00028.wav,lsp-hardclip,les_bridge_fing07,0.0038101077,les_bridge_pick25__d5t3__00028.wav,lsp-tanh,5,5,3,3,25.79865436059077,25.766463780707188
les_bridge_fing07__d5t4__00029.wav,lsp-hardclip,les_bridge_fing07,0.0036233068,les_neck_pick04__d5t4__00029.wav,lsp-arctan,5,5,4,4,25.79865436059077,25.788497067568912
les_bridge_fing07__d6t0__00030.wav,lsp-hardclip,les_bridge_fing07,0.004436195,les_neck_pick09__d6t0__00030.wav,lsp-sine,6,6,0,0,29.908667593492765,29.915327656251563
les_bridge_fing07__d6t1__00031.wav,lsp-hardclip,les_bridge_fing07,0.0032734275,les_bridge_pick25__d6t1__00031.wav,lsp-sine,6,6,1,1,29.908667593492765,29.915327656251563
les_bridge_fing07__d6t2__00032.wav,lsp-hardclip,les_bridge_fing07,0.0041876435,les_neck_pick03__d6t2__00032.wav,lsp-arctan,6,6,2,2,29.908667593492765,29.91872954355242
les_bridge_fing07__d6t3__00033.wav,lsp-hardclip,les_bridge_fing07,0.006081164,les_bridge_pick25__d6t3__00033.wav,lsp-sine,6,6,3,3,29.908667593492765,29.915327656251563
les_bridge_fing07__d6t4__00034.wav,lsp-hardclip,les_bridge_fing07,0.0026261806,les_bridge_fing20__d6t3__00033.wav,byod-mxr,6,6,4,3,29.908667593492765,29.91150927100104
les_bridge_fing07__d7t0__00035.wav,lsp-hardclip,les_bridge_fing07,0.0033174157,les_neck_pick21__d7t0__00035.wav,lsp-arctan,7,7,0,0,34.07942205160116,34.09435618625095
les_bridge_fing07__d7t1__00036.wav,lsp-hardclip,les_bridge_fing07,0.0035686493,les_neck_pick21__d7t1__00036.wav,lsp-sine,7,7,1,1,34.07942205160116,34.094517939627885
les_bridge_fing07__d7t2__00037.wav,lsp-hardclip,les_bridge_fing07,0.005230248,les_bridge_fing24__d6t4__00034.wav,pedalboard-tanh,7,6,2,4,34.07942205160116,29.92239131554786
les_bridge_fing07__d7t3__00038.wav,lsp-hardclip,les_bridge_fing07,0.0008907914,les_bridge_fing20__d7t2__00037.wav,lsp-arctan,7,7,3,2,34.07942205160116,34.09435618625095
les_bridge_fing07__d7t4__00039.wav,lsp-hardclip,les_bridge_fing07,0.0007914901,les_bridge_fing20__d7t3__00038.wav,byod-mxr,7,7,4,3,34.07942205160116,34.08156088036171
les_bridge_fing09__d0t0__00000.wav,lsp-hardclip,les_bridge_fing09,0.008384645,les_bridge_pick25__d0t3__00003.wav,pedalboard-tanh,0,0,0,3,5.063331073032135,5.0
les_bridge_fing09__d0t1__00001.wav,lsp-hardclip,les_bridge_fing09,0.0024091005,les_bridge_fing24__d1t4__00009.wav,pedalboard-tanh,0,1,1,4,5.063331073032135,9.146047429418331
les_bridge_fing09__d0t2__00002.wav,lsp-hardclip,les_bridge_fing09,0.002161324,les_neck_pick21__d1t3__00008.wav,pedalboard-tanh,0,1,2,3,5.063331073032135,9.146047429418331
les_bridge_fing09__d0t3__00003.wav,lsp-hardclip,les_bridge_fing09,0.003692925,les_neck_pick21__d0t4__00004.wav,byod-mxr,0,0,3,4,5.063331073032135,5.0
les_bridge_fing09__d0t4__00004.wav,lsp-hardclip,les_bridge_fing09,0.002678275,les_neck_pick14__d2t4__00014.wav,lsp-sine,0,2,4,4,5.063331073032135,13.251366385956809
les_bridge_fing09__d1t0__00005.wav,lsp-hardclip,les_bridge_fing09,0.008545816,les_neck_fing01__d0t2__00002.wav,pedalboard-tanh,1,0,0,2,9.35456396552498,5.0
les_bridge_fing09__d1t1__00006.wav,lsp-hardclip,les_bridge_fing09,0.0047814846,les_neck_fing01__d0t3__00003.wav,pedalboard-tanh,1,0,1,3,9.35456396552498,5.0
les_bridge_fing09__d1t2__00007.wav,lsp-hardclip,les_bridge_fing09,0.0042722225,les_neck_pick21__d1t3__00008.wav,lsp-sine,1,1,2,3,9.35456396552498,9.202349861352678
les_bridge_fing09__d1t3__00008.wav,lsp-hardclip,les_bridge_fing09,0.0028684735,les_neck_pick21__d1t4__00009.wav,byod-mxr,1,1,3,4,9.35456396552498,9.107670514338215
les_bridge_fing09__d1t4__00009.wav,lsp-hardclip,les_bridge_fing09,0.0039016604,les_neck_pick14__d2t4__00014.wav,byod-mxr,1,2,4,4,9.35456396552498,13.292365801948186
les_bridge_fing09__d2t0__00010.wav,lsp-hardclip,les_bridge_fing09,0.009506881,les_neck_fing01__d0t2__00002.wav,pedalboard-tanh,2,0,0,2,13.55142968534178,5.0
les_bridge_fing09__d2t1__00011.wav,lsp-hardclip,les_bridge_fing09,0.005620241,les_neck_fing15__d3t3__00018.wav,byod-mxr,2,3,1,3,13.55142968534178,17.452308155418716
les_bridge_fing09__d2t2__00012.wav,lsp-hardclip,les_bridge_fing09,0.0048090816,les_neck_pick21__d2t3__00013.wav,lsp-arctan,2,2,2,3,13.55142968534178,13.270071970821393
les_bridge_fing09__d2t3__00013.wav,lsp-hardclip,les_bridge_fing09,0.0044430494,les_neck_pick21__d1t4__00009.wav,byod-mxr,2,1,3,4,13.55142968534178,9.107670514338215
les_bridge_fing09__d2t4__00014.wav,lsp-hardclip,les_bridge_fing09,0.0047726035,les_neck_pick14__d3t4__00019.wav,pedalboard-tanh,2,3,4,4,13.55142968534178,17.454399305827287
les_bridge_fing09__d3t0__00015.wav,lsp-hardclip,les_bridge_fing09,0.00452137,les_neck_fing01__d0t2__00002.wav,pedalboard-tanh,3,0,0,2,17.563088337099366,5.0
les_bridge_fing09__d3t1__00016.wav,lsp-hardclip,les_bridge_fing09,0.005518675,les_neck_fing15__d3t3__00018.wav,byod-mxr,3,3,1,3,17.563088337099366,17.452308155418716
les_bridge_fing09__d3t2__00017.wav,lsp-hardclip,les_bridge_fing09,0.0059429407,les_neck_fing01__d0t4__00004.wav,byod-mxr,3,0,2,4,17.563088337099366,5.0
les_bridge_fing09__d3t3__00018.wav,lsp-hardclip,les_bridge_fing09,0.0056275725,les_neck_pick14__d2t4__00014.wav,byod-mxr,3,2,3,4,17.563088337099366,13.292365801948186
les_bridge_fing09__d3t4__00019.wav,lsp-hardclip,les_bridge_fing09,0.009044349,les_neck_pick14__d3t4__00019.wav,byod-mxr,3,3,4,4,17.563088337099366,17.452308155418716
les_bridge_fing09__d4t0__00020.wav,lsp-hardclip,les_bridge_fing09,0.004849732,les_neck_fing01__d0t2__00002.wav,lsp-arctan,4,0,0,2,21.54643860361127,5.005872107125804
les_bridge_fing09__d4t1__00021.wav,lsp-hardclip,les_bridge_fing09,0.007906377,les_neck_fing01__d1t3__00008.wav,pedalboard-tanh,4,1,1,3,21.54643860361127,9.146047429418331
les_bridge_fing09__d4t2__00022.wav,lsp-hardclip,les_bridge_fing09,0.011090875,les_bridge_fing17__d1t4__00009.wav,byod-mxr,4,1,2,4,21.54643860361127,9.107670514338215
les_bridge_fing09__d4t3__00023.wav,lsp-hardclip,les_bridge_fing09,0.005252421,les_neck_pick14__d4t3__00023.wav,byod-mxr,4,4,3,3,21.54643860361127,21.62039317761596
les_bridge_fing09__d4t4__00024.wav,lsp-hardclip,les_bridge_fing09,0.0055223107,les_neck_pick14__d4t4__00024.wav,byod-mxr,4,4,4,4,21.54643860361127,21.62039317761596
les_bridge_fing09__d5t0__00025.wav,lsp-hardclip,les_bridge_fing09,0.011336982,les_bridge_pick16__d1t4__00009.wav,byod-mxr,5,1,0,4,25.79865436059077,9.107670514338215
les_bridge_fing09__d5t1__00026.wav,lsp-hardclip,les_bridge_fing09,0.0133270025,les_bridge_pick16__d3t4__00019.wav,pedalboard-tanh,5,3,1,4,25.79865436059077,17.454399305827287
les_bridge_fing09__d5t2__00027.wav,lsp-hardclip,les_bridge_fing09,0.003437221,les_neck_pick21__d4t3__00023.wav,byod-mxr,5,4,2,3,25.79865436059077,21.62039317761596
les_bridge_fing09__d5t3__00028.wav,lsp-hardclip,les_bridge_fing09,0.0045193434,les_neck_pick21__d4t4__00024.wav,pedalboard-tanh,5,4,3,4,25.79865436059077,21.61638024087312
les_bridge_fing09__d5t4__00029.wav,lsp-hardclip,les_bridge_fing09,0.008727014,les_neck_pick14__d5t4__00029.wav,lsp-sine,5,5,4,4,25.79865436059077,25.7855895742644
les_bridge_fing09__d6t0__00030.wav,lsp-hardclip,les_bridge_fing09,0.028894722,les_bridge_pick22__d4t3__00023.wav,byod-mxr,6,4,0,3,29.908667593492765,21.62039317761596
les_bridge_fing09__d6t1__00031.wav,lsp-hardclip,les_bridge_fing09,0.0058484674,les_neck_pick02__d5t3__00028.wav,byod-mxr,6,5,1,3,29.908667593492765,25.779078975465445
les_bridge_fing09__d6t2__00032.wav,lsp-hardclip,les_bridge_fing09,0.0055018663,les_bridge_fing17__d5t4__00029.wav,lsp-arctan,6,5,2,4,29.908667593492765,25.788497067568912
les_bridge_fing09__d6t3__00033.wav,lsp-hardclip,les_bridge_fing09,0.004121363,les_bridge_fing20__d5t4__00029.wav,lsp-tanh,6,5,3,4,29.908667593492765,25.766463780707188
les_bridge_fing09__d6t4__00034.wav,lsp-hardclip,les_bridge_fing09,0.0012983084,les_neck_pick04__d7t4__00039.wav,pedalboard-tanh,6,7,4,4,29.908667593492765,34.075823464139134
les_bridge_fing09__d7t0__00035.wav,lsp-hardclip,les_bridge_fing09,0.0067793727,les_bridge_fing24__d7t2__00037.wav,byod-mxr,7,7,0,2,34.07942205160116,34.08156088036171
les_bridge_fing09__d7t1__00036.wav,lsp-hardclip,les_bridge_fing09,0.0025994778,les_neck_pick21__d7t2__00037.wav,lsp-sine,7,7,1,2,34.07942205160116,34.094517939627885
les_bridge_fing09__d7t2__00037.wav,lsp-hardclip,les_bridge_fing09,0.00129354,les_neck_pick21__d7t3__00038.wav,lsp-sine,7,7,2,3,34.07942205160116,34.094517939627885
les_bridge_fing09__d7t3__00038.wav,lsp-hardclip,les_bridge_fing09,0.0008906126,les_neck_fing01__d7t4__00039.wav,lsp-arctan,7,7,3,4,34.07942205160116,34.09435618625095
les_bridge_fing09__d7t4__00039.wav,lsp-hardclip,les_bridge_fing09,0.0027768016,les_bridge_fing20__d7t4__00039.wav,lsp-sine,7,7,4,4,34.07942205160116,34.094517939627885
les_bridge_fing11__d0t0__00000.wav,lsp-hardclip,les_bridge_fing11,0.0024687052,les_neck_pick12__d2t1__00011.wav,lsp-arctan,0,2,0,1,5.063331073032135,13.270071970821393
les_bridge_fing11__d0t1__00001.wav,lsp-hardclip,les_bridge_fing11,0.0051774383,les_neck_fing01__d2t0__00010.wav,lsp-sine,0,2,1,0,5.063331073032135,13.251366385956809
les_bridge_fing11__d0t2__00002.wav,lsp-hardclip,les_bridge_fing11,0.002856791,les_neck_pick12__d0t4__00004.wav,lsp-arctan,0,0,2,4,5.063331073032135,5.005872107125804
les_bridge_fing11__d0t3__00003.wav,lsp-hardclip,les_bridge_fing11,0.0036170483,les_neck_fing15__d4t1__00021.wav,byod-mxr,0,4,3,1,5.063331073032135,21.62039317761596
les_bridge_fing11__d0t4__00004.wav,lsp-hardclip,les_bridge_fing11,0.016523123,les_bridge_pick16__d1t4__00009.wav,byod-mxr,0,1,4,4,5.063331073032135,9.107670514338215
les_bridge_fing11__d1t0__00005.wav,lsp-hardclip,les_bridge_fing11,0.0024588704,les_neck_pick12__d2t1__00011.wav,lsp-tanh,1,2,0,1,9.35456396552498,13.297259315581634
les_bridge_fing11__d1t1__00006.wav,lsp-hardclip,les_bridge_fing11,0.0050559044,les_bridge_pick16__d3t1__00016.wav,lsp-arctan,1,3,1,1,9.35456396552498,17.436825605717576
les_bridge_fing11__d1t2__00007.wav,lsp-hardclip,les_bridge_fing11,0.0039057732,les_neck_pick12__d0t4__00004.wav,lsp-arctan,1,0,2,4,9.35456396552498,5.005872107125804
les_bridge_fing11__d1t3__00008.wav,lsp-hardclip,les_bridge_fing11,0.0024476647,les_bridge_pick16__d2t3__00013.wav,lsp-arctan,1,2,3,3,9.35456396552498,13.270071970821393
les_bridge_fing11__d1t4__00009.wav,lsp-hardclip,les_bridge_fing11,0.030129433,les_neck_fing15__d6t0__00030.wav,lsp-sine,1,6,4,0,9.35456396552498,29.915327656251563
les_bridge_fing11__d2t0__00010.wav,lsp-hardclip,les_bridge_fing11,0.00345999,les_neck_pick12__d2t1__00011.wav,lsp-sine,2,2,0,1,13.55142968534178,13.251366385956809
les_bridge_fing11__d2t1__00011.wav,lsp-hardclip,les_bridge_fing11,0.001021564,les_bridge_pick16__d3t1__00016.wav,byod-mxr,2,3,1,1,13.55142968534178,17.452308155418716
les_bridge_fing11__d2t2__00012.wav,lsp-hardclip,les_bridge_fing11,0.0031344295,les_bridge_pick16__d3t2__00017.wav,lsp-arctan,2,3,2,2,13.55142968534178,17.436825605717576
les_bridge_fing11__d2t3__00013.wav,lsp-hardclip,les_bridge_fing11,0.009445906,les_neck_pick14__d4t0__00020.wav,byod-mxr,2,4,3,0,13.55142968534178,21.62039317761596
les_bridge_fing11__d2t4__00014.wav,lsp-hardclip,les_bridge_fing11,0.02453357,les_neck_pick14__d4t1__00021.wav,byod-mxr,2,4,4,1,13.55142968534178,21.62039317761596
les_bridge_fing11__d3t0__00015.wav,lsp-hardclip,les_bridge_fing11,0.0004928112,les_bridge_pick16__d4t0__00020.wav,byod-mxr,3,4,0,0,17.563088337099366,21.62039317761596
les_bridge_fing11__d3t1__00016.wav,lsp-hardclip,les_bridge_fing11,0.004863262,les_bridge_pick16__d4t1__00021.wav,byod-mxr,3,4,1,1,17.563088337099366,21.62039317761596
les_bridge_fing11__d3t2__00017.wav,lsp-hardclip,les_bridge_fing11,0.007902682,les_neck_pick09__d4t1__00021.wav,lsp-tanh,3,4,2,1,17.563088337099366,21.61115826291455
les_bridge_fing11__d3t3__00018.wav,lsp-hardclip,les_bridge_fing11,0.010609508,les_neck_pick21__d5t1__00026.wav,lsp-arctan,3,5,3,1,17.563088337099366,25.788497067568912
les_bridge_fing11__d3t4__00019.wav,lsp-hardclip,les_bridge_fing11,0.015543878,les_neck_fing01__d5t2__00027.wav,byod-mxr,3,5,4,2,17.563088337099366,25.779078975465445
les_bridge_fing11__d4t0__00020.wav,lsp-hardclip,les_bridge_fing11,0.0043503046,les_bridge_pick16__d4t0__00020.wav,pedalboard-tanh,4,4,0,0,21.54643860361127,21.61638024087312
les_bridge_fing11__d4t1__00021.wav,lsp-hardclip,les_bridge_fing11,0.004332602,les_neck_pick03__d5t0__00025.wav,pedalboard-tanh,4,5,1,0,21.54643860361127,25.782351420955937
les_bridge_fing11__d4t2__00022.wav,lsp-hardclip,les_bridge_fing11,0.0052242875,les_neck_pick04__d5t1__00026.wav,byod-mxr,4,5,2,1,21.54643860361127,25.779078975465445
les_bridge_fing11__d4t3__00023.wav,lsp-hardclip,les_bridge_fing11,0.004803002,les_neck_pick11__d5t2__00027.wav,lsp-sine,4,5,3,2,21.54643860361127,25.7855895742644
les_bridge_fing11__d4t4__00024.wav,lsp-hardclip,les_bridge_fing11,0.008005321,les_bridge_fing21__d5t4__00029.wav,pedalboard-tanh,4,5,4,4,21.54643860361127,25.782351420955937
les_bridge_fing11__d5t0__00025.wav,lsp-hardclip,les_bridge_fing11,0.0013714433,les_bridge_pick16__d5t0__00025.wav,lsp-sine,5,5,0,0,25.79865436059077,25.7855895742644
les_bridge_fing11__d5t1__00026.wav,lsp-hardclip,les_bridge_fing11,0.0037353635,les_bridge_fing20__d5t0__00025.wav,lsp-arctan,5,5,1,0,25.79865436059077,25.788497067568912
les_bridge_fing11__d5t2__00027.wav,lsp-hardclip,les_bridge_fing11,0.0053536296,les_neck_fing01__d5t1__00026.wav,lsp-arctan,5,5,2,1,25.79865436059077,25.788497067568912
les_bridge_fing11__d5t3__00028.wav,lsp-hardclip,les_bridge_fing11,0.005804181,les_neck_pick12__d6t3__00033.wav,byod-mxr,5,6,3,3,25.79865436059077,29.91150927100104
les_bridge_fing11__d5t4__00029.wav,lsp-hardclip,les_bridge_fing11,0.004616916,les_bridge_pick25__d5t4__00029.wav,byod-mxr,5,5,4,4,25.79865436059077,25.779078975465445
les_bridge_fing11__d6t0__00030.wav,lsp-hardclip,les_bridge_fing11,0.0025657415,les_bridge_pick22__d6t0__00030.wav,lsp-sine,6,6,0,0,29.908667593492765,29.915327656251563
les_bridge_fing11__d6t1__00031.wav,lsp-hardclip,les_bridge_fing11,0.0052264333,les_bridge_fing17__d6t0__00030.wav,lsp-arctan,6,6,1,0,29.908667593492765,29.91872954355242
les_bridge_fing11__d6t2__00032.wav,lsp-hardclip,les_bridge_fing11,0.004181981,les_neck_fing01__d6t1__00031.wav,lsp-tanh,6,6,2,1,29.908667593492765,29.89601395521624
les_bridge_fing11__d6t3__00033.wav,lsp-hardclip,les_bridge_fing11,0.0021753907,les_neck_pick02__d7t2__00037.wav,lsp-sine,6,7,3,2,29.908667593492765,34.094517939627885
les_bridge_fing11__d6t4__00034.wav,lsp-hardclip,les_bridge_fing11,0.0027376413,les_neck_pick02__d7t3__00038.wav,byod-mxr,6,7,4,3,29.908667593492765,34.08156088036171
les_bridge_fing11__d7t0__00035.wav,lsp-hardclip,les_bridge_fing11,0.0031770468,les_bridge_fing24__d7t0__00035.wav,lsp-arctan,7,7,0,0,34.07942205160116,34.09435618625095
les_bridge_fing11__d7t1__00036.wav,lsp-hardclip,les_bridge_fing11,0.0023016334,les_bridge_fing17__d7t0__00035.wav,lsp-sine,7,7,1,0,34.07942205160116,34.094517939627885
les_bridge_fing11__d7t2__00037.wav,lsp-hardclip,les_bridge_fing11,0.00179106,les_neck_pick03__d7t2__00037.wav,lsp-sine,7,7,2,2,34.07942205160116,34.094517939627885
les_bridge_fing11__d7t3__00038.wav,lsp-hardclip,les_bridge_fing11,0.0016575456,les_bridge_fing17__d6t4__00034.wav,byod-mxr,7,6,3,4,34.07942205160116,29.91150927100104
les_bridge_fing11__d7t4__00039.wav,lsp-hardclip,les_bridge_fing11,0.0011265278,les_neck_pick14__d7t2__00037.wav,byod-mxr,7,7,4,2,34.07942205160116,34.08156088036171
les_bridge_fing16__d0t0__00000.wav,lsp-hardclip,les_bridge_fing16,0.0013993979,les_neck_pick12__d0t4__00004.wav,pedalboard-tanh,0,0,0,4,5.063331073032135,5.0
les_bridge_fing16__d0t1__00001.wav,lsp-hardclip,les_bridge_fing16,0.0065330267,les_bridge_pick25__d1t3__00008.wav,pedalboard-tanh,0,1,1,3,5.063331073032135,9.146047429418331
les_bridge_fing16__d0t2__00002.wav,lsp-hardclip,les_bridge_fing16,0.0050786734,les_neck_fing15__d3t3__00018.wav,byod-mxr,0,3,2,3,5.063331073032135,17.452308155418716
les_bridge_fing16__d0t3__00003.wav,lsp-hardclip,les_bridge_fing16,0.007512212,les_neck_pick21__d0t3__00003.wav,byod-mxr,0,0,3,3,5.063331073032135,5.0
les_bridge_fing16__d0t4__00004.wav,lsp-hardclip,les_bridge_fing16,0.0079523325,les_neck_pick14__d2t3__00013.wav,lsp-arctan,0,2,4,3,5.063331073032135,13.270071970821393
les_bridge_fing16__d1t0__00005.wav,lsp-hardclip,les_bridge_fing16,0.0014767051,les_neck_pick12__d0t4__00004.wav,lsp-arctan,1,0,0,4,9.35456396552498,5.005872107125804
les_bridge_fing16__d1t1__00006.wav,lsp-hardclip,les_bridge_fing16,0.0057581663,les_neck_pick04__d0t2__00002.wav,lsp-tanh,1,0,1,2,9.35456396552498,5.0
les_bridge_fing16__d1t2__00007.wav,lsp-hardclip,les_bridge_fing16,0.0072292686,les_neck_fing01__d1t3__00008.wav,pedalboard-tanh,1,1,2,3,9.35456396552498,9.146047429418331
les_bridge_fing16__d1t3__00008.wav,lsp-hardclip,les_bridge_fing16,0.007586837,les_neck_fing01__d0t4__00004.wav,byod-mxr,1,0,3,4,9.35456396552498,5.0
les_bridge_fing16__d1t4__00009.wav,lsp-hardclip,les_bridge_fing16,0.0069100857,les_neck_pick14__d2t3__00013.wav,lsp-arctan,1,2,4,3,9.35456396552498,13.270071970821393
les_bridge_fing16__d2t0__00010.wav,lsp-hardclip,les_bridge_fing16,0.003134966,les_neck_pick12__d0t4__00004.wav,lsp-arctan,2,0,0,4,13.55142968534178,5.005872107125804
les_bridge_fing16__d2t1__00011.wav,lsp-hardclip,les_bridge_fing16,0.009386182,les_neck_pick04__d0t2__00002.wav,byod-mxr,2,0,1,2,13.55142968534178,5.0
les_bridge_fing16__d2t2__00012.wav,lsp-hardclip,les_bridge_fing16,0.008756161,les_neck_fing01__d1t3__00008.wav,lsp-tanh,2,1,2,3,13.55142968534178,9.088421535688989
les_bridge_fing16__d2t3__00013.wav,lsp-hardclip,les_bridge_fing16,0.0080112815,les_neck_fing01__d1t4__00009.wav,byod-mxr,2,1,3,4,13.55142968534178,9.107670514338215
les_bridge_fing16__d2t4__00014.wav,lsp-hardclip,les_bridge_fing16,0.007499993,les_neck_pick05__d0t4__00004.wav,lsp-arctan,2,0,4,4,13.55142968534178,5.005872107125804
les_bridge_fing16__d3t0__00015.wav,lsp-hardclip,les_bridge_fing16,0.006872773,les_neck_pick12__d0t4__00004.wav,lsp-arctan,3,0,0,4,17.563088337099366,5.005872107125804
les_bridge_fing16__d3t1__00016.wav,lsp-hardclip,les_bridge_fing16,0.010055065,les_neck_fing01__d2t2__00012.wav,pedalboard-tanh,3,2,1,2,17.563088337099366,13.296816138037473
les_bridge_fing16__d3t2__00017.wav,lsp-hardclip,les_bridge_fing16,0.006495774,les_neck_fing15__d4t3__00023.wav,byod-mxr,3,4,2,3,17.563088337099366,21.62039317761596
les_bridge_fing16__d3t3__00018.wav,lsp-hardclip,les_bridge_fing16,0.008921027,les_neck_fing01__d2t4__00014.wav,byod-mxr,3,2,3,4,17.563088337099366,13.292365801948186
les_bridge_fing16__d3t4__00019.wav,lsp-hardclip,les_bridge_fing16,0.008053899,les_neck_pick21__d2t4__00014.wav,byod-mxr,3,2,4,4,17.563088337099366,13.292365801948186
les_bridge_fing16__d4t0__00020.wav,lsp-hardclip,les_bridge_fing16,0.013067126,les_neck_fing01__d2t1__00011.wav,lsp-arctan,4,2,0,1,21.54643860361127,13.270071970821393
les_bridge_fing16__d4t1__00021.wav,lsp-hardclip,les_bridge_fing16,0.013239205,les_neck_fing15__d5t1__00026.wav,byod-mxr,4,5,1,1,21.54643860361127,25.779078975465445
les_bridge_fing16__d4t2__00022.wav,lsp-hardclip,les_bridge_fing16,0.01408571,les_neck_fing15__d4t3__00023.wav,lsp-arctan,4,4,2,3,21.54643860361127,21.613326710488973
les_bridge_fing16__d4t3__00023.wav,lsp-hardclip,les_bridge_fing16,0.0076263547,les_neck_fing15__d4t4__00024.wav,byod-mxr,4,4,3,4,21.54643860361127,21.62039317761596
les_bridge_fing16__d4t4__00024.wav,lsp-hardclip,les_bridge_fing16,0.0047829747,les_neck_pick14__d4t3__00023.wav,byod-mxr,4,4,4,3,21.54643860361127,21.62039317761596
les_bridge_fing16__d5t0__00025.wav,lsp-hardclip,les_bridge_fing16,0.023286462,les_neck_pick07__d2t4__00014.wav,lsp-tanh,5,2,0,4,25.79865436059077,13.297259315581634
les_bridge_fing16__d5t1__00026.wav,lsp-hardclip,les_bridge_fing16,0.020109653,les_neck_pick14__d4t1__00021.wav,byod-mxr,5,4,1,1,25.79865436059077,21.62039317761596
les_bridge_fing16__d5t2__00027.wav,lsp-hardclip,les_bridge_fing16,0.008809447,les_neck_fing15__d5t2__00027.wav,lsp-tanh,5,5,2,2,25.79865436059077,25.766463780707188
les_bridge_fing16__d5t3__00028.wav,lsp-hardclip,les_bridge_fing16,0.006609142,les_bridge_fing20__d4t4__00024.wav,byod-mxr,5,4,3,4,25.79865436059077,21.62039317761596
les_bridge_fing16__d5t4__00029.wav,lsp-hardclip,les_bridge_fing16,0.010691762,les_neck_pick21__d4t4__00024.wav,lsp-sine,5,4,4,4,25.79865436059077,21.652716208419097
les_bridge_fing16__d6t0__00030.wav,lsp-hardclip,les_bridge_fing16,0.02087468,les_neck_pick21__d5t1__00026.wav,byod-mxr,6,5,0,1,29.908667593492765,25.779078975465445
les_bridge_fing16__d6t1__00031.wav,lsp-hardclip,les_bridge_fing16,0.0065692663,les_bridge_pick22__d4t4__00024.wav,byod-mxr,6,4,1,4,29.908667593492765,21.62039317761596
les_bridge_fing16__d6t2__00032.wav,lsp-hardclip,les_bridge_fing16,0.004131615,les_neck_pick02__d4t4__00024.wav,lsp-sine,6,4,2,4,29.908667593492765,21.652716208419097
les_bridge_fing16__d6t3__00033.wav,lsp-hardclip,les_bridge_fing16,0.0054127574,les_neck_pick21__d5t4__00029.wav,byod-mxr,6,5,3,4,29.908667593492765,25.779078975465445
les_bridge_fing16__d6t4__00034.wav,lsp-hardclip,les_bridge_fing16,0.0074806213,les_neck_pick14__d5t4__00029.wav,byod-mxr,6,5,4,4,29.908667593492765,25.779078975465445
les_bridge_fing16__d7t0__00035.wav,lsp-hardclip,les_bridge_fing16,0.004860103,les_neck_fing01__d6t1__00031.wav,lsp-tanh,7,6,0,1,34.07942205160116,29.89601395521624
les_bridge_fing16__d7t1__00036.wav,lsp-hardclip,les_bridge_fing16,0.0015394688,les_neck_pick04__d7t2__00037.wav,lsp-arctan,7,7,1,2,34.07942205160116,34.09435618625095
les_bridge_fing16__d7t2__00037.wav,lsp-hardclip,les_bridge_fing16,0.0011256933,les_neck_pick04__d7t3__00038.wav,lsp-arctan,7,7,2,3,34.07942205160116,34.09435618625095
les_bridge_fing16__d7t3__00038.wav,lsp-hardclip,les_bridge_fing16,0.00081157684,les_neck_pick04__d7t4__00039.wav,lsp-sine,7,7,3,4,34.07942205160116,34.094517939627885
les_bridge_fing16__d7t4__00039.wav,lsp-hardclip,les_bridge_fing16,0.002516985,les_neck_pick14__d6t4__00034.wav,lsp-arctan,7,6,4,4,34.07942205160116,29.91872954355242
les_bridge_fing18__d0t0__00000.wav,lsp-hardclip,les_bridge_fing18,0.001475513,les_bridge_pick16__d4t0__00020.wav,byod-mxr,0,4,0,0,5.063331073032135,21.62039317761596
les_bridge_fing18__d0t1__00001.wav,lsp-hardclip,les_bridge_fing18,0.0034601688,les_bridge_pick16__d3t1__00016.wav,byod-mxr,0,3,1,1,5.063331073032135,17.452308155418716
les_bridge_fing18__d0t2__00002.wav,lsp-hardclip,les_bridge_fing18,0.012791097,les_neck_fing01__d2t1__00011.wav,lsp-arctan,0,2,2,1,5.063331073032135,13.270071970821393
les_bridge_fing18__d0t3__00003.wav,lsp-hardclip,les_bridge_fing18,0.02210176,les_neck_fing15__d5t1__00026.wav,byod-mxr,0,5,3,1,5.063331073032135,25.779078975465445
les_bridge_fing18__d0t4__00004.wav,lsp-hardclip,les_bridge_fing18,0.030728817,les_bridge_pick16__d3t4__00019.wav,byod-mxr,0,3,4,4,5.063331073032135,17.452308155418716
les_bridge_fing18__d1t0__00005.wav,lsp-hardclip,les_bridge_fing18,0.0027574897,les_bridge_pick16__d4t0__00020.wav,byod-mxr,1,4,0,0,9.35456396552498,21.62039317761596
les_bridge_fing18__d1t1__00006.wav,lsp-hardclip,les_bridge_fing18,0.0049958825,les_bridge_pick16__d3t1__00016.wav,byod-mxr,1,3,1,1,9.35456396552498,17.452308155418716
les_bridge_fing18__d1t2__00007.wav,lsp-hardclip,les_bridge_fing18,0.012564719,les_bridge_pick16__d3t2__00017.wav,byod-mxr,1,3,2,2,9.35456396552498,17.452308155418716
les_bridge_fing18__d1t3__00008.wav,lsp-hardclip,les_bridge_fing18,0.022512317,les_bridge_pick16__d3t3__00018.wav,byod-mxr,1,3,3,3,9.35456396552498,17.452308155418716
les_bridge_fing18__d1t4__00009.wav,lsp-hardclip,les_bridge_fing18,0.03597808,les_bridge_pick16__d3t4__00019.wav,lsp-arctan,1,3,4,4,9.35456396552498,17.436825605717576
les_bridge_fing18__d2t0__00010.wav,lsp-hardclip,les_bridge_fing18,0.0054355264,les_bridge_pick16__d4t0__00020.wav,lsp-arctan,2,4,0,0,13.55142968534178,21.613326710488973
les_bridge_fing18__d2t1__00011.wav,lsp-hardclip,les_bridge_fing18,0.015722036,les_bridge_pick16__d3t1__00016.wav,byod-mxr,2,3,1,1,13.55142968534178,17.452308155418716
les_bridge_fing18__d2t2__00012.wav,lsp-hardclip,les_bridge_fing18,0.019596994,les_neck_pick07__d3t3__00018.wav,lsp-tanh,2,3,2,3,13.55142968534178,17.426284440144894
les_bridge_fing18__d2t3__00013.wav,lsp-hardclip,les_bridge_fing18,0.035481274,les_bridge_pick16__d3t3__00018.wav,lsp-sine,2,3,3,3,13.55142968534178,17.46073355198249
les_bridge_fing18__d2t4__00014.wav,lsp-hardclip,les_bridge_fing18,0.021408677,les_bridge_pick16__d4t3__00023.wav,byod-mxr,2,4,4,3,13.55142968534178,21.62039317761596
les_bridge_fing18__d3t0__00015.wav,lsp-hardclip,les_bridge_fing18,0.004536152,les_bridge_pick16__d5t0__00025.wav,byod-mxr,3,5,0,0,17.563088337099366,25.779078975465445
les_bridge_fing18__d3t1__00016.wav,lsp-hardclip,les_bridge_fing18,0.012232006,les_bridge_pick16__d4t1__00021.wav,byod-mxr,3,4,1,1,17.563088337099366,21.62039317761596
les_bridge_fing18__d3t2__00017.wav,lsp-hardclip,les_bridge_fing18,0.010356247,les_neck_pick07__d4t3__00023.wav,lsp-sine,3,4,2,3,17.563088337099366,21.652716208419097
les_bridge_fing18__d3t3__00018.wav,lsp-hardclip,les_bridge_fing18,0.011485934,les_bridge_fing20__d5t1__00026.wav,lsp-tanh,3,5,3,1,17.563088337099366,25.766463780707188
les_bridge_fing18__d3t4__00019.wav,lsp-hardclip,les_bridge_fing18,0.015223086,les_neck_fing15__d6t1__00031.wav,lsp-arctan,3,6,4,1,17.563088337099366,29.91872954355242
les_bridge_fing18__d4t0__00020.wav,lsp-hardclip,les_bridge_fing18,0.002924025,les_bridge_pick16__d5t0__00025.wav,byod-mxr,4,5,0,0,21.54643860361127,25.779078975465445
les_bridge_fing18__d4t1__00021.wav,lsp-hardclip,les_bridge_fing18,0.006064594,les_neck_pick12__d6t0__00030.wav,lsp-tanh,4,6,1,0,21.54643860361127,29.89601395521624
les_bridge_fing18__d4t2__00022.wav,lsp-hardclip,les_bridge_fing18,0.0017434359,les_neck_pick09__d5t1__00026.wav,lsp-sine,4,5,2,1,21.54643860361127,25.7855895742644
les_bridge_fing18__d4t3__00023.wav,lsp-hardclip,les_bridge_fing18,0.004641533,les_neck_pick11__d5t2__00027.wav,byod-mxr,4,5,3,2,21.54643860361127,25.779078975465445
les_bridge_fing18__d4t4__00024.wav,lsp-hardclip,les_bridge_fing18,0.011529326,les_neck_pick14__d6t1__00031.wav,lsp-sine,4,6,4,1,21.54643860361127,29.915327656251563
les_bridge_fing18__d5t0__00025.wav,lsp-hardclip,les_bridge_fing18,0.0069029927,les_bridge_pick16__d5t0__00025.wav,lsp-tanh,5,5,0,0,25.79865436059077,25.766463780707188
les_bridge_fing18__d5t1__00026.wav,lsp-hardclip,les_bridge_fing18,0.005419016,les_bridge_fing20__d5t0__00025.wav,pedalboard-tanh,5,5,1,0,25.79865436059077,25.782351420955937
les_bridge_fing18__d5t2__00027.wav,lsp-hardclip,les_bridge_fing18,0.0024247766,les_neck_pick04__d6t1__00031.wav,lsp-sine,5,6,2,1,25.79865436059077,29.915327656251563
les_bridge_fing18__d5t3__00028.wav,lsp-hardclip,les_bridge_fing18,0.006505966,les_neck_pick02__d6t2__00032.wav,lsp-arctan,5,6,3,2,25.79865436059077,29.91872954355242
les_bridge_fing18__d5t4__00029.wav,lsp-hardclip,les_bridge_fing18,0.009946644,les_neck_pick03__d6t3__00033.wav,byod-mxr,5,6,4,3,25.79865436059077,29.91150927100104
les_bridge_fing18__d6t0__00030.wav,lsp-hardclip,les_bridge_fing18,0.0032491684,les_neck_pick09__d6t0__00030.wav,lsp-sine,6,6,0,0,29.908667593492765,29.915327656251563
les_bridge_fing18__d6t1__00031.wav,lsp-hardclip,les_bridge_fing18,0.004121065,les_neck_pick04__d7t0__00035.wav,lsp-sine,6,7,1,0,29.908667593492765,34.094517939627885
les_bridge_fing18__d6t2__00032.wav,lsp-hardclip,les_bridge_fing18,0.0034548044,les_bridge_fing20__d6t1__00031.wav,lsp-sine,6,6,2,1,29.908667593492765,29.915327656251563
les_bridge_fing18__d6t3__00033.wav,lsp-hardclip,les_bridge_fing18,0.0045599937,les_bridge_pick16__d5t4__00029.wav,lsp-arctan,6,5,3,4,29.908667593492765,25.788497067568912
les_bridge_fing18__d6t4__00034.wav,lsp-hardclip,les_bridge_fing18,0.0021361113,les_bridge_fing20__d7t2__00037.wav,byod-mxr,6,7,4,2,29.908667593492765,34.08156088036171
les_bridge_fing18__d7t0__00035.wav,lsp-hardclip,les_bridge_fing18,0.0028560162,les_neck_pick11__d7t0__00035.wav,byod-mxr,7,7,0,0,34.07942205160116,34.08156088036171
les_bridge_fing18__d7t1__00036.wav,lsp-hardclip,les_bridge_fing18,0.006018579,les_bridge_pick22__d7t2__00037.wav,lsp-arctan,7,7,1,2,34.07942205160116,34.09435618625095
les_bridge_fing18__d7t2__00037.wav,lsp-hardclip,les_bridge_fing18,0.006708145,les_neck_pick09__d6t3__00033.wav,byod-mxr,7,6,2,3,34.07942205160116,29.91150927100104
les_bridge_fing18__d7t3__00038.wav,lsp-hardclip,les_bridge_fing18,0.0016438961,les_neck_fing01__d7t3__00038.wav,byod-mxr,7,7,3,3,34.07942205160116,34.08156088036171
les_bridge_fing18__d7t4__00039.wav,lsp-hardclip,les_bridge_fing18,0.0015764236,les_neck_fing01__d7t4__00039.wav,byod-mxr,7,7,4,4,34.07942205160116,34.08156088036171
les_bridge_fing23__d0t0__00000.wav,lsp-hardclip,les_bridge_fing23,0.0011524558,les_neck_pick21__d0t1__00001.wav,lsp-arctan,0,0,0,1,5.063331073032135,5.005872107125804
les_bridge_fing23__d0t1__00001.wav,lsp-hardclip,les_bridge_fing23,0.0012081265,les_bridge_fing24__d1t3__00008.wav,pedalboard-tanh,0,1,1,3,5.063331073032135,9.146047429418331
les_bridge_fing23__d0t2__00002.wav,lsp-hardclip,les_bridge_fing23,0.006196022,les_bridge_fing24__d1t4__00009.wav,pedalboard-tanh,0,1,2,4,5.063331073032135,9.146047429418331
les_bridge_fing23__d0t3__00003.wav,lsp-hardclip,les_bridge_fing23,0.0063456297,les_neck_pick14__d1t2__00007.wav,lsp-tanh,0,1,3,2,5.063331073032135,9.088421535688989
les_bridge_fing23__d0t4__00004.wav,lsp-hardclip,les_bridge_fing23,0.0019357204,les_neck_pick14__d1t3__00008.wav,lsp-tanh,0,1,4,3,5.063331073032135,9.088421535688989
les_bridge_fing23__d1t0__00005.wav,lsp-hardclip,les_bridge_fing23,0.0012606978,les_bridge_pick16__d0t3__00003.wav,lsp-sine,1,0,0,3,9.35456396552498,5.041347474059023
les_bridge_fing23__d1t1__00006.wav,lsp-hardclip,les_bridge_fing23,0.0012083054,les_bridge_fing20__d0t3__00003.wav,pedalboard-tanh,1,0,1,3,9.35456396552498,5.0
les_bridge_fing23__d1t2__00007.wav,lsp-hardclip,les_bridge_fing23,0.0043637753,les_bridge_fing24__d0t4__00004.wav,byod-mxr,1,0,2,4,9.35456396552498,5.0
les_bridge_fing23__d1t3__00008.wav,lsp-hardclip,les_bridge_fing23,0.0073114634,les_neck_pick14__d1t2__00007.wav,lsp-tanh,1,1,3,2,9.35456396552498,9.088421535688989
les_bridge_fing23__d1t4__00009.wav,lsp-hardclip,les_bridge_fing23,0.0021973848,les_neck_pick14__d1t3__00008.wav,lsp-tanh,1,1,4,3,9.35456396552498,9.088421535688989
les_bridge_fing23__d2t0__00010.wav,lsp-hardclip,les_bridge_fing23,0.0011842847,les_bridge_pick16__d0t3__00003.wav,lsp-arctan,2,0,0,3,13.55142968534178,5.005872107125804
les_bridge_fing23__d2t1__00011.wav,lsp-hardclip,les_bridge_fing23,0.0011057258,les_bridge_fing24__d1t3__00008.wav,lsp-arctan,2,1,1,3,13.55142968534178,9.170316408518453
les_bridge_fing23__d2t2__00012.wav,lsp-hardclip,les_bridge_fing23,0.0029008389,les_bridge_fing24__d0t4__00004.wav,byod-mxr,2,0,2,4,13.55142968534178,5.0
les_bridge_fing23__d2t3__00013.wav,lsp-hardclip,les_bridge_fing23,0.0040109158,les_neck_pick14__d1t2__00007.wav,byod-mxr,2,1,3,2,13.55142968534178,9.107670514338215
les_bridge_fing23__d2t4__00014.wav,lsp-hardclip,les_bridge_fing23,0.0049695373,les_neck_pick14__d1t3__00008.wav,byod-mxr,2,1,4,3,13.55142968534178,9.107670514338215
les_bridge_fing23__d3t0__00015.wav,lsp-hardclip,les_bridge_fing23,0.001009345,les_bridge_pick16__d0t3__00003.wav,lsp-arctan,3,0,0,3,17.563088337099366,5.005872107125804
les_bridge_fing23__d3t1__00016.wav,lsp-hardclip,les_bridge_fing23,0.0030167103,les_bridge_fing20__d1t3__00008.wav,lsp-arctan,3,1,1,3,17.563088337099366,9.170316408518453
les_bridge_fing23__d3t2__00017.wav,lsp-hardclip,les_bridge_fing23,0.0063602924,les_neck_pick04__d0t3__00003.wav,byod-mxr,3,0,2,3,17.563088337099366,5.0
les_bridge_fing23__d3t3__00018.wav,lsp-hardclip,les_bridge_fing23,0.0069106817,les_neck_pick05__d1t3__00008.wav,pedalboard-tanh,3,1,3,3,17.563088337099366,9.146047429418331
les_bridge_fing23__d3t4__00019.wav,lsp-hardclip,les_bridge_fing23,0.00783658,les_bridge_fing17__d1t4__00009.wav,byod-mxr,3,1,4,4,17.563088337099366,9.107670514338215
les_bridge_fing23__d4t0__00020.wav,lsp-hardclip,les_bridge_fing23,0.003177464,les_bridge_pick16__d1t3__00008.wav,pedalboard-tanh,4,1,0,3,21.54643860361127,9.146047429418331
les_bridge_fing23__d4t1__00021.wav,lsp-hardclip,les_bridge_fing23,0.003960967,les_neck_pick02__d0t2__00002.wav,byod-mxr,4,0,1,2,21.54643860361127,5.0
les_bridge_fing23__d4t2__00022.wav,lsp-hardclip,les_bridge_fing23,0.008805037,les_neck_pick03__d2t4__00014.wav,pedalboard-tanh,4,2,2,4,21.54643860361127,13.296816138037473
les_bridge_fing23__d4t3__00023.wav,lsp-hardclip,les_bridge_fing23,0.013411701,les_bridge_fing17__d2t4__00014.wav,byod-mxr,4,2,3,4,21.54643860361127,13.292365801948186
les_bridge_fing23__d4t4__00024.wav,lsp-hardclip,les_bridge_fing23,0.0050124526,les_neck_pick14__d3t3__00018.wav,byod-mxr,4,3,4,3,21.54643860361127,17.452308155418716
les_bridge_fing23__d5t0__00025.wav,lsp-hardclip,les_bridge_fing23,0.0068638325,les_neck_fing15__d5t0__00025.wav,lsp-arctan,5,5,0,0,25.79865436059077,25.788497067568912
les_bridge_fing23__d5t1__00026.wav,lsp-hardclip,les_bridge_fing23,0.007961571,les_neck_fing15__d5t1__00026.wav,lsp-arctan,5,5,1,1,25.79865436059077,25.788497067568912
les_bridge_fing23__d5t2__00027.wav,lsp-hardclip,les_bridge_fing23,0.0047616363,les_neck_fing15__d5t2__00027.wav,pedalboard-tanh,5,5,2,2,25.79865436059077,25.782351420955937
les_bridge_fing23__d5t3__00028.wav,lsp-hardclip,les_bridge_fing23,0.0037380457,les_neck_fing15__d5t3__00028.wav,lsp-sine,5,5,3,3,25.79865436059077,25.7855895742644
les_bridge_fing23__d5t4__00029.wav,lsp-hardclip,les_bridge_fing23,0.008698463,les_neck_pick21__d4t4__00024.wav,byod-mxr,5,4,4,4,25.79865436059077,21.62039317761596
les_bridge_fing23__d6t0__00030.wav,lsp-hardclip,les_bridge_fing23,0.007697761,les_bridge_fing20__d5t1__00026.wav,byod-mxr,6,5,0,1,29.908667593492765,25.779078975465445
les_bridge_fing23__d6t1__00031.wav,lsp-hardclip,les_bridge_fing23,0.003608942,les_bridge_pick17__d5t2__00027.wav,lsp-arctan,6,5,1,2,29.908667593492765,25.788497067568912
les_bridge_fing23__d6t2__00032.wav,lsp-hardclip,les_bridge_fing23,0.0032054782,les_bridge_fing17__d5t3__00028.wav,lsp-arctan,6,5,2,3,29.908667593492765,25.788497067568912
les_bridge_fing23__d6t3__00033.wav,lsp-hardclip,les_bridge_fing23,0.004777968,les_neck_pick05__d5t4__00029.wav,lsp-sine,6,5,3,4,29.908667593492765,25.7855895742644
les_bridge_fing23__d6t4__00034.wav,lsp-hardclip,les_bridge_fing23,0.0061129928,les_neck_fing15__d5t4__00029.wav,lsp-arctan,6,5,4,4,29.908667593492765,25.788497067568912
les_bridge_fing23__d7t0__00035.wav,lsp-hardclip,les_bridge_fing23,0.0026302338,les_bridge_pick25__d7t1__00036.wav,byod-mxr,7,7,0,1,34.07942205160116,34.08156088036171
les_bridge_fing23__d7t1__00036.wav,lsp-hardclip,les_bridge_fing23,0.0044899583,les_bridge_fing17__d7t1__00036.wav,lsp-sine,7,7,1,1,34.07942205160116,34.094517939627885
les_bridge_fing23__d7t2__00037.wav,lsp-hardclip,les_bridge_fing23,0.002922535,les_bridge_fing17__d7t2__00037.wav,lsp-tanh,7,7,2,2,34.07942205160116,34.0729352593394
les_bridge_fing23__d7t3__00038.wav,lsp-hardclip,les_bridge_fing23,0.0012724996,les_neck_fing15__d6t4__00034.wav,byod-mxr,7,6,3,4,34.07942205160116,29.91150927100104
les_bridge_fing23__d7t4__00039.wav,lsp-hardclip,les_bridge_fing23,0.00088334084,les_neck_pick14__d7t4__00039.wav,pedalboard-tanh,7,7,4,4,34.07942205160116,34.075823464139134
les_bridge_pick04__d0t0__00000.wav,lsp-hardclip,les_bridge_pick04,0.0027190447,les_bridge_pick22__d0t4__00004.wav,byod-mxr,0,0,0,4,5.063331073032135,5.0
les_bridge_pick04__d0t1__00001.wav,lsp-hardclip,les_bridge_pick04,0.005449772,les_bridge_pick17__d1t4__00009.wav,lsp-tanh,0,1,1,4,5.063331073032135,9.088421535688989
les_bridge_pick04__d0t2__00002.wav,lsp-hardclip,les_bridge_pick04,0.0056432486,les_neck_pick21__d1t3__00008.wav,byod-mxr,0,1,2,3,5.063331073032135,9.107670514338215
les_bridge_pick04__d0t3__00003.wav,lsp-hardclip,les_bridge_pick04,0.002276063,les_neck_pick14__d2t3__00013.wav,byod-mxr,0,2,3,3,5.063331073032135,13.292365801948186
les_bridge_pick04__d0t4__00004.wav,lsp-hardclip,les_bridge_pick04,0.0023689866,les_neck_pick21__d2t4__00014.wav,byod-mxr,0,2,4,4,5.063331073032135,13.292365801948186
les_bridge_pick04__d1t0__00005.wav,lsp-hardclip,les_bridge_pick04,0.0015993714,les_bridge_pick22__d0t4__00004.wav,byod-mxr,1,0,0,4,9.35456396552498,5.0
les_bridge_pick04__d1t1__00006.wav,lsp-hardclip,les_bridge_pick04,0.006885648,les_bridge_fing20__d1t4__00009.wav,byod-mxr,1,1,1,4,9.35456396552498,9.107670514338215
les_bridge_pick04__d1t2__00007.wav,lsp-hardclip,les_bridge_pick04,0.0035783648,les_neck_pick05__d0t3__00003.wav,lsp-arctan,1,0,2,3,9.35456396552498,5.005872107125804
les_bridge_pick04__d1t3__00008.wav,lsp-hardclip,les_bridge_pick04,0.0026928782,les_neck_pick14__d2t3__00013.wav,byod-mxr,1,2,3,3,9.35456396552498,13.292365801948186
les_bridge_pick04__d1t4__00009.wav,lsp-hardclip,les_bridge_pick04,0.0021322966,les_neck_pick14__d2t4__00014.wav,byod-mxr,1,2,4,4,9.35456396552498,13.292365801948186
les_bridge_pick04__d2t0__00010.wav,lsp-hardclip,les_bridge_pick04,0.0015879273,les_bridge_pick22__d0t4__00004.wav,byod-mxr,2,0,0,4,13.55142968534178,5.0
les_bridge_pick04__d2t1__00011.wav,lsp-hardclip,les_bridge_pick04,0.0031940937,les_bridge_pick17__d1t4__00009.wav,byod-mxr,2,1,1,4,13.55142968534178,9.107670514338215
les_bridge_pick04__d2t2__00012.wav,lsp-hardclip,les_bridge_pick04,0.0034104586,les_neck_pick21__d2t3__00013.wav,lsp-tanh,2,2,2,3,13.55142968534178,13.297259315581634
les_bridge_pick04__d2t3__00013.wav,lsp-hardclip,les_bridge_pick04,0.005502939,les_neck_pick14__d3t3__00018.wav,pedalboard-tanh,2,3,3,3,13.55142968534178,17.454399305827287
les_bridge_pick04__d2t4__00014.wav,lsp-hardclip,les_bridge_pick04,0.0023605227,les_neck_pick14__d2t4__00014.wav,byod-mxr,2,2,4,4,13.55142968534178,13.292365801948186
les_bridge_pick04__d3t0__00015.wav,lsp-hardclip,les_bridge_pick04,0.0033285618,les_neck_pick04__d0t3__00003.wav,pedalboard-tanh,3,0,0,3,17.563088337099366,5.0
les_bridge_pick04__d3t1__00016.wav,lsp-hardclip,les_bridge_pick04,0.0035101175,les_bridge_fing17__d1t3__00008.wav,byod-mxr,3,1,1,3,17.563088337099366,9.107670514338215
les_bridge_pick04__d3t2__00017.wav,lsp-hardclip,les_bridge_pick04,0.003023386,les_bridge_fing17__d1t4__00009.wav,byod-mxr,3,1,2,4,17.563088337099366,9.107670514338215
les_bridge_pick04__d3t3__00018.wav,lsp-hardclip,les_bridge_pick04,0.0038118958,les_neck_pick14__d3t3__00018.wav,byod-mxr,3,3,3,3,17.563088337099366,17.452308155418716
les_bridge_pick04__d3t4__00019.wav,lsp-hardclip,les_bridge_pick04,0.003905952,les_neck_pick14__d3t4__00019.wav,lsp-sine,3,3,4,4,17.563088337099366,17.46073355198249
les_bridge_pick04__d4t0__00020.wav,lsp-hardclip,les_bridge_pick04,0.007314861,les_bridge_pick16__d2t4__00014.wav,pedalboard-tanh,4,2,0,4,21.54643860361127,13.296816138037473
les_bridge_pick04__d4t1__00021.wav,lsp-hardclip,les_bridge_pick04,0.0021696687,les_neck_pick04__d2t4__00014.wav,byod-mxr,4,2,1,4,21.54643860361127,13.292365801948186
les_bridge_pick04__d4t2__00022.wav,lsp-hardclip,les_bridge_pick04,0.0039095283,les_neck_pick21__d3t3__00018.wav,lsp-sine,4,3,2,3,21.54643860361127,17.46073355198249
les_bridge_pick04__d4t3__00023.wav,lsp-hardclip,les_bridge_pick04,0.0078059435,les_neck_pick14__d4t3__00023.wav,lsp-arctan,4,4,3,3,21.54643860361127,21.613326710488973
les_bridge_pick04__d4t4__00024.wav,lsp-hardclip,les_bridge_pick04,0.004792571,les_neck_pick14__d4t4__00024.wav,lsp-sine,4,4,4,4,21.54643860361127,21.652716208419097
les_bridge_pick04__d5t0__00025.wav,lsp-hardclip,les_bridge_pick04,0.010795772,les_neck_pick04__d3t3__00018.wav,byod-mxr,5,3,0,3,25.79865436059077,17.452308155418716
les_bridge_pick04__d5t1__00026.wav,lsp-hardclip,les_bridge_pick04,0.004329741,les_neck_fing01__d3t3__00018.wav,lsp-tanh,5,3,1,3,25.79865436059077,17.426284440144894
les_bridge_pick04__d5t2__00027.wav,lsp-hardclip,les_bridge_pick04,0.0021861792,les_neck_pick21__d4t3__00023.wav,lsp-sine,5,4,2,3,25.79865436059077,21.652716208419097
les_bridge_pick04__d5t3__00028.wav,lsp-hardclip,les_bridge_pick04,0.0029836297,les_neck_pick21__d4t4__00024.wav,lsp-sine,5,4,3,4,25.79865436059077,21.652716208419097
les_bridge_pick04__d5t4__00029.wav,lsp-hardclip,les_bridge_pick04,0.009893835,les_neck_fing15__d5t4__00029.wav,pedalboard-tanh,5,5,4,4,25.79865436059077,25.782351420955937
les_bridge_pick04__d6t0__00030.wav,lsp-hardclip,les_bridge_pick04,0.0043233633,les_bridge_fing21__d5t3__00028.wav,lsp-tanh,6,5,0,3,29.908667593492765,25.766463780707188
les_bridge_pick04__d6t1__00031.wav,lsp-hardclip,les_bridge_pick04,0.0020362735,les_bridge_pick17__d4t4__00024.wav,lsp-tanh,6,4,1,4,29.908667593492765,21.61115826291455
les_bridge_pick04__d6t2__00032.wav,lsp-hardclip,les_bridge_pick04,0.00352031,les_neck_pick02__d5t4__00029.wav,pedalboard-tanh,6,5,2,4,29.908667593492765,25.782351420955937
les_bridge_pick04__d6t3__00033.wav,lsp-hardclip,les_bridge_pick04,0.0031692386,les_neck_fing15__d5t4__00029.wav,lsp-arctan,6,5,3,4,29.908667593492765,25.788497067568912
les_bridge_pick04__d6t4__00034.wav,lsp-hardclip,les_bridge_pick04,0.003950417,les_neck_pick14__d5t4__00029.wav,byod-mxr,6,5,4,4,29.908667593492765,25.779078975465445
les_bridge_pick04__d7t0__00035.wav,lsp-hardclip,les_bridge_pick04,0.006216526,les_bridge_pick22__d6t3__00033.wav,byod-mxr,7,6,0,3,34.07942205160116,29.91150927100104
les_bridge_pick04__d7t1__00036.wav,lsp-hardclip,les_bridge_pick04,0.004600227,les_bridge_pick25__d6t3__00033.wav,lsp-sine,7,6,1,3,34.07942205160116,29.915327656251563
les_bridge_pick04__d7t2__00037.wav,lsp-hardclip,les_bridge_pick04,0.0025547743,les_bridge_fing20__d6t3__00033.wav,byod-mxr,7,6,2,3,34.07942205160116,29.91150927100104
les_bridge_pick04__d7t3__00038.wav,lsp-hardclip,les_bridge_pick04,0.0011181235,les_bridge_fing17__d7t3__00038.wav,lsp-arctan,7,7,3,3,34.07942205160116,34.09435618625095
les_bridge_pick04__d7t4__00039.wav,lsp-hardclip,les_bridge_pick04,0.0007248521,les_bridge_fing17__d7t4__00039.wav,byod-mxr,7,7,4,4,34.07942205160116,34.08156088036171
les_bridge_pick09__d0t0__00000.wav,lsp-hardclip,les_bridge_pick09,0.0042639375,les_bridge_pick22__d0t0__00000.wav,byod-mxr,0,0,0,0,5.063331073032135,5.0
les_bridge_pick09__d0t1__00001.wav,lsp-hardclip,les_bridge_pick09,0.00045216084,les_neck_pick05__d0t0__00000.wav,lsp-arctan,0,0,1,0,5.063331073032135,5.005872107125804
les_bridge_pick09__d0t2__00002.wav,lsp-hardclip,les_bridge_pick09,0.0008597374,les_bridge_pick22__d1t2__00007.wav,byod-mxr,0,1,2,2,5.063331073032135,9.107670514338215
les_bridge_pick09__d0t3__00003.wav,lsp-hardclip,les_bridge_pick09,0.0014249086,les_bridge_pick25__d1t2__00007.wav,byod-mxr,0,1,3,2,5.063331073032135,9.107670514338215
les_bridge_pick09__d0t4__00004.wav,lsp-hardclip,les_bridge_pick09,0.0032958984,les_neck_pick04__d0t2__00002.wav,pedalboard-tanh,0,0,4,2,5.063331073032135,5.0
les_bridge_pick09__d1t0__00005.wav,lsp-hardclip,les_bridge_pick09,0.0035594106,les_bridge_pick22__d0t0__00000.wav,byod-mxr,1,0,0,0,9.35456396552498,5.0
les_bridge_pick09__d1t1__00006.wav,lsp-hardclip,les_bridge_pick09,0.0004943609,les_neck_pick05__d1t0__00005.wav,lsp-sine,1,1,1,0,9.35456396552498,9.202349861352678
les_bridge_pick09__d1t2__00007.wav,lsp-hardclip,les_bridge_pick09,0.0012874007,les_bridge_pick22__d1t2__00007.wav,byod-mxr,1,1,2,2,9.35456396552498,9.107670514338215
les_bridge_pick09__d1t3__00008.wav,lsp-hardclip,les_bridge_pick09,0.0021471381,les_bridge_fing24__d2t2__00012.wav,lsp-sine,1,2,3,2,9.35456396552498,13.251366385956809
les_bridge_pick09__d1t4__00009.wav,lsp-hardclip,les_bridge_pick09,0.00447315,les_neck_pick04__d0t2__00002.wav,lsp-tanh,1,0,4,2,9.35456396552498,5.0
les_bridge_pick09__d2t0__00010.wav,lsp-hardclip,les_bridge_pick09,0.0040193796,les_bridge_pick22__d0t0__00000.wav,byod-mxr,2,0,0,0,13.55142968534178,5.0
les_bridge_pick09__d2t1__00011.wav,lsp-hardclip,les_bridge_pick09,0.0006620884,les_neck_pick05__d2t0__00010.wav,lsp-tanh,2,2,1,0,13.55142968534178,13.297259315581634
les_bridge_pick09__d2t2__00012.wav,lsp-hardclip,les_bridge_pick09,0.0020681024,les_neck_pick12__d1t3__00008.wav,byod-mxr,2,1,2,3,13.55142968534178,9.107670514338215
les_bridge_pick09__d2t3__00013.wav,lsp-hardclip,les_bridge_pick09,0.0038072467,les_neck_pick05__d2t1__00011.wav,lsp-arctan,2,2,3,1,13.55142968534178,13.270071970821393
les_bridge_pick09__d2t4__00014.wav,lsp-hardclip,les_bridge_pick09,0.0058244467,les_bridge_fing24__d2t3__00013.wav,lsp-tanh,2,2,4,3,13.55142968534178,13.297259315581634
les_bridge_pick09__d3t0__00015.wav,lsp-hardclip,les_bridge_pick09,0.003063023,les_neck_pick12__d0t1__00001.wav,pedalboard-tanh,3,0,0,1,17.563088337099366,5.0
les_bridge_pick09__d3t1__00016.wav,lsp-hardclip,les_bridge_pick09,0.0015363693,les_neck_pick12__d2t2__00012.wav,lsp-tanh,3,2,1,2,17.563088337099366,13.297259315581634
les_bridge_pick09__d3t2__00017.wav,lsp-hardclip,les_bridge_pick09,0.0034988523,les_bridge_fing20__d3t1__00016.wav,byod-mxr,3,3,2,1,17.563088337099366,17.452308155418716
les_bridge_pick09__d3t3__00018.wav,lsp-hardclip,les_bridge_pick09,0.0030902028,les_bridge_fing17__d3t1__00016.wav,byod-mxr,3,3,3,1,17.563088337099366,17.452308155418716
les_bridge_pick09__d3t4__00019.wav,lsp-hardclip,les_bridge_pick09,0.013076365,les_neck_fing15__d4t2__00022.wav,lsp-tanh,3,4,4,2,17.563088337099366,21.61115826291455
les_bridge_pick09__d4t0__00020.wav,lsp-hardclip,les_bridge_pick09,0.0010133386,les_neck_pick12__d2t1__00011.wav,pedalboard-tanh,4,2,0,1,21.54643860361127,13.296816138037473
les_bridge_pick09__d4t1__00021.wav,lsp-hardclip,les_bridge_pick09,0.0007480383,les_neck_pick02__d4t0__00020.wav,byod-mxr,4,4,1,0,21.54643860361127,21.62039317761596
les_bridge_pick09__d4t2__00022.wav,lsp-hardclip,les_bridge_pick09,0.002609253,les_neck_pick09__d4t1__00021.wav,lsp-sine,4,4,2,1,21.54643860361127,21.652716208419097
les_bridge_pick09__d4t3__00023.wav,lsp-hardclip,les_bridge_pick09,0.0028266907,les_neck_pick11__d4t2__00022.wav,lsp-arctan,4,4,3,2,21.54643860361127,21.613326710488973
les_bridge_pick09__d4t4__00024.wav,lsp-hardclip,les_bridge_pick09,0.0039823055,les_bridge_pick25__d4t3__00023.wav,lsp-arctan,4,4,4,3,21.54643860361127,21.613326710488973
les_bridge_pick09__d5t0__00025.wav,lsp-hardclip,les_bridge_pick09,0.0024308562,les_neck_pick12__d5t0__00025.wav,byod-mxr,5,5,0,0,25.79865436059077,25.779078975465445
les_bridge_pick09__d5t1__00026.wav,lsp-hardclip,les_bridge_pick09,0.0023064613,les_bridge_pick22__d5t1__00026.wav,lsp-sine,5,5,1,1,25.79865436059077,25.7855895742644
les_bridge_pick09__d5t2__00027.wav,lsp-hardclip,les_bridge_pick09,0.005389154,les_bridge_pick22__d5t2__00027.wav,lsp-arctan,5,5,2,2,25.79865436059077,25.788497067568912
les_bridge_pick09__d5t3__00028.wav,lsp-hardclip,les_bridge_pick09,0.0037552714,les_bridge_fing24__d5t4__00029.wav,lsp-tanh,5,5,3,4,25.79865436059077,25.766463780707188
les_bridge_pick09__d5t4__00029.wav,lsp-hardclip,les_bridge_pick09,0.0053502917,les_neck_pick12__d6t4__00034.wav,lsp-sine,5,6,4,4,25.79865436059077,29.915327656251563
les_bridge_pick09__d6t0__00030.wav,lsp-hardclip,les_bridge_pick09,0.0035410523,les_bridge_pick22__d6t0__00030.wav,pedalboard-tanh,6,6,0,0,29.908667593492765,29.92239131554786
les_bridge_pick09__d6t1__00031.wav,lsp-hardclip,les_bridge_pick09,0.0031616092,les_neck_pick09__d6t1__00031.wav,byod-mxr,6,6,1,1,29.908667593492765,29.91150927100104
les_bridge_pick09__d6t2__00032.wav,lsp-hardclip,les_bridge_pick09,0.0047626495,les_neck_pick09__d6t2__00032.wav,lsp-tanh,6,6,2,2,29.908667593492765,29.89601395521624
les_bridge_pick09__d6t3__00033.wav,lsp-hardclip,les_bridge_pick09,0.0063077807,les_bridge_fing24__d6t4__00034.wav,lsp-sine,6,6,3,4,29.908667593492765,29.915327656251563
les_bridge_pick09__d6t4__00034.wav,lsp-hardclip,les_bridge_pick09,0.004491389,les_bridge_pick25__d7t3__00038.wav,byod-mxr,6,7,4,3,29.908667593492765,34.08156088036171
les_bridge_pick09__d7t0__00035.wav,lsp-hardclip,les_bridge_pick09,0.0014862418,les_neck_pick09__d7t0__00035.wav,lsp-sine,7,7,0,0,34.07942205160116,34.094517939627885
les_bridge_pick09__d7t1__00036.wav,lsp-hardclip,les_bridge_pick09,0.0037055016,les_neck_pick09__d7t1__00036.wav,lsp-sine,7,7,1,1,34.07942205160116,34.094517939627885
les_bridge_pick09__d7t2__00037.wav,lsp-hardclip,les_bridge_pick09,0.0052341223,les_neck_pick11__d7t2__00037.wav,lsp-sine,7,7,2,2,34.07942205160116,34.094517939627885
les_bridge_pick09__d7t3__00038.wav,lsp-hardclip,les_bridge_pick09,0.0017466545,les_bridge_fing24__d7t4__00039.wav,byod-mxr,7,7,3,4,34.07942205160116,34.08156088036171
les_bridge_pick09__d7t4__00039.wav,lsp-hardclip,les_bridge_pick09,0.0022069812,les_bridge_pick25__d7t4__00039.wav,lsp-arctan,7,7,4,4,34.07942205160116,34.09435618625095
les_bridge_pick12__d0t0__00000.wav,lsp-hardclip,les_bridge_pick12,0.005200982,les_bridge_fing21__d2t0__00010.wav,lsp-arctan,0,2,0,0,5.063331073032135,13.270071970821393
les_bridge_pick12__d0t1__00001.wav,lsp-hardclip,les_bridge_pick12,0.0010818243,les_bridge_pick22__d1t0__00005.wav,byod-mxr,0,1,1,0,5.063331073032135,9.107670514338215
les_bridge_pick12__d0t2__00002.wav,lsp-hardclip,les_bridge_pick12,0.00071156025,les_bridge_fing24__d1t0__00005.wav,byod-mxr,0,1,2,0,5.063331073032135,9.107670514338215
les_bridge_pick12__d0t3__00003.wav,lsp-hardclip,les_bridge_pick12,0.00063991547,les_bridge_fing20__d1t1__00006.wav,byod-mxr,0,1,3,1,5.063331073032135,9.107670514338215
les_bridge_pick12__d0t4__00004.wav,lsp-hardclip,les_bridge_pick12,0.00094240904,les_bridge_pick16__d1t3__00008.wav,lsp-tanh,0,1,4,3,5.063331073032135,9.088421535688989
les_bridge_pick12__d1t0__00005.wav,lsp-hardclip,les_bridge_pick12,0.0045496225,les_bridge_fing21__d2t0__00010.wav,pedalboard-tanh,1,2,0,0,9.35456396552498,13.296816138037473
les_bridge_pick12__d1t1__00006.wav,lsp-hardclip,les_bridge_pick12,0.002433896,les_bridge_pick22__d1t0__00005.wav,lsp-arctan,1,1,1,0,9.35456396552498,9.170316408518453
les_bridge_pick12__d1t2__00007.wav,lsp-hardclip,les_bridge_pick12,0.0007585287,les_neck_pick02__d1t0__00005.wav,byod-mxr,1,1,2,0,9.35456396552498,9.107670514338215
les_bridge_pick12__d1t3__00008.wav,lsp-hardclip,les_bridge_pick12,0.0008139014,les_bridge_fing17__d1t0__00005.wav,byod-mxr,1,1,3,0,9.35456396552498,9.107670514338215
les_bridge_pick12__d1t4__00009.wav,lsp-hardclip,les_bridge_pick12,0.001283884,les_bridge_pick16__d1t3__00008.wav,byod-mxr,1,1,4,3,9.35456396552498,9.107670514338215
les_bridge_pick12__d2t0__00010.wav,lsp-hardclip,les_bridge_pick12,0.004911959,les_bridge_fing21__d2t0__00010.wav,pedalboard-tanh,2,2,0,0,13.55142968534178,13.296816138037473
les_bridge_pick12__d2t1__00011.wav,lsp-hardclip,les_bridge_pick12,0.001493454,les_neck_pick12__d2t1__00011.wav,lsp-arctan,2,2,1,1,13.55142968534178,13.270071970821393
les_bridge_pick12__d2t2__00012.wav,lsp-hardclip,les_bridge_pick12,0.0011078119,les_neck_pick05__d2t0__00010.wav,pedalboard-tanh,2,2,2,0,13.55142968534178,13.296816138037473
les_bridge_pick12__d2t3__00013.wav,lsp-hardclip,les_bridge_pick12,0.0016695857,les_neck_pick12__d1t3__00008.wav,byod-mxr,2,1,3,3,13.55142968534178,9.107670514338215
les_bridge_pick12__d2t4__00014.wav,lsp-hardclip,les_bridge_pick12,0.006595731,les_neck_pick07__d0t4__00004.wav,lsp-arctan,2,0,4,4,13.55142968534178,5.005872107125804
les_bridge_pick12__d3t0__00015.wav,lsp-hardclip,les_bridge_pick12,0.0035116076,les_bridge_fing21__d3t0__00015.wav,lsp-arctan,3,3,0,0,17.563088337099366,17.436825605717576
les_bridge_pick12__d3t1__00016.wav,lsp-hardclip,les_bridge_pick12,0.0014172792,les_neck_pick07__d0t1__00001.wav,lsp-sine,3,0,1,1,17.563088337099366,5.041347474059023
les_bridge_pick12__d3t2__00017.wav,lsp-hardclip,les_bridge_pick12,0.003189981,les_bridge_pick16__d3t1__00016.wav,byod-mxr,3,3,2,1,17.563088337099366,17.452308155418716
les_bridge_pick12__d3t3__00018.wav,lsp-hardclip,les_bridge_pick12,0.0046460032,les_bridge_pick16__d3t2__00017.wav,byod-mxr,3,3,3,2,17.563088337099366,17.452308155418716
les_bridge_pick12__d3t4__00019.wav,lsp-hardclip,les_bridge_pick12,0.019526184,les_neck_fing15__d6t0__00030.wav,lsp-tanh,3,6,4,0,17.563088337099366,29.89601395521624
les_bridge_pick12__d4t0__00020.wav,lsp-hardclip,les_bridge_pick12,0.001786828,les_neck_pick07__d2t0__00010.wav,byod-mxr,4,2,0,0,21.54643860361127,13.292365801948186
les_bridge_pick12__d4t1__00021.wav,lsp-hardclip,les_bridge_pick12,0.0010632277,les_bridge_pick22__d4t0__00020.wav,byod-mxr,4,4,1,0,21.54643860361127,21.62039317761596
les_bridge_pick12__d4t2__00022.wav,lsp-hardclip,les_bridge_pick12,0.0032266974,les_bridge_pick16__d4t1__00021.wav,lsp-sine,4,4,2,1,21.54643860361127,21.652716208419097
les_bridge_pick12__d4t3__00023.wav,lsp-hardclip,les_bridge_pick12,0.008569956,les_neck_pick09__d5t1__00026.wav,lsp-sine,4,5,3,1,21.54643860361127,25.7855895742644
les_bridge_pick12__d4t4__00024.wav,lsp-hardclip,les_bridge_pick12,0.01757741,les_neck_pick11__d5t2__00027.wav,pedalboard-tanh,4,5,4,2,21.54643860361127,25.782351420955937
les_bridge_pick12__d5t0__00025.wav,lsp-hardclip,les_bridge_pick12,0.0013974905,les_neck_pick07__d4t1__00021.wav,pedalboard-tanh,5,4,0,1,25.79865436059077,21.61638024087312
les_bridge_pick12__d5t1__00026.wav,lsp-hardclip,les_bridge_pick12,0.0028532147,les_bridge_pick22__d5t0__00025.wav,pedalboard-tanh,5,5,1,0,25.79865436059077,25.782351420955937
les_bridge_pick12__d5t2__00027.wav,lsp-hardclip,les_bridge_pick12,0.0056002736,les_neck_pick04__d6t0__00030.wav,lsp-arctan,5,6,2,0,25.79865436059077,29.91872954355242
les_bridge_pick12__d5t3__00028.wav,lsp-hardclip,les_bridge_pick12,0.0050504208,les_neck_pick11__d6t1__00031.wav,byod-mxr,5,6,3,1,25.79865436059077,29.91150927100104
les_bridge_pick12__d5t4__00029.wav,lsp-hardclip,les_bridge_pick12,0.009326458,les_bridge_fing20__d6t1__00031.wav,byod-mxr,5,6,4,1,25.79865436059077,29.91150927100104
les_bridge_pick12__d6t0__00030.wav,lsp-hardclip,les_bridge_pick12,0.005561352,les_neck_pick07__d6t1__00031.wav,pedalboard-tanh,6,6,0,1,29.908667593492765,29.92239131554786
les_bridge_pick12__d6t1__00031.wav,lsp-hardclip,les_bridge_pick12,0.006599188,les_neck_pick05__d6t0__00030.wav,lsp-tanh,6,6,1,0,29.908667593492765,29.89601395521624
les_bridge_pick12__d6t2__00032.wav,lsp-hardclip,les_bridge_pick12,0.0014104247,les_bridge_pick25__d6t1__00031.wav,pedalboard-tanh,6,6,2,1,29.908667593492765,29.92239131554786
les_bridge_pick12__d6t3__00033.wav,lsp-hardclip,les_bridge_pick12,0.007228136,les_neck_pick21__d7t1__00036.wav,byod-mxr,6,7,3,1,29.908667593492765,34.08156088036171
les_bridge_pick12__d6t4__00034.wav,lsp-hardclip,les_bridge_pick12,0.0028298497,les_bridge_fing20__d7t1__00036.wav,lsp-tanh,6,7,4,1,29.908667593492765,34.0729352593394
les_bridge_pick12__d7t0__00035.wav,lsp-hardclip,les_bridge_pick12,0.0014445186,les_neck_pick07__d7t1__00036.wav,lsp-tanh,7,7,0,1,34.07942205160116,34.0729352593394
les_bridge_pick12__d7t1__00036.wav,lsp-hardclip,les_bridge_pick12,0.0023961067,les_bridge_pick17__d7t0__00035.wav,lsp-sine,7,7,1,0,34.07942205160116,34.094517939627885
les_bridge_pick12__d7t2__00037.wav,lsp-hardclip,les_bridge_pick12,0.003385365,les_bridge_fing24__d7t2__00037.wav,lsp-arctan,7,7,2,2,34.07942205160116,34.09435618625095
les_bridge_pick12__d7t3__00038.wav,lsp-hardclip,les_bridge_pick12,0.0035674572,les_neck_pick09__d7t3__00038.wav,pedalboard-tanh,7,7,3,3,34.07942205160116,34.075823464139134
les_bridge_pick12__d7t4__00039.wav,lsp-hardclip,les_bridge_pick12,0.001965642,les_bridge_fing24__d7t4__00039.wav,byod-mxr,7,7,4,4,34.07942205160116,34.08156088036171
les_bridge_pick21__d0t0__00000.wav,lsp-hardclip,les_bridge_pick21,0.005331695,les_neck_pick12__d1t3__00008.wav,pedalboard-tanh,0,1,0,3,5.063331073032135,9.146047429418331
les_bridge_pick21__d0t1__00001.wav,lsp-hardclip,les_bridge_pick21,0.00305897,les_neck_pick04__d0t2__00002.wav,lsp-tanh,0,0,1,2,5.063331073032135,5.0
les_bridge_pick21__d0t2__00002.wav,lsp-hardclip,les_bridge_pick21,0.0045869946,les_neck_pick04__d0t3__00003.wav,lsp-tanh,0,0,2,3,5.063331073032135,5.0
les_bridge_pick21__d0t3__00003.wav,lsp-hardclip,les_bridge_pick21,0.0067716837,les_bridge_fing17__d1t3__00008.wav,byod-mxr,0,1,3,3,5.063331073032135,9.107670514338215
les_bridge_pick21__d0t4__00004.wav,lsp-hardclip,les_bridge_pick21,0.0065948367,les_bridge_fing17__d1t4__00009.wav,byod-mxr,0,1,4,4,5.063331073032135,9.107670514338215
les_bridge_pick21__d1t0__00005.wav,lsp-hardclip,les_bridge_pick21,0.004992068,les_neck_pick12__d1t3__00008.wav,lsp-arctan,1,1,0,3,9.35456396552498,9.170316408518453
les_bridge_pick21__d1t1__00006.wav,lsp-hardclip,les_bridge_pick21,0.002717793,les_neck_pick04__d0t2__00002.wav,lsp-tanh,1,0,1,2,9.35456396552498,5.0
les_bridge_pick21__d1t2__00007.wav,lsp-hardclip,les_bridge_pick21,0.0057525635,les_neck_pick05__d0t2__00002.wav,lsp-tanh,1,0,2,2,9.35456396552498,5.0
les_bridge_pick21__d1t3__00008.wav,lsp-hardclip,les_bridge_pick21,0.006970346,les_neck_pick05__d1t3__00008.wav,pedalboard-tanh,1,1,3,3,9.35456396552498,9.146047429418331
les_bridge_pick21__d1t4__00009.wav,lsp-hardclip,les_bridge_pick21,0.0063099265,les_bridge_fing17__d1t4__00009.wav,byod-mxr,1,1,4,4,9.35456396552498,9.107670514338215
les_bridge_pick21__d2t0__00010.wav,lsp-hardclip,les_bridge_pick21,0.0023474097,les_bridge_pick16__d2t2__00012.wav,byod-mxr,2,2,0,2,13.55142968534178,13.292365801948186
les_bridge_pick21__d2t1__00011.wav,lsp-hardclip,les_bridge_pick21,0.0042354465,les_neck_pick04__d0t2__00002.wav,byod-mxr,2,0,1,2,13.55142968534178,5.0
les_bridge_pick21__d2t2__00012.wav,lsp-hardclip,les_bridge_pick21,0.0055568814,les_neck_fing15__d3t3__00018.wav,lsp-tanh,2,3,2,3,13.55142968534178,17.426284440144894
les_bridge_pick21__d2t3__00013.wav,lsp-hardclip,les_bridge_pick21,0.005698085,les_neck_pick04__d1t4__00009.wav,byod-mxr,2,1,3,4,13.55142968534178,9.107670514338215
les_bridge_pick21__d2t4__00014.wav,lsp-hardclip,les_bridge_pick21,0.004484594,les_neck_pick14__d3t3__00018.wav,pedalboard-tanh,2,3,4,3,13.55142968534178,17.454399305827287
les_bridge_pick21__d3t0__00015.wav,lsp-hardclip,les_bridge_pick21,0.005802095,les_bridge_pick16__d2t2__00012.wav,byod-mxr,3,2,0,2,17.563088337099366,13.292365801948186
les_bridge_pick21__d3t1__00016.wav,lsp-hardclip,les_bridge_pick21,0.008637965,les_neck_pick04__d1t2__00007.wav,byod-mxr,3,1,1,2,17.563088337099366,9.107670514338215
les_bridge_pick21__d3t2__00017.wav,lsp-hardclip,les_bridge_pick21,0.0110147,les_bridge_fing20__d2t4__00014.wav,byod-mxr,3,2,2,4,17.563088337099366,13.292365801948186
les_bridge_pick21__d3t3__00018.wav,lsp-hardclip,les_bridge_pick21,0.011233449,les_neck_fing01__d3t3__00018.wav,byod-mxr,3,3,3,3,17.563088337099366,17.452308155418716
les_bridge_pick21__d3t4__00019.wav,lsp-hardclip,les_bridge_pick21,0.0040757656,les_neck_pick14__d3t3__00018.wav,byod-mxr,3,3,4,3,17.563088337099366,17.452308155418716
les_bridge_pick21__d4t0__00020.wav,lsp-hardclip,les_bridge_pick21,0.014367878,les_bridge_pick16__d2t2__00012.wav,byod-mxr,4,2,0,2,21.54643860361127,13.292365801948186
les_bridge_pick21__d4t1__00021.wav,lsp-hardclip,les_bridge_pick21,0.014466763,les_bridge_fing24__d2t3__00013.wav,byod-mxr,4,2,1,3,21.54643860361127,13.292365801948186
les_bridge_pick21__d4t2__00022.wav,lsp-hardclip,les_bridge_pick21,0.0124102235,les_neck_fing15__d4t3__00023.wav,lsp-sine,4,4,2,3,21.54643860361127,21.652716208419097
les_bridge_pick21__d4t3__00023.wav,lsp-hardclip,les_bridge_pick21,0.0039609075,les_neck_fing15__d4t4__00024.wav,lsp-sine,4,4,3,4,21.54643860361127,21.652716208419097
les_bridge_pick21__d4t4__00024.wav,lsp-hardclip,les_bridge_pick21,0.0034688711,les_neck_pick14__d4t3__00023.wav,lsp-arctan,4,4,4,3,21.54643860361127,21.613326710488973
les_bridge_pick21__d5t0__00025.wav,lsp-hardclip,les_bridge_pick21,0.025722682,les_bridge_pick16__d3t2__00017.wav,byod-mxr,5,3,0,2,25.79865436059077,17.452308155418716
les_bridge_pick21__d5t1__00026.wav,lsp-hardclip,les_bridge_pick21,0.013580799,les_neck_fing15__d5t1__00026.wav,pedalboard-tanh,5,5,1,1,25.79865436059077,25.782351420955937
les_bridge_pick21__d5t2__00027.wav,lsp-hardclip,les_bridge_pick21,0.009089112,les_neck_pick11__d4t3__00023.wav,lsp-sine,5,4,2,3,25.79865436059077,21.652716208419097
les_bridge_pick21__d5t3__00028.wav,lsp-hardclip,les_bridge_pick21,0.0024300218,les_bridge_fing20__d4t4__00024.wav,lsp-tanh,5,4,3,4,25.79865436059077,21.61115826291455
les_bridge_pick21__d5t4__00029.wav,lsp-hardclip,les_bridge_pick21,0.009308755,les_neck_pick21__d4t4__00024.wav,lsp-sine,5,4,4,4,25.79865436059077,21.652716208419097
les_bridge_pick21__d6t0__00030.wav,lsp-hardclip,les_bridge_pick21,0.014027536,les_neck_pick09__d5t1__00026.wav,lsp-sine,6,5,0,1,29.908667593492765,25.7855895742644
les_bridge_pick21__d6t1__00031.wav,lsp-hardclip,les_bridge_pick21,0.0025128722,les_neck_pick09__d5t2__00027.wav,pedalboard-tanh,6,5,1,2,29.908667593492765,25.782351420955937
les_bridge_pick21__d6t2__00032.wav,lsp-hardclip,les_bridge_pick21,0.0031989813,les_bridge_fing17__d5t3__00028.wav,byod-mxr,6,5,2,3,29.908667593492765,25.779078975465445
les_bridge_pick21__d6t3__00033.wav,lsp-hardclip,les_bridge_pick21,0.00409621,les_neck_pick05__d5t4__00029.wav,lsp-tanh,6,5,3,4,29.908667593492765,25.766463780707188
les_bridge_pick21__d6t4__00034.wav,lsp-hardclip,les_bridge_pick21,0.002088964,les_neck_pick21__d6t4__00034.wav,lsp-sine,6,6,4,4,29.908667593492765,29.915327656251563
les_bridge_pick21__d7t0__00035.wav,lsp-hardclip,les_bridge_pick21,0.007944882,les_bridge_pick17__d6t1__00031.wav,lsp-arctan,7,6,0,1,34.07942205160116,29.91872954355242
les_bridge_pick21__d7t1__00036.wav,lsp-hardclip,les_bridge_pick21,0.0046256185,les_bridge_fing17__d6t2__00032.wav,byod-mxr,7,6,1,2,34.07942205160116,29.91150927100104
les_bridge_pick21__d7t2__00037.wav,lsp-hardclip,les_bridge_pick21,0.0013061166,les_neck_pick04__d6t4__00034.wav,lsp-arctan,7,6,2,4,34.07942205160116,29.91872954355242
les_bridge_pick21__d7t3__00038.wav,lsp-hardclip,les_bridge_pick21,0.00066304207,les_neck_pick04__d7t4__00039.wav,lsp-sine,7,7,3,4,34.07942205160116,34.094517939627885
les_bridge_pick21__d7t4__00039.wav,lsp-hardclip,les_bridge_pick21,0.001660943,les_bridge_fing20__d7t3__00038.wav,pedalboard-tanh,7,7,4,3,34.07942205160116,34.075823464139134
les_neck_fing03__d0t0__00000.wav,lsp-hardclip,les_neck_fing03,0.001336813,les_bridge_fing24__d2t0__00010.wav,byod-mxr,0,2,0,0,5.063331073032135,13.292365801948186
les_neck_fing03__d0t1__00001.wav,lsp-hardclip,les_neck_fing03,0.0030459762,les_neck_pick12__d1t4__00009.wav,lsp-arctan,0,1,1,4,5.063331073032135,9.170316408518453
les_neck_fing03__d0t2__00002.wav,lsp-hardclip,les_neck_fing03,0.0037599802,les_neck_pick02__d2t2__00012.wav,lsp-tanh,0,2,2,2,5.063331073032135,13.297259315581634
les_neck_fing03__d0t3__00003.wav,lsp-hardclip,les_neck_fing03,0.0029802918,les_neck_pick04__d1t4__00009.wav,lsp-sine,0,1,3,4,5.063331073032135,9.202349861352678
les_neck_fing03__d0t4__00004.wav,lsp-hardclip,les_neck_fing03,0.0027956963,les_neck_pick05__d1t4__00009.wav,pedalboard-tanh,0,1,4,4,5.063331073032135,9.146047429418331
les_neck_fing03__d1t0__00005.wav,lsp-hardclip,les_neck_fing03,0.0015569925,les_neck_pick04__d2t0__00010.wav,byod-mxr,1,2,0,0,9.35456396552498,13.292365801948186
les_neck_fing03__d1t1__00006.wav,lsp-hardclip,les_neck_fing03,0.0031709075,les_neck_pick12__d1t4__00009.wav,byod-mxr,1,1,1,4,9.35456396552498,9.107670514338215
les_neck_fing03__d1t2__00007.wav,lsp-hardclip,les_neck_fing03,0.002256155,les_neck_pick02__d2t2__00012.wav,lsp-sine,1,2,2,2,9.35456396552498,13.251366385956809
les_neck_fing03__d1t3__00008.wav,lsp-hardclip,les_neck_fing03,0.0035684109,les_neck_pick04__d1t4__00009.wav,lsp-sine,1,1,3,4,9.35456396552498,9.202349861352678
les_neck_fing03__d1t4__00009.wav,lsp-hardclip,les_neck_fing03,0.002737999,les_neck_pick05__d1t4__00009.wav,lsp-sine,1,1,4,4,9.35456396552498,9.202349861352678
les_neck_fing03__d2t0__00010.wav,lsp-hardclip,les_neck_fing03,0.00067412853,les_bridge_pick16__d3t1__00016.wav,lsp-tanh,2,3,0,1,13.55142968534178,17.426284440144894
les_neck_fing03__d2t1__00011.wav,lsp-hardclip,les_neck_fing03,0.0023439527,les_neck_pick12__d2t4__00014.wav,lsp-arctan,2,2,1,4,13.55142968534178,13.270071970821393
les_neck_fing03__d2t2__00012.wav,lsp-hardclip,les_neck_fing03,0.005393684,les_neck_pick02__d2t2__00012.wav,byod-mxr,2,2,2,2,13.55142968534178,13.292365801948186
les_neck_fing03__d2t3__00013.wav,lsp-hardclip,les_neck_fing03,0.0036401749,les_neck_fing15__d4t3__00023.wav,byod-mxr,2,4,3,3,13.55142968534178,21.62039317761596
les_neck_fing03__d2t4__00014.wav,lsp-hardclip,les_neck_fing03,0.003120482,les_neck_pick05__d2t4__00014.wav,pedalboard-tanh,2,2,4,4,13.55142968534178,13.296816138037473
les_neck_fing03__d3t0__00015.wav,lsp-hardclip,les_neck_fing03,0.00035715103,les_bridge_pick16__d3t1__00016.wav,lsp-sine,3,3,0,1,17.563088337099366,17.46073355198249
les_neck_fing03__d3t1__00016.wav,lsp-hardclip,les_neck_fing03,0.0025934577,les_bridge_pick16__d3t2__00017.wav,lsp-sine,3,3,1,2,17.563088337099366,17.46073355198249
les_neck_fing03__d3t2__00017.wav,lsp-hardclip,les_neck_fing03,0.006403923,les_neck_pick02__d3t2__00017.wav,lsp-arctan,3,3,2,2,17.563088337099366,17.436825605717576
les_neck_fing03__d3t3__00018.wav,lsp-hardclip,les_neck_fing03,0.0051050186,les_neck_pick02__d3t3__00018.wav,lsp-sine,3,3,3,3,17.563088337099366,17.46073355198249
les_neck_fing03__d3t4__00019.wav,lsp-hardclip,les_neck_fing03,0.0027605891,les_neck_pick02__d3t4__00019.wav,pedalboard-tanh,3,3,4,4,17.563088337099366,17.454399305827287
les_neck_fing03__d4t0__00020.wav,lsp-hardclip,les_neck_fing03,0.0018727779,les_bridge_pick16__d3t1__00016.wav,lsp-sine,4,3,0,1,21.54643860361127,17.46073355198249
les_neck_fing03__d4t1__00021.wav,lsp-hardclip,les_neck_fing03,0.0028238893,les_neck_pick12__d3t4__00019.wav,lsp-arctan,4,3,1,4,21.54643860361127,17.436825605717576
les_neck_fing03__d4t2__00022.wav,lsp-hardclip,les_neck_fing03,0.0050110817,les_neck_pick09__d4t2__00022.wav,byod-mxr,4,4,2,2,21.54643860361127,21.62039317761596
les_neck_fing03__d4t3__00023.wav,lsp-hardclip,les_neck_fing03,0.007057965,les_bridge_fing20__d4t3__00023.wav,lsp-arctan,4,4,3,3,21.54643860361127,21.613326710488973
les_neck_fing03__d4t4__00024.wav,lsp-hardclip,les_neck_fing03,0.0034124255,les_neck_pick02__d4t4__00024.wav,byod-mxr,4,4,4,4,21.54643860361127,21.62039317761596
les_neck_fing03__d5t0__00025.wav,lsp-hardclip,les_neck_fing03,0.0030135512,les_neck_pick03__d5t0__00025.wav,byod-mxr,5,5,0,0,25.79865436059077,25.779078975465445
les_neck_fing03__d5t1__00026.wav,lsp-hardclip,les_neck_fing03,0.004941523,les_neck_pick04__d5t1__00026.wav,lsp-sine,5,5,1,1,25.79865436059077,25.7855895742644
les_neck_fing03__d5t2__00027.wav,lsp-hardclip,les_neck_fing03,0.0026474595,les_neck_pick12__d5t4__00029.wav,lsp-arctan,5,5,2,4,25.79865436059077,25.788497067568912
les_neck_fing03__d5t3__00028.wav,lsp-hardclip,les_neck_fing03,0.002820015,les_neck_pick09__d5t3__00028.wav,lsp-arctan,5,5,3,3,25.79865436059077,25.788497067568912
les_neck_fing03__d5t4__00029.wav,lsp-hardclip,les_neck_fing03,0.005117476,les_bridge_pick17__d5t4__00029.wav,lsp-sine,5,5,4,4,25.79865436059077,25.7855895742644
les_neck_fing03__d6t0__00030.wav,lsp-hardclip,les_neck_fing03,0.00147295,les_neck_pick04__d6t0__00030.wav,lsp-tanh,6,6,0,0,29.908667593492765,29.89601395521624
les_neck_fing03__d6t1__00031.wav,lsp-hardclip,les_neck_fing03,0.0030742884,les_neck_pick12__d7t1__00036.wav,byod-mxr,6,7,1,1,29.908667593492765,34.08156088036171
les_neck_fing03__d6t2__00032.wav,lsp-hardclip,les_neck_fing03,0.00398314,les_bridge_pick25__d6t2__00032.wav,lsp-sine,6,6,2,2,29.908667593492765,29.915327656251563
les_neck_fing03__d6t3__00033.wav,lsp-hardclip,les_neck_fing03,0.0052198768,les_bridge_pick16__d5t4__00029.wav,lsp-tanh,6,5,3,4,29.908667593492765,25.766463780707188
les_neck_fing03__d6t4__00034.wav,lsp-hardclip,les_neck_fing03,0.0047308207,les_bridge_fing17__d6t4__00034.wav,lsp-sine,6,6,4,4,29.908667593492765,29.915327656251563
les_neck_fing03__d7t0__00035.wav,lsp-hardclip,les_neck_fing03,0.0033922791,les_bridge_pick16__d6t1__00031.wav,lsp-arctan,7,6,0,1,34.07942205160116,29.91872954355242
les_neck_fing03__d7t1__00036.wav,lsp-hardclip,les_neck_fing03,0.0033488274,les_bridge_pick22__d7t2__00037.wav,lsp-tanh,7,7,1,2,34.07942205160116,34.0729352593394
les_neck_fing03__d7t2__00037.wav,lsp-hardclip,les_neck_fing03,0.004173577,les_bridge_fing24__d6t4__00034.wav,pedalboard-tanh,7,6,2,4,34.07942205160116,29.92239131554786
les_neck_fing03__d7t3__00038.wav,lsp-hardclip,les_neck_fing03,0.0018034577,les_neck_pick21__d7t3__00038.wav,lsp-arctan,7,7,3,3,34.07942205160116,34.09435618625095
les_neck_fing03__d7t4__00039.wav,lsp-hardclip,les_neck_fing03,0.0011444092,les_neck_pick05__d7t4__00039.wav,lsp-arctan,7,7,4,4,34.07942205160116,34.09435618625095
les_neck_fing04__d0t0__00000.wav,lsp-hardclip,les_neck_fing04,0.0012179017,les_neck_pick12__d2t1__00011.wav,byod-mxr,0,2,0,1,5.063331073032135,13.292365801948186
les_neck_fing04__d0t1__00001.wav,lsp-hardclip,les_neck_fing04,0.0033197403,les_neck_pick04__d2t1__00011.wav,lsp-sine,0,2,1,1,5.063331073032135,13.251366385956809
les_neck_fing04__d0t2__00002.wav,lsp-hardclip,les_neck_fing04,0.0024544,les_neck_pick04__d1t2__00007.wav,byod-mxr,0,1,2,2,5.063331073032135,9.107670514338215
les_neck_fing04__d0t3__00003.wav,lsp-hardclip,les_neck_fing04,0.007893264,les_neck_fing01__d1t3__00008.wav,lsp-tanh,0,1,3,3,5.063331073032135,9.088421535688989
les_neck_fing04__d0t4__00004.wav,lsp-hardclip,les_neck_fing04,0.0025433302,les_neck_fing01__d1t4__00009.wav,lsp-sine,0,1,4,4,5.063331073032135,9.202349861352678
les_neck_fing04__d1t0__00005.wav,lsp-hardclip,les_neck_fing04,0.0011790395,les_neck_pick12__d2t1__00011.wav,byod-mxr,1,2,0,1,9.35456396552498,13.292365801948186
les_neck_fing04__d1t1__00006.wav,lsp-hardclip,les_neck_fing04,0.0032946467,les_bridge_fing17__d3t0__00015.wav,lsp-sine,1,3,1,0,9.35456396552498,17.46073355198249
les_neck_fing04__d1t2__00007.wav,lsp-hardclip,les_neck_fing04,0.0024469495,les_neck_pick04__d1t2__00007.wav,byod-mxr,1,1,2,2,9.35456396552498,9.107670514338215
les_neck_fing04__d1t3__00008.wav,lsp-hardclip,les_neck_fing04,0.007758379,les_neck_fing01__d1t3__00008.wav,lsp-tanh,1,1,3,3,9.35456396552498,9.088421535688989
les_neck_fing04__d1t4__00009.wav,lsp-hardclip,les_neck_fing04,0.0025314093,les_neck_fing01__d1t4__00009.wav,lsp-sine,1,1,4,4,9.35456396552498,9.202349861352678
les_neck_fing04__d2t0__00010.wav,lsp-hardclip,les_neck_fing04,0.0010434985,les_neck_pick12__d2t1__00011.wav,byod-mxr,2,2,0,1,13.55142968534178,13.292365801948186
les_neck_fing04__d2t1__00011.wav,lsp-hardclip,les_neck_fing04,0.0026871562,les_neck_pick04__d2t1__00011.wav,lsp-sine,2,2,1,1,13.55142968534178,13.251366385956809
les_neck_fing04__d2t2__00012.wav,lsp-hardclip,les_neck_fing04,0.0025087595,les_neck_pick04__d1t2__00007.wav,byod-mxr,2,1,2,2,13.55142968534178,9.107670514338215
les_neck_fing04__d2t3__00013.wav,lsp-hardclip,les_neck_fing04,0.008300245,les_neck_pick03__d0t4__00004.wav,lsp-arctan,2,0,3,4,13.55142968534178,5.005872107125804
les_neck_fing04__d2t4__00014.wav,lsp-hardclip,les_neck_fing04,0.0030336976,les_neck_pick09__d0t4__00004.wav,byod-mxr,2,0,4,4,13.55142968534178,5.0
les_neck_fing04__d3t0__00015.wav,lsp-hardclip,les_neck_fing04,0.0008459687,les_neck_pick12__d2t1__00011.wav,byod-mxr,3,2,0,1,17.563088337099366,13.292365801948186
les_neck_fing04__d3t1__00016.wav,lsp-hardclip,les_neck_fing04,0.0030819178,les_bridge_fing17__d3t0__00015.wav,lsp-sine,3,3,1,0,17.563088337099366,17.46073355198249
les_neck_fing04__d3t2__00017.wav,lsp-hardclip,les_neck_fing04,0.0020490885,les_neck_pick04__d2t2__00012.wav,byod-mxr,3,2,2,2,17.563088337099366,13.292365801948186
les_neck_fing04__d3t3__00018.wav,lsp-hardclip,les_neck_fing04,0.009016991,les_neck_pick11__d0t3__00003.wav,lsp-arctan,3,0,3,3,17.563088337099366,5.005872107125804
les_neck_fing04__d3t4__00019.wav,lsp-hardclip,les_neck_fing04,0.0036275387,les_neck_pick11__d0t4__00004.wav,lsp-arctan,3,0,4,4,17.563088337099366,5.005872107125804
les_neck_fing04__d4t0__00020.wav,lsp-hardclip,les_neck_fing04,0.0022994876,les_bridge_pick22__d3t0__00015.wav,lsp-sine,4,3,0,0,21.54643860361127,17.46073355198249
les_neck_fing04__d4t1__00021.wav,lsp-hardclip,les_neck_fing04,0.0021646023,les_bridge_fing24__d3t1__00016.wav,byod-mxr,4,3,1,1,21.54643860361127,17.452308155418716
les_neck_fing04__d4t2__00022.wav,lsp-hardclip,les_neck_fing04,0.0018559098,les_bridge_pick22__d3t3__00018.wav,byod-mxr,4,3,2,3,21.54643860361127,17.452308155418716
les_neck_fing04__d4t3__00023.wav,lsp-hardclip,les_neck_fing04,0.005107641,les_neck_pick11__d3t3__00018.wav,pedalboard-tanh,4,3,3,3,21.54643860361127,17.454399305827287
les_neck_fing04__d4t4__00024.wav,lsp-hardclip,les_neck_fing04,0.0052605867,les_bridge_fing17__d3t4__00019.wav,lsp-sine,4,3,4,4,21.54643860361127,17.46073355198249
les_neck_fing04__d5t0__00025.wav,lsp-hardclip,les_neck_fing04,0.0017085075,les_bridge_pick16__d4t0__00020.wav,pedalboard-tanh,5,4,0,0,25.79865436059077,21.61638024087312
les_neck_fing04__d5t1__00026.wav,lsp-hardclip,les_neck_fing04,0.0037504435,les_neck_pick21__d5t0__00025.wav,lsp-sine,5,5,1,0,25.79865436059077,25.7855895742644
les_neck_fing04__d5t2__00027.wav,lsp-hardclip,les_neck_fing04,0.0021802187,les_neck_pick21__d5t1__00026.wav,lsp-sine,5,5,2,1,25.79865436059077,25.7855895742644
les_neck_fing04__d5t3__00028.wav,lsp-hardclip,les_neck_fing04,0.0030078888,les_bridge_pick22__d4t4__00024.wav,lsp-tanh,5,4,3,4,25.79865436059077,21.61115826291455
les_neck_fing04__d5t4__00029.wav,lsp-hardclip,les_neck_fing04,0.004520595,les_bridge_fing20__d4t4__00024.wav,lsp-arctan,5,4,4,4,25.79865436059077,21.613326710488973
les_neck_fing04__d6t0__00030.wav,lsp-hardclip,les_neck_fing04,0.0017331243,les_bridge_fing21__d6t0__00030.wav,lsp-sine,6,6,0,0,29.908667593492765,29.915327656251563
les_neck_fing04__d6t1__00031.wav,lsp-hardclip,les_neck_fing04,0.002678752,les_bridge_fing17__d6t0__00030.wav,byod-mxr,6,6,1,0,29.908667593492765,29.91150927100104
les_neck_fing04__d6t2__00032.wav,lsp-hardclip,les_neck_fing04,0.0044074655,les_neck_fing01__d6t1__00031.wav,lsp-sine,6,6,2,1,29.908667593492765,29.915327656251563
les_neck_fing04__d6t3__00033.wav,lsp-hardclip,les_neck_fing04,0.0029646754,les_neck_pick02__d7t2__00037.wav,pedalboard-tanh,6,7,3,2,29.908667593492765,34.075823464139134
les_neck_fing04__d6t4__00034.wav,lsp-hardclip,les_neck_fing04,0.0020363927,les_neck_pick02__d7t3__00038.wav,byod-mxr,6,7,4,3,29.908667593492765,34.08156088036171
les_neck_fing04__d7t0__00035.wav,lsp-hardclip,les_neck_fing04,0.0015334487,les_neck_pick09__d7t0__00035.wav,lsp-arctan,7,7,0,0,34.07942205160116,34.09435618625095
les_neck_fing04__d7t1__00036.wav,lsp-hardclip,les_neck_fing04,0.0029278994,les_neck_pick09__d7t1__00036.wav,lsp-sine,7,7,1,1,34.07942205160116,34.094517939627885
les_neck_fing04__d7t2__00037.wav,lsp-hardclip,les_neck_fing04,0.0038278103,les_neck_pick09__d7t2__00037.wav,lsp-tanh,7,7,2,2,34.07942205160116,34.0729352593394
les_neck_fing04__d7t3__00038.wav,lsp-hardclip,les_neck_fing04,0.0034831166,les_neck_pick11__d7t3__00038.wav,lsp-arctan,7,7,3,3,34.07942205160116,34.09435618625095
les_neck_fing04__d7t4__00039.wav,lsp-hardclip,les_neck_fing04,0.0032774806,les_neck_pick09__d7t4__00039.wav,lsp-arctan,7,7,4,4,34.07942205160116,34.09435618625095
les_neck_fing09__d0t0__00000.wav,lsp-hardclip,les_neck_fing09,0.007527709,les_bridge_pick16__d2t0__00010.wav,lsp-arctan,0,2,0,0,5.063331073032135,13.270071970821393
les_neck_fing09__d0t1__00001.wav,lsp-hardclip,les_neck_fing09,0.0074777007,les_bridge_pick22__d0t0__00000.wav,byod-mxr,0,0,1,0,5.063331073032135,5.0
les_neck_fing09__d0t2__00002.wav,lsp-hardclip,les_neck_fing09,0.0010457635,les_bridge_fing21__d1t2__00007.wav,lsp-tanh,0,1,2,2,5.063331073032135,9.088421535688989
les_neck_fing09__d0t3__00003.wav,lsp-hardclip,les_neck_fing09,0.0031821132,les_neck_fing15__d3t2__00017.wav,pedalboard-tanh,0,3,3,2,5.063331073032135,17.454399305827287
les_neck_fing09__d0t4__00004.wav,lsp-hardclip,les_neck_fing09,0.0111294985,les_neck_pick02__d2t3__00013.wav,lsp-arctan,0,2,4,3,5.063331073032135,13.270071970821393
les_neck_fing09__d1t0__00005.wav,lsp-hardclip,les_neck_fing09,0.003546238,les_bridge_fing21__d1t0__00005.wav,pedalboard-tanh,1,1,0,0,9.35456396552498,9.146047429418331
les_neck_fing09__d1t1__00006.wav,lsp-hardclip,les_neck_fing09,0.004517138,les_neck_pick12__d0t1__00001.wav,pedalboard-tanh,1,0,1,1,9.35456396552498,5.0
les_neck_fing09__d1t2__00007.wav,lsp-hardclip,les_neck_fing09,0.0018111467,les_neck_pick04__d0t1__00001.wav,pedalboard-tanh,1,0,2,1,9.35456396552498,5.0
les_neck_fing09__d1t3__00008.wav,lsp-hardclip,les_neck_fing09,0.0020229816,les_bridge_fing24__d2t3__00013.wav,pedalboard-tanh,1,2,3,3,9.35456396552498,13.296816138037473
les_neck_fing09__d1t4__00009.wav,lsp-hardclip,les_neck_fing09,0.011809111,les_neck_fing01__d1t3__00008.wav,lsp-tanh,1,1,4,3,9.35456396552498,9.088421535688989
les_neck_fing09__d2t0__00010.wav,lsp-hardclip,les_neck_fing09,0.0030634403,les_neck_pick12__d0t0__00000.wav,lsp-arctan,2,0,0,0,13.55142968534178,5.005872107125804
les_neck_fing09__d2t1__00011.wav,lsp-hardclip,les_neck_fing09,0.0011523366,les_bridge_pick25__d2t0__00010.wav,lsp-arctan,2,2,1,0,13.55142968534178,13.270071970821393
les_neck_fing09__d2t2__00012.wav,lsp-hardclip,les_neck_fing09,0.00091177225,les_neck_pick04__d1t1__00006.wav,lsp-sine,2,1,2,1,13.55142968534178,9.202349861352678
les_neck_fing09__d2t3__00013.wav,lsp-hardclip,les_neck_fing09,0.007164061,les_neck_pick04__d1t2__00007.wav,byod-mxr,2,1,3,2,13.55142968534178,9.107670514338215
les_neck_fing09__d2t4__00014.wav,lsp-hardclip,les_neck_fing09,0.012576342,les_neck_pick02__d2t3__00013.wav,lsp-tanh,2,2,4,3,13.55142968534178,13.297259315581634
les_neck_fing09__d3t0__00015.wav,lsp-hardclip,les_neck_fing09,0.00053036213,les_neck_pick12__d0t0__00000.wav,lsp-tanh,3,0,0,0,17.563088337099366,5.0
les_neck_fing09__d3t1__00016.wav,lsp-hardclip,les_neck_fing09,0.0016969442,les_bridge_pick25__d2t0__00010.wav,byod-mxr,3,2,1,0,17.563088337099366,13.292365801948186
les_neck_fing09__d3t2__00017.wav,lsp-hardclip,les_neck_fing09,0.0039521456,les_neck_pick04__d2t1__00011.wav,lsp-sine,3,2,2,1,17.563088337099366,13.251366385956809
les_neck_fing09__d3t3__00018.wav,lsp-hardclip,les_neck_fing09,0.005159855,les_neck_pick04__d2t2__00012.wav,byod-mxr,3,2,3,2,17.563088337099366,13.292365801948186
les_neck_fing09__d3t4__00019.wav,lsp-hardclip,les_neck_fing09,0.011705041,les_neck_pick11__d1t3__00008.wav,lsp-tanh,3,1,4,3,17.563088337099366,9.088421535688989
les_neck_fing09__d4t0__00020.wav,lsp-hardclip,les_neck_fing09,0.0032559037,les_neck_pick12__d1t0__00005.wav,lsp-sine,4,1,0,0,21.54643860361127,9.202349861352678
les_neck_fing09__d4t1__00021.wav,lsp-hardclip,les_neck_fing09,0.00058984756,les_neck_pick11__d1t0__00005.wav,pedalboard-tanh,4,1,1,0,21.54643860361127,9.146047429418331
les_neck_fing09__d4t2__00022.wav,lsp-hardclip,les_neck_fing09,0.0021948814,les_neck_pick04__d3t1__00016.wav,lsp-tanh,4,3,2,1,21.54643860361127,17.426284440144894
les_neck_fing09__d4t3__00023.wav,lsp-hardclip,les_neck_fing09,0.0030806065,les_bridge_pick22__d3t3__00018.wav,byod-mxr,4,3,3,3,21.54643860361127,17.452308155418716
les_neck_fing09__d4t4__00024.wav,lsp-hardclip,les_neck_fing09,0.0027460456,les_bridge_pick16__d3t4__00019.wav,lsp-tanh,4,3,4,4,21.54643860361127,17.426284440144894
les_neck_fing09__d5t0__00025.wav,lsp-hardclip,les_neck_fing09,0.0031605363,les_neck_pick12__d3t0__00015.wav,lsp-sine,5,3,0,0,25.79865436059077,17.46073355198249
les_neck_fing09__d5t1__00026.wav,lsp-hardclip,les_neck_fing09,0.00068974495,les_neck_pick12__d4t1__00021.wav,lsp-arctan,5,4,1,1,25.79865436059077,21.613326710488973
les_neck_fing09__d5t2__00027.wav,lsp-hardclip,les_neck_fing09,0.00086194277,les_neck_pick11__d4t1__00021.wav,lsp-sine,5,4,2,1,25.79865436059077,21.652716208419097
les_neck_fing09__d5t3__00028.wav,lsp-hardclip,les_neck_fing09,0.0017254353,les_neck_pick11__d4t2__00022.wav,lsp-arctan,5,4,3,2,25.79865436059077,21.613326710488973
les_neck_fing09__d5t4__00029.wav,lsp-hardclip,les_neck_fing09,0.0052493215,les_neck_pick14__d5t1__00026.wav,byod-mxr,5,5,4,1,25.79865436059077,25.779078975465445
les_neck_fing09__d6t0__00030.wav,lsp-hardclip,les_neck_fing09,0.0043592453,les_neck_pick07__d5t1__00026.wav,pedalboard-tanh,6,5,0,1,29.908667593492765,25.782351420955937
les_neck_fing09__d6t1__00031.wav,lsp-hardclip,les_neck_fing09,0.0011711121,les_bridge_fing24__d6t0__00030.wav,byod-mxr,6,6,1,0,29.908667593492765,29.91150927100104
les_neck_fing09__d6t2__00032.wav,lsp-hardclip,les_neck_fing09,0.0020823479,les_bridge_pick22__d6t1__00031.wav,lsp-sine,6,6,2,1,29.908667593492765,29.915327656251563
les_neck_fing09__d6t3__00033.wav,lsp-hardclip,les_neck_fing09,0.006179869,les_neck_pick05__d6t1__00031.wav,byod-mxr,6,6,3,1,29.908667593492765,29.91150927100104
les_neck_fing09__d6t4__00034.wav,lsp-hardclip,les_neck_fing09,0.004914522,les_bridge_fing21__d7t2__00037.wav,byod-mxr,6,7,4,2,29.908667593492765,34.08156088036171
les_neck_fing09__d7t0__00035.wav,lsp-hardclip,les_neck_fing09,0.0025311708,les_neck_pick07__d7t0__00035.wav,pedalboard-tanh,7,7,0,0,34.07942205160116,34.075823464139134
les_neck_fing09__d7t1__00036.wav,lsp-hardclip,les_neck_fing09,0.0015665293,les_neck_pick09__d7t0__00035.wav,pedalboard-tanh,7,7,1,0,34.07942205160116,34.075823464139134
les_neck_fing09__d7t2__00037.wav,lsp-hardclip,les_neck_fing09,0.0011624694,les_neck_pick11__d7t1__00036.wav,lsp-arctan,7,7,2,1,34.07942205160116,34.09435618625095
les_neck_fing09__d7t3__00038.wav,lsp-hardclip,les_neck_fing09,0.0036440492,les_neck_pick11__d7t2__00037.wav,lsp-arctan,7,7,3,2,34.07942205160116,34.09435618625095
les_neck_fing09__d7t4__00039.wav,lsp-hardclip,les_neck_fing09,0.007839739,les_neck_pick09__d7t3__00038.wav,byod-mxr,7,7,4,3,34.07942205160116,34.08156088036171
les_neck_fing11__d0t0__00000.wav,lsp-hardclip,les_neck_fing11,0.017710984,les_bridge_pick16__d2t0__00010.wav,pedalboard-tanh,0,2,0,0,5.063331073032135,13.296816138037473
les_neck_fing11__d0t1__00001.wav,lsp-hardclip,les_neck_fing11,0.005791247,les_neck_pick12__d0t0__00000.wav,lsp-tanh,0,0,1,0,5.063331073032135,5.0
les_neck_fing11__d0t2__00002.wav,lsp-hardclip,les_neck_fing11,0.00064098835,les_bridge_pick16__d2t1__00011.wav,lsp-sine,0,2,2,1,5.063331073032135,13.251366385956809
les_neck_fing11__d0t3__00003.wav,lsp-hardclip,les_neck_fing11,0.0017261505,les_bridge_pick16__d2t2__00012.wav,byod-mxr,0,2,3,2,5.063331073032135,13.292365801948186
les_neck_fing11__d0t4__00004.wav,lsp-hardclip,les_neck_fing11,0.016435087,les_bridge_pick16__d2t3__00013.wav,byod-mxr,0,2,4,3,5.063331073032135,13.292365801948186
les_neck_fing11__d1t0__00005.wav,lsp-hardclip,les_neck_fing11,0.017392695,les_neck_pick12__d0t0__00000.wav,lsp-tanh,1,0,0,0,9.35456396552498,5.0
les_neck_fing11__d1t1__00006.wav,lsp-hardclip,les_neck_fing11,0.0028378367,les_neck_pick12__d0t0__00000.wav,byod-mxr,1,0,1,0,9.35456396552498,5.0
les_neck_fing11__d1t2__00007.wav,lsp-hardclip,les_neck_fing11,0.0011675954,les_neck_pick04__d2t0__00010.wav,byod-mxr,1,2,2,0,9.35456396552498,13.292365801948186
les_neck_fing11__d1t3__00008.wav,lsp-hardclip,les_neck_fing11,0.0065609217,les_neck_pick04__d2t1__00011.wav,byod-mxr,1,2,3,1,9.35456396552498,13.292365801948186
les_neck_fing11__d1t4__00009.wav,lsp-hardclip,les_neck_fing11,0.019189,les_neck_pick07__d1t4__00009.wav,byod-mxr,1,1,4,4,9.35456396552498,9.107670514338215
les_neck_fing11__d2t0__00010.wav,lsp-hardclip,les_neck_fing11,0.012809634,les_neck_pick12__d0t0__00000.wav,lsp-tanh,2,0,0,0,13.55142968534178,5.0
les_neck_fing11__d2t1__00011.wav,lsp-hardclip,les_neck_fing11,0.0017254353,les_neck_pick12__d1t0__00005.wav,pedalboard-tanh,2,1,1,0,13.55142968534178,9.146047429418331
les_neck_fing11__d2t2__00012.wav,lsp-hardclip,les_neck_fing11,0.00058346987,les_bridge_pick16__d3t1__00016.wav,lsp-arctan,2,3,2,1,13.55142968534178,17.436825605717576
les_neck_fing11__d2t3__00013.wav,lsp-hardclip,les_neck_fing11,0.005718112,les_bridge_pick16__d3t2__00017.wav,lsp-arctan,2,3,3,2,13.55142968534178,17.436825605717576
les_neck_fing11__d2t4__00014.wav,lsp-hardclip,les_neck_fing11,0.016241372,les_neck_pick21__d4t1__00021.wav,lsp-arctan,2,4,4,1,13.55142968534178,21.613326710488973
les_neck_fing11__d3t0__00015.wav,lsp-hardclip,les_neck_fing11,0.003478229,les_neck_pick12__d0t0__00000.wav,lsp-tanh,3,0,0,0,17.563088337099366,5.0
les_neck_fing11__d3t1__00016.wav,lsp-hardclip,les_neck_fing11,0.0021737814,les_neck_pick12__d2t0__00010.wav,byod-mxr,3,2,1,0,17.563088337099366,13.292365801948186
les_neck_fing11__d3t2__00017.wav,lsp-hardclip,les_neck_fing11,0.003068924,les_neck_pick03__d4t0__00020.wav,lsp-sine,3,4,2,0,17.563088337099366,21.652716208419097
les_neck_fing11__d3t3__00018.wav,lsp-hardclip,les_neck_fing11,0.005037725,les_neck_pick04__d4t1__00021.wav,lsp-arctan,3,4,3,1,17.563088337099366,21.613326710488973
les_neck_fing11__d3t4__00019.wav,lsp-hardclip,les_neck_fing11,0.0068074465,les_neck_pick05__d5t1__00026.wav,byod-mxr,3,5,4,1,17.563088337099366,25.779078975465445
les_neck_fing11__d4t0__00020.wav,lsp-hardclip,les_neck_fing11,0.0017811656,les_neck_pick12__d1t0__00005.wav,byod-mxr,4,1,0,0,21.54643860361127,9.107670514338215
les_neck_fing11__d4t1__00021.wav,lsp-hardclip,les_neck_fing11,0.0018956065,les_neck_pick07__d2t1__00011.wav,byod-mxr,4,2,1,1,21.54643860361127,13.292365801948186
les_neck_fing11__d4t2__00022.wav,lsp-hardclip,les_neck_fing11,0.003219843,les_neck_pick12__d5t1__00026.wav,lsp-sine,4,5,2,1,21.54643860361127,25.7855895742644
les_neck_fing11__d4t3__00023.wav,lsp-hardclip,les_neck_fing11,0.005620241,les_neck_pick11__d5t1__00026.wav,lsp-sine,4,5,3,1,21.54643860361127,25.7855895742644
les_neck_fing11__d4t4__00024.wav,lsp-hardclip,les_neck_fing11,0.0043672323,les_neck_pick04__d6t1__00031.wav,byod-mxr,4,6,4,1,21.54643860361127,29.91150927100104
les_neck_fing11__d5t0__00025.wav,lsp-hardclip,les_neck_fing11,0.002333045,les_neck_pick12__d3t0__00015.wav,pedalboard-tanh,5,3,0,0,25.79865436059077,17.454399305827287
les_neck_fing11__d5t1__00026.wav,lsp-hardclip,les_neck_fing11,0.0009688735,les_bridge_pick22__d5t0__00025.wav,byod-mxr,5,5,1,0,25.79865436059077,25.779078975465445
les_neck_fing11__d5t2__00027.wav,lsp-hardclip,les_neck_fing11,0.0026240945,les_neck_pick04__d6t0__00030.wav,byod-mxr,5,6,2,0,25.79865436059077,29.91150927100104
les_neck_fing11__d5t3__00028.wav,lsp-hardclip,les_neck_fing11,0.007044852,les_neck_fing01__d6t0__00030.wav,lsp-tanh,5,6,3,0,25.79865436059077,29.89601395521624
les_neck_fing11__d5t4__00029.wav,lsp-hardclip,les_neck_fing11,0.008491814,les_neck_pick02__d7t1__00036.wav,byod-mxr,5,7,4,1,25.79865436059077,34.08156088036171
les_neck_fing11__d6t0__00030.wav,lsp-hardclip,les_neck_fing11,0.0021143556,les_neck_pick07__d5t1__00026.wav,lsp-tanh,6,5,0,1,29.908667593492765,25.766463780707188
les_neck_fing11__d6t1__00031.wav,lsp-hardclip,les_neck_fing11,0.0022836328,les_bridge_pick16__d6t0__00030.wav,lsp-sine,6,6,1,0,29.908667593492765,29.915327656251563
les_neck_fing11__d6t2__00032.wav,lsp-hardclip,les_neck_fing11,0.0022800565,les_neck_pick02__d7t0__00035.wav,pedalboard-tanh,6,7,2,0,29.908667593492765,34.075823464139134
les_neck_fing11__d6t3__00033.wav,lsp-hardclip,les_neck_fing11,0.0038910508,les_bridge_fing24__d7t1__00036.wav,byod-mxr,6,7,3,1,29.908667593492765,34.08156088036171
les_neck_fing11__d6t4__00034.wav,lsp-hardclip,les_neck_fing11,0.009411752,les_bridge_pick25__d7t1__00036.wav,lsp-sine,6,7,4,1,29.908667593492765,34.094517939627885
les_neck_fing11__d7t0__00035.wav,lsp-hardclip,les_neck_fing11,0.0031177402,les_bridge_pick16__d6t0__00030.wav,pedalboard-tanh,7,6,0,0,34.07942205160116,29.92239131554786
les_neck_fing11__d7t1__00036.wav,lsp-hardclip,les_neck_fing11,0.0030223727,les_neck_pick04__d7t0__00035.wav,byod-mxr,7,7,1,0,34.07942205160116,34.08156088036171
les_neck_fing11__d7t2__00037.wav,lsp-hardclip,les_neck_fing11,0.0027930737,les_bridge_fing17__d7t0__00035.wav,lsp-tanh,7,7,2,0,34.07942205160116,34.0729352593394
les_neck_fing11__d7t3__00038.wav,lsp-hardclip,les_neck_fing11,0.0028777122,les_neck_fing01__d7t1__00036.wav,pedalboard-tanh,7,7,3,1,34.07942205160116,34.075823464139134
les_neck_fing11__d7t4__00039.wav,lsp-hardclip,les_neck_fing11,0.009002507,les_neck_pick09__d7t3__00038.wav,byod-mxr,7,7,4,3,34.07942205160116,34.08156088036171
les_neck_fing16__d0t0__00000.wav,lsp-hardclip,les_neck_fing16,0.008132994,les_bridge_pick16__d1t0__00005.wav,lsp-tanh,0,1,0,0,5.063331073032135,9.088421535688989
les_neck_fing16__d0t1__00001.wav,lsp-hardclip,les_neck_fing16,0.0011883378,les_neck_pick12__d1t1__00006.wav,lsp-arctan,0,1,1,1,5.063331073032135,9.170316408518453
les_neck_fing16__d0t2__00002.wav,lsp-hardclip,les_neck_fing16,0.0012322664,les_bridge_pick16__d3t1__00016.wav,lsp-arctan,0,3,2,1,5.063331073032135,17.436825605717576
les_neck_fing16__d0t3__00003.wav,lsp-hardclip,les_neck_fing16,0.0029818416,les_neck_fing01__d3t0__00015.wav,lsp-tanh,0,3,3,0,5.063331073032135,17.426284440144894
les_neck_fing16__d0t4__00004.wav,lsp-hardclip,les_neck_fing16,0.0043839216,les_bridge_pick16__d3t2__00017.wav,lsp-arctan,0,3,4,2,5.063331073032135,17.436825605717576
les_neck_fing16__d1t0__00005.wav,lsp-hardclip,les_neck_fing16,0.0050068498,les_bridge_pick16__d2t0__00010.wav,lsp-arctan,1,2,0,0,9.35456396552498,13.270071970821393
les_neck_fing16__d1t1__00006.wav,lsp-hardclip,les_neck_fing16,0.0005013943,les_neck_pick12__d1t1__00006.wav,byod-mxr,1,1,1,1,9.35456396552498,9.107670514338215
les_neck_fing16__d1t2__00007.wav,lsp-hardclip,les_neck_fing16,0.0014305711,les_neck_pick04__d3t0__00015.wav,byod-mxr,1,3,2,0,9.35456396552498,17.452308155418716
les_neck_fing16__d1t3__00008.wav,lsp-hardclip,les_neck_fing16,0.0021752715,les_neck_fing01__d3t0__00015.wav,lsp-tanh,1,3,3,0,9.35456396552498,17.426284440144894
les_neck_fing16__d1t4__00009.wav,lsp-hardclip,les_neck_fing16,0.0030509233,les_bridge_pick16__d3t2__00017.wav,lsp-arctan,1,3,4,2,9.35456396552498,17.436825605717576
les_neck_fing16__d2t0__00010.wav,lsp-hardclip,les_neck_fing16,0.002463162,les_neck_pick12__d0t0__00000.wav,lsp-tanh,2,0,0,0,13.55142968534178,5.0
les_neck_fing16__d2t1__00011.wav,lsp-hardclip,les_neck_fing16,0.0008023381,les_neck_pick12__d2t1__00011.wav,byod-mxr,2,2,1,1,13.55142968534178,13.292365801948186
les_neck_fing16__d2t2__00012.wav,lsp-hardclip,les_neck_fing16,0.0024297237,les_neck_pick11__d2t0__00010.wav,byod-mxr,2,2,2,0,13.55142968534178,13.292365801948186
les_neck_fing16__d2t3__00013.wav,lsp-hardclip,les_neck_fing16,0.0023087263,les_neck_fing01__d3t0__00015.wav,byod-mxr,2,3,3,0,13.55142968534178,17.452308155418716
les_neck_fing16__d2t4__00014.wav,lsp-hardclip,les_neck_fing16,0.011546135,les_neck_pick07__d3t3__00018.wav,lsp-tanh,2,3,4,3,13.55142968534178,17.426284440144894
les_neck_fing16__d3t0__00015.wav,lsp-hardclip,les_neck_fing16,0.0024209619,les_neck_pick12__d1t0__00005.wav,byod-mxr,3,1,0,0,17.563088337099366,9.107670514338215
les_neck_fing16__d3t1__00016.wav,lsp-hardclip,les_neck_fing16,0.0012826324,les_neck_pick12__d3t1__00016.wav,lsp-tanh,3,3,1,1,17.563088337099366,17.426284440144894
les_neck_fing16__d3t2__00017.wav,lsp-hardclip,les_neck_fing16,0.0013062358,les_neck_pick04__d4t0__00020.wav,byod-mxr,3,4,2,0,17.563088337099366,21.62039317761596
les_neck_fing16__d3t3__00018.wav,lsp-hardclip,les_neck_fing16,0.0017743707,les_bridge_pick16__d4t1__00021.wav,lsp-arctan,3,4,3,1,17.563088337099366,21.613326710488973
les_neck_fing16__d3t4__00019.wav,lsp-hardclip,les_neck_fing16,0.008069098,les_neck_pick12__d4t2__00022.wav,lsp-tanh,3,4,4,2,17.563088337099366,21.61115826291455
les_neck_fing16__d4t0__00020.wav,lsp-hardclip,les_neck_fing16,0.0018743873,les_bridge_fing21__d3t0__00015.wav,lsp-sine,4,3,0,0,21.54643860361127,17.46073355198249
les_neck_fing16__d4t1__00021.wav,lsp-hardclip,les_neck_fing16,0.00090384483,les_neck_pick12__d4t0__00020.wav,byod-mxr,4,4,1,0,21.54643860361127,21.62039317761596
les_neck_fing16__d4t2__00022.wav,lsp-hardclip,les_neck_fing16,0.001303494,les_neck_pick12__d5t0__00025.wav,pedalboard-tanh,4,5,2,0,21.54643860361127,25.782351420955937
les_neck_fing16__d4t3__00023.wav,lsp-hardclip,les_neck_fing16,0.0021160245,les_neck_pick12__d5t1__00026.wav,lsp-sine,4,5,3,1,21.54643860361127,25.7855895742644
les_neck_fing16__d4t4__00024.wav,lsp-hardclip,les_neck_fing16,0.004365146,les_neck_fing01__d5t0__00025.wav,lsp-tanh,4,5,4,0,21.54643860361127,25.766463780707188
les_neck_fing16__d5t0__00025.wav,lsp-hardclip,les_neck_fing16,0.00019955635,les_neck_pick12__d4t0__00020.wav,lsp-sine,5,4,0,0,25.79865436059077,21.652716208419097
les_neck_fing16__d5t1__00026.wav,lsp-hardclip,les_neck_fing16,0.0013940334,les_bridge_fing21__d5t0__00025.wav,lsp-tanh,5,5,1,0,25.79865436059077,25.766463780707188
les_neck_fing16__d5t2__00027.wav,lsp-hardclip,les_neck_fing16,0.0022367835,les_neck_pick09__d5t0__00025.wav,lsp-arctan,5,5,2,0,25.79865436059077,25.788497067568912
les_neck_fing16__d5t3__00028.wav,lsp-hardclip,les_neck_fing16,0.0046251416,les_neck_pick09__d6t0__00030.wav,lsp-tanh,5,6,3,0,25.79865436059077,29.89601395521624
les_neck_fing16__d5t4__00029.wav,lsp-hardclip,les_neck_fing16,0.0030184984,les_neck_pick02__d7t0__00035.wav,lsp-arctan,5,7,4,0,25.79865436059077,34.09435618625095
les_neck_fing16__d6t0__00030.wav,lsp-hardclip,les_neck_fing16,0.0037034154,les_neck_pick07__d5t1__00026.wav,pedalboard-tanh,6,5,0,1,29.908667593492765,25.782351420955937
les_neck_fing16__d6t1__00031.wav,lsp-hardclip,les_neck_fing16,0.0025519729,les_bridge_pick22__d6t0__00030.wav,byod-mxr,6,6,1,0,29.908667593492765,29.91150927100104
les_neck_fing16__d6t2__00032.wav,lsp-hardclip,les_neck_fing16,0.003279984,les_bridge_pick25__d6t0__00030.wav,lsp-tanh,6,6,2,0,29.908667593492765,29.89601395521624
les_neck_fing16__d6t3__00033.wav,lsp-hardclip,les_neck_fing16,0.002237022,les_neck_pick11__d7t0__00035.wav,byod-mxr,6,7,3,0,29.908667593492765,34.08156088036171
les_neck_fing16__d6t4__00034.wav,lsp-hardclip,les_neck_fing16,0.011518061,les_neck_pick07__d7t2__00037.wav,byod-mxr,6,7,4,2,29.908667593492765,34.08156088036171
les_neck_fing16__d7t0__00035.wav,lsp-hardclip,les_neck_fing16,0.0020728111,les_neck_pick07__d6t1__00031.wav,lsp-sine,7,6,0,1,34.07942205160116,29.915327656251563
les_neck_fing16__d7t1__00036.wav,lsp-hardclip,les_neck_fing16,0.0006453991,les_neck_pick07__d7t1__00036.wav,lsp-arctan,7,7,1,1,34.07942205160116,34.09435618625095
les_neck_fing16__d7t2__00037.wav,lsp-hardclip,les_neck_fing16,0.0017667413,les_bridge_pick25__d7t0__00035.wav,lsp-sine,7,7,2,0,34.07942205160116,34.094517939627885
les_neck_fing16__d7t3__00038.wav,lsp-hardclip,les_neck_fing16,0.018432796,les_neck_pick07__d7t3__00038.wav,byod-mxr,7,7,3,3,34.07942205160116,34.08156088036171
les_neck_fing16__d7t4__00039.wav,lsp-hardclip,les_neck_fing16,0.006832063,les_neck_pick07__d7t4__00039.wav,byod-mxr,7,7,4,4,34.07942205160116,34.08156088036171
les_neck_fing18__d0t0__00000.wav,lsp-hardclip,les_neck_fing18,0.0004862547,les_neck_pick04__d2t0__00010.wav,byod-mxr,0,2,0,0,5.063331073032135,13.292365801948186
les_neck_fing18__d0t1__00001.wav,lsp-hardclip,les_neck_fing18,0.0017843843,les_neck_pick12__d0t3__00003.wav,byod-mxr,0,0,1,3,5.063331073032135,5.0
les_neck_fing18__d0t2__00002.wav,lsp-hardclip,les_neck_fing18,0.0029078722,les_neck_fing01__d1t2__00007.wav,lsp-arctan,0,1,2,2,5.063331073032135,9.170316408518453
les_neck_fing18__d0t3__00003.wav,lsp-hardclip,les_neck_fing18,0.0032054782,les_neck_pick02__d2t3__00013.wav,pedalboard-tanh,0,2,3,3,5.063331073032135,13.296816138037473
les_neck_fing18__d0t4__00004.wav,lsp-hardclip,les_neck_fing18,0.0031878352,les_bridge_fing17__d1t4__00009.wav,lsp-arctan,0,1,4,4,5.063331073032135,9.170316408518453
les_neck_fing18__d1t0__00005.wav,lsp-hardclip,les_neck_fing18,0.00058186054,les_neck_pick04__d2t0__00010.wav,byod-mxr,1,2,0,0,9.35456396552498,13.292365801948186
les_neck_fing18__d1t1__00006.wav,lsp-hardclip,les_neck_fing18,0.0023816228,les_neck_pick12__d1t3__00008.wav,byod-mxr,1,1,1,3,9.35456396552498,9.107670514338215
les_neck_fing18__d1t2__00007.wav,lsp-hardclip,les_neck_fing18,0.001529038,les_neck_pick02__d2t2__00012.wav,pedalboard-tanh,1,2,2,2,9.35456396552498,13.296816138037473
les_neck_fing18__d1t3__00008.wav,lsp-hardclip,les_neck_fing18,0.0014070272,les_neck_pick02__d2t3__00013.wav,pedalboard-tanh,1,2,3,3,9.35456396552498,13.296816138037473
les_neck_fing18__d1t4__00009.wav,lsp-hardclip,les_neck_fing18,0.0029581785,les_neck_pick09__d0t4__00004.wav,byod-mxr,1,0,4,4,9.35456396552498,5.0
les_neck_fing18__d2t0__00010.wav,lsp-hardclip,les_neck_fing18,0.00088799,les_neck_pick03__d2t0__00010.wav,pedalboard-tanh,2,2,0,0,13.55142968534178,13.296816138037473
les_neck_fing18__d2t1__00011.wav,lsp-hardclip,les_neck_fing18,0.000972867,les_neck_pick12__d1t3__00008.wav,byod-mxr,2,1,1,3,13.55142968534178,9.107670514338215
les_neck_fing18__d2t2__00012.wav,lsp-hardclip,les_neck_fing18,0.0011023879,les_neck_pick02__d2t2__00012.wav,lsp-tanh,2,2,2,2,13.55142968534178,13.297259315581634
les_neck_fing18__d2t3__00013.wav,lsp-hardclip,les_neck_fing18,0.003778398,les_neck_pick02__d2t3__00013.wav,lsp-arctan,2,2,3,3,13.55142968534178,13.270071970821393
les_neck_fing18__d2t4__00014.wav,lsp-hardclip,les_neck_fing18,0.002104342,les_neck_pick09__d0t4__00004.wav,byod-mxr,2,0,4,4,13.55142968534178,5.0
les_neck_fing18__d3t0__00015.wav,lsp-hardclip,les_neck_fing18,0.0012854934,les_neck_pick11__d1t0__00005.wav,byod-mxr,3,1,0,0,17.563088337099366,9.107670514338215
les_neck_fing18__d3t1__00016.wav,lsp-hardclip,les_neck_fing18,0.0030508637,les_neck_pick11__d2t1__00011.wav,lsp-arctan,3,2,1,1,17.563088337099366,13.270071970821393
les_neck_fing18__d3t2__00017.wav,lsp-hardclip,les_neck_fing18,0.0019825697,les_bridge_pick17__d3t2__00017.wav,byod-mxr,3,3,2,2,17.563088337099366,17.452308155418716
les_neck_fing18__d3t3__00018.wav,lsp-hardclip,les_neck_fing18,0.0068432093,les_neck_pick11__d2t3__00013.wav,lsp-arctan,3,2,3,3,17.563088337099366,13.270071970821393
les_neck_fing18__d3t4__00019.wav,lsp-hardclip,les_neck_fing18,0.0026954412,les_neck_fing01__d2t4__00014.wav,lsp-sine,3,2,4,4,17.563088337099366,13.251366385956809
les_neck_fing18__d4t0__00020.wav,lsp-hardclip,les_neck_fing18,0.0006107092,les_neck_pick04__d4t0__00020.wav,byod-mxr,4,4,0,0,21.54643860361127,21.62039317761596
les_neck_fing18__d4t1__00021.wav,lsp-hardclip,les_neck_fing18,0.0029911995,les_neck_pick04__d4t1__00021.wav,byod-mxr,4,4,1,1,21.54643860361127,21.62039317761596
les_neck_fing18__d4t2__00022.wav,lsp-hardclip,les_neck_fing18,0.0066218376,les_neck_pick11__d4t2__00022.wav,lsp-sine,4,4,2,2,21.54643860361127,21.652716208419097
les_neck_fing18__d4t3__00023.wav,lsp-hardclip,les_neck_fing18,0.0027463436,les_neck_pick04__d3t4__00019.wav,lsp-arctan,4,3,3,4,21.54643860361127,17.436825605717576
les_neck_fing18__d4t4__00024.wav,lsp-hardclip,les_neck_fing18,0.0021588802,les_neck_pick02__d3t4__00019.wav,byod-mxr,4,3,4,4,21.54643860361127,17.452308155418716
les_neck_fing18__d5t0__00025.wav,lsp-hardclip,les_neck_fing18,0.001657784,les_bridge_fing24__d5t0__00025.wav,lsp-sine,5,5,0,0,25.79865436059077,25.7855895742644
les_neck_fing18__d5t1__00026.wav,lsp-hardclip,les_neck_fing18,0.0036597252,les_neck_pick12__d5t2__00027.wav,lsp-sine,5,5,1,2,25.79865436059077,25.7855895742644
les_neck_fing18__d5t2__00027.wav,lsp-hardclip,les_neck_fing18,0.0016717911,les_bridge_fing20__d5t1__00026.wav,lsp-sine,5,5,2,1,25.79865436059077,25.7855895742644
les_neck_fing18__d5t3__00028.wav,lsp-hardclip,les_neck_fing18,0.0055859685,les_bridge_pick22__d4t4__00024.wav,byod-mxr,5,4,3,4,25.79865436059077,21.62039317761596
les_neck_fing18__d5t4__00029.wav,lsp-hardclip,les_neck_fing18,0.0073319674,les_bridge_pick17__d5t3__00028.wav,byod-mxr,5,5,4,3,25.79865436059077,25.779078975465445
les_neck_fing18__d6t0__00030.wav,lsp-hardclip,les_neck_fing18,0.0019536614,les_bridge_pick22__d6t0__00030.wav,lsp-arctan,6,6,0,0,29.908667593492765,29.91872954355242
les_neck_fing18__d6t1__00031.wav,lsp-hardclip,les_neck_fing18,0.0036367774,les_neck_pick12__d7t0__00035.wav,byod-mxr,6,7,1,0,29.908667593492765,34.08156088036171
les_neck_fing18__d6t2__00032.wav,lsp-hardclip,les_neck_fing18,0.0048114657,les_bridge_pick22__d6t2__00032.wav,lsp-arctan,6,6,2,2,29.908667593492765,29.91872954355242
les_neck_fing18__d6t3__00033.wav,lsp-hardclip,les_neck_fing18,0.0018626451,les_bridge_fing24__d6t3__00033.wav,lsp-tanh,6,6,3,3,29.908667593492765,29.89601395521624
les_neck_fing18__d6t4__00034.wav,lsp-hardclip,les_neck_fing18,0.0024852157,les_bridge_pick22__d7t3__00038.wav,lsp-sine,6,7,4,3,29.908667593492765,34.094517939627885
les_neck_fing18__d7t0__00035.wav,lsp-hardclip,les_neck_fing18,0.0010184646,les_neck_pick09__d7t0__00035.wav,byod-mxr,7,7,0,0,34.07942205160116,34.08156088036171
les_neck_fing18__d7t1__00036.wav,lsp-hardclip,les_neck_fing18,0.0028192997,les_neck_fing01__d7t0__00035.wav,pedalboard-tanh,7,7,1,0,34.07942205160116,34.075823464139134
les_neck_fing18__d7t2__00037.wav,lsp-hardclip,les_neck_fing18,0.0041196346,les_neck_pick07__d7t3__00038.wav,pedalboard-tanh,7,7,2,3,34.07942205160116,34.075823464139134
les_neck_fing18__d7t3__00038.wav,lsp-hardclip,les_neck_fing18,0.0062598586,les_neck_pick09__d7t3__00038.wav,byod-mxr,7,7,3,3,34.07942205160116,34.08156088036171
les_neck_fing18__d7t4__00039.wav,lsp-hardclip,les_neck_fing18,0.0012193322,les_neck_pick09__d7t4__00039.wav,byod-mxr,7,7,4,4,34.07942205160116,34.08156088036171
les_neck_pick06__d0t0__00000.wav,lsp-hardclip,les_neck_pick06,0.0017581582,les_bridge_pick16__d2t0__00010.wav,byod-mxr,0,2,0,0,5.063331073032135,13.292365801948186
les_neck_pick06__d0t1__00001.wav,lsp-hardclip,les_neck_pick06,0.0002706647,les_bridge_pick16__d2t1__00011.wav,pedalboard-tanh,0,2,1,1,5.063331073032135,13.296816138037473
les_neck_pick06__d0t2__00002.wav,lsp-hardclip,les_neck_pick06,0.001907289,les_bridge_pick25__d1t1__00006.wav,byod-mxr,0,1,2,1,5.063331073032135,9.107670514338215
les_neck_pick06__d0t3__00003.wav,lsp-hardclip,les_neck_pick06,0.0014478564,les_bridge_pick16__d0t3__00003.wav,byod-mxr,0,0,3,3,5.063331073032135,5.0
les_neck_pick06__d0t4__00004.wav,lsp-hardclip,les_neck_pick06,0.0038310885,les_neck_fing01__d0t2__00002.wav,pedalboard-tanh,0,0,4,2,5.063331073032135,5.0
les_neck_pick06__d1t0__00005.wav,lsp-hardclip,les_neck_pick06,0.00079864264,les_bridge_pick16__d2t0__00010.wav,lsp-sine,1,2,0,0,9.35456396552498,13.251366385956809
les_neck_pick06__d1t1__00006.wav,lsp-hardclip,les_neck_pick06,0.00028079748,les_bridge_pick16__d2t1__00011.wav,pedalboard-tanh,1,2,1,1,9.35456396552498,13.296816138037473
les_neck_pick06__d1t2__00007.wav,lsp-hardclip,les_neck_pick06,0.0020233989,les_bridge_pick16__d2t2__00012.wav,pedalboard-tanh,1,2,2,2,9.35456396552498,13.296816138037473
les_neck_pick06__d1t3__00008.wav,lsp-hardclip,les_neck_pick06,0.002835691,les_bridge_pick16__d1t3__00008.wav,lsp-arctan,1,1,3,3,9.35456396552498,9.170316408518453
les_neck_pick06__d1t4__00009.wav,lsp-hardclip,les_neck_pick06,0.009688675,les_bridge_fing24__d2t3__00013.wav,pedalboard-tanh,1,2,4,3,9.35456396552498,13.296816138037473
les_neck_pick06__d2t0__00010.wav,lsp-hardclip,les_neck_pick06,0.003976941,les_bridge_pick16__d2t0__00010.wav,lsp-sine,2,2,0,0,13.55142968534178,13.251366385956809
les_neck_pick06__d2t1__00011.wav,lsp-hardclip,les_neck_pick06,0.0015878677,les_neck_pick04__d2t0__00010.wav,lsp-sine,2,2,1,0,13.55142968534178,13.251366385956809
les_neck_pick06__d2t2__00012.wav,lsp-hardclip,les_neck_pick06,0.007183671,les_neck_pick04__d2t1__00011.wav,lsp-arctan,2,2,2,1,13.55142968534178,13.270071970821393
les_neck_pick06__d2t3__00013.wav,lsp-hardclip,les_neck_pick06,0.004067242,les_neck_pick07__d0t4__00004.wav,lsp-sine,2,0,3,4,13.55142968534178,5.041347474059023
les_neck_pick06__d2t4__00014.wav,lsp-hardclip,les_neck_pick06,0.02617389,les_neck_fing15__d5t1__00026.wav,byod-mxr,2,5,4,1,13.55142968534178,25.779078975465445
les_neck_pick06__d3t0__00015.wav,lsp-hardclip,les_neck_pick06,0.0011207461,les_bridge_pick16__d3t0__00015.wav,lsp-tanh,3,3,0,0,17.563088337099366,17.426284440144894
les_neck_pick06__d3t1__00016.wav,lsp-hardclip,les_neck_pick06,0.004223466,les_bridge_pick16__d3t1__00016.wav,lsp-arctan,3,3,1,1,17.563088337099366,17.436825605717576
les_neck_pick06__d3t2__00017.wav,lsp-hardclip,les_neck_pick06,0.013394058,les_neck_pick21__d4t0__00020.wav,lsp-tanh,3,4,2,0,17.563088337099366,21.61115826291455
les_neck_pick06__d3t3__00018.wav,lsp-hardclip,les_neck_pick06,0.0096767545,les_neck_pick07__d3t4__00019.wav,lsp-sine,3,3,3,4,17.563088337099366,17.46073355198249
les_neck_pick06__d3t4__00019.wav,lsp-hardclip,les_neck_pick06,0.048600197,les_neck_fing15__d5t1__00026.wav,lsp-arctan,3,5,4,1,17.563088337099366,25.788497067568912
les_neck_pick06__d4t0__00020.wav,lsp-hardclip,les_neck_pick06,0.0024970174,les_neck_pick07__d2t1__00011.wav,lsp-tanh,4,2,0,1,21.54643860361127,13.297259315581634
les_neck_pick06__d4t1__00021.wav,lsp-hardclip,les_neck_pick06,0.00296098,les_neck_pick09__d4t0__00020.wav,lsp-sine,4,4,1,0,21.54643860361127,21.652716208419097
les_neck_pick06__d4t2__00022.wav,lsp-hardclip,les_neck_pick06,0.0037235022,les_neck_pick21__d5t0__00025.wav,byod-mxr,4,5,2,0,21.54643860361127,25.779078975465445
les_neck_pick06__d4t3__00023.wav,lsp-hardclip,les_neck_pick06,0.00984031,les_bridge_pick16__d4t2__00022.wav,lsp-arctan,4,4,3,2,21.54643860361127,21.613326710488973
les_neck_pick06__d4t4__00024.wav,lsp-hardclip,les_neck_pick06,0.013308227,les_bridge_fing20__d5t1__00026.wav,pedalboard-tanh,4,5,4,1,21.54643860361127,25.782351420955937
les_neck_pick06__d5t0__00025.wav,lsp-hardclip,les_neck_pick06,0.0020706654,les_neck_pick12__d5t0__00025.wav,lsp-sine,5,5,0,0,25.79865436059077,25.7855895742644
les_neck_pick06__d5t1__00026.wav,lsp-hardclip,les_neck_pick06,0.0012012124,les_neck_pick12__d6t0__00030.wav,lsp-sine,5,6,1,0,25.79865436059077,29.915327656251563
les_neck_pick06__d5t2__00027.wav,lsp-hardclip,les_neck_pick06,0.006998837,les_neck_pick11__d5t1__00026.wav,lsp-arctan,5,5,2,1,25.79865436059077,25.788497067568912
les_neck_pick06__d5t3__00028.wav,lsp-hardclip,les_neck_pick06,0.005765617,les_neck_pick03__d6t1__00031.wav,byod-mxr,5,6,3,1,25.79865436059077,29.91150927100104
les_neck_pick06__d5t4__00029.wav,lsp-hardclip,les_neck_pick06,0.00841558,les_bridge_pick22__d6t2__00032.wav,lsp-tanh,5,6,4,2,25.79865436059077,29.89601395521624
les_neck_pick06__d6t0__00030.wav,lsp-hardclip,les_neck_pick06,0.0014698505,les_bridge_pick22__d6t0__00030.wav,byod-mxr,6,6,0,0,29.908667593492765,29.91150927100104
les_neck_pick06__d6t1__00031.wav,lsp-hardclip,les_neck_pick06,0.0039767027,les_neck_pick05__d6t0__00030.wav,lsp-sine,6,6,1,0,29.908667593492765,29.915327656251563
les_neck_pick06__d6t2__00032.wav,lsp-hardclip,les_neck_pick06,0.0020763874,les_neck_pick09__d6t1__00031.wav,lsp-arctan,6,6,2,1,29.908667593492765,29.91872954355242
les_neck_pick06__d6t3__00033.wav,lsp-hardclip,les_neck_pick06,0.004939735,les_neck_pick03__d7t1__00036.wav,lsp-sine,6,7,3,1,29.908667593492765,34.094517939627885
les_neck_pick06__d6t4__00034.wav,lsp-hardclip,les_neck_pick06,0.0014888048,les_neck_pick09__d7t2__00037.wav,lsp-arctan,6,7,4,2,29.908667593492765,34.09435618625095
les_neck_pick06__d7t0__00035.wav,lsp-hardclip,les_neck_pick06,0.000831306,les_bridge_fing21__d7t0__00035.wav,lsp-arctan,7,7,0,0,34.07942205160116,34.09435618625095
les_neck_pick06__d7t1__00036.wav,lsp-hardclip,les_neck_pick06,0.00741601,les_neck_pick07__d7t2__00037.wav,lsp-arctan,7,7,1,2,34.07942205160116,34.09435618625095
les_neck_pick06__d7t2__00037.wav,lsp-hardclip,les_neck_pick06,0.0038077235,les_neck_pick05__d7t1__00036.wav,lsp-tanh,7,7,2,1,34.07942205160116,34.0729352593394
les_neck_pick06__d7t3__00038.wav,lsp-hardclip,les_neck_pick06,0.007936895,les_neck_pick07__d7t4__00039.wav,pedalboard-tanh,7,7,3,4,34.07942205160116,34.075823464139134
les_neck_pick06__d7t4__00039.wav,lsp-hardclip,les_neck_pick06,0.011159062,les_neck_pick09__d7t4__00039.wav,lsp-arctan,7,7,4,4,34.07942205160116,34.09435618625095
les_neck_pick17__d0t0__00000.wav,lsp-hardclip,les_neck_pick17,0.003404498,les_bridge_fing21__d2t0__00010.wav,byod-mxr,0,2,0,0,5.063331073032135,13.292365801948186
les_neck_pick17__d0t1__00001.wav,lsp-hardclip,les_neck_pick17,0.0014671683,les_bridge_fing20__d2t0__00010.wav,byod-mxr,0,2,1,0,5.063331073032135,13.292365801948186
les_neck_pick17__d0t2__00002.wav,lsp-hardclip,les_neck_pick17,0.0011182427,les_neck_pick12__d0t4__00004.wav,byod-mxr,0,0,2,4,5.063331073032135,5.0
les_neck_pick17__d0t3__00003.wav,lsp-hardclip,les_neck_pick17,0.0028585196,les_neck_fing01__d1t2__00007.wav,lsp-tanh,0,1,3,2,5.063331073032135,9.088421535688989
les_neck_pick17__d0t4__00004.wav,lsp-hardclip,les_neck_pick17,0.012535572,les_neck_fing01__d0t3__00003.wav,byod-mxr,0,0,4,3,5.063331073032135,5.0
les_neck_pick17__d1t0__00005.wav,lsp-hardclip,les_neck_pick17,0.0023614168,les_bridge_pick22__d1t0__00005.wav,byod-mxr,1,1,0,0,9.35456396552498,9.107670514338215
les_neck_pick17__d1t1__00006.wav,lsp-hardclip,les_neck_pick17,0.0025684237,les_bridge_pick16__d2t1__00011.wav,byod-mxr,1,2,1,1,9.35456396552498,13.292365801948186
les_neck_pick17__d1t2__00007.wav,lsp-hardclip,les_neck_pick17,0.0021260977,les_neck_pick12__d1t4__00009.wav,lsp-arctan,1,1,2,4,9.35456396552498,9.170316408518453
les_neck_pick17__d1t3__00008.wav,lsp-hardclip,les_neck_pick17,0.00910157,les_neck_pick02__d2t2__00012.wav,lsp-tanh,1,2,3,2,9.35456396552498,13.297259315581634
les_neck_pick17__d1t4__00009.wav,lsp-hardclip,les_neck_pick17,0.015825927,les_neck_fing01__d1t3__00008.wav,lsp-tanh,1,1,4,3,9.35456396552498,9.088421535688989
les_neck_pick17__d2t0__00010.wav,lsp-hardclip,les_neck_pick17,0.0017159581,les_neck_pick12__d2t1__00011.wav,lsp-arctan,2,2,0,1,13.55142968534178,13.270071970821393
les_neck_pick17__d2t1__00011.wav,lsp-hardclip,les_neck_pick17,0.0011421442,les_bridge_pick16__d3t1__00016.wav,lsp-arctan,2,3,1,1,13.55142968534178,17.436825605717576
les_neck_pick17__d2t2__00012.wav,lsp-hardclip,les_neck_pick17,0.006061077,les_neck_pick12__d2t4__00014.wav,pedalboard-tanh,2,2,2,4,13.55142968534178,13.296816138037473
les_neck_pick17__d2t3__00013.wav,lsp-hardclip,les_neck_pick17,0.0130370855,les_neck_fing01__d2t2__00012.wav,lsp-arctan,2,2,3,2,13.55142968534178,13.270071970821393
les_neck_pick17__d2t4__00014.wav,lsp-hardclip,les_neck_pick17,0.013307452,les_neck_fing15__d4t3__00023.wav,byod-mxr,2,4,4,3,13.55142968534178,21.62039317761596
les_neck_pick17__d3t0__00015.wav,lsp-hardclip,les_neck_pick17,0.0018507838,les_neck_pick12__d2t1__00011.wav,lsp-sine,3,2,0,1,17.563088337099366,13.251366385956809
les_neck_pick17__d3t1__00016.wav,lsp-hardclip,les_neck_pick17,0.0017411709,les_bridge_pick16__d3t1__00016.wav,byod-mxr,3,3,1,1,17.563088337099366,17.452308155418716
les_neck_pick17__d3t2__00017.wav,lsp-hardclip,les_neck_pick17,0.009947121,les_neck_pick07__d3t4__00019.wav,lsp-sine,3,3,2,4,17.563088337099366,17.46073355198249
les_neck_pick17__d3t3__00018.wav,lsp-hardclip,les_neck_pick17,0.028039813,les_bridge_fing24__d3t4__00019.wav,byod-mxr,3,3,3,4,17.563088337099366,17.452308155418716
les_neck_pick17__d3t4__00019.wav,lsp-hardclip,les_neck_pick17,0.01986754,les_neck_fing15__d5t2__00027.wav,lsp-arctan,3,5,4,2,17.563088337099366,25.788497067568912
les_neck_pick17__d4t0__00020.wav,lsp-hardclip,les_neck_pick17,0.0019037724,les_bridge_pick16__d4t0__00020.wav,lsp-sine,4,4,0,0,21.54643860361127,21.652716208419097
les_neck_pick17__d4t1__00021.wav,lsp-hardclip,les_neck_pick17,0.0032191277,les_bridge_pick16__d4t1__00021.wav,lsp-tanh,4,4,1,1,21.54643860361127,21.61115826291455
les_neck_pick17__d4t2__00022.wav,lsp-hardclip,les_neck_pick17,0.0023662448,les_bridge_pick16__d4t2__00022.wav,lsp-arctan,4,4,2,2,21.54643860361127,21.613326710488973
les_neck_pick17__d4t3__00023.wav,lsp-hardclip,les_neck_pick17,0.006287396,les_neck_pick09__d5t2__00027.wav,lsp-sine,4,5,3,2,21.54643860361127,25.7855895742644
les_neck_pick17__d4t4__00024.wav,lsp-hardclip,les_neck_pick17,0.006757617,les_bridge_pick16__d4t4__00024.wav,lsp-arctan,4,4,4,4,21.54643860361127,21.613326710488973
les_neck_pick17__d5t0__00025.wav,lsp-hardclip,les_neck_pick17,0.0013836622,les_neck_pick11__d4t0__00020.wav,lsp-sine,5,4,0,0,25.79865436059077,21.652716208419097
les_neck_pick17__d5t1__00026.wav,lsp-hardclip,les_neck_pick17,0.0025658607,les_neck_pick02__d5t0__00025.wav,pedalboard-tanh,5,5,1,0,25.79865436059077,25.782351420955937
les_neck_pick17__d5t2__00027.wav,lsp-hardclip,les_neck_pick17,0.0034542084,les_bridge_pick22__d5t2__00027.wav,pedalboard-tanh,5,5,2,2,25.79865436059077,25.782351420955937
les_neck_pick17__d5t3__00028.wav,lsp-hardclip,les_neck_pick17,0.0040786266,les_neck_pick12__d6t3__00033.wav,byod-mxr,5,6,3,3,25.79865436059077,29.91150927100104
les_neck_pick17__d5t4__00029.wav,lsp-hardclip,les_neck_pick17,0.006410718,les_neck_pick02__d6t3__00033.wav,byod-mxr,5,6,4,3,25.79865436059077,29.91150927100104
les_neck_pick17__d6t0__00030.wav,lsp-hardclip,les_neck_pick17,0.0033014417,les_bridge_fing21__d6t0__00030.wav,lsp-sine,6,6,0,0,29.908667593492765,29.915327656251563
les_neck_pick17__d6t1__00031.wav,lsp-hardclip,les_neck_pick17,0.0036042333,les_neck_pick02__d7t0__00035.wav,lsp-tanh,6,7,1,0,29.908667593492765,34.0729352593394
les_neck_pick17__d6t2__00032.wav,lsp-hardclip,les_neck_pick17,0.0051487684,les_neck_pick03__d7t1__00036.wav,byod-mxr,6,7,2,1,29.908667593492765,34.08156088036171
les_neck_pick17__d6t3__00033.wav,lsp-hardclip,les_neck_pick17,0.003250301,les_bridge_pick16__d7t2__00037.wav,lsp-sine,6,7,3,2,29.908667593492765,34.094517939627885
les_neck_pick17__d6t4__00034.wav,lsp-hardclip,les_neck_pick17,0.003932476,les_neck_pick03__d7t3__00038.wav,lsp-arctan,6,7,4,3,29.908667593492765,34.09435618625095
les_neck_pick17__d7t0__00035.wav,lsp-hardclip,les_neck_pick17,0.0014142394,les_neck_pick02__d7t0__00035.wav,byod-mxr,7,7,0,0,34.07942205160116,34.08156088036171
les_neck_pick17__d7t1__00036.wav,lsp-hardclip,les_neck_pick17,0.0032738447,les_neck_pick07__d6t3__00033.wav,lsp-arctan,7,6,1,3,34.07942205160116,29.91872954355242
les_neck_pick17__d7t2__00037.wav,lsp-hardclip,les_neck_pick17,0.0048614144,les_bridge_pick17__d7t1__00036.wav,lsp-arctan,7,7,2,1,34.07942205160116,34.09435618625095
les_neck_pick17__d7t3__00038.wav,lsp-hardclip,les_neck_pick17,0.0029904842,les_bridge_fing24__d7t3__00038.wav,lsp-arctan,7,7,3,3,34.07942205160116,34.09435618625095
les_neck_pick17__d7t4__00039.wav,lsp-hardclip,les_neck_pick17,0.0025581717,les_neck_pick09__d7t4__00039.wav,lsp-arctan,7,7,4,4,34.07942205160116,34.09435618625095
les_bridge_fing02__d0t0__00000.wav,lsp-sine,les_bridge_fing02,0.007558167,les_bridge_pick16__d2t0__00010.wav,byod-mxr,0,2,0,0,5.041347474059023,13.292365801948186
les_bridge_fing02__d0t1__00001.wav,lsp-sine,les_bridge_fing02,0.0009351373,les_bridge_pick17__d0t0__00000.wav,byod-mxr,0,0,1,0,5.041347474059023,5.0
les_bridge_fing02__d0t2__00002.wav,lsp-sine,les_bridge_fing02,0.0008263588,les_bridge_pick25__d0t2__00002.wav,lsp-tanh,0,0,2,2,5.041347474059023,5.0
les_bridge_fing02__d0t3__00003.wav,lsp-sine,les_bridge_fing02,0.0010124445,les_bridge_pick25__d0t3__00003.wav,pedalboard-tanh,0,0,3,3,5.041347474059023,5.0
les_bridge_fing02__d0t4__00004.wav,lsp-sine,les_bridge_fing02,0.0016872883,les_bridge_pick25__d0t4__00004.wav,pedalboard-tanh,0,0,4,4,5.041347474059023,5.0
les_bridge_fing02__d1t0__00005.wav,lsp-sine,les_bridge_fing02,0.008259296,les_neck_pick12__d0t1__00001.wav,pedalboard-tanh,1,0,0,1,9.202349861352678,5.0
les_bridge_fing02__d1t1__00006.wav,lsp-sine,les_bridge_fing02,0.0006028414,les_bridge_pick17__d1t0__00005.wav,byod-mxr,1,1,1,0,9.202349861352678,9.107670514338215
les_bridge_fing02__d1t2__00007.wav,lsp-sine,les_bridge_fing02,0.00057321787,les_bridge_pick25__d1t2__00007.wav,lsp-arctan,1,1,2,2,9.202349861352678,9.170316408518453
les_bridge_fing02__d1t3__00008.wav,lsp-sine,les_bridge_fing02,0.0013587475,les_bridge_pick25__d1t3__00008.wav,pedalboard-tanh,1,1,3,3,9.202349861352678,9.146047429418331
les_bridge_fing02__d1t4__00009.wav,lsp-sine,les_bridge_fing02,0.0009717941,les_bridge_pick22__d0t4__00004.wav,byod-mxr,1,0,4,4,9.202349861352678,5.0
les_bridge_fing02__d2t0__00010.wav,lsp-sine,les_bridge_fing02,0.00090044737,les_bridge_pick25__d2t0__00010.wav,lsp-arctan,2,2,0,0,13.251366385956809,13.270071970821393
les_bridge_fing02__d2t1__00011.wav,lsp-sine,les_bridge_fing02,0.0005582571,les_bridge_pick25__d2t1__00011.wav,lsp-arctan,2,2,1,1,13.251366385956809,13.270071970821393
les_bridge_fing02__d2t2__00012.wav,lsp-sine,les_bridge_fing02,0.0015107989,les_bridge_pick25__d2t2__00012.wav,pedalboard-tanh,2,2,2,2,13.251366385956809,13.296816138037473
les_bridge_fing02__d2t3__00013.wav,lsp-sine,les_bridge_fing02,0.0018038154,les_bridge_pick25__d2t3__00013.wav,lsp-tanh,2,2,3,3,13.251366385956809,13.297259315581634
les_bridge_fing02__d2t4__00014.wav,lsp-sine,les_bridge_fing02,0.0015069246,les_bridge_pick22__d2t4__00014.wav,lsp-arctan,2,2,4,4,13.251366385956809,13.270071970821393
les_bridge_fing02__d3t0__00015.wav,lsp-sine,les_bridge_fing02,0.0009914637,les_bridge_pick25__d2t0__00010.wav,byod-mxr,3,2,0,0,17.46073355198249,13.292365801948186
les_bridge_fing02__d3t1__00016.wav,lsp-sine,les_bridge_fing02,0.0011236668,les_bridge_fing17__d3t0__00015.wav,pedalboard-tanh,3,3,1,0,17.46073355198249,17.454399305827287
les_bridge_fing02__d3t2__00017.wav,lsp-sine,les_bridge_fing02,0.0026735067,les_bridge_fing24__d3t2__00017.wav,lsp-tanh,3,3,2,2,17.46073355198249,17.426284440144894
les_bridge_fing02__d3t3__00018.wav,lsp-sine,les_bridge_fing02,0.0026521087,les_neck_pick11__d2t2__00012.wav,lsp-tanh,3,2,3,2,17.46073355198249,13.297259315581634
les_bridge_fing02__d3t4__00019.wav,lsp-sine,les_bridge_fing02,0.0016242266,les_neck_pick04__d3t3__00018.wav,lsp-arctan,3,3,4,3,17.46073355198249,17.436825605717576
les_bridge_fing02__d4t0__00020.wav,lsp-sine,les_bridge_fing02,0.0010972619,les_bridge_pick22__d3t1__00016.wav,lsp-arctan,4,3,0,1,21.652716208419097,17.436825605717576
les_bridge_fing02__d4t1__00021.wav,lsp-sine,les_bridge_fing02,0.0023021102,les_neck_pick11__d3t1__00016.wav,pedalboard-tanh,4,3,1,1,21.652716208419097,17.454399305827287
les_bridge_fing02__d4t2__00022.wav,lsp-sine,les_bridge_fing02,0.0020411015,les_neck_pick02__d4t1__00021.wav,pedalboard-tanh,4,4,2,1,21.652716208419097,21.61638024087312
les_bridge_fing02__d4t3__00023.wav,lsp-sine,les_bridge_fing02,0.0041363835,les_bridge_fing21__d4t3__00023.wav,pedalboard-tanh,4,4,3,3,21.652716208419097,21.61638024087312
les_bridge_fing02__d4t4__00024.wav,lsp-sine,les_bridge_fing02,0.0030812025,les_neck_pick05__d4t2__00022.wav,lsp-arctan,4,4,4,2,21.652716208419097,21.613326710488973
les_bridge_fing02__d5t0__00025.wav,lsp-sine,les_bridge_fing02,0.0012051463,les_bridge_fing21__d4t1__00021.wav,lsp-arctan,5,4,0,1,25.7855895742644,21.613326710488973
les_bridge_fing02__d5t1__00026.wav,lsp-sine,les_bridge_fing02,0.0019592643,les_neck_pick11__d4t1__00021.wav,byod-mxr,5,4,1,1,25.7855895742644,21.62039317761596
les_bridge_fing02__d5t2__00027.wav,lsp-sine,les_bridge_fing02,0.0041461587,les_neck_pick02__d5t1__00026.wav,lsp-tanh,5,5,2,1,25.7855895742644,25.766463780707188
les_bridge_fing02__d5t3__00028.wav,lsp-sine,les_bridge_fing02,0.0012706518,les_neck_pick12__d5t4__00029.wav,pedalboard-tanh,5,5,3,4,25.7855895742644,25.782351420955937
les_bridge_fing02__d5t4__00029.wav,lsp-sine,les_bridge_fing02,0.0040037036,les_neck_pick05__d5t2__00027.wav,lsp-tanh,5,5,4,2,25.7855895742644,25.766463780707188
les_bridge_fing02__d6t0__00030.wav,lsp-sine,les_bridge_fing02,0.0027323961,les_bridge_pick22__d5t1__00026.wav,byod-mxr,6,5,0,1,29.915327656251563,25.779078975465445
les_bridge_fing02__d6t1__00031.wav,lsp-sine,les_bridge_fing02,0.0066835284,les_bridge_pick22__d5t2__00027.wav,byod-mxr,6,5,1,2,29.915327656251563,25.779078975465445
les_bridge_fing02__d6t2__00032.wav,lsp-sine,les_bridge_fing02,0.0060531497,les_bridge_fing24__d6t2__00032.wav,byod-mxr,6,6,2,2,29.915327656251563,29.91150927100104
les_bridge_fing02__d6t3__00033.wav,lsp-sine,les_bridge_fing02,0.0045884848,les_bridge_fing21__d6t3__00033.wav,lsp-tanh,6,6,3,3,29.915327656251563,29.89601395521624
les_bridge_fing02__d6t4__00034.wav,lsp-sine,les_bridge_fing02,0.0034962893,les_neck_pick09__d6t3__00033.wav,lsp-tanh,6,6,4,3,29.915327656251563,29.89601395521624
les_bridge_fing02__d7t0__00035.wav,lsp-sine,les_bridge_fing02,0.0023925304,les_bridge_fing24__d7t0__00035.wav,lsp-hardclip,7,7,0,0,34.094517939627885,34.07942205160116
les_bridge_fing02__d7t1__00036.wav,lsp-sine,les_bridge_fing02,0.0029326081,les_bridge_fing24__d7t1__00036.wav,lsp-arctan,7,7,1,1,34.094517939627885,34.09435618625095
les_bridge_fing02__d7t2__00037.wav,lsp-sine,les_bridge_fing02,0.0027759671,les_neck_fing01__d7t1__00036.wav,lsp-tanh,7,7,2,1,34.094517939627885,34.0729352593394
les_bridge_fing02__d7t3__00038.wav,lsp-sine,les_bridge_fing02,0.0018304586,les_neck_pick03__d7t3__00038.wav,lsp-arctan,7,7,3,3,34.094517939627885,34.09435618625095
les_bridge_fing02__d7t4__00039.wav,lsp-sine,les_bridge_fing02,0.00090396404,les_neck_pick09__d7t4__00039.wav,lsp-tanh,7,7,4,4,34.094517939627885,34.0729352593394
les_bridge_fing05__d0t0__00000.wav,lsp-sine,les_bridge_fing05,0.0005441308,les_bridge_pick17__d1t1__00006.wav,lsp-tanh,0,1,0,1,5.041347474059023,9.088421535688989
les_bridge_fing05__d0t1__00001.wav,lsp-sine,les_bridge_fing05,0.001683414,les_bridge_pick17__d0t2__00002.wav,byod-mxr,0,0,1,2,5.041347474059023,5.0
les_bridge_fing05__d0t2__00002.wav,lsp-sine,les_bridge_fing05,0.0026732683,les_bridge_pick17__d0t3__00003.wav,byod-mxr,0,0,2,3,5.041347474059023,5.0
les_bridge_fing05__d0t3__00003.wav,lsp-sine,les_bridge_fing05,0.005583346,les_bridge_pick17__d0t4__00004.wav,lsp-hardclip,0,0,3,4,5.041347474059023,5.063331073032135
les_bridge_fing05__d0t4__00004.wav,lsp-sine,les_bridge_fing05,0.003646791,les_neck_pick14__d0t3__00003.wav,lsp-tanh,0,0,4,3,5.041347474059023,5.0
les_bridge_fing05__d1t0__00005.wav,lsp-sine,les_bridge_fing05,0.0005611181,les_bridge_pick17__d1t1__00006.wav,byod-mxr,1,1,0,1,9.202349861352678,9.107670514338215
les_bridge_fing05__d1t1__00006.wav,lsp-sine,les_bridge_fing05,0.002163887,les_bridge_pick17__d1t2__00007.wav,byod-mxr,1,1,1,2,9.202349861352678,9.107670514338215
les_bridge_fing05__d1t2__00007.wav,lsp-sine,les_bridge_fing05,0.0057557225,les_bridge_pick17__d1t3__00008.wav,lsp-hardclip,1,1,2,3,9.202349861352678,9.35456396552498
les_bridge_fing05__d1t3__00008.wav,lsp-sine,les_bridge_fing05,0.0062770844,les_neck_pick21__d0t3__00003.wav,byod-mxr,1,0,3,3,9.202349861352678,5.0
les_bridge_fing05__d1t4__00009.wav,lsp-sine,les_bridge_fing05,0.0040650964,les_bridge_fing17__d1t4__00009.wav,pedalboard-tanh,1,1,4,4,9.202349861352678,9.146047429418331
les_bridge_fing05__d2t0__00010.wav,lsp-sine,les_bridge_fing05,0.0012662411,les_bridge_pick25__d1t2__00007.wav,pedalboard-tanh,2,1,0,2,13.251366385956809,9.146047429418331
les_bridge_fing05__d2t1__00011.wav,lsp-sine,les_bridge_fing05,0.003400743,les_bridge_fing24__d1t3__00008.wav,byod-mxr,2,1,1,3,13.251366385956809,9.107670514338215
les_bridge_fing05__d2t2__00012.wav,lsp-sine,les_bridge_fing05,0.004345,les_bridge_pick17__d2t4__00014.wav,pedalboard-tanh,2,2,2,4,13.251366385956809,13.296816138037473
les_bridge_fing05__d2t3__00013.wav,lsp-sine,les_bridge_fing05,0.0037561655,les_bridge_fing17__d0t4__00004.wav,lsp-hardclip,2,0,3,4,13.251366385956809,5.063331073032135
les_bridge_fing05__d2t4__00014.wav,lsp-sine,les_bridge_fing05,0.0055758357,les_neck_pick14__d3t3__00018.wav,pedalboard-tanh,2,3,4,3,13.251366385956809,17.454399305827287
les_bridge_fing05__d3t0__00015.wav,lsp-sine,les_bridge_fing05,0.0011848807,les_bridge_pick17__d2t1__00011.wav,byod-mxr,3,2,0,1,17.46073355198249,13.292365801948186
les_bridge_fing05__d3t1__00016.wav,lsp-sine,les_bridge_fing05,0.0027606487,les_bridge_fing20__d2t3__00013.wav,pedalboard-tanh,3,2,1,3,17.46073355198249,13.296816138037473
les_bridge_fing05__d3t2__00017.wav,lsp-sine,les_bridge_fing05,0.005805075,les_neck_pick09__d2t3__00013.wav,byod-mxr,3,2,2,3,17.46073355198249,13.292365801948186
les_bridge_fing05__d3t3__00018.wav,lsp-sine,les_bridge_fing05,0.0035400987,les_bridge_fing17__d2t4__00014.wav,byod-mxr,3,2,3,4,17.46073355198249,13.292365801948186
les_bridge_fing05__d3t4__00019.wav,lsp-sine,les_bridge_fing05,0.007747829,les_neck_fing01__d3t4__00019.wav,lsp-arctan,3,3,4,4,17.46073355198249,17.436825605717576
les_bridge_fing05__d4t0__00020.wav,lsp-sine,les_bridge_fing05,0.004814446,les_bridge_pick25__d2t2__00012.wav,byod-mxr,4,2,0,2,21.652716208419097,13.292365801948186
les_bridge_fing05__d4t1__00021.wav,lsp-sine,les_bridge_fing05,0.002255559,les_bridge_pick25__d3t3__00018.wav,pedalboard-tanh,4,3,1,3,21.652716208419097,17.454399305827287
les_bridge_fing05__d4t2__00022.wav,lsp-sine,les_bridge_fing05,0.0051555634,les_neck_pick05__d3t3__00018.wav,pedalboard-tanh,4,3,2,3,21.652716208419097,17.454399305827287
les_bridge_fing05__d4t3__00023.wav,lsp-sine,les_bridge_fing05,0.0033752918,les_neck_pick21__d4t3__00023.wav,byod-mxr,4,4,3,3,21.652716208419097,21.62039317761596
les_bridge_fing05__d4t4__00024.wav,lsp-sine,les_bridge_fing05,0.007264614,les_neck_pick21__d4t4__00024.wav,byod-mxr,4,4,4,4,21.652716208419097,21.62039317761596
les_bridge_fing05__d5t0__00025.wav,lsp-sine,les_bridge_fing05,0.0062963963,les_neck_pick07__d3t4__00019.wav,pedalboard-tanh,5,3,0,4,25.7855895742644,17.454399305827287
les_bridge_fing05__d5t1__00026.wav,lsp-sine,les_bridge_fing05,0.0020329356,les_neck_pick05__d4t2__00022.wav,pedalboard-tanh,5,4,1,2,25.7855895742644,21.61638024087312
les_bridge_fing05__d5t2__00027.wav,lsp-sine,les_bridge_fing05,0.0034906864,les_neck_pick04__d4t4__00024.wav,pedalboard-tanh,5,4,2,4,25.7855895742644,21.61638024087312
les_bridge_fing05__d5t3__00028.wav,lsp-sine,les_bridge_fing05,0.0076228976,les_neck_fing01__d4t4__00024.wav,lsp-tanh,5,4,3,4,25.7855895742644,21.61115826291455
les_bridge_fing05__d5t4__00029.wav,lsp-sine,les_bridge_fing05,0.003658414,les_neck_pick21__d5t4__00029.wav,lsp-hardclip,5,5,4,4,25.7855895742644,25.79865436059077
les_bridge_fing05__d6t0__00030.wav,lsp-sine,les_bridge_fing05,0.004385233,les_neck_pick04__d6t1__00031.wav,lsp-arctan,6,6,0,1,29.915327656251563,29.91872954355242
les_bridge_fing05__d6t1__00031.wav,lsp-sine,les_bridge_fing05,0.003458202,les_neck_fing01__d5t2__00027.wav,pedalboard-tanh,6,5,1,2,29.915327656251563,25.782351420955937
les_bridge_fing05__d6t2__00032.wav,lsp-sine,les_bridge_fing05,0.0040623546,les_neck_pick04__d5t4__00029.wav,pedalboard-tanh,6,5,2,4,29.915327656251563,25.782351420955937
les_bridge_fing05__d6t3__00033.wav,lsp-sine,les_bridge_fing05,0.0029709935,les_neck_pick21__d6t4__00034.wav,lsp-hardclip,6,6,3,4,29.915327656251563,29.908667593492765
les_bridge_fing05__d6t4__00034.wav,lsp-sine,les_bridge_fing05,0.0041113496,les_bridge_fing17__d6t4__00034.wav,pedalboard-tanh,6,6,4,4,29.915327656251563,29.92239131554786
les_bridge_fing05__d7t0__00035.wav,lsp-sine,les_bridge_fing05,0.0032399893,les_neck_pick21__d7t1__00036.wav,lsp-hardclip,7,7,0,1,34.094517939627885,34.07942205160116
les_bridge_fing05__d7t1__00036.wav,lsp-sine,les_bridge_fing05,0.0029943585,les_neck_pick09__d6t3__00033.wav,lsp-arctan,7,6,1,3,34.094517939627885,29.91872954355242
les_bridge_fing05__d7t2__00037.wav,lsp-sine,les_bridge_fing05,0.0029724836,les_neck_fing01__d6t4__00034.wav,lsp-hardclip,7,6,2,4,34.094517939627885,29.908667593492765
les_bridge_fing05__d7t3__00038.wav,lsp-sine,les_bridge_fing05,0.0017481446,les_bridge_fing17__d7t3__00038.wav,lsp-arctan,7,7,3,3,34.094517939627885,34.09435618625095
les_bridge_fing05__d7t4__00039.wav,lsp-sine,les_bridge_fing05,0.0012969971,les_bridge_fing20__d7t4__00039.wav,lsp-hardclip,7,7,4,4,34.094517939627885,34.07942205160116
les_bridge_fing07__d0t0__00000.wav,lsp-sine,les_bridge_fing07,0.00028938055,les_bridge_fing20__d1t0__00005.wav,pedalboard-tanh,0,1,0,0,5.041347474059023,9.146047429418331
les_bridge_fing07__d0t1__00001.wav,lsp-sine,les_bridge_fing07,0.00031119585,les_bridge_fing20__d0t1__00001.wav,byod-mxr,0,0,1,1,5.041347474059023,5.0
les_bridge_fing07__d0t2__00002.wav,lsp-sine,les_bridge_fing07,0.0015873313,les_bridge_pick22__d0t3__00003.wav,pedalboard-tanh,0,0,2,3,5.041347474059023,5.0
les_bridge_fing07__d0t3__00003.wav,lsp-sine,les_bridge_fing07,0.0015514493,les_bridge_pick22__d0t4__00004.wav,pedalboard-tanh,0,0,3,4,5.041347474059023,5.0
les_bridge_fing07__d0t4__00004.wav,lsp-sine,les_bridge_fing07,0.0016186237,les_neck_fing15__d2t4__00014.wav,pedalboard-tanh,0,2,4,4,5.041347474059023,13.296816138037473
les_bridge_fing07__d1t0__00005.wav,lsp-sine,les_bridge_fing07,0.00038021803,les_bridge_fing21__d1t1__00006.wav,lsp-tanh,1,1,0,1,9.202349861352678,9.088421535688989
les_bridge_fing07__d1t1__00006.wav,lsp-sine,les_bridge_fing07,0.0006122589,les_bridge_fing24__d1t1__00006.wav,lsp-tanh,1,1,1,1,9.202349861352678,9.088421535688989
les_bridge_fing07__d1t2__00007.wav,lsp-sine,les_bridge_fing07,0.0007942915,les_bridge_fing17__d1t1__00006.wav,lsp-tanh,1,1,2,1,9.202349861352678,9.088421535688989
les_bridge_fing07__d1t3__00008.wav,lsp-sine,les_bridge_fing07,0.0018038154,les_bridge_pick22__d0t4__00004.wav,lsp-arctan,1,0,3,4,9.202349861352678,5.005872107125804
les_bridge_fing07__d1t4__00009.wav,lsp-sine,les_bridge_fing07,0.0030180812,les_neck_pick02__d1t3__00008.wav,lsp-arctan,1,1,4,3,9.202349861352678,9.170316408518453
les_bridge_fing07__d2t0__00010.wav,lsp-sine,les_bridge_fing07,0.00067061186,les_bridge_pick25__d1t0__00005.wav,byod-mxr,2,1,0,0,13.251366385956809,9.107670514338215
les_bridge_fing07__d2t1__00011.wav,lsp-sine,les_bridge_fing07,0.0006145239,les_bridge_fing20__d2t1__00011.wav,pedalboard-tanh,2,2,1,1,13.251366385956809,13.296816138037473
les_bridge_fing07__d2t2__00012.wav,lsp-sine,les_bridge_fing07,0.0010167956,les_bridge_fing17__d2t1__00011.wav,lsp-tanh,2,2,2,1,13.251366385956809,13.297259315581634
les_bridge_fing07__d2t3__00013.wav,lsp-sine,les_bridge_fing07,0.0025904179,les_bridge_fing20__d2t3__00013.wav,byod-mxr,2,2,3,3,13.251366385956809,13.292365801948186
les_bridge_fing07__d2t4__00014.wav,lsp-sine,les_bridge_fing07,0.0019888878,les_neck_pick09__d0t3__00003.wav,pedalboard-tanh,2,0,4,3,13.251366385956809,5.0
les_bridge_fing07__d3t0__00015.wav,lsp-sine,les_bridge_fing07,0.0003156662,les_bridge_fing24__d3t0__00015.wav,lsp-arctan,3,3,0,0,17.46073355198249,17.436825605717576
les_bridge_fing07__d3t1__00016.wav,lsp-sine,les_bridge_fing07,0.002750039,les_neck_pick09__d1t1__00006.wav,lsp-arctan,3,1,1,1,17.46073355198249,9.170316408518453
les_bridge_fing07__d3t2__00017.wav,lsp-sine,les_bridge_fing07,0.004306197,les_bridge_fing20__d3t2__00017.wav,pedalboard-tanh,3,3,2,2,17.46073355198249,17.454399305827287
les_bridge_fing07__d3t3__00018.wav,lsp-sine,les_bridge_fing07,0.0016512871,les_neck_pick03__d3t3__00018.wav,lsp-arctan,3,3,3,3,17.46073355198249,17.436825605717576
les_bridge_fing07__d3t4__00019.wav,lsp-sine,les_bridge_fing07,0.0015134811,les_neck_pick09__d3t3__00018.wav,pedalboard-tanh,3,3,4,3,17.46073355198249,17.454399305827287
les_bridge_fing07__d4t0__00020.wav,lsp-sine,les_bridge_fing07,0.0010839701,les_bridge_fing24__d4t0__00020.wav,byod-mxr,4,4,0,0,21.652716208419097,21.62039317761596
les_bridge_fing07__d4t1__00021.wav,lsp-sine,les_bridge_fing07,0.0044828057,les_neck_pick04__d4t1__00021.wav,lsp-tanh,4,4,1,1,21.652716208419097,21.61115826291455
les_bridge_fing07__d4t2__00022.wav,lsp-sine,les_bridge_fing07,0.0022048354,les_bridge_fing21__d4t3__00023.wav,pedalboard-tanh,4,4,2,3,21.652716208419097,21.61638024087312
les_bridge_fing07__d4t3__00023.wav,lsp-sine,les_bridge_fing07,0.0019446015,les_neck_pick04__d4t3__00023.wav,pedalboard-tanh,4,4,3,3,21.652716208419097,21.61638024087312
les_bridge_fing07__d4t4__00024.wav,lsp-sine,les_bridge_fing07,0.0033435822,les_neck_pick04__d4t4__00024.wav,lsp-arctan,4,4,4,4,21.652716208419097,21.613326710488973
les_bridge_fing07__d5t0__00025.wav,lsp-sine,les_bridge_fing07,0.0023323298,les_bridge_fing21__d5t1__00026.wav,byod-mxr,5,5,0,1,25.7855895742644,25.779078975465445
les_bridge_fing07__d5t1__00026.wav,lsp-sine,les_bridge_fing07,0.0016781092,les_bridge_fing21__d5t2__00027.wav,byod-mxr,5,5,1,2,25.7855895742644,25.779078975465445
les_bridge_fing07__d5t2__00027.wav,lsp-sine,les_bridge_fing07,0.0042861104,les_bridge_pick17__d5t2__00027.wav,byod-mxr,5,5,2,2,25.7855895742644,25.779078975465445
les_bridge_fing07__d5t3__00028.wav,lsp-sine,les_bridge_fing07,0.0013954043,les_bridge_pick17__d4t4__00024.wav,lsp-arctan,5,4,3,4,25.7855895742644,21.613326710488973
les_bridge_fing07__d5t4__00029.wav,lsp-sine,les_bridge_fing07,0.0021309257,les_bridge_fing20__d5t3__00028.wav,byod-mxr,5,5,4,3,25.7855895742644,25.779078975465445
les_bridge_fing07__d6t0__00030.wav,lsp-sine,les_bridge_fing07,0.0017140508,les_bridge_fing20__d6t0__00030.wav,lsp-hardclip,6,6,0,0,29.915327656251563,29.908667593492765
les_bridge_fing07__d6t1__00031.wav,lsp-sine,les_bridge_fing07,0.0020670295,les_bridge_pick22__d6t2__00032.wav,lsp-tanh,6,6,1,2,29.915327656251563,29.89601395521624
les_bridge_fing07__d6t2__00032.wav,lsp-sine,les_bridge_fing07,0.0015183687,les_bridge_fing17__d6t2__00032.wav,byod-mxr,6,6,2,2,29.915327656251563,29.91150927100104
les_bridge_fing07__d6t3__00033.wav,lsp-sine,les_bridge_fing07,0.0011041164,les_bridge_pick17__d5t4__00029.wav,lsp-arctan,6,5,3,4,29.915327656251563,25.788497067568912
les_bridge_fing07__d6t4__00034.wav,lsp-sine,les_bridge_fing07,0.0017121434,les_bridge_fing20__d6t3__00033.wav,byod-mxr,6,6,4,3,29.915327656251563,29.91150927100104
les_bridge_fing07__d7t0__00035.wav,lsp-sine,les_bridge_fing07,0.0035250783,les_bridge_fing20__d7t0__00035.wav,lsp-hardclip,7,7,0,0,34.094517939627885,34.07942205160116
les_bridge_fing07__d7t1__00036.wav,lsp-sine,les_bridge_fing07,0.0036486983,les_neck_fing01__d7t1__00036.wav,byod-mxr,7,7,1,1,34.094517939627885,34.08156088036171
les_bridge_fing07__d7t2__00037.wav,lsp-sine,les_bridge_fing07,0.0012879372,les_neck_pick09__d6t4__00034.wav,lsp-arctan,7,6,2,4,34.094517939627885,29.91872954355242
les_bridge_fing07__d7t3__00038.wav,lsp-sine,les_bridge_fing07,0.0008921623,les_bridge_fing17__d7t3__00038.wav,lsp-arctan,7,7,3,3,34.094517939627885,34.09435618625095
les_bridge_fing07__d7t4__00039.wav,lsp-sine,les_bridge_fing07,0.0012196302,les_neck_pick14__d7t3__00038.wav,byod-mxr,7,7,4,3,34.094517939627885,34.08156088036171
les_bridge_fing09__d0t0__00000.wav,lsp-sine,les_bridge_fing09,0.006564975,les_neck_fing15__d0t3__00003.wav,pedalboard-tanh,0,0,0,3,5.041347474059023,5.0
les_bridge_fing09__d0t1__00001.wav,lsp-sine,les_bridge_fing09,0.0073990226,les_neck_fing15__d0t4__00004.wav,pedalboard-tanh,0,0,1,4,5.041347474059023,5.0
les_bridge_fing09__d0t2__00002.wav,lsp-sine,les_bridge_fing09,0.0050424933,les_neck_pick02__d0t3__00003.wav,pedalboard-tanh,0,0,2,3,5.041347474059023,5.0
les_bridge_fing09__d0t3__00003.wav,lsp-sine,les_bridge_fing09,0.0018832088,les_neck_pick14__d0t3__00003.wav,pedalboard-tanh,0,0,3,3,5.041347474059023,5.0
les_bridge_fing09__d0t4__00004.wav,lsp-sine,les_bridge_fing09,0.0011997223,les_neck_pick21__d0t4__00004.wav,pedalboard-tanh,0,0,4,4,5.041347474059023,5.0
les_bridge_fing09__d1t0__00005.wav,lsp-sine,les_bridge_fing09,0.008085668,les_neck_fing15__d1t2__00007.wav,lsp-tanh,1,1,0,2,9.202349861352678,9.088421535688989
les_bridge_fing09__d1t1__00006.wav,lsp-sine,les_bridge_fing09,0.0015270114,les_bridge_fing24__d0t4__00004.wav,lsp-arctan,1,0,1,4,9.202349861352678,5.005872107125804
les_bridge_fing09__d1t2__00007.wav,lsp-sine,les_bridge_fing09,0.004079163,les_neck_pick21__d0t3__00003.wav,pedalboard-tanh,1,0,2,3,9.202349861352678,5.0
les_bridge_fing09__d1t3__00008.wav,lsp-sine,les_bridge_fing09,0.0025714636,les_neck_pick14__d1t3__00008.wav,lsp-hardclip,1,1,3,3,9.202349861352678,9.35456396552498
les_bridge_fing09__d1t4__00009.wav,lsp-sine,les_bridge_fing09,0.0011698008,les_neck_pick21__d1t4__00009.wav,lsp-arctan,1,1,4,4,9.202349861352678,9.170316408518453
les_bridge_fing09__d2t0__00010.wav,lsp-sine,les_bridge_fing09,0.0031231046,les_neck_fing15__d3t2__00017.wav,lsp-hardclip,2,3,0,2,13.251366385956809,17.563088337099366
les_bridge_fing09__d2t1__00011.wav,lsp-sine,les_bridge_fing09,0.0032715201,les_bridge_pick17__d0t3__00003.wav,lsp-hardclip,2,0,1,3,13.251366385956809,5.063331073032135
les_bridge_fing09__d2t2__00012.wav,lsp-sine,les_bridge_fing09,0.0027554631,les_neck_pick21__d0t3__00003.wav,byod-mxr,2,0,2,3,13.251366385956809,5.0
les_bridge_fing09__d2t3__00013.wav,lsp-sine,les_bridge_fing09,0.004875362,les_neck_pick05__d0t4__00004.wav,lsp-arctan,2,0,3,4,13.251366385956809,5.005872107125804
les_bridge_fing09__d2t4__00014.wav,lsp-sine,les_bridge_fing09,0.0017383695,les_neck_pick14__d2t4__00014.wav,byod-mxr,2,2,4,4,13.251366385956809,13.292365801948186
les_bridge_fing09__d3t0__00015.wav,lsp-sine,les_bridge_fing09,0.0031720996,les_bridge_pick22__d1t3__00008.wav,lsp-hardclip,3,1,0,3,17.46073355198249,9.35456396552498
les_bridge_fing09__d3t1__00016.wav,lsp-sine,les_bridge_fing09,0.0019378662,les_neck_pick04__d0t3__00003.wav,byod-mxr,3,0,1,3,17.46073355198249,5.0
les_bridge_fing09__d3t2__00017.wav,lsp-sine,les_bridge_fing09,0.004733026,les_neck_fing15__d4t4__00024.wav,lsp-hardclip,3,4,2,4,17.46073355198249,21.54643860361127
les_bridge_fing09__d3t3__00018.wav,lsp-sine,les_bridge_fing09,0.005469799,les_neck_pick14__d3t3__00018.wav,byod-mxr,3,3,3,3,17.46073355198249,17.452308155418716
les_bridge_fing09__d3t4__00019.wav,lsp-sine,les_bridge_fing09,0.0044083,les_neck_pick14__d3t4__00019.wav,byod-mxr,3,3,4,4,17.46073355198249,17.452308155418716
les_bridge_fing09__d4t0__00020.wav,lsp-sine,les_bridge_fing09,0.0035342574,les_neck_pick04__d0t2__00002.wav,lsp-hardclip,4,0,0,2,21.652716208419097,5.063331073032135
les_bridge_fing09__d4t1__00021.wav,lsp-sine,les_bridge_fing09,0.0067819953,les_neck_pick11__d2t3__00013.wav,pedalboard-tanh,4,2,1,3,21.652716208419097,13.296816138037473
les_bridge_fing09__d4t2__00022.wav,lsp-sine,les_bridge_fing09,0.0040796995,les_neck_pick21__d4t3__00023.wav,byod-mxr,4,4,2,3,21.652716208419097,21.62039317761596
les_bridge_fing09__d4t3__00023.wav,lsp-sine,les_bridge_fing09,0.002317965,les_neck_pick21__d4t4__00024.wav,lsp-arctan,4,4,3,4,21.652716208419097,21.613326710488973
les_bridge_fing09__d4t4__00024.wav,lsp-sine,les_bridge_fing09,0.0054873824,les_neck_pick14__d5t4__00029.wav,lsp-hardclip,4,5,4,4,21.652716208419097,25.79865436059077
les_bridge_fing09__d5t0__00025.wav,lsp-sine,les_bridge_fing09,0.009941518,les_neck_pick07__d4t4__00024.wav,lsp-hardclip,5,4,0,4,25.7855895742644,21.54643860361127
les_bridge_fing09__d5t1__00026.wav,lsp-sine,les_bridge_fing09,0.0027543902,les_bridge_fing20__d5t2__00027.wav,byod-mxr,5,5,1,2,25.7855895742644,25.779078975465445
les_bridge_fing09__d5t2__00027.wav,lsp-sine,les_bridge_fing09,0.0030813813,les_neck_pick21__d5t3__00028.wav,lsp-tanh,5,5,2,3,25.7855895742644,25.766463780707188
les_bridge_fing09__d5t3__00028.wav,lsp-sine,les_bridge_fing09,0.0021954775,les_neck_fing15__d5t4__00029.wav,lsp-arctan,5,5,3,4,25.7855895742644,25.788497067568912
les_bridge_fing09__d5t4__00029.wav,lsp-sine,les_bridge_fing09,0.002227366,les_bridge_fing17__d6t4__00034.wav,lsp-arctan,5,6,4,4,25.7855895742644,29.91872954355242
les_bridge_fing09__d6t0__00030.wav,lsp-sine,les_bridge_fing09,0.0020628572,les_bridge_pick16__d6t2__00032.wav,lsp-arctan,6,6,0,2,29.915327656251563,29.91872954355242
les_bridge_fing09__d6t1__00031.wav,lsp-sine,les_bridge_fing09,0.0023360252,les_neck_fing01__d6t2__00032.wav,pedalboard-tanh,6,6,1,2,29.915327656251563,29.92239131554786
les_bridge_fing09__d6t2__00032.wav,lsp-sine,les_bridge_fing09,0.0022761226,les_bridge_fing17__d7t2__00037.wav,lsp-tanh,6,7,2,2,29.915327656251563,34.0729352593394
les_bridge_fing09__d6t3__00033.wav,lsp-sine,les_bridge_fing09,0.0015249252,les_neck_fing01__d6t4__00034.wav,lsp-arctan,6,6,3,4,29.915327656251563,29.91872954355242
les_bridge_fing09__d6t4__00034.wav,lsp-sine,les_bridge_fing09,0.00043183565,les_neck_pick21__d7t4__00039.wav,lsp-arctan,6,7,4,4,29.915327656251563,34.09435618625095
les_bridge_fing09__d7t0__00035.wav,lsp-sine,les_bridge_fing09,0.010244787,les_neck_pick07__d7t3__00038.wav,byod-mxr,7,7,0,3,34.094517939627885,34.08156088036171
les_bridge_fing09__d7t1__00036.wav,lsp-sine,les_bridge_fing09,0.0020790696,les_bridge_pick22__d7t4__00039.wav,byod-mxr,7,7,1,4,34.094517939627885,34.08156088036171
les_bridge_fing09__d7t2__00037.wav,lsp-sine,les_bridge_fing09,0.00093215704,les_neck_pick05__d7t4__00039.wav,lsp-arctan,7,7,2,4,34.094517939627885,34.09435618625095
les_bridge_fing09__d7t3__00038.wav,lsp-sine,les_bridge_fing09,0.0014187098,les_bridge_fing20__d7t4__00039.wav,lsp-hardclip,7,7,3,4,34.094517939627885,34.07942205160116
les_bridge_fing09__d7t4__00039.wav,lsp-sine,les_bridge_fing09,0.0061314106,les_bridge_fing20__d7t4__00039.wav,lsp-arctan,7,7,4,4,34.094517939627885,34.09435618625095
les_bridge_fing11__d0t0__00000.wav,lsp-sine,les_bridge_fing11,0.0014780164,les_neck_pick12__d0t1__00001.wav,pedalboard-tanh,0,0,0,1,5.041347474059023,5.0
les_bridge_fing11__d0t1__00001.wav,lsp-sine,les_bridge_fing11,0.000328362,les_bridge_fing20__d1t0__00005.wav,byod-mxr,0,1,1,0,5.041347474059023,9.107670514338215
les_bridge_fing11__d0t2__00002.wav,lsp-sine,les_bridge_fing11,0.00071293116,les_bridge_pick22__d0t2__00002.wav,lsp-tanh,0,0,2,2,5.041347474059023,5.0
les_bridge_fing11__d0t3__00003.wav,lsp-sine,les_bridge_fing11,0.0014939904,les_neck_pick21__d0t1__00001.wav,lsp-hardclip,0,0,3,1,5.041347474059023,5.063331073032135
les_bridge_fing11__d0t4__00004.wav,lsp-sine,les_bridge_fing11,0.0037825108,les_neck_fing15__d3t2__00017.wav,lsp-hardclip,0,3,4,2,5.041347474059023,17.563088337099366
les_bridge_fing11__d1t0__00005.wav,lsp-sine,les_bridge_fing11,0.00072288513,les_neck_pick12__d1t1__00006.wav,lsp-tanh,1,1,0,1,9.202349861352678,9.088421535688989
les_bridge_fing11__d1t1__00006.wav,lsp-sine,les_bridge_fing11,0.0006156564,les_bridge_fing24__d1t0__00005.wav,byod-mxr,1,1,1,0,9.202349861352678,9.107670514338215
les_bridge_fing11__d1t2__00007.wav,lsp-sine,les_bridge_fing11,0.00070136786,les_bridge_fing17__d0t0__00000.wav,byod-mxr,1,0,2,0,9.202349861352678,5.0
les_bridge_fing11__d1t3__00008.wav,lsp-sine,les_bridge_fing11,0.0013740063,les_bridge_fing20__d1t2__00007.wav,lsp-hardclip,1,1,3,2,9.202349861352678,9.35456396552498
les_bridge_fing11__d1t4__00009.wav,lsp-sine,les_bridge_fing11,0.003721416,les_bridge_pick22__d1t3__00008.wav,lsp-hardclip,1,1,4,3,9.202349861352678,9.35456396552498
les_bridge_fing11__d2t0__00010.wav,lsp-sine,les_bridge_fing11,0.00073188543,les_neck_pick12__d1t1__00006.wav,byod-mxr,2,1,0,1,13.251366385956809,9.107670514338215
les_bridge_fing11__d2t1__00011.wav,lsp-sine,les_bridge_fing11,0.0017686486,les_neck_pick12__d2t2__00012.wav,lsp-arctan,2,2,1,2,13.251366385956809,13.270071970821393
les_bridge_fing11__d2t2__00012.wav,lsp-sine,les_bridge_fing11,0.0025633574,les_bridge_pick22__d2t2__00012.wav,byod-mxr,2,2,2,2,13.251366385956809,13.292365801948186
les_bridge_fing11__d2t3__00013.wav,lsp-sine,les_bridge_fing11,0.001452446,les_neck_pick21__d3t1__00016.wav,lsp-tanh,2,3,3,1,13.251366385956809,17.426284440144894
les_bridge_fing11__d2t4__00014.wav,lsp-sine,les_bridge_fing11,0.004874766,les_neck_pick11__d2t2__00012.wav,lsp-hardclip,2,2,4,2,13.251366385956809,13.55142968534178
les_bridge_fing11__d3t0__00015.wav,lsp-sine,les_bridge_fing11,0.00068718195,les_bridge_pick22__d1t0__00005.wav,lsp-hardclip,3,1,0,0,17.46073355198249,9.35456396552498
les_bridge_fing11__d3t1__00016.wav,lsp-sine,les_bridge_fing11,0.0010122657,les_neck_pick12__d3t2__00017.wav,lsp-arctan,3,3,1,2,17.46073355198249,17.436825605717576
les_bridge_fing11__d3t2__00017.wav,lsp-sine,les_bridge_fing11,0.0035731792,les_neck_pick02__d3t1__00016.wav,byod-mxr,3,3,2,1,17.46073355198249,17.452308155418716
les_bridge_fing11__d3t3__00018.wav,lsp-sine,les_bridge_fing11,0.0025917888,les_bridge_pick22__d3t3__00018.wav,pedalboard-tanh,3,3,3,3,17.46073355198249,17.454399305827287
les_bridge_fing11__d3t4__00019.wav,lsp-sine,les_bridge_fing11,0.005710721,les_neck_pick04__d3t3__00018.wav,lsp-arctan,3,3,4,3,17.46073355198249,17.436825605717576
les_bridge_fing11__d4t0__00020.wav,lsp-sine,les_bridge_fing11,0.0013684034,les_bridge_fing24__d4t0__00020.wav,lsp-arctan,4,4,0,0,21.652716208419097,21.613326710488973
les_bridge_fing11__d4t1__00021.wav,lsp-sine,les_bridge_fing11,0.0015128255,les_neck_pick12__d4t2__00022.wav,lsp-arctan,4,4,1,2,21.652716208419097,21.613326710488973
les_bridge_fing11__d4t2__00022.wav,lsp-sine,les_bridge_fing11,0.0028717518,les_neck_fing01__d4t1__00021.wav,lsp-tanh,4,4,2,1,21.652716208419097,21.61115826291455
les_bridge_fing11__d4t3__00023.wav,lsp-sine,les_bridge_fing11,0.0034270287,les_bridge_pick22__d4t3__00023.wav,pedalboard-tanh,4,4,3,3,21.652716208419097,21.61638024087312
les_bridge_fing11__d4t4__00024.wav,lsp-sine,les_bridge_fing11,0.0037459135,les_bridge_fing17__d5t2__00027.wav,pedalboard-tanh,4,5,4,2,21.652716208419097,25.782351420955937
les_bridge_fing11__d5t0__00025.wav,lsp-sine,les_bridge_fing11,0.0020922422,les_bridge_fing24__d5t0__00025.wav,lsp-arctan,5,5,0,0,25.7855895742644,25.788497067568912
les_bridge_fing11__d5t1__00026.wav,lsp-sine,les_bridge_fing11,0.004693091,les_neck_pick07__d4t3__00023.wav,lsp-tanh,5,4,1,3,25.7855895742644,21.61115826291455
les_bridge_fing11__d5t2__00027.wav,lsp-sine,les_bridge_fing11,0.0034513474,les_bridge_fing24__d4t4__00024.wav,lsp-arctan,5,4,2,4,25.7855895742644,21.613326710488973
les_bridge_fing11__d5t3__00028.wav,lsp-sine,les_bridge_fing11,0.0043851137,les_bridge_pick17__d5t2__00027.wav,lsp-tanh,5,5,3,2,25.7855895742644,25.766463780707188
les_bridge_fing11__d5t4__00029.wav,lsp-sine,les_bridge_fing11,0.0032874346,les_bridge_fing17__d5t3__00028.wav,lsp-arctan,5,5,4,3,25.7855895742644,25.788497067568912
les_bridge_fing11__d6t0__00030.wav,lsp-sine,les_bridge_fing11,0.0012837648,les_bridge_fing24__d6t0__00030.wav,byod-mxr,6,6,0,0,29.915327656251563,29.91150927100104
les_bridge_fing11__d6t1__00031.wav,lsp-sine,les_bridge_fing11,0.005345881,les_neck_pick04__d6t1__00031.wav,byod-mxr,6,6,1,1,29.915327656251563,29.91150927100104
les_bridge_fing11__d6t2__00032.wav,lsp-sine,les_bridge_fing11,0.0036535263,les_neck_pick04__d6t2__00032.wav,lsp-hardclip,6,6,2,2,29.915327656251563,29.908667593492765
les_bridge_fing11__d6t3__00033.wav,lsp-sine,les_bridge_fing11,0.0028519034,les_neck_pick02__d6t3__00033.wav,lsp-arctan,6,6,3,3,29.915327656251563,29.91872954355242
les_bridge_fing11__d6t4__00034.wav,lsp-sine,les_bridge_fing11,0.0014293194,les_bridge_pick17__d6t3__00033.wav,pedalboard-tanh,6,6,4,3,29.915327656251563,29.92239131554786
les_bridge_fing11__d7t0__00035.wav,lsp-sine,les_bridge_fing11,0.0016771555,les_neck_pick11__d7t0__00035.wav,pedalboard-tanh,7,7,0,0,34.094517939627885,34.075823464139134
les_bridge_fing11__d7t1__00036.wav,lsp-sine,les_bridge_fing11,0.0032776594,les_neck_pick03__d7t1__00036.wav,pedalboard-tanh,7,7,1,1,34.094517939627885,34.075823464139134
les_bridge_fing11__d7t2__00037.wav,lsp-sine,les_bridge_fing11,0.002375424,les_bridge_fing24__d6t4__00034.wav,pedalboard-tanh,7,6,2,4,34.094517939627885,29.92239131554786
les_bridge_fing11__d7t3__00038.wav,lsp-sine,les_bridge_fing11,0.0013548732,les_neck_pick05__d6t4__00034.wav,lsp-tanh,7,6,3,4,34.094517939627885,29.89601395521624
les_bridge_fing11__d7t4__00039.wav,lsp-sine,les_bridge_fing11,0.0022616386,les_neck_pick14__d6t4__00034.wav,lsp-arctan,7,6,4,4,34.094517939627885,29.91872954355242
les_bridge_fing16__d0t0__00000.wav,lsp-sine,les_bridge_fing16,0.002847612,les_neck_pick02__d0t1__00001.wav,lsp-arctan,0,0,0,1,5.041347474059023,5.005872107125804
les_bridge_fing16__d0t1__00001.wav,lsp-sine,les_bridge_fing16,0.002724111,les_bridge_pick25__d0t3__00003.wav,pedalboard-tanh,0,0,1,3,5.041347474059023,5.0
les_bridge_fing16__d0t2__00002.wav,lsp-sine,les_bridge_fing16,0.00595212,les_bridge_fing24__d0t4__00004.wav,byod-mxr,0,0,2,4,5.041347474059023,5.0
les_bridge_fing16__d0t3__00003.wav,lsp-sine,les_bridge_fing16,0.0025262833,les_neck_pick21__d0t3__00003.wav,lsp-tanh,0,0,3,3,5.041347474059023,5.0
les_bridge_fing16__d0t4__00004.wav,lsp-sine,les_bridge_fing16,0.006241739,les_neck_pick02__d1t4__00009.wav,pedalboard-tanh,0,1,4,4,5.041347474059023,9.146047429418331
les_bridge_fing16__d1t0__00005.wav,lsp-sine,les_bridge_fing16,0.0014088154,les_neck_pick02__d1t1__00006.wav,lsp-arctan,1,1,0,1,9.202349861352678,9.170316408518453
les_bridge_fing16__d1t1__00006.wav,lsp-sine,les_bridge_fing16,0.0010508299,les_bridge_pick25__d0t3__00003.wav,lsp-tanh,1,0,1,3,9.202349861352678,5.0
les_bridge_fing16__d1t2__00007.wav,lsp-sine,les_bridge_fing16,0.0041739345,les_bridge_pick17__d1t3__00008.wav,lsp-hardclip,1,1,2,3,9.202349861352678,9.35456396552498
les_bridge_fing16__d1t3__00008.wav,lsp-sine,les_bridge_fing16,0.0028609037,les_neck_pick21__d0t3__00003.wav,byod-mxr,1,0,3,3,9.202349861352678,5.0
les_bridge_fing16__d1t4__00009.wav,lsp-sine,les_bridge_fing16,0.0043019056,les_neck_pick21__d0t4__00004.wav,lsp-tanh,1,0,4,4,9.202349861352678,5.0
les_bridge_fing16__d2t0__00010.wav,lsp-sine,les_bridge_fing16,0.0012759566,les_neck_pick12__d0t4__00004.wav,lsp-tanh,2,0,0,4,13.251366385956809,5.0
les_bridge_fing16__d2t1__00011.wav,lsp-sine,les_bridge_fing16,0.0011196733,les_bridge_fing24__d2t3__00013.wav,lsp-tanh,2,2,1,3,13.251366385956809,13.297259315581634
les_bridge_fing16__d2t2__00012.wav,lsp-sine,les_bridge_fing16,0.0023058057,les_bridge_pick17__d2t4__00014.wav,pedalboard-tanh,2,2,2,4,13.251366385956809,13.296816138037473
les_bridge_fing16__d2t3__00013.wav,lsp-sine,les_bridge_fing16,0.0016081333,les_bridge_fing17__d0t4__00004.wav,lsp-hardclip,2,0,3,4,13.251366385956809,5.063331073032135
les_bridge_fing16__d2t4__00014.wav,lsp-sine,les_bridge_fing16,0.0043426156,les_neck_pick05__d0t4__00004.wav,lsp-arctan,2,0,4,4,13.251366385956809,5.005872107125804
les_bridge_fing16__d3t0__00015.wav,lsp-sine,les_bridge_fing16,0.0020064712,les_neck_pick12__d1t4__00009.wav,byod-mxr,3,1,0,4,17.46073355198249,9.107670514338215
les_bridge_fing16__d3t1__00016.wav,lsp-sine,les_bridge_fing16,0.0044369698,les_bridge_fing24__d2t3__00013.wav,byod-mxr,3,2,1,3,17.46073355198249,13.292365801948186
les_bridge_fing16__d3t2__00017.wav,lsp-sine,les_bridge_fing16,0.0031932592,les_neck_pick09__d2t3__00013.wav,pedalboard-tanh,3,2,2,3,17.46073355198249,13.296816138037473
les_bridge_fing16__d3t3__00018.wav,lsp-sine,les_bridge_fing16,0.0029387474,les_bridge_fing17__d2t4__00014.wav,byod-mxr,3,2,3,4,17.46073355198249,13.292365801948186
les_bridge_fing16__d3t4__00019.wav,lsp-sine,les_bridge_fing16,0.0053799152,les_neck_fing01__d3t4__00019.wav,byod-mxr,3,3,4,4,17.46073355198249,17.452308155418716
les_bridge_fing16__d4t0__00020.wav,lsp-sine,les_bridge_fing16,0.005026996,les_neck_pick21__d3t1__00016.wav,lsp-tanh,4,3,0,1,21.652716208419097,17.426284440144894
les_bridge_fing16__d4t1__00021.wav,lsp-sine,les_bridge_fing16,0.002985537,les_neck_fing01__d3t2__00017.wav,pedalboard-tanh,4,3,1,2,21.652716208419097,17.454399305827287
les_bridge_fing16__d4t2__00022.wav,lsp-sine,les_bridge_fing16,0.0027461648,les_neck_pick05__d3t3__00018.wav,lsp-hardclip,4,3,2,3,21.652716208419097,17.563088337099366
les_bridge_fing16__d4t3__00023.wav,lsp-sine,les_bridge_fing16,0.0031012297,les_neck_pick05__d3t4__00019.wav,lsp-hardclip,4,3,3,4,21.652716208419097,17.563088337099366
les_bridge_fing16__d4t4__00024.wav,lsp-sine,les_bridge_fing16,0.0037766695,les_neck_pick14__d5t3__00028.wav,lsp-hardclip,4,5,4,3,21.652716208419097,25.79865436059077
les_bridge_fing16__d5t0__00025.wav,lsp-sine,les_bridge_fing16,0.004781127,les_neck_pick21__d4t1__00021.wav,pedalboard-tanh,5,4,0,1,25.7855895742644,21.61638024087312
les_bridge_fing16__d5t1__00026.wav,lsp-sine,les_bridge_fing16,0.005083382,les_bridge_fing21__d4t4__00024.wav,byod-mxr,5,4,1,4,25.7855895742644,21.62039317761596
les_bridge_fing16__d5t2__00027.wav,lsp-sine,les_bridge_fing16,0.0021116138,les_bridge_fing17__d4t4__00024.wav,pedalboard-tanh,5,4,2,4,25.7855895742644,21.61638024087312
les_bridge_fing16__d5t3__00028.wav,lsp-sine,les_bridge_fing16,0.0033076406,les_neck_pick14__d5t3__00028.wav,lsp-hardclip,5,5,3,3,25.7855895742644,25.79865436059077
les_bridge_fing16__d5t4__00029.wav,lsp-sine,les_bridge_fing16,0.005934298,les_neck_pick14__d5t3__00028.wav,byod-mxr,5,5,4,3,25.7855895742644,25.779078975465445
les_bridge_fing16__d6t0__00030.wav,lsp-sine,les_bridge_fing16,0.0044294,les_neck_pick11__d5t2__00027.wav,byod-mxr,6,5,0,2,29.915327656251563,25.779078975465445
les_bridge_fing16__d6t1__00031.wav,lsp-sine,les_bridge_fing16,0.0023325682,les_bridge_pick17__d5t3__00028.wav,lsp-hardclip,6,5,1,3,29.915327656251563,25.79865436059077
les_bridge_fing16__d6t2__00032.wav,lsp-sine,les_bridge_fing16,0.0046782494,les_neck_pick02__d5t4__00029.wav,pedalboard-tanh,6,5,2,4,29.915327656251563,25.782351420955937
les_bridge_fing16__d6t3__00033.wav,lsp-sine,les_bridge_fing16,0.0025904179,les_neck_fing15__d5t4__00029.wav,lsp-arctan,6,5,3,4,29.915327656251563,25.788497067568912
les_bridge_fing16__d6t4__00034.wav,lsp-sine,les_bridge_fing16,0.0025763512,les_neck_pick14__d5t4__00029.wav,lsp-arctan,6,5,4,4,29.915327656251563,25.788497067568912
les_bridge_fing16__d7t0__00035.wav,lsp-sine,les_bridge_fing16,0.0050473213,les_bridge_fing20__d6t1__00031.wav,lsp-arctan,7,6,0,1,34.094517939627885,29.91872954355242
les_bridge_fing16__d7t1__00036.wav,lsp-sine,les_bridge_fing16,0.0020530224,les_neck_pick05__d6t3__00033.wav,lsp-hardclip,7,6,1,3,34.094517939627885,29.908667593492765
les_bridge_fing16__d7t2__00037.wav,lsp-sine,les_bridge_fing16,0.0027449727,les_bridge_fing20__d5t4__00029.wav,lsp-arctan,7,5,2,4,34.094517939627885,25.788497067568912
les_bridge_fing16__d7t3__00038.wav,lsp-sine,les_bridge_fing16,0.0020532012,les_neck_pick04__d7t4__00039.wav,lsp-arctan,7,7,3,4,34.094517939627885,34.09435618625095
les_bridge_fing16__d7t4__00039.wav,lsp-sine,les_bridge_fing16,0.001493454,les_neck_fing15__d7t4__00039.wav,lsp-hardclip,7,7,4,4,34.094517939627885,34.07942205160116
les_bridge_fing18__d0t0__00000.wav,lsp-sine,les_bridge_fing18,0.0014211535,les_bridge_pick16__d2t1__00011.wav,pedalboard-tanh,0,2,0,1,5.041347474059023,13.296816138037473
les_bridge_fing18__d0t1__00001.wav,lsp-sine,les_bridge_fing18,0.001105845,les_neck_pick21__d2t0__00010.wav,lsp-hardclip,0,2,1,0,5.041347474059023,13.55142968534178
les_bridge_fing18__d0t2__00002.wav,lsp-sine,les_bridge_fing18,0.002126336,les_bridge_fing24__d0t1__00001.wav,byod-mxr,0,0,2,1,5.041347474059023,5.0
les_bridge_fing18__d0t3__00003.wav,lsp-sine,les_bridge_fing18,0.00076174736,les_bridge_pick22__d0t3__00003.wav,byod-mxr,0,0,3,3,5.041347474059023,5.0
les_bridge_fing18__d0t4__00004.wav,lsp-sine,les_bridge_fing18,0.0042955875,les_neck_pick02__d1t2__00007.wav,lsp-tanh,0,1,4,2,5.041347474059023,9.088421535688989
les_bridge_fing18__d1t0__00005.wav,lsp-sine,les_bridge_fing18,0.0011581779,les_neck_pick12__d1t1__00006.wav,lsp-arctan,1,1,0,1,9.202349861352678,9.170316408518453
les_bridge_fing18__d1t1__00006.wav,lsp-sine,les_bridge_fing18,0.0010979176,les_neck_pick12__d1t2__00007.wav,lsp-arctan,1,1,1,2,9.202349861352678,9.170316408518453
les_bridge_fing18__d1t2__00007.wav,lsp-sine,les_bridge_fing18,0.0025743246,les_bridge_pick17__d2t1__00011.wav,pedalboard-tanh,1,2,2,1,9.202349861352678,13.296816138037473
les_bridge_fing18__d1t3__00008.wav,lsp-sine,les_bridge_fing18,0.0030923486,les_neck_pick03__d0t2__00002.wav,lsp-tanh,1,0,3,2,9.202349861352678,5.0
les_bridge_fing18__d1t4__00009.wav,lsp-sine,les_bridge_fing18,0.0036259294,les_neck_pick04__d1t3__00008.wav,lsp-tanh,1,1,4,3,9.202349861352678,9.088421535688989
les_bridge_fing18__d2t0__00010.wav,lsp-sine,les_bridge_fing18,0.0012035966,les_neck_pick12__d2t1__00011.wav,lsp-hardclip,2,2,0,1,13.251366385956809,13.55142968534178
les_bridge_fing18__d2t1__00011.wav,lsp-sine,les_bridge_fing18,0.0021571517,les_bridge_pick25__d2t1__00011.wav,byod-mxr,2,2,1,1,13.251366385956809,13.292365801948186
les_bridge_fing18__d2t2__00012.wav,lsp-sine,les_bridge_fing18,0.0026842952,les_bridge_pick25__d2t2__00012.wav,byod-mxr,2,2,2,2,13.251366385956809,13.292365801948186
les_bridge_fing18__d2t3__00013.wav,lsp-sine,les_bridge_fing18,0.0035026073,les_bridge_pick25__d2t3__00013.wav,byod-mxr,2,2,3,3,13.251366385956809,13.292365801948186
les_bridge_fing18__d2t4__00014.wav,lsp-sine,les_bridge_fing18,0.0057170987,les_neck_pick04__d2t3__00013.wav,byod-mxr,2,2,4,3,13.251366385956809,13.292365801948186
les_bridge_fing18__d3t0__00015.wav,lsp-sine,les_bridge_fing18,0.002171576,les_neck_pick12__d3t1__00016.wav,lsp-hardclip,3,3,0,1,17.46073355198249,17.563088337099366
les_bridge_fing18__d3t1__00016.wav,lsp-sine,les_bridge_fing18,0.0010718107,les_bridge_pick25__d3t1__00016.wav,lsp-arctan,3,3,1,1,17.46073355198249,17.436825605717576
les_bridge_fing18__d3t2__00017.wav,lsp-sine,les_bridge_fing18,0.0017107129,les_bridge_fing24__d3t2__00017.wav,byod-mxr,3,3,2,2,17.46073355198249,17.452308155418716
les_bridge_fing18__d3t3__00018.wav,lsp-sine,les_bridge_fing18,0.0020691752,les_neck_pick11__d3t2__00017.wav,lsp-tanh,3,3,3,2,17.46073355198249,17.426284440144894
les_bridge_fing18__d3t4__00019.wav,lsp-sine,les_bridge_fing18,0.004345,les_bridge_fing24__d4t4__00024.wav,lsp-hardclip,3,4,4,4,17.46073355198249,21.54643860361127
les_bridge_fing18__d4t0__00020.wav,lsp-sine,les_bridge_fing18,0.0025333762,les_bridge_fing24__d5t0__00025.wav,lsp-hardclip,4,5,0,0,21.652716208419097,25.79865436059077
les_bridge_fing18__d4t1__00021.wav,lsp-sine,les_bridge_fing18,0.0018488169,les_bridge_fing17__d4t0__00020.wav,byod-mxr,4,4,1,0,21.652716208419097,21.62039317761596
les_bridge_fing18__d4t2__00022.wav,lsp-sine,les_bridge_fing18,0.0033053756,les_bridge_fing24__d4t3__00023.wav,lsp-arctan,4,4,2,3,21.652716208419097,21.613326710488973
les_bridge_fing18__d4t3__00023.wav,lsp-sine,les_bridge_fing18,0.006339133,les_neck_pick02__d5t2__00027.wav,byod-mxr,4,5,3,2,21.652716208419097,25.779078975465445
les_bridge_fing18__d4t4__00024.wav,lsp-sine,les_bridge_fing18,0.002918601,les_neck_pick11__d5t3__00028.wav,pedalboard-tanh,4,5,4,3,21.652716208419097,25.782351420955937
les_bridge_fing18__d5t0__00025.wav,lsp-sine,les_bridge_fing18,0.002284944,les_bridge_pick25__d5t0__00025.wav,lsp-hardclip,5,5,0,0,25.7855895742644,25.79865436059077
les_bridge_fing18__d5t1__00026.wav,lsp-sine,les_bridge_fing18,0.0030577183,les_neck_pick11__d5t1__00026.wav,byod-mxr,5,5,1,1,25.7855895742644,25.779078975465445
les_bridge_fing18__d5t2__00027.wav,lsp-sine,les_bridge_fing18,0.003416419,les_neck_pick12__d5t4__00029.wav,lsp-arctan,5,5,2,4,25.7855895742644,25.788497067568912
les_bridge_fing18__d5t3__00028.wav,lsp-sine,les_bridge_fing18,0.004368305,les_neck_pick09__d5t3__00028.wav,lsp-arctan,5,5,3,3,25.7855895742644,25.788497067568912
les_bridge_fing18__d5t4__00029.wav,lsp-sine,les_bridge_fing18,0.0025832653,les_neck_fing01__d5t4__00029.wav,pedalboard-tanh,5,5,4,4,25.7855895742644,25.782351420955937
les_bridge_fing18__d6t0__00030.wav,lsp-sine,les_bridge_fing18,0.0062971115,les_bridge_pick22__d6t1__00031.wav,byod-mxr,6,6,0,1,29.915327656251563,29.91150927100104
les_bridge_fing18__d6t1__00031.wav,lsp-sine,les_bridge_fing18,0.0051632524,les_bridge_pick22__d6t2__00032.wav,lsp-arctan,6,6,1,2,29.915327656251563,29.91872954355242
les_bridge_fing18__d6t2__00032.wav,lsp-sine,les_bridge_fing18,0.00369215,les_bridge_pick22__d6t3__00033.wav,lsp-tanh,6,6,2,3,29.915327656251563,29.89601395521624
les_bridge_fing18__d6t3__00033.wav,lsp-sine,les_bridge_fing18,0.002583623,les_neck_fing01__d6t3__00033.wav,byod-mxr,6,6,3,3,29.915327656251563,29.91150927100104
les_bridge_fing18__d6t4__00034.wav,lsp-sine,les_bridge_fing18,0.0021995306,les_neck_pick02__d7t4__00039.wav,lsp-arctan,6,7,4,4,29.915327656251563,34.09435618625095
les_bridge_fing18__d7t0__00035.wav,lsp-sine,les_bridge_fing18,0.004712343,les_neck_fing01__d7t0__00035.wav,lsp-hardclip,7,7,0,0,34.094517939627885,34.07942205160116
les_bridge_fing18__d7t1__00036.wav,lsp-sine,les_bridge_fing18,0.0044723153,les_bridge_fing17__d7t1__00036.wav,lsp-hardclip,7,7,1,1,34.094517939627885,34.07942205160116
les_bridge_fing18__d7t2__00037.wav,lsp-sine,les_bridge_fing18,0.0038264394,les_neck_pick03__d6t4__00034.wav,lsp-arctan,7,6,2,4,34.094517939627885,29.91872954355242
les_bridge_fing18__d7t3__00038.wav,lsp-sine,les_bridge_fing18,0.0019496679,les_neck_pick04__d7t4__00039.wav,byod-mxr,7,7,3,4,34.094517939627885,34.08156088036171
les_bridge_fing18__d7t4__00039.wav,lsp-sine,les_bridge_fing18,0.0010888577,les_bridge_fing20__d7t3__00038.wav,lsp-arctan,7,7,4,3,34.094517939627885,34.09435618625095
les_bridge_fing23__d0t0__00000.wav,lsp-sine,les_bridge_fing23,0.0011540651,les_neck_pick14__d0t0__00000.wav,pedalboard-tanh,0,0,0,0,5.041347474059023,5.0
les_bridge_fing23__d0t1__00001.wav,lsp-sine,les_bridge_fing23,0.00077706575,les_bridge_fing24__d0t3__00003.wav,pedalboard-tanh,0,0,1,3,5.041347474059023,5.0
les_bridge_fing23__d0t2__00002.wav,lsp-sine,les_bridge_fing23,0.002156198,les_bridge_pick17__d0t4__00004.wav,pedalboard-tanh,0,0,2,4,5.041347474059023,5.0
les_bridge_fing23__d0t3__00003.wav,lsp-sine,les_bridge_fing23,0.008396566,les_neck_pick21__d0t3__00003.wav,pedalboard-tanh,0,0,3,3,5.041347474059023,5.0
les_bridge_fing23__d0t4__00004.wav,lsp-sine,les_bridge_fing23,0.0027483702,les_neck_pick14__d0t3__00003.wav,pedalboard-tanh,0,0,4,3,5.041347474059023,5.0
les_bridge_fing23__d1t0__00005.wav,lsp-sine,les_bridge_fing23,0.00074863434,les_neck_pick21__d0t1__00001.wav,pedalboard-tanh,1,0,0,1,9.202349861352678,5.0
les_bridge_fing23__d1t1__00006.wav,lsp-sine,les_bridge_fing23,0.00075012445,les_bridge_fing24__d0t3__00003.wav,lsp-arctan,1,0,1,3,9.202349861352678,5.005872107125804
les_bridge_fing23__d1t2__00007.wav,lsp-sine,les_bridge_fing23,0.0015864968,les_bridge_pick17__d0t4__00004.wav,lsp-tanh,1,0,2,4,9.202349861352678,5.0
les_bridge_fing23__d1t3__00008.wav,lsp-sine,les_bridge_fing23,0.004575312,les_neck_pick21__d0t3__00003.wav,pedalboard-tanh,1,0,3,3,9.202349861352678,5.0
les_bridge_fing23__d1t4__00009.wav,lsp-sine,les_bridge_fing23,0.003347218,les_neck_pick14__d0t3__00003.wav,lsp-arctan,1,0,4,3,9.202349861352678,5.005872107125804
les_bridge_fing23__d2t0__00010.wav,lsp-sine,les_bridge_fing23,0.00088614225,les_neck_pick21__d1t1__00006.wav,lsp-arctan,2,1,0,1,13.251366385956809,9.170316408518453
les_bridge_fing23__d2t1__00011.wav,lsp-sine,les_bridge_fing23,0.0013144016,les_bridge_fing24__d0t3__00003.wav,byod-mxr,2,0,1,3,13.251366385956809,5.0
les_bridge_fing23__d2t2__00012.wav,lsp-sine,les_bridge_fing23,0.0029610991,les_bridge_pick17__d1t4__00009.wav,lsp-tanh,2,1,2,4,13.251366385956809,9.088421535688989
les_bridge_fing23__d2t3__00013.wav,lsp-sine,les_bridge_fing23,0.0040640235,les_neck_pick21__d0t3__00003.wav,byod-mxr,2,0,3,3,13.251366385956809,5.0
les_bridge_fing23__d2t4__00014.wav,lsp-sine,les_bridge_fing23,0.0042529106,les_neck_pick14__d2t3__00013.wav,lsp-tanh,2,2,4,3,13.251366385956809,13.297259315581634
les_bridge_fing23__d3t0__00015.wav,lsp-sine,les_bridge_fing23,0.0015724897,les_bridge_pick16__d1t3__00008.wav,lsp-tanh,3,1,0,3,17.46073355198249,9.088421535688989
les_bridge_fing23__d3t1__00016.wav,lsp-sine,les_bridge_fing23,0.0024335384,les_neck_pick14__d2t1__00011.wav,byod-mxr,3,2,1,1,17.46073355198249,13.292365801948186
les_bridge_fing23__d3t2__00017.wav,lsp-sine,les_bridge_fing23,0.0020965338,les_neck_pick03__d1t4__00009.wav,byod-mxr,3,1,2,4,17.46073355198249,9.107670514338215
les_bridge_fing23__d3t3__00018.wav,lsp-sine,les_bridge_fing23,0.0019515753,les_bridge_fing17__d2t4__00014.wav,lsp-hardclip,3,2,3,4,17.46073355198249,13.55142968534178
les_bridge_fing23__d3t4__00019.wav,lsp-sine,les_bridge_fing23,0.004508972,les_neck_pick14__d3t3__00018.wav,byod-mxr,3,3,4,3,17.46073355198249,17.452308155418716
les_bridge_fing23__d4t0__00020.wav,lsp-sine,les_bridge_fing23,0.0023533702,les_neck_pick05__d0t1__00001.wav,lsp-hardclip,4,0,0,1,21.652716208419097,5.063331073032135
les_bridge_fing23__d4t1__00021.wav,lsp-sine,les_bridge_fing23,0.0027994514,les_neck_fing15__d4t2__00022.wav,pedalboard-tanh,4,4,1,2,21.652716208419097,21.61638024087312
les_bridge_fing23__d4t2__00022.wav,lsp-sine,les_bridge_fing23,0.002388358,les_bridge_fing17__d4t3__00023.wav,lsp-hardclip,4,4,2,3,21.652716208419097,21.54643860361127
les_bridge_fing23__d4t3__00023.wav,lsp-sine,les_bridge_fing23,0.0052251816,les_neck_pick05__d3t4__00019.wav,byod-mxr,4,3,3,4,21.652716208419097,17.452308155418716
les_bridge_fing23__d4t4__00024.wav,lsp-sine,les_bridge_fing23,0.0052634478,les_neck_pick21__d4t4__00024.wav,byod-mxr,4,4,4,4,21.652716208419097,21.62039317761596
les_bridge_fing23__d5t0__00025.wav,lsp-sine,les_bridge_fing23,0.005073726,les_neck_pick07__d3t4__00019.wav,lsp-tanh,5,3,0,4,25.7855895742644,17.426284440144894
les_bridge_fing23__d5t1__00026.wav,lsp-sine,les_bridge_fing23,0.0040450096,les_neck_pick05__d4t2__00022.wav,pedalboard-tanh,5,4,1,2,25.7855895742644,21.61638024087312
les_bridge_fing23__d5t2__00027.wav,lsp-sine,les_bridge_fing23,0.0031802058,les_bridge_pick17__d4t4__00024.wav,pedalboard-tanh,5,4,2,4,25.7855895742644,21.61638024087312
les_bridge_fing23__d5t3__00028.wav,lsp-sine,les_bridge_fing23,0.0031059384,les_neck_pick21__d5t3__00028.wav,pedalboard-tanh,5,5,3,3,25.7855895742644,25.782351420955937
les_bridge_fing23__d5t4__00029.wav,lsp-sine,les_bridge_fing23,0.003947556,les_neck_pick21__d5t4__00029.wav,pedalboard-tanh,5,5,4,4,25.7855895742644,25.782351420955937
les_bridge_fing23__d6t0__00030.wav,lsp-sine,les_bridge_fing23,0.0063183904,les_bridge_pick25__d6t1__00031.wav,lsp-tanh,6,6,0,1,29.915327656251563,29.89601395521624
les_bridge_fing23__d6t1__00031.wav,lsp-sine,les_bridge_fing23,0.0041496754,les_bridge_pick17__d6t2__00032.wav,lsp-hardclip,6,6,1,2,29.915327656251563,29.908667593492765
les_bridge_fing23__d6t2__00032.wav,lsp-sine,les_bridge_fing23,0.0039876103,les_neck_pick05__d6t3__00033.wav,lsp-hardclip,6,6,2,3,29.915327656251563,29.908667593492765
les_bridge_fing23__d6t3__00033.wav,lsp-sine,les_bridge_fing23,0.00214684,les_bridge_fing17__d6t4__00034.wav,lsp-tanh,6,6,3,4,29.915327656251563,29.89601395521624
les_bridge_fing23__d6t4__00034.wav,lsp-sine,les_bridge_fing23,0.0015684366,les_neck_pick14__d6t4__00034.wav,lsp-hardclip,6,6,4,4,29.915327656251563,29.908667593492765
les_bridge_fing23__d7t0__00035.wav,lsp-sine,les_bridge_fing23,0.005390644,les_bridge_fing20__d7t0__00035.wav,lsp-arctan,7,7,0,0,34.094517939627885,34.09435618625095
les_bridge_fing23__d7t1__00036.wav,lsp-sine,les_bridge_fing23,0.0026584864,les_neck_pick14__d7t1__00036.wav,lsp-hardclip,7,7,1,1,34.094517939627885,34.07942205160116
les_bridge_fing23__d7t2__00037.wav,lsp-sine,les_bridge_fing23,0.0018532276,les_bridge_fing20__d7t2__00037.wav,lsp-tanh,7,7,2,2,34.094517939627885,34.0729352593394
les_bridge_fing23__d7t3__00038.wav,lsp-sine,les_bridge_fing23,0.0014320016,les_neck_pick14__d7t3__00038.wav,byod-mxr,7,7,3,3,34.094517939627885,34.08156088036171
les_bridge_fing23__d7t4__00039.wav,lsp-sine,les_bridge_fing23,0.001565516,les_bridge_fing20__d7t4__00039.wav,lsp-tanh,7,7,4,4,34.094517939627885,34.0729352593394
les_bridge_pick04__d0t0__00000.wav,lsp-sine,les_bridge_pick04,0.0026696324,les_neck_fing15__d2t2__00012.wav,lsp-tanh,0,2,0,2,5.041347474059023,13.297259315581634
les_bridge_pick04__d0t1__00001.wav,lsp-sine,les_bridge_pick04,0.0038751364,les_bridge_pick17__d0t3__00003.wav,lsp-arctan,0,0,1,3,5.041347474059023,5.005872107125804
les_bridge_pick04__d0t2__00002.wav,lsp-sine,les_bridge_pick04,0.004610896,les_neck_pick14__d1t2__00007.wav,lsp-tanh,0,1,2,2,5.041347474059023,9.088421535688989
les_bridge_pick04__d0t3__00003.wav,lsp-sine,les_bridge_pick04,0.0037884116,les_neck_pick21__d1t3__00008.wav,lsp-tanh,0,1,3,3,5.041347474059023,9.088421535688989
les_bridge_pick04__d0t4__00004.wav,lsp-sine,les_bridge_pick04,0.0045756698,les_neck_pick21__d0t4__00004.wav,lsp-tanh,0,0,4,4,5.041347474059023,5.0
les_bridge_pick04__d1t0__00005.wav,lsp-sine,les_bridge_pick04,0.0020481348,les_bridge_fing24__d0t3__00003.wav,byod-mxr,1,0,0,3,9.202349861352678,5.0
les_bridge_pick04__d1t1__00006.wav,lsp-sine,les_bridge_pick04,0.0059962273,les_bridge_pick17__d1t3__00008.wav,lsp-hardclip,1,1,1,3,9.202349861352678,9.35456396552498
les_bridge_pick04__d1t2__00007.wav,lsp-sine,les_bridge_pick04,0.007725179,les_bridge_fing17__d1t3__00008.wav,lsp-arctan,1,1,2,3,9.202349861352678,9.170316408518453
les_bridge_pick04__d1t3__00008.wav,lsp-sine,les_bridge_pick04,0.0027392507,les_neck_pick14__d2t3__00013.wav,pedalboard-tanh,1,2,3,3,9.202349861352678,13.296816138037473
les_bridge_pick04__d1t4__00009.wav,lsp-sine,les_bridge_pick04,0.0027207136,les_neck_pick21__d1t4__00009.wav,byod-mxr,1,1,4,4,9.202349861352678,9.107670514338215
les_bridge_pick04__d2t0__00010.wav,lsp-sine,les_bridge_pick04,0.0030144453,les_bridge_pick22__d1t4__00009.wav,lsp-tanh,2,1,0,4,13.251366385956809,9.088421535688989
les_bridge_pick04__d2t1__00011.wav,lsp-sine,les_bridge_pick04,0.0024122596,les_bridge_fing17__d0t3__00003.wav,lsp-hardclip,2,0,1,3,13.251366385956809,5.063331073032135
les_bridge_pick04__d2t2__00012.wav,lsp-sine,les_bridge_pick04,0.0041792393,les_bridge_fing17__d0t4__00004.wav,lsp-hardclip,2,0,2,4,13.251366385956809,5.063331073032135
les_bridge_pick04__d2t3__00013.wav,lsp-sine,les_bridge_pick04,0.002161026,les_neck_pick14__d3t3__00018.wav,pedalboard-tanh,2,3,3,3,13.251366385956809,17.454399305827287
les_bridge_pick04__d2t4__00014.wav,lsp-sine,les_bridge_pick04,0.003012836,les_neck_pick21__d2t4__00014.wav,byod-mxr,2,2,4,4,13.251366385956809,13.292365801948186
les_bridge_pick04__d3t0__00015.wav,lsp-sine,les_bridge_pick04,0.0035443902,les_bridge_pick22__d2t4__00014.wav,byod-mxr,3,2,0,4,17.46073355198249,13.292365801948186
les_bridge_pick04__d3t1__00016.wav,lsp-sine,les_bridge_pick04,0.0032576323,les_neck_pick03__d2t4__00014.wav,byod-mxr,3,2,1,4,17.46073355198249,13.292365801948186
les_bridge_pick04__d3t2__00017.wav,lsp-sine,les_bridge_pick04,0.0017573237,les_neck_pick21__d3t3__00018.wav,byod-mxr,3,3,2,3,17.46073355198249,17.452308155418716
les_bridge_pick04__d3t3__00018.wav,lsp-sine,les_bridge_pick04,0.010081768,les_neck_fing01__d3t4__00019.wav,byod-mxr,3,3,3,4,17.46073355198249,17.452308155418716
les_bridge_pick04__d3t4__00019.wav,lsp-sine,les_bridge_pick04,0.005721152,les_neck_pick21__d3t4__00019.wav,lsp-tanh,3,3,4,4,17.46073355198249,17.426284440144894
les_bridge_pick04__d4t0__00020.wav,lsp-sine,les_bridge_pick04,0.004601717,les_neck_fing01__d3t2__00017.wav,pedalboard-tanh,4,3,0,2,21.652716208419097,17.454399305827287
les_bridge_pick04__d4t1__00021.wav,lsp-sine,les_bridge_pick04,0.0018865466,les_bridge_fing17__d3t3__00018.wav,byod-mxr,4,3,1,3,21.652716208419097,17.452308155418716
les_bridge_pick04__d4t2__00022.wav,lsp-sine,les_bridge_pick04,0.0032526255,les_neck_pick21__d4t3__00023.wav,byod-mxr,4,4,2,3,21.652716208419097,21.62039317761596
les_bridge_pick04__d4t3__00023.wav,lsp-sine,les_bridge_pick04,0.0034635067,les_neck_pick21__d4t4__00024.wav,byod-mxr,4,4,3,4,21.652716208419097,21.62039317761596
les_bridge_pick04__d4t4__00024.wav,lsp-sine,les_bridge_pick04,0.006246984,les_neck_pick21__d4t4__00024.wav,pedalboard-tanh,4,4,4,4,21.652716208419097,21.61638024087312
les_bridge_pick04__d5t0__00025.wav,lsp-sine,les_bridge_pick04,0.0047864914,les_bridge_pick22__d4t3__00023.wav,lsp-tanh,5,4,0,3,25.7855895742644,21.61115826291455
les_bridge_pick04__d5t1__00026.wav,lsp-sine,les_bridge_pick04,0.0043261647,les_neck_pick02__d4t3__00023.wav,lsp-tanh,5,4,1,3,25.7855895742644,21.61115826291455
les_bridge_pick04__d5t2__00027.wav,lsp-sine,les_bridge_pick04,0.0030092597,les_neck_pick05__d4t4__00024.wav,pedalboard-tanh,5,4,2,4,25.7855895742644,21.61638024087312
les_bridge_pick04__d5t3__00028.wav,lsp-sine,les_bridge_pick04,0.0043143034,les_neck_pick21__d5t4__00029.wav,pedalboard-tanh,5,5,3,4,25.7855895742644,25.782351420955937
les_bridge_pick04__d5t4__00029.wav,lsp-sine,les_bridge_pick04,0.005497575,les_bridge_fing20__d5t4__00029.wav,pedalboard-tanh,5,5,4,4,25.7855895742644,25.782351420955937
les_bridge_pick04__d6t0__00030.wav,lsp-sine,les_bridge_pick04,0.0045877695,les_bridge_pick22__d5t3__00028.wav,lsp-hardclip,6,5,0,3,29.915327656251563,25.79865436059077
les_bridge_pick04__d6t1__00031.wav,lsp-sine,les_bridge_pick04,0.0018321276,les_neck_pick04__d5t4__00029.wav,lsp-arctan,6,5,1,4,29.915327656251563,25.788497067568912
les_bridge_pick04__d6t2__00032.wav,lsp-sine,les_bridge_pick04,0.0021259785,les_bridge_fing17__d6t3__00033.wav,lsp-tanh,6,6,2,3,29.915327656251563,29.89601395521624
les_bridge_pick04__d6t3__00033.wav,lsp-sine,les_bridge_pick04,0.0017242432,les_bridge_fing17__d6t4__00034.wav,lsp-tanh,6,6,3,4,29.915327656251563,29.89601395521624
les_bridge_pick04__d6t4__00034.wav,lsp-sine,les_bridge_pick04,0.002404511,les_neck_pick14__d6t4__00034.wav,lsp-hardclip,6,6,4,4,29.915327656251563,29.908667593492765
les_bridge_pick04__d7t0__00035.wav,lsp-sine,les_bridge_pick04,0.005436361,les_bridge_pick16__d6t3__00033.wav,byod-mxr,7,6,0,3,34.094517939627885,29.91150927100104
les_bridge_pick04__d7t1__00036.wav,lsp-sine,les_bridge_pick04,0.0014151335,les_neck_pick03__d6t4__00034.wav,byod-mxr,7,6,1,4,34.094517939627885,29.91150927100104
les_bridge_pick04__d7t2__00037.wav,lsp-sine,les_bridge_pick04,0.00128901,les_bridge_fing20__d6t3__00033.wav,pedalboard-tanh,7,6,2,3,34.094517939627885,29.92239131554786
les_bridge_pick04__d7t3__00038.wav,lsp-sine,les_bridge_pick04,0.0020153522,les_neck_pick14__d6t4__00034.wav,pedalboard-tanh,7,6,3,4,34.094517939627885,29.92239131554786
les_bridge_pick04__d7t4__00039.wav,lsp-sine,les_bridge_pick04,0.0009776354,les_neck_pick14__d7t4__00039.wav,lsp-tanh,7,7,4,4,34.094517939627885,34.0729352593394
les_bridge_pick09__d0t0__00000.wav,lsp-sine,les_bridge_pick09,0.00383842,les_bridge_pick22__d0t0__00000.wav,byod-mxr,0,0,0,0,5.041347474059023,5.0
les_bridge_pick09__d0t1__00001.wav,lsp-sine,les_bridge_pick09,0.00061517954,les_bridge_pick17__d2t0__00010.wav,pedalboard-tanh,0,2,1,0,5.041347474059023,13.296816138037473
les_bridge_pick09__d0t2__00002.wav,lsp-sine,les_bridge_pick09,0.00059968233,les_bridge_fing17__d0t0__00000.wav,byod-mxr,0,0,2,0,5.041347474059023,5.0
les_bridge_pick09__d0t3__00003.wav,lsp-sine,les_bridge_pick09,0.0012752414,les_bridge_pick25__d1t2__00007.wav,lsp-arctan,0,1,3,2,5.041347474059023,9.170316408518453
les_bridge_pick09__d0t4__00004.wav,lsp-sine,les_bridge_pick09,0.000916183,les_bridge_pick22__d1t3__00008.wav,lsp-arctan,0,1,4,3,5.041347474059023,9.170316408518453
les_bridge_pick09__d1t0__00005.wav,lsp-sine,les_bridge_pick09,0.0023222566,les_bridge_pick22__d0t0__00000.wav,byod-mxr,1,0,0,0,9.202349861352678,5.0
les_bridge_pick09__d1t1__00006.wav,lsp-sine,les_bridge_pick09,0.0012534857,les_neck_pick02__d1t0__00005.wav,byod-mxr,1,1,1,0,9.202349861352678,9.107670514338215
les_bridge_pick09__d1t2__00007.wav,lsp-sine,les_bridge_pick09,0.00080120564,les_bridge_fing24__d1t1__00006.wav,byod-mxr,1,1,2,1,9.202349861352678,9.107670514338215
les_bridge_pick09__d1t3__00008.wav,lsp-sine,les_bridge_pick09,0.0004284978,les_bridge_fing24__d2t2__00012.wav,lsp-arctan,1,2,3,2,9.202349861352678,13.270071970821393
les_bridge_pick09__d1t4__00009.wav,lsp-sine,les_bridge_pick09,0.0009176135,les_bridge_pick22__d1t3__00008.wav,byod-mxr,1,1,4,3,9.202349861352678,9.107670514338215
les_bridge_pick09__d2t0__00010.wav,lsp-sine,les_bridge_pick09,0.0017982721,les_bridge_pick22__d0t0__00000.wav,byod-mxr,2,0,0,0,13.251366385956809,5.0
les_bridge_pick09__d2t1__00011.wav,lsp-sine,les_bridge_pick09,0.00090277195,les_neck_pick02__d2t0__00010.wav,byod-mxr,2,2,1,0,13.251366385956809,13.292365801948186
les_bridge_pick09__d2t2__00012.wav,lsp-sine,les_bridge_pick09,0.00082463026,les_neck_pick03__d2t1__00011.wav,lsp-tanh,2,2,2,1,13.251366385956809,13.297259315581634
les_bridge_pick09__d2t3__00013.wav,lsp-sine,les_bridge_pick09,0.0040753484,les_neck_pick05__d2t1__00011.wav,pedalboard-tanh,2,2,3,1,13.251366385956809,13.296816138037473
les_bridge_pick09__d2t4__00014.wav,lsp-sine,les_bridge_pick09,0.0033028126,les_neck_pick21__d3t1__00016.wav,byod-mxr,2,3,4,1,13.251366385956809,17.452308155418716
les_bridge_pick09__d3t0__00015.wav,lsp-sine,les_bridge_pick09,0.00050354004,les_bridge_pick22__d1t0__00005.wav,lsp-tanh,3,1,0,0,17.46073355198249,9.088421535688989
les_bridge_pick09__d3t1__00016.wav,lsp-sine,les_bridge_pick09,0.0013149977,les_bridge_pick17__d3t0__00015.wav,pedalboard-tanh,3,3,1,0,17.46073355198249,17.454399305827287
les_bridge_pick09__d3t2__00017.wav,lsp-sine,les_bridge_pick09,0.0046648383,les_bridge_fing21__d3t2__00017.wav,byod-mxr,3,3,2,2,17.46073355198249,17.452308155418716
les_bridge_pick09__d3t3__00018.wav,lsp-sine,les_bridge_pick09,0.0010697842,les_neck_pick04__d3t2__00017.wav,pedalboard-tanh,3,3,3,2,17.46073355198249,17.454399305827287
les_bridge_pick09__d3t4__00019.wav,lsp-sine,les_bridge_pick09,0.0028241277,les_neck_pick11__d3t2__00017.wav,byod-mxr,3,3,4,2,17.46073355198249,17.452308155418716
les_bridge_pick09__d4t0__00020.wav,lsp-sine,les_bridge_pick09,0.0012648702,les_bridge_pick22__d3t0__00015.wav,lsp-hardclip,4,3,0,0,21.652716208419097,17.563088337099366
les_bridge_pick09__d4t1__00021.wav,lsp-sine,les_bridge_pick09,0.0030944347,les_bridge_fing17__d4t0__00020.wav,lsp-tanh,4,4,1,0,21.652716208419097,21.61115826291455
les_bridge_pick09__d4t2__00022.wav,lsp-sine,les_bridge_pick09,0.0034555793,les_bridge_fing17__d4t1__00021.wav,lsp-tanh,4,4,2,1,21.652716208419097,21.61115826291455
les_bridge_pick09__d4t3__00023.wav,lsp-sine,les_bridge_pick09,0.0030976534,les_bridge_fing21__d4t3__00023.wav,lsp-tanh,4,4,3,3,21.652716208419097,21.61115826291455
les_bridge_pick09__d4t4__00024.wav,lsp-sine,les_bridge_pick09,0.0020825267,les_bridge_pick25__d4t3__00023.wav,lsp-tanh,4,4,4,3,21.652716208419097,21.61115826291455
les_bridge_pick09__d5t0__00025.wav,lsp-sine,les_bridge_pick09,0.0020694137,les_neck_pick12__d5t0__00025.wav,pedalboard-tanh,5,5,0,0,25.7855895742644,25.782351420955937
les_bridge_pick09__d5t1__00026.wav,lsp-sine,les_bridge_pick09,0.00443846,les_bridge_fing21__d5t2__00027.wav,lsp-hardclip,5,5,1,2,25.7855895742644,25.79865436059077
les_bridge_pick09__d5t2__00027.wav,lsp-sine,les_bridge_pick09,0.0038446188,les_neck_pick12__d5t3__00028.wav,lsp-arctan,5,5,2,3,25.7855895742644,25.788497067568912
les_bridge_pick09__d5t3__00028.wav,lsp-sine,les_bridge_pick09,0.0027587414,les_bridge_fing17__d5t2__00027.wav,lsp-arctan,5,5,3,2,25.7855895742644,25.788497067568912
les_bridge_pick09__d5t4__00029.wav,lsp-sine,les_bridge_pick09,0.002255261,les_neck_pick09__d5t3__00028.wav,lsp-arctan,5,5,4,3,25.7855895742644,25.788497067568912
les_bridge_pick09__d6t0__00030.wav,lsp-sine,les_bridge_pick09,0.0017035604,les_neck_pick09__d6t0__00030.wav,lsp-hardclip,6,6,0,0,29.915327656251563,29.908667593492765
les_bridge_pick09__d6t1__00031.wav,lsp-sine,les_bridge_pick09,0.0022547245,les_neck_pick03__d6t1__00031.wav,lsp-hardclip,6,6,1,1,29.915327656251563,29.908667593492765
les_bridge_pick09__d6t2__00032.wav,lsp-sine,les_bridge_pick09,0.0023943782,les_neck_pick09__d6t2__00032.wav,lsp-hardclip,6,6,2,2,29.915327656251563,29.908667593492765
les_bridge_pick09__d6t3__00033.wav,lsp-sine,les_bridge_pick09,0.0013572574,les_neck_fing01__d6t2__00032.wav,lsp-arctan,6,6,3,2,29.915327656251563,29.91872954355242
les_bridge_pick09__d6t4__00034.wav,lsp-sine,les_bridge_pick09,0.0021097064,les_neck_pick03__d6t4__00034.wav,lsp-arctan,6,6,4,4,29.915327656251563,29.91872954355242
les_bridge_pick09__d7t0__00035.wav,lsp-sine,les_bridge_pick09,0.0037980676,les_neck_pick11__d7t0__00035.wav,lsp-hardclip,7,7,0,0,34.094517939627885,34.07942205160116
les_bridge_pick09__d7t1__00036.wav,lsp-sine,les_bridge_pick09,0.0012779236,les_neck_pick03__d7t1__00036.wav,lsp-arctan,7,7,1,1,34.094517939627885,34.09435618625095
les_bridge_pick09__d7t2__00037.wav,lsp-sine,les_bridge_pick09,0.001331389,les_neck_pick03__d7t2__00037.wav,pedalboard-tanh,7,7,2,2,34.094517939627885,34.075823464139134
les_bridge_pick09__d7t3__00038.wav,lsp-sine,les_bridge_pick09,0.0021032095,les_neck_pick02__d7t4__00039.wav,lsp-hardclip,7,7,3,4,34.094517939627885,34.07942205160116
les_bridge_pick09__d7t4__00039.wav,lsp-sine,les_bridge_pick09,0.0015381575,les_bridge_fing20__d7t3__00038.wav,lsp-arctan,7,7,4,3,34.094517939627885,34.09435618625095
les_bridge_pick12__d0t0__00000.wav,lsp-sine,les_bridge_pick12,0.002941072,les_bridge_fing21__d1t0__00005.wav,lsp-tanh,0,1,0,0,5.041347474059023,9.088421535688989
les_bridge_pick12__d0t1__00001.wav,lsp-sine,les_bridge_pick12,0.0045537353,les_bridge_pick22__d0t0__00000.wav,byod-mxr,0,0,1,0,5.041347474059023,5.0
les_bridge_pick12__d0t2__00002.wav,lsp-sine,les_bridge_pick12,0.000121593475,les_bridge_fing20__d1t0__00005.wav,lsp-arctan,0,1,2,0,5.041347474059023,9.170316408518453
les_bridge_pick12__d0t3__00003.wav,lsp-sine,les_bridge_pick12,0.00055384636,les_bridge_pick17__d0t0__00000.wav,lsp-arctan,0,0,3,0,5.041347474059023,5.005872107125804
les_bridge_pick12__d0t4__00004.wav,lsp-sine,les_bridge_pick12,0.00042307377,les_bridge_fing24__d1t1__00006.wav,pedalboard-tanh,0,1,4,1,5.041347474059023,9.146047429418331
les_bridge_pick12__d1t0__00005.wav,lsp-sine,les_bridge_pick12,0.003453672,les_bridge_fing21__d1t0__00005.wav,lsp-tanh,1,1,0,0,9.202349861352678,9.088421535688989
les_bridge_pick12__d1t1__00006.wav,lsp-sine,les_bridge_pick12,0.00081527233,les_bridge_pick22__d0t0__00000.wav,byod-mxr,1,0,1,0,9.202349861352678,5.0
les_bridge_pick12__d1t2__00007.wav,lsp-sine,les_bridge_pick12,0.00032168627,les_bridge_fing24__d1t0__00005.wav,lsp-arctan,1,1,2,0,9.202349861352678,9.170316408518453
les_bridge_pick12__d1t3__00008.wav,lsp-sine,les_bridge_pick12,0.0003142953,les_bridge_pick25__d1t1__00006.wav,pedalboard-tanh,1,1,3,1,9.202349861352678,9.146047429418331
les_bridge_pick12__d1t4__00009.wav,lsp-sine,les_bridge_pick12,0.0006939173,les_bridge_pick22__d1t2__00007.wav,pedalboard-tanh,1,1,4,2,9.202349861352678,9.146047429418331
les_bridge_pick12__d2t0__00010.wav,lsp-sine,les_bridge_pick12,0.0034560561,les_bridge_fing21__d2t0__00010.wav,lsp-arctan,2,2,0,0,13.251366385956809,13.270071970821393
les_bridge_pick12__d2t1__00011.wav,lsp-sine,les_bridge_pick12,0.0012207031,les_bridge_fing21__d0t0__00000.wav,lsp-hardclip,2,0,1,0,13.251366385956809,5.063331073032135
les_bridge_pick12__d2t2__00012.wav,lsp-sine,les_bridge_pick12,0.00052672625,les_bridge_fing24__d2t0__00010.wav,byod-mxr,2,2,2,0,13.251366385956809,13.292365801948186
les_bridge_pick12__d2t3__00013.wav,lsp-sine,les_bridge_pick12,0.002902627,les_neck_pick21__d3t0__00015.wav,byod-mxr,2,3,3,0,13.251366385956809,17.452308155418716
les_bridge_pick12__d2t4__00014.wav,lsp-sine,les_bridge_pick12,0.0014429092,les_neck_pick12__d2t3__00013.wav,lsp-tanh,2,2,4,3,13.251366385956809,13.297259315581634
les_bridge_pick12__d3t0__00015.wav,lsp-sine,les_bridge_pick12,0.003771603,les_bridge_fing21__d3t0__00015.wav,lsp-arctan,3,3,0,0,17.46073355198249,17.436825605717576
les_bridge_pick12__d3t1__00016.wav,lsp-sine,les_bridge_pick12,0.0005750656,les_bridge_pick22__d3t0__00015.wav,lsp-tanh,3,3,1,0,17.46073355198249,17.426284440144894
les_bridge_pick12__d3t2__00017.wav,lsp-sine,les_bridge_pick12,0.0013372898,les_neck_pick07__d2t2__00012.wav,lsp-tanh,3,2,2,2,17.46073355198249,13.297259315581634
les_bridge_pick12__d3t3__00018.wav,lsp-sine,les_bridge_pick12,0.0013649464,les_bridge_pick22__d3t2__00017.wav,pedalboard-tanh,3,3,3,2,17.46073355198249,17.454399305827287
les_bridge_pick12__d3t4__00019.wav,lsp-sine,les_bridge_pick12,0.003279984,les_bridge_fing24__d3t2__00017.wav,byod-mxr,3,3,4,2,17.46073355198249,17.452308155418716
les_bridge_pick12__d4t0__00020.wav,lsp-sine,les_bridge_pick12,0.0010561347,les_neck_pick07__d3t1__00016.wav,pedalboard-tanh,4,3,0,1,21.652716208419097,17.454399305827287
les_bridge_pick12__d4t1__00021.wav,lsp-sine,les_bridge_pick12,0.0009855628,les_bridge_fing24__d4t0__00020.wav,byod-mxr,4,4,1,0,21.652716208419097,21.62039317761596
les_bridge_pick12__d4t2__00022.wav,lsp-sine,les_bridge_pick12,0.0014901757,les_neck_pick12__d4t2__00022.wav,pedalboard-tanh,4,4,2,2,21.652716208419097,21.61638024087312
les_bridge_pick12__d4t3__00023.wav,lsp-sine,les_bridge_pick12,0.0034441352,les_neck_pick05__d4t1__00021.wav,lsp-tanh,4,4,3,1,21.652716208419097,21.61115826291455
les_bridge_pick12__d4t4__00024.wav,lsp-sine,les_bridge_pick12,0.0017330647,les_neck_pick11__d4t2__00022.wav,lsp-arctan,4,4,4,2,21.652716208419097,21.613326710488973
les_bridge_pick12__d5t0__00025.wav,lsp-sine,les_bridge_pick12,0.00032871962,les_bridge_fing21__d5t0__00025.wav,lsp-tanh,5,5,0,0,25.7855895742644,25.766463780707188
les_bridge_pick12__d5t1__00026.wav,lsp-sine,les_bridge_pick12,0.004790485,les_neck_pick12__d5t1__00026.wav,lsp-arctan,5,5,1,1,25.7855895742644,25.788497067568912
les_bridge_pick12__d5t2__00027.wav,lsp-sine,les_bridge_pick12,0.0021496415,les_bridge_fing24__d5t2__00027.wav,byod-mxr,5,5,2,2,25.7855895742644,25.779078975465445
les_bridge_pick12__d5t3__00028.wav,lsp-sine,les_bridge_pick12,0.001464963,les_bridge_pick25__d5t2__00027.wav,lsp-tanh,5,5,3,2,25.7855895742644,25.766463780707188
les_bridge_pick12__d5t4__00029.wav,lsp-sine,les_bridge_pick12,0.0026015043,les_bridge_pick22__d5t3__00028.wav,lsp-tanh,5,5,4,3,25.7855895742644,25.766463780707188
les_bridge_pick12__d6t0__00030.wav,lsp-sine,les_bridge_pick12,0.0012620091,les_neck_pick07__d5t2__00027.wav,lsp-arctan,6,5,0,2,29.915327656251563,25.788497067568912
les_bridge_pick12__d6t1__00031.wav,lsp-sine,les_bridge_pick12,0.004021585,les_bridge_fing24__d6t1__00031.wav,lsp-tanh,6,6,1,1,29.915327656251563,29.89601395521624
les_bridge_pick12__d6t2__00032.wav,lsp-sine,les_bridge_pick12,0.0011637211,les_bridge_fing17__d6t1__00031.wav,lsp-arctan,6,6,2,1,29.915327656251563,29.91872954355242
les_bridge_pick12__d6t3__00033.wav,lsp-sine,les_bridge_pick12,0.0024121404,les_neck_pick12__d6t4__00034.wav,lsp-arctan,6,6,3,4,29.915327656251563,29.91872954355242
les_bridge_pick12__d6t4__00034.wav,lsp-sine,les_bridge_pick12,0.002214849,les_neck_pick02__d6t4__00034.wav,byod-mxr,6,6,4,4,29.915327656251563,29.91150927100104
les_bridge_pick12__d7t0__00035.wav,lsp-sine,les_bridge_pick12,0.0014594793,les_neck_pick07__d6t2__00032.wav,byod-mxr,7,6,0,2,34.094517939627885,29.91150927100104
les_bridge_pick12__d7t1__00036.wav,lsp-sine,les_bridge_pick12,0.0032593012,les_neck_pick07__d6t3__00033.wav,lsp-tanh,7,6,1,3,34.094517939627885,29.89601395521624
les_bridge_pick12__d7t2__00037.wav,lsp-sine,les_bridge_pick12,0.0030245185,les_neck_pick03__d7t2__00037.wav,lsp-tanh,7,7,2,2,34.094517939627885,34.0729352593394
les_bridge_pick12__d7t3__00038.wav,lsp-sine,les_bridge_pick12,0.002209723,les_neck_fing15__d7t2__00037.wav,lsp-hardclip,7,7,3,2,34.094517939627885,34.07942205160116
les_bridge_pick12__d7t4__00039.wav,lsp-sine,les_bridge_pick12,0.0019646883,les_neck_fing15__d6t4__00034.wav,byod-mxr,7,6,4,4,34.094517939627885,29.91150927100104
les_bridge_pick21__d0t0__00000.wav,lsp-sine,les_bridge_pick21,0.0034692287,les_bridge_pick16__d0t2__00002.wav,lsp-arctan,0,0,0,2,5.041347474059023,5.005872107125804
les_bridge_pick21__d0t1__00001.wav,lsp-sine,les_bridge_pick21,0.0007389188,les_bridge_fing24__d1t2__00007.wav,pedalboard-tanh,0,1,1,2,5.041347474059023,9.146047429418331
les_bridge_pick21__d0t2__00002.wav,lsp-sine,les_bridge_pick21,0.001789093,les_bridge_pick25__d0t4__00004.wav,pedalboard-tanh,0,0,2,4,5.041347474059023,5.0
les_bridge_pick21__d0t3__00003.wav,lsp-sine,les_bridge_pick21,0.001981914,les_bridge_pick17__d0t4__00004.wav,byod-mxr,0,0,3,4,5.041347474059023,5.0
les_bridge_pick21__d0t4__00004.wav,lsp-sine,les_bridge_pick21,0.002750039,les_bridge_pick17__d0t4__00004.wav,lsp-hardclip,0,0,4,4,5.041347474059023,5.063331073032135
les_bridge_pick21__d1t0__00005.wav,lsp-sine,les_bridge_pick21,0.0004708171,les_bridge_fing17__d1t0__00005.wav,pedalboard-tanh,1,1,0,0,9.202349861352678,9.146047429418331
les_bridge_pick21__d1t1__00006.wav,lsp-sine,les_bridge_pick21,0.00057691336,les_bridge_fing17__d1t1__00006.wav,pedalboard-tanh,1,1,1,1,9.202349861352678,9.146047429418331
les_bridge_pick21__d1t2__00007.wav,lsp-sine,les_bridge_pick21,0.0015407205,les_bridge_pick25__d0t4__00004.wav,byod-mxr,1,0,2,4,9.202349861352678,5.0
les_bridge_pick21__d1t3__00008.wav,lsp-sine,les_bridge_pick21,0.0029147863,les_bridge_pick17__d1t4__00009.wav,byod-mxr,1,1,3,4,9.202349861352678,9.107670514338215
les_bridge_pick21__d1t4__00009.wav,lsp-sine,les_bridge_pick21,0.0051507354,les_bridge_fing17__d1t3__00008.wav,lsp-arctan,1,1,4,3,9.202349861352678,9.170316408518453
les_bridge_pick21__d2t0__00010.wav,lsp-sine,les_bridge_pick21,0.0010755062,les_bridge_fing17__d2t0__00010.wav,lsp-hardclip,2,2,0,0,13.251366385956809,13.55142968534178
les_bridge_pick21__d2t1__00011.wav,lsp-sine,les_bridge_pick21,0.0010818243,les_bridge_fing17__d1t1__00006.wav,byod-mxr,2,1,1,1,13.251366385956809,9.107670514338215
les_bridge_pick21__d2t2__00012.wav,lsp-sine,les_bridge_pick21,0.0020830631,les_bridge_pick17__d2t3__00013.wav,lsp-arctan,2,2,2,3,13.251366385956809,13.270071970821393
les_bridge_pick21__d2t3__00013.wav,lsp-sine,les_bridge_pick21,0.0032952428,les_bridge_fing17__d1t3__00008.wav,byod-mxr,2,1,3,3,13.251366385956809,9.107670514338215
les_bridge_pick21__d2t4__00014.wav,lsp-sine,les_bridge_pick21,0.0020489693,les_bridge_fing17__d0t4__00004.wav,lsp-hardclip,2,0,4,4,13.251366385956809,5.063331073032135
les_bridge_pick21__d3t0__00015.wav,lsp-sine,les_bridge_pick21,0.0018883348,les_neck_pick04__d0t1__00001.wav,lsp-hardclip,3,0,0,1,17.46073355198249,5.063331073032135
les_bridge_pick21__d3t1__00016.wav,lsp-sine,les_bridge_pick21,0.002119124,les_bridge_pick22__d2t3__00013.wav,byod-mxr,3,2,1,3,17.46073355198249,13.292365801948186
les_bridge_pick21__d3t2__00017.wav,lsp-sine,les_bridge_pick21,0.006782055,les_neck_pick03__d2t3__00013.wav,byod-mxr,3,2,2,3,17.46073355198249,13.292365801948186
les_bridge_pick21__d3t3__00018.wav,lsp-sine,les_bridge_pick21,0.0043833256,les_neck_pick05__d2t3__00013.wav,byod-mxr,3,2,3,3,17.46073355198249,13.292365801948186
les_bridge_pick21__d3t4__00019.wav,lsp-sine,les_bridge_pick21,0.0036423206,les_neck_pick21__d3t3__00018.wav,lsp-tanh,3,3,4,3,17.46073355198249,17.426284440144894
les_bridge_pick21__d4t0__00020.wav,lsp-sine,les_bridge_pick21,0.0015217662,les_bridge_pick16__d3t2__00017.wav,lsp-arctan,4,3,0,2,21.652716208419097,17.436825605717576
les_bridge_pick21__d4t1__00021.wav,lsp-sine,les_bridge_pick21,0.0040915012,les_neck_pick11__d1t2__00007.wav,byod-mxr,4,1,1,2,21.652716208419097,9.107670514338215
les_bridge_pick21__d4t2__00022.wav,lsp-sine,les_bridge_pick21,0.003575921,les_neck_pick21__d4t2__00022.wav,lsp-arctan,4,4,2,2,21.652716208419097,21.613326710488973
les_bridge_pick21__d4t3__00023.wav,lsp-sine,les_bridge_pick21,0.0050914884,les_neck_pick09__d4t4__00024.wav,lsp-hardclip,4,4,3,4,21.652716208419097,21.54643860361127
les_bridge_pick21__d4t4__00024.wav,lsp-sine,les_bridge_pick21,0.006380081,les_neck_pick21__d4t4__00024.wav,byod-mxr,4,4,4,4,21.652716208419097,21.62039317761596
les_bridge_pick21__d5t0__00025.wav,lsp-sine,les_bridge_pick21,0.0076592565,les_neck_fing01__d3t1__00016.wav,lsp-hardclip,5,3,0,1,25.7855895742644,17.563088337099366
les_bridge_pick21__d5t1__00026.wav,lsp-sine,les_bridge_pick21,0.003432691,les_neck_pick09__d4t2__00022.wav,lsp-arctan,5,4,1,2,25.7855895742644,21.613326710488973
les_bridge_pick21__d5t2__00027.wav,lsp-sine,les_bridge_pick21,0.0038040876,les_neck_pick04__d4t4__00024.wav,byod-mxr,5,4,2,4,25.7855895742644,21.62039317761596
les_bridge_pick21__d5t3__00028.wav,lsp-sine,les_bridge_pick21,0.0018182397,les_neck_pick21__d5t3__00028.wav,lsp-arctan,5,5,3,3,25.7855895742644,25.788497067568912
les_bridge_pick21__d5t4__00029.wav,lsp-sine,les_bridge_pick21,0.0022777915,les_neck_pick21__d5t4__00029.wav,lsp-tanh,5,5,4,4,25.7855895742644,25.766463780707188
les_bridge_pick21__d6t0__00030.wav,lsp-sine,les_bridge_pick21,0.005872488,les_bridge_pick16__d5t2__00027.wav,byod-mxr,6,5,0,2,29.915327656251563,25.779078975465445
les_bridge_pick21__d6t1__00031.wav,lsp-sine,les_bridge_pick21,0.0043430924,les_bridge_fing21__d5t4__00029.wav,pedalboard-tanh,6,5,1,4,29.915327656251563,25.782351420955937
les_bridge_pick21__d6t2__00032.wav,lsp-sine,les_bridge_pick21,0.001835525,les_neck_pick21__d6t3__00033.wav,lsp-hardclip,6,6,2,3,29.915327656251563,29.908667593492765
les_bridge_pick21__d6t3__00033.wav,lsp-sine,les_bridge_pick21,0.0027225614,les_neck_pick21__d6t4__00034.wav,lsp-hardclip,6,6,3,4,29.915327656251563,29.908667593492765
les_bridge_pick21__d6t4__00034.wav,lsp-sine,les_bridge_pick21,0.0028564334,les_neck_pick04__d7t4__00039.wav,pedalboard-tanh,6,7,4,4,29.915327656251563,34.075823464139134
les_bridge_pick21__d7t0__00035.wav,lsp-sine,les_bridge_pick21,0.0038819313,les_bridge_pick16__d6t2__00032.wav,lsp-hardclip,7,6,0,2,34.094517939627885,29.908667593492765
les_bridge_pick21__d7t1__00036.wav,lsp-sine,les_bridge_pick21,0.004245043,les_neck_pick04__d6t3__00033.wav,lsp-hardclip,7,6,1,3,34.094517939627885,29.908667593492765
les_bridge_pick21__d7t2__00037.wav,lsp-sine,les_bridge_pick21,0.0018298626,les_neck_pick04__d7t3__00038.wav,pedalboard-tanh,7,7,2,3,34.094517939627885,34.075823464139134
les_bridge_pick21__d7t3__00038.wav,lsp-sine,les_bridge_pick21,0.0011565685,les_neck_pick04__d7t4__00039.wav,lsp-arctan,7,7,3,4,34.094517939627885,34.09435618625095
les_bridge_pick21__d7t4__00039.wav,lsp-sine,les_bridge_pick21,0.0009974837,les_neck_fing15__d7t4__00039.wav,lsp-hardclip,7,7,4,4,34.094517939627885,34.07942205160116
les_neck_fing03__d0t0__00000.wav,lsp-sine,les_neck_fing03,0.00027513504,les_neck_pick02__d0t0__00000.wav,lsp-tanh,0,0,0,0,5.041347474059023,5.0
les_neck_fing03__d0t1__00001.wav,lsp-sine,les_neck_fing03,0.00056517124,les_bridge_fing24__d0t1__00001.wav,byod-mxr,0,0,1,1,5.041347474059023,5.0
les_neck_fing03__d0t2__00002.wav,lsp-sine,les_neck_fing03,0.0020849705,les_neck_pick14__d2t1__00011.wav,lsp-hardclip,0,2,2,1,5.041347474059023,13.55142968534178
les_neck_fing03__d0t3__00003.wav,lsp-sine,les_neck_fing03,0.0015789866,les_neck_pick02__d1t3__00008.wav,lsp-arctan,0,1,3,3,5.041347474059023,9.170316408518453
les_neck_fing03__d0t4__00004.wav,lsp-sine,les_neck_fing03,0.0012614131,les_neck_pick02__d1t4__00009.wav,lsp-tanh,0,1,4,4,5.041347474059023,9.088421535688989
les_neck_fing03__d1t0__00005.wav,lsp-sine,les_neck_fing03,0.0002875924,les_bridge_pick22__d1t1__00006.wav,lsp-arctan,1,1,0,1,9.202349861352678,9.170316408518453
les_neck_fing03__d1t1__00006.wav,lsp-sine,les_neck_fing03,0.0016723871,les_bridge_fing17__d0t0__00000.wav,byod-mxr,1,0,1,0,9.202349861352678,5.0
les_neck_fing03__d1t2__00007.wav,lsp-sine,les_neck_fing03,0.0019693375,les_bridge_pick17__d1t2__00007.wav,lsp-hardclip,1,1,2,2,9.202349861352678,9.35456396552498
les_neck_fing03__d1t3__00008.wav,lsp-sine,les_neck_fing03,0.0034481883,les_neck_pick02__d1t3__00008.wav,lsp-arctan,1,1,3,3,9.202349861352678,9.170316408518453
les_neck_fing03__d1t4__00009.wav,lsp-sine,les_neck_fing03,0.0025528073,les_neck_pick02__d0t4__00004.wav,byod-mxr,1,0,4,4,9.202349861352678,5.0
les_neck_fing03__d2t0__00010.wav,lsp-sine,les_neck_fing03,0.00036853552,les_neck_pick02__d2t0__00010.wav,byod-mxr,2,2,0,0,13.251366385956809,13.292365801948186
les_neck_fing03__d2t1__00011.wav,lsp-sine,les_neck_fing03,0.003022015,les_bridge_pick22__d2t2__00012.wav,lsp-hardclip,2,2,1,2,13.251366385956809,13.55142968534178
les_neck_fing03__d2t2__00012.wav,lsp-sine,les_neck_fing03,0.0010509491,les_neck_pick09__d0t2__00002.wav,lsp-tanh,2,0,2,2,13.251366385956809,5.0
les_neck_fing03__d2t3__00013.wav,lsp-sine,les_neck_fing03,0.0020331144,les_neck_pick09__d3t3__00018.wav,lsp-hardclip,2,3,3,3,13.251366385956809,17.563088337099366
les_neck_fing03__d2t4__00014.wav,lsp-sine,les_neck_fing03,0.0030727386,les_neck_pick09__d1t4__00009.wav,lsp-arctan,2,1,4,4,13.251366385956809,9.170316408518453
les_neck_fing03__d3t0__00015.wav,lsp-sine,les_neck_fing03,0.0005711913,les_neck_pick02__d3t0__00015.wav,pedalboard-tanh,3,3,0,0,17.46073355198249,17.454399305827287
les_neck_fing03__d3t1__00016.wav,lsp-sine,les_neck_fing03,0.0011299849,les_neck_pick02__d3t1__00016.wav,byod-mxr,3,3,1,1,17.46073355198249,17.452308155418716
les_neck_fing03__d3t2__00017.wav,lsp-sine,les_neck_fing03,0.0024042726,les_bridge_fing24__d3t4__00019.wav,lsp-tanh,3,3,2,4,17.46073355198249,17.426284440144894
les_neck_fing03__d3t3__00018.wav,lsp-sine,les_neck_fing03,0.001088202,les_neck_pick04__d3t4__00019.wav,pedalboard-tanh,3,3,3,4,17.46073355198249,17.454399305827287
les_neck_fing03__d3t4__00019.wav,lsp-sine,les_neck_fing03,0.001390636,les_neck_pick09__d4t4__00024.wav,lsp-hardclip,3,4,4,4,17.46073355198249,21.54643860361127
les_neck_fing03__d4t0__00020.wav,lsp-sine,les_neck_fing03,0.0016282797,les_neck_pick02__d4t0__00020.wav,lsp-arctan,4,4,0,0,21.652716208419097,21.613326710488973
les_neck_fing03__d4t1__00021.wav,lsp-sine,les_neck_fing03,0.0009365082,les_neck_pick05__d4t1__00021.wav,lsp-tanh,4,4,1,1,21.652716208419097,21.61115826291455
les_neck_fing03__d4t2__00022.wav,lsp-sine,les_neck_fing03,0.0010060072,les_neck_pick05__d4t2__00022.wav,lsp-tanh,4,4,2,2,21.652716208419097,21.61115826291455
les_neck_fing03__d4t3__00023.wav,lsp-sine,les_neck_fing03,0.0036774874,les_neck_fing01__d4t3__00023.wav,pedalboard-tanh,4,4,3,3,21.652716208419097,21.61638024087312
les_neck_fing03__d4t4__00024.wav,lsp-sine,les_neck_fing03,0.0018265843,les_neck_pick02__d4t4__00024.wav,lsp-tanh,4,4,4,4,21.652716208419097,21.61115826291455
les_neck_fing03__d5t0__00025.wav,lsp-sine,les_neck_fing03,0.002535224,les_neck_pick02__d5t0__00025.wav,lsp-tanh,5,5,0,0,25.7855895742644,25.766463780707188
les_neck_fing03__d5t1__00026.wav,lsp-sine,les_neck_fing03,0.003813684,les_bridge_fing17__d5t1__00026.wav,lsp-tanh,5,5,1,1,25.7855895742644,25.766463780707188
les_neck_fing03__d5t2__00027.wav,lsp-sine,les_neck_fing03,0.006379366,les_neck_pick21__d5t2__00027.wav,lsp-hardclip,5,5,2,2,25.7855895742644,25.79865436059077
les_neck_fing03__d5t3__00028.wav,lsp-sine,les_neck_fing03,0.001987636,les_neck_pick04__d5t4__00029.wav,pedalboard-tanh,5,5,3,4,25.7855895742644,25.782351420955937
les_neck_fing03__d5t4__00029.wav,lsp-sine,les_neck_fing03,0.004289925,les_bridge_fing20__d5t3__00028.wav,lsp-arctan,5,5,4,3,25.7855895742644,25.788497067568912
les_neck_fing03__d6t0__00030.wav,lsp-sine,les_neck_fing03,0.0019671917,les_neck_pick21__d6t0__00030.wav,lsp-tanh,6,6,0,0,29.915327656251563,29.89601395521624
les_neck_fing03__d6t1__00031.wav,lsp-sine,les_neck_fing03,0.0027942061,les_neck_pick21__d6t1__00031.wav,lsp-tanh,6,6,1,1,29.915327656251563,29.89601395521624
les_neck_fing03__d6t2__00032.wav,lsp-sine,les_neck_fing03,0.0019863844,les_neck_pick12__d6t4__00034.wav,lsp-arctan,6,6,2,4,29.915327656251563,29.91872954355242
les_neck_fing03__d6t3__00033.wav,lsp-sine,les_neck_fing03,0.0020698905,les_neck_fing01__d5t4__00029.wav,pedalboard-tanh,6,5,3,4,29.915327656251563,25.782351420955937
les_neck_fing03__d6t4__00034.wav,lsp-sine,les_neck_fing03,0.00357306,les_neck_pick21__d6t4__00034.wav,lsp-tanh,6,6,4,4,29.915327656251563,29.89601395521624
les_neck_fing03__d7t0__00035.wav,lsp-sine,les_neck_fing03,0.0017213821,les_neck_pick21__d7t0__00035.wav,lsp-tanh,7,7,0,0,34.094517939627885,34.0729352593394
les_neck_fing03__d7t1__00036.wav,lsp-sine,les_neck_fing03,0.003990531,les_neck_pick21__d7t1__00036.wav,pedalboard-tanh,7,7,1,1,34.094517939627885,34.075823464139134
les_neck_fing03__d7t2__00037.wav,lsp-sine,les_neck_fing03,0.0016809106,les_neck_pick02__d7t3__00038.wav,byod-mxr,7,7,2,3,34.094517939627885,34.08156088036171
les_neck_fing03__d7t3__00038.wav,lsp-sine,les_neck_fing03,0.001278162,les_neck_fing01__d6t4__00034.wav,pedalboard-tanh,7,6,3,4,34.094517939627885,29.92239131554786
les_neck_fing03__d7t4__00039.wav,lsp-sine,les_neck_fing03,0.0010452867,les_bridge_fing20__d6t4__00034.wav,lsp-arctan,7,6,4,4,34.094517939627885,29.91872954355242
les_neck_fing04__d0t0__00000.wav,lsp-sine,les_neck_fing04,0.0012722015,les_bridge_pick22__d0t0__00000.wav,lsp-hardclip,0,0,0,0,5.041347474059023,5.063331073032135
les_neck_fing04__d0t1__00001.wav,lsp-sine,les_neck_fing04,0.0041288137,les_neck_pick04__d2t1__00011.wav,pedalboard-tanh,0,2,1,1,5.041347474059023,13.296816138037473
les_neck_fing04__d0t2__00002.wav,lsp-sine,les_neck_fing04,0.0034579635,les_bridge_fing24__d2t3__00013.wav,byod-mxr,0,2,2,3,5.041347474059023,13.292365801948186
les_neck_fing04__d0t3__00003.wav,lsp-sine,les_neck_fing04,0.0061612725,les_neck_fing15__d4t3__00023.wav,lsp-hardclip,0,4,3,3,5.041347474059023,21.54643860361127
les_neck_fing04__d0t4__00004.wav,lsp-sine,les_neck_fing04,0.003135264,les_neck_fing01__d1t4__00009.wav,byod-mxr,0,1,4,4,5.041347474059023,9.107670514338215
les_neck_fing04__d1t0__00005.wav,lsp-sine,les_neck_fing04,0.001005888,les_neck_pick12__d2t1__00011.wav,byod-mxr,1,2,0,1,9.202349861352678,13.292365801948186
les_neck_fing04__d1t1__00006.wav,lsp-sine,les_neck_fing04,0.0032482147,les_bridge_fing17__d3t0__00015.wav,lsp-tanh,1,3,1,0,9.202349861352678,17.426284440144894
les_neck_fing04__d1t2__00007.wav,lsp-sine,les_neck_fing04,0.003971398,les_bridge_fing24__d2t3__00013.wav,byod-mxr,1,2,2,3,9.202349861352678,13.292365801948186
les_neck_fing04__d1t3__00008.wav,lsp-sine,les_neck_fing04,0.0054028034,les_bridge_fing20__d2t4__00014.wav,pedalboard-tanh,1,2,3,4,9.202349861352678,13.296816138037473
les_neck_fing04__d1t4__00009.wav,lsp-sine,les_neck_fing04,0.002988696,les_neck_pick09__d0t4__00004.wav,lsp-tanh,1,0,4,4,9.202349861352678,5.0
les_neck_fing04__d2t0__00010.wav,lsp-sine,les_neck_fing04,0.0012279749,les_bridge_pick22__d1t0__00005.wav,lsp-hardclip,2,1,0,0,13.251366385956809,9.35456396552498
les_neck_fing04__d2t1__00011.wav,lsp-sine,les_neck_fing04,0.0029307604,les_bridge_fing17__d3t0__00015.wav,pedalboard-tanh,2,3,1,0,13.251366385956809,17.454399305827287
les_neck_fing04__d2t2__00012.wav,lsp-sine,les_neck_fing04,0.003015697,les_neck_pick11__d0t2__00002.wav,lsp-tanh,2,0,2,2,13.251366385956809,5.0
les_neck_fing04__d2t3__00013.wav,lsp-sine,les_neck_fing04,0.005851686,les_neck_pick11__d0t3__00003.wav,lsp-arctan,2,0,3,3,13.251366385956809,5.005872107125804
les_neck_fing04__d2t4__00014.wav,lsp-sine,les_neck_fing04,0.0024721026,les_neck_pick11__d0t4__00004.wav,lsp-tanh,2,0,4,4,13.251366385956809,5.0
les_neck_fing04__d3t0__00015.wav,lsp-sine,les_neck_fing04,0.001498282,les_bridge_pick22__d3t0__00015.wav,byod-mxr,3,3,0,0,17.46073355198249,17.452308155418716
les_neck_fing04__d3t1__00016.wav,lsp-sine,les_neck_fing04,0.0016883612,les_bridge_fing24__d3t1__00016.wav,byod-mxr,3,3,1,1,17.46073355198249,17.452308155418716
les_neck_fing04__d3t2__00017.wav,lsp-sine,les_neck_fing04,0.0019237399,les_bridge_pick22__d3t3__00018.wav,byod-mxr,3,3,2,3,17.46073355198249,17.452308155418716
les_neck_fing04__d3t3__00018.wav,lsp-sine,les_neck_fing04,0.0053660274,les_neck_pick11__d3t3__00018.wav,pedalboard-tanh,3,3,3,3,17.46073355198249,17.454399305827287
les_neck_fing04__d3t4__00019.wav,lsp-sine,les_neck_fing04,0.0024636984,les_neck_pick02__d3t4__00019.wav,lsp-arctan,3,3,4,4,17.46073355198249,17.436825605717576
les_neck_fing04__d4t0__00020.wav,lsp-sine,les_neck_fing04,0.0010434389,les_neck_pick12__d4t1__00021.wav,lsp-hardclip,4,4,0,1,21.652716208419097,21.54643860361127
les_neck_fing04__d4t1__00021.wav,lsp-sine,les_neck_fing04,0.0033187866,les_neck_pick12__d4t2__00022.wav,pedalboard-tanh,4,4,1,2,21.652716208419097,21.61638024087312
les_neck_fing04__d4t2__00022.wav,lsp-sine,les_neck_fing04,0.0021867156,les_neck_pick11__d4t2__00022.wav,lsp-tanh,4,4,2,2,21.652716208419097,21.61115826291455
les_neck_fing04__d4t3__00023.wav,lsp-sine,les_neck_fing04,0.003672421,les_bridge_pick22__d4t4__00024.wav,pedalboard-tanh,4,4,3,4,21.652716208419097,21.61638024087312
les_neck_fing04__d4t4__00024.wav,lsp-sine,les_neck_fing04,0.002660334,les_bridge_fing20__d4t4__00024.wav,byod-mxr,4,4,4,4,21.652716208419097,21.62039317761596
les_neck_fing04__d5t0__00025.wav,lsp-sine,les_neck_fing04,0.0021733046,les_neck_pick11__d5t0__00025.wav,lsp-hardclip,5,5,0,0,25.7855895742644,25.79865436059077
les_neck_fing04__d5t1__00026.wav,lsp-sine,les_neck_fing04,0.0025892854,les_neck_pick11__d5t1__00026.wav,lsp-hardclip,5,5,1,1,25.7855895742644,25.79865436059077
les_neck_fing04__d5t2__00027.wav,lsp-sine,les_neck_fing04,0.0036172867,les_neck_pick11__d5t2__00027.wav,pedalboard-tanh,5,5,2,2,25.7855895742644,25.782351420955937
les_neck_fing04__d5t3__00028.wav,lsp-sine,les_neck_fing04,0.0035871267,les_neck_pick04__d5t3__00028.wav,pedalboard-tanh,5,5,3,3,25.7855895742644,25.782351420955937
les_neck_fing04__d5t4__00029.wav,lsp-sine,les_neck_fing04,0.0024762154,les_neck_pick02__d5t4__00029.wav,pedalboard-tanh,5,5,4,4,25.7855895742644,25.782351420955937
les_neck_fing04__d6t0__00030.wav,lsp-sine,les_neck_fing04,0.002078116,les_bridge_fing24__d6t0__00030.wav,lsp-arctan,6,6,0,0,29.915327656251563,29.91872954355242
les_neck_fing04__d6t1__00031.wav,lsp-sine,les_neck_fing04,0.0017793179,les_neck_pick11__d6t1__00031.wav,pedalboard-tanh,6,6,1,1,29.915327656251563,29.92239131554786
les_neck_fing04__d6t2__00032.wav,lsp-sine,les_neck_fing04,0.0022891164,les_neck_pick04__d7t1__00036.wav,lsp-arctan,6,7,2,1,29.915327656251563,34.09435618625095
les_neck_fing04__d6t3__00033.wav,lsp-sine,les_neck_fing04,0.0039324164,les_neck_pick03__d6t3__00033.wav,lsp-tanh,6,6,3,3,29.915327656251563,29.89601395521624
les_neck_fing04__d6t4__00034.wav,lsp-sine,les_neck_fing04,0.001251936,les_neck_pick04__d7t3__00038.wav,byod-mxr,6,7,4,3,29.915327656251563,34.08156088036171
les_neck_fing04__d7t0__00035.wav,lsp-sine,les_neck_fing04,0.00074726343,les_bridge_fing24__d7t0__00035.wav,lsp-arctan,7,7,0,0,34.094517939627885,34.09435618625095
les_neck_fing04__d7t1__00036.wav,lsp-sine,les_neck_fing04,0.001543045,les_bridge_fing24__d7t1__00036.wav,pedalboard-tanh,7,7,1,1,34.094517939627885,34.075823464139134
les_neck_fing04__d7t2__00037.wav,lsp-sine,les_neck_fing04,0.002471149,les_bridge_fing20__d7t1__00036.wav,lsp-hardclip,7,7,2,1,34.094517939627885,34.07942205160116
les_neck_fing04__d7t3__00038.wav,lsp-sine,les_neck_fing04,0.0018274784,les_neck_pick03__d7t3__00038.wav,pedalboard-tanh,7,7,3,3,34.094517939627885,34.075823464139134
les_neck_fing04__d7t4__00039.wav,lsp-sine,les_neck_fing04,0.0010945797,les_neck_pick09__d7t4__00039.wav,lsp-tanh,7,7,4,4,34.094517939627885,34.0729352593394
les_neck_fing09__d0t0__00000.wav,lsp-sine,les_neck_fing09,0.011230111,les_bridge_pick16__d2t0__00010.wav,lsp-arctan,0,2,0,0,5.041347474059023,13.270071970821393
les_neck_fing09__d0t1__00001.wav,lsp-sine,les_neck_fing09,0.0075874925,les_bridge_fing21__d0t1__00001.wav,pedalboard-tanh,0,0,1,1,5.041347474059023,5.0
les_neck_fing09__d0t2__00002.wav,lsp-sine,les_neck_fing09,0.007240355,les_bridge_pick16__d0t2__00002.wav,pedalboard-tanh,0,0,2,2,5.041347474059023,5.0
les_neck_fing09__d0t3__00003.wav,lsp-sine,les_neck_fing09,0.002979517,les_neck_fing15__d2t2__00012.wav,byod-mxr,0,2,3,2,5.041347474059023,13.292365801948186
les_neck_fing09__d0t4__00004.wav,lsp-sine,les_neck_fing09,0.0056624413,les_neck_fing15__d2t4__00014.wav,lsp-tanh,0,2,4,4,5.041347474059023,13.297259315581634
les_neck_fing09__d1t0__00005.wav,lsp-sine,les_neck_fing09,0.0047116876,les_bridge_pick16__d2t0__00010.wav,lsp-arctan,1,2,0,0,9.202349861352678,13.270071970821393
les_neck_fing09__d1t1__00006.wav,lsp-sine,les_neck_fing09,0.007819653,les_bridge_pick22__d0t0__00000.wav,byod-mxr,1,0,1,0,9.202349861352678,5.0
les_neck_fing09__d1t2__00007.wav,lsp-sine,les_neck_fing09,0.001187563,les_bridge_pick25__d0t1__00001.wav,byod-mxr,1,0,2,1,9.202349861352678,5.0
les_neck_fing09__d1t3__00008.wav,lsp-sine,les_neck_fing09,0.0021939278,les_neck_fing15__d3t2__00017.wav,lsp-hardclip,1,3,3,2,9.202349861352678,17.563088337099366
les_neck_fing09__d1t4__00009.wav,lsp-sine,les_neck_fing09,0.006793797,les_neck_pick02__d1t3__00008.wav,lsp-arctan,1,1,4,3,9.202349861352678,9.170316408518453
les_neck_fing09__d2t0__00010.wav,lsp-sine,les_neck_fing09,0.0015881658,les_neck_pick12__d0t0__00000.wav,lsp-arctan,2,0,0,0,13.251366385956809,5.005872107125804
les_neck_fing09__d2t1__00011.wav,lsp-sine,les_neck_fing09,0.0010923147,les_bridge_pick25__d2t0__00010.wav,lsp-tanh,2,2,1,0,13.251366385956809,13.297259315581634
les_neck_fing09__d2t2__00012.wav,lsp-sine,les_neck_fing09,0.0014312863,les_bridge_fing24__d2t1__00011.wav,lsp-tanh,2,2,2,1,13.251366385956809,13.297259315581634
les_neck_fing09__d2t3__00013.wav,lsp-sine,les_neck_fing09,0.004330039,les_bridge_pick17__d2t2__00012.wav,byod-mxr,2,2,3,2,13.251366385956809,13.292365801948186
les_neck_fing09__d2t4__00014.wav,lsp-sine,les_neck_fing09,0.0090402365,les_bridge_pick22__d2t4__00014.wav,lsp-hardclip,2,2,4,4,13.251366385956809,13.55142968534178
les_neck_fing09__d3t0__00015.wav,lsp-sine,les_neck_fing09,0.0046350956,les_neck_pick12__d1t0__00005.wav,byod-mxr,3,1,0,0,17.46073355198249,9.107670514338215
les_neck_fing09__d3t1__00016.wav,lsp-sine,les_neck_fing09,0.0013255477,les_neck_pick09__d1t0__00005.wav,lsp-arctan,3,1,1,0,17.46073355198249,9.170316408518453
les_neck_fing09__d3t2__00017.wav,lsp-sine,les_neck_fing09,0.0032141805,les_neck_pick11__d0t1__00001.wav,pedalboard-tanh,3,0,2,1,17.46073355198249,5.0
les_neck_fing09__d3t3__00018.wav,lsp-sine,les_neck_fing09,0.001485467,les_neck_pick11__d2t2__00012.wav,lsp-arctan,3,2,3,2,17.46073355198249,13.270071970821393
les_neck_fing09__d3t4__00019.wav,lsp-sine,les_neck_fing09,0.0074090958,les_bridge_pick22__d3t4__00019.wav,byod-mxr,3,3,4,4,17.46073355198249,17.452308155418716
les_neck_fing09__d4t0__00020.wav,lsp-sine,les_neck_fing09,0.004138589,les_neck_pick07__d4t0__00020.wav,lsp-hardclip,4,4,0,0,21.652716208419097,21.54643860361127
les_neck_fing09__d4t1__00021.wav,lsp-sine,les_neck_fing09,0.0013321638,les_neck_pick09__d3t0__00015.wav,pedalboard-tanh,4,3,1,0,21.652716208419097,17.454399305827287
les_neck_fing09__d4t2__00022.wav,lsp-sine,les_neck_fing09,0.0032736063,les_neck_pick03__d4t1__00021.wav,lsp-tanh,4,4,2,1,21.652716208419097,21.61115826291455
les_neck_fing09__d4t3__00023.wav,lsp-sine,les_neck_fing09,0.00357157,les_neck_pick11__d4t2__00022.wav,lsp-tanh,4,4,3,2,21.652716208419097,21.61115826291455
les_neck_fing09__d4t4__00024.wav,lsp-sine,les_neck_fing09,0.0055466294,les_bridge_pick17__d4t3__00023.wav,byod-mxr,4,4,4,3,21.652716208419097,21.62039317761596
les_neck_fing09__d5t0__00025.wav,lsp-sine,les_neck_fing09,0.0013221502,les_neck_pick07__d4t1__00021.wav,lsp-tanh,5,4,0,1,25.7855895742644,21.61115826291455
les_neck_fing09__d5t1__00026.wav,lsp-sine,les_neck_fing09,0.0036198497,les_neck_pick07__d4t2__00022.wav,lsp-tanh,5,4,1,2,25.7855895742644,21.61115826291455
les_neck_fing09__d5t2__00027.wav,lsp-sine,les_neck_fing09,0.005767584,les_neck_pick12__d5t2__00027.wav,lsp-tanh,5,5,2,2,25.7855895742644,25.766463780707188
les_neck_fing09__d5t3__00028.wav,lsp-sine,les_neck_fing09,0.0033627748,les_neck_pick11__d5t2__00027.wav,pedalboard-tanh,5,5,3,2,25.7855895742644,25.782351420955937
les_neck_fing09__d5t4__00029.wav,lsp-sine,les_neck_fing09,0.003894508,les_bridge_pick22__d4t4__00024.wav,lsp-arctan,5,4,4,4,25.7855895742644,21.613326710488973
les_neck_fing09__d6t0__00030.wav,lsp-sine,les_neck_fing09,0.001973331,les_neck_pick12__d6t0__00030.wav,lsp-hardclip,6,6,0,0,29.915327656251563,29.908667593492765
les_neck_fing09__d6t1__00031.wav,lsp-sine,les_neck_fing09,0.0024319887,les_bridge_fing24__d6t0__00030.wav,lsp-tanh,6,6,1,0,29.915327656251563,29.89601395521624
les_neck_fing09__d6t2__00032.wav,lsp-sine,les_neck_fing09,0.003673792,les_neck_pick11__d6t1__00031.wav,pedalboard-tanh,6,6,2,1,29.915327656251563,29.92239131554786
les_neck_fing09__d6t3__00033.wav,lsp-sine,les_neck_fing09,0.0032703876,les_bridge_fing24__d5t4__00029.wav,lsp-arctan,6,5,3,4,29.915327656251563,25.788497067568912
les_neck_fing09__d6t4__00034.wav,lsp-sine,les_neck_fing09,0.0044670105,les_neck_fing01__d6t2__00032.wav,byod-mxr,6,6,4,2,29.915327656251563,29.91150927100104
les_neck_fing09__d7t0__00035.wav,lsp-sine,les_neck_fing09,0.0020483732,les_neck_pick07__d6t1__00031.wav,byod-mxr,7,6,0,1,34.094517939627885,29.91150927100104
les_neck_fing09__d7t1__00036.wav,lsp-sine,les_neck_fing09,0.0027160645,les_bridge_fing24__d7t0__00035.wav,lsp-hardclip,7,7,1,0,34.094517939627885,34.07942205160116
les_neck_fing09__d7t2__00037.wav,lsp-sine,les_neck_fing09,0.0032829046,les_bridge_fing17__d7t0__00035.wav,lsp-hardclip,7,7,2,0,34.094517939627885,34.07942205160116
les_neck_fing09__d7t3__00038.wav,lsp-sine,les_neck_fing09,0.004212022,les_bridge_fing24__d7t2__00037.wav,lsp-tanh,7,7,3,2,34.094517939627885,34.0729352593394
les_neck_fing09__d7t4__00039.wav,lsp-sine,les_neck_fing09,0.0018490553,les_bridge_fing24__d7t3__00038.wav,byod-mxr,7,7,4,3,34.094517939627885,34.08156088036171
les_neck_fing11__d0t0__00000.wav,lsp-sine,les_neck_fing11,0.01933968,les_bridge_pick16__d2t0__00010.wav,pedalboard-tanh,0,2,0,0,5.041347474059023,13.296816138037473
les_neck_fing11__d0t1__00001.wav,lsp-sine,les_neck_fing11,0.022721767,les_bridge_pick16__d1t0__00005.wav,byod-mxr,0,1,1,0,5.041347474059023,9.107670514338215
les_neck_fing11__d0t2__00002.wav,lsp-sine,les_neck_fing11,0.022788405,les_bridge_pick16__d0t0__00000.wav,byod-mxr,0,0,2,0,5.041347474059023,5.0
les_neck_fing11__d0t3__00003.wav,lsp-sine,les_neck_fing11,0.0035621524,les_bridge_pick16__d0t2__00002.wav,pedalboard-tanh,0,0,3,2,5.041347474059023,5.0
les_neck_fing11__d0t4__00004.wav,lsp-sine,les_neck_fing11,0.0135234,les_neck_fing01__d0t2__00002.wav,pedalboard-tanh,0,0,4,2,5.041347474059023,5.0
les_neck_fing11__d1t0__00005.wav,lsp-sine,les_neck_fing11,0.011151552,les_neck_pick12__d0t0__00000.wav,lsp-tanh,1,0,0,0,9.202349861352678,5.0
les_neck_fing11__d1t1__00006.wav,lsp-sine,les_neck_fing11,0.017911196,les_bridge_pick16__d2t0__00010.wav,pedalboard-tanh,1,2,1,0,9.202349861352678,13.296816138037473
les_neck_fing11__d1t2__00007.wav,lsp-sine,les_neck_fing11,0.00838691,les_bridge_pick25__d0t0__00000.wav,lsp-tanh,1,0,2,0,9.202349861352678,5.0
les_neck_fing11__d1t3__00008.wav,lsp-sine,les_neck_fing11,0.0016060472,les_neck_fing15__d4t0__00020.wav,byod-mxr,1,4,3,0,9.202349861352678,21.62039317761596
les_neck_fing11__d1t4__00009.wav,lsp-sine,les_neck_fing11,0.003744185,les_neck_fing01__d0t2__00002.wav,lsp-tanh,1,0,4,2,9.202349861352678,5.0
les_neck_fing11__d2t0__00010.wav,lsp-sine,les_neck_fing11,0.0034108162,les_neck_pick12__d0t0__00000.wav,lsp-tanh,2,0,0,0,13.251366385956809,5.0
les_neck_fing11__d2t1__00011.wav,lsp-sine,les_neck_fing11,0.0022334456,les_neck_pick12__d1t0__00005.wav,pedalboard-tanh,2,1,1,0,13.251366385956809,9.146047429418331
les_neck_fing11__d2t2__00012.wav,lsp-sine,les_neck_fing11,0.0006970763,les_bridge_fing24__d2t0__00010.wav,byod-mxr,2,2,2,0,13.251366385956809,13.292365801948186
les_neck_fing11__d2t3__00013.wav,lsp-sine,les_neck_fing11,0.0040946007,les_bridge_pick22__d2t2__00012.wav,lsp-hardclip,2,2,3,2,13.251366385956809,13.55142968534178
les_neck_fing11__d2t4__00014.wav,lsp-sine,les_neck_fing11,0.00764966,les_neck_pick14__d4t1__00021.wav,lsp-hardclip,2,4,4,1,13.251366385956809,21.54643860361127
les_neck_fing11__d3t0__00015.wav,lsp-sine,les_neck_fing11,0.0044246316,les_neck_pick12__d1t0__00005.wav,byod-mxr,3,1,0,0,17.46073355198249,9.107670514338215
les_neck_fing11__d3t1__00016.wav,lsp-sine,les_neck_fing11,0.0016445518,les_neck_pick07__d2t1__00011.wav,lsp-hardclip,3,2,1,1,17.46073355198249,13.55142968534178
les_neck_fing11__d3t2__00017.wav,lsp-sine,les_neck_fing11,0.0017109513,les_neck_pick03__d4t0__00020.wav,byod-mxr,3,4,2,0,17.46073355198249,21.62039317761596
les_neck_fing11__d3t3__00018.wav,lsp-sine,les_neck_fing11,0.0028181672,les_neck_pick12__d3t4__00019.wav,pedalboard-tanh,3,3,3,4,17.46073355198249,17.454399305827287
les_neck_fing11__d3t4__00019.wav,lsp-sine,les_neck_fing11,0.009708762,les_bridge_fing20__d4t2__00022.wav,lsp-tanh,3,4,4,2,17.46073355198249,21.61115826291455
les_neck_fing11__d4t0__00020.wav,lsp-sine,les_neck_fing11,0.006076336,les_neck_pick07__d2t0__00010.wav,lsp-hardclip,4,2,0,0,21.652716208419097,13.55142968534178
les_neck_fing11__d4t1__00021.wav,lsp-sine,les_neck_fing11,0.0010317564,les_neck_pick12__d4t1__00021.wav,lsp-hardclip,4,4,1,1,21.652716208419097,21.54643860361127
les_neck_fing11__d4t2__00022.wav,lsp-sine,les_neck_fing11,0.002194345,les_neck_pick12__d4t2__00022.wav,lsp-arctan,4,4,2,2,21.652716208419097,21.613326710488973
les_neck_fing11__d4t3__00023.wav,lsp-sine,les_neck_fing11,0.0043807626,les_neck_fing01__d4t1__00021.wav,lsp-tanh,4,4,3,1,21.652716208419097,21.61115826291455
les_neck_fing11__d4t4__00024.wav,lsp-sine,les_neck_fing11,0.0068648458,les_neck_fing01__d4t2__00022.wav,lsp-arctan,4,4,4,2,21.652716208419097,21.613326710488973
les_neck_fing11__d5t0__00025.wav,lsp-sine,les_neck_fing11,0.0012845993,les_neck_pick12__d5t0__00025.wav,lsp-hardclip,5,5,0,0,25.7855895742644,25.79865436059077
les_neck_fing11__d5t1__00026.wav,lsp-sine,les_neck_fing11,0.0010935664,les_bridge_fing24__d5t0__00025.wav,lsp-arctan,5,5,1,0,25.7855895742644,25.788497067568912
les_neck_fing11__d5t2__00027.wav,lsp-sine,les_neck_fing11,0.0047872663,les_bridge_fing17__d5t0__00025.wav,pedalboard-tanh,5,5,2,0,25.7855895742644,25.782351420955937
les_neck_fing11__d5t3__00028.wav,lsp-sine,les_neck_fing11,0.004455805,les_neck_pick12__d5t3__00028.wav,byod-mxr,5,5,3,3,25.7855895742644,25.779078975465445
les_neck_fing11__d5t4__00029.wav,lsp-sine,les_neck_fing11,0.0061287284,les_neck_fing01__d5t2__00027.wav,byod-mxr,5,5,4,2,25.7855895742644,25.779078975465445
les_neck_fing11__d6t0__00030.wav,lsp-sine,les_neck_fing11,0.0025494695,les_bridge_pick16__d5t0__00025.wav,lsp-arctan,6,5,0,0,29.915327656251563,25.788497067568912
les_neck_fing11__d6t1__00031.wav,lsp-sine,les_neck_fing11,0.0010207295,les_neck_pick12__d5t2__00027.wav,lsp-hardclip,6,5,1,2,29.915327656251563,25.79865436059077
les_neck_fing11__d6t2__00032.wav,lsp-sine,les_neck_fing11,0.0043301582,les_neck_pick12__d4t4__00024.wav,lsp-hardclip,6,4,2,4,29.915327656251563,21.54643860361127
les_neck_fing11__d6t3__00033.wav,lsp-sine,les_neck_fing11,0.0043166876,les_bridge_fing17__d6t1__00031.wav,pedalboard-tanh,6,6,3,1,29.915327656251563,29.92239131554786
les_neck_fing11__d6t4__00034.wav,lsp-sine,les_neck_fing11,0.0046928525,les_bridge_pick22__d6t3__00033.wav,pedalboard-tanh,6,6,4,3,29.915327656251563,29.92239131554786
les_neck_fing11__d7t0__00035.wav,lsp-sine,les_neck_fing11,0.0020602345,les_neck_pick12__d6t1__00031.wav,lsp-hardclip,7,6,0,1,34.094517939627885,29.908667593492765
les_neck_fing11__d7t1__00036.wav,lsp-sine,les_neck_fing11,0.003660977,les_neck_pick09__d6t1__00031.wav,lsp-arctan,7,6,1,1,34.094517939627885,29.91872954355242
les_neck_fing11__d7t2__00037.wav,lsp-sine,les_neck_fing11,0.0021377802,les_neck_pick09__d6t2__00032.wav,lsp-arctan,7,6,2,2,34.094517939627885,29.91872954355242
les_neck_fing11__d7t3__00038.wav,lsp-sine,les_neck_fing11,0.0035395026,les_neck_pick09__d6t3__00033.wav,lsp-arctan,7,6,3,3,34.094517939627885,29.91872954355242
les_neck_fing11__d7t4__00039.wav,lsp-sine,les_neck_fing11,0.0029961467,les_neck_fing01__d7t2__00037.wav,pedalboard-tanh,7,7,4,2,34.094517939627885,34.075823464139134
les_neck_fing16__d0t0__00000.wav,lsp-sine,les_neck_fing16,0.011350572,les_bridge_pick16__d0t0__00000.wav,byod-mxr,0,0,0,0,5.041347474059023,5.0
les_neck_fing16__d0t1__00001.wav,lsp-sine,les_neck_fing16,0.0038209558,les_bridge_pick16__d0t0__00000.wav,byod-mxr,0,0,1,0,5.041347474059023,5.0
les_neck_fing16__d0t2__00002.wav,lsp-sine,les_neck_fing16,0.011264026,les_bridge_pick16__d0t1__00001.wav,lsp-arctan,0,0,2,1,5.041347474059023,5.005872107125804
les_neck_fing16__d0t3__00003.wav,lsp-sine,les_neck_fing16,0.0062828064,les_neck_fing01__d0t0__00000.wav,byod-mxr,0,0,3,0,5.041347474059023,5.0
les_neck_fing16__d0t4__00004.wav,lsp-sine,les_neck_fing16,0.005910635,les_bridge_pick16__d2t2__00012.wav,lsp-arctan,0,2,4,2,5.041347474059023,13.270071970821393
les_neck_fing16__d1t0__00005.wav,lsp-sine,les_neck_fing16,0.0080602765,les_bridge_pick16__d0t0__00000.wav,byod-mxr,1,0,0,0,9.202349861352678,5.0
les_neck_fing16__d1t1__00006.wav,lsp-sine,les_neck_fing16,0.011955917,les_bridge_fing21__d0t1__00001.wav,pedalboard-tanh,1,0,1,1,9.202349861352678,5.0
les_neck_fing16__d1t2__00007.wav,lsp-sine,les_neck_fing16,0.0010361671,les_neck_pick02__d1t0__00005.wav,lsp-hardclip,1,1,2,0,9.202349861352678,9.35456396552498
les_neck_fing16__d1t3__00008.wav,lsp-sine,les_neck_fing16,0.0031241775,les_neck_fing01__d0t0__00000.wav,lsp-hardclip,1,0,3,0,9.202349861352678,5.063331073032135
les_neck_fing16__d1t4__00009.wav,lsp-sine,les_neck_fing16,0.0042867064,les_bridge_pick17__d3t0__00015.wav,lsp-hardclip,1,3,4,0,9.202349861352678,17.563088337099366
les_neck_fing16__d2t0__00010.wav,lsp-sine,les_neck_fing16,0.0015405416,les_neck_pick12__d0t0__00000.wav,lsp-arctan,2,0,0,0,13.251366385956809,5.005872107125804
les_neck_fing16__d2t1__00011.wav,lsp-sine,les_neck_fing16,0.0005059242,les_neck_pick12__d2t1__00011.wav,lsp-tanh,2,2,1,1,13.251366385956809,13.297259315581634
les_neck_fing16__d2t2__00012.wav,lsp-sine,les_neck_fing16,0.00068968534,les_neck_pick04__d3t0__00015.wav,lsp-arctan,2,3,2,0,13.251366385956809,17.436825605717576
les_neck_fing16__d2t3__00013.wav,lsp-sine,les_neck_fing16,0.0014805794,les_neck_pick12__d2t2__00012.wav,lsp-hardclip,2,2,3,2,13.251366385956809,13.55142968534178
les_neck_fing16__d2t4__00014.wav,lsp-sine,les_neck_fing16,0.0018941164,les_neck_pick21__d4t0__00020.wav,lsp-arctan,2,4,4,0,13.251366385956809,21.613326710488973
les_neck_fing16__d3t0__00015.wav,lsp-sine,les_neck_fing16,0.0025994778,les_bridge_fing21__d3t0__00015.wav,lsp-arctan,3,3,0,0,17.46073355198249,17.436825605717576
les_neck_fing16__d3t1__00016.wav,lsp-sine,les_neck_fing16,0.0017487407,les_neck_pick07__d2t1__00011.wav,byod-mxr,3,2,1,1,17.46073355198249,13.292365801948186
les_neck_fing16__d3t2__00017.wav,lsp-sine,les_neck_fing16,0.00089246035,les_neck_pick11__d3t0__00015.wav,pedalboard-tanh,3,3,2,0,17.46073355198249,17.454399305827287
les_neck_fing16__d3t3__00018.wav,lsp-sine,les_neck_fing16,0.002130866,les_neck_pick12__d4t1__00021.wav,pedalboard-tanh,3,4,3,1,17.46073355198249,21.61638024087312
les_neck_fing16__d3t4__00019.wav,lsp-sine,les_neck_fing16,0.002589643,les_neck_pick12__d5t1__00026.wav,byod-mxr,3,5,4,1,17.46073355198249,25.779078975465445
les_neck_fing16__d4t0__00020.wav,lsp-sine,les_neck_fing16,0.002153635,les_neck_pick12__d4t0__00020.wav,lsp-tanh,4,4,0,0,21.652716208419097,21.61115826291455
les_neck_fing16__d4t1__00021.wav,lsp-sine,les_neck_fing16,0.0022318363,les_bridge_fing21__d5t0__00025.wav,lsp-hardclip,4,5,1,0,21.652716208419097,25.79865436059077
les_neck_fing16__d4t2__00022.wav,lsp-sine,les_neck_fing16,0.00087845325,les_neck_pick11__d4t0__00020.wav,byod-mxr,4,4,2,0,21.652716208419097,21.62039317761596
les_neck_fing16__d4t3__00023.wav,lsp-sine,les_neck_fing16,0.00280267,les_bridge_fing21__d5t1__00026.wav,lsp-hardclip,4,5,3,1,21.652716208419097,25.79865436059077
les_neck_fing16__d4t4__00024.wav,lsp-sine,les_neck_fing16,0.00213027,les_bridge_fing21__d5t1__00026.wav,pedalboard-tanh,4,5,4,1,21.652716208419097,25.782351420955937
les_neck_fing16__d5t0__00025.wav,lsp-sine,les_neck_fing16,0.0010429621,les_neck_pick07__d4t1__00021.wav,byod-mxr,5,4,0,1,25.7855895742644,21.62039317761596
les_neck_fing16__d5t1__00026.wav,lsp-sine,les_neck_fing16,0.0010555983,les_bridge_pick22__d5t0__00025.wav,lsp-arctan,5,5,1,0,25.7855895742644,25.788497067568912
les_neck_fing16__d5t2__00027.wav,lsp-sine,les_neck_fing16,0.00087994337,les_neck_pick09__d5t0__00025.wav,lsp-tanh,5,5,2,0,25.7855895742644,25.766463780707188
les_neck_fing16__d5t3__00028.wav,lsp-sine,les_neck_fing16,0.0043200254,les_neck_pick03__d6t0__00030.wav,lsp-hardclip,5,6,3,0,25.7855895742644,29.908667593492765
les_neck_fing16__d5t4__00029.wav,lsp-sine,les_neck_fing16,0.0018578768,les_neck_pick11__d6t0__00030.wav,byod-mxr,5,6,4,0,25.7855895742644,29.91150927100104
les_neck_fing16__d6t0__00030.wav,lsp-sine,les_neck_fing16,0.0013304949,les_neck_pick12__d6t0__00030.wav,lsp-hardclip,6,6,0,0,29.915327656251563,29.908667593492765
les_neck_fing16__d6t1__00031.wav,lsp-sine,les_neck_fing16,0.0018041134,les_bridge_fing21__d6t0__00030.wav,pedalboard-tanh,6,6,1,0,29.915327656251563,29.92239131554786
les_neck_fing16__d6t2__00032.wav,lsp-sine,les_neck_fing16,0.0048247576,les_neck_pick11__d6t0__00030.wav,lsp-arctan,6,6,2,0,29.915327656251563,29.91872954355242
les_neck_fing16__d6t3__00033.wav,lsp-sine,les_neck_fing16,0.0034191012,les_neck_pick04__d7t0__00035.wav,lsp-arctan,6,7,3,0,29.915327656251563,34.09435618625095
les_neck_fing16__d6t4__00034.wav,lsp-sine,les_neck_fing16,0.0022467375,les_bridge_fing17__d7t0__00035.wav,lsp-hardclip,6,7,4,0,29.915327656251563,34.07942205160116
les_neck_fing16__d7t0__00035.wav,lsp-sine,les_neck_fing16,0.0011717081,les_neck_pick07__d6t1__00031.wav,byod-mxr,7,6,0,1,34.094517939627885,29.91150927100104
les_neck_fing16__d7t1__00036.wav,lsp-sine,les_neck_fing16,0.004409015,les_bridge_pick25__d6t0__00030.wav,lsp-hardclip,7,6,1,0,34.094517939627885,29.908667593492765
les_neck_fing16__d7t2__00037.wav,lsp-sine,les_neck_fing16,0.0045511723,les_bridge_fing20__d6t0__00030.wav,pedalboard-tanh,7,6,2,0,34.094517939627885,29.92239131554786
les_neck_fing16__d7t3__00038.wav,lsp-sine,les_neck_fing16,0.00548023,les_bridge_pick25__d7t1__00036.wav,lsp-hardclip,7,7,3,1,34.094517939627885,34.07942205160116
les_neck_fing16__d7t4__00039.wav,lsp-sine,les_neck_fing16,0.00433141,les_neck_pick05__d7t2__00037.wav,pedalboard-tanh,7,7,4,2,34.094517939627885,34.075823464139134
les_neck_fing18__d0t0__00000.wav,lsp-sine,les_neck_fing18,0.00053435564,les_neck_pick04__d2t0__00010.wav,byod-mxr,0,2,0,0,5.041347474059023,13.292365801948186
les_neck_fing18__d0t1__00001.wav,lsp-sine,les_neck_fing18,0.002234459,les_neck_pick12__d0t3__00003.wav,byod-mxr,0,0,1,3,5.041347474059023,5.0
les_neck_fing18__d0t2__00002.wav,lsp-sine,les_neck_fing18,0.0014682412,les_neck_pick02__d1t2__00007.wav,lsp-arctan,0,1,2,2,5.041347474059023,9.170316408518453
les_neck_fing18__d0t3__00003.wav,lsp-sine,les_neck_fing18,0.0027593374,les_neck_pick02__d0t3__00003.wav,byod-mxr,0,0,3,3,5.041347474059023,5.0
les_neck_fing18__d0t4__00004.wav,lsp-sine,les_neck_fing18,0.0050014853,les_neck_pick14__d1t3__00008.wav,byod-mxr,0,1,4,3,5.041347474059023,9.107670514338215
les_neck_fing18__d1t0__00005.wav,lsp-sine,les_neck_fing18,0.00035226345,les_neck_pick03__d3t0__00015.wav,lsp-hardclip,1,3,0,0,9.202349861352678,17.563088337099366
les_neck_fing18__d1t1__00006.wav,lsp-sine,les_neck_fing18,0.0009699464,les_neck_pick12__d1t3__00008.wav,byod-mxr,1,1,1,3,9.202349861352678,9.107670514338215
les_neck_fing18__d1t2__00007.wav,lsp-sine,les_neck_fing18,0.0026874542,les_neck_pick14__d2t1__00011.wav,byod-mxr,1,2,2,1,9.202349861352678,13.292365801948186
les_neck_fing18__d1t3__00008.wav,lsp-sine,les_neck_fing18,0.0023014545,les_neck_pick02__d0t3__00003.wav,byod-mxr,1,0,3,3,9.202349861352678,5.0
les_neck_fing18__d1t4__00009.wav,lsp-sine,les_neck_fing18,0.004047811,les_bridge_fing17__d1t4__00009.wav,pedalboard-tanh,1,1,4,4,9.202349861352678,9.146047429418331
les_neck_fing18__d2t0__00010.wav,lsp-sine,les_neck_fing18,0.00059217215,les_neck_pick03__d3t0__00015.wav,lsp-arctan,2,3,0,0,13.251366385956809,17.436825605717576
les_neck_fing18__d2t1__00011.wav,lsp-sine,les_neck_fing18,0.0006657839,les_neck_pick09__d2t1__00011.wav,lsp-hardclip,2,2,1,1,13.251366385956809,13.55142968534178
les_neck_fing18__d2t2__00012.wav,lsp-sine,les_neck_fing18,0.0009782314,les_neck_pick09__d0t2__00002.wav,lsp-arctan,2,0,2,2,13.251366385956809,5.005872107125804
les_neck_fing18__d2t3__00013.wav,lsp-sine,les_neck_fing18,0.003949523,les_neck_pick04__d2t4__00014.wav,pedalboard-tanh,2,2,3,4,13.251366385956809,13.296816138037473
les_neck_fing18__d2t4__00014.wav,lsp-sine,les_neck_fing18,0.0037978292,les_neck_pick05__d0t4__00004.wav,byod-mxr,2,0,4,4,13.251366385956809,5.0
les_neck_fing18__d3t0__00015.wav,lsp-sine,les_neck_fing18,0.0012125969,les_neck_pick09__d3t0__00015.wav,byod-mxr,3,3,0,0,17.46073355198249,17.452308155418716
les_neck_fing18__d3t1__00016.wav,lsp-sine,les_neck_fing18,0.0008878112,les_neck_pick09__d3t1__00016.wav,lsp-tanh,3,3,1,1,17.46073355198249,17.426284440144894
les_neck_fing18__d3t2__00017.wav,lsp-sine,les_neck_fing18,0.0029733777,les_neck_pick09__d3t2__00017.wav,pedalboard-tanh,3,3,2,2,17.46073355198249,17.454399305827287
les_neck_fing18__d3t3__00018.wav,lsp-sine,les_neck_fing18,0.0038031936,les_neck_pick09__d4t3__00023.wav,lsp-hardclip,3,4,3,3,17.46073355198249,21.54643860361127
les_neck_fing18__d3t4__00019.wav,lsp-sine,les_neck_fing18,0.006862521,les_neck_pick05__d2t4__00014.wav,byod-mxr,3,2,4,4,17.46073355198249,13.292365801948186
les_neck_fing18__d4t0__00020.wav,lsp-sine,les_neck_fing18,0.00074601173,les_neck_pick04__d4t0__00020.wav,pedalboard-tanh,4,4,0,0,21.652716208419097,21.61638024087312
les_neck_fing18__d4t1__00021.wav,lsp-sine,les_neck_fing18,0.0028412342,les_neck_pick11__d4t1__00021.wav,pedalboard-tanh,4,4,1,1,21.652716208419097,21.61638024087312
les_neck_fing18__d4t2__00022.wav,lsp-sine,les_neck_fing18,0.003042817,les_neck_pick11__d4t2__00022.wav,byod-mxr,4,4,2,2,21.652716208419097,21.62039317761596
les_neck_fing18__d4t3__00023.wav,lsp-sine,les_neck_fing18,0.0027807355,les_bridge_pick17__d4t3__00023.wav,byod-mxr,4,4,3,3,21.652716208419097,21.62039317761596
les_neck_fing18__d4t4__00024.wav,lsp-sine,les_neck_fing18,0.0038756728,les_neck_pick09__d4t4__00024.wav,lsp-tanh,4,4,4,4,21.652716208419097,21.61115826291455
les_neck_fing18__d5t0__00025.wav,lsp-sine,les_neck_fing18,0.002999127,les_bridge_pick22__d5t0__00025.wav,pedalboard-tanh,5,5,0,0,25.7855895742644,25.782351420955937
les_neck_fing18__d5t1__00026.wav,lsp-sine,les_neck_fing18,0.0032750964,les_bridge_pick22__d5t1__00026.wav,pedalboard-tanh,5,5,1,1,25.7855895742644,25.782351420955937
les_neck_fing18__d5t2__00027.wav,lsp-sine,les_neck_fing18,0.004064977,les_neck_pick04__d6t1__00031.wav,lsp-arctan,5,6,2,1,25.7855895742644,29.91872954355242
les_neck_fing18__d5t3__00028.wav,lsp-sine,les_neck_fing18,0.003137052,les_bridge_fing21__d5t4__00029.wav,byod-mxr,5,5,3,4,25.7855895742644,25.779078975465445
les_neck_fing18__d5t4__00029.wav,lsp-sine,les_neck_fing18,0.0028057694,les_neck_pick02__d5t4__00029.wav,byod-mxr,5,5,4,4,25.7855895742644,25.779078975465445
les_neck_fing18__d6t0__00030.wav,lsp-sine,les_neck_fing18,0.0021284819,les_bridge_pick22__d6t0__00030.wav,lsp-arctan,6,6,0,0,29.915327656251563,29.91872954355242
les_neck_fing18__d6t1__00031.wav,lsp-sine,les_neck_fing18,0.005257368,les_bridge_pick22__d6t1__00031.wav,lsp-arctan,6,6,1,1,29.915327656251563,29.91872954355242
les_neck_fing18__d6t2__00032.wav,lsp-sine,les_neck_fing18,0.0048441887,les_neck_pick04__d7t1__00036.wav,lsp-hardclip,6,7,2,1,29.915327656251563,34.07942205160116
les_neck_fing18__d6t3__00033.wav,lsp-sine,les_neck_fing18,0.0018513799,les_bridge_fing24__d6t3__00033.wav,lsp-arctan,6,6,3,3,29.915327656251563,29.91872954355242
les_neck_fing18__d6t4__00034.wav,lsp-sine,les_neck_fing18,0.0024806857,les_neck_pick21__d7t2__00037.wav,pedalboard-tanh,6,7,4,2,29.915327656251563,34.075823464139134
les_neck_fing18__d7t0__00035.wav,lsp-sine,les_neck_fing18,0.0033269525,les_neck_pick09__d7t0__00035.wav,byod-mxr,7,7,0,0,34.094517939627885,34.08156088036171
les_neck_fing18__d7t1__00036.wav,lsp-sine,les_neck_fing18,0.0017538667,les_neck_pick09__d7t1__00036.wav,lsp-arctan,7,7,1,1,34.094517939627885,34.09435618625095
les_neck_fing18__d7t2__00037.wav,lsp-sine,les_neck_fing18,0.002779305,les_neck_pick09__d7t2__00037.wav,lsp-arctan,7,7,2,2,34.094517939627885,34.09435618625095
les_neck_fing18__d7t3__00038.wav,lsp-sine,les_neck_fing18,0.0012043715,les_neck_pick09__d7t3__00038.wav,lsp-arctan,7,7,3,3,34.094517939627885,34.09435618625095
les_neck_fing18__d7t4__00039.wav,lsp-sine,les_neck_fing18,0.0014157295,les_neck_pick09__d7t4__00039.wav,lsp-arctan,7,7,4,4,34.094517939627885,34.09435618625095
les_neck_pick06__d0t0__00000.wav,lsp-sine,les_neck_pick06,0.0018468499,les_bridge_pick16__d2t0__00010.wav,lsp-tanh,0,2,0,0,5.041347474059023,13.297259315581634
les_neck_pick06__d0t1__00001.wav,lsp-sine,les_neck_pick06,0.0014845133,les_bridge_pick25__d0t0__00000.wav,pedalboard-tanh,0,0,1,0,5.041347474059023,5.0
les_neck_pick06__d0t2__00002.wav,lsp-sine,les_neck_pick06,0.0014155507,les_bridge_fing21__d0t2__00002.wav,lsp-tanh,0,0,2,2,5.041347474059023,5.0
les_neck_pick06__d0t3__00003.wav,lsp-sine,les_neck_pick06,0.0020816922,les_neck_fing15__d3t1__00016.wav,lsp-arctan,0,3,3,1,5.041347474059023,17.436825605717576
les_neck_pick06__d0t4__00004.wav,lsp-sine,les_neck_pick06,0.0019147396,les_neck_pick02__d0t2__00002.wav,lsp-arctan,0,0,4,2,5.041347474059023,5.005872107125804
les_neck_pick06__d1t0__00005.wav,lsp-sine,les_neck_pick06,0.0027506351,les_bridge_pick16__d2t0__00010.wav,lsp-tanh,1,2,0,0,9.202349861352678,13.297259315581634
les_neck_pick06__d1t1__00006.wav,lsp-sine,les_neck_pick06,0.00073736906,les_bridge_pick25__d1t0__00005.wav,pedalboard-tanh,1,1,1,0,9.202349861352678,9.146047429418331
les_neck_pick06__d1t2__00007.wav,lsp-sine,les_neck_pick06,0.00083625317,les_bridge_pick25__d0t1__00001.wav,byod-mxr,1,0,2,1,9.202349861352678,5.0
les_neck_pick06__d1t3__00008.wav,lsp-sine,les_neck_pick06,0.0018677115,les_neck_fing15__d3t1__00016.wav,byod-mxr,1,3,3,1,9.202349861352678,17.452308155418716
les_neck_pick06__d1t4__00009.wav,lsp-sine,les_neck_pick06,0.0034801364,les_neck_pick02__d1t2__00007.wav,lsp-tanh,1,1,4,2,9.202349861352678,9.088421535688989
les_neck_pick06__d2t0__00010.wav,lsp-sine,les_neck_pick06,0.003195405,les_bridge_pick16__d3t0__00015.wav,lsp-tanh,2,3,0,0,13.251366385956809,17.426284440144894
les_neck_pick06__d2t1__00011.wav,lsp-sine,les_neck_pick06,0.00094664097,les_bridge_pick25__d2t0__00010.wav,lsp-tanh,2,2,1,0,13.251366385956809,13.297259315581634
les_neck_pick06__d2t2__00012.wav,lsp-sine,les_neck_pick06,0.0017843246,les_bridge_pick25__d2t1__00011.wav,lsp-arctan,2,2,2,1,13.251366385956809,13.270071970821393
les_neck_pick06__d2t3__00013.wav,lsp-sine,les_neck_pick06,0.0037329793,les_bridge_pick25__d2t2__00012.wav,lsp-arctan,2,2,3,2,13.251366385956809,13.270071970821393
les_neck_pick06__d2t4__00014.wav,lsp-sine,les_neck_pick06,0.0025267005,les_neck_fing01__d2t2__00012.wav,pedalboard-tanh,2,2,4,2,13.251366385956809,13.296816138037473
les_neck_pick06__d3t0__00015.wav,lsp-sine,les_neck_pick06,0.0018780828,les_bridge_fing21__d1t0__00005.wav,lsp-hardclip,3,1,0,0,17.46073355198249,9.35456396552498
les_neck_pick06__d3t1__00016.wav,lsp-sine,les_neck_pick06,0.00031232834,les_neck_pick09__d0t0__00000.wav,lsp-arctan,3,0,1,0,17.46073355198249,5.005872107125804
les_neck_pick06__d3t2__00017.wav,lsp-sine,les_neck_pick06,0.0029346943,les_bridge_fing24__d3t1__00016.wav,lsp-tanh,3,3,2,1,17.46073355198249,17.426284440144894
les_neck_pick06__d3t3__00018.wav,lsp-sine,les_neck_pick06,0.0014665127,les_neck_pick05__d3t1__00016.wav,lsp-arctan,3,3,3,1,17.46073355198249,17.436825605717576
les_neck_pick06__d3t4__00019.wav,lsp-sine,les_neck_pick06,0.0025078654,les_bridge_fing24__d3t4__00019.wav,byod-mxr,3,3,4,4,17.46073355198249,17.452308155418716
les_neck_pick06__d4t0__00020.wav,lsp-sine,les_neck_pick06,0.0012156963,les_bridge_pick22__d4t0__00020.wav,lsp-tanh,4,4,0,0,21.652716208419097,21.61115826291455
les_neck_pick06__d4t1__00021.wav,lsp-sine,les_neck_pick06,0.0018191338,les_neck_pick12__d4t1__00021.wav,pedalboard-tanh,4,4,1,1,21.652716208419097,21.61638024087312
les_neck_pick06__d4t2__00022.wav,lsp-sine,les_neck_pick06,0.0020189285,les_neck_pick04__d4t1__00021.wav,lsp-arctan,4,4,2,1,21.652716208419097,21.613326710488973
les_neck_pick06__d4t3__00023.wav,lsp-sine,les_neck_pick06,0.0020215511,les_neck_pick12__d4t4__00024.wav,pedalboard-tanh,4,4,3,4,21.652716208419097,21.61638024087312
les_neck_pick06__d4t4__00024.wav,lsp-sine,les_neck_pick06,0.003083527,les_neck_pick03__d5t2__00027.wav,byod-mxr,4,5,4,2,21.652716208419097,25.779078975465445
les_neck_pick06__d5t0__00025.wav,lsp-sine,les_neck_pick06,0.00044476986,les_bridge_pick22__d5t0__00025.wav,lsp-tanh,5,5,0,0,25.7855895742644,25.766463780707188
les_neck_pick06__d5t1__00026.wav,lsp-sine,les_neck_pick06,0.0015593767,les_neck_pick12__d6t0__00030.wav,lsp-tanh,5,6,1,0,25.7855895742644,29.89601395521624
les_neck_pick06__d5t2__00027.wav,lsp-sine,les_neck_pick06,0.0036914945,les_neck_pick11__d5t1__00026.wav,byod-mxr,5,5,2,1,25.7855895742644,25.779078975465445
les_neck_pick06__d5t3__00028.wav,lsp-sine,les_neck_pick06,0.0024315715,les_neck_pick04__d6t1__00031.wav,lsp-arctan,5,6,3,1,25.7855895742644,29.91872954355242
les_neck_pick06__d5t4__00029.wav,lsp-sine,les_neck_pick06,0.0029593706,les_bridge_fing17__d6t1__00031.wav,lsp-tanh,5,6,4,1,25.7855895742644,29.89601395521624
les_neck_pick06__d6t0__00030.wav,lsp-sine,les_neck_pick06,0.0017563701,les_bridge_fing24__d6t0__00030.wav,lsp-hardclip,6,6,0,0,29.915327656251563,29.908667593492765
les_neck_pick06__d6t1__00031.wav,lsp-sine,les_neck_pick06,0.0040546656,les_bridge_pick22__d6t1__00031.wav,byod-mxr,6,6,1,1,29.915327656251563,29.91150927100104
les_neck_pick06__d6t2__00032.wav,lsp-sine,les_neck_pick06,0.00172472,les_neck_pick09__d6t1__00031.wav,pedalboard-tanh,6,6,2,1,29.915327656251563,29.92239131554786
les_neck_pick06__d6t3__00033.wav,lsp-sine,les_neck_pick06,0.0032374263,les_neck_pick02__d7t1__00036.wav,lsp-tanh,6,7,3,1,29.915327656251563,34.0729352593394
les_neck_pick06__d6t4__00034.wav,lsp-sine,les_neck_pick06,0.0040690303,les_bridge_pick16__d7t2__00037.wav,lsp-arctan,6,7,4,2,29.915327656251563,34.09435618625095
les_neck_pick06__d7t0__00035.wav,lsp-sine,les_neck_pick06,0.0021503568,les_bridge_fing21__d7t0__00035.wav,lsp-tanh,7,7,0,0,34.094517939627885,34.0729352593394
les_neck_pick06__d7t1__00036.wav,lsp-sine,les_neck_pick06,0.0024601817,les_bridge_fing21__d7t1__00036.wav,byod-mxr,7,7,1,1,34.094517939627885,34.08156088036171
les_neck_pick06__d7t2__00037.wav,lsp-sine,les_neck_pick06,0.003350675,les_neck_pick03__d7t1__00036.wav,pedalboard-tanh,7,7,2,1,34.094517939627885,34.075823464139134
les_neck_pick06__d7t3__00038.wav,lsp-sine,les_neck_pick06,0.0054944754,les_neck_pick05__d7t2__00037.wav,lsp-hardclip,7,7,3,2,34.094517939627885,34.07942205160116
les_neck_pick06__d7t4__00039.wav,lsp-sine,les_neck_pick06,0.0020610094,les_neck_pick09__d7t3__00038.wav,pedalboard-tanh,7,7,4,3,34.094517939627885,34.075823464139134
les_neck_pick17__d0t0__00000.wav,lsp-sine,les_neck_pick17,0.001294136,les_bridge_fing21__d1t0__00005.wav,byod-mxr,0,1,0,0,5.041347474059023,9.107670514338215
les_neck_pick17__d0t1__00001.wav,lsp-sine,les_neck_pick17,0.0031947494,les_neck_pick21__d1t0__00005.wav,pedalboard-tanh,0,1,1,0,5.041347474059023,9.146047429418331
les_neck_pick17__d0t2__00002.wav,lsp-sine,les_neck_pick17,0.007763028,les_neck_fing15__d2t1__00011.wav,byod-mxr,0,2,2,1,5.041347474059023,13.292365801948186
les_neck_pick17__d0t3__00003.wav,lsp-sine,les_neck_pick17,0.009871602,les_neck_fing15__d0t3__00003.wav,lsp-arctan,0,0,3,3,5.041347474059023,5.005872107125804
les_neck_pick17__d0t4__00004.wav,lsp-sine,les_neck_pick17,0.0034443736,les_bridge_fing24__d0t4__00004.wav,byod-mxr,0,0,4,4,5.041347474059023,5.0
les_neck_pick17__d1t0__00005.wav,lsp-sine,les_neck_pick17,0.0023249388,les_bridge_fing21__d1t0__00005.wav,byod-mxr,1,1,0,0,9.202349861352678,9.107670514338215
les_neck_pick17__d1t1__00006.wav,lsp-sine,les_neck_pick17,0.00053560734,les_neck_pick02__d0t0__00000.wav,byod-mxr,1,0,1,0,9.202349861352678,5.0
les_neck_pick17__d1t2__00007.wav,lsp-sine,les_neck_pick17,0.0069123507,les_neck_fing15__d3t1__00016.wav,lsp-arctan,1,3,2,1,9.202349861352678,17.436825605717576
les_neck_pick17__d1t3__00008.wav,lsp-sine,les_neck_pick17,0.001894474,les_bridge_fing20__d1t3__00008.wav,lsp-tanh,1,1,3,3,9.202349861352678,9.088421535688989
les_neck_pick17__d1t4__00009.wav,lsp-sine,les_neck_pick17,0.0027747154,les_neck_fing15__d3t3__00018.wav,byod-mxr,1,3,4,3,9.202349861352678,17.452308155418716
les_neck_pick17__d2t0__00010.wav,lsp-sine,les_neck_pick17,0.0037496686,les_neck_pick12__d1t0__00005.wav,pedalboard-tanh,2,1,0,0,13.251366385956809,9.146047429418331
les_neck_pick17__d2t1__00011.wav,lsp-sine,les_neck_pick17,0.0008672476,les_neck_pick05__d2t0__00010.wav,lsp-arctan,2,2,1,0,13.251366385956809,13.270071970821393
les_neck_pick17__d2t2__00012.wav,lsp-sine,les_neck_pick17,0.0017004609,les_bridge_pick17__d2t1__00011.wav,byod-mxr,2,2,2,1,13.251366385956809,13.292365801948186
les_neck_pick17__d2t3__00013.wav,lsp-sine,les_neck_pick17,0.003289938,les_bridge_pick17__d2t2__00012.wav,byod-mxr,2,2,3,2,13.251366385956809,13.292365801948186
les_neck_pick17__d2t4__00014.wav,lsp-sine,les_neck_pick17,0.0021220446,les_bridge_fing20__d2t4__00014.wav,pedalboard-tanh,2,2,4,4,13.251366385956809,13.296816138037473
les_neck_pick17__d3t0__00015.wav,lsp-sine,les_neck_pick17,0.000654161,les_neck_pick12__d2t1__00011.wav,byod-mxr,3,2,0,1,17.46073355198249,13.292365801948186
les_neck_pick17__d3t1__00016.wav,lsp-sine,les_neck_pick17,0.00087976456,les_neck_pick05__d3t0__00015.wav,byod-mxr,3,3,1,0,17.46073355198249,17.452308155418716
les_neck_pick17__d3t2__00017.wav,lsp-sine,les_neck_pick17,0.0023617148,les_neck_pick05__d3t1__00016.wav,pedalboard-tanh,3,3,2,1,17.46073355198249,17.454399305827287
les_neck_pick17__d3t3__00018.wav,lsp-sine,les_neck_pick17,0.0010383725,les_neck_pick09__d3t2__00017.wav,byod-mxr,3,3,3,2,17.46073355198249,17.452308155418716
les_neck_pick17__d3t4__00019.wav,lsp-sine,les_neck_pick17,0.0029718876,les_neck_pick09__d3t3__00018.wav,pedalboard-tanh,3,3,4,3,17.46073355198249,17.454399305827287
les_neck_pick17__d4t0__00020.wav,lsp-sine,les_neck_pick17,0.00040125847,les_neck_pick11__d3t0__00015.wav,pedalboard-tanh,4,3,0,0,21.652716208419097,17.454399305827287
les_neck_pick17__d4t1__00021.wav,lsp-sine,les_neck_pick17,0.0016493201,les_neck_pick12__d4t2__00022.wav,byod-mxr,4,4,1,2,21.652716208419097,21.62039317761596
les_neck_pick17__d4t2__00022.wav,lsp-sine,les_neck_pick17,0.0011829138,les_neck_pick05__d4t1__00021.wav,byod-mxr,4,4,2,1,21.652716208419097,21.62039317761596
les_neck_pick17__d4t3__00023.wav,lsp-sine,les_neck_pick17,0.0023442507,les_neck_pick02__d4t2__00022.wav,lsp-tanh,4,4,3,2,21.652716208419097,21.61115826291455
les_neck_pick17__d4t4__00024.wav,lsp-sine,les_neck_pick17,0.0050780773,les_neck_pick04__d4t4__00024.wav,byod-mxr,4,4,4,4,21.652716208419097,21.62039317761596
les_neck_pick17__d5t0__00025.wav,lsp-sine,les_neck_pick17,0.0013330579,les_neck_pick12__d5t0__00025.wav,pedalboard-tanh,5,5,0,0,25.7855895742644,25.782351420955937
les_neck_pick17__d5t1__00026.wav,lsp-sine,les_neck_pick17,0.0019469261,les_neck_pick02__d5t0__00025.wav,pedalboard-tanh,5,5,1,0,25.7855895742644,25.782351420955937
les_neck_pick17__d5t2__00027.wav,lsp-sine,les_neck_pick17,0.0024030805,les_bridge_pick17__d5t1__00026.wav,lsp-tanh,5,5,2,1,25.7855895742644,25.766463780707188
les_neck_pick17__d5t3__00028.wav,lsp-sine,les_neck_pick17,0.0052850246,les_bridge_fing24__d5t4__00029.wav,lsp-hardclip,5,5,3,4,25.7855895742644,25.79865436059077
les_neck_pick17__d5t4__00029.wav,lsp-sine,les_neck_pick17,0.0042075515,les_neck_pick03__d5t4__00029.wav,lsp-hardclip,5,5,4,4,25.7855895742644,25.79865436059077
les_neck_pick17__d6t0__00030.wav,lsp-sine,les_neck_pick17,0.0049185157,les_neck_pick07__d5t2__00027.wav,pedalboard-tanh,6,5,0,2,29.915327656251563,25.782351420955937
les_neck_pick17__d6t1__00031.wav,lsp-sine,les_neck_pick17,0.0021056533,les_bridge_fing24__d6t1__00031.wav,byod-mxr,6,6,1,1,29.915327656251563,29.91150927100104
les_neck_pick17__d6t2__00032.wav,lsp-sine,les_neck_pick17,0.0019389391,les_bridge_fing24__d6t2__00032.wav,byod-mxr,6,6,2,2,29.915327656251563,29.91150927100104
les_neck_pick17__d6t3__00033.wav,lsp-sine,les_neck_pick17,0.0047852993,les_bridge_fing20__d6t2__00032.wav,lsp-hardclip,6,6,3,2,29.915327656251563,29.908667593492765
les_neck_pick17__d6t4__00034.wav,lsp-sine,les_neck_pick17,0.0031935573,les_bridge_pick16__d5t4__00029.wav,lsp-tanh,6,5,4,4,29.915327656251563,25.766463780707188
les_neck_pick17__d7t0__00035.wav,lsp-sine,les_neck_pick17,0.00094270706,les_neck_pick05__d6t0__00030.wav,pedalboard-tanh,7,6,0,0,34.094517939627885,29.92239131554786
les_neck_pick17__d7t1__00036.wav,lsp-sine,les_neck_pick17,0.0018646717,les_neck_pick12__d7t1__00036.wav,lsp-hardclip,7,7,1,1,34.094517939627885,34.07942205160116
les_neck_pick17__d7t2__00037.wav,lsp-sine,les_neck_pick17,0.0032866597,les_neck_pick21__d7t1__00036.wav,lsp-hardclip,7,7,2,1,34.094517939627885,34.07942205160116
les_neck_pick17__d7t3__00038.wav,lsp-sine,les_neck_pick17,0.004288614,les_neck_pick21__d7t2__00037.wav,lsp-hardclip,7,7,3,2,34.094517939627885,34.07942205160116
les_neck_pick17__d7t4__00039.wav,lsp-sine,les_neck_pick17,0.001219213,les_neck_pick03__d7t3__00038.wav,pedalboard-tanh,7,7,4,3,34.094517939627885,34.075823464139134
les_bridge_fing02__d0t0__00000.wav,lsp-tanh,les_bridge_fing02,0.00821358,les_bridge_pick16__d2t0__00010.wav,byod-mxr,0,2,0,0,5.0,13.292365801948186
les_bridge_fing02__d0t1__00001.wav,lsp-tanh,les_bridge_fing02,0.00090169907,les_bridge_pick17__d0t0__00000.wav,byod-mxr,0,0,1,0,5.0,5.0
les_bridge_fing02__d0t2__00002.wav,lsp-tanh,les_bridge_fing02,0.000700295,les_bridge_pick25__d0t2__00002.wav,pedalboard-tanh,0,0,2,2,5.0,5.0
les_bridge_fing02__d0t3__00003.wav,lsp-tanh,les_bridge_fing02,0.0008535981,les_bridge_pick25__d0t3__00003.wav,pedalboard-tanh,0,0,3,3,5.0,5.0
les_bridge_fing02__d0t4__00004.wav,lsp-tanh,les_bridge_fing02,0.0019366741,les_neck_pick02__d0t2__00002.wav,lsp-arctan,0,0,4,2,5.0,5.005872107125804
les_bridge_fing02__d1t0__00005.wav,lsp-tanh,les_bridge_fing02,0.008171618,les_bridge_pick16__d2t0__00010.wav,byod-mxr,1,2,0,0,9.088421535688989,13.292365801948186
les_bridge_fing02__d1t1__00006.wav,lsp-tanh,les_bridge_fing02,0.00046044588,les_bridge_pick17__d1t0__00005.wav,byod-mxr,1,1,1,0,9.088421535688989,9.107670514338215
les_bridge_fing02__d1t2__00007.wav,lsp-tanh,les_bridge_fing02,0.0005645156,les_bridge_pick25__d1t2__00007.wav,lsp-arctan,1,1,2,2,9.088421535688989,9.170316408518453
les_bridge_fing02__d1t3__00008.wav,lsp-tanh,les_bridge_fing02,0.0013133287,les_bridge_pick25__d1t3__00008.wav,pedalboard-tanh,1,1,3,3,9.088421535688989,9.146047429418331
les_bridge_fing02__d1t4__00009.wav,lsp-tanh,les_bridge_fing02,0.0013252497,les_bridge_pick22__d0t4__00004.wav,byod-mxr,1,0,4,4,9.088421535688989,5.0
les_bridge_fing02__d2t0__00010.wav,lsp-tanh,les_bridge_fing02,0.0016174912,les_bridge_pick16__d2t1__00011.wav,pedalboard-tanh,2,2,0,1,13.297259315581634,13.296816138037473
les_bridge_fing02__d2t1__00011.wav,lsp-tanh,les_bridge_fing02,0.0011441112,les_bridge_pick17__d1t0__00005.wav,lsp-hardclip,2,1,1,0,13.297259315581634,9.35456396552498
les_bridge_fing02__d2t2__00012.wav,lsp-tanh,les_bridge_fing02,0.0011653304,les_bridge_fing24__d2t2__00012.wav,lsp-sine,2,2,2,2,13.297259315581634,13.251366385956809
les_bridge_fing02__d2t3__00013.wav,lsp-tanh,les_bridge_fing02,0.00111866,les_bridge_pick17__d2t2__00012.wav,lsp-arctan,2,2,3,2,13.297259315581634,13.270071970821393
les_bridge_fing02__d2t4__00014.wav,lsp-tanh,les_bridge_fing02,0.0027716756,les_bridge_fing17__d2t2__00012.wav,lsp-hardclip,2,2,4,2,13.297259315581634,13.55142968534178
les_bridge_fing02__d3t0__00015.wav,lsp-tanh,les_bridge_fing02,0.0017576218,les_bridge_pick25__d2t0__00010.wav,byod-mxr,3,2,0,0,17.426284440144894,13.292365801948186
les_bridge_fing02__d3t1__00016.wav,lsp-tanh,les_bridge_fing02,0.0012097955,les_bridge_fing17__d3t0__00015.wav,pedalboard-tanh,3,3,1,0,17.426284440144894,17.454399305827287
les_bridge_fing02__d3t2__00017.wav,lsp-tanh,les_bridge_fing02,0.005825162,les_bridge_fing17__d3t1__00016.wav,lsp-sine,3,3,2,1,17.426284440144894,17.46073355198249
les_bridge_fing02__d3t3__00018.wav,lsp-tanh,les_bridge_fing02,0.0014232397,les_neck_pick11__d2t2__00012.wav,pedalboard-tanh,3,2,3,2,17.426284440144894,13.296816138037473
les_bridge_fing02__d3t4__00019.wav,lsp-tanh,les_bridge_fing02,0.0022263527,les_bridge_fing20__d3t3__00018.wav,lsp-arctan,3,3,4,3,17.426284440144894,17.436825605717576
les_bridge_fing02__d4t0__00020.wav,lsp-tanh,les_bridge_fing02,0.0013585687,les_neck_pick09__d3t0__00015.wav,byod-mxr,4,3,0,0,21.61115826291455,17.452308155418716
les_bridge_fing02__d4t1__00021.wav,lsp-tanh,les_bridge_fing02,0.0029460788,les_neck_pick11__d3t1__00016.wav,lsp-arctan,4,3,1,1,21.61115826291455,17.436825605717576
les_bridge_fing02__d4t2__00022.wav,lsp-tanh,les_bridge_fing02,0.002075851,les_bridge_fing17__d5t1__00026.wav,lsp-hardclip,4,5,2,1,21.61115826291455,25.79865436059077
les_bridge_fing02__d4t3__00023.wav,lsp-tanh,les_bridge_fing02,0.003853023,les_bridge_fing21__d4t3__00023.wav,byod-mxr,4,4,3,3,21.61115826291455,21.62039317761596
les_bridge_fing02__d4t4__00024.wav,lsp-tanh,les_bridge_fing02,0.0024231672,les_bridge_pick25__d4t3__00023.wav,lsp-arctan,4,4,4,3,21.61115826291455,21.613326710488973
les_bridge_fing02__d5t0__00025.wav,lsp-tanh,les_bridge_fing02,0.003563702,les_bridge_pick22__d4t1__00021.wav,byod-mxr,5,4,0,1,25.766463780707188,21.62039317761596
les_bridge_fing02__d5t1__00026.wav,lsp-tanh,les_bridge_fing02,0.0016032457,les_neck_pick12__d5t2__00027.wav,lsp-sine,5,5,1,2,25.766463780707188,25.7855895742644
les_bridge_fing02__d5t2__00027.wav,lsp-tanh,les_bridge_fing02,0.0015143156,les_bridge_fing17__d5t1__00026.wav,lsp-arctan,5,5,2,1,25.766463780707188,25.788497067568912
les_bridge_fing02__d5t3__00028.wav,lsp-tanh,les_bridge_fing02,0.0017108917,les_bridge_fing21__d5t3__00028.wav,lsp-arctan,5,5,3,3,25.766463780707188,25.788497067568912
les_bridge_fing02__d5t4__00029.wav,lsp-tanh,les_bridge_fing02,0.0026720762,les_bridge_pick25__d5t3__00028.wav,lsp-arctan,5,5,4,3,25.766463780707188,25.788497067568912
les_bridge_fing02__d6t0__00030.wav,lsp-tanh,les_bridge_fing02,0.0034877658,les_bridge_fing24__d6t0__00030.wav,lsp-sine,6,6,0,0,29.89601395521624,29.915327656251563
les_bridge_fing02__d6t1__00031.wav,lsp-tanh,les_bridge_fing02,0.0022566319,les_bridge_fing24__d6t1__00031.wav,lsp-sine,6,6,1,1,29.89601395521624,29.915327656251563
les_bridge_fing02__d6t2__00032.wav,lsp-tanh,les_bridge_fing02,0.0025321841,les_bridge_pick22__d6t2__00032.wav,pedalboard-tanh,6,6,2,2,29.89601395521624,29.92239131554786
les_bridge_fing02__d6t3__00033.wav,lsp-tanh,les_bridge_fing02,0.002687931,les_bridge_fing24__d6t3__00033.wav,pedalboard-tanh,6,6,3,3,29.89601395521624,29.92239131554786
les_bridge_fing02__d6t4__00034.wav,lsp-tanh,les_bridge_fing02,0.0019471645,les_neck_fing01__d7t2__00037.wav,lsp-hardclip,6,7,4,2,29.89601395521624,34.07942205160116
les_bridge_fing02__d7t0__00035.wav,lsp-tanh,les_bridge_fing02,0.002257049,les_bridge_fing21__d7t0__00035.wav,lsp-sine,7,7,0,0,34.0729352593394,34.094517939627885
les_bridge_fing02__d7t1__00036.wav,lsp-tanh,les_bridge_fing02,0.0019962788,les_bridge_fing21__d7t1__00036.wav,lsp-sine,7,7,1,1,34.0729352593394,34.094517939627885
les_bridge_fing02__d7t2__00037.wav,lsp-tanh,les_bridge_fing02,0.0034891367,les_neck_fing01__d7t1__00036.wav,pedalboard-tanh,7,7,2,1,34.0729352593394,34.075823464139134
les_bridge_fing02__d7t3__00038.wav,lsp-tanh,les_bridge_fing02,0.0021543503,les_neck_pick09__d7t3__00038.wav,pedalboard-tanh,7,7,3,3,34.0729352593394,34.075823464139134
les_bridge_fing02__d7t4__00039.wav,lsp-tanh,les_bridge_fing02,0.0009826422,les_neck_pick09__d7t4__00039.wav,lsp-sine,7,7,4,4,34.0729352593394,34.094517939627885
les_bridge_fing05__d0t0__00000.wav,lsp-tanh,les_bridge_fing05,0.00044238567,les_bridge_pick17__d1t1__00006.wav,pedalboard-tanh,0,1,0,1,5.0,9.146047429418331
les_bridge_fing05__d0t1__00001.wav,lsp-tanh,les_bridge_fing05,0.0015670061,les_bridge_pick17__d0t2__00002.wav,byod-mxr,0,0,1,2,5.0,5.0
les_bridge_fing05__d0t2__00002.wav,lsp-tanh,les_bridge_fing05,0.0021022558,les_bridge_pick17__d0t3__00003.wav,byod-mxr,0,0,2,3,5.0,5.0
les_bridge_fing05__d0t3__00003.wav,lsp-tanh,les_bridge_fing05,0.005289197,les_bridge_pick17__d0t4__00004.wav,lsp-hardclip,0,0,3,4,5.0,5.063331073032135
les_bridge_fing05__d0t4__00004.wav,lsp-tanh,les_bridge_fing05,0.0037238002,les_neck_pick14__d0t3__00003.wav,lsp-arctan,0,0,4,3,5.0,5.005872107125804
les_bridge_fing05__d1t0__00005.wav,lsp-tanh,les_bridge_fing05,0.00066518784,les_bridge_pick17__d1t1__00006.wav,byod-mxr,1,1,0,1,9.088421535688989,9.107670514338215
les_bridge_fing05__d1t1__00006.wav,lsp-tanh,les_bridge_fing05,0.002200663,les_bridge_pick17__d1t2__00007.wav,byod-mxr,1,1,1,2,9.088421535688989,9.107670514338215
les_bridge_fing05__d1t2__00007.wav,lsp-tanh,les_bridge_fing05,0.0065209866,les_bridge_pick17__d1t3__00008.wav,lsp-hardclip,1,1,2,3,9.088421535688989,9.35456396552498
les_bridge_fing05__d1t3__00008.wav,lsp-tanh,les_bridge_fing05,0.006538391,les_bridge_pick17__d0t4__00004.wav,lsp-hardclip,1,0,3,4,9.088421535688989,5.063331073032135
les_bridge_fing05__d1t4__00009.wav,lsp-tanh,les_bridge_fing05,0.0043084025,les_neck_pick14__d1t3__00008.wav,lsp-arctan,1,1,4,3,9.088421535688989,9.170316408518453
les_bridge_fing05__d2t0__00010.wav,lsp-tanh,les_bridge_fing05,0.002099812,les_bridge_pick25__d1t2__00007.wav,pedalboard-tanh,2,1,0,2,13.297259315581634,9.146047429418331
les_bridge_fing05__d2t1__00011.wav,lsp-tanh,les_bridge_fing05,0.0027803183,les_bridge_fing24__d1t3__00008.wav,byod-mxr,2,1,1,3,13.297259315581634,9.107670514338215
les_bridge_fing05__d2t2__00012.wav,lsp-tanh,les_bridge_fing05,0.006385982,les_bridge_fing17__d0t3__00003.wav,lsp-hardclip,2,0,2,3,13.297259315581634,5.063331073032135
les_bridge_fing05__d2t3__00013.wav,lsp-tanh,les_bridge_fing05,0.004958153,les_bridge_fing17__d0t4__00004.wav,lsp-hardclip,2,0,3,4,13.297259315581634,5.063331073032135
les_bridge_fing05__d2t4__00014.wav,lsp-tanh,les_bridge_fing05,0.0049831867,les_neck_pick14__d2t3__00013.wav,byod-mxr,2,2,4,3,13.297259315581634,13.292365801948186
les_bridge_fing05__d3t0__00015.wav,lsp-tanh,les_bridge_fing05,0.0008932948,les_bridge_pick25__d2t2__00012.wav,lsp-arctan,3,2,0,2,17.426284440144894,13.270071970821393
les_bridge_fing05__d3t1__00016.wav,lsp-tanh,les_bridge_fing05,0.004064679,les_bridge_fing20__d2t3__00013.wav,lsp-sine,3,2,1,3,17.426284440144894,13.251366385956809
les_bridge_fing05__d3t2__00017.wav,lsp-tanh,les_bridge_fing05,0.005638063,les_neck_pick09__d2t3__00013.wav,byod-mxr,3,2,2,3,17.426284440144894,13.292365801948186
les_bridge_fing05__d3t3__00018.wav,lsp-tanh,les_bridge_fing05,0.0029557347,les_bridge_fing17__d2t4__00014.wav,byod-mxr,3,2,3,4,17.426284440144894,13.292365801948186
les_bridge_fing05__d3t4__00019.wav,lsp-tanh,les_bridge_fing05,0.0062613487,les_neck_pick05__d2t4__00014.wav,lsp-hardclip,3,2,4,4,17.426284440144894,13.55142968534178
les_bridge_fing05__d4t0__00020.wav,lsp-tanh,les_bridge_fing05,0.004157722,les_neck_fing01__d3t1__00016.wav,lsp-arctan,4,3,0,1,21.61115826291455,17.436825605717576
les_bridge_fing05__d4t1__00021.wav,lsp-tanh,les_bridge_fing05,0.001357913,les_bridge_fing20__d3t3__00018.wav,lsp-sine,4,3,1,3,21.61115826291455,17.46073355198249
les_bridge_fing05__d4t2__00022.wav,lsp-tanh,les_bridge_fing05,0.006002903,les_neck_pick04__d3t4__00019.wav,pedalboard-tanh,4,3,2,4,21.61115826291455,17.454399305827287
les_bridge_fing05__d4t3__00023.wav,lsp-tanh,les_bridge_fing05,0.0024583936,les_neck_pick09__d4t4__00024.wav,lsp-sine,4,4,3,4,21.61115826291455,21.652716208419097
les_bridge_fing05__d4t4__00024.wav,lsp-tanh,les_bridge_fing05,0.0045930147,les_neck_pick05__d4t4__00024.wav,byod-mxr,4,4,4,4,21.61115826291455,21.62039317761596
les_bridge_fing05__d5t0__00025.wav,lsp-tanh,les_bridge_fing05,0.0025080442,les_bridge_pick16__d4t2__00022.wav,lsp-arctan,5,4,0,2,25.766463780707188,21.613326710488973
les_bridge_fing05__d5t1__00026.wav,lsp-tanh,les_bridge_fing05,0.0020697117,les_neck_pick04__d4t3__00023.wav,lsp-arctan,5,4,1,3,25.766463780707188,21.613326710488973
les_bridge_fing05__d5t2__00027.wav,lsp-tanh,les_bridge_fing05,0.004999399,les_bridge_pick17__d4t4__00024.wav,pedalboard-tanh,5,4,2,4,25.766463780707188,21.61638024087312
les_bridge_fing05__d5t3__00028.wav,lsp-tanh,les_bridge_fing05,0.0034669042,les_neck_pick21__d5t3__00028.wav,lsp-sine,5,5,3,3,25.766463780707188,25.7855895742644
les_bridge_fing05__d5t4__00029.wav,lsp-tanh,les_bridge_fing05,0.0024270415,les_neck_pick21__d5t4__00029.wav,lsp-sine,5,5,4,4,25.766463780707188,25.7855895742644
les_bridge_fing05__d6t0__00030.wav,lsp-tanh,les_bridge_fing05,0.0035350323,les_neck_pick02__d6t1__00031.wav,lsp-arctan,6,6,0,1,29.89601395521624,29.91872954355242
les_bridge_fing05__d6t1__00031.wav,lsp-tanh,les_bridge_fing05,0.0033833385,les_neck_pick12__d6t3__00033.wav,lsp-arctan,6,6,1,3,29.89601395521624,29.91872954355242
les_bridge_fing05__d6t2__00032.wav,lsp-tanh,les_bridge_fing05,0.0043779016,les_bridge_fing17__d5t4__00029.wav,byod-mxr,6,5,2,4,29.89601395521624,25.779078975465445
les_bridge_fing05__d6t3__00033.wav,lsp-tanh,les_bridge_fing05,0.0021893382,les_neck_pick04__d7t3__00038.wav,lsp-sine,6,7,3,3,29.89601395521624,34.094517939627885
les_bridge_fing05__d6t4__00034.wav,lsp-tanh,les_bridge_fing05,0.00093603134,les_neck_pick04__d7t4__00039.wav,lsp-sine,6,7,4,4,29.89601395521624,34.094517939627885
les_bridge_fing05__d7t0__00035.wav,lsp-tanh,les_bridge_fing05,0.002971232,les_bridge_pick22__d7t2__00037.wav,lsp-hardclip,7,7,0,2,34.0729352593394,34.07942205160116
les_bridge_fing05__d7t1__00036.wav,lsp-tanh,les_bridge_fing05,0.0041804314,les_neck_pick03__d7t2__00037.wav,lsp-sine,7,7,1,2,34.0729352593394,34.094517939627885
les_bridge_fing05__d7t2__00037.wav,lsp-tanh,les_bridge_fing05,0.0017335415,les_neck_fing01__d6t4__00034.wav,lsp-hardclip,7,6,2,4,34.0729352593394,29.908667593492765
les_bridge_fing05__d7t3__00038.wav,lsp-tanh,les_bridge_fing05,0.0010106564,les_neck_fing01__d7t4__00039.wav,lsp-hardclip,7,7,3,4,34.0729352593394,34.07942205160116
les_bridge_fing05__d7t4__00039.wav,lsp-tanh,les_bridge_fing05,0.0019421577,les_bridge_fing20__d7t4__00039.wav,lsp-sine,7,7,4,4,34.0729352593394,34.094517939627885
les_bridge_fing07__d0t0__00000.wav,lsp-tanh,les_bridge_fing07,0.00018167496,les_bridge_fing20__d1t0__00005.wav,pedalboard-tanh,0,1,0,0,5.0,9.146047429418331
les_bridge_fing07__d0t1__00001.wav,lsp-tanh,les_bridge_fing07,0.0003066659,les_bridge_fing20__d0t1__00001.wav,byod-mxr,0,0,1,1,5.0,5.0
les_bridge_fing07__d0t2__00002.wav,lsp-tanh,les_bridge_fing07,0.0013028383,les_bridge_pick22__d0t3__00003.wav,pedalboard-tanh,0,0,2,3,5.0,5.0
les_bridge_fing07__d0t3__00003.wav,lsp-tanh,les_bridge_fing07,0.0018553138,les_neck_fing15__d1t3__00008.wav,lsp-hardclip,0,1,3,3,5.0,9.35456396552498
les_bridge_fing07__d0t4__00004.wav,lsp-tanh,les_bridge_fing07,0.0018551946,les_neck_fing15__d2t4__00014.wav,pedalboard-tanh,0,2,4,4,5.0,13.296816138037473
les_bridge_fing07__d1t0__00005.wav,lsp-tanh,les_bridge_fing07,0.0003899336,les_bridge_fing21__d1t1__00006.wav,lsp-sine,1,1,0,1,9.088421535688989,9.202349861352678
les_bridge_fing07__d1t1__00006.wav,lsp-tanh,les_bridge_fing07,0.0004773736,les_bridge_fing24__d1t1__00006.wav,lsp-sine,1,1,1,1,9.088421535688989,9.202349861352678
les_bridge_fing07__d1t2__00007.wav,lsp-tanh,les_bridge_fing07,0.0007917285,les_bridge_pick22__d0t3__00003.wav,lsp-arctan,1,0,2,3,9.088421535688989,5.005872107125804
les_bridge_fing07__d1t3__00008.wav,lsp-tanh,les_bridge_fing07,0.0016003847,les_bridge_pick22__d0t4__00004.wav,byod-mxr,1,0,3,4,9.088421535688989,5.0
les_bridge_fing07__d1t4__00009.wav,lsp-tanh,les_bridge_fing07,0.0022171736,les_neck_fing15__d2t4__00014.wav,lsp-sine,1,2,4,4,9.088421535688989,13.251366385956809
les_bridge_fing07__d2t0__00010.wav,lsp-tanh,les_bridge_fing07,0.000677526,les_bridge_pick25__d2t0__00010.wav,lsp-sine,2,2,0,0,13.297259315581634,13.251366385956809
les_bridge_fing07__d2t1__00011.wav,lsp-tanh,les_bridge_fing07,0.00060141087,les_bridge_fing20__d2t1__00011.wav,pedalboard-tanh,2,2,1,1,13.297259315581634,13.296816138037473
les_bridge_fing07__d2t2__00012.wav,lsp-tanh,les_bridge_fing07,0.0009069443,les_bridge_fing17__d2t1__00011.wav,lsp-sine,2,2,2,1,13.297259315581634,13.251366385956809
les_bridge_fing07__d2t3__00013.wav,lsp-tanh,les_bridge_fing07,0.0027145147,les_bridge_fing20__d2t3__00013.wav,byod-mxr,2,2,3,3,13.297259315581634,13.292365801948186
les_bridge_fing07__d2t4__00014.wav,lsp-tanh,les_bridge_fing07,0.0025079846,les_neck_pick09__d1t3__00008.wav,lsp-arctan,2,1,4,3,13.297259315581634,9.170316408518453
les_bridge_fing07__d3t0__00015.wav,lsp-tanh,les_bridge_fing07,0.00044357777,les_bridge_fing24__d3t0__00015.wav,lsp-arctan,3,3,0,0,17.426284440144894,17.436825605717576
les_bridge_fing07__d3t1__00016.wav,lsp-tanh,les_bridge_fing07,0.0038903952,les_bridge_fing17__d3t0__00015.wav,pedalboard-tanh,3,3,1,0,17.426284440144894,17.454399305827287
les_bridge_fing07__d3t2__00017.wav,lsp-tanh,les_bridge_fing07,0.0021038055,les_bridge_fing20__d3t2__00017.wav,lsp-sine,3,3,2,2,17.426284440144894,17.46073355198249
les_bridge_fing07__d3t3__00018.wav,lsp-tanh,les_bridge_fing07,0.0007841587,les_bridge_fing20__d3t3__00018.wav,lsp-sine,3,3,3,3,17.426284440144894,17.46073355198249
les_bridge_fing07__d3t4__00019.wav,lsp-tanh,les_bridge_fing07,0.0020807385,les_bridge_pick17__d3t4__00019.wav,lsp-arctan,3,3,4,4,17.426284440144894,17.436825605717576
les_bridge_fing07__d4t0__00020.wav,lsp-tanh,les_bridge_fing07,0.0011328459,les_bridge_fing24__d4t0__00020.wav,byod-mxr,4,4,0,0,21.61115826291455,21.62039317761596
les_bridge_fing07__d4t1__00021.wav,lsp-tanh,les_bridge_fing07,0.003001213,les_bridge_pick25__d4t1__00021.wav,lsp-sine,4,4,1,1,21.61115826291455,21.652716208419097
les_bridge_fing07__d4t2__00022.wav,lsp-tanh,les_bridge_fing07,0.0014471412,les_bridge_fing21__d4t3__00023.wav,byod-mxr,4,4,2,3,21.61115826291455,21.62039317761596
les_bridge_fing07__d4t3__00023.wav,lsp-tanh,les_bridge_fing07,0.0045469403,les_bridge_fing21__d4t4__00024.wav,byod-mxr,4,4,3,4,21.61115826291455,21.62039317761596
les_bridge_fing07__d4t4__00024.wav,lsp-tanh,les_bridge_fing07,0.0021435618,les_neck_pick04__d4t4__00024.wav,pedalboard-tanh,4,4,4,4,21.61115826291455,21.61638024087312
les_bridge_fing07__d5t0__00025.wav,lsp-tanh,les_bridge_fing07,0.0018756986,les_bridge_fing21__d5t1__00026.wav,byod-mxr,5,5,0,1,25.766463780707188,25.779078975465445
les_bridge_fing07__d5t1__00026.wav,lsp-tanh,les_bridge_fing07,0.0016182065,les_bridge_fing24__d5t2__00027.wav,byod-mxr,5,5,1,2,25.766463780707188,25.779078975465445
les_bridge_fing07__d5t2__00027.wav,lsp-tanh,les_bridge_fing07,0.003140986,les_neck_fing01__d5t2__00027.wav,lsp-sine,5,5,2,2,25.766463780707188,25.7855895742644
les_bridge_fing07__d5t3__00028.wav,lsp-tanh,les_bridge_fing07,0.0014873743,les_bridge_pick17__d5t3__00028.wav,lsp-sine,5,5,3,3,25.766463780707188,25.7855895742644
les_bridge_fing07__d5t4__00029.wav,lsp-tanh,les_bridge_fing07,0.0014077425,les_neck_pick09__d5t4__00029.wav,lsp-arctan,5,5,4,4,25.766463780707188,25.788497067568912
les_bridge_fing07__d6t0__00030.wav,lsp-tanh,les_bridge_fing07,0.003147602,les_bridge_pick22__d6t1__00031.wav,lsp-arctan,6,6,0,1,29.89601395521624,29.91872954355242
les_bridge_fing07__d6t1__00031.wav,lsp-tanh,les_bridge_fing07,0.0014413595,les_bridge_pick17__d6t1__00031.wav,lsp-sine,6,6,1,1,29.89601395521624,29.915327656251563
les_bridge_fing07__d6t2__00032.wav,lsp-tanh,les_bridge_fing07,0.0016887188,les_neck_pick12__d6t4__00034.wav,lsp-arctan,6,6,2,4,29.89601395521624,29.91872954355242
les_bridge_fing07__d6t3__00033.wav,lsp-tanh,les_bridge_fing07,0.0011620522,les_neck_pick21__d6t3__00033.wav,lsp-arctan,6,6,3,3,29.89601395521624,29.91872954355242
les_bridge_fing07__d6t4__00034.wav,lsp-tanh,les_bridge_fing07,0.0005556345,les_bridge_fing20__d6t3__00033.wav,pedalboard-tanh,6,6,4,3,29.89601395521624,29.92239131554786
les_bridge_fing07__d7t0__00035.wav,lsp-tanh,les_bridge_fing07,0.0030802488,les_bridge_fing20__d7t0__00035.wav,lsp-hardclip,7,7,0,0,34.0729352593394,34.07942205160116
les_bridge_fing07__d7t1__00036.wav,lsp-tanh,les_bridge_fing07,0.0022563934,les_bridge_fing24__d7t2__00037.wav,byod-mxr,7,7,1,2,34.0729352593394,34.08156088036171
les_bridge_fing07__d7t2__00037.wav,lsp-tanh,les_bridge_fing07,0.0013319254,les_bridge_fing17__d7t2__00037.wav,byod-mxr,7,7,2,2,34.0729352593394,34.08156088036171
les_bridge_fing07__d7t3__00038.wav,lsp-tanh,les_bridge_fing07,0.00102669,les_neck_pick04__d7t4__00039.wav,byod-mxr,7,7,3,4,34.0729352593394,34.08156088036171
les_bridge_fing07__d7t4__00039.wav,lsp-tanh,les_bridge_fing07,0.00102669,les_neck_pick14__d7t3__00038.wav,byod-mxr,7,7,4,3,34.0729352593394,34.08156088036171
les_bridge_fing09__d0t0__00000.wav,lsp-tanh,les_bridge_fing09,0.006392896,les_neck_fing15__d0t3__00003.wav,pedalboard-tanh,0,0,0,3,5.0,5.0
les_bridge_fing09__d0t1__00001.wav,lsp-tanh,les_bridge_fing09,0.0062916875,les_neck_fing15__d0t4__00004.wav,pedalboard-tanh,0,0,1,4,5.0,5.0
les_bridge_fing09__d0t2__00002.wav,lsp-tanh,les_bridge_fing09,0.0045949817,les_neck_pick02__d0t3__00003.wav,pedalboard-tanh,0,0,2,3,5.0,5.0
les_bridge_fing09__d0t3__00003.wav,lsp-tanh,les_bridge_fing09,0.002221346,les_neck_pick14__d0t3__00003.wav,pedalboard-tanh,0,0,3,3,5.0,5.0
les_bridge_fing09__d0t4__00004.wav,lsp-tanh,les_bridge_fing09,0.0012295842,les_neck_pick21__d0t4__00004.wav,pedalboard-tanh,0,0,4,4,5.0,5.0
les_bridge_fing09__d1t0__00005.wav,lsp-tanh,les_bridge_fing09,0.006385803,les_neck_fing15__d1t2__00007.wav,lsp-sine,1,1,0,2,9.088421535688989,9.202349861352678
les_bridge_fing09__d1t1__00006.wav,lsp-tanh,les_bridge_fing09,0.0012529492,les_bridge_fing24__d0t4__00004.wav,lsp-arctan,1,0,1,4,9.088421535688989,5.005872107125804
les_bridge_fing09__d1t2__00007.wav,lsp-tanh,les_bridge_fing09,0.005990684,les_bridge_pick17__d0t4__00004.wav,lsp-hardclip,1,0,2,4,9.088421535688989,5.063331073032135
les_bridge_fing09__d1t3__00008.wav,lsp-tanh,les_bridge_fing09,0.0016724467,les_neck_pick14__d1t3__00008.wav,lsp-hardclip,1,1,3,3,9.088421535688989,9.35456396552498
les_bridge_fing09__d1t4__00009.wav,lsp-tanh,les_bridge_fing09,0.00095164776,les_neck_pick21__d1t4__00009.wav,pedalboard-tanh,1,1,4,4,9.088421535688989,9.146047429418331
les_bridge_fing09__d2t0__00010.wav,lsp-tanh,les_bridge_fing09,0.006239414,les_neck_fing15__d2t2__00012.wav,lsp-arctan,2,2,0,2,13.297259315581634,13.270071970821393
les_bridge_fing09__d2t1__00011.wav,lsp-tanh,les_bridge_fing09,0.0017671585,les_bridge_fing24__d0t4__00004.wav,byod-mxr,2,0,1,4,13.297259315581634,5.0
les_bridge_fing09__d2t2__00012.wav,lsp-tanh,les_bridge_fing09,0.002068758,les_neck_pick21__d0t3__00003.wav,lsp-sine,2,0,2,3,13.297259315581634,5.041347474059023
les_bridge_fing09__d2t3__00013.wav,lsp-tanh,les_bridge_fing09,0.0045126677,les_neck_pick14__d2t3__00013.wav,lsp-hardclip,2,2,3,3,13.297259315581634,13.55142968534178
les_bridge_fing09__d2t4__00014.wav,lsp-tanh,les_bridge_fing09,0.0014677048,les_neck_pick14__d2t4__00014.wav,lsp-arctan,2,2,4,4,13.297259315581634,13.270071970821393
les_bridge_fing09__d3t0__00015.wav,lsp-tanh,les_bridge_fing09,0.003539443,les_bridge_pick22__d1t3__00008.wav,lsp-hardclip,3,1,0,3,17.426284440144894,9.35456396552498
les_bridge_fing09__d3t1__00016.wav,lsp-tanh,les_bridge_fing09,0.0013973713,les_neck_pick04__d0t3__00003.wav,byod-mxr,3,0,1,3,17.426284440144894,5.0
les_bridge_fing09__d3t2__00017.wav,lsp-tanh,les_bridge_fing09,0.0036014915,les_neck_pick05__d0t3__00003.wav,lsp-hardclip,3,0,2,3,17.426284440144894,5.063331073032135
les_bridge_fing09__d3t3__00018.wav,lsp-tanh,les_bridge_fing09,0.0024123788,les_neck_pick14__d3t3__00018.wav,byod-mxr,3,3,3,3,17.426284440144894,17.452308155418716
les_bridge_fing09__d3t4__00019.wav,lsp-tanh,les_bridge_fing09,0.002539277,les_neck_pick21__d3t4__00019.wav,lsp-sine,3,3,4,4,17.426284440144894,17.46073355198249
les_bridge_fing09__d4t0__00020.wav,lsp-tanh,les_bridge_fing09,0.008463204,les_neck_pick04__d2t2__00012.wav,lsp-hardclip,4,2,0,2,21.61115826291455,13.55142968534178
les_bridge_fing09__d4t1__00021.wav,lsp-tanh,les_bridge_fing09,0.004065335,les_bridge_pick22__d3t4__00019.wav,byod-mxr,4,3,1,4,21.61115826291455,17.452308155418716
les_bridge_fing09__d4t2__00022.wav,lsp-tanh,les_bridge_fing09,0.003636837,les_neck_pick09__d4t4__00024.wav,lsp-sine,4,4,2,4,21.61115826291455,21.652716208419097
les_bridge_fing09__d4t3__00023.wav,lsp-tanh,les_bridge_fing09,0.0039325356,les_neck_pick21__d4t4__00024.wav,lsp-arctan,4,4,3,4,21.61115826291455,21.613326710488973
les_bridge_fing09__d4t4__00024.wav,lsp-tanh,les_bridge_fing09,0.006486833,les_neck_pick14__d5t3__00028.wav,byod-mxr,4,5,4,3,21.61115826291455,25.779078975465445
les_bridge_fing09__d5t0__00025.wav,lsp-tanh,les_bridge_fing09,0.012396216,les_neck_pick11__d5t2__00027.wav,pedalboard-tanh,5,5,0,2,25.766463780707188,25.782351420955937
les_bridge_fing09__d5t1__00026.wav,lsp-tanh,les_bridge_fing09,0.003933549,les_bridge_pick17__d5t3__00028.wav,lsp-hardclip,5,5,1,3,25.766463780707188,25.79865436059077
les_bridge_fing09__d5t2__00027.wav,lsp-tanh,les_bridge_fing09,0.0035627484,les_bridge_pick17__d5t4__00029.wav,lsp-sine,5,5,2,4,25.766463780707188,25.7855895742644
les_bridge_fing09__d5t3__00028.wav,lsp-tanh,les_bridge_fing09,0.002660215,les_bridge_fing20__d5t4__00029.wav,lsp-arctan,5,5,3,4,25.766463780707188,25.788497067568912
les_bridge_fing09__d5t4__00029.wav,lsp-tanh,les_bridge_fing09,0.001003623,les_neck_pick04__d7t4__00039.wav,pedalboard-tanh,5,7,4,4,25.766463780707188,34.075823464139134
les_bridge_fing09__d6t0__00030.wav,lsp-tanh,les_bridge_fing09,0.0039723516,les_bridge_pick16__d5t3__00028.wav,lsp-hardclip,6,5,0,3,29.89601395521624,25.79865436059077
les_bridge_fing09__d6t1__00031.wav,lsp-tanh,les_bridge_fing09,0.002447307,les_bridge_pick16__d6t3__00033.wav,lsp-sine,6,6,1,3,29.89601395521624,29.915327656251563
les_bridge_fing09__d6t2__00032.wav,lsp-tanh,les_bridge_fing09,0.0011962652,les_neck_fing01__d6t4__00034.wav,lsp-hardclip,6,6,2,4,29.89601395521624,29.908667593492765
les_bridge_fing09__d6t3__00033.wav,lsp-tanh,les_bridge_fing09,0.0007905364,les_neck_fing01__d7t4__00039.wav,lsp-hardclip,6,7,3,4,29.89601395521624,34.07942205160116
les_bridge_fing09__d6t4__00034.wav,lsp-tanh,les_bridge_fing09,0.001283288,les_neck_pick21__d7t4__00039.wav,lsp-arctan,6,7,4,4,29.89601395521624,34.09435618625095
les_bridge_fing09__d7t0__00035.wav,lsp-tanh,les_bridge_fing09,0.007304549,les_neck_pick07__d7t3__00038.wav,byod-mxr,7,7,0,3,34.0729352593394,34.08156088036171
les_bridge_fing09__d7t1__00036.wav,lsp-tanh,les_bridge_fing09,0.0019560456,les_neck_pick11__d7t3__00038.wav,lsp-arctan,7,7,1,3,34.0729352593394,34.09435618625095
les_bridge_fing09__d7t2__00037.wav,lsp-tanh,les_bridge_fing09,0.00095176697,les_neck_pick05__d7t4__00039.wav,lsp-arctan,7,7,2,4,34.0729352593394,34.09435618625095
les_bridge_fing09__d7t3__00038.wav,lsp-tanh,les_bridge_fing09,0.0016421676,les_bridge_fing20__d7t4__00039.wav,lsp-hardclip,7,7,3,4,34.0729352593394,34.07942205160116
les_bridge_fing09__d7t4__00039.wav,lsp-tanh,les_bridge_fing09,0.001508832,les_bridge_fing20__d7t4__00039.wav,lsp-sine,7,7,4,4,34.0729352593394,34.094517939627885
les_bridge_fing11__d0t0__00000.wav,lsp-tanh,les_bridge_fing11,0.0013242364,les_neck_pick12__d0t1__00001.wav,pedalboard-tanh,0,0,0,1,5.0,5.0
les_bridge_fing11__d0t1__00001.wav,lsp-tanh,les_bridge_fing11,0.00037235022,les_bridge_fing20__d1t0__00005.wav,byod-mxr,0,1,1,0,5.0,9.107670514338215
les_bridge_fing11__d0t2__00002.wav,lsp-tanh,les_bridge_fing11,0.00075405836,les_bridge_pick22__d0t2__00002.wav,lsp-arctan,0,0,2,2,5.0,5.005872107125804
les_bridge_fing11__d0t3__00003.wav,lsp-tanh,les_bridge_fing11,0.0013760328,les_neck_pick21__d0t1__00001.wav,lsp-hardclip,0,0,3,1,5.0,5.063331073032135
les_bridge_fing11__d0t4__00004.wav,lsp-tanh,les_bridge_fing11,0.0036854148,les_neck_fing15__d3t2__00017.wav,lsp-hardclip,0,3,4,2,5.0,17.563088337099366
les_bridge_fing11__d1t0__00005.wav,lsp-tanh,les_bridge_fing11,0.0015085936,les_neck_pick12__d1t1__00006.wav,lsp-arctan,1,1,0,1,9.088421535688989,9.170316408518453
les_bridge_fing11__d1t1__00006.wav,lsp-tanh,les_bridge_fing11,0.00059610605,les_bridge_fing20__d0t0__00000.wav,lsp-hardclip,1,0,1,0,9.088421535688989,5.063331073032135
les_bridge_fing11__d1t2__00007.wav,lsp-tanh,les_bridge_fing11,0.00079250336,les_bridge_fing17__d0t0__00000.wav,byod-mxr,1,0,2,0,9.088421535688989,5.0
les_bridge_fing11__d1t3__00008.wav,lsp-tanh,les_bridge_fing11,0.0020781755,les_bridge_fing20__d1t2__00007.wav,lsp-hardclip,1,1,3,2,9.088421535688989,9.35456396552498
les_bridge_fing11__d1t4__00009.wav,lsp-tanh,les_bridge_fing11,0.0031715631,les_bridge_pick22__d1t3__00008.wav,lsp-hardclip,1,1,4,3,9.088421535688989,9.35456396552498
les_bridge_fing11__d2t0__00010.wav,lsp-tanh,les_bridge_fing11,0.00068348646,les_neck_pick12__d1t1__00006.wav,byod-mxr,2,1,0,1,13.297259315581634,9.107670514338215
les_bridge_fing11__d2t1__00011.wav,lsp-tanh,les_bridge_fing11,0.0019313097,les_bridge_pick22__d0t1__00001.wav,lsp-hardclip,2,0,1,1,13.297259315581634,5.063331073032135
les_bridge_fing11__d2t2__00012.wav,lsp-tanh,les_bridge_fing11,0.0016662478,les_bridge_pick22__d2t2__00012.wav,byod-mxr,2,2,2,2,13.297259315581634,13.292365801948186
les_bridge_fing11__d2t3__00013.wav,lsp-tanh,les_bridge_fing11,0.0019494295,les_neck_pick21__d3t1__00016.wav,lsp-arctan,2,3,3,1,13.297259315581634,17.436825605717576
les_bridge_fing11__d2t4__00014.wav,lsp-tanh,les_bridge_fing11,0.0047391057,les_neck_pick04__d2t2__00012.wav,byod-mxr,2,2,4,2,13.297259315581634,13.292365801948186
les_bridge_fing11__d3t0__00015.wav,lsp-tanh,les_bridge_fing11,0.0007099509,les_neck_pick12__d2t1__00011.wav,lsp-hardclip,3,2,0,1,17.426284440144894,13.55142968534178
les_bridge_fing11__d3t1__00016.wav,lsp-tanh,les_bridge_fing11,0.0016635656,les_neck_pick12__d3t2__00017.wav,lsp-arctan,3,3,1,2,17.426284440144894,17.436825605717576
les_bridge_fing11__d3t2__00017.wav,lsp-tanh,les_bridge_fing11,0.0017089844,les_bridge_pick22__d3t2__00017.wav,lsp-sine,3,3,2,2,17.426284440144894,17.46073355198249
les_bridge_fing11__d3t3__00018.wav,lsp-tanh,les_bridge_fing11,0.0017258525,les_neck_pick04__d3t2__00017.wav,pedalboard-tanh,3,3,3,2,17.426284440144894,17.454399305827287
les_bridge_fing11__d3t4__00019.wav,lsp-tanh,les_bridge_fing11,0.0030646324,les_neck_pick11__d3t2__00017.wav,byod-mxr,3,3,4,2,17.426284440144894,17.452308155418716
les_bridge_fing11__d4t0__00020.wav,lsp-tanh,les_bridge_fing11,0.0016363859,les_neck_pick11__d3t0__00015.wav,pedalboard-tanh,4,3,0,0,21.61115826291455,17.454399305827287
les_bridge_fing11__d4t1__00021.wav,lsp-tanh,les_bridge_fing11,0.0017922521,les_neck_pick12__d4t2__00022.wav,lsp-arctan,4,4,1,2,21.61115826291455,21.613326710488973
les_bridge_fing11__d4t2__00022.wav,lsp-tanh,les_bridge_fing11,0.003574431,les_neck_pick05__d4t1__00021.wav,lsp-sine,4,4,2,1,21.61115826291455,21.652716208419097
les_bridge_fing11__d4t3__00023.wav,lsp-tanh,les_bridge_fing11,0.003378868,les_bridge_pick17__d4t2__00022.wav,lsp-arctan,4,4,3,2,21.61115826291455,21.613326710488973
les_bridge_fing11__d4t4__00024.wav,lsp-tanh,les_bridge_fing11,0.0030890703,les_neck_pick05__d5t2__00027.wav,lsp-hardclip,4,5,4,2,21.61115826291455,25.79865436059077
les_bridge_fing11__d5t0__00025.wav,lsp-tanh,les_bridge_fing11,0.0016250014,les_neck_pick12__d5t0__00025.wav,pedalboard-tanh,5,5,0,0,25.766463780707188,25.782351420955937
les_bridge_fing11__d5t1__00026.wav,lsp-tanh,les_bridge_fing11,0.0035171509,les_neck_pick12__d5t2__00027.wav,lsp-sine,5,5,1,2,25.766463780707188,25.7855895742644
les_bridge_fing11__d5t2__00027.wav,lsp-tanh,les_bridge_fing11,0.003671825,les_neck_pick11__d5t2__00027.wav,pedalboard-tanh,5,5,2,2,25.766463780707188,25.782351420955937
les_bridge_fing11__d5t3__00028.wav,lsp-tanh,les_bridge_fing11,0.0029323697,les_bridge_pick17__d5t2__00027.wav,pedalboard-tanh,5,5,3,2,25.766463780707188,25.782351420955937
les_bridge_fing11__d5t4__00029.wav,lsp-tanh,les_bridge_fing11,0.0041353106,les_neck_fing01__d5t3__00028.wav,lsp-sine,5,5,4,3,25.766463780707188,25.7855895742644
les_bridge_fing11__d6t0__00030.wav,lsp-tanh,les_bridge_fing11,0.0016835928,les_bridge_fing24__d6t0__00030.wav,byod-mxr,6,6,0,0,29.89601395521624,29.91150927100104
les_bridge_fing11__d6t1__00031.wav,lsp-tanh,les_bridge_fing11,0.0037778616,les_neck_pick07__d5t3__00028.wav,lsp-sine,6,5,1,3,29.89601395521624,25.7855895742644
les_bridge_fing11__d6t2__00032.wav,lsp-tanh,les_bridge_fing11,0.0033950806,les_neck_pick02__d6t2__00032.wav,lsp-hardclip,6,6,2,2,29.89601395521624,29.908667593492765
les_bridge_fing11__d6t3__00033.wav,lsp-tanh,les_bridge_fing11,0.0033013225,les_neck_pick05__d6t3__00033.wav,lsp-hardclip,6,6,3,3,29.89601395521624,29.908667593492765
les_bridge_fing11__d6t4__00034.wav,lsp-tanh,les_bridge_fing11,0.0010442734,les_bridge_fing17__d7t2__00037.wav,lsp-sine,6,7,4,2,29.89601395521624,34.094517939627885
les_bridge_fing11__d7t0__00035.wav,lsp-tanh,les_bridge_fing11,0.0017499328,les_bridge_fing24__d7t0__00035.wav,pedalboard-tanh,7,7,0,0,34.0729352593394,34.075823464139134
les_bridge_fing11__d7t1__00036.wav,lsp-tanh,les_bridge_fing11,0.0020344257,les_bridge_fing17__d7t0__00035.wav,pedalboard-tanh,7,7,1,0,34.0729352593394,34.075823464139134
les_bridge_fing11__d7t2__00037.wav,lsp-tanh,les_bridge_fing11,0.0018548369,les_bridge_fing24__d6t4__00034.wav,pedalboard-tanh,7,6,2,4,34.0729352593394,29.92239131554786
les_bridge_fing11__d7t3__00038.wav,lsp-tanh,les_bridge_fing11,0.0012344718,les_bridge_fing20__d7t2__00037.wav,pedalboard-tanh,7,7,3,2,34.0729352593394,34.075823464139134
les_bridge_fing11__d7t4__00039.wav,lsp-tanh,les_bridge_fing11,0.002054572,les_neck_pick14__d7t2__00037.wav,byod-mxr,7,7,4,2,34.0729352593394,34.08156088036171
les_bridge_fing16__d0t0__00000.wav,lsp-tanh,les_bridge_fing16,0.0034542084,les_neck_fing15__d3t1__00016.wav,lsp-hardclip,0,3,0,1,5.0,17.563088337099366
les_bridge_fing16__d0t1__00001.wav,lsp-tanh,les_bridge_fing16,0.0025989413,les_bridge_pick25__d0t3__00003.wav,pedalboard-tanh,0,0,1,3,5.0,5.0
les_bridge_fing16__d0t2__00002.wav,lsp-tanh,les_bridge_fing16,0.0051801205,les_bridge_pick17__d0t3__00003.wav,byod-mxr,0,0,2,3,5.0,5.0
les_bridge_fing16__d0t3__00003.wav,lsp-tanh,les_bridge_fing16,0.0024100542,les_neck_pick21__d0t3__00003.wav,lsp-sine,0,0,3,3,5.0,5.041347474059023
les_bridge_fing16__d0t4__00004.wav,lsp-tanh,les_bridge_fing16,0.005063951,les_neck_pick02__d1t4__00009.wav,pedalboard-tanh,0,1,4,4,5.0,9.146047429418331
les_bridge_fing16__d1t0__00005.wav,lsp-tanh,les_bridge_fing16,0.0013676286,les_neck_pick02__d1t1__00006.wav,lsp-arctan,1,1,0,1,9.088421535688989,9.170316408518453
les_bridge_fing16__d1t1__00006.wav,lsp-tanh,les_bridge_fing16,0.0009915829,les_bridge_pick25__d0t3__00003.wav,pedalboard-tanh,1,0,1,3,9.088421535688989,5.0
les_bridge_fing16__d1t2__00007.wav,lsp-tanh,les_bridge_fing16,0.0049102902,les_bridge_pick17__d1t3__00008.wav,lsp-hardclip,1,1,2,3,9.088421535688989,9.35456396552498
les_bridge_fing16__d1t3__00008.wav,lsp-tanh,les_bridge_fing16,0.0025967956,les_neck_pick21__d1t3__00008.wav,lsp-sine,1,1,3,3,9.088421535688989,9.202349861352678
les_bridge_fing16__d1t4__00009.wav,lsp-tanh,les_bridge_fing16,0.003887415,les_neck_pick21__d0t4__00004.wav,lsp-sine,1,0,4,4,9.088421535688989,5.041347474059023
les_bridge_fing16__d2t0__00010.wav,lsp-tanh,les_bridge_fing16,0.0019204617,les_neck_pick12__d0t4__00004.wav,lsp-sine,2,0,0,4,13.297259315581634,5.041347474059023
les_bridge_fing16__d2t1__00011.wav,lsp-tanh,les_bridge_fing16,0.0013464689,les_bridge_pick25__d0t3__00003.wav,lsp-hardclip,2,0,1,3,13.297259315581634,5.063331073032135
les_bridge_fing16__d2t2__00012.wav,lsp-tanh,les_bridge_fing16,0.006088972,les_bridge_pick17__d2t4__00014.wav,pedalboard-tanh,2,2,2,4,13.297259315581634,13.296816138037473
les_bridge_fing16__d2t3__00013.wav,lsp-tanh,les_bridge_fing16,0.0021688938,les_bridge_fing17__d0t4__00004.wav,lsp-hardclip,2,0,3,4,13.297259315581634,5.063331073032135
les_bridge_fing16__d2t4__00014.wav,lsp-tanh,les_bridge_fing16,0.003703773,les_neck_pick05__d0t4__00004.wav,lsp-arctan,2,0,4,4,13.297259315581634,5.005872107125804
les_bridge_fing16__d3t0__00015.wav,lsp-tanh,les_bridge_fing16,0.001999557,les_neck_pick12__d1t4__00009.wav,lsp-sine,3,1,0,4,17.426284440144894,9.202349861352678
les_bridge_fing16__d3t1__00016.wav,lsp-tanh,les_bridge_fing16,0.0030748248,les_neck_pick02__d2t2__00012.wav,lsp-sine,3,2,1,2,17.426284440144894,13.251366385956809
les_bridge_fing16__d3t2__00017.wav,lsp-tanh,les_bridge_fing16,0.0028589368,les_neck_pick03__d2t4__00014.wav,lsp-arctan,3,2,2,4,17.426284440144894,13.270071970821393
les_bridge_fing16__d3t3__00018.wav,lsp-tanh,les_bridge_fing16,0.0015369058,les_bridge_fing17__d3t4__00019.wav,lsp-hardclip,3,3,3,4,17.426284440144894,17.563088337099366
les_bridge_fing16__d3t4__00019.wav,lsp-tanh,les_bridge_fing16,0.006557226,les_neck_pick14__d3t3__00018.wav,byod-mxr,3,3,4,3,17.426284440144894,17.452308155418716
les_bridge_fing16__d4t0__00020.wav,lsp-tanh,les_bridge_fing16,0.001960814,les_neck_pick21__d3t1__00016.wav,pedalboard-tanh,4,3,0,1,21.61115826291455,17.454399305827287
les_bridge_fing16__d4t1__00021.wav,lsp-tanh,les_bridge_fing16,0.0017897487,les_neck_pick05__d3t2__00017.wav,lsp-hardclip,4,3,1,2,21.61115826291455,17.563088337099366
les_bridge_fing16__d4t2__00022.wav,lsp-tanh,les_bridge_fing16,0.0029689074,les_neck_pick05__d3t3__00018.wav,lsp-hardclip,4,3,2,3,21.61115826291455,17.563088337099366
les_bridge_fing16__d4t3__00023.wav,lsp-tanh,les_bridge_fing16,0.0026630163,les_neck_pick21__d4t3__00023.wav,pedalboard-tanh,4,4,3,3,21.61115826291455,21.61638024087312
les_bridge_fing16__d4t4__00024.wav,lsp-tanh,les_bridge_fing16,0.003308177,les_neck_pick21__d4t4__00024.wav,byod-mxr,4,4,4,4,21.61115826291455,21.62039317761596
les_bridge_fing16__d5t0__00025.wav,lsp-tanh,les_bridge_fing16,0.00578475,les_bridge_fing20__d4t2__00022.wav,lsp-hardclip,5,4,0,2,25.766463780707188,21.54643860361127
les_bridge_fing16__d5t1__00026.wav,lsp-tanh,les_bridge_fing16,0.00565058,les_neck_pick11__d4t3__00023.wav,pedalboard-tanh,5,4,1,3,25.766463780707188,21.61638024087312
les_bridge_fing16__d5t2__00027.wav,lsp-tanh,les_bridge_fing16,0.0033168197,les_neck_pick09__d4t4__00024.wav,lsp-arctan,5,4,2,4,25.766463780707188,21.613326710488973
les_bridge_fing16__d5t3__00028.wav,lsp-tanh,les_bridge_fing16,0.0054671764,les_bridge_fing20__d5t3__00028.wav,lsp-sine,5,5,3,3,25.766463780707188,25.7855895742644
les_bridge_fing16__d5t4__00029.wav,lsp-tanh,les_bridge_fing16,0.001344204,les_bridge_fing20__d5t4__00029.wav,lsp-sine,5,5,4,4,25.766463780707188,25.7855895742644
les_bridge_fing16__d6t0__00030.wav,lsp-tanh,les_bridge_fing16,0.00620991,les_bridge_pick16__d5t2__00027.wav,pedalboard-tanh,6,5,0,2,29.89601395521624,25.782351420955937
les_bridge_fing16__d6t1__00031.wav,lsp-tanh,les_bridge_fing16,0.0022738576,les_neck_pick09__d5t3__00028.wav,byod-mxr,6,5,1,3,29.89601395521624,25.779078975465445
les_bridge_fing16__d6t2__00032.wav,lsp-tanh,les_bridge_fing16,0.0021630526,les_neck_pick05__d5t4__00029.wav,lsp-sine,6,5,2,4,29.89601395521624,25.7855895742644
les_bridge_fing16__d6t3__00033.wav,lsp-tanh,les_bridge_fing16,0.0023949146,les_bridge_fing20__d5t4__00029.wav,pedalboard-tanh,6,5,3,4,29.89601395521624,25.782351420955937
les_bridge_fing16__d6t4__00034.wav,lsp-tanh,les_bridge_fing16,0.0041262507,les_neck_pick14__d6t3__00033.wav,lsp-sine,6,6,4,3,29.89601395521624,29.915327656251563
les_bridge_fing16__d7t0__00035.wav,lsp-tanh,les_bridge_fing16,0.0061249137,les_bridge_pick22__d6t3__00033.wav,byod-mxr,7,6,0,3,34.0729352593394,29.91150927100104
les_bridge_fing16__d7t1__00036.wav,lsp-tanh,les_bridge_fing16,0.002636075,les_neck_fing01__d6t3__00033.wav,lsp-hardclip,7,6,1,3,34.0729352593394,29.908667593492765
les_bridge_fing16__d7t2__00037.wav,lsp-tanh,les_bridge_fing16,0.0015013218,les_bridge_fing17__d6t4__00034.wav,lsp-sine,7,6,2,4,34.0729352593394,29.915327656251563
les_bridge_fing16__d7t3__00038.wav,lsp-tanh,les_bridge_fing16,0.0017840266,les_neck_fing15__d6t4__00034.wav,byod-mxr,7,6,3,4,34.0729352593394,29.91150927100104
les_bridge_fing16__d7t4__00039.wav,lsp-tanh,les_bridge_fing16,0.0012059212,les_neck_fing15__d7t4__00039.wav,lsp-hardclip,7,7,4,4,34.0729352593394,34.07942205160116
les_bridge_fing18__d0t0__00000.wav,lsp-tanh,les_bridge_fing18,0.0015722513,les_bridge_pick16__d2t1__00011.wav,pedalboard-tanh,0,2,0,1,5.0,13.296816138037473
les_bridge_fing18__d0t1__00001.wav,lsp-tanh,les_bridge_fing18,0.0011003017,les_neck_pick21__d2t0__00010.wav,lsp-hardclip,0,2,1,0,5.0,13.55142968534178
les_bridge_fing18__d0t2__00002.wav,lsp-tanh,les_bridge_fing18,0.002213478,les_bridge_fing24__d0t1__00001.wav,byod-mxr,0,0,2,1,5.0,5.0
les_bridge_fing18__d0t3__00003.wav,lsp-tanh,les_bridge_fing18,0.0006956458,les_bridge_pick22__d1t3__00008.wav,pedalboard-tanh,0,1,3,3,5.0,9.146047429418331
les_bridge_fing18__d0t4__00004.wav,lsp-tanh,les_bridge_fing18,0.0037996173,les_neck_pick02__d1t2__00007.wav,lsp-arctan,0,1,4,2,5.0,9.170316408518453
les_bridge_fing18__d1t0__00005.wav,lsp-tanh,les_bridge_fing18,0.0014270544,les_neck_pick12__d1t1__00006.wav,lsp-arctan,1,1,0,1,9.088421535688989,9.170316408518453
les_bridge_fing18__d1t1__00006.wav,lsp-tanh,les_bridge_fing18,0.00091284513,les_neck_pick12__d0t2__00002.wav,byod-mxr,1,0,1,2,9.088421535688989,5.0
les_bridge_fing18__d1t2__00007.wav,lsp-tanh,les_bridge_fing18,0.0013718009,les_bridge_pick22__d0t2__00002.wav,lsp-hardclip,1,0,2,2,9.088421535688989,5.063331073032135
les_bridge_fing18__d1t3__00008.wav,lsp-tanh,les_bridge_fing18,0.0016533732,les_neck_pick04__d1t2__00007.wav,pedalboard-tanh,1,1,3,2,9.088421535688989,9.146047429418331
les_bridge_fing18__d1t4__00009.wav,lsp-tanh,les_bridge_fing18,0.0018861294,les_bridge_pick22__d1t4__00009.wav,byod-mxr,1,1,4,4,9.088421535688989,9.107670514338215
les_bridge_fing18__d2t0__00010.wav,lsp-tanh,les_bridge_fing18,0.0010656118,les_neck_pick12__d2t1__00011.wav,byod-mxr,2,2,0,1,13.297259315581634,13.292365801948186
les_bridge_fing18__d2t1__00011.wav,lsp-tanh,les_bridge_fing18,0.0020725727,les_neck_pick12__d2t2__00012.wav,lsp-sine,2,2,1,2,13.297259315581634,13.251366385956809
les_bridge_fing18__d2t2__00012.wav,lsp-tanh,les_bridge_fing18,0.003927827,les_neck_pick12__d1t4__00009.wav,byod-mxr,2,1,2,4,13.297259315581634,9.107670514338215
les_bridge_fing18__d2t3__00013.wav,lsp-tanh,les_bridge_fing18,0.002826929,les_neck_pick04__d2t2__00012.wav,byod-mxr,2,2,3,2,13.297259315581634,13.292365801948186
les_bridge_fing18__d2t4__00014.wav,lsp-tanh,les_bridge_fing18,0.0051163435,les_neck_pick04__d2t3__00013.wav,pedalboard-tanh,2,2,4,3,13.297259315581634,13.296816138037473
les_bridge_fing18__d3t0__00015.wav,lsp-tanh,les_bridge_fing18,0.0013905168,les_neck_pick12__d3t1__00016.wav,lsp-hardclip,3,3,0,1,17.426284440144894,17.563088337099366
les_bridge_fing18__d3t1__00016.wav,lsp-tanh,les_bridge_fing18,0.0016185641,les_bridge_pick25__d3t1__00016.wav,lsp-arctan,3,3,1,1,17.426284440144894,17.436825605717576
les_bridge_fing18__d3t2__00017.wav,lsp-tanh,les_bridge_fing18,0.001614809,les_bridge_fing24__d3t2__00017.wav,byod-mxr,3,3,2,2,17.426284440144894,17.452308155418716
les_bridge_fing18__d3t3__00018.wav,lsp-tanh,les_bridge_fing18,0.0033075213,les_neck_pick11__d3t2__00017.wav,lsp-arctan,3,3,3,2,17.426284440144894,17.436825605717576
les_bridge_fing18__d3t4__00019.wav,lsp-tanh,les_bridge_fing18,0.005247712,les_neck_pick21__d4t2__00022.wav,lsp-hardclip,3,4,4,2,17.426284440144894,21.54643860361127
les_bridge_fing18__d4t0__00020.wav,lsp-tanh,les_bridge_fing18,0.0027945042,les_bridge_pick25__d4t0__00020.wav,pedalboard-tanh,4,4,0,0,21.61115826291455,21.61638024087312
les_bridge_fing18__d4t1__00021.wav,lsp-tanh,les_bridge_fing18,0.0036119819,les_bridge_fing24__d4t1__00021.wav,byod-mxr,4,4,1,1,21.61115826291455,21.62039317761596
les_bridge_fing18__d4t2__00022.wav,lsp-tanh,les_bridge_fing18,0.0021911263,les_neck_pick12__d4t4__00024.wav,pedalboard-tanh,4,4,2,4,21.61115826291455,21.61638024087312
les_bridge_fing18__d4t3__00023.wav,lsp-tanh,les_bridge_fing18,0.0034410954,les_bridge_fing21__d5t3__00028.wav,lsp-sine,4,5,3,3,21.61115826291455,25.7855895742644
les_bridge_fing18__d4t4__00024.wav,lsp-tanh,les_bridge_fing18,0.0037961602,les_neck_pick11__d5t3__00028.wav,pedalboard-tanh,4,5,4,3,21.61115826291455,25.782351420955937
les_bridge_fing18__d5t0__00025.wav,lsp-tanh,les_bridge_fing18,0.0040639043,les_bridge_pick25__d5t0__00025.wav,lsp-sine,5,5,0,0,25.766463780707188,25.7855895742644
les_bridge_fing18__d5t1__00026.wav,lsp-tanh,les_bridge_fing18,0.002792716,les_neck_pick09__d5t1__00026.wav,byod-mxr,5,5,1,1,25.766463780707188,25.779078975465445
les_bridge_fing18__d5t2__00027.wav,lsp-tanh,les_bridge_fing18,0.0039655566,les_neck_pick12__d5t4__00029.wav,lsp-arctan,5,5,2,4,25.766463780707188,25.788497067568912
les_bridge_fing18__d5t3__00028.wav,lsp-tanh,les_bridge_fing18,0.005482912,les_neck_pick09__d5t3__00028.wav,lsp-arctan,5,5,3,3,25.766463780707188,25.788497067568912
les_bridge_fing18__d5t4__00029.wav,lsp-tanh,les_bridge_fing18,0.005071819,les_neck_fing01__d6t3__00033.wav,lsp-hardclip,5,6,4,3,25.766463780707188,29.908667593492765
les_bridge_fing18__d6t0__00030.wav,lsp-tanh,les_bridge_fing18,0.0051124096,les_neck_pick07__d6t2__00032.wav,pedalboard-tanh,6,6,0,2,29.89601395521624,29.92239131554786
les_bridge_fing18__d6t1__00031.wav,lsp-tanh,les_bridge_fing18,0.004822135,les_bridge_pick22__d6t2__00032.wav,lsp-arctan,6,6,1,2,29.89601395521624,29.91872954355242
les_bridge_fing18__d6t2__00032.wav,lsp-tanh,les_bridge_fing18,0.004033804,les_bridge_pick22__d6t3__00033.wav,lsp-sine,6,6,2,3,29.89601395521624,29.915327656251563
les_bridge_fing18__d6t3__00033.wav,lsp-tanh,les_bridge_fing18,0.0026590228,les_neck_pick04__d6t4__00034.wav,lsp-hardclip,6,6,3,4,29.89601395521624,29.908667593492765
les_bridge_fing18__d6t4__00034.wav,lsp-tanh,les_bridge_fing18,0.0019809008,les_neck_pick02__d7t4__00039.wav,pedalboard-tanh,6,7,4,4,29.89601395521624,34.075823464139134
les_bridge_fing18__d7t0__00035.wav,lsp-tanh,les_bridge_fing18,0.004818797,les_bridge_fing24__d7t1__00036.wav,lsp-hardclip,7,7,0,1,34.0729352593394,34.07942205160116
les_bridge_fing18__d7t1__00036.wav,lsp-tanh,les_bridge_fing18,0.0034568906,les_bridge_pick17__d7t1__00036.wav,lsp-sine,7,7,1,1,34.0729352593394,34.094517939627885
les_bridge_fing18__d7t2__00037.wav,lsp-tanh,les_bridge_fing18,0.003198564,les_bridge_fing17__d7t2__00037.wav,byod-mxr,7,7,2,2,34.0729352593394,34.08156088036171
les_bridge_fing18__d7t3__00038.wav,lsp-tanh,les_bridge_fing18,0.002024293,les_neck_pick04__d7t4__00039.wav,byod-mxr,7,7,3,4,34.0729352593394,34.08156088036171
les_bridge_fing18__d7t4__00039.wav,lsp-tanh,les_bridge_fing18,0.0014259815,les_neck_fing01__d7t4__00039.wav,lsp-sine,7,7,4,4,34.0729352593394,34.094517939627885
les_bridge_fing23__d0t0__00000.wav,lsp-tanh,les_bridge_fing23,0.001101315,les_neck_pick14__d0t0__00000.wav,lsp-sine,0,0,0,0,5.0,5.041347474059023
les_bridge_fing23__d0t1__00001.wav,lsp-tanh,les_bridge_fing23,0.00070637465,les_bridge_fing24__d0t3__00003.wav,pedalboard-tanh,0,0,1,3,5.0,5.0
les_bridge_fing23__d0t2__00002.wav,lsp-tanh,les_bridge_fing23,0.0021394491,les_bridge_pick17__d0t4__00004.wav,pedalboard-tanh,0,0,2,4,5.0,5.0
les_bridge_fing23__d0t3__00003.wav,lsp-tanh,les_bridge_fing23,0.008487403,les_neck_pick21__d0t3__00003.wav,pedalboard-tanh,0,0,3,3,5.0,5.0
les_bridge_fing23__d0t4__00004.wav,lsp-tanh,les_bridge_fing23,0.002403438,les_neck_pick14__d0t3__00003.wav,pedalboard-tanh,0,0,4,3,5.0,5.0
les_bridge_fing23__d1t0__00005.wav,lsp-tanh,les_bridge_fing23,0.0009340048,les_neck_pick21__d0t1__00001.wav,pedalboard-tanh,1,0,0,1,9.088421535688989,5.0
les_bridge_fing23__d1t1__00006.wav,lsp-tanh,les_bridge_fing23,0.0007073879,les_bridge_fing24__d0t3__00003.wav,lsp-sine,1,0,1,3,9.088421535688989,5.041347474059023
les_bridge_fing23__d1t2__00007.wav,lsp-tanh,les_bridge_fing23,0.0017111301,les_bridge_pick17__d0t4__00004.wav,pedalboard-tanh,1,0,2,4,9.088421535688989,5.0
les_bridge_fing23__d1t3__00008.wav,lsp-tanh,les_bridge_fing23,0.0050819516,les_neck_pick21__d0t3__00003.wav,pedalboard-tanh,1,0,3,3,9.088421535688989,5.0
les_bridge_fing23__d1t4__00009.wav,lsp-tanh,les_bridge_fing23,0.0023379922,les_neck_pick14__d1t3__00008.wav,lsp-sine,1,1,4,3,9.088421535688989,9.202349861352678
les_bridge_fing23__d2t0__00010.wav,lsp-tanh,les_bridge_fing23,0.0009912848,les_neck_fing15__d3t1__00016.wav,byod-mxr,2,3,0,1,13.297259315581634,17.452308155418716
les_bridge_fing23__d2t1__00011.wav,lsp-tanh,les_bridge_fing23,0.0014668703,les_bridge_fing24__d0t3__00003.wav,byod-mxr,2,0,1,3,13.297259315581634,5.0
les_bridge_fing23__d2t2__00012.wav,lsp-tanh,les_bridge_fing23,0.0017787218,les_bridge_pick17__d0t4__00004.wav,byod-mxr,2,0,2,4,13.297259315581634,5.0
les_bridge_fing23__d2t3__00013.wav,lsp-tanh,les_bridge_fing23,0.002811551,les_neck_pick21__d0t3__00003.wav,byod-mxr,2,0,3,3,13.297259315581634,5.0
les_bridge_fing23__d2t4__00014.wav,lsp-tanh,les_bridge_fing23,0.0043460727,les_neck_pick14__d2t3__00013.wav,lsp-arctan,2,2,4,3,13.297259315581634,13.270071970821393
les_bridge_fing23__d3t0__00015.wav,lsp-tanh,les_bridge_fing23,0.00071787834,les_bridge_pick16__d1t3__00008.wav,lsp-sine,3,1,0,3,17.426284440144894,9.202349861352678
les_bridge_fing23__d3t1__00016.wav,lsp-tanh,les_bridge_fing23,0.003543198,les_bridge_fing17__d0t2__00002.wav,lsp-hardclip,3,0,1,2,17.426284440144894,5.063331073032135
les_bridge_fing23__d3t2__00017.wav,lsp-tanh,les_bridge_fing23,0.0026788712,les_neck_pick09__d1t3__00008.wav,byod-mxr,3,1,2,3,17.426284440144894,9.107670514338215
les_bridge_fing23__d3t3__00018.wav,lsp-tanh,les_bridge_fing23,0.002066493,les_bridge_fing17__d2t4__00014.wav,lsp-hardclip,3,2,3,4,17.426284440144894,13.55142968534178
les_bridge_fing23__d3t4__00019.wav,lsp-tanh,les_bridge_fing23,0.0059183836,les_neck_pick14__d3t3__00018.wav,byod-mxr,3,3,4,3,17.426284440144894,17.452308155418716
les_bridge_fing23__d4t0__00020.wav,lsp-tanh,les_bridge_fing23,0.00242877,les_neck_pick05__d2t1__00011.wav,lsp-hardclip,4,2,0,1,21.61115826291455,13.55142968534178
les_bridge_fing23__d4t1__00021.wav,lsp-tanh,les_bridge_fing23,0.0015614033,les_bridge_fing17__d3t2__00017.wav,lsp-arctan,4,3,1,2,21.61115826291455,17.436825605717576
les_bridge_fing23__d4t2__00022.wav,lsp-tanh,les_bridge_fing23,0.0039488077,les_neck_pick05__d3t3__00018.wav,pedalboard-tanh,4,3,2,3,21.61115826291455,17.454399305827287
les_bridge_fing23__d4t3__00023.wav,lsp-tanh,les_bridge_fing23,0.0020532012,les_neck_pick21__d4t3__00023.wav,lsp-sine,4,4,3,3,21.61115826291455,21.652716208419097
les_bridge_fing23__d4t4__00024.wav,lsp-tanh,les_bridge_fing23,0.0028048754,les_neck_pick21__d4t4__00024.wav,byod-mxr,4,4,4,4,21.61115826291455,21.62039317761596
les_bridge_fing23__d5t0__00025.wav,lsp-tanh,les_bridge_fing23,0.009004533,les_bridge_pick16__d4t2__00022.wav,lsp-arctan,5,4,0,2,25.766463780707188,21.613326710488973
les_bridge_fing23__d5t1__00026.wav,lsp-tanh,les_bridge_fing23,0.006496668,les_bridge_pick17__d5t2__00027.wav,byod-mxr,5,5,1,2,25.766463780707188,25.779078975465445
les_bridge_fing23__d5t2__00027.wav,lsp-tanh,les_bridge_fing23,0.0029594898,les_neck_pick02__d5t3__00028.wav,lsp-sine,5,5,2,3,25.766463780707188,25.7855895742644
les_bridge_fing23__d5t3__00028.wav,lsp-tanh,les_bridge_fing23,0.0033082366,les_neck_fing15__d5t4__00029.wav,lsp-sine,5,5,3,4,25.766463780707188,25.7855895742644
les_bridge_fing23__d5t4__00029.wav,lsp-tanh,les_bridge_fing23,0.0037598014,les_neck_fing15__d5t4__00029.wav,lsp-arctan,5,5,4,4,25.766463780707188,25.788497067568912
les_bridge_fing23__d6t0__00030.wav,lsp-tanh,les_bridge_fing23,0.0049049854,les_neck_pick05__d6t1__00031.wav,lsp-arctan,6,6,0,1,29.89601395521624,29.91872954355242
les_bridge_fing23__d6t1__00031.wav,lsp-tanh,les_bridge_fing23,0.0041028857,les_bridge_fing24__d6t3__00033.wav,lsp-sine,6,6,1,3,29.89601395521624,29.915327656251563
les_bridge_fing23__d6t2__00032.wav,lsp-tanh,les_bridge_fing23,0.004563868,les_bridge_fing17__d6t3__00033.wav,byod-mxr,6,6,2,3,29.89601395521624,29.91150927100104
les_bridge_fing23__d6t3__00033.wav,lsp-tanh,les_bridge_fing23,0.0018347502,les_bridge_fing20__d6t3__00033.wav,lsp-sine,6,6,3,3,29.89601395521624,29.915327656251563
les_bridge_fing23__d6t4__00034.wav,lsp-tanh,les_bridge_fing23,0.0012419224,les_bridge_fing20__d6t4__00034.wav,lsp-sine,6,6,4,4,29.89601395521624,29.915327656251563
les_bridge_fing23__d7t0__00035.wav,lsp-tanh,les_bridge_fing23,0.004012406,les_bridge_fing20__d7t0__00035.wav,lsp-sine,7,7,0,0,34.0729352593394,34.094517939627885
les_bridge_fing23__d7t1__00036.wav,lsp-tanh,les_bridge_fing23,0.0032775402,les_bridge_fing20__d7t1__00036.wav,lsp-sine,7,7,1,1,34.0729352593394,34.094517939627885
les_bridge_fing23__d7t2__00037.wav,lsp-tanh,les_bridge_fing23,0.0015889406,les_neck_pick14__d7t2__00037.wav,pedalboard-tanh,7,7,2,2,34.0729352593394,34.075823464139134
les_bridge_fing23__d7t3__00038.wav,lsp-tanh,les_bridge_fing23,0.0015484095,les_neck_fing15__d7t4__00039.wav,pedalboard-tanh,7,7,3,4,34.0729352593394,34.075823464139134
les_bridge_fing23__d7t4__00039.wav,lsp-tanh,les_bridge_fing23,0.0029563308,les_bridge_fing20__d7t4__00039.wav,lsp-sine,7,7,4,4,34.0729352593394,34.094517939627885
les_bridge_pick04__d0t0__00000.wav,lsp-tanh,les_bridge_pick04,0.0034754872,les_bridge_pick17__d0t2__00002.wav,pedalboard-tanh,0,0,0,2,5.0,5.0
les_bridge_pick04__d0t1__00001.wav,lsp-tanh,les_bridge_pick04,0.0034372807,les_bridge_pick17__d0t3__00003.wav,lsp-arctan,0,0,1,3,5.0,5.005872107125804
les_bridge_pick04__d0t2__00002.wav,lsp-tanh,les_bridge_pick04,0.004951358,les_neck_pick14__d1t2__00007.wav,lsp-arctan,0,1,2,2,5.0,9.170316408518453
les_bridge_pick04__d0t3__00003.wav,lsp-tanh,les_bridge_pick04,0.004118681,les_neck_pick21__d1t3__00008.wav,lsp-arctan,0,1,3,3,5.0,9.170316408518453
les_bridge_pick04__d0t4__00004.wav,lsp-tanh,les_bridge_pick04,0.004704118,les_neck_pick14__d1t3__00008.wav,byod-mxr,0,1,4,3,5.0,9.107670514338215
les_bridge_pick04__d1t0__00005.wav,lsp-tanh,les_bridge_pick04,0.0024369955,les_bridge_fing24__d1t3__00008.wav,pedalboard-tanh,1,1,0,3,9.088421535688989,9.146047429418331
les_bridge_pick04__d1t1__00006.wav,lsp-tanh,les_bridge_pick04,0.007823288,les_bridge_fing24__d0t4__00004.wav,byod-mxr,1,0,1,4,9.088421535688989,5.0
les_bridge_pick04__d1t2__00007.wav,lsp-tanh,les_bridge_pick04,0.006970823,les_bridge_pick17__d0t4__00004.wav,lsp-hardclip,1,0,2,4,9.088421535688989,5.063331073032135
les_bridge_pick04__d1t3__00008.wav,lsp-tanh,les_bridge_pick04,0.0034193397,les_neck_pick14__d1t3__00008.wav,byod-mxr,1,1,3,3,9.088421535688989,9.107670514338215
les_bridge_pick04__d1t4__00009.wav,lsp-tanh,les_bridge_pick04,0.0043995976,les_neck_pick21__d0t4__00004.wav,lsp-hardclip,1,0,4,4,9.088421535688989,5.063331073032135
les_bridge_pick04__d2t0__00010.wav,lsp-tanh,les_bridge_pick04,0.00239712,les_bridge_pick22__d0t4__00004.wav,byod-mxr,2,0,0,4,13.297259315581634,5.0
les_bridge_pick04__d2t1__00011.wav,lsp-tanh,les_bridge_pick04,0.0049373507,les_bridge_pick17__d1t4__00009.wav,byod-mxr,2,1,1,4,13.297259315581634,9.107670514338215
les_bridge_pick04__d2t2__00012.wav,lsp-tanh,les_bridge_pick04,0.0044715405,les_neck_pick05__d0t3__00003.wav,lsp-arctan,2,0,2,3,13.297259315581634,5.005872107125804
les_bridge_pick04__d2t3__00013.wav,lsp-tanh,les_bridge_pick04,0.0030713081,les_neck_pick14__d2t3__00013.wav,byod-mxr,2,2,3,3,13.297259315581634,13.292365801948186
les_bridge_pick04__d2t4__00014.wav,lsp-tanh,les_bridge_pick04,0.0012942553,les_neck_pick21__d2t4__00014.wav,byod-mxr,2,2,4,4,13.297259315581634,13.292365801948186
les_bridge_pick04__d3t0__00015.wav,lsp-tanh,les_bridge_pick04,0.0027617812,les_bridge_pick22__d2t4__00014.wav,pedalboard-tanh,3,2,0,4,17.426284440144894,13.296816138037473
les_bridge_pick04__d3t1__00016.wav,lsp-tanh,les_bridge_pick04,0.0033476949,les_neck_pick03__d2t4__00014.wav,byod-mxr,3,2,1,4,17.426284440144894,13.292365801948186
les_bridge_pick04__d3t2__00017.wav,lsp-tanh,les_bridge_pick04,0.003416419,les_neck_pick09__d2t4__00014.wav,lsp-arctan,3,2,2,4,17.426284440144894,13.270071970821393
les_bridge_pick04__d3t3__00018.wav,lsp-tanh,les_bridge_pick04,0.0066497326,les_neck_pick05__d2t4__00014.wav,byod-mxr,3,2,3,4,17.426284440144894,13.292365801948186
les_bridge_pick04__d3t4__00019.wav,lsp-tanh,les_bridge_pick04,0.0017070174,les_neck_pick21__d3t4__00019.wav,lsp-sine,3,3,4,4,17.426284440144894,17.46073355198249
les_bridge_pick04__d4t0__00020.wav,lsp-tanh,les_bridge_pick04,0.0041416287,les_neck_pick14__d4t1__00021.wav,lsp-sine,4,4,0,1,21.61115826291455,21.652716208419097
les_bridge_pick04__d4t1__00021.wav,lsp-tanh,les_bridge_pick04,0.0022795796,les_bridge_fing17__d3t3__00018.wav,byod-mxr,4,3,1,3,21.61115826291455,17.452308155418716
les_bridge_pick04__d4t2__00022.wav,lsp-tanh,les_bridge_pick04,0.0032107234,les_neck_pick21__d4t3__00023.wav,byod-mxr,4,4,2,3,21.61115826291455,21.62039317761596
les_bridge_pick04__d4t3__00023.wav,lsp-tanh,les_bridge_pick04,0.003540337,les_neck_pick21__d4t4__00024.wav,byod-mxr,4,4,3,4,21.61115826291455,21.62039317761596
les_bridge_pick04__d4t4__00024.wav,lsp-tanh,les_bridge_pick04,0.010508895,les_neck_pick21__d4t4__00024.wav,pedalboard-tanh,4,4,4,4,21.61115826291455,21.61638024087312
les_bridge_pick04__d5t0__00025.wav,lsp-tanh,les_bridge_pick04,0.0065244436,les_neck_fing01__d4t2__00022.wav,lsp-hardclip,5,4,0,2,25.766463780707188,21.54643860361127
les_bridge_pick04__d5t1__00026.wav,lsp-tanh,les_bridge_pick04,0.0028662086,les_neck_pick05__d4t3__00023.wav,pedalboard-tanh,5,4,1,3,25.766463780707188,21.61638024087312
les_bridge_pick04__d5t2__00027.wav,lsp-tanh,les_bridge_pick04,0.0023860335,les_neck_pick21__d5t3__00028.wav,lsp-sine,5,5,2,3,25.766463780707188,25.7855895742644
les_bridge_pick04__d5t3__00028.wav,lsp-tanh,les_bridge_pick04,0.0016287565,les_neck_pick21__d5t4__00029.wav,pedalboard-tanh,5,5,3,4,25.766463780707188,25.782351420955937
les_bridge_pick04__d5t4__00029.wav,lsp-tanh,les_bridge_pick04,0.0045122504,les_neck_pick14__d5t4__00029.wav,byod-mxr,5,5,4,4,25.766463780707188,25.779078975465445
les_bridge_pick04__d6t0__00030.wav,lsp-tanh,les_bridge_pick04,0.0020977855,les_bridge_pick22__d5t3__00028.wav,lsp-hardclip,6,5,0,3,29.89601395521624,25.79865436059077
les_bridge_pick04__d6t1__00031.wav,lsp-tanh,les_bridge_pick04,0.0022678971,les_neck_pick04__d6t3__00033.wav,lsp-arctan,6,6,1,3,29.89601395521624,29.91872954355242
les_bridge_pick04__d6t2__00032.wav,lsp-tanh,les_bridge_pick04,0.0024936795,les_bridge_fing17__d6t3__00033.wav,pedalboard-tanh,6,6,2,3,29.89601395521624,29.92239131554786
les_bridge_pick04__d6t3__00033.wav,lsp-tanh,les_bridge_pick04,0.0015133023,les_bridge_fing17__d6t4__00034.wav,lsp-arctan,6,6,3,4,29.89601395521624,29.91872954355242
les_bridge_pick04__d6t4__00034.wav,lsp-tanh,les_bridge_pick04,0.0018151999,les_bridge_fing20__d6t4__00034.wav,pedalboard-tanh,6,6,4,4,29.89601395521624,29.92239131554786
les_bridge_pick04__d7t0__00035.wav,lsp-tanh,les_bridge_pick04,0.003942013,les_neck_pick02__d7t2__00037.wav,byod-mxr,7,7,0,2,34.0729352593394,34.08156088036171
les_bridge_pick04__d7t1__00036.wav,lsp-tanh,les_bridge_pick04,0.0012245178,les_neck_pick02__d6t4__00034.wav,byod-mxr,7,6,1,4,34.0729352593394,29.91150927100104
les_bridge_pick04__d7t2__00037.wav,lsp-tanh,les_bridge_pick04,0.0013723373,les_bridge_fing20__d6t3__00033.wav,lsp-arctan,7,6,2,3,34.0729352593394,29.91872954355242
les_bridge_pick04__d7t3__00038.wav,lsp-tanh,les_bridge_pick04,0.0016941428,les_bridge_fing20__d6t4__00034.wav,lsp-sine,7,6,3,4,34.0729352593394,29.915327656251563
les_bridge_pick04__d7t4__00039.wav,lsp-tanh,les_bridge_pick04,0.0012490749,les_neck_pick14__d7t4__00039.wav,lsp-hardclip,7,7,4,4,34.0729352593394,34.07942205160116
les_bridge_pick09__d0t0__00000.wav,lsp-tanh,les_bridge_pick09,0.0037640333,les_bridge_pick22__d0t0__00000.wav,byod-mxr,0,0,0,0,5.0,5.0
les_bridge_pick09__d0t1__00001.wav,lsp-tanh,les_bridge_pick09,0.0005759597,les_neck_pick05__d0t0__00000.wav,lsp-arctan,0,0,1,0,5.0,5.005872107125804
les_bridge_pick09__d0t2__00002.wav,lsp-tanh,les_bridge_pick09,0.000654161,les_bridge_fing17__d0t0__00000.wav,byod-mxr,0,0,2,0,5.0,5.0
les_bridge_pick09__d0t3__00003.wav,lsp-tanh,les_bridge_pick09,0.0014042854,les_bridge_pick25__d1t2__00007.wav,lsp-sine,0,1,3,2,5.0,9.202349861352678
les_bridge_pick09__d0t4__00004.wav,lsp-tanh,les_bridge_pick09,0.00093591213,les_bridge_fing24__d1t2__00007.wav,lsp-hardclip,0,1,4,2,5.0,9.35456396552498
les_bridge_pick09__d1t0__00005.wav,lsp-tanh,les_bridge_pick09,0.0025760531,les_bridge_pick22__d0t0__00000.wav,byod-mxr,1,0,0,0,9.088421535688989,5.0
les_bridge_pick09__d1t1__00006.wav,lsp-tanh,les_bridge_pick09,0.0010817647,les_neck_pick05__d1t0__00005.wav,pedalboard-tanh,1,1,1,0,9.088421535688989,9.146047429418331
les_bridge_pick09__d1t2__00007.wav,lsp-tanh,les_bridge_pick09,0.0011305213,les_bridge_fing17__d1t0__00005.wav,byod-mxr,1,1,2,0,9.088421535688989,9.107670514338215
les_bridge_pick09__d1t3__00008.wav,lsp-tanh,les_bridge_pick09,0.00040209293,les_bridge_fing24__d2t2__00012.wav,lsp-arctan,1,2,3,2,9.088421535688989,13.270071970821393
les_bridge_pick09__d1t4__00009.wav,lsp-tanh,les_bridge_pick09,0.0012128353,les_neck_pick04__d1t2__00007.wav,pedalboard-tanh,1,1,4,2,9.088421535688989,9.146047429418331
les_bridge_pick09__d2t0__00010.wav,lsp-tanh,les_bridge_pick09,0.00049459934,les_bridge_pick22__d0t0__00000.wav,byod-mxr,2,0,0,0,13.297259315581634,5.0
les_bridge_pick09__d2t1__00011.wav,lsp-tanh,les_bridge_pick09,0.0004969239,les_neck_pick02__d2t0__00010.wav,byod-mxr,2,2,1,0,13.297259315581634,13.292365801948186
les_bridge_pick09__d2t2__00012.wav,lsp-tanh,les_bridge_pick09,0.0006519556,les_neck_pick03__d2t1__00011.wav,lsp-sine,2,2,2,1,13.297259315581634,13.251366385956809
les_bridge_pick09__d2t3__00013.wav,lsp-tanh,les_bridge_pick09,0.004412174,les_bridge_pick25__d2t2__00012.wav,byod-mxr,2,2,3,2,13.297259315581634,13.292365801948186
les_bridge_pick09__d2t4__00014.wav,lsp-tanh,les_bridge_pick09,0.0029602647,les_neck_pick04__d2t2__00012.wav,lsp-sine,2,2,4,2,13.297259315581634,13.251366385956809
les_bridge_pick09__d3t0__00015.wav,lsp-tanh,les_bridge_pick09,0.00047028065,les_bridge_pick22__d1t0__00005.wav,lsp-sine,3,1,0,0,17.426284440144894,9.202349861352678
les_bridge_pick09__d3t1__00016.wav,lsp-tanh,les_bridge_pick09,0.0019453764,les_neck_pick07__d1t2__00007.wav,byod-mxr,3,1,1,2,17.426284440144894,9.107670514338215
les_bridge_pick09__d3t2__00017.wav,lsp-tanh,les_bridge_pick09,0.00072431564,les_bridge_pick22__d3t2__00017.wav,lsp-sine,3,3,2,2,17.426284440144894,17.46073355198249
les_bridge_pick09__d3t3__00018.wav,lsp-tanh,les_bridge_pick09,0.0024260879,les_neck_pick04__d3t2__00017.wav,lsp-arctan,3,3,3,2,17.426284440144894,17.436825605717576
les_bridge_pick09__d3t4__00019.wav,lsp-tanh,les_bridge_pick09,0.0033723116,les_bridge_pick25__d4t2__00022.wav,lsp-sine,3,4,4,2,17.426284440144894,21.652716208419097
les_bridge_pick09__d4t0__00020.wav,lsp-tanh,les_bridge_pick09,0.0012593269,les_bridge_pick22__d4t0__00020.wav,lsp-sine,4,4,0,0,21.61115826291455,21.652716208419097
les_bridge_pick09__d4t1__00021.wav,lsp-tanh,les_bridge_pick09,0.00082039833,les_bridge_fing24__d4t1__00021.wav,pedalboard-tanh,4,4,1,1,21.61115826291455,21.61638024087312
les_bridge_pick09__d4t2__00022.wav,lsp-tanh,les_bridge_pick09,0.0024632812,les_bridge_fing17__d4t1__00021.wav,lsp-arctan,4,4,2,1,21.61115826291455,21.613326710488973
les_bridge_pick09__d4t3__00023.wav,lsp-tanh,les_bridge_pick09,0.0038987994,les_bridge_fing24__d4t4__00024.wav,pedalboard-tanh,4,4,3,4,21.61115826291455,21.61638024087312
les_bridge_pick09__d4t4__00024.wav,lsp-tanh,les_bridge_pick09,0.004727304,les_neck_pick05__d5t2__00027.wav,lsp-hardclip,4,5,4,2,21.61115826291455,25.79865436059077
les_bridge_pick09__d5t0__00025.wav,lsp-tanh,les_bridge_pick09,0.0009186864,les_bridge_pick22__d5t0__00025.wav,byod-mxr,5,5,0,0,25.766463780707188,25.779078975465445
les_bridge_pick09__d5t1__00026.wav,lsp-tanh,les_bridge_pick09,0.0032687187,les_neck_pick11__d5t1__00026.wav,lsp-sine,5,5,1,1,25.766463780707188,25.7855895742644
les_bridge_pick09__d5t2__00027.wav,lsp-tanh,les_bridge_pick09,0.001232326,les_bridge_pick25__d5t2__00027.wav,lsp-hardclip,5,5,2,2,25.766463780707188,25.79865436059077
les_bridge_pick09__d5t3__00028.wav,lsp-tanh,les_bridge_pick09,0.0018448234,les_neck_pick05__d5t2__00027.wav,lsp-arctan,5,5,3,2,25.766463780707188,25.788497067568912
les_bridge_pick09__d5t4__00029.wav,lsp-tanh,les_bridge_pick09,0.0019434094,les_bridge_fing17__d6t2__00032.wav,byod-mxr,5,6,4,2,25.766463780707188,29.91150927100104
les_bridge_pick09__d6t0__00030.wav,lsp-tanh,les_bridge_pick09,0.0011485219,les_neck_pick09__d6t0__00030.wav,lsp-sine,6,6,0,0,29.89601395521624,29.915327656251563
les_bridge_pick09__d6t1__00031.wav,lsp-tanh,les_bridge_pick09,0.002876699,les_neck_pick11__d6t1__00031.wav,pedalboard-tanh,6,6,1,1,29.89601395521624,29.92239131554786
les_bridge_pick09__d6t2__00032.wav,lsp-tanh,les_bridge_pick09,0.0017855167,les_neck_pick09__d6t2__00032.wav,lsp-hardclip,6,6,2,2,29.89601395521624,29.908667593492765
les_bridge_pick09__d6t3__00033.wav,lsp-tanh,les_bridge_pick09,0.0012094975,les_neck_pick09__d6t3__00033.wav,pedalboard-tanh,6,6,3,3,29.89601395521624,29.92239131554786
les_bridge_pick09__d6t4__00034.wav,lsp-tanh,les_bridge_pick09,0.0015614629,les_neck_pick02__d7t3__00038.wav,lsp-arctan,6,7,4,3,29.89601395521624,34.09435618625095
les_bridge_pick09__d7t0__00035.wav,lsp-tanh,les_bridge_pick09,0.003979683,les_neck_pick05__d7t0__00035.wav,lsp-hardclip,7,7,0,0,34.0729352593394,34.07942205160116
les_bridge_pick09__d7t1__00036.wav,lsp-tanh,les_bridge_pick09,0.0016356707,les_bridge_fing17__d7t0__00035.wav,pedalboard-tanh,7,7,1,0,34.0729352593394,34.075823464139134
les_bridge_pick09__d7t2__00037.wav,lsp-tanh,les_bridge_pick09,0.0017480254,les_bridge_fing24__d7t2__00037.wav,lsp-sine,7,7,2,2,34.0729352593394,34.094517939627885
les_bridge_pick09__d7t3__00038.wav,lsp-tanh,les_bridge_pick09,0.0016004443,les_neck_pick03__d7t3__00038.wav,pedalboard-tanh,7,7,3,3,34.0729352593394,34.075823464139134
les_bridge_pick09__d7t4__00039.wav,lsp-tanh,les_bridge_pick09,0.0022465587,les_bridge_fing20__d7t3__00038.wav,lsp-hardclip,7,7,4,3,34.0729352593394,34.07942205160116
les_bridge_pick12__d0t0__00000.wav,lsp-tanh,les_bridge_pick12,0.003107667,les_bridge_fing21__d1t0__00005.wav,pedalboard-tanh,0,1,0,0,5.0,9.146047429418331
les_bridge_pick12__d0t1__00001.wav,lsp-tanh,les_bridge_pick12,0.0047617555,les_bridge_fing21__d2t0__00010.wav,byod-mxr,0,2,1,0,5.0,13.292365801948186
les_bridge_pick12__d0t2__00002.wav,lsp-tanh,les_bridge_pick12,9.9778175e-05,les_bridge_fing20__d1t0__00005.wav,lsp-sine,0,1,2,0,5.0,9.202349861352678
les_bridge_pick12__d0t3__00003.wav,lsp-tanh,les_bridge_pick12,0.0004453659,les_bridge_pick25__d0t1__00001.wav,lsp-sine,0,0,3,1,5.0,5.041347474059023
les_bridge_pick12__d0t4__00004.wav,lsp-tanh,les_bridge_pick12,0.00043606758,les_bridge_fing24__d1t1__00006.wav,pedalboard-tanh,0,1,4,1,5.0,9.146047429418331
les_bridge_pick12__d1t0__00005.wav,lsp-tanh,les_bridge_pick12,0.0033139586,les_bridge_fing21__d1t0__00005.wav,lsp-sine,1,1,0,0,9.088421535688989,9.202349861352678
les_bridge_pick12__d1t1__00006.wav,lsp-tanh,les_bridge_pick12,0.0012518167,les_bridge_pick22__d0t0__00000.wav,byod-mxr,1,0,1,0,9.088421535688989,5.0
les_bridge_pick12__d1t2__00007.wav,lsp-tanh,les_bridge_pick12,0.00042498112,les_bridge_pick22__d0t1__00001.wav,lsp-sine,1,0,2,1,9.088421535688989,5.041347474059023
les_bridge_pick12__d1t3__00008.wav,lsp-tanh,les_bridge_pick12,0.0003311634,les_bridge_pick25__d1t1__00006.wav,pedalboard-tanh,1,1,3,1,9.088421535688989,9.146047429418331
les_bridge_pick12__d1t4__00009.wav,lsp-tanh,les_bridge_pick12,0.0007472038,les_bridge_pick22__d1t2__00007.wav,pedalboard-tanh,1,1,4,2,9.088421535688989,9.146047429418331
les_bridge_pick12__d2t0__00010.wav,lsp-tanh,les_bridge_pick12,0.0031261444,les_bridge_fing21__d2t0__00010.wav,lsp-arctan,2,2,0,0,13.297259315581634,13.270071970821393
les_bridge_pick12__d2t1__00011.wav,lsp-tanh,les_bridge_pick12,0.0008984208,les_bridge_pick22__d2t0__00010.wav,byod-mxr,2,2,1,0,13.297259315581634,13.292365801948186
les_bridge_pick12__d2t2__00012.wav,lsp-tanh,les_bridge_pick12,0.0005865097,les_neck_pick03__d2t0__00010.wav,lsp-hardclip,2,2,2,0,13.297259315581634,13.55142968534178
les_bridge_pick12__d2t3__00013.wav,lsp-tanh,les_bridge_pick12,0.0009314418,les_neck_pick21__d3t0__00015.wav,byod-mxr,2,3,3,0,13.297259315581634,17.452308155418716
les_bridge_pick12__d2t4__00014.wav,lsp-tanh,les_bridge_pick12,0.0016573668,les_bridge_fing24__d2t1__00011.wav,byod-mxr,2,2,4,1,13.297259315581634,13.292365801948186
les_bridge_pick12__d3t0__00015.wav,lsp-tanh,les_bridge_pick12,0.0049681067,les_bridge_fing21__d3t0__00015.wav,lsp-arctan,3,3,0,0,17.426284440144894,17.436825605717576
les_bridge_pick12__d3t1__00016.wav,lsp-tanh,les_bridge_pick12,0.00020837784,les_bridge_pick22__d3t0__00015.wav,lsp-arctan,3,3,1,0,17.426284440144894,17.436825605717576
les_bridge_pick12__d3t2__00017.wav,lsp-tanh,les_bridge_pick12,0.00042939186,les_bridge_pick22__d3t1__00016.wav,lsp-sine,3,3,2,1,17.426284440144894,17.46073355198249
les_bridge_pick12__d3t3__00018.wav,lsp-tanh,les_bridge_pick12,0.0022342205,les_neck_pick04__d3t1__00016.wav,lsp-sine,3,3,3,1,17.426284440144894,17.46073355198249
les_bridge_pick12__d3t4__00019.wav,lsp-tanh,les_bridge_pick12,0.0021769404,les_neck_pick09__d3t1__00016.wav,byod-mxr,3,3,4,1,17.426284440144894,17.452308155418716
les_bridge_pick12__d4t0__00020.wav,lsp-tanh,les_bridge_pick12,0.0008788705,les_neck_pick07__d3t1__00016.wav,pedalboard-tanh,4,3,0,1,21.61115826291455,17.454399305827287
les_bridge_pick12__d4t1__00021.wav,lsp-tanh,les_bridge_pick12,0.0007869601,les_neck_pick09__d4t0__00020.wav,lsp-sine,4,4,1,0,21.61115826291455,21.652716208419097
les_bridge_pick12__d4t2__00022.wav,lsp-tanh,les_bridge_pick12,0.0026767254,les_neck_pick11__d4t1__00021.wav,lsp-sine,4,4,2,1,21.61115826291455,21.652716208419097
les_bridge_pick12__d4t3__00023.wav,lsp-tanh,les_bridge_pick12,0.005302131,les_bridge_fing17__d4t1__00021.wav,lsp-arctan,4,4,3,1,21.61115826291455,21.613326710488973
les_bridge_pick12__d4t4__00024.wav,lsp-tanh,les_bridge_pick12,0.0016661286,les_bridge_fing20__d5t1__00026.wav,lsp-sine,4,5,4,1,21.61115826291455,25.7855895742644
les_bridge_pick12__d5t0__00025.wav,lsp-tanh,les_bridge_pick12,0.0010691881,les_bridge_fing21__d5t0__00025.wav,pedalboard-tanh,5,5,0,0,25.766463780707188,25.782351420955937
les_bridge_pick12__d5t1__00026.wav,lsp-tanh,les_bridge_pick12,0.004004717,les_bridge_fing21__d5t1__00026.wav,lsp-sine,5,5,1,1,25.766463780707188,25.7855895742644
les_bridge_pick12__d5t2__00027.wav,lsp-tanh,les_bridge_pick12,0.0021384358,les_bridge_fing24__d5t2__00027.wav,lsp-arctan,5,5,2,2,25.766463780707188,25.788497067568912
les_bridge_pick12__d5t3__00028.wav,lsp-tanh,les_bridge_pick12,0.0024707317,les_neck_pick09__d5t2__00027.wav,byod-mxr,5,5,3,2,25.766463780707188,25.779078975465445
les_bridge_pick12__d5t4__00029.wav,lsp-tanh,les_bridge_pick12,0.0029327273,les_bridge_fing21__d5t4__00029.wav,byod-mxr,5,5,4,4,25.766463780707188,25.779078975465445
les_bridge_pick12__d6t0__00030.wav,lsp-tanh,les_bridge_pick12,0.0010917783,les_neck_pick07__d5t2__00027.wav,lsp-arctan,6,5,0,2,29.89601395521624,25.788497067568912
les_bridge_pick12__d6t1__00031.wav,lsp-tanh,les_bridge_pick12,0.0047644377,les_bridge_fing24__d6t1__00031.wav,pedalboard-tanh,6,6,1,1,29.89601395521624,29.92239131554786
les_bridge_pick12__d6t2__00032.wav,lsp-tanh,les_bridge_pick12,0.0015794039,les_bridge_fing17__d6t1__00031.wav,lsp-arctan,6,6,2,1,29.89601395521624,29.91872954355242
les_bridge_pick12__d6t3__00033.wav,lsp-tanh,les_bridge_pick12,0.0030866861,les_bridge_pick25__d5t4__00029.wav,lsp-arctan,6,5,3,4,29.89601395521624,25.788497067568912
les_bridge_pick12__d6t4__00034.wav,lsp-tanh,les_bridge_pick12,0.002955854,les_neck_pick03__d6t4__00034.wav,byod-mxr,6,6,4,4,29.89601395521624,29.91150927100104
les_bridge_pick12__d7t0__00035.wav,lsp-tanh,les_bridge_pick12,0.0020879507,les_bridge_fing24__d7t0__00035.wav,lsp-hardclip,7,7,0,0,34.0729352593394,34.07942205160116
les_bridge_pick12__d7t1__00036.wav,lsp-tanh,les_bridge_pick12,0.003832817,les_bridge_fing24__d7t1__00036.wav,pedalboard-tanh,7,7,1,1,34.0729352593394,34.075823464139134
les_bridge_pick12__d7t2__00037.wav,lsp-tanh,les_bridge_pick12,0.004933119,les_neck_pick03__d7t2__00037.wav,lsp-sine,7,7,2,2,34.0729352593394,34.094517939627885
les_bridge_pick12__d7t3__00038.wav,lsp-tanh,les_bridge_pick12,0.002593577,les_bridge_pick25__d6t4__00034.wav,lsp-sine,7,6,3,4,34.0729352593394,29.915327656251563
les_bridge_pick12__d7t4__00039.wav,lsp-tanh,les_bridge_pick12,0.0034800768,les_neck_fing15__d6t4__00034.wav,byod-mxr,7,6,4,4,34.0729352593394,29.91150927100104
les_bridge_pick21__d0t0__00000.wav,lsp-tanh,les_bridge_pick21,0.0015261173,les_bridge_pick16__d0t2__00002.wav,lsp-arctan,0,0,0,2,5.0,5.005872107125804
les_bridge_pick21__d0t1__00001.wav,lsp-tanh,les_bridge_pick21,0.0007189512,les_bridge_fing24__d0t2__00002.wav,lsp-sine,0,0,1,2,5.0,5.041347474059023
les_bridge_pick21__d0t2__00002.wav,lsp-tanh,les_bridge_pick21,0.0020862818,les_bridge_pick25__d0t4__00004.wav,lsp-sine,0,0,2,4,5.0,5.041347474059023
les_bridge_pick21__d0t3__00003.wav,lsp-tanh,les_bridge_pick21,0.0027533174,les_bridge_pick17__d0t4__00004.wav,byod-mxr,0,0,3,4,5.0,5.0
les_bridge_pick21__d0t4__00004.wav,lsp-tanh,les_bridge_pick21,0.0025782585,les_bridge_pick17__d0t4__00004.wav,lsp-hardclip,0,0,4,4,5.0,5.063331073032135
les_bridge_pick21__d1t0__00005.wav,lsp-tanh,les_bridge_pick21,0.0009382963,les_bridge_fing17__d0t0__00000.wav,lsp-sine,1,0,0,0,9.088421535688989,5.041347474059023
les_bridge_pick21__d1t1__00006.wav,lsp-tanh,les_bridge_pick21,0.0009177923,les_bridge_fing17__d0t1__00001.wav,lsp-sine,1,0,1,1,9.088421535688989,5.041347474059023
les_bridge_pick21__d1t2__00007.wav,lsp-tanh,les_bridge_pick21,0.0021190643,les_bridge_pick25__d0t4__00004.wav,lsp-arctan,1,0,2,4,9.088421535688989,5.005872107125804
les_bridge_pick21__d1t3__00008.wav,lsp-tanh,les_bridge_pick21,0.002893269,les_bridge_pick17__d1t4__00009.wav,lsp-arctan,1,1,3,4,9.088421535688989,9.170316408518453
les_bridge_pick21__d1t4__00009.wav,lsp-tanh,les_bridge_pick21,0.0032818317,les_bridge_pick17__d1t4__00009.wav,lsp-hardclip,1,1,4,4,9.088421535688989,9.35456396552498
les_bridge_pick21__d2t0__00010.wav,lsp-tanh,les_bridge_pick21,0.0007622838,les_bridge_pick16__d2t2__00012.wav,pedalboard-tanh,2,2,0,2,13.297259315581634,13.296816138037473
les_bridge_pick21__d2t1__00011.wav,lsp-tanh,les_bridge_pick21,0.0005939603,les_bridge_fing17__d1t1__00006.wav,lsp-hardclip,2,1,1,1,13.297259315581634,9.35456396552498
les_bridge_pick21__d2t2__00012.wav,lsp-tanh,les_bridge_pick21,0.002791047,les_bridge_fing17__d0t2__00002.wav,lsp-hardclip,2,0,2,2,13.297259315581634,5.063331073032135
les_bridge_pick21__d2t3__00013.wav,lsp-tanh,les_bridge_pick21,0.0017152429,les_bridge_fing17__d0t3__00003.wav,lsp-hardclip,2,0,3,3,13.297259315581634,5.063331073032135
les_bridge_pick21__d2t4__00014.wav,lsp-tanh,les_bridge_pick21,0.002896607,les_neck_pick05__d0t3__00003.wav,lsp-arctan,2,0,4,3,13.297259315581634,5.005872107125804
les_bridge_pick21__d3t0__00015.wav,lsp-tanh,les_bridge_pick21,0.00085026026,les_bridge_fing17__d4t0__00020.wav,lsp-hardclip,3,4,0,0,17.426284440144894,21.54643860361127
les_bridge_pick21__d3t1__00016.wav,lsp-tanh,les_bridge_pick21,0.0016422272,les_bridge_pick22__d2t3__00013.wav,lsp-arctan,3,2,1,3,17.426284440144894,13.270071970821393
les_bridge_pick21__d3t2__00017.wav,lsp-tanh,les_bridge_pick21,0.004152715,les_neck_pick03__d1t3__00008.wav,lsp-sine,3,1,2,3,17.426284440144894,9.202349861352678
les_bridge_pick21__d3t3__00018.wav,lsp-tanh,les_bridge_pick21,0.0048568845,les_neck_pick14__d3t2__00017.wav,pedalboard-tanh,3,3,3,2,17.426284440144894,17.454399305827287
les_bridge_pick21__d3t4__00019.wav,lsp-tanh,les_bridge_pick21,0.002464652,les_bridge_fing17__d3t4__00019.wav,lsp-hardclip,3,3,4,4,17.426284440144894,17.563088337099366
les_bridge_pick21__d4t0__00020.wav,lsp-tanh,les_bridge_pick21,0.0012784004,les_bridge_pick16__d3t2__00017.wav,lsp-arctan,4,3,0,2,21.61115826291455,17.436825605717576
les_bridge_pick21__d4t1__00021.wav,lsp-tanh,les_bridge_pick21,0.0032268167,les_neck_pick11__d2t2__00012.wav,lsp-arctan,4,2,1,2,21.61115826291455,13.270071970821393
les_bridge_pick21__d4t2__00022.wav,lsp-tanh,les_bridge_pick21,0.0030325055,les_neck_pick21__d4t2__00022.wav,byod-mxr,4,4,2,2,21.61115826291455,21.62039317761596
les_bridge_pick21__d4t3__00023.wav,lsp-tanh,les_bridge_pick21,0.00467813,les_neck_pick09__d4t4__00024.wav,lsp-hardclip,4,4,3,4,21.61115826291455,21.54643860361127
les_bridge_pick21__d4t4__00024.wav,lsp-tanh,les_bridge_pick21,0.003816545,les_neck_pick21__d4t4__00024.wav,lsp-hardclip,4,4,4,4,21.61115826291455,21.54643860361127
les_bridge_pick21__d5t0__00025.wav,lsp-tanh,les_bridge_pick21,0.0076109767,les_bridge_pick16__d4t2__00022.wav,byod-mxr,5,4,0,2,25.766463780707188,21.62039317761596
les_bridge_pick21__d5t1__00026.wav,lsp-tanh,les_bridge_pick21,0.0058897138,les_bridge_fing20__d4t3__00023.wav,lsp-hardclip,5,4,1,3,25.766463780707188,21.54643860361127
les_bridge_pick21__d5t2__00027.wav,lsp-tanh,les_bridge_pick21,0.0016816258,les_neck_pick04__d4t4__00024.wav,pedalboard-tanh,5,4,2,4,25.766463780707188,21.61638024087312
les_bridge_pick21__d5t3__00028.wav,lsp-tanh,les_bridge_pick21,0.0040735006,les_neck_pick21__d5t3__00028.wav,pedalboard-tanh,5,5,3,3,25.766463780707188,25.782351420955937
les_bridge_pick21__d5t4__00029.wav,lsp-tanh,les_bridge_pick21,0.0031799078,les_neck_fing15__d5t4__00029.wav,lsp-arctan,5,5,4,4,25.766463780707188,25.788497067568912
les_bridge_pick21__d6t0__00030.wav,lsp-tanh,les_bridge_pick21,0.0078018904,les_neck_pick03__d6t1__00031.wav,pedalboard-tanh,6,6,0,1,29.89601395521624,29.92239131554786
les_bridge_pick21__d6t1__00031.wav,lsp-tanh,les_bridge_pick21,0.00557822,les_neck_pick04__d6t2__00032.wav,byod-mxr,6,6,1,2,29.89601395521624,29.91150927100104
les_bridge_pick21__d6t2__00032.wav,lsp-tanh,les_bridge_pick21,0.0018411875,les_neck_pick21__d6t3__00033.wav,lsp-hardclip,6,6,2,3,29.89601395521624,29.908667593492765
les_bridge_pick21__d6t3__00033.wav,lsp-tanh,les_bridge_pick21,0.0019532442,les_neck_fing15__d6t4__00034.wav,lsp-hardclip,6,6,3,4,29.89601395521624,29.908667593492765
les_bridge_pick21__d6t4__00034.wav,lsp-tanh,les_bridge_pick21,0.0028933883,les_neck_pick04__d7t4__00039.wav,lsp-arctan,6,7,4,4,29.89601395521624,34.09435618625095
les_bridge_pick21__d7t0__00035.wav,lsp-tanh,les_bridge_pick21,0.003329873,les_bridge_pick16__d6t2__00032.wav,lsp-hardclip,7,6,0,2,34.0729352593394,29.908667593492765
les_bridge_pick21__d7t1__00036.wav,lsp-tanh,les_bridge_pick21,0.006039083,les_neck_fing01__d6t2__00032.wav,lsp-arctan,7,6,1,2,34.0729352593394,29.91872954355242
les_bridge_pick21__d7t2__00037.wav,lsp-tanh,les_bridge_pick21,0.0021319985,les_neck_pick04__d7t3__00038.wav,byod-mxr,7,7,2,3,34.0729352593394,34.08156088036171
les_bridge_pick21__d7t3__00038.wav,lsp-tanh,les_bridge_pick21,0.0014622808,les_bridge_fing17__d7t3__00038.wav,lsp-arctan,7,7,3,3,34.0729352593394,34.09435618625095
les_bridge_pick21__d7t4__00039.wav,lsp-tanh,les_bridge_pick21,0.0010954738,les_neck_fing15__d7t4__00039.wav,lsp-hardclip,7,7,4,4,34.0729352593394,34.07942205160116
les_neck_fing03__d0t0__00000.wav,lsp-tanh,les_neck_fing03,0.0002683401,les_neck_pick02__d1t0__00005.wav,lsp-arctan,0,1,0,0,5.0,9.170316408518453
les_neck_fing03__d0t1__00001.wav,lsp-tanh,les_neck_fing03,0.0025290847,les_neck_pick02__d0t1__00001.wav,lsp-sine,0,0,1,1,5.0,5.041347474059023
les_neck_fing03__d0t2__00002.wav,lsp-tanh,les_neck_fing03,0.001883924,les_neck_pick02__d1t2__00007.wav,lsp-sine,0,1,2,2,5.0,9.202349861352678
les_neck_fing03__d0t3__00003.wav,lsp-tanh,les_neck_fing03,0.0013464093,les_neck_pick02__d1t3__00008.wav,lsp-arctan,0,1,3,3,5.0,9.170316408518453
les_neck_fing03__d0t4__00004.wav,lsp-tanh,les_neck_fing03,0.0025225282,les_neck_pick02__d0t4__00004.wav,lsp-arctan,0,0,4,4,5.0,5.005872107125804
les_neck_fing03__d1t0__00005.wav,lsp-tanh,les_neck_fing03,0.00037318468,les_bridge_pick22__d1t1__00006.wav,pedalboard-tanh,1,1,0,1,9.088421535688989,9.146047429418331
les_neck_fing03__d1t1__00006.wav,lsp-tanh,les_neck_fing03,0.0017715096,les_bridge_fing17__d0t0__00000.wav,byod-mxr,1,0,1,0,9.088421535688989,5.0
les_neck_fing03__d1t2__00007.wav,lsp-tanh,les_neck_fing03,0.0015648603,les_neck_pick02__d1t2__00007.wav,lsp-sine,1,1,2,2,9.088421535688989,9.202349861352678
les_neck_fing03__d1t3__00008.wav,lsp-tanh,les_neck_fing03,0.000916481,les_neck_fing15__d2t4__00014.wav,lsp-sine,1,2,3,4,9.088421535688989,13.251366385956809
les_neck_fing03__d1t4__00009.wav,lsp-tanh,les_neck_fing03,0.0019612908,les_neck_pick02__d1t4__00009.wav,lsp-sine,1,1,4,4,9.088421535688989,9.202349861352678
les_neck_fing03__d2t0__00010.wav,lsp-tanh,les_neck_fing03,0.00014859438,les_neck_pick02__d2t0__00010.wav,byod-mxr,2,2,0,0,13.297259315581634,13.292365801948186
les_neck_fing03__d2t1__00011.wav,lsp-tanh,les_neck_fing03,0.0020539165,les_neck_pick02__d2t1__00011.wav,lsp-arctan,2,2,1,1,13.297259315581634,13.270071970821393
les_neck_fing03__d2t2__00012.wav,lsp-tanh,les_neck_fing03,0.0009404421,les_neck_pick02__d1t2__00007.wav,byod-mxr,2,1,2,2,13.297259315581634,9.107670514338215
les_neck_fing03__d2t3__00013.wav,lsp-tanh,les_neck_fing03,0.0029991865,les_neck_fing01__d2t3__00013.wav,pedalboard-tanh,2,2,3,3,13.297259315581634,13.296816138037473
les_neck_fing03__d2t4__00014.wav,lsp-tanh,les_neck_fing03,0.002573669,les_neck_pick09__d0t4__00004.wav,lsp-arctan,2,0,4,4,13.297259315581634,5.005872107125804
les_neck_fing03__d3t0__00015.wav,lsp-tanh,les_neck_fing03,0.000495553,les_neck_pick05__d3t0__00015.wav,pedalboard-tanh,3,3,0,0,17.426284440144894,17.454399305827287
les_neck_fing03__d3t1__00016.wav,lsp-tanh,les_neck_fing03,0.0008894205,les_bridge_fing24__d3t2__00017.wav,pedalboard-tanh,3,3,1,2,17.426284440144894,17.454399305827287
les_neck_fing03__d3t2__00017.wav,lsp-tanh,les_neck_fing03,0.001085043,les_neck_pick02__d3t2__00017.wav,byod-mxr,3,3,2,2,17.426284440144894,17.452308155418716
les_neck_fing03__d3t3__00018.wav,lsp-tanh,les_neck_fing03,0.0020911694,les_neck_pick02__d3t3__00018.wav,byod-mxr,3,3,3,3,17.426284440144894,17.452308155418716
les_neck_fing03__d3t4__00019.wav,lsp-tanh,les_neck_fing03,0.0023576021,les_neck_pick09__d4t4__00024.wav,lsp-hardclip,3,4,4,4,17.426284440144894,21.54643860361127
les_neck_fing03__d4t0__00020.wav,lsp-tanh,les_neck_fing03,0.0009481311,les_neck_pick05__d4t0__00020.wav,byod-mxr,4,4,0,0,21.61115826291455,21.62039317761596
les_neck_fing03__d4t1__00021.wav,lsp-tanh,les_neck_fing03,0.0011408329,les_neck_pick05__d4t1__00021.wav,lsp-sine,4,4,1,1,21.61115826291455,21.652716208419097
les_neck_fing03__d4t2__00022.wav,lsp-tanh,les_neck_fing03,0.00088334084,les_neck_pick05__d4t2__00022.wav,lsp-sine,4,4,2,2,21.61115826291455,21.652716208419097
les_neck_fing03__d4t3__00023.wav,lsp-tanh,les_neck_fing03,0.00069373846,les_neck_pick05__d4t3__00023.wav,pedalboard-tanh,4,4,3,3,21.61115826291455,21.61638024087312
les_neck_fing03__d4t4__00024.wav,lsp-tanh,les_neck_fing03,0.000798285,les_neck_pick05__d4t4__00024.wav,lsp-sine,4,4,4,4,21.61115826291455,21.652716208419097
les_neck_fing03__d5t0__00025.wav,lsp-tanh,les_neck_fing03,0.001675725,les_neck_pick02__d5t0__00025.wav,pedalboard-tanh,5,5,0,0,25.766463780707188,25.782351420955937
les_neck_fing03__d5t1__00026.wav,lsp-tanh,les_neck_fing03,0.002086997,les_bridge_fing17__d5t1__00026.wav,byod-mxr,5,5,1,1,25.766463780707188,25.779078975465445
les_neck_fing03__d5t2__00027.wav,lsp-tanh,les_neck_fing03,0.0023716092,les_neck_pick03__d5t3__00028.wav,lsp-hardclip,5,5,2,3,25.766463780707188,25.79865436059077
les_neck_fing03__d5t3__00028.wav,lsp-tanh,les_neck_fing03,0.0014984608,les_neck_pick05__d5t3__00028.wav,byod-mxr,5,5,3,3,25.766463780707188,25.779078975465445
les_neck_fing03__d5t4__00029.wav,lsp-tanh,les_neck_fing03,0.0007792115,les_neck_pick05__d5t4__00029.wav,pedalboard-tanh,5,5,4,4,25.766463780707188,25.782351420955937
les_neck_fing03__d6t0__00030.wav,lsp-tanh,les_neck_fing03,0.0013731122,les_neck_pick21__d6t0__00030.wav,lsp-arctan,6,6,0,0,29.89601395521624,29.91872954355242
les_neck_fing03__d6t1__00031.wav,lsp-tanh,les_neck_fing03,0.0014754534,les_neck_pick21__d6t1__00031.wav,pedalboard-tanh,6,6,1,1,29.89601395521624,29.92239131554786
les_neck_fing03__d6t2__00032.wav,lsp-tanh,les_neck_fing03,0.0017288327,les_neck_fing01__d6t2__00032.wav,lsp-sine,6,6,2,2,29.89601395521624,29.915327656251563
les_neck_fing03__d6t3__00033.wav,lsp-tanh,les_neck_fing03,0.00064331293,les_neck_pick05__d6t3__00033.wav,lsp-sine,6,6,3,3,29.89601395521624,29.915327656251563
les_neck_fing03__d6t4__00034.wav,lsp-tanh,les_neck_fing03,0.000629127,les_neck_pick05__d6t4__00034.wav,lsp-sine,6,6,4,4,29.89601395521624,29.915327656251563
les_neck_fing03__d7t0__00035.wav,lsp-tanh,les_neck_fing03,0.0014494658,les_neck_pick21__d7t0__00035.wav,lsp-sine,7,7,0,0,34.0729352593394,34.094517939627885
les_neck_fing03__d7t1__00036.wav,lsp-tanh,les_neck_fing03,0.005819261,les_bridge_pick17__d7t1__00036.wav,pedalboard-tanh,7,7,1,1,34.0729352593394,34.075823464139134
les_neck_fing03__d7t2__00037.wav,lsp-tanh,les_neck_fing03,0.002447784,les_neck_pick02__d7t3__00038.wav,byod-mxr,7,7,2,3,34.0729352593394,34.08156088036171
les_neck_fing03__d7t3__00038.wav,lsp-tanh,les_neck_fing03,0.0012272596,les_neck_fing01__d7t3__00038.wav,lsp-sine,7,7,3,3,34.0729352593394,34.094517939627885
les_neck_fing03__d7t4__00039.wav,lsp-tanh,les_neck_fing03,0.000816524,les_neck_fing01__d7t4__00039.wav,lsp-sine,7,7,4,4,34.0729352593394,34.094517939627885
les_neck_fing04__d0t0__00000.wav,lsp-tanh,les_neck_fing04,0.00080150366,les_neck_pick12__d2t1__00011.wav,byod-mxr,0,2,0,1,5.0,13.292365801948186
les_neck_fing04__d0t1__00001.wav,lsp-tanh,les_neck_fing04,0.00310117,les_bridge_fing17__d3t0__00015.wav,lsp-sine,0,3,1,0,5.0,17.46073355198249
les_neck_fing04__d0t2__00002.wav,lsp-tanh,les_neck_fing04,0.0033755898,les_neck_pick04__d1t2__00007.wav,byod-mxr,0,1,2,2,5.0,9.107670514338215
les_neck_fing04__d0t3__00003.wav,lsp-tanh,les_neck_fing04,0.0052378178,les_neck_fing15__d4t3__00023.wav,lsp-hardclip,0,4,3,3,5.0,21.54643860361127
les_neck_fing04__d0t4__00004.wav,lsp-tanh,les_neck_fing04,0.0029315352,les_neck_pick09__d0t4__00004.wav,lsp-arctan,0,0,4,4,5.0,5.005872107125804
les_neck_fing04__d1t0__00005.wav,lsp-tanh,les_neck_fing04,0.0013904572,les_neck_pick12__d2t1__00011.wav,byod-mxr,1,2,0,1,9.088421535688989,13.292365801948186
les_neck_fing04__d1t1__00006.wav,lsp-tanh,les_neck_fing04,0.0036990047,les_bridge_fing17__d3t0__00015.wav,lsp-arctan,1,3,1,0,9.088421535688989,17.436825605717576
les_neck_fing04__d1t2__00007.wav,lsp-tanh,les_neck_fing04,0.003480792,les_neck_pick04__d2t2__00012.wav,byod-mxr,1,2,2,2,9.088421535688989,13.292365801948186
les_neck_fing04__d1t3__00008.wav,lsp-tanh,les_neck_fing04,0.0053395033,les_bridge_fing20__d2t4__00014.wav,byod-mxr,1,2,3,4,9.088421535688989,13.292365801948186
les_neck_fing04__d1t4__00009.wav,lsp-tanh,les_neck_fing04,0.0027140975,les_neck_pick09__d0t4__00004.wav,lsp-arctan,1,0,4,4,9.088421535688989,5.005872107125804
les_neck_fing04__d2t0__00010.wav,lsp-tanh,les_neck_fing04,0.0012739897,les_bridge_pick22__d1t0__00005.wav,lsp-hardclip,2,1,0,0,13.297259315581634,9.35456396552498
les_neck_fing04__d2t1__00011.wav,lsp-tanh,les_neck_fing04,0.0024770498,les_bridge_fing24__d3t1__00016.wav,lsp-sine,2,3,1,1,13.297259315581634,17.46073355198249
les_neck_fing04__d2t2__00012.wav,lsp-tanh,les_neck_fing04,0.005256355,les_neck_pick03__d3t2__00017.wav,lsp-sine,2,3,2,2,13.297259315581634,17.46073355198249
les_neck_fing04__d2t3__00013.wav,lsp-tanh,les_neck_fing04,0.004169345,les_neck_pick11__d0t3__00003.wav,pedalboard-tanh,2,0,3,3,13.297259315581634,5.0
les_neck_fing04__d2t4__00014.wav,lsp-tanh,les_neck_fing04,0.0027223825,les_neck_pick11__d0t4__00004.wav,lsp-sine,2,0,4,4,13.297259315581634,5.041347474059023
les_neck_fing04__d3t0__00015.wav,lsp-tanh,les_neck_fing04,0.0017236471,les_neck_pick07__d2t1__00011.wav,byod-mxr,3,2,0,1,17.426284440144894,13.292365801948186
les_neck_fing04__d3t1__00016.wav,lsp-tanh,les_neck_fing04,0.0029448867,les_bridge_fing24__d3t1__00016.wav,byod-mxr,3,3,1,1,17.426284440144894,17.452308155418716
les_neck_fing04__d3t2__00017.wav,lsp-tanh,les_neck_fing04,0.0019018054,les_neck_pick11__d3t2__00017.wav,pedalboard-tanh,3,3,2,2,17.426284440144894,17.454399305827287
les_neck_fing04__d3t3__00018.wav,lsp-tanh,les_neck_fing04,0.0036385655,les_bridge_fing20__d3t4__00019.wav,lsp-arctan,3,3,3,4,17.426284440144894,17.436825605717576
les_neck_fing04__d3t4__00019.wav,lsp-tanh,les_neck_fing04,0.0029639006,les_neck_pick09__d4t4__00024.wav,lsp-hardclip,3,4,4,4,17.426284440144894,21.54643860361127
les_neck_fing04__d4t0__00020.wav,lsp-tanh,les_neck_fing04,0.0012296438,les_neck_pick11__d4t0__00020.wav,pedalboard-tanh,4,4,0,0,21.61115826291455,21.61638024087312
les_neck_fing04__d4t1__00021.wav,lsp-tanh,les_neck_fing04,0.0029479861,les_neck_pick11__d4t1__00021.wav,byod-mxr,4,4,1,1,21.61115826291455,21.62039317761596
les_neck_fing04__d4t2__00022.wav,lsp-tanh,les_neck_fing04,0.0010180473,les_neck_pick11__d4t2__00022.wav,byod-mxr,4,4,2,2,21.61115826291455,21.62039317761596
les_neck_fing04__d4t3__00023.wav,lsp-tanh,les_neck_fing04,0.0033700466,les_bridge_pick22__d4t4__00024.wav,lsp-sine,4,4,3,4,21.61115826291455,21.652716208419097
les_neck_fing04__d4t4__00024.wav,lsp-tanh,les_neck_fing04,0.0017563105,les_neck_pick02__d4t4__00024.wav,lsp-arctan,4,4,4,4,21.61115826291455,21.613326710488973
les_neck_fing04__d5t0__00025.wav,lsp-tanh,les_neck_fing04,0.0025726557,les_neck_pick09__d5t0__00025.wav,lsp-sine,5,5,0,0,25.766463780707188,25.7855895742644
les_neck_fing04__d5t1__00026.wav,lsp-tanh,les_neck_fing04,0.0025492907,les_neck_pick09__d5t1__00026.wav,pedalboard-tanh,5,5,1,1,25.766463780707188,25.782351420955937
les_neck_fing04__d5t2__00027.wav,lsp-tanh,les_neck_fing04,0.0015888214,les_neck_pick09__d5t2__00027.wav,pedalboard-tanh,5,5,2,2,25.766463780707188,25.782351420955937
les_neck_fing04__d5t3__00028.wav,lsp-tanh,les_neck_fing04,0.0018718243,les_neck_pick09__d5t3__00028.wav,pedalboard-tanh,5,5,3,3,25.766463780707188,25.782351420955937
les_neck_fing04__d5t4__00029.wav,lsp-tanh,les_neck_fing04,0.0038519502,les_bridge_fing20__d5t3__00028.wav,byod-mxr,5,5,4,3,25.766463780707188,25.779078975465445
les_neck_fing04__d6t0__00030.wav,lsp-tanh,les_neck_fing04,0.002749443,les_neck_pick09__d6t0__00030.wav,lsp-hardclip,6,6,0,0,29.89601395521624,29.908667593492765
les_neck_fing04__d6t1__00031.wav,lsp-tanh,les_neck_fing04,0.0023252368,les_neck_pick11__d6t1__00031.wav,pedalboard-tanh,6,6,1,1,29.89601395521624,29.92239131554786
les_neck_fing04__d6t2__00032.wav,lsp-tanh,les_neck_fing04,0.0017245412,les_neck_pick04__d7t1__00036.wav,lsp-sine,6,7,2,1,29.89601395521624,34.094517939627885
les_neck_fing04__d6t3__00033.wav,lsp-tanh,les_neck_fing04,0.0015923381,les_neck_pick09__d6t3__00033.wav,lsp-sine,6,6,3,3,29.89601395521624,29.915327656251563
les_neck_fing04__d6t4__00034.wav,lsp-tanh,les_neck_fing04,0.0009510517,les_neck_pick02__d7t3__00038.wav,lsp-sine,6,7,4,3,29.89601395521624,34.094517939627885
les_neck_fing04__d7t0__00035.wav,lsp-tanh,les_neck_fing04,0.001170516,les_bridge_fing24__d7t0__00035.wav,lsp-arctan,7,7,0,0,34.0729352593394,34.09435618625095
les_neck_fing04__d7t1__00036.wav,lsp-tanh,les_neck_fing04,0.001365006,les_bridge_fing24__d7t1__00036.wav,pedalboard-tanh,7,7,1,1,34.0729352593394,34.075823464139134
les_neck_fing04__d7t2__00037.wav,lsp-tanh,les_neck_fing04,0.0011412501,les_neck_fing01__d7t1__00036.wav,lsp-sine,7,7,2,1,34.0729352593394,34.094517939627885
les_neck_fing04__d7t3__00038.wav,lsp-tanh,les_neck_fing04,0.0020270348,les_neck_pick09__d7t3__00038.wav,lsp-sine,7,7,3,3,34.0729352593394,34.094517939627885
les_neck_fing04__d7t4__00039.wav,lsp-tanh,les_neck_fing04,0.0014066696,les_neck_pick09__d7t4__00039.wav,lsp-sine,7,7,4,4,34.0729352593394,34.094517939627885
les_neck_fing09__d0t0__00000.wav,lsp-tanh,les_neck_fing09,0.00842458,les_bridge_pick16__d2t0__00010.wav,lsp-arctan,0,2,0,0,5.0,13.270071970821393
les_neck_fing09__d0t1__00001.wav,lsp-tanh,les_neck_fing09,0.015331149,les_bridge_fing21__d0t1__00001.wav,pedalboard-tanh,0,0,1,1,5.0,5.0
les_neck_fing09__d0t2__00002.wav,lsp-tanh,les_neck_fing09,0.0054988265,les_bridge_pick16__d0t2__00002.wav,pedalboard-tanh,0,0,2,2,5.0,5.0
les_neck_fing09__d0t3__00003.wav,lsp-tanh,les_neck_fing09,0.0021530986,les_neck_fing15__d2t2__00012.wav,lsp-sine,0,2,3,2,5.0,13.251366385956809
les_neck_fing09__d0t4__00004.wav,lsp-tanh,les_neck_fing09,0.0050910115,les_neck_pick02__d0t3__00003.wav,lsp-arctan,0,0,4,3,5.0,5.005872107125804
les_neck_fing09__d1t0__00005.wav,lsp-tanh,les_neck_fing09,0.006409049,les_bridge_pick16__d2t0__00010.wav,lsp-arctan,1,2,0,0,9.088421535688989,13.270071970821393
les_neck_fing09__d1t1__00006.wav,lsp-tanh,les_neck_fing09,0.007692933,les_neck_pick12__d0t1__00001.wav,pedalboard-tanh,1,0,1,1,9.088421535688989,5.0
les_neck_fing09__d1t2__00007.wav,lsp-tanh,les_neck_fing09,0.0019367933,les_bridge_fing21__d0t2__00002.wav,lsp-arctan,1,0,2,2,9.088421535688989,5.005872107125804
les_neck_fing09__d1t3__00008.wav,lsp-tanh,les_neck_fing09,0.0023406744,les_neck_fing15__d3t2__00017.wav,lsp-hardclip,1,3,3,2,9.088421535688989,17.563088337099366
les_neck_fing09__d1t4__00009.wav,lsp-tanh,les_neck_fing09,0.006452143,les_neck_pick02__d1t3__00008.wav,lsp-arctan,1,1,4,3,9.088421535688989,9.170316408518453
les_neck_fing09__d2t0__00010.wav,lsp-tanh,les_neck_fing09,0.0015982985,les_neck_pick12__d0t0__00000.wav,lsp-arctan,2,0,0,0,13.297259315581634,5.005872107125804
les_neck_fing09__d2t1__00011.wav,lsp-tanh,les_neck_fing09,0.0028191805,les_neck_pick12__d1t1__00006.wav,lsp-arctan,2,1,1,1,13.297259315581634,9.170316408518453
les_neck_fing09__d2t2__00012.wav,lsp-tanh,les_neck_fing09,0.0014394522,les_bridge_fing24__d2t1__00011.wav,lsp-arctan,2,2,2,1,13.297259315581634,13.270071970821393
les_neck_fing09__d2t3__00013.wav,lsp-tanh,les_neck_fing09,0.0036628842,les_bridge_fing24__d2t3__00013.wav,pedalboard-tanh,2,2,3,3,13.297259315581634,13.296816138037473
les_neck_fing09__d2t4__00014.wav,lsp-tanh,les_neck_fing09,0.008140564,les_bridge_pick22__d2t4__00014.wav,lsp-hardclip,2,2,4,4,13.297259315581634,13.55142968534178
les_neck_fing09__d3t0__00015.wav,lsp-tanh,les_neck_fing09,0.0050610304,les_bridge_fing21__d2t0__00010.wav,lsp-arctan,3,2,0,0,17.426284440144894,13.270071970821393
les_neck_fing09__d3t1__00016.wav,lsp-tanh,les_neck_fing09,0.0014147758,les_neck_pick09__d1t0__00005.wav,lsp-arctan,3,1,1,0,17.426284440144894,9.170316408518453
les_neck_fing09__d3t2__00017.wav,lsp-tanh,les_neck_fing09,0.002954483,les_neck_pick11__d0t1__00001.wav,pedalboard-tanh,3,0,2,1,17.426284440144894,5.0
les_neck_fing09__d3t3__00018.wav,lsp-tanh,les_neck_fing09,0.0014460683,les_neck_pick11__d2t2__00012.wav,lsp-sine,3,2,3,2,17.426284440144894,13.251366385956809
les_neck_fing09__d3t4__00019.wav,lsp-tanh,les_neck_fing09,0.0071926713,les_bridge_pick22__d3t4__00019.wav,byod-mxr,3,3,4,4,17.426284440144894,17.452308155418716
les_neck_fing09__d4t0__00020.wav,lsp-tanh,les_neck_fing09,0.0034236312,les_neck_pick07__d3t0__00015.wav,lsp-sine,4,3,0,0,21.61115826291455,17.46073355198249
les_neck_fing09__d4t1__00021.wav,lsp-tanh,les_neck_fing09,0.0005594492,les_neck_pick09__d4t0__00020.wav,lsp-sine,4,4,1,0,21.61115826291455,21.652716208419097
les_neck_fing09__d4t2__00022.wav,lsp-tanh,les_neck_fing09,0.0033703446,les_neck_pick04__d4t1__00021.wav,lsp-sine,4,4,2,1,21.61115826291455,21.652716208419097
les_neck_fing09__d4t3__00023.wav,lsp-tanh,les_neck_fing09,0.0031687021,les_bridge_fing21__d4t3__00023.wav,byod-mxr,4,4,3,3,21.61115826291455,21.62039317761596
les_neck_fing09__d4t4__00024.wav,lsp-tanh,les_neck_fing09,0.0050501823,les_neck_pick11__d4t3__00023.wav,lsp-arctan,4,4,4,3,21.61115826291455,21.613326710488973
les_neck_fing09__d5t0__00025.wav,lsp-tanh,les_neck_fing09,0.0012603998,les_neck_pick07__d4t1__00021.wav,lsp-arctan,5,4,0,1,25.766463780707188,21.613326710488973
les_neck_fing09__d5t1__00026.wav,lsp-tanh,les_neck_fing09,0.0019157529,les_neck_pick11__d5t0__00025.wav,pedalboard-tanh,5,5,1,0,25.766463780707188,25.782351420955937
les_neck_fing09__d5t2__00027.wav,lsp-tanh,les_neck_fing09,0.004354179,les_neck_pick07__d4t3__00023.wav,byod-mxr,5,4,2,3,25.766463780707188,21.62039317761596
les_neck_fing09__d5t3__00028.wav,lsp-tanh,les_neck_fing09,0.0024948716,les_neck_pick11__d5t2__00027.wav,byod-mxr,5,5,3,2,25.766463780707188,25.779078975465445
les_neck_fing09__d5t4__00029.wav,lsp-tanh,les_neck_fing09,0.0038619637,les_bridge_fing21__d5t4__00029.wav,pedalboard-tanh,5,5,4,4,25.766463780707188,25.782351420955937
les_neck_fing09__d6t0__00030.wav,lsp-tanh,les_neck_fing09,0.0021222234,les_neck_pick12__d6t0__00030.wav,lsp-hardclip,6,6,0,0,29.89601395521624,29.908667593492765
les_neck_fing09__d6t1__00031.wav,lsp-tanh,les_neck_fing09,0.002368927,les_bridge_fing24__d6t0__00030.wav,pedalboard-tanh,6,6,1,0,29.89601395521624,29.92239131554786
les_neck_fing09__d6t2__00032.wav,lsp-tanh,les_neck_fing09,0.005104363,les_bridge_fing24__d6t1__00031.wav,lsp-arctan,6,6,2,1,29.89601395521624,29.91872954355242
les_neck_fing09__d6t3__00033.wav,lsp-tanh,les_neck_fing09,0.004255235,les_bridge_pick17__d6t1__00031.wav,pedalboard-tanh,6,6,3,1,29.89601395521624,29.92239131554786
les_neck_fing09__d6t4__00034.wav,lsp-tanh,les_neck_fing09,0.006241679,les_neck_pick04__d7t2__00037.wav,lsp-hardclip,6,7,4,2,29.89601395521624,34.07942205160116
les_neck_fing09__d7t0__00035.wav,lsp-tanh,les_neck_fing09,0.0034818053,les_neck_pick07__d6t1__00031.wav,byod-mxr,7,6,0,1,34.0729352593394,29.91150927100104
les_neck_fing09__d7t1__00036.wav,lsp-tanh,les_neck_fing09,0.0021325946,les_bridge_fing21__d7t0__00035.wav,lsp-sine,7,7,1,0,34.0729352593394,34.094517939627885
les_neck_fing09__d7t2__00037.wav,lsp-tanh,les_neck_fing09,0.0023325086,les_bridge_fing24__d7t1__00036.wav,lsp-arctan,7,7,2,1,34.0729352593394,34.09435618625095
les_neck_fing09__d7t3__00038.wav,lsp-tanh,les_neck_fing09,0.0033893585,les_neck_pick09__d7t2__00037.wav,pedalboard-tanh,7,7,3,2,34.0729352593394,34.075823464139134
les_neck_fing09__d7t4__00039.wav,lsp-tanh,les_neck_fing09,0.0030200481,les_neck_pick09__d7t3__00038.wav,byod-mxr,7,7,4,3,34.0729352593394,34.08156088036171
les_neck_fing11__d0t0__00000.wav,lsp-tanh,les_neck_fing11,0.02354449,les_bridge_pick16__d2t0__00010.wav,pedalboard-tanh,0,2,0,0,5.0,13.296816138037473
les_neck_fing11__d0t1__00001.wav,lsp-tanh,les_neck_fing11,0.020718694,les_bridge_pick16__d1t0__00005.wav,byod-mxr,0,1,1,0,5.0,9.107670514338215
les_neck_fing11__d0t2__00002.wav,lsp-tanh,les_neck_fing11,0.024708271,les_bridge_pick16__d0t0__00000.wav,byod-mxr,0,0,2,0,5.0,5.0
les_neck_fing11__d0t3__00003.wav,lsp-tanh,les_neck_fing11,0.0034381747,les_bridge_pick16__d0t2__00002.wav,pedalboard-tanh,0,0,3,2,5.0,5.0
les_neck_fing11__d0t4__00004.wav,lsp-tanh,les_neck_fing11,0.013373852,les_neck_fing01__d0t2__00002.wav,pedalboard-tanh,0,0,4,2,5.0,5.0
les_neck_fing11__d1t0__00005.wav,lsp-tanh,les_neck_fing11,0.01838106,les_bridge_pick16__d2t0__00010.wav,pedalboard-tanh,1,2,0,0,9.088421535688989,13.296816138037473
les_neck_fing11__d1t1__00006.wav,lsp-tanh,les_neck_fing11,0.015127122,les_bridge_pick16__d2t0__00010.wav,pedalboard-tanh,1,2,1,0,9.088421535688989,13.296816138037473
les_neck_fing11__d1t2__00007.wav,lsp-tanh,les_neck_fing11,0.010307491,les_bridge_pick16__d0t1__00001.wav,byod-mxr,1,0,2,1,9.088421535688989,5.0
les_neck_fing11__d1t3__00008.wav,lsp-tanh,les_neck_fing11,0.0014563799,les_neck_fing15__d4t0__00020.wav,byod-mxr,1,4,3,0,9.088421535688989,21.62039317761596
les_neck_fing11__d1t4__00009.wav,lsp-tanh,les_neck_fing11,0.0038461685,les_neck_fing01__d0t2__00002.wav,pedalboard-tanh,1,0,4,2,9.088421535688989,5.0
les_neck_fing11__d2t0__00010.wav,lsp-tanh,les_neck_fing11,0.0041859746,les_neck_pick12__d0t0__00000.wav,lsp-arctan,2,0,0,0,13.297259315581634,5.005872107125804
les_neck_fing11__d2t1__00011.wav,lsp-tanh,les_neck_fing11,0.0033234954,les_neck_pick12__d1t0__00005.wav,pedalboard-tanh,2,1,1,0,13.297259315581634,9.146047429418331
les_neck_fing11__d2t2__00012.wav,lsp-tanh,les_neck_fing11,0.0006246567,les_bridge_fing24__d2t0__00010.wav,lsp-arctan,2,2,2,0,13.297259315581634,13.270071970821393
les_neck_fing11__d2t3__00013.wav,lsp-tanh,les_neck_fing11,0.002792418,les_bridge_pick22__d1t2__00007.wav,lsp-hardclip,2,1,3,2,13.297259315581634,9.35456396552498
les_neck_fing11__d2t4__00014.wav,lsp-tanh,les_neck_fing11,0.008522689,les_neck_fing01__d2t2__00012.wav,lsp-arctan,2,2,4,2,13.297259315581634,13.270071970821393
les_neck_fing11__d3t0__00015.wav,lsp-tanh,les_neck_fing11,0.004761994,les_neck_pick12__d1t0__00005.wav,lsp-sine,3,1,0,0,17.426284440144894,9.202349861352678
les_neck_fing11__d3t1__00016.wav,lsp-tanh,les_neck_fing11,0.0011822581,les_neck_pick07__d2t1__00011.wav,lsp-hardclip,3,2,1,1,17.426284440144894,13.55142968534178
les_neck_fing11__d3t2__00017.wav,lsp-tanh,les_neck_fing11,0.0019882321,les_bridge_pick22__d3t1__00016.wav,lsp-sine,3,3,2,1,17.426284440144894,17.46073355198249
les_neck_fing11__d3t3__00018.wav,lsp-tanh,les_neck_fing11,0.0037066936,les_neck_pick12__d3t4__00019.wav,lsp-arctan,3,3,3,4,17.426284440144894,17.436825605717576
les_neck_fing11__d3t4__00019.wav,lsp-tanh,les_neck_fing11,0.009482503,les_bridge_fing24__d3t4__00019.wav,byod-mxr,3,3,4,4,17.426284440144894,17.452308155418716
les_neck_fing11__d4t0__00020.wav,lsp-tanh,les_neck_fing11,0.0024614334,les_neck_pick07__d4t0__00020.wav,lsp-hardclip,4,4,0,0,21.61115826291455,21.54643860361127
les_neck_fing11__d4t1__00021.wav,lsp-tanh,les_neck_fing11,0.0011586547,les_neck_pick12__d4t1__00021.wav,lsp-hardclip,4,4,1,1,21.61115826291455,21.54643860361127
les_neck_fing11__d4t2__00022.wav,lsp-tanh,les_neck_fing11,0.0021455884,les_neck_pick12__d4t2__00022.wav,lsp-arctan,4,4,2,2,21.61115826291455,21.613326710488973
les_neck_fing11__d4t3__00023.wav,lsp-tanh,les_neck_fing11,0.0049169064,les_neck_fing01__d4t1__00021.wav,lsp-sine,4,4,3,1,21.61115826291455,21.652716208419097
les_neck_fing11__d4t4__00024.wav,lsp-tanh,les_neck_fing11,0.0076621175,les_neck_fing01__d4t2__00022.wav,lsp-arctan,4,4,4,2,21.61115826291455,21.613326710488973
les_neck_fing11__d5t0__00025.wav,lsp-tanh,les_neck_fing11,0.0026538372,les_neck_pick07__d4t1__00021.wav,byod-mxr,5,4,0,1,25.766463780707188,21.62039317761596
les_neck_fing11__d5t1__00026.wav,lsp-tanh,les_neck_fing11,0.0015889406,les_neck_pick09__d5t0__00025.wav,lsp-sine,5,5,1,0,25.766463780707188,25.7855895742644
les_neck_fing11__d5t2__00027.wav,lsp-tanh,les_neck_fing11,0.0035639405,les_neck_pick11__d5t1__00026.wav,lsp-hardclip,5,5,2,1,25.766463780707188,25.79865436059077
les_neck_fing11__d5t3__00028.wav,lsp-tanh,les_neck_fing11,0.0041721463,les_neck_pick12__d5t3__00028.wav,lsp-arctan,5,5,3,3,25.766463780707188,25.788497067568912
les_neck_fing11__d5t4__00029.wav,lsp-tanh,les_neck_fing11,0.0047696233,les_neck_fing01__d5t2__00027.wav,byod-mxr,5,5,4,2,25.766463780707188,25.779078975465445
les_neck_fing11__d6t0__00030.wav,lsp-tanh,les_neck_fing11,0.0023131967,les_bridge_pick16__d5t0__00025.wav,lsp-arctan,6,5,0,0,29.89601395521624,25.788497067568912
les_neck_fing11__d6t1__00031.wav,lsp-tanh,les_neck_fing11,0.0027140975,les_neck_pick05__d6t0__00030.wav,lsp-hardclip,6,6,1,0,29.89601395521624,29.908667593492765
les_neck_fing11__d6t2__00032.wav,lsp-tanh,les_neck_fing11,0.002421677,les_bridge_pick22__d5t2__00027.wav,lsp-hardclip,6,5,2,2,29.89601395521624,25.79865436059077
les_neck_fing11__d6t3__00033.wav,lsp-tanh,les_neck_fing11,0.0014882088,les_neck_pick02__d6t2__00032.wav,byod-mxr,6,6,3,2,29.89601395521624,29.91150927100104
les_neck_fing11__d6t4__00034.wav,lsp-tanh,les_neck_fing11,0.0028861165,les_neck_pick04__d6t3__00033.wav,lsp-hardclip,6,6,4,3,29.89601395521624,29.908667593492765
les_neck_fing11__d7t0__00035.wav,lsp-tanh,les_neck_fing11,0.0017386675,les_neck_pick12__d6t1__00031.wav,lsp-hardclip,7,6,0,1,34.0729352593394,29.908667593492765
les_neck_fing11__d7t1__00036.wav,lsp-tanh,les_neck_fing11,0.0025241375,les_neck_pick09__d6t1__00031.wav,lsp-arctan,7,6,1,1,34.0729352593394,29.91872954355242
les_neck_fing11__d7t2__00037.wav,lsp-tanh,les_neck_fing11,0.0019366145,les_neck_pick09__d6t2__00032.wav,lsp-arctan,7,6,2,2,34.0729352593394,29.91872954355242
les_neck_fing11__d7t3__00038.wav,lsp-tanh,les_neck_fing11,0.0022093654,les_neck_pick09__d6t3__00033.wav,lsp-arctan,7,6,3,3,34.0729352593394,29.91872954355242
les_neck_fing11__d7t4__00039.wav,lsp-tanh,les_neck_fing11,0.0030210018,les_neck_fing01__d6t4__00034.wav,lsp-hardclip,7,6,4,4,34.0729352593394,29.908667593492765
les_neck_fing16__d0t0__00000.wav,lsp-tanh,les_neck_fing16,0.013488352,les_bridge_pick16__d0t0__00000.wav,byod-mxr,0,0,0,0,5.0,5.0
les_neck_fing16__d0t1__00001.wav,lsp-tanh,les_neck_fing16,0.0037418604,les_bridge_pick16__d0t0__00000.wav,byod-mxr,0,0,1,0,5.0,5.0
les_neck_fing16__d0t2__00002.wav,lsp-tanh,les_neck_fing16,0.009944975,les_bridge_pick16__d0t1__00001.wav,lsp-arctan,0,0,2,1,5.0,5.005872107125804
les_neck_fing16__d0t3__00003.wav,lsp-tanh,les_neck_fing16,0.014380038,les_bridge_pick16__d0t2__00002.wav,byod-mxr,0,0,3,2,5.0,5.0
les_neck_fing16__d0t4__00004.wav,lsp-tanh,les_neck_fing16,0.0051755905,les_bridge_pick16__d2t2__00012.wav,lsp-arctan,0,2,4,2,5.0,13.270071970821393
les_neck_fing16__d1t0__00005.wav,lsp-tanh,les_neck_fing16,0.0049934983,les_bridge_pick16__d0t0__00000.wav,byod-mxr,1,0,0,0,9.088421535688989,5.0
les_neck_fing16__d1t1__00006.wav,lsp-tanh,les_neck_fing16,0.00465554,les_bridge_pick16__d1t0__00005.wav,byod-mxr,1,1,1,0,9.088421535688989,9.107670514338215
les_neck_fing16__d1t2__00007.wav,lsp-tanh,les_neck_fing16,0.0006596446,les_bridge_pick16__d2t1__00011.wav,lsp-sine,1,2,2,1,9.088421535688989,13.251366385956809
les_neck_fing16__d1t3__00008.wav,lsp-tanh,les_neck_fing16,0.0012474656,les_neck_fing01__d2t0__00010.wav,lsp-sine,1,2,3,0,9.088421535688989,13.251366385956809
les_neck_fing16__d1t4__00009.wav,lsp-tanh,les_neck_fing16,0.003006518,les_bridge_pick17__d3t0__00015.wav,lsp-hardclip,1,3,4,0,9.088421535688989,17.563088337099366
les_neck_fing16__d2t0__00010.wav,lsp-tanh,les_neck_fing16,0.0046346784,les_bridge_pick16__d2t0__00010.wav,pedalboard-tanh,2,2,0,0,13.297259315581634,13.296816138037473
les_neck_fing16__d2t1__00011.wav,lsp-tanh,les_neck_fing16,0.0030403137,les_neck_pick12__d0t1__00001.wav,pedalboard-tanh,2,0,1,1,13.297259315581634,5.0
les_neck_fing16__d2t2__00012.wav,lsp-tanh,les_neck_fing16,0.0024339557,les_bridge_fing20__d3t0__00015.wav,lsp-arctan,2,3,2,0,13.297259315581634,17.436825605717576
les_neck_fing16__d2t3__00013.wav,lsp-tanh,les_neck_fing16,0.0022325516,les_neck_pick12__d0t2__00002.wav,lsp-hardclip,2,0,3,2,13.297259315581634,5.063331073032135
les_neck_fing16__d2t4__00014.wav,lsp-tanh,les_neck_fing16,0.0029637814,les_bridge_pick17__d4t0__00020.wav,lsp-hardclip,2,4,4,0,13.297259315581634,21.54643860361127
les_neck_fing16__d3t0__00015.wav,lsp-tanh,les_neck_fing16,0.0018222928,les_neck_pick12__d2t0__00010.wav,lsp-arctan,3,2,0,0,17.426284440144894,13.270071970821393
les_neck_fing16__d3t1__00016.wav,lsp-tanh,les_neck_fing16,0.0015224218,les_neck_pick12__d3t0__00015.wav,pedalboard-tanh,3,3,1,0,17.426284440144894,17.454399305827287
les_neck_fing16__d3t2__00017.wav,lsp-tanh,les_neck_fing16,0.00055521727,les_neck_pick11__d3t0__00015.wav,pedalboard-tanh,3,3,2,0,17.426284440144894,17.454399305827287
les_neck_fing16__d3t3__00018.wav,lsp-tanh,les_neck_fing16,0.0015288591,les_neck_pick12__d4t1__00021.wav,pedalboard-tanh,3,4,3,1,17.426284440144894,21.61638024087312
les_neck_fing16__d3t4__00019.wav,lsp-tanh,les_neck_fing16,0.0013728142,les_neck_pick05__d5t0__00025.wav,lsp-hardclip,3,5,4,0,17.426284440144894,25.79865436059077
les_neck_fing16__d4t0__00020.wav,lsp-tanh,les_neck_fing16,0.00048589706,les_neck_pick12__d4t0__00020.wav,lsp-arctan,4,4,0,0,21.61115826291455,21.613326710488973
les_neck_fing16__d4t1__00021.wav,lsp-tanh,les_neck_fing16,0.0010280609,les_neck_pick12__d5t0__00025.wav,lsp-sine,4,5,1,0,21.61115826291455,25.7855895742644
les_neck_fing16__d4t2__00022.wav,lsp-tanh,les_neck_fing16,0.0010563135,les_neck_pick11__d4t0__00020.wav,byod-mxr,4,4,2,0,21.61115826291455,21.62039317761596
les_neck_fing16__d4t3__00023.wav,lsp-tanh,les_neck_fing16,0.0011464357,les_neck_pick12__d5t1__00026.wav,lsp-sine,4,5,3,1,21.61115826291455,25.7855895742644
les_neck_fing16__d4t4__00024.wav,lsp-tanh,les_neck_fing16,0.002511084,les_neck_pick05__d5t0__00025.wav,pedalboard-tanh,4,5,4,0,21.61115826291455,25.782351420955937
les_neck_fing16__d5t0__00025.wav,lsp-tanh,les_neck_fing16,0.0011227131,les_neck_pick07__d4t1__00021.wav,byod-mxr,5,4,0,1,25.766463780707188,21.62039317761596
les_neck_fing16__d5t1__00026.wav,lsp-tanh,les_neck_fing16,0.0019583106,les_bridge_pick22__d5t0__00025.wav,pedalboard-tanh,5,5,1,0,25.766463780707188,25.782351420955937
les_neck_fing16__d5t2__00027.wav,lsp-tanh,les_neck_fing16,0.0036263466,les_neck_pick09__d5t0__00025.wav,byod-mxr,5,5,2,0,25.766463780707188,25.779078975465445
les_neck_fing16__d5t3__00028.wav,lsp-tanh,les_neck_fing16,0.0018435121,les_neck_pick11__d6t0__00030.wav,pedalboard-tanh,5,6,3,0,25.766463780707188,29.92239131554786
les_neck_fing16__d5t4__00029.wav,lsp-tanh,les_neck_fing16,0.0026094317,les_bridge_pick22__d6t1__00031.wav,lsp-arctan,5,6,4,1,25.766463780707188,29.91872954355242
les_neck_fing16__d6t0__00030.wav,lsp-tanh,les_neck_fing16,0.001573205,les_neck_pick12__d6t0__00030.wav,lsp-hardclip,6,6,0,0,29.89601395521624,29.908667593492765
les_neck_fing16__d6t1__00031.wav,lsp-tanh,les_neck_fing16,0.0014580488,les_bridge_fing21__d6t0__00030.wav,byod-mxr,6,6,1,0,29.89601395521624,29.91150927100104
les_neck_fing16__d6t2__00032.wav,lsp-tanh,les_neck_fing16,0.004023254,les_neck_pick05__d6t0__00030.wav,lsp-sine,6,6,2,0,29.89601395521624,29.915327656251563
les_neck_fing16__d6t3__00033.wav,lsp-tanh,les_neck_fing16,0.0021074414,les_neck_pick09__d6t1__00031.wav,lsp-arctan,6,6,3,1,29.89601395521624,29.91872954355242
les_neck_fing16__d6t4__00034.wav,lsp-tanh,les_neck_fing16,0.0034105778,les_bridge_fing24__d7t1__00036.wav,pedalboard-tanh,6,7,4,1,29.89601395521624,34.075823464139134
les_neck_fing16__d7t0__00035.wav,lsp-tanh,les_neck_fing16,0.0024017692,les_neck_pick07__d6t0__00030.wav,lsp-hardclip,7,6,0,0,34.0729352593394,29.908667593492765
les_neck_fing16__d7t1__00036.wav,lsp-tanh,les_neck_fing16,0.004368484,les_neck_pick09__d6t0__00030.wav,byod-mxr,7,6,1,0,34.0729352593394,29.91150927100104
les_neck_fing16__d7t2__00037.wav,lsp-tanh,les_neck_fing16,0.0047186017,les_bridge_fing21__d7t1__00036.wav,byod-mxr,7,7,2,1,34.0729352593394,34.08156088036171
les_neck_fing16__d7t3__00038.wav,lsp-tanh,les_neck_fing16,0.00459224,les_bridge_pick17__d7t1__00036.wav,lsp-hardclip,7,7,3,1,34.0729352593394,34.07942205160116
les_neck_fing16__d7t4__00039.wav,lsp-tanh,les_neck_fing16,0.0059368014,les_neck_pick05__d7t2__00037.wav,lsp-hardclip,7,7,4,2,34.0729352593394,34.07942205160116
les_neck_fing18__d0t0__00000.wav,lsp-tanh,les_neck_fing18,0.0005990267,les_neck_pick04__d2t0__00010.wav,byod-mxr,0,2,0,0,5.0,13.292365801948186
les_neck_fing18__d0t1__00001.wav,lsp-tanh,les_neck_fing18,0.0014800429,les_neck_pick12__d0t3__00003.wav,byod-mxr,0,0,1,3,5.0,5.0
les_neck_fing18__d0t2__00002.wav,lsp-tanh,les_neck_fing18,0.0016453266,les_neck_pick02__d1t2__00007.wav,lsp-arctan,0,1,2,2,5.0,9.170316408518453
les_neck_fing18__d0t3__00003.wav,lsp-tanh,les_neck_fing18,0.0031407475,les_neck_pick02__d0t3__00003.wav,byod-mxr,0,0,3,3,5.0,5.0
les_neck_fing18__d0t4__00004.wav,lsp-tanh,les_neck_fing18,0.0049659014,les_neck_pick14__d1t3__00008.wav,byod-mxr,0,1,4,3,5.0,9.107670514338215
les_neck_fing18__d1t0__00005.wav,lsp-tanh,les_neck_fing18,0.0003234744,les_neck_pick03__d3t0__00015.wav,lsp-hardclip,1,3,0,0,9.088421535688989,17.563088337099366
les_neck_fing18__d1t1__00006.wav,lsp-tanh,les_neck_fing18,0.0021394491,les_neck_pick04__d0t1__00001.wav,byod-mxr,1,0,1,1,9.088421535688989,5.0
les_neck_fing18__d1t2__00007.wav,lsp-tanh,les_neck_fing18,0.0018324852,les_neck_pick02__d0t2__00002.wav,byod-mxr,1,0,2,2,9.088421535688989,5.0
les_neck_fing18__d1t3__00008.wav,lsp-tanh,les_neck_fing18,0.0033413768,les_neck_fing15__d3t4__00019.wav,byod-mxr,1,3,3,4,9.088421535688989,17.452308155418716
les_neck_fing18__d1t4__00009.wav,lsp-tanh,les_neck_fing18,0.004167199,les_neck_pick14__d2t3__00013.wav,lsp-arctan,1,2,4,3,9.088421535688989,13.270071970821393
les_neck_fing18__d2t0__00010.wav,lsp-tanh,les_neck_fing18,0.0006991625,les_neck_pick03__d3t0__00015.wav,pedalboard-tanh,2,3,0,0,13.297259315581634,17.454399305827287
les_neck_fing18__d2t1__00011.wav,lsp-tanh,les_neck_fing18,0.0012149215,les_neck_pick09__d1t1__00006.wav,byod-mxr,2,1,1,1,13.297259315581634,9.107670514338215
les_neck_fing18__d2t2__00012.wav,lsp-tanh,les_neck_fing18,0.0010907054,les_neck_pick09__d0t2__00002.wav,byod-mxr,2,0,2,2,13.297259315581634,5.0
les_neck_fing18__d2t3__00013.wav,lsp-tanh,les_neck_fing18,0.0042550564,les_neck_fing15__d3t4__00019.wav,pedalboard-tanh,2,3,3,4,13.297259315581634,17.454399305827287
les_neck_fing18__d2t4__00014.wav,lsp-tanh,les_neck_fing18,0.003866911,les_neck_pick05__d1t4__00009.wav,lsp-sine,2,1,4,4,13.297259315581634,9.202349861352678
les_neck_fing18__d3t0__00015.wav,lsp-tanh,les_neck_fing18,0.0003710389,les_neck_pick09__d3t0__00015.wav,byod-mxr,3,3,0,0,17.426284440144894,17.452308155418716
les_neck_fing18__d3t1__00016.wav,lsp-tanh,les_neck_fing18,0.0009703636,les_neck_pick09__d3t1__00016.wav,lsp-arctan,3,3,1,1,17.426284440144894,17.436825605717576
les_neck_fing18__d3t2__00017.wav,lsp-tanh,les_neck_fing18,0.0022357106,les_bridge_fing24__d3t4__00019.wav,pedalboard-tanh,3,3,2,4,17.426284440144894,17.454399305827287
les_neck_fing18__d3t3__00018.wav,lsp-tanh,les_neck_fing18,0.0028460026,les_neck_pick09__d4t3__00023.wav,lsp-hardclip,3,4,3,3,17.426284440144894,21.54643860361127
les_neck_fing18__d3t4__00019.wav,lsp-tanh,les_neck_fing18,0.0055012703,les_neck_pick21__d3t3__00018.wav,lsp-sine,3,3,4,3,17.426284440144894,17.46073355198249
les_neck_fing18__d4t0__00020.wav,lsp-tanh,les_neck_fing18,0.00058454275,les_neck_pick09__d4t0__00020.wav,pedalboard-tanh,4,4,0,0,21.61115826291455,21.61638024087312
les_neck_fing18__d4t1__00021.wav,lsp-tanh,les_neck_fing18,0.0026227236,les_neck_pick11__d4t1__00021.wav,lsp-arctan,4,4,1,1,21.61115826291455,21.613326710488973
les_neck_fing18__d4t2__00022.wav,lsp-tanh,les_neck_fing18,0.0039482713,les_neck_pick11__d4t2__00022.wav,byod-mxr,4,4,2,2,21.61115826291455,21.62039317761596
les_neck_fing18__d4t3__00023.wav,lsp-tanh,les_neck_fing18,0.0025190115,les_bridge_pick17__d4t3__00023.wav,byod-mxr,4,4,3,3,21.61115826291455,21.62039317761596
les_neck_fing18__d4t4__00024.wav,lsp-tanh,les_neck_fing18,0.0018286705,les_neck_pick11__d4t4__00024.wav,pedalboard-tanh,4,4,4,4,21.61115826291455,21.61638024087312
les_neck_fing18__d5t0__00025.wav,lsp-tanh,les_neck_fing18,0.0030348897,les_bridge_pick16__d5t0__00025.wav,pedalboard-tanh,5,5,0,0,25.766463780707188,25.782351420955937
les_neck_fing18__d5t1__00026.wav,lsp-tanh,les_neck_fing18,0.003241241,les_bridge_fing17__d6t0__00030.wav,lsp-hardclip,5,6,1,0,25.766463780707188,29.908667593492765
les_neck_fing18__d5t2__00027.wav,lsp-tanh,les_neck_fing18,0.003353238,les_neck_pick04__d6t1__00031.wav,lsp-sine,5,6,2,1,25.766463780707188,29.915327656251563
les_neck_fing18__d5t3__00028.wav,lsp-tanh,les_neck_fing18,0.0032624602,les_neck_pick04__d6t2__00032.wav,lsp-sine,5,6,3,2,25.766463780707188,29.915327656251563
les_neck_fing18__d5t4__00029.wav,lsp-tanh,les_neck_fing18,0.0021704435,les_neck_pick09__d5t4__00029.wav,byod-mxr,5,5,4,4,25.766463780707188,25.779078975465445
les_neck_fing18__d6t0__00030.wav,lsp-tanh,les_neck_fing18,0.003348112,les_bridge_pick22__d6t0__00030.wav,lsp-arctan,6,6,0,0,29.89601395521624,29.91872954355242
les_neck_fing18__d6t1__00031.wav,lsp-tanh,les_neck_fing18,0.0060450435,les_neck_pick02__d7t0__00035.wav,lsp-sine,6,7,1,0,29.89601395521624,34.094517939627885
les_neck_fing18__d6t2__00032.wav,lsp-tanh,les_neck_fing18,0.0046379566,les_neck_pick02__d7t1__00036.wav,lsp-sine,6,7,2,1,29.89601395521624,34.094517939627885
les_neck_fing18__d6t3__00033.wav,lsp-tanh,les_neck_fing18,0.0037225485,les_bridge_pick22__d6t3__00033.wav,lsp-hardclip,6,6,3,3,29.89601395521624,29.908667593492765
les_neck_fing18__d6t4__00034.wav,lsp-tanh,les_neck_fing18,0.0021430254,les_bridge_fing21__d7t3__00038.wav,pedalboard-tanh,6,7,4,3,29.89601395521624,34.075823464139134
les_neck_fing18__d7t0__00035.wav,lsp-tanh,les_neck_fing18,0.0038235188,les_neck_pick09__d7t0__00035.wav,byod-mxr,7,7,0,0,34.0729352593394,34.08156088036171
les_neck_fing18__d7t1__00036.wav,lsp-tanh,les_neck_fing18,0.0023138523,les_neck_pick09__d7t1__00036.wav,lsp-arctan,7,7,1,1,34.0729352593394,34.09435618625095
les_neck_fing18__d7t2__00037.wav,lsp-tanh,les_neck_fing18,0.0035236478,les_neck_pick09__d7t2__00037.wav,lsp-arctan,7,7,2,2,34.0729352593394,34.09435618625095
les_neck_fing18__d7t3__00038.wav,lsp-tanh,les_neck_fing18,0.0014594793,les_neck_pick09__d7t3__00038.wav,byod-mxr,7,7,3,3,34.0729352593394,34.08156088036171
les_neck_fing18__d7t4__00039.wav,lsp-tanh,les_neck_fing18,0.0011399984,les_neck_pick09__d7t4__00039.wav,lsp-arctan,7,7,4,4,34.0729352593394,34.09435618625095
les_neck_pick06__d0t0__00000.wav,lsp-tanh,les_neck_pick06,0.0011310577,les_bridge_pick16__d2t0__00010.wav,lsp-arctan,0,2,0,0,5.0,13.270071970821393
les_neck_pick06__d0t1__00001.wav,lsp-tanh,les_neck_pick06,0.0021284819,les_bridge_pick25__d0t0__00000.wav,pedalboard-tanh,0,0,1,0,5.0,5.0
les_neck_pick06__d0t2__00002.wav,lsp-tanh,les_neck_pick06,0.002238512,les_bridge_fing21__d0t2__00002.wav,pedalboard-tanh,0,0,2,2,5.0,5.0
les_neck_pick06__d0t3__00003.wav,lsp-tanh,les_neck_pick06,0.0011326075,les_neck_pick21__d0t1__00001.wav,lsp-arctan,0,0,3,1,5.0,5.005872107125804
les_neck_pick06__d0t4__00004.wav,lsp-tanh,les_neck_pick06,0.0019333363,les_neck_pick14__d1t1__00006.wav,lsp-arctan,0,1,4,1,5.0,9.170316408518453
les_neck_pick06__d1t0__00005.wav,lsp-tanh,les_neck_pick06,0.0015910268,les_bridge_pick16__d2t0__00010.wav,lsp-sine,1,2,0,0,9.088421535688989,13.251366385956809
les_neck_pick06__d1t1__00006.wav,lsp-tanh,les_neck_pick06,0.00066792965,les_bridge_pick25__d1t0__00005.wav,pedalboard-tanh,1,1,1,0,9.088421535688989,9.146047429418331
les_neck_pick06__d1t2__00007.wav,lsp-tanh,les_neck_pick06,0.0007621646,les_bridge_pick25__d1t1__00006.wav,lsp-sine,1,1,2,1,9.088421535688989,9.202349861352678
les_neck_pick06__d1t3__00008.wav,lsp-tanh,les_neck_pick06,0.001802206,les_neck_fing15__d3t1__00016.wav,lsp-sine,1,3,3,1,9.088421535688989,17.46073355198249
les_neck_pick06__d1t4__00009.wav,lsp-tanh,les_neck_pick06,0.0028882027,les_neck_pick02__d1t2__00007.wav,pedalboard-tanh,1,1,4,2,9.088421535688989,9.146047429418331
les_neck_pick06__d2t0__00010.wav,lsp-tanh,les_neck_pick06,0.004828453,les_bridge_pick22__d0t0__00000.wav,byod-mxr,2,0,0,0,13.297259315581634,5.0
les_neck_pick06__d2t1__00011.wav,lsp-tanh,les_neck_pick06,0.0007920861,les_bridge_pick25__d2t0__00010.wav,lsp-sine,2,2,1,0,13.297259315581634,13.251366385956809
les_neck_pick06__d2t2__00012.wav,lsp-tanh,les_neck_pick06,0.0018109679,les_bridge_pick25__d2t1__00011.wav,lsp-arctan,2,2,2,1,13.297259315581634,13.270071970821393
les_neck_pick06__d2t3__00013.wav,lsp-tanh,les_neck_pick06,0.0025760531,les_bridge_pick17__d2t1__00011.wav,lsp-sine,2,2,3,1,13.297259315581634,13.251366385956809
les_neck_pick06__d2t4__00014.wav,lsp-tanh,les_neck_pick06,0.0024800897,les_neck_fing01__d2t2__00012.wav,pedalboard-tanh,2,2,4,2,13.297259315581634,13.296816138037473
les_neck_pick06__d3t0__00015.wav,lsp-tanh,les_neck_pick06,0.0016775131,les_neck_pick07__d0t1__00001.wav,lsp-sine,3,0,0,1,17.426284440144894,5.041347474059023
les_neck_pick06__d3t1__00016.wav,lsp-tanh,les_neck_pick06,0.00033295155,les_neck_pick09__d2t0__00010.wav,lsp-hardclip,3,2,1,0,17.426284440144894,13.55142968534178
les_neck_pick06__d3t2__00017.wav,lsp-tanh,les_neck_pick06,0.0013725758,les_bridge_fing24__d3t1__00016.wav,lsp-sine,3,3,2,1,17.426284440144894,17.46073355198249
les_neck_pick06__d3t3__00018.wav,lsp-tanh,les_neck_pick06,0.0013195872,les_neck_pick05__d3t1__00016.wav,pedalboard-tanh,3,3,3,1,17.426284440144894,17.454399305827287
les_neck_pick06__d3t4__00019.wav,lsp-tanh,les_neck_pick06,0.00277704,les_bridge_pick25__d3t3__00018.wav,lsp-arctan,3,3,4,3,17.426284440144894,17.436825605717576
les_neck_pick06__d4t0__00020.wav,lsp-tanh,les_neck_pick06,0.0006158352,les_bridge_pick22__d4t0__00020.wav,lsp-arctan,4,4,0,0,21.61115826291455,21.613326710488973
les_neck_pick06__d4t1__00021.wav,lsp-tanh,les_neck_pick06,0.0020338893,les_neck_pick12__d4t1__00021.wav,pedalboard-tanh,4,4,1,1,21.61115826291455,21.61638024087312
les_neck_pick06__d4t2__00022.wav,lsp-tanh,les_neck_pick06,0.0024980903,les_neck_pick04__d4t1__00021.wav,lsp-arctan,4,4,2,1,21.61115826291455,21.613326710488973
les_neck_pick06__d4t3__00023.wav,lsp-tanh,les_neck_pick06,0.0016081929,les_neck_pick12__d4t4__00024.wav,pedalboard-tanh,4,4,3,4,21.61115826291455,21.61638024087312
les_neck_pick06__d4t4__00024.wav,lsp-tanh,les_neck_pick06,0.005379677,les_bridge_pick22__d4t3__00023.wav,lsp-hardclip,4,4,4,3,21.61115826291455,21.54643860361127
les_neck_pick06__d5t0__00025.wav,lsp-tanh,les_neck_pick06,0.001987636,les_bridge_pick22__d5t0__00025.wav,lsp-sine,5,5,0,0,25.766463780707188,25.7855895742644
les_neck_pick06__d5t1__00026.wav,lsp-tanh,les_neck_pick06,0.0021227598,les_neck_pick12__d6t0__00030.wav,pedalboard-tanh,5,6,1,0,25.766463780707188,29.92239131554786
les_neck_pick06__d5t2__00027.wav,lsp-tanh,les_neck_pick06,0.0033169985,les_neck_pick12__d6t1__00031.wav,lsp-sine,5,6,2,1,25.766463780707188,29.915327656251563
les_neck_pick06__d5t3__00028.wav,lsp-tanh,les_neck_pick06,0.001992166,les_neck_pick03__d6t1__00031.wav,lsp-sine,5,6,3,1,25.766463780707188,29.915327656251563
les_neck_pick06__d5t4__00029.wav,lsp-tanh,les_neck_pick06,0.003648162,les_bridge_fing17__d6t1__00031.wav,lsp-arctan,5,6,4,1,25.766463780707188,29.91872954355242
les_neck_pick06__d6t0__00030.wav,lsp-tanh,les_neck_pick06,0.002518773,les_bridge_fing24__d6t0__00030.wav,byod-mxr,6,6,0,0,29.89601395521624,29.91150927100104
les_neck_pick06__d6t1__00031.wav,lsp-tanh,les_neck_pick06,0.006324291,les_neck_pick12__d7t0__00035.wav,pedalboard-tanh,6,7,1,0,29.89601395521624,34.075823464139134
les_neck_pick06__d6t2__00032.wav,lsp-tanh,les_neck_pick06,0.0025411844,les_neck_pick09__d6t1__00031.wav,lsp-sine,6,6,2,1,29.89601395521624,29.915327656251563
les_neck_pick06__d6t3__00033.wav,lsp-tanh,les_neck_pick06,0.0023283958,les_neck_pick02__d7t1__00036.wav,lsp-sine,6,7,3,1,29.89601395521624,34.094517939627885
les_neck_pick06__d6t4__00034.wav,lsp-tanh,les_neck_pick06,0.0028010607,les_bridge_pick16__d7t2__00037.wav,pedalboard-tanh,6,7,4,2,29.89601395521624,34.075823464139134
les_neck_pick06__d7t0__00035.wav,lsp-tanh,les_neck_pick06,0.003981948,les_bridge_fing21__d7t0__00035.wav,lsp-sine,7,7,0,0,34.0729352593394,34.094517939627885
les_neck_pick06__d7t1__00036.wav,lsp-tanh,les_neck_pick06,0.0028190017,les_bridge_fing21__d7t1__00036.wav,byod-mxr,7,7,1,1,34.0729352593394,34.08156088036171
les_neck_pick06__d7t2__00037.wav,lsp-tanh,les_neck_pick06,0.0021976829,les_neck_pick03__d7t1__00036.wav,pedalboard-tanh,7,7,2,1,34.0729352593394,34.075823464139134
les_neck_pick06__d7t3__00038.wav,lsp-tanh,les_neck_pick06,0.0029010177,les_neck_pick09__d7t2__00037.wav,lsp-sine,7,7,3,2,34.0729352593394,34.094517939627885
les_neck_pick06__d7t4__00039.wav,lsp-tanh,les_neck_pick06,0.0024508834,les_neck_pick09__d7t3__00038.wav,lsp-sine,7,7,4,3,34.0729352593394,34.094517939627885
les_neck_pick17__d0t0__00000.wav,lsp-tanh,les_neck_pick17,0.0010176897,les_bridge_fing21__d1t0__00005.wav,byod-mxr,0,1,0,0,5.0,9.107670514338215
les_neck_pick17__d0t1__00001.wav,lsp-tanh,les_neck_pick17,0.0029011369,les_neck_pick21__d0t0__00000.wav,lsp-arctan,0,0,1,0,5.0,5.005872107125804
les_neck_pick17__d0t2__00002.wav,lsp-tanh,les_neck_pick17,0.00693506,les_neck_fing15__d2t1__00011.wav,byod-mxr,0,2,2,1,5.0,13.292365801948186
les_neck_pick17__d0t3__00003.wav,lsp-tanh,les_neck_pick17,0.010479331,les_neck_fing15__d0t3__00003.wav,lsp-arctan,0,0,3,3,5.0,5.005872107125804
les_neck_pick17__d0t4__00004.wav,lsp-tanh,les_neck_pick17,0.0045360923,les_neck_fing15__d1t4__00009.wav,lsp-hardclip,0,1,4,4,5.0,9.35456396552498
les_neck_pick17__d1t0__00005.wav,lsp-tanh,les_neck_pick17,0.0030277371,les_bridge_fing21__d1t0__00005.wav,byod-mxr,1,1,0,0,9.088421535688989,9.107670514338215
les_neck_pick17__d1t1__00006.wav,lsp-tanh,les_neck_pick17,0.0007813573,les_neck_pick02__d0t0__00000.wav,byod-mxr,1,0,1,0,9.088421535688989,5.0
les_neck_pick17__d1t2__00007.wav,lsp-tanh,les_neck_pick17,0.006120503,les_neck_fing15__d3t1__00016.wav,lsp-arctan,1,3,2,1,9.088421535688989,17.436825605717576
les_neck_pick17__d1t3__00008.wav,lsp-tanh,les_neck_pick17,0.0042335987,les_bridge_pick17__d1t2__00007.wav,byod-mxr,1,1,3,2,9.088421535688989,9.107670514338215
les_neck_pick17__d1t4__00009.wav,lsp-tanh,les_neck_pick17,0.0026635528,les_bridge_fing20__d1t4__00009.wav,byod-mxr,1,1,4,4,9.088421535688989,9.107670514338215
les_neck_pick17__d2t0__00010.wav,lsp-tanh,les_neck_pick17,0.0015059114,les_bridge_pick22__d0t0__00000.wav,byod-mxr,2,0,0,0,13.297259315581634,5.0
les_neck_pick17__d2t1__00011.wav,lsp-tanh,les_neck_pick17,0.00072956085,les_neck_pick05__d1t0__00005.wav,pedalboard-tanh,2,1,1,0,13.297259315581634,9.146047429418331
les_neck_pick17__d2t2__00012.wav,lsp-tanh,les_neck_pick17,0.0010446906,les_bridge_pick17__d2t1__00011.wav,lsp-sine,2,2,2,1,13.297259315581634,13.251366385956809
les_neck_pick17__d2t3__00013.wav,lsp-tanh,les_neck_pick17,0.0028114915,les_neck_pick02__d2t2__00012.wav,lsp-arctan,2,2,3,2,13.297259315581634,13.270071970821393
les_neck_pick17__d2t4__00014.wav,lsp-tanh,les_neck_pick17,0.0038189888,les_bridge_fing20__d2t4__00014.wav,pedalboard-tanh,2,2,4,4,13.297259315581634,13.296816138037473
les_neck_pick17__d3t0__00015.wav,lsp-tanh,les_neck_pick17,0.0009755492,les_neck_pick12__d2t1__00011.wav,byod-mxr,3,2,0,1,17.426284440144894,13.292365801948186
les_neck_pick17__d3t1__00016.wav,lsp-tanh,les_neck_pick17,0.0019975305,les_neck_pick05__d3t0__00015.wav,byod-mxr,3,3,1,0,17.426284440144894,17.452308155418716
les_neck_pick17__d3t2__00017.wav,lsp-tanh,les_neck_pick17,0.004737556,les_bridge_fing24__d3t2__00017.wav,pedalboard-tanh,3,3,2,2,17.426284440144894,17.454399305827287
les_neck_pick17__d3t3__00018.wav,lsp-tanh,les_neck_pick17,0.0012709498,les_neck_pick09__d3t2__00017.wav,lsp-sine,3,3,3,2,17.426284440144894,17.46073355198249
les_neck_pick17__d3t4__00019.wav,lsp-tanh,les_neck_pick17,0.0016862154,les_neck_pick11__d3t3__00018.wav,lsp-sine,3,3,4,3,17.426284440144894,17.46073355198249
les_neck_pick17__d4t0__00020.wav,lsp-tanh,les_neck_pick17,0.00062441826,les_neck_pick11__d3t0__00015.wav,pedalboard-tanh,4,3,0,0,21.61115826291455,17.454399305827287
les_neck_pick17__d4t1__00021.wav,lsp-tanh,les_neck_pick17,0.0006034374,les_neck_pick02__d4t0__00020.wav,pedalboard-tanh,4,4,1,0,21.61115826291455,21.61638024087312
les_neck_pick17__d4t2__00022.wav,lsp-tanh,les_neck_pick17,0.0010107756,les_neck_pick05__d4t1__00021.wav,byod-mxr,4,4,2,1,21.61115826291455,21.62039317761596
les_neck_pick17__d4t3__00023.wav,lsp-tanh,les_neck_pick17,0.0029417276,les_neck_pick02__d4t2__00022.wav,lsp-sine,4,4,3,2,21.61115826291455,21.652716208419097
les_neck_pick17__d4t4__00024.wav,lsp-tanh,les_neck_pick17,0.0053872466,les_neck_pick02__d4t3__00023.wav,lsp-sine,4,4,4,3,21.61115826291455,21.652716208419097
les_neck_pick17__d5t0__00025.wav,lsp-tanh,les_neck_pick17,0.0021079183,les_bridge_fing24__d5t0__00025.wav,byod-mxr,5,5,0,0,25.766463780707188,25.779078975465445
les_neck_pick17__d5t1__00026.wav,lsp-tanh,les_neck_pick17,0.002879858,les_bridge_fing24__d5t1__00026.wav,byod-mxr,5,5,1,1,25.766463780707188,25.779078975465445
les_neck_pick17__d5t2__00027.wav,lsp-tanh,les_neck_pick17,0.0018945932,les_neck_pick21__d5t1__00026.wav,lsp-arctan,5,5,2,1,25.766463780707188,25.788497067568912
les_neck_pick17__d5t3__00028.wav,lsp-tanh,les_neck_pick17,0.0024047494,les_neck_pick03__d5t3__00028.wav,lsp-sine,5,5,3,3,25.766463780707188,25.7855895742644
les_neck_pick17__d5t4__00029.wav,lsp-tanh,les_neck_pick17,0.004297793,les_neck_pick05__d5t3__00028.wav,lsp-sine,5,5,4,3,25.766463780707188,25.7855895742644
les_neck_pick17__d6t0__00030.wav,lsp-tanh,les_neck_pick17,0.0055117607,les_neck_pick07__d5t2__00027.wav,pedalboard-tanh,6,5,0,2,29.89601395521624,25.782351420955937
les_neck_pick17__d6t1__00031.wav,lsp-tanh,les_neck_pick17,0.0031789541,les_bridge_fing24__d6t1__00031.wav,byod-mxr,6,6,1,1,29.89601395521624,29.91150927100104
les_neck_pick17__d6t2__00032.wav,lsp-tanh,les_neck_pick17,0.0027561188,les_neck_pick21__d6t1__00031.wav,lsp-sine,6,6,2,1,29.89601395521624,29.915327656251563
les_neck_pick17__d6t3__00033.wav,lsp-tanh,les_neck_pick17,0.004250407,les_neck_fing01__d6t2__00032.wav,lsp-hardclip,6,6,3,2,29.89601395521624,29.908667593492765
les_neck_pick17__d6t4__00034.wav,lsp-tanh,les_neck_pick17,0.0036680698,les_neck_fing01__d6t3__00033.wav,lsp-hardclip,6,6,4,3,29.89601395521624,29.908667593492765
les_neck_pick17__d7t0__00035.wav,lsp-tanh,les_neck_pick17,0.0017404556,les_neck_pick05__d6t0__00030.wav,pedalboard-tanh,7,6,0,0,34.0729352593394,29.92239131554786
les_neck_pick17__d7t1__00036.wav,lsp-tanh,les_neck_pick17,0.0022039413,les_neck_pick12__d7t1__00036.wav,lsp-hardclip,7,7,1,1,34.0729352593394,34.07942205160116
les_neck_pick17__d7t2__00037.wav,lsp-tanh,les_neck_pick17,0.002567172,les_bridge_fing24__d6t3__00033.wav,lsp-hardclip,7,6,2,3,34.0729352593394,29.908667593492765
les_neck_pick17__d7t3__00038.wav,lsp-tanh,les_neck_pick17,0.0035532713,les_neck_pick03__d7t2__00037.wav,lsp-sine,7,7,3,2,34.0729352593394,34.094517939627885
les_neck_pick17__d7t4__00039.wav,lsp-tanh,les_neck_pick17,0.0019838214,les_neck_pick09__d6t4__00034.wav,byod-mxr,7,6,4,4,34.0729352593394,29.91150927100104
les_bridge_fing02__d0t0__00000.wav,pedalboard-tanh,les_bridge_fing02,0.008138001,les_bridge_pick16__d2t0__00010.wav,byod-mxr,0,2,0,0,5.0,13.292365801948186
les_bridge_fing02__d0t1__00001.wav,pedalboard-tanh,les_bridge_fing02,0.0007676482,les_bridge_pick17__d0t0__00000.wav,byod-mxr,0,0,1,0,5.0,5.0
les_bridge_fing02__d0t2__00002.wav,pedalboard-tanh,les_bridge_fing02,0.0009772182,les_bridge_pick25__d0t2__00002.wav,lsp-tanh,0,0,2,2,5.0,5.0
les_bridge_fing02__d0t3__00003.wav,pedalboard-tanh,les_bridge_fing02,0.0013183355,les_bridge_pick25__d0t3__00003.wav,lsp-tanh,0,0,3,3,5.0,5.0
les_bridge_fing02__d0t4__00004.wav,pedalboard-tanh,les_bridge_fing02,0.001517117,les_neck_pick02__d0t2__00002.wav,lsp-arctan,0,0,4,2,5.0,5.005872107125804
les_bridge_fing02__d1t0__00005.wav,pedalboard-tanh,les_bridge_fing02,0.009576082,les_neck_pick12__d0t1__00001.wav,lsp-sine,1,0,0,1,9.146047429418331,5.041347474059023
les_bridge_fing02__d1t1__00006.wav,pedalboard-tanh,les_bridge_fing02,0.0004772544,les_bridge_pick17__d1t0__00005.wav,byod-mxr,1,1,1,0,9.146047429418331,9.107670514338215
les_bridge_fing02__d1t2__00007.wav,pedalboard-tanh,les_bridge_fing02,0.0009454489,les_bridge_pick25__d0t2__00002.wav,byod-mxr,1,0,2,2,9.146047429418331,5.0
les_bridge_fing02__d1t3__00008.wav,pedalboard-tanh,les_bridge_fing02,0.0017706752,les_bridge_pick25__d0t3__00003.wav,lsp-arctan,1,0,3,3,9.146047429418331,5.005872107125804
les_bridge_fing02__d1t4__00009.wav,pedalboard-tanh,les_bridge_fing02,0.001180768,les_bridge_pick22__d0t4__00004.wav,lsp-tanh,1,0,4,4,9.146047429418331,5.0
les_bridge_fing02__d2t0__00010.wav,pedalboard-tanh,les_bridge_fing02,0.0012822151,les_bridge_pick16__d2t1__00011.wav,lsp-arctan,2,2,0,1,13.296816138037473,13.270071970821393
les_bridge_fing02__d2t1__00011.wav,pedalboard-tanh,les_bridge_fing02,0.0009482503,les_bridge_pick25__d1t1__00006.wav,byod-mxr,2,1,1,1,13.296816138037473,9.107670514338215
les_bridge_fing02__d2t2__00012.wav,pedalboard-tanh,les_bridge_fing02,0.0009621978,les_bridge_fing24__d2t2__00012.wav,lsp-tanh,2,2,2,2,13.296816138037473,13.297259315581634
les_bridge_fing02__d2t3__00013.wav,pedalboard-tanh,les_bridge_fing02,0.00076305866,les_bridge_pick17__d2t2__00012.wav,lsp-arctan,2,2,3,2,13.296816138037473,13.270071970821393
les_bridge_fing02__d2t4__00014.wav,pedalboard-tanh,les_bridge_fing02,0.0030329227,les_bridge_pick22__d1t4__00009.wav,byod-mxr,2,1,4,4,13.296816138037473,9.107670514338215
les_bridge_fing02__d3t0__00015.wav,pedalboard-tanh,les_bridge_fing02,0.000962615,les_bridge_fing24__d3t0__00015.wav,lsp-arctan,3,3,0,0,17.454399305827287,17.436825605717576
les_bridge_fing02__d3t1__00016.wav,pedalboard-tanh,les_bridge_fing02,0.0030628443,les_bridge_fing24__d3t1__00016.wav,lsp-sine,3,3,1,1,17.454399305827287,17.46073355198249
les_bridge_fing02__d3t2__00017.wav,pedalboard-tanh,les_bridge_fing02,0.004297912,les_bridge_pick25__d3t2__00017.wav,lsp-sine,3,3,2,2,17.454399305827287,17.46073355198249
les_bridge_fing02__d3t3__00018.wav,pedalboard-tanh,les_bridge_fing02,0.0013922453,les_neck_pick11__d2t2__00012.wav,lsp-tanh,3,2,3,2,17.454399305827287,13.297259315581634
les_bridge_fing02__d3t4__00019.wav,pedalboard-tanh,les_bridge_fing02,0.0021400452,les_neck_fing01__d3t2__00017.wav,lsp-sine,3,3,4,2,17.454399305827287,17.46073355198249
les_bridge_fing02__d4t0__00020.wav,pedalboard-tanh,les_bridge_fing02,0.0015631914,les_neck_pick09__d3t0__00015.wav,byod-mxr,4,3,0,0,21.61638024087312,17.452308155418716
les_bridge_fing02__d4t1__00021.wav,pedalboard-tanh,les_bridge_fing02,0.004770279,les_neck_pick11__d3t1__00016.wav,lsp-arctan,4,3,1,1,21.61638024087312,17.436825605717576
les_bridge_fing02__d4t2__00022.wav,pedalboard-tanh,les_bridge_fing02,0.0023961067,les_bridge_fing17__d4t1__00021.wav,lsp-sine,4,4,2,1,21.61638024087312,21.652716208419097
les_bridge_fing02__d4t3__00023.wav,pedalboard-tanh,les_bridge_fing02,0.0026224852,les_bridge_fing21__d4t3__00023.wav,byod-mxr,4,4,3,3,21.61638024087312,21.62039317761596
les_bridge_fing02__d4t4__00024.wav,pedalboard-tanh,les_bridge_fing02,0.0039343834,les_neck_pick04__d4t3__00023.wav,lsp-arctan,4,4,4,3,21.61638024087312,21.613326710488973
les_bridge_fing02__d5t0__00025.wav,pedalboard-tanh,les_bridge_fing02,0.0025840402,les_bridge_fing24__d5t0__00025.wav,byod-mxr,5,5,0,0,25.782351420955937,25.779078975465445
les_bridge_fing02__d5t1__00026.wav,pedalboard-tanh,les_bridge_fing02,0.0015362501,les_neck_pick12__d5t2__00027.wav,lsp-sine,5,5,1,2,25.782351420955937,25.7855895742644
les_bridge_fing02__d5t2__00027.wav,pedalboard-tanh,les_bridge_fing02,0.0015166402,les_neck_pick12__d5t3__00028.wav,lsp-tanh,5,5,2,3,25.782351420955937,25.766463780707188
les_bridge_fing02__d5t3__00028.wav,pedalboard-tanh,les_bridge_fing02,0.001771152,les_neck_pick09__d5t2__00027.wav,byod-mxr,5,5,3,2,25.782351420955937,25.779078975465445
les_bridge_fing02__d5t4__00029.wav,pedalboard-tanh,les_bridge_fing02,0.0028923154,les_neck_pick04__d6t2__00032.wav,byod-mxr,5,6,4,2,25.782351420955937,29.91150927100104
les_bridge_fing02__d6t0__00030.wav,pedalboard-tanh,les_bridge_fing02,0.00090521574,les_bridge_fing24__d6t0__00030.wav,lsp-sine,6,6,0,0,29.92239131554786,29.915327656251563
les_bridge_fing02__d6t1__00031.wav,pedalboard-tanh,les_bridge_fing02,0.0012124777,les_bridge_fing24__d6t1__00031.wav,lsp-sine,6,6,1,1,29.92239131554786,29.915327656251563
les_bridge_fing02__d6t2__00032.wav,pedalboard-tanh,les_bridge_fing02,0.002588153,les_bridge_fing21__d6t2__00032.wav,lsp-tanh,6,6,2,2,29.92239131554786,29.89601395521624
les_bridge_fing02__d6t3__00033.wav,pedalboard-tanh,les_bridge_fing02,0.0031769872,les_bridge_fing24__d6t3__00033.wav,lsp-tanh,6,6,3,3,29.92239131554786,29.89601395521624
les_bridge_fing02__d6t4__00034.wav,pedalboard-tanh,les_bridge_fing02,0.0019373894,les_neck_fing01__d7t2__00037.wav,lsp-hardclip,6,7,4,2,29.92239131554786,34.07942205160116
les_bridge_fing02__d7t0__00035.wav,pedalboard-tanh,les_bridge_fing02,0.0013882518,les_bridge_fing21__d7t0__00035.wav,lsp-tanh,7,7,0,0,34.075823464139134,34.0729352593394
les_bridge_fing02__d7t1__00036.wav,pedalboard-tanh,les_bridge_fing02,0.0022419095,les_bridge_fing21__d7t1__00036.wav,lsp-sine,7,7,1,1,34.075823464139134,34.094517939627885
les_bridge_fing02__d7t2__00037.wav,pedalboard-tanh,les_bridge_fing02,0.0053118467,les_neck_fing01__d7t1__00036.wav,lsp-arctan,7,7,2,1,34.075823464139134,34.09435618625095
les_bridge_fing02__d7t3__00038.wav,pedalboard-tanh,les_bridge_fing02,0.0035418868,les_neck_pick09__d7t3__00038.wav,lsp-arctan,7,7,3,3,34.075823464139134,34.09435618625095
les_bridge_fing02__d7t4__00039.wav,pedalboard-tanh,les_bridge_fing02,0.0014264584,les_neck_pick09__d7t4__00039.wav,lsp-tanh,7,7,4,4,34.075823464139134,34.0729352593394
les_bridge_fing05__d0t0__00000.wav,pedalboard-tanh,les_bridge_fing05,0.00052779913,les_bridge_pick17__d1t1__00006.wav,lsp-tanh,0,1,0,1,5.0,9.088421535688989
les_bridge_fing05__d0t1__00001.wav,pedalboard-tanh,les_bridge_fing05,0.0007727742,les_bridge_pick17__d0t2__00002.wav,byod-mxr,0,0,1,2,5.0,5.0
les_bridge_fing05__d0t2__00002.wav,pedalboard-tanh,les_bridge_fing05,0.0021995902,les_bridge_pick17__d0t3__00003.wav,byod-mxr,0,0,2,3,5.0,5.0
les_bridge_fing05__d0t3__00003.wav,pedalboard-tanh,les_bridge_fing05,0.005782306,les_neck_pick14__d0t2__00002.wav,byod-mxr,0,0,3,2,5.0,5.0
les_bridge_fing05__d0t4__00004.wav,pedalboard-tanh,les_bridge_fing05,0.0039523244,les_neck_pick14__d0t3__00003.wav,lsp-sine,0,0,4,3,5.0,5.041347474059023
les_bridge_fing05__d1t0__00005.wav,pedalboard-tanh,les_bridge_fing05,0.00070279837,les_bridge_pick17__d1t1__00006.wav,byod-mxr,1,1,0,1,9.146047429418331,9.107670514338215
les_bridge_fing05__d1t1__00006.wav,pedalboard-tanh,les_bridge_fing05,0.0028443336,les_bridge_fing20__d1t3__00008.wav,lsp-tanh,1,1,1,3,9.146047429418331,9.088421535688989
les_bridge_fing05__d1t2__00007.wav,pedalboard-tanh,les_bridge_fing05,0.006025851,les_bridge_pick17__d0t3__00003.wav,byod-mxr,1,0,2,3,9.146047429418331,5.0
les_bridge_fing05__d1t3__00008.wav,pedalboard-tanh,les_bridge_fing05,0.0051520467,les_bridge_pick17__d0t4__00004.wav,lsp-hardclip,1,0,3,4,9.146047429418331,5.063331073032135
les_bridge_fing05__d1t4__00009.wav,pedalboard-tanh,les_bridge_fing05,0.004057884,les_neck_pick14__d1t3__00008.wav,lsp-arctan,1,1,4,3,9.146047429418331,9.170316408518453
les_bridge_fing05__d2t0__00010.wav,pedalboard-tanh,les_bridge_fing05,0.00281924,les_bridge_pick17__d0t1__00001.wav,lsp-hardclip,2,0,0,1,13.296816138037473,5.063331073032135
les_bridge_fing05__d2t1__00011.wav,pedalboard-tanh,les_bridge_fing05,0.0034390092,les_bridge_fing24__d1t3__00008.wav,byod-mxr,2,1,1,3,13.296816138037473,9.107670514338215
les_bridge_fing05__d2t2__00012.wav,pedalboard-tanh,les_bridge_fing05,0.01006186,les_bridge_fing17__d0t3__00003.wav,lsp-hardclip,2,0,2,3,13.296816138037473,5.063331073032135
les_bridge_fing05__d2t3__00013.wav,pedalboard-tanh,les_bridge_fing05,0.007423699,les_bridge_fing17__d0t4__00004.wav,lsp-hardclip,2,0,3,4,13.296816138037473,5.063331073032135
les_bridge_fing05__d2t4__00014.wav,pedalboard-tanh,les_bridge_fing05,0.0059599876,les_neck_pick14__d2t3__00013.wav,byod-mxr,2,2,4,3,13.296816138037473,13.292365801948186
les_bridge_fing05__d3t0__00015.wav,pedalboard-tanh,les_bridge_fing05,0.0020094514,les_neck_pick12__d1t4__00009.wav,byod-mxr,3,1,0,4,17.454399305827287,9.107670514338215
les_bridge_fing05__d3t1__00016.wav,pedalboard-tanh,les_bridge_fing05,0.0052700043,les_neck_pick09__d1t2__00007.wav,lsp-tanh,3,1,1,2,17.454399305827287,9.088421535688989
les_bridge_fing05__d3t2__00017.wav,pedalboard-tanh,les_bridge_fing05,0.0066019893,les_neck_pick09__d2t3__00013.wav,lsp-tanh,3,2,2,3,17.454399305827287,13.297259315581634
les_bridge_fing05__d3t3__00018.wav,pedalboard-tanh,les_bridge_fing05,0.004355192,les_bridge_fing17__d2t4__00014.wav,byod-mxr,3,2,3,4,17.454399305827287,13.292365801948186
les_bridge_fing05__d3t4__00019.wav,pedalboard-tanh,les_bridge_fing05,0.0055244565,les_neck_pick05__d2t4__00014.wav,byod-mxr,3,2,4,4,17.454399305827287,13.292365801948186
les_bridge_fing05__d4t0__00020.wav,pedalboard-tanh,les_bridge_fing05,0.004889548,les_neck_pick12__d2t4__00014.wav,lsp-hardclip,4,2,0,4,21.61638024087312,13.55142968534178
les_bridge_fing05__d4t1__00021.wav,pedalboard-tanh,les_bridge_fing05,0.0023676753,les_neck_pick04__d3t3__00018.wav,lsp-arctan,4,3,1,3,21.61638024087312,17.436825605717576
les_bridge_fing05__d4t2__00022.wav,pedalboard-tanh,les_bridge_fing05,0.0047584176,les_neck_pick09__d4t3__00023.wav,lsp-sine,4,4,2,3,21.61638024087312,21.652716208419097
les_bridge_fing05__d4t3__00023.wav,pedalboard-tanh,les_bridge_fing05,0.0022460818,les_neck_pick09__d4t4__00024.wav,lsp-sine,4,4,3,4,21.61638024087312,21.652716208419097
les_bridge_fing05__d4t4__00024.wav,pedalboard-tanh,les_bridge_fing05,0.0051906705,les_neck_pick05__d4t4__00024.wav,lsp-hardclip,4,4,4,4,21.61638024087312,21.54643860361127
les_bridge_fing05__d5t0__00025.wav,pedalboard-tanh,les_bridge_fing05,0.0034224987,les_neck_pick12__d3t4__00019.wav,lsp-hardclip,5,3,0,4,25.782351420955937,17.563088337099366
les_bridge_fing05__d5t1__00026.wav,pedalboard-tanh,les_bridge_fing05,0.0023825169,les_bridge_fing17__d5t2__00027.wav,lsp-sine,5,5,1,2,25.782351420955937,25.7855895742644
les_bridge_fing05__d5t2__00027.wav,pedalboard-tanh,les_bridge_fing05,0.0037825704,les_bridge_fing17__d5t3__00028.wav,lsp-sine,5,5,2,3,25.782351420955937,25.7855895742644
les_bridge_fing05__d5t3__00028.wav,pedalboard-tanh,les_bridge_fing05,0.003573358,les_neck_pick09__d5t4__00029.wav,lsp-sine,5,5,3,4,25.782351420955937,25.7855895742644
les_bridge_fing05__d5t4__00029.wav,pedalboard-tanh,les_bridge_fing05,0.0022792816,les_neck_pick21__d5t4__00029.wav,lsp-sine,5,5,4,4,25.782351420955937,25.7855895742644
les_bridge_fing05__d6t0__00030.wav,pedalboard-tanh,les_bridge_fing05,0.0057141185,les_neck_pick12__d7t1__00036.wav,byod-mxr,6,7,0,1,29.92239131554786,34.08156088036171
les_bridge_fing05__d6t1__00031.wav,pedalboard-tanh,les_bridge_fing05,0.0037024617,les_neck_pick02__d6t2__00032.wav,lsp-sine,6,6,1,2,29.92239131554786,29.915327656251563
les_bridge_fing05__d6t2__00032.wav,pedalboard-tanh,les_bridge_fing05,0.0033827424,les_neck_pick02__d6t3__00033.wav,lsp-sine,6,6,2,3,29.92239131554786,29.915327656251563
les_bridge_fing05__d6t3__00033.wav,pedalboard-tanh,les_bridge_fing05,0.0022097826,les_neck_pick04__d7t3__00038.wav,lsp-arctan,6,7,3,3,29.92239131554786,34.09435618625095
les_bridge_fing05__d6t4__00034.wav,pedalboard-tanh,les_bridge_fing05,0.0014454126,les_neck_pick02__d7t4__00039.wav,lsp-tanh,6,7,4,4,29.92239131554786,34.0729352593394
les_bridge_fing05__d7t0__00035.wav,pedalboard-tanh,les_bridge_fing05,0.0026085973,les_bridge_pick25__d7t1__00036.wav,lsp-hardclip,7,7,0,1,34.075823464139134,34.07942205160116
les_bridge_fing05__d7t1__00036.wav,pedalboard-tanh,les_bridge_fing05,0.00344795,les_neck_pick03__d7t2__00037.wav,lsp-sine,7,7,1,2,34.075823464139134,34.094517939627885
les_bridge_fing05__d7t2__00037.wav,pedalboard-tanh,les_bridge_fing05,0.0012965798,les_neck_fing01__d7t3__00038.wav,lsp-hardclip,7,7,2,3,34.075823464139134,34.07942205160116
les_bridge_fing05__d7t3__00038.wav,pedalboard-tanh,les_bridge_fing05,0.0012223125,les_neck_fing01__d7t4__00039.wav,lsp-hardclip,7,7,3,4,34.075823464139134,34.07942205160116
les_bridge_fing05__d7t4__00039.wav,pedalboard-tanh,les_bridge_fing05,0.0014179349,les_bridge_fing20__d7t4__00039.wav,lsp-sine,7,7,4,4,34.075823464139134,34.094517939627885
les_bridge_fing07__d0t0__00000.wav,pedalboard-tanh,les_bridge_fing07,0.00042533875,les_bridge_fing20__d1t0__00005.wav,lsp-tanh,0,1,0,0,5.0,9.088421535688989
les_bridge_fing07__d0t1__00001.wav,pedalboard-tanh,les_bridge_fing07,0.0004042983,les_bridge_fing20__d0t1__00001.wav,lsp-tanh,0,0,1,1,5.0,5.0
les_bridge_fing07__d0t2__00002.wav,pedalboard-tanh,les_bridge_fing07,0.0017650127,les_bridge_pick22__d0t3__00003.wav,lsp-tanh,0,0,2,3,5.0,5.0
les_bridge_fing07__d0t3__00003.wav,pedalboard-tanh,les_bridge_fing07,0.0017115474,les_neck_fing15__d0t3__00003.wav,lsp-hardclip,0,0,3,3,5.0,5.063331073032135
les_bridge_fing07__d0t4__00004.wav,pedalboard-tanh,les_bridge_fing07,0.0019829273,les_neck_fing15__d2t4__00014.wav,lsp-arctan,0,2,4,4,5.0,13.270071970821393
les_bridge_fing07__d1t0__00005.wav,pedalboard-tanh,les_bridge_fing07,0.00033855438,les_bridge_pick25__d0t0__00000.wav,lsp-arctan,1,0,0,0,9.146047429418331,5.005872107125804
les_bridge_fing07__d1t1__00006.wav,pedalboard-tanh,les_bridge_fing07,0.00031024218,les_bridge_fing17__d0t0__00000.wav,lsp-arctan,1,0,1,0,9.146047429418331,5.005872107125804
les_bridge_fing07__d1t2__00007.wav,pedalboard-tanh,les_bridge_fing07,0.0006810427,les_bridge_fing24__d0t2__00002.wav,byod-mxr,1,0,2,2,9.146047429418331,5.0
les_bridge_fing07__d1t3__00008.wav,pedalboard-tanh,les_bridge_fing07,0.001586616,les_bridge_pick22__d0t4__00004.wav,byod-mxr,1,0,3,4,9.146047429418331,5.0
les_bridge_fing07__d1t4__00009.wav,pedalboard-tanh,les_bridge_fing07,0.0035845637,les_neck_fing15__d2t4__00014.wav,lsp-hardclip,1,2,4,4,9.146047429418331,13.55142968534178
les_bridge_fing07__d2t0__00010.wav,pedalboard-tanh,les_bridge_fing07,0.0002889037,les_bridge_pick25__d2t0__00010.wav,lsp-arctan,2,2,0,0,13.296816138037473,13.270071970821393
les_bridge_fing07__d2t1__00011.wav,pedalboard-tanh,les_bridge_fing07,0.0008404255,les_bridge_fing24__d2t1__00011.wav,lsp-sine,2,2,1,1,13.296816138037473,13.251366385956809
les_bridge_fing07__d2t2__00012.wav,pedalboard-tanh,les_bridge_fing07,0.0007613301,les_bridge_fing20__d2t2__00012.wav,lsp-tanh,2,2,2,2,13.296816138037473,13.297259315581634
les_bridge_fing07__d2t3__00013.wav,pedalboard-tanh,les_bridge_fing07,0.0017892122,les_neck_pick09__d0t2__00002.wav,byod-mxr,2,0,3,2,13.296816138037473,5.0
les_bridge_fing07__d2t4__00014.wav,pedalboard-tanh,les_bridge_fing07,0.003619194,les_neck_pick09__d2t3__00013.wav,lsp-hardclip,2,2,4,3,13.296816138037473,13.55142968534178
les_bridge_fing07__d3t0__00015.wav,pedalboard-tanh,les_bridge_fing07,0.0007327199,les_bridge_pick25__d3t0__00015.wav,lsp-sine,3,3,0,0,17.454399305827287,17.46073355198249
les_bridge_fing07__d3t1__00016.wav,pedalboard-tanh,les_bridge_fing07,0.005944133,les_bridge_fing24__d3t1__00016.wav,lsp-sine,3,3,1,1,17.454399305827287,17.46073355198249
les_bridge_fing07__d3t2__00017.wav,pedalboard-tanh,les_bridge_fing07,0.0026780963,les_bridge_fing17__d3t1__00016.wav,lsp-tanh,3,3,2,1,17.454399305827287,17.426284440144894
les_bridge_fing07__d3t3__00018.wav,pedalboard-tanh,les_bridge_fing07,0.0034416318,les_neck_pick03__d3t3__00018.wav,lsp-sine,3,3,3,3,17.454399305827287,17.46073355198249
les_bridge_fing07__d3t4__00019.wav,pedalboard-tanh,les_bridge_fing07,0.0015971661,les_neck_pick09__d3t3__00018.wav,lsp-arctan,3,3,4,3,17.454399305827287,17.436825605717576
les_bridge_fing07__d4t0__00020.wav,pedalboard-tanh,les_bridge_fing07,0.0011220574,les_bridge_fing24__d4t0__00020.wav,byod-mxr,4,4,0,0,21.61638024087312,21.62039317761596
les_bridge_fing07__d4t1__00021.wav,pedalboard-tanh,les_bridge_fing07,0.002475381,les_bridge_pick25__d4t1__00021.wav,lsp-sine,4,4,1,1,21.61638024087312,21.652716208419097
les_bridge_fing07__d4t2__00022.wav,pedalboard-tanh,les_bridge_fing07,0.0014902353,les_bridge_fing21__d4t3__00023.wav,lsp-sine,4,4,2,3,21.61638024087312,21.652716208419097
les_bridge_fing07__d4t3__00023.wav,pedalboard-tanh,les_bridge_fing07,0.002328992,les_neck_pick11__d4t3__00023.wav,lsp-sine,4,4,3,3,21.61638024087312,21.652716208419097
les_bridge_fing07__d4t4__00024.wav,pedalboard-tanh,les_bridge_fing07,0.0034477115,les_neck_pick05__d4t3__00023.wav,lsp-tanh,4,4,4,3,21.61638024087312,21.61115826291455
les_bridge_fing07__d5t0__00025.wav,pedalboard-tanh,les_bridge_fing07,0.0023723245,les_bridge_fing21__d5t1__00026.wav,byod-mxr,5,5,0,1,25.782351420955937,25.779078975465445
les_bridge_fing07__d5t1__00026.wav,pedalboard-tanh,les_bridge_fing07,0.0010798573,les_bridge_fing24__d5t2__00027.wav,byod-mxr,5,5,1,2,25.782351420955937,25.779078975465445
les_bridge_fing07__d5t2__00027.wav,pedalboard-tanh,les_bridge_fing07,0.0007659793,les_bridge_pick17__d5t2__00027.wav,lsp-sine,5,5,2,2,25.782351420955937,25.7855895742644
les_bridge_fing07__d5t3__00028.wav,pedalboard-tanh,les_bridge_fing07,0.0020845532,les_bridge_pick17__d5t3__00028.wav,lsp-sine,5,5,3,3,25.782351420955937,25.7855895742644
les_bridge_fing07__d5t4__00029.wav,pedalboard-tanh,les_bridge_fing07,0.0017027259,les_bridge_fing20__d5t3__00028.wav,lsp-arctan,5,5,4,3,25.782351420955937,25.788497067568912
les_bridge_fing07__d6t0__00030.wav,pedalboard-tanh,les_bridge_fing07,0.002969563,les_bridge_pick17__d6t0__00030.wav,byod-mxr,6,6,0,0,29.92239131554786,29.91150927100104
les_bridge_fing07__d6t1__00031.wav,pedalboard-tanh,les_bridge_fing07,0.0016152263,les_bridge_pick17__d6t1__00031.wav,lsp-tanh,6,6,1,1,29.92239131554786,29.89601395521624
les_bridge_fing07__d6t2__00032.wav,pedalboard-tanh,les_bridge_fing07,0.0018846393,les_neck_pick12__d6t4__00034.wav,lsp-arctan,6,6,2,4,29.92239131554786,29.91872954355242
les_bridge_fing07__d6t3__00033.wav,pedalboard-tanh,les_bridge_fing07,0.0010485053,les_neck_pick02__d6t4__00034.wav,lsp-arctan,6,6,3,4,29.92239131554786,29.91872954355242
les_bridge_fing07__d6t4__00034.wav,pedalboard-tanh,les_bridge_fing07,0.0013112426,les_bridge_fing20__d6t3__00033.wav,lsp-tanh,6,6,4,3,29.92239131554786,29.89601395521624
les_bridge_fing07__d7t0__00035.wav,pedalboard-tanh,les_bridge_fing07,0.0035378933,les_neck_fing01__d7t0__00035.wav,byod-mxr,7,7,0,0,34.075823464139134,34.08156088036171
les_bridge_fing07__d7t1__00036.wav,pedalboard-tanh,les_bridge_fing07,0.002278626,les_bridge_pick17__d7t1__00036.wav,lsp-tanh,7,7,1,1,34.075823464139134,34.0729352593394
les_bridge_fing07__d7t2__00037.wav,pedalboard-tanh,les_bridge_fing07,0.0012223125,les_bridge_fing17__d7t2__00037.wav,byod-mxr,7,7,2,2,34.075823464139134,34.08156088036171
les_bridge_fing07__d7t3__00038.wav,pedalboard-tanh,les_bridge_fing07,0.0010719299,les_neck_pick04__d7t4__00039.wav,byod-mxr,7,7,3,4,34.075823464139134,34.08156088036171
les_bridge_fing07__d7t4__00039.wav,pedalboard-tanh,les_bridge_fing07,0.0010191202,les_bridge_fing20__d7t3__00038.wav,lsp-arctan,7,7,4,3,34.075823464139134,34.09435618625095
les_bridge_fing09__d0t0__00000.wav,pedalboard-tanh,les_bridge_fing09,0.00978601,les_neck_fing15__d1t2__00007.wav,lsp-arctan,0,1,0,2,5.0,9.170316408518453
les_bridge_fing09__d0t1__00001.wav,pedalboard-tanh,les_bridge_fing09,0.012178719,les_neck_fing15__d0t3__00003.wav,byod-mxr,0,0,1,3,5.0,5.0
les_bridge_fing09__d0t2__00002.wav,pedalboard-tanh,les_bridge_fing09,0.0066902637,les_neck_pick14__d0t2__00002.wav,lsp-sine,0,0,2,2,5.0,5.041347474059023
les_bridge_fing09__d0t3__00003.wav,pedalboard-tanh,les_bridge_fing09,0.0044566393,les_neck_pick14__d0t3__00003.wav,lsp-sine,0,0,3,3,5.0,5.041347474059023
les_bridge_fing09__d0t4__00004.wav,pedalboard-tanh,les_bridge_fing09,0.0032952428,les_neck_pick21__d0t4__00004.wav,lsp-sine,0,0,4,4,5.0,5.041347474059023
les_bridge_fing09__d1t0__00005.wav,pedalboard-tanh,les_bridge_fing09,0.0045755506,les_neck_fing15__d1t2__00007.wav,lsp-tanh,1,1,0,2,9.146047429418331,9.088421535688989
les_bridge_fing09__d1t1__00006.wav,pedalboard-tanh,les_bridge_fing09,0.0016679168,les_bridge_fing24__d0t4__00004.wav,lsp-sine,1,0,1,4,9.146047429418331,5.041347474059023
les_bridge_fing09__d1t2__00007.wav,pedalboard-tanh,les_bridge_fing09,0.0071760416,les_neck_pick02__d0t3__00003.wav,lsp-tanh,1,0,2,3,9.146047429418331,5.0
les_bridge_fing09__d1t3__00008.wav,pedalboard-tanh,les_bridge_fing09,0.0025120378,les_neck_pick14__d0t3__00003.wav,lsp-hardclip,1,0,3,3,9.146047429418331,5.063331073032135
les_bridge_fing09__d1t4__00009.wav,pedalboard-tanh,les_bridge_fing09,0.0016038418,les_neck_pick14__d0t4__00004.wav,lsp-sine,1,0,4,4,9.146047429418331,5.041347474059023
les_bridge_fing09__d2t0__00010.wav,pedalboard-tanh,les_bridge_fing09,0.004920304,les_neck_fing15__d2t2__00012.wav,lsp-arctan,2,2,0,2,13.296816138037473,13.270071970821393
les_bridge_fing09__d2t1__00011.wav,pedalboard-tanh,les_bridge_fing09,0.0016573668,les_bridge_fing24__d0t4__00004.wav,byod-mxr,2,0,1,4,13.296816138037473,5.0
les_bridge_fing09__d2t2__00012.wav,pedalboard-tanh,les_bridge_fing09,0.002024293,les_neck_pick21__d0t3__00003.wav,lsp-tanh,2,0,2,3,13.296816138037473,5.0
les_bridge_fing09__d2t3__00013.wav,pedalboard-tanh,les_bridge_fing09,0.0043100715,les_neck_pick21__d0t4__00004.wav,lsp-tanh,2,0,3,4,13.296816138037473,5.0
les_bridge_fing09__d2t4__00014.wav,pedalboard-tanh,les_bridge_fing09,0.0016191602,les_neck_pick14__d2t4__00014.wav,lsp-tanh,2,2,4,4,13.296816138037473,13.297259315581634
les_bridge_fing09__d3t0__00015.wav,pedalboard-tanh,les_bridge_fing09,0.003199339,les_neck_pick04__d0t2__00002.wav,lsp-tanh,3,0,0,2,17.454399305827287,5.0
les_bridge_fing09__d3t1__00016.wav,pedalboard-tanh,les_bridge_fing09,0.0020065904,les_neck_pick04__d0t3__00003.wav,byod-mxr,3,0,1,3,17.454399305827287,5.0
les_bridge_fing09__d3t2__00017.wav,pedalboard-tanh,les_bridge_fing09,0.0031554103,les_neck_pick21__d2t3__00013.wav,byod-mxr,3,2,2,3,17.454399305827287,13.292365801948186
les_bridge_fing09__d3t3__00018.wav,pedalboard-tanh,les_bridge_fing09,0.0033991933,les_neck_pick14__d3t3__00018.wav,byod-mxr,3,3,3,3,17.454399305827287,17.452308155418716
les_bridge_fing09__d3t4__00019.wav,pedalboard-tanh,les_bridge_fing09,0.0036598444,les_neck_pick14__d3t4__00019.wav,lsp-tanh,3,3,4,4,17.454399305827287,17.426284440144894
les_bridge_fing09__d4t0__00020.wav,pedalboard-tanh,les_bridge_fing09,0.0081887245,les_neck_pick04__d2t2__00012.wav,lsp-hardclip,4,2,0,2,21.61638024087312,13.55142968534178
les_bridge_fing09__d4t1__00021.wav,pedalboard-tanh,les_bridge_fing09,0.004670024,les_bridge_fing20__d3t4__00019.wav,lsp-tanh,4,3,1,4,21.61638024087312,17.426284440144894
les_bridge_fing09__d4t2__00022.wav,pedalboard-tanh,les_bridge_fing09,0.0038704872,les_neck_pick21__d4t3__00023.wav,byod-mxr,4,4,2,3,21.61638024087312,21.62039317761596
les_bridge_fing09__d4t3__00023.wav,pedalboard-tanh,les_bridge_fing09,0.0035749674,les_neck_pick21__d4t4__00024.wav,lsp-arctan,4,4,3,4,21.61638024087312,21.613326710488973
les_bridge_fing09__d4t4__00024.wav,pedalboard-tanh,les_bridge_fing09,0.008136213,les_neck_pick14__d5t3__00028.wav,byod-mxr,4,5,4,3,21.61638024087312,25.779078975465445
les_bridge_fing09__d5t0__00025.wav,pedalboard-tanh,les_bridge_fing09,0.010366559,les_neck_pick11__d5t2__00027.wav,lsp-tanh,5,5,0,2,25.782351420955937,25.766463780707188
les_bridge_fing09__d5t1__00026.wav,pedalboard-tanh,les_bridge_fing09,0.0052913427,les_neck_pick11__d5t3__00028.wav,byod-mxr,5,5,1,3,25.782351420955937,25.779078975465445
les_bridge_fing09__d5t2__00027.wav,pedalboard-tanh,les_bridge_fing09,0.0045292974,les_bridge_pick17__d5t4__00029.wav,lsp-sine,5,5,2,4,25.782351420955937,25.7855895742644
les_bridge_fing09__d5t3__00028.wav,pedalboard-tanh,les_bridge_fing09,0.003354907,les_bridge_fing20__d5t4__00029.wav,lsp-arctan,5,5,3,4,25.782351420955937,25.788497067568912
les_bridge_fing09__d5t4__00029.wav,pedalboard-tanh,les_bridge_fing09,0.0014613867,les_neck_pick04__d7t4__00039.wav,lsp-arctan,5,7,4,4,25.782351420955937,34.09435618625095
les_bridge_fing09__d6t0__00030.wav,pedalboard-tanh,les_bridge_fing09,0.006920159,les_neck_pick21__d7t1__00036.wav,byod-mxr,6,7,0,1,29.92239131554786,34.08156088036171
les_bridge_fing09__d6t1__00031.wav,pedalboard-tanh,les_bridge_fing09,0.0037255287,les_bridge_fing24__d6t4__00034.wav,byod-mxr,6,6,1,4,29.92239131554786,29.91150927100104
les_bridge_fing09__d6t2__00032.wav,pedalboard-tanh,les_bridge_fing09,0.0008175373,les_neck_fing01__d6t4__00034.wav,lsp-sine,6,6,2,4,29.92239131554786,29.915327656251563
les_bridge_fing09__d6t3__00033.wav,pedalboard-tanh,les_bridge_fing09,0.0014309287,les_neck_fing01__d7t4__00039.wav,lsp-hardclip,6,7,3,4,29.92239131554786,34.07942205160116
les_bridge_fing09__d6t4__00034.wav,pedalboard-tanh,les_bridge_fing09,0.0015343428,les_bridge_fing20__d7t4__00039.wav,lsp-hardclip,6,7,4,4,29.92239131554786,34.07942205160116
les_bridge_fing09__d7t0__00035.wav,pedalboard-tanh,les_bridge_fing09,0.0076878667,les_neck_pick07__d7t3__00038.wav,byod-mxr,7,7,0,3,34.075823464139134,34.08156088036171
les_bridge_fing09__d7t1__00036.wav,pedalboard-tanh,les_bridge_fing09,0.0019798279,les_neck_pick11__d7t3__00038.wav,lsp-arctan,7,7,1,3,34.075823464139134,34.09435618625095
les_bridge_fing09__d7t2__00037.wav,pedalboard-tanh,les_bridge_fing09,0.001100421,les_neck_pick05__d7t4__00039.wav,byod-mxr,7,7,2,4,34.075823464139134,34.08156088036171
les_bridge_fing09__d7t3__00038.wav,pedalboard-tanh,les_bridge_fing09,0.002332747,les_bridge_fing20__d7t4__00039.wav,lsp-hardclip,7,7,3,4,34.075823464139134,34.07942205160116
les_bridge_fing09__d7t4__00039.wav,pedalboard-tanh,les_bridge_fing09,0.001874268,les_bridge_fing20__d7t4__00039.wav,lsp-sine,7,7,4,4,34.075823464139134,34.094517939627885
les_bridge_fing11__d0t0__00000.wav,pedalboard-tanh,les_bridge_fing11,0.005045116,les_bridge_pick22__d0t0__00000.wav,byod-mxr,0,0,0,0,5.0,5.0
les_bridge_fing11__d0t1__00001.wav,pedalboard-tanh,les_bridge_fing11,0.00028520823,les_bridge_fing20__d1t0__00005.wav,byod-mxr,0,1,1,0,5.0,9.107670514338215
les_bridge_fing11__d0t2__00002.wav,pedalboard-tanh,les_bridge_fing11,0.00070130825,les_bridge_pick22__d0t2__00002.wav,lsp-sine,0,0,2,2,5.0,5.041347474059023
les_bridge_fing11__d0t3__00003.wav,pedalboard-tanh,les_bridge_fing11,0.0013566017,les_neck_pick14__d2t0__00010.wav,byod-mxr,0,2,3,0,5.0,13.292365801948186
les_bridge_fing11__d0t4__00004.wav,pedalboard-tanh,les_bridge_fing11,0.0042851567,les_neck_fing15__d3t2__00017.wav,lsp-hardclip,0,3,4,2,5.0,17.563088337099366
les_bridge_fing11__d1t0__00005.wav,pedalboard-tanh,les_bridge_fing11,0.0009749532,les_neck_pick12__d1t1__00006.wav,lsp-tanh,1,1,0,1,9.146047429418331,9.088421535688989
les_bridge_fing11__d1t1__00006.wav,pedalboard-tanh,les_bridge_fing11,0.0004992485,les_bridge_fing24__d1t0__00005.wav,lsp-tanh,1,1,1,0,9.146047429418331,9.088421535688989
les_bridge_fing11__d1t2__00007.wav,pedalboard-tanh,les_bridge_fing11,0.000767231,les_bridge_pick22__d0t2__00002.wav,byod-mxr,1,0,2,2,9.146047429418331,5.0
les_bridge_fing11__d1t3__00008.wav,pedalboard-tanh,les_bridge_fing11,0.0012091398,les_neck_pick21__d2t1__00011.wav,lsp-sine,1,2,3,1,9.146047429418331,13.251366385956809
les_bridge_fing11__d1t4__00009.wav,pedalboard-tanh,les_bridge_fing11,0.002048552,les_bridge_pick22__d1t3__00008.wav,lsp-hardclip,1,1,4,3,9.146047429418331,9.35456396552498
les_bridge_fing11__d2t0__00010.wav,pedalboard-tanh,les_bridge_fing11,0.000841558,les_neck_pick12__d1t1__00006.wav,byod-mxr,2,1,0,1,13.296816138037473,9.107670514338215
les_bridge_fing11__d2t1__00011.wav,pedalboard-tanh,les_bridge_fing11,0.0018742085,les_bridge_fing24__d2t0__00010.wav,byod-mxr,2,2,1,0,13.296816138037473,13.292365801948186
les_bridge_fing11__d2t2__00012.wav,pedalboard-tanh,les_bridge_fing11,0.0005235672,les_neck_pick12__d1t3__00008.wav,byod-mxr,2,1,2,3,13.296816138037473,9.107670514338215
les_bridge_fing11__d2t3__00013.wav,pedalboard-tanh,les_bridge_fing11,0.0011916757,les_neck_pick05__d2t1__00011.wav,lsp-arctan,2,2,3,1,13.296816138037473,13.270071970821393
les_bridge_fing11__d2t4__00014.wav,pedalboard-tanh,les_bridge_fing11,0.0035491586,les_bridge_pick16__d2t3__00013.wav,lsp-sine,2,2,4,3,13.296816138037473,13.251366385956809
les_bridge_fing11__d3t0__00015.wav,pedalboard-tanh,les_bridge_fing11,0.00055122375,les_bridge_pick22__d1t0__00005.wav,lsp-hardclip,3,1,0,0,17.454399305827287,9.35456396552498
les_bridge_fing11__d3t1__00016.wav,pedalboard-tanh,les_bridge_fing11,0.0017651916,les_neck_pick12__d3t2__00017.wav,lsp-arctan,3,3,1,2,17.454399305827287,17.436825605717576
les_bridge_fing11__d3t2__00017.wav,pedalboard-tanh,les_bridge_fing11,0.0019509196,les_bridge_pick22__d3t2__00017.wav,lsp-sine,3,3,2,2,17.454399305827287,17.46073355198249
les_bridge_fing11__d3t3__00018.wav,pedalboard-tanh,les_bridge_fing11,0.0022974014,les_bridge_fing20__d3t2__00017.wav,lsp-sine,3,3,3,2,17.454399305827287,17.46073355198249
les_bridge_fing11__d3t4__00019.wav,pedalboard-tanh,les_bridge_fing11,0.0053483844,les_neck_pick11__d3t2__00017.wav,byod-mxr,3,3,4,2,17.454399305827287,17.452308155418716
les_bridge_fing11__d4t0__00020.wav,pedalboard-tanh,les_bridge_fing11,0.0009896755,les_neck_pick12__d4t1__00021.wav,lsp-hardclip,4,4,0,1,21.61638024087312,21.54643860361127
les_bridge_fing11__d4t1__00021.wav,pedalboard-tanh,les_bridge_fing11,0.003097415,les_neck_pick12__d4t2__00022.wav,byod-mxr,4,4,1,2,21.61638024087312,21.62039317761596
les_bridge_fing11__d4t2__00022.wav,pedalboard-tanh,les_bridge_fing11,0.0024918914,les_bridge_fing17__d4t1__00021.wav,lsp-sine,4,4,2,1,21.61638024087312,21.652716208419097
les_bridge_fing11__d4t3__00023.wav,pedalboard-tanh,les_bridge_fing11,0.0014901757,les_bridge_fing20__d4t2__00022.wav,lsp-sine,4,4,3,2,21.61638024087312,21.652716208419097
les_bridge_fing11__d4t4__00024.wav,pedalboard-tanh,les_bridge_fing11,0.0036498904,les_bridge_fing20__d4t3__00023.wav,lsp-sine,4,4,4,3,21.61638024087312,21.652716208419097
les_bridge_fing11__d5t0__00025.wav,pedalboard-tanh,les_bridge_fing11,0.0022713542,les_bridge_pick25__d4t0__00020.wav,byod-mxr,5,4,0,0,25.782351420955937,21.62039317761596
les_bridge_fing11__d5t1__00026.wav,pedalboard-tanh,les_bridge_fing11,0.0040453076,les_neck_pick07__d4t3__00023.wav,lsp-tanh,5,4,1,3,25.782351420955937,21.61115826291455
les_bridge_fing11__d5t2__00027.wav,pedalboard-tanh,les_bridge_fing11,0.0015022159,les_bridge_fing24__d4t4__00024.wav,lsp-tanh,5,4,2,4,25.782351420955937,21.61115826291455
les_bridge_fing11__d5t3__00028.wav,pedalboard-tanh,les_bridge_fing11,0.004295528,les_bridge_fing21__d5t4__00029.wav,lsp-sine,5,5,3,4,25.782351420955937,25.7855895742644
les_bridge_fing11__d5t4__00029.wav,pedalboard-tanh,les_bridge_fing11,0.0025911927,les_bridge_pick17__d5t3__00028.wav,lsp-sine,5,5,4,3,25.782351420955937,25.7855895742644
les_bridge_fing11__d6t0__00030.wav,pedalboard-tanh,les_bridge_fing11,0.0017991066,les_bridge_fing24__d6t0__00030.wav,byod-mxr,6,6,0,0,29.92239131554786,29.91150927100104
les_bridge_fing11__d6t1__00031.wav,pedalboard-tanh,les_bridge_fing11,0.0070373416,les_neck_pick07__d5t3__00028.wav,lsp-sine,6,5,1,3,29.92239131554786,25.7855895742644
les_bridge_fing11__d6t2__00032.wav,pedalboard-tanh,les_bridge_fing11,0.003236413,les_bridge_pick17__d6t2__00032.wav,lsp-hardclip,6,6,2,2,29.92239131554786,29.908667593492765
les_bridge_fing11__d6t3__00033.wav,pedalboard-tanh,les_bridge_fing11,0.00447613,les_neck_fing01__d5t4__00029.wav,lsp-sine,6,5,3,4,29.92239131554786,25.7855895742644
les_bridge_fing11__d6t4__00034.wav,pedalboard-tanh,les_bridge_fing11,0.0015709996,les_bridge_fing17__d7t2__00037.wav,lsp-sine,6,7,4,2,29.92239131554786,34.094517939627885
les_bridge_fing11__d7t0__00035.wav,pedalboard-tanh,les_bridge_fing11,0.0017317533,les_bridge_fing24__d7t0__00035.wav,lsp-arctan,7,7,0,0,34.075823464139134,34.09435618625095
les_bridge_fing11__d7t1__00036.wav,pedalboard-tanh,les_bridge_fing11,0.0012905598,les_bridge_fing17__d7t0__00035.wav,lsp-tanh,7,7,1,0,34.075823464139134,34.0729352593394
les_bridge_fing11__d7t2__00037.wav,pedalboard-tanh,les_bridge_fing11,0.003187418,les_neck_pick14__d7t1__00036.wav,lsp-hardclip,7,7,2,1,34.075823464139134,34.07942205160116
les_bridge_fing11__d7t3__00038.wav,pedalboard-tanh,les_bridge_fing11,0.0013635159,les_bridge_fing20__d7t2__00037.wav,lsp-arctan,7,7,3,2,34.075823464139134,34.09435618625095
les_bridge_fing11__d7t4__00039.wav,pedalboard-tanh,les_bridge_fing11,0.001971662,les_neck_pick14__d7t2__00037.wav,byod-mxr,7,7,4,2,34.075823464139134,34.08156088036171
les_bridge_fing16__d0t0__00000.wav,pedalboard-tanh,les_bridge_fing16,0.0065320134,les_neck_fing15__d3t1__00016.wav,lsp-arctan,0,3,0,1,5.0,17.436825605717576
les_bridge_fing16__d0t1__00001.wav,pedalboard-tanh,les_bridge_fing16,0.0038007498,les_neck_fing15__d0t2__00002.wav,lsp-hardclip,0,0,1,2,5.0,5.063331073032135
les_bridge_fing16__d0t2__00002.wav,pedalboard-tanh,les_bridge_fing16,0.004878938,les_bridge_fing24__d0t4__00004.wav,lsp-arctan,0,0,2,4,5.0,5.005872107125804
les_bridge_fing16__d0t3__00003.wav,pedalboard-tanh,les_bridge_fing16,0.005051017,les_neck_pick21__d0t3__00003.wav,lsp-tanh,0,0,3,3,5.0,5.0
les_bridge_fing16__d0t4__00004.wav,pedalboard-tanh,les_bridge_fing16,0.005109489,les_neck_pick02__d0t4__00004.wav,lsp-sine,0,0,4,4,5.0,5.041347474059023
les_bridge_fing16__d1t0__00005.wav,pedalboard-tanh,les_bridge_fing16,0.0010803342,les_neck_pick02__d1t1__00006.wav,lsp-arctan,1,1,0,1,9.146047429418331,9.170316408518453
les_bridge_fing16__d1t1__00006.wav,pedalboard-tanh,les_bridge_fing16,0.0009816885,les_bridge_pick25__d0t3__00003.wav,lsp-tanh,1,0,1,3,9.146047429418331,5.0
les_bridge_fing16__d1t2__00007.wav,pedalboard-tanh,les_bridge_fing16,0.007013738,les_neck_fing15__d0t4__00004.wav,lsp-hardclip,1,0,2,4,9.146047429418331,5.063331073032135
les_bridge_fing16__d1t3__00008.wav,pedalboard-tanh,les_bridge_fing16,0.0031409264,les_neck_pick21__d1t3__00008.wav,lsp-arctan,1,1,3,3,9.146047429418331,9.170316408518453
les_bridge_fing16__d1t4__00009.wav,pedalboard-tanh,les_bridge_fing16,0.005072117,les_neck_pick21__d0t4__00004.wav,lsp-sine,1,0,4,4,9.146047429418331,5.041347474059023
les_bridge_fing16__d2t0__00010.wav,pedalboard-tanh,les_bridge_fing16,0.0020081997,les_neck_pick12__d0t4__00004.wav,lsp-sine,2,0,0,4,13.296816138037473,5.041347474059023
les_bridge_fing16__d2t1__00011.wav,pedalboard-tanh,les_bridge_fing16,0.0013972521,les_bridge_pick25__d0t3__00003.wav,lsp-hardclip,2,0,1,3,13.296816138037473,5.063331073032135
les_bridge_fing16__d2t2__00012.wav,pedalboard-tanh,les_bridge_fing16,0.0049886107,les_bridge_pick17__d1t4__00009.wav,byod-mxr,2,1,2,4,13.296816138037473,9.107670514338215
les_bridge_fing16__d2t3__00013.wav,pedalboard-tanh,les_bridge_fing16,0.002627194,les_neck_pick21__d2t3__00013.wav,lsp-tanh,2,2,3,3,13.296816138037473,13.297259315581634
les_bridge_fing16__d2t4__00014.wav,pedalboard-tanh,les_bridge_fing16,0.0044443607,les_neck_pick21__d1t4__00009.wav,lsp-hardclip,2,1,4,4,13.296816138037473,9.35456396552498
les_bridge_fing16__d3t0__00015.wav,pedalboard-tanh,les_bridge_fing16,0.0024821758,les_neck_pick12__d1t4__00009.wav,byod-mxr,3,1,0,4,17.454399305827287,9.107670514338215
les_bridge_fing16__d3t1__00016.wav,pedalboard-tanh,les_bridge_fing16,0.0026138425,les_neck_pick09__d0t2__00002.wav,lsp-arctan,3,0,1,2,17.454399305827287,5.005872107125804
les_bridge_fing16__d3t2__00017.wav,pedalboard-tanh,les_bridge_fing16,0.0031534433,les_neck_pick03__d2t4__00014.wav,byod-mxr,3,2,2,4,17.454399305827287,13.292365801948186
les_bridge_fing16__d3t3__00018.wav,pedalboard-tanh,les_bridge_fing16,0.0027845502,les_neck_pick21__d3t3__00018.wav,lsp-arctan,3,3,3,3,17.454399305827287,17.436825605717576
les_bridge_fing16__d3t4__00019.wav,pedalboard-tanh,les_bridge_fing16,0.005412996,les_neck_pick21__d3t4__00019.wav,byod-mxr,3,3,4,4,17.454399305827287,17.452308155418716
les_bridge_fing16__d4t0__00020.wav,pedalboard-tanh,les_bridge_fing16,0.0014229417,les_neck_pick05__d3t1__00016.wav,lsp-hardclip,4,3,0,1,21.61638024087312,17.563088337099366
les_bridge_fing16__d4t1__00021.wav,pedalboard-tanh,les_bridge_fing16,0.001926899,les_bridge_fing20__d3t3__00018.wav,lsp-arctan,4,3,1,3,21.61638024087312,17.436825605717576
les_bridge_fing16__d4t2__00022.wav,pedalboard-tanh,les_bridge_fing16,0.0031873584,les_neck_pick05__d3t3__00018.wav,lsp-hardclip,4,3,2,3,21.61638024087312,17.563088337099366
les_bridge_fing16__d4t3__00023.wav,pedalboard-tanh,les_bridge_fing16,0.0023850203,les_neck_pick21__d4t3__00023.wav,lsp-tanh,4,4,3,3,21.61638024087312,21.61115826291455
les_bridge_fing16__d4t4__00024.wav,pedalboard-tanh,les_bridge_fing16,0.0027204156,les_neck_pick21__d4t4__00024.wav,byod-mxr,4,4,4,4,21.61638024087312,21.62039317761596
les_bridge_fing16__d5t0__00025.wav,pedalboard-tanh,les_bridge_fing16,0.007159114,les_neck_pick14__d5t0__00025.wav,byod-mxr,5,5,0,0,25.782351420955937,25.779078975465445
les_bridge_fing16__d5t1__00026.wav,pedalboard-tanh,les_bridge_fing16,0.0047404766,les_neck_pick11__d4t3__00023.wav,lsp-arctan,5,4,1,3,25.782351420955937,21.613326710488973
les_bridge_fing16__d5t2__00027.wav,pedalboard-tanh,les_bridge_fing16,0.0030995011,les_bridge_fing20__d4t4__00024.wav,lsp-arctan,5,4,2,4,25.782351420955937,21.613326710488973
les_bridge_fing16__d5t3__00028.wav,pedalboard-tanh,les_bridge_fing16,0.0074109435,les_neck_fing15__d5t3__00028.wav,lsp-arctan,5,5,3,3,25.782351420955937,25.788497067568912
les_bridge_fing16__d5t4__00029.wav,pedalboard-tanh,les_bridge_fing16,0.0026765466,les_bridge_fing20__d5t4__00029.wav,lsp-sine,5,5,4,4,25.782351420955937,25.7855895742644
les_bridge_fing16__d6t0__00030.wav,pedalboard-tanh,les_bridge_fing16,0.004108846,les_neck_pick21__d6t1__00031.wav,byod-mxr,6,6,0,1,29.92239131554786,29.91150927100104
les_bridge_fing16__d6t1__00031.wav,pedalboard-tanh,les_bridge_fing16,0.0031524897,les_bridge_pick17__d5t3__00028.wav,lsp-sine,6,5,1,3,29.92239131554786,25.7855895742644
les_bridge_fing16__d6t2__00032.wav,pedalboard-tanh,les_bridge_fing16,0.0023967028,les_neck_pick05__d5t4__00029.wav,lsp-sine,6,5,2,4,29.92239131554786,25.7855895742644
les_bridge_fing16__d6t3__00033.wav,pedalboard-tanh,les_bridge_fing16,0.0027737617,les_bridge_fing20__d5t4__00029.wav,lsp-tanh,6,5,3,4,29.92239131554786,25.766463780707188
les_bridge_fing16__d6t4__00034.wav,pedalboard-tanh,les_bridge_fing16,0.0036514997,les_neck_fing15__d6t4__00034.wav,lsp-sine,6,6,4,4,29.92239131554786,29.915327656251563
les_bridge_fing16__d7t0__00035.wav,pedalboard-tanh,les_bridge_fing16,0.008583248,les_bridge_pick22__d6t3__00033.wav,byod-mxr,7,6,0,3,34.075823464139134,29.91150927100104
les_bridge_fing16__d7t1__00036.wav,pedalboard-tanh,les_bridge_fing16,0.0029160976,les_neck_pick05__d6t3__00033.wav,lsp-hardclip,7,6,1,3,34.075823464139134,29.908667593492765
les_bridge_fing16__d7t2__00037.wav,pedalboard-tanh,les_bridge_fing16,0.0018136501,les_neck_pick21__d6t4__00034.wav,lsp-sine,7,6,2,4,34.075823464139134,29.915327656251563
les_bridge_fing16__d7t3__00038.wav,pedalboard-tanh,les_bridge_fing16,0.0016718507,les_neck_fing15__d6t4__00034.wav,byod-mxr,7,6,3,4,34.075823464139134,29.91150927100104
les_bridge_fing16__d7t4__00039.wav,pedalboard-tanh,les_bridge_fing16,0.0011736155,les_neck_fing15__d7t4__00039.wav,lsp-hardclip,7,7,4,4,34.075823464139134,34.07942205160116
les_bridge_fing18__d0t0__00000.wav,pedalboard-tanh,les_bridge_fing18,0.0012009144,les_bridge_pick25__d1t0__00005.wav,lsp-sine,0,1,0,0,5.0,9.202349861352678
les_bridge_fing18__d0t1__00001.wav,pedalboard-tanh,les_bridge_fing18,0.00065654516,les_neck_pick21__d1t0__00005.wav,lsp-hardclip,0,1,1,0,5.0,9.35456396552498
les_bridge_fing18__d0t2__00002.wav,pedalboard-tanh,les_bridge_fing18,0.002035141,les_bridge_pick22__d0t2__00002.wav,lsp-arctan,0,0,2,2,5.0,5.005872107125804
les_bridge_fing18__d0t3__00003.wav,pedalboard-tanh,les_bridge_fing18,0.001668632,les_bridge_fing17__d0t1__00001.wav,lsp-sine,0,0,3,1,5.0,5.041347474059023
les_bridge_fing18__d0t4__00004.wav,pedalboard-tanh,les_bridge_fing18,0.0026337504,les_bridge_fing21__d0t4__00004.wav,lsp-arctan,0,0,4,4,5.0,5.005872107125804
les_bridge_fing18__d1t0__00005.wav,pedalboard-tanh,les_bridge_fing18,0.0015095472,les_neck_pick12__d1t1__00006.wav,lsp-tanh,1,1,0,1,9.146047429418331,9.088421535688989
les_bridge_fing18__d1t1__00006.wav,pedalboard-tanh,les_bridge_fing18,0.0007362366,les_neck_pick12__d0t2__00002.wav,lsp-arctan,1,0,1,2,9.146047429418331,5.005872107125804
les_bridge_fing18__d1t2__00007.wav,pedalboard-tanh,les_bridge_fing18,0.0022581816,les_bridge_pick22__d1t2__00007.wav,byod-mxr,1,1,2,2,9.146047429418331,9.107670514338215
les_bridge_fing18__d1t3__00008.wav,pedalboard-tanh,les_bridge_fing18,0.0010781884,les_bridge_fing17__d1t1__00006.wav,lsp-hardclip,1,1,3,1,9.146047429418331,9.35456396552498
les_bridge_fing18__d1t4__00009.wav,pedalboard-tanh,les_bridge_fing18,0.0040201545,les_bridge_fing20__d1t3__00008.wav,lsp-hardclip,1,1,4,3,9.146047429418331,9.35456396552498
les_bridge_fing18__d2t0__00010.wav,pedalboard-tanh,les_bridge_fing18,0.0011237264,les_neck_pick12__d1t1__00006.wav,lsp-hardclip,2,1,0,1,13.296816138037473,9.35456396552498
les_bridge_fing18__d2t1__00011.wav,pedalboard-tanh,les_bridge_fing18,0.0018047094,les_bridge_pick17__d3t0__00015.wav,lsp-tanh,2,3,1,0,13.296816138037473,17.426284440144894
les_bridge_fing18__d2t2__00012.wav,pedalboard-tanh,les_bridge_fing18,0.0030494332,les_neck_pick02__d2t1__00011.wav,byod-mxr,2,2,2,1,13.296816138037473,13.292365801948186
les_bridge_fing18__d2t3__00013.wav,pedalboard-tanh,les_bridge_fing18,0.0040641427,les_neck_pick03__d2t2__00012.wav,lsp-sine,2,2,3,2,13.296816138037473,13.251366385956809
les_bridge_fing18__d2t4__00014.wav,pedalboard-tanh,les_bridge_fing18,0.003010869,les_bridge_pick25__d2t4__00014.wav,lsp-arctan,2,2,4,4,13.296816138037473,13.270071970821393
les_bridge_fing18__d3t0__00015.wav,pedalboard-tanh,les_bridge_fing18,0.0018652081,les_bridge_pick25__d3t0__00015.wav,byod-mxr,3,3,0,0,17.454399305827287,17.452308155418716
les_bridge_fing18__d3t1__00016.wav,pedalboard-tanh,les_bridge_fing18,0.0037412643,les_bridge_pick17__d4t0__00020.wav,lsp-sine,3,4,1,0,17.454399305827287,21.652716208419097
les_bridge_fing18__d3t2__00017.wav,pedalboard-tanh,les_bridge_fing18,0.0036831498,les_neck_pick02__d3t1__00016.wav,byod-mxr,3,3,2,1,17.454399305827287,17.452308155418716
les_bridge_fing18__d3t3__00018.wav,pedalboard-tanh,les_bridge_fing18,0.0044582486,les_neck_pick11__d2t2__00012.wav,lsp-sine,3,2,3,2,17.454399305827287,13.251366385956809
les_bridge_fing18__d3t4__00019.wav,pedalboard-tanh,les_bridge_fing18,0.005749166,les_bridge_pick22__d3t4__00019.wav,byod-mxr,3,3,4,4,17.454399305827287,17.452308155418716
les_bridge_fing18__d4t0__00020.wav,pedalboard-tanh,les_bridge_fing18,0.001960814,les_bridge_pick25__d4t0__00020.wav,lsp-arctan,4,4,0,0,21.61638024087312,21.613326710488973
les_bridge_fing18__d4t1__00021.wav,pedalboard-tanh,les_bridge_fing18,0.002688527,les_bridge_fing17__d5t0__00025.wav,lsp-sine,4,5,1,0,21.61638024087312,25.7855895742644
les_bridge_fing18__d4t2__00022.wav,pedalboard-tanh,les_bridge_fing18,0.0038899183,les_bridge_fing24__d4t3__00023.wav,lsp-arctan,4,4,2,3,21.61638024087312,21.613326710488973
les_bridge_fing18__d4t3__00023.wav,pedalboard-tanh,les_bridge_fing18,0.003238976,les_bridge_pick25__d4t3__00023.wav,lsp-arctan,4,4,3,3,21.61638024087312,21.613326710488973
les_bridge_fing18__d4t4__00024.wav,pedalboard-tanh,les_bridge_fing18,0.0037775636,les_bridge_fing20__d5t2__00027.wav,lsp-tanh,4,5,4,2,21.61638024087312,25.766463780707188
les_bridge_fing18__d5t0__00025.wav,pedalboard-tanh,les_bridge_fing18,0.0060400963,les_bridge_pick25__d5t0__00025.wav,lsp-arctan,5,5,0,0,25.782351420955937,25.788497067568912
les_bridge_fing18__d5t1__00026.wav,pedalboard-tanh,les_bridge_fing18,0.008083701,les_bridge_pick22__d5t2__00027.wav,byod-mxr,5,5,1,2,25.782351420955937,25.779078975465445
les_bridge_fing18__d5t2__00027.wav,pedalboard-tanh,les_bridge_fing18,0.0049851537,les_neck_pick05__d5t2__00027.wav,lsp-arctan,5,5,2,2,25.782351420955937,25.788497067568912
les_bridge_fing18__d5t3__00028.wav,pedalboard-tanh,les_bridge_fing18,0.0019750595,les_neck_fing01__d5t3__00028.wav,lsp-sine,5,5,3,3,25.782351420955937,25.7855895742644
les_bridge_fing18__d5t4__00029.wav,pedalboard-tanh,les_bridge_fing18,0.0025434494,les_neck_pick04__d6t4__00034.wav,lsp-arctan,5,6,4,4,25.782351420955937,29.91872954355242
les_bridge_fing18__d6t0__00030.wav,pedalboard-tanh,les_bridge_fing18,0.0072921515,les_neck_pick04__d7t0__00035.wav,lsp-hardclip,6,7,0,0,29.92239131554786,34.07942205160116
les_bridge_fing18__d6t1__00031.wav,pedalboard-tanh,les_bridge_fing18,0.0055524707,les_bridge_fing24__d6t2__00032.wav,lsp-arctan,6,6,1,2,29.92239131554786,29.91872954355242
les_bridge_fing18__d6t2__00032.wav,pedalboard-tanh,les_bridge_fing18,0.003741622,les_neck_fing01__d6t2__00032.wav,lsp-sine,6,6,2,2,29.92239131554786,29.915327656251563
les_bridge_fing18__d6t3__00033.wav,pedalboard-tanh,les_bridge_fing18,0.0024346113,les_neck_pick02__d6t4__00034.wav,lsp-hardclip,6,6,3,4,29.92239131554786,29.908667593492765
les_bridge_fing18__d6t4__00034.wav,pedalboard-tanh,les_bridge_fing18,0.0013828278,les_neck_pick04__d7t4__00039.wav,byod-mxr,6,7,4,4,29.92239131554786,34.08156088036171
les_bridge_fing18__d7t0__00035.wav,pedalboard-tanh,les_bridge_fing18,0.004902363,les_bridge_pick17__d7t0__00035.wav,lsp-arctan,7,7,0,0,34.075823464139134,34.09435618625095
les_bridge_fing18__d7t1__00036.wav,pedalboard-tanh,les_bridge_fing18,0.0033137202,les_bridge_pick17__d7t1__00036.wav,lsp-sine,7,7,1,1,34.075823464139134,34.094517939627885
les_bridge_fing18__d7t2__00037.wav,pedalboard-tanh,les_bridge_fing18,0.0030568838,les_neck_pick03__d6t4__00034.wav,lsp-arctan,7,6,2,4,34.075823464139134,29.91872954355242
les_bridge_fing18__d7t3__00038.wav,pedalboard-tanh,les_bridge_fing18,0.0016277432,les_bridge_fing17__d7t3__00038.wav,byod-mxr,7,7,3,3,34.075823464139134,34.08156088036171
les_bridge_fing18__d7t4__00039.wav,pedalboard-tanh,les_bridge_fing18,0.001385808,les_bridge_fing17__d7t4__00039.wav,byod-mxr,7,7,4,4,34.075823464139134,34.08156088036171
les_bridge_fing23__d0t0__00000.wav,pedalboard-tanh,les_bridge_fing23,0.0012331009,les_neck_pick14__d0t0__00000.wav,byod-mxr,0,0,0,0,5.0,5.0
les_bridge_fing23__d0t1__00001.wav,pedalboard-tanh,les_bridge_fing23,0.0010522604,les_bridge_fing24__d0t3__00003.wav,lsp-tanh,0,0,1,3,5.0,5.0
les_bridge_fing23__d0t2__00002.wav,pedalboard-tanh,les_bridge_fing23,0.00281322,les_bridge_pick17__d0t4__00004.wav,lsp-tanh,0,0,2,4,5.0,5.0
les_bridge_fing23__d0t3__00003.wav,pedalboard-tanh,les_bridge_fing23,0.012353063,les_neck_pick21__d0t3__00003.wav,lsp-tanh,0,0,3,3,5.0,5.0
les_bridge_fing23__d0t4__00004.wav,pedalboard-tanh,les_bridge_fing23,0.002383411,les_neck_pick14__d0t3__00003.wav,lsp-sine,0,0,4,3,5.0,5.041347474059023
les_bridge_fing23__d1t0__00005.wav,pedalboard-tanh,les_bridge_fing23,0.0008841753,les_neck_pick21__d0t1__00001.wav,lsp-sine,1,0,0,1,9.146047429418331,5.041347474059023
les_bridge_fing23__d1t1__00006.wav,pedalboard-tanh,les_bridge_fing23,0.0006996393,les_bridge_fing24__d0t3__00003.wav,lsp-sine,1,0,1,3,9.146047429418331,5.041347474059023
les_bridge_fing23__d1t2__00007.wav,pedalboard-tanh,les_bridge_fing23,0.0023695827,les_bridge_pick17__d0t4__00004.wav,lsp-tanh,1,0,2,4,9.146047429418331,5.0
les_bridge_fing23__d1t3__00008.wav,pedalboard-tanh,les_bridge_fing23,0.005586505,les_neck_pick21__d0t3__00003.wav,lsp-tanh,1,0,3,3,9.146047429418331,5.0
les_bridge_fing23__d1t4__00009.wav,pedalboard-tanh,les_bridge_fing23,0.002124548,les_neck_pick14__d1t3__00008.wav,lsp-sine,1,1,4,3,9.146047429418331,9.202349861352678
les_bridge_fing23__d2t0__00010.wav,pedalboard-tanh,les_bridge_fing23,0.00095146894,les_neck_fing15__d3t1__00016.wav,byod-mxr,2,3,0,1,13.296816138037473,17.452308155418716
les_bridge_fing23__d2t1__00011.wav,pedalboard-tanh,les_bridge_fing23,0.00094908476,les_bridge_fing24__d0t3__00003.wav,byod-mxr,2,0,1,3,13.296816138037473,5.0
les_bridge_fing23__d2t2__00012.wav,pedalboard-tanh,les_bridge_fing23,0.003317535,les_bridge_pick17__d1t4__00009.wav,lsp-tanh,2,1,2,4,13.296816138037473,9.088421535688989
les_bridge_fing23__d2t3__00013.wav,pedalboard-tanh,les_bridge_fing23,0.003589809,les_neck_pick21__d0t3__00003.wav,byod-mxr,2,0,3,3,13.296816138037473,5.0
les_bridge_fing23__d2t4__00014.wav,pedalboard-tanh,les_bridge_fing23,0.0040068626,les_neck_pick14__d2t3__00013.wav,lsp-arctan,2,2,4,3,13.296816138037473,13.270071970821393
les_bridge_fing23__d3t0__00015.wav,pedalboard-tanh,les_bridge_fing23,0.0010272264,les_bridge_pick16__d1t3__00008.wav,lsp-arctan,3,1,0,3,17.454399305827287,9.170316408518453
les_bridge_fing23__d3t1__00016.wav,pedalboard-tanh,les_bridge_fing23,0.0012500882,les_neck_pick02__d1t2__00007.wav,byod-mxr,3,1,1,2,17.454399305827287,9.107670514338215
les_bridge_fing23__d3t2__00017.wav,pedalboard-tanh,les_bridge_fing23,0.002714932,les_neck_pick09__d1t3__00008.wav,lsp-sine,3,1,2,3,17.454399305827287,9.202349861352678
les_bridge_fing23__d3t3__00018.wav,pedalboard-tanh,les_bridge_fing23,0.0020769835,les_neck_pick09__d2t4__00014.wav,lsp-arctan,3,2,3,4,17.454399305827287,13.270071970821393
les_bridge_fing23__d3t4__00019.wav,pedalboard-tanh,les_bridge_fing23,0.0054676533,les_neck_pick14__d3t3__00018.wav,byod-mxr,3,3,4,3,17.454399305827287,17.452308155418716
les_bridge_fing23__d4t0__00020.wav,pedalboard-tanh,les_bridge_fing23,0.0052461624,les_neck_pick07__d1t4__00009.wav,lsp-sine,4,1,0,4,21.61638024087312,9.202349861352678
les_bridge_fing23__d4t1__00021.wav,pedalboard-tanh,les_bridge_fing23,0.00216192,les_neck_pick14__d4t1__00021.wav,lsp-tanh,4,4,1,1,21.61638024087312,21.61115826291455
les_bridge_fing23__d4t2__00022.wav,pedalboard-tanh,les_bridge_fing23,0.0052714944,les_neck_pick05__d3t3__00018.wav,lsp-arctan,4,3,2,3,21.61638024087312,17.436825605717576
les_bridge_fing23__d4t3__00023.wav,pedalboard-tanh,les_bridge_fing23,0.0032182336,les_neck_pick21__d4t3__00023.wav,lsp-tanh,4,4,3,3,21.61638024087312,21.61115826291455
les_bridge_fing23__d4t4__00024.wav,pedalboard-tanh,les_bridge_fing23,0.0021505356,les_neck_pick21__d4t4__00024.wav,lsp-arctan,4,4,4,4,21.61638024087312,21.613326710488973
les_bridge_fing23__d5t0__00025.wav,pedalboard-tanh,les_bridge_fing23,0.013263464,les_neck_pick12__d3t4__00019.wav,lsp-hardclip,5,3,0,4,25.782351420955937,17.563088337099366
les_bridge_fing23__d5t1__00026.wav,pedalboard-tanh,les_bridge_fing23,0.003466785,les_bridge_pick17__d5t2__00027.wav,byod-mxr,5,5,1,2,25.782351420955937,25.779078975465445
les_bridge_fing23__d5t2__00027.wav,pedalboard-tanh,les_bridge_fing23,0.0032862425,les_bridge_pick17__d5t3__00028.wav,byod-mxr,5,5,2,3,25.782351420955937,25.779078975465445
les_bridge_fing23__d5t3__00028.wav,pedalboard-tanh,les_bridge_fing23,0.0038960576,les_bridge_fing20__d5t3__00028.wav,lsp-tanh,5,5,3,3,25.782351420955937,25.766463780707188
les_bridge_fing23__d5t4__00029.wav,pedalboard-tanh,les_bridge_fing23,0.004272163,les_bridge_fing20__d5t4__00029.wav,lsp-tanh,5,5,4,4,25.782351420955937,25.766463780707188
les_bridge_fing23__d6t0__00030.wav,pedalboard-tanh,les_bridge_fing23,0.004261434,les_bridge_pick22__d7t1__00036.wav,lsp-tanh,6,7,0,1,29.92239131554786,34.0729352593394
les_bridge_fing23__d6t1__00031.wav,pedalboard-tanh,les_bridge_fing23,0.0033351183,les_bridge_fing20__d6t1__00031.wav,lsp-tanh,6,6,1,1,29.92239131554786,29.89601395521624
les_bridge_fing23__d6t2__00032.wav,pedalboard-tanh,les_bridge_fing23,0.0021540523,les_bridge_fing17__d6t3__00033.wav,byod-mxr,6,6,2,3,29.92239131554786,29.91150927100104
les_bridge_fing23__d6t3__00033.wav,pedalboard-tanh,les_bridge_fing23,0.0018545985,les_bridge_fing20__d6t3__00033.wav,lsp-sine,6,6,3,3,29.92239131554786,29.915327656251563
les_bridge_fing23__d6t4__00034.wav,pedalboard-tanh,les_bridge_fing23,0.0016470551,les_neck_pick14__d6t4__00034.wav,lsp-sine,6,6,4,4,29.92239131554786,29.915327656251563
les_bridge_fing23__d7t0__00035.wav,pedalboard-tanh,les_bridge_fing23,0.0046271086,les_bridge_fing20__d7t0__00035.wav,lsp-tanh,7,7,0,0,34.075823464139134,34.0729352593394
les_bridge_fing23__d7t1__00036.wav,pedalboard-tanh,les_bridge_fing23,0.0033400059,les_neck_pick14__d7t1__00036.wav,lsp-sine,7,7,1,1,34.075823464139134,34.094517939627885
les_bridge_fing23__d7t2__00037.wav,pedalboard-tanh,les_bridge_fing23,0.0019033551,les_bridge_pick17__d7t3__00038.wav,lsp-hardclip,7,7,2,3,34.075823464139134,34.07942205160116
les_bridge_fing23__d7t3__00038.wav,pedalboard-tanh,les_bridge_fing23,0.0016615391,les_neck_fing15__d7t4__00039.wav,byod-mxr,7,7,3,4,34.075823464139134,34.08156088036171
les_bridge_fing23__d7t4__00039.wav,pedalboard-tanh,les_bridge_fing23,0.003352642,les_bridge_fing20__d7t4__00039.wav,lsp-sine,7,7,4,4,34.075823464139134,34.094517939627885
les_bridge_pick04__d0t0__00000.wav,pedalboard-tanh,les_bridge_pick04,0.0018938184,les_neck_fing15__d1t2__00007.wav,byod-mxr,0,1,0,2,5.0,9.107670514338215
les_bridge_pick04__d0t1__00001.wav,pedalboard-tanh,les_bridge_pick04,0.00520283,les_bridge_pick17__d0t3__00003.wav,lsp-tanh,0,0,1,3,5.0,5.0
les_bridge_pick04__d0t2__00002.wav,pedalboard-tanh,les_bridge_pick04,0.004530847,les_neck_pick14__d0t2__00002.wav,lsp-tanh,0,0,2,2,5.0,5.0
les_bridge_pick04__d0t3__00003.wav,pedalboard-tanh,les_bridge_pick04,0.0034600496,les_neck_pick21__d0t3__00003.wav,lsp-sine,0,0,3,3,5.0,5.041347474059023
les_bridge_pick04__d0t4__00004.wav,pedalboard-tanh,les_bridge_pick04,0.0034794211,les_neck_pick14__d1t3__00008.wav,lsp-hardclip,0,1,4,3,5.0,9.35456396552498
les_bridge_pick04__d1t0__00005.wav,pedalboard-tanh,les_bridge_pick04,0.0027050376,les_bridge_pick17__d0t2__00002.wav,lsp-sine,1,0,0,2,9.146047429418331,5.041347474059023
les_bridge_pick04__d1t1__00006.wav,pedalboard-tanh,les_bridge_pick04,0.0033279061,les_bridge_pick17__d0t3__00003.wav,byod-mxr,1,0,1,3,9.146047429418331,5.0
les_bridge_pick04__d1t2__00007.wav,pedalboard-tanh,les_bridge_pick04,0.005518317,les_neck_pick14__d1t2__00007.wav,lsp-arctan,1,1,2,2,9.146047429418331,9.170316408518453
les_bridge_pick04__d1t3__00008.wav,pedalboard-tanh,les_bridge_pick04,0.0047701597,les_neck_pick21__d1t3__00008.wav,lsp-sine,1,1,3,3,9.146047429418331,9.202349861352678
les_bridge_pick04__d1t4__00009.wav,pedalboard-tanh,les_bridge_pick04,0.0043019056,les_neck_pick21__d0t4__00004.wav,lsp-tanh,1,0,4,4,9.146047429418331,5.0
les_bridge_pick04__d2t0__00010.wav,pedalboard-tanh,les_bridge_pick04,0.0026158094,les_bridge_fing20__d1t3__00008.wav,byod-mxr,2,1,0,3,13.296816138037473,9.107670514338215
les_bridge_pick04__d2t1__00011.wav,pedalboard-tanh,les_bridge_pick04,0.0071023703,les_bridge_pick17__d1t4__00009.wav,byod-mxr,2,1,1,4,13.296816138037473,9.107670514338215
les_bridge_pick04__d2t2__00012.wav,pedalboard-tanh,les_bridge_pick04,0.0052571893,les_neck_pick05__d0t3__00003.wav,lsp-arctan,2,0,2,3,13.296816138037473,5.005872107125804
les_bridge_pick04__d2t3__00013.wav,pedalboard-tanh,les_bridge_pick04,0.0025877357,les_neck_pick14__d2t3__00013.wav,byod-mxr,2,2,3,3,13.296816138037473,13.292365801948186
les_bridge_pick04__d2t4__00014.wav,pedalboard-tanh,les_bridge_pick04,0.0022181273,les_neck_pick21__d2t4__00014.wav,byod-mxr,2,2,4,4,13.296816138037473,13.292365801948186
les_bridge_pick04__d3t0__00015.wav,pedalboard-tanh,les_bridge_pick04,0.0032194257,les_bridge_pick22__d2t4__00014.wav,lsp-arctan,3,2,0,4,17.454399305827287,13.270071970821393
les_bridge_pick04__d3t1__00016.wav,pedalboard-tanh,les_bridge_pick04,0.003985524,les_neck_pick03__d2t4__00014.wav,byod-mxr,3,2,1,4,17.454399305827287,13.292365801948186
les_bridge_pick04__d3t2__00017.wav,pedalboard-tanh,les_bridge_pick04,0.004473388,les_neck_pick09__d2t4__00014.wav,byod-mxr,3,2,2,4,17.454399305827287,13.292365801948186
les_bridge_pick04__d3t3__00018.wav,pedalboard-tanh,les_bridge_pick04,0.0078424215,les_neck_pick05__d2t4__00014.wav,byod-mxr,3,2,3,4,17.454399305827287,13.292365801948186
les_bridge_pick04__d3t4__00019.wav,pedalboard-tanh,les_bridge_pick04,0.0018434525,les_neck_pick21__d3t4__00019.wav,lsp-tanh,3,3,4,4,17.454399305827287,17.426284440144894
les_bridge_pick04__d4t0__00020.wav,pedalboard-tanh,les_bridge_pick04,0.003029108,les_neck_pick14__d4t1__00021.wav,lsp-tanh,4,4,0,1,21.61638024087312,21.61115826291455
les_bridge_pick04__d4t1__00021.wav,pedalboard-tanh,les_bridge_pick04,0.0030457377,les_bridge_fing17__d3t3__00018.wav,byod-mxr,4,3,1,3,21.61638024087312,17.452308155418716
les_bridge_pick04__d4t2__00022.wav,pedalboard-tanh,les_bridge_pick04,0.0029084086,les_neck_pick21__d4t3__00023.wav,byod-mxr,4,4,2,3,21.61638024087312,21.62039317761596
les_bridge_pick04__d4t3__00023.wav,pedalboard-tanh,les_bridge_pick04,0.0024876595,les_neck_pick21__d4t4__00024.wav,byod-mxr,4,4,3,4,21.61638024087312,21.62039317761596
les_bridge_pick04__d4t4__00024.wav,pedalboard-tanh,les_bridge_pick04,0.008216083,les_neck_pick14__d5t4__00029.wav,lsp-hardclip,4,5,4,4,21.61638024087312,25.79865436059077
les_bridge_pick04__d5t0__00025.wav,pedalboard-tanh,les_bridge_pick04,0.005627811,les_neck_pick14__d5t1__00026.wav,lsp-tanh,5,5,0,1,25.782351420955937,25.766463780707188
les_bridge_pick04__d5t1__00026.wav,pedalboard-tanh,les_bridge_pick04,0.0030477643,les_neck_fing01__d4t3__00023.wav,lsp-tanh,5,4,1,3,25.782351420955937,21.61115826291455
les_bridge_pick04__d5t2__00027.wav,pedalboard-tanh,les_bridge_pick04,0.0024277568,les_neck_pick21__d5t3__00028.wav,lsp-sine,5,5,2,3,25.782351420955937,25.7855895742644
les_bridge_pick04__d5t3__00028.wav,pedalboard-tanh,les_bridge_pick04,0.0020050406,les_neck_pick21__d5t4__00029.wav,lsp-tanh,5,5,3,4,25.782351420955937,25.766463780707188
les_bridge_pick04__d5t4__00029.wav,pedalboard-tanh,les_bridge_pick04,0.003463328,les_bridge_fing17__d6t4__00034.wav,lsp-tanh,5,6,4,4,25.782351420955937,29.89601395521624
les_bridge_pick04__d6t0__00030.wav,pedalboard-tanh,les_bridge_pick04,0.0026168227,les_neck_pick14__d6t1__00031.wav,lsp-hardclip,6,6,0,1,29.92239131554786,29.908667593492765
les_bridge_pick04__d6t1__00031.wav,pedalboard-tanh,les_bridge_pick04,0.0016456842,les_neck_fing01__d5t3__00028.wav,lsp-arctan,6,5,1,3,29.92239131554786,25.788497067568912
les_bridge_pick04__d6t2__00032.wav,pedalboard-tanh,les_bridge_pick04,0.0023092628,les_neck_pick04__d7t3__00038.wav,lsp-sine,6,7,2,3,29.92239131554786,34.094517939627885
les_bridge_pick04__d6t3__00033.wav,pedalboard-tanh,les_bridge_pick04,0.0016339421,les_bridge_fing17__d6t4__00034.wav,lsp-arctan,6,6,3,4,29.92239131554786,29.91872954355242
les_bridge_pick04__d6t4__00034.wav,pedalboard-tanh,les_bridge_pick04,0.0015214682,les_bridge_fing20__d6t4__00034.wav,lsp-sine,6,6,4,4,29.92239131554786,29.915327656251563
les_bridge_pick04__d7t0__00035.wav,pedalboard-tanh,les_bridge_pick04,0.003641963,les_neck_pick02__d7t2__00037.wav,byod-mxr,7,7,0,2,34.075823464139134,34.08156088036171
les_bridge_pick04__d7t1__00036.wav,pedalboard-tanh,les_bridge_pick04,0.0014437437,les_neck_pick02__d6t4__00034.wav,byod-mxr,7,6,1,4,34.075823464139134,29.91150927100104
les_bridge_pick04__d7t2__00037.wav,pedalboard-tanh,les_bridge_pick04,0.0015360117,les_bridge_fing20__d6t3__00033.wav,lsp-tanh,7,6,2,3,34.075823464139134,29.89601395521624
les_bridge_pick04__d7t3__00038.wav,pedalboard-tanh,les_bridge_pick04,0.0017129779,les_bridge_pick17__d7t3__00038.wav,lsp-tanh,7,7,3,3,34.075823464139134,34.0729352593394
les_bridge_pick04__d7t4__00039.wav,pedalboard-tanh,les_bridge_pick04,0.0011174679,les_neck_pick14__d7t4__00039.wav,lsp-hardclip,7,7,4,4,34.075823464139134,34.07942205160116
les_bridge_pick09__d0t0__00000.wav,pedalboard-tanh,les_bridge_pick09,0.0033445358,les_bridge_pick22__d0t0__00000.wav,byod-mxr,0,0,0,0,5.0,5.0
les_bridge_pick09__d0t1__00001.wav,pedalboard-tanh,les_bridge_pick09,0.00082051754,les_neck_pick05__d0t0__00000.wav,lsp-arctan,0,0,1,0,5.0,5.005872107125804
les_bridge_pick09__d0t2__00002.wav,pedalboard-tanh,les_bridge_pick09,0.00066769123,les_bridge_fing17__d0t0__00000.wav,byod-mxr,0,0,2,0,5.0,5.0
les_bridge_pick09__d0t3__00003.wav,pedalboard-tanh,les_bridge_pick09,0.0010592937,les_bridge_pick25__d1t2__00007.wav,lsp-sine,0,1,3,2,5.0,9.202349861352678
les_bridge_pick09__d0t4__00004.wav,pedalboard-tanh,les_bridge_pick09,0.0005862713,les_bridge_pick22__d1t3__00008.wav,lsp-arctan,0,1,4,3,5.0,9.170316408518453
les_bridge_pick09__d1t0__00005.wav,pedalboard-tanh,les_bridge_pick09,0.0025584102,les_bridge_pick22__d0t0__00000.wav,byod-mxr,1,0,0,0,9.146047429418331,5.0
les_bridge_pick09__d1t1__00006.wav,pedalboard-tanh,les_bridge_pick09,0.0007944703,les_neck_pick02__d1t0__00005.wav,byod-mxr,1,1,1,0,9.146047429418331,9.107670514338215
les_bridge_pick09__d1t2__00007.wav,pedalboard-tanh,les_bridge_pick09,0.00058466196,les_bridge_fing24__d1t1__00006.wav,byod-mxr,1,1,2,1,9.146047429418331,9.107670514338215
les_bridge_pick09__d1t3__00008.wav,pedalboard-tanh,les_bridge_pick09,0.00064080954,les_bridge_pick25__d1t2__00007.wav,lsp-hardclip,1,1,3,2,9.146047429418331,9.35456396552498
les_bridge_pick09__d1t4__00009.wav,pedalboard-tanh,les_bridge_pick09,0.0011302233,les_bridge_fing17__d2t1__00011.wav,lsp-tanh,1,2,4,1,9.146047429418331,13.297259315581634
les_bridge_pick09__d2t0__00010.wav,pedalboard-tanh,les_bridge_pick09,0.00031656027,les_bridge_pick22__d0t0__00000.wav,byod-mxr,2,0,0,0,13.296816138037473,5.0
les_bridge_pick09__d2t1__00011.wav,pedalboard-tanh,les_bridge_pick09,0.0013495088,les_bridge_pick22__d2t1__00011.wav,byod-mxr,2,2,1,1,13.296816138037473,13.292365801948186
les_bridge_pick09__d2t2__00012.wav,pedalboard-tanh,les_bridge_pick09,0.0012539625,les_neck_pick03__d2t1__00011.wav,lsp-tanh,2,2,2,1,13.296816138037473,13.297259315581634
les_bridge_pick09__d2t3__00013.wav,pedalboard-tanh,les_bridge_pick09,0.0038992763,les_bridge_pick25__d2t2__00012.wav,byod-mxr,2,2,3,2,13.296816138037473,13.292365801948186
les_bridge_pick09__d2t4__00014.wav,pedalboard-tanh,les_bridge_pick09,0.0025120378,les_neck_pick04__d2t2__00012.wav,lsp-sine,2,2,4,2,13.296816138037473,13.251366385956809
les_bridge_pick09__d3t0__00015.wav,pedalboard-tanh,les_bridge_pick09,0.00025862455,les_bridge_pick22__d2t0__00010.wav,lsp-tanh,3,2,0,0,17.454399305827287,13.297259315581634
les_bridge_pick09__d3t1__00016.wav,pedalboard-tanh,les_bridge_pick09,0.002065599,les_bridge_pick22__d3t1__00016.wav,lsp-sine,3,3,1,1,17.454399305827287,17.46073355198249
les_bridge_pick09__d3t2__00017.wav,pedalboard-tanh,les_bridge_pick09,0.0007610917,les_bridge_pick22__d3t2__00017.wav,lsp-sine,3,3,2,2,17.454399305827287,17.46073355198249
les_bridge_pick09__d3t3__00018.wav,pedalboard-tanh,les_bridge_pick09,0.0021237135,les_neck_pick04__d3t2__00017.wav,lsp-tanh,3,3,3,2,17.454399305827287,17.426284440144894
les_bridge_pick09__d3t4__00019.wav,pedalboard-tanh,les_bridge_pick09,0.0032519102,les_neck_pick11__d3t2__00017.wav,byod-mxr,3,3,4,2,17.454399305827287,17.452308155418716
les_bridge_pick09__d4t0__00020.wav,pedalboard-tanh,les_bridge_pick09,0.0004644394,les_bridge_pick22__d4t0__00020.wav,lsp-tanh,4,4,0,0,21.61638024087312,21.61115826291455
les_bridge_pick09__d4t1__00021.wav,pedalboard-tanh,les_bridge_pick09,0.0027082562,les_bridge_fing24__d4t1__00021.wav,lsp-arctan,4,4,1,1,21.61638024087312,21.613326710488973
les_bridge_pick09__d4t2__00022.wav,pedalboard-tanh,les_bridge_pick09,0.0026880503,les_neck_pick05__d4t1__00021.wav,lsp-sine,4,4,2,1,21.61638024087312,21.652716208419097
les_bridge_pick09__d4t3__00023.wav,pedalboard-tanh,les_bridge_pick09,0.0015031099,les_bridge_fing21__d4t3__00023.wav,lsp-tanh,4,4,3,3,21.61638024087312,21.61115826291455
les_bridge_pick09__d4t4__00024.wav,pedalboard-tanh,les_bridge_pick09,0.0023062825,les_bridge_pick25__d4t3__00023.wav,lsp-arctan,4,4,4,3,21.61638024087312,21.613326710488973
les_bridge_pick09__d5t0__00025.wav,pedalboard-tanh,les_bridge_pick09,0.0037965178,les_bridge_pick22__d5t0__00025.wav,lsp-arctan,5,5,0,0,25.782351420955937,25.788497067568912
les_bridge_pick09__d5t1__00026.wav,pedalboard-tanh,les_bridge_pick09,0.0021371841,les_bridge_fing17__d5t0__00025.wav,byod-mxr,5,5,1,0,25.782351420955937,25.779078975465445
les_bridge_pick09__d5t2__00027.wav,pedalboard-tanh,les_bridge_pick09,0.0010521412,les_neck_pick12__d5t3__00028.wav,lsp-arctan,5,5,2,3,25.782351420955937,25.788497067568912
les_bridge_pick09__d5t3__00028.wav,pedalboard-tanh,les_bridge_pick09,0.0012271404,les_neck_pick05__d5t2__00027.wav,lsp-sine,5,5,3,2,25.782351420955937,25.7855895742644
les_bridge_pick09__d5t4__00029.wav,pedalboard-tanh,les_bridge_pick09,0.0011073351,les_neck_pick09__d5t3__00028.wav,lsp-arctan,5,5,4,3,25.782351420955937,25.788497067568912
les_bridge_pick09__d6t0__00030.wav,pedalboard-tanh,les_bridge_pick09,0.0012081861,les_neck_pick09__d6t0__00030.wav,byod-mxr,6,6,0,0,29.92239131554786,29.91150927100104
les_bridge_pick09__d6t1__00031.wav,pedalboard-tanh,les_bridge_pick09,0.0029735565,les_neck_pick09__d6t1__00031.wav,lsp-sine,6,6,1,1,29.92239131554786,29.915327656251563
les_bridge_pick09__d6t2__00032.wav,pedalboard-tanh,les_bridge_pick09,0.0022269487,les_neck_pick09__d6t2__00032.wav,lsp-hardclip,6,6,2,2,29.92239131554786,29.908667593492765
les_bridge_pick09__d6t3__00033.wav,pedalboard-tanh,les_bridge_pick09,0.0017401576,les_neck_pick02__d7t2__00037.wav,lsp-sine,6,7,3,2,29.92239131554786,34.094517939627885
les_bridge_pick09__d6t4__00034.wav,pedalboard-tanh,les_bridge_pick09,0.0018457174,les_bridge_pick22__d7t3__00038.wav,lsp-sine,6,7,4,3,29.92239131554786,34.094517939627885
les_bridge_pick09__d7t0__00035.wav,pedalboard-tanh,les_bridge_pick09,0.00287503,les_neck_pick05__d7t0__00035.wav,lsp-hardclip,7,7,0,0,34.075823464139134,34.07942205160116
les_bridge_pick09__d7t1__00036.wav,pedalboard-tanh,les_bridge_pick09,0.0017143488,les_neck_pick03__d7t1__00036.wav,lsp-arctan,7,7,1,1,34.075823464139134,34.09435618625095
les_bridge_pick09__d7t2__00037.wav,pedalboard-tanh,les_bridge_pick09,0.0034973621,les_bridge_fing24__d7t2__00037.wav,lsp-tanh,7,7,2,2,34.075823464139134,34.0729352593394
les_bridge_pick09__d7t3__00038.wav,pedalboard-tanh,les_bridge_pick09,0.0020346642,les_neck_pick03__d7t3__00038.wav,lsp-sine,7,7,3,3,34.075823464139134,34.094517939627885
les_bridge_pick09__d7t4__00039.wav,pedalboard-tanh,les_bridge_pick09,0.001706481,les_bridge_fing20__d7t3__00038.wav,lsp-hardclip,7,7,4,3,34.075823464139134,34.07942205160116
les_bridge_pick12__d0t0__00000.wav,pedalboard-tanh,les_bridge_pick12,0.002629757,les_bridge_fing21__d1t0__00005.wav,lsp-tanh,0,1,0,0,5.0,9.088421535688989
les_bridge_pick12__d0t1__00001.wav,pedalboard-tanh,les_bridge_pick12,0.0045556426,les_bridge_pick22__d0t0__00000.wav,byod-mxr,0,0,1,0,5.0,5.0
les_bridge_pick12__d0t2__00002.wav,pedalboard-tanh,les_bridge_pick12,6.347895e-05,les_bridge_fing20__d1t0__00005.wav,lsp-tanh,0,1,2,0,5.0,9.088421535688989
les_bridge_pick12__d0t3__00003.wav,pedalboard-tanh,les_bridge_pick12,0.00046098232,les_bridge_pick17__d0t0__00000.wav,lsp-arctan,0,0,3,0,5.0,5.005872107125804
les_bridge_pick12__d0t4__00004.wav,pedalboard-tanh,les_bridge_pick12,0.0004914999,les_bridge_fing20__d0t1__00001.wav,lsp-tanh,0,0,4,1,5.0,5.0
les_bridge_pick12__d1t0__00005.wav,pedalboard-tanh,les_bridge_pick12,0.004156947,les_bridge_fing21__d1t0__00005.wav,lsp-tanh,1,1,0,0,9.146047429418331,9.088421535688989
les_bridge_pick12__d1t1__00006.wav,pedalboard-tanh,les_bridge_pick12,0.001950562,les_bridge_pick22__d0t0__00000.wav,byod-mxr,1,0,1,0,9.146047429418331,5.0
les_bridge_pick12__d1t2__00007.wav,pedalboard-tanh,les_bridge_pick12,0.00039428473,les_bridge_fing21__d1t1__00006.wav,lsp-tanh,1,1,2,1,9.146047429418331,9.088421535688989
les_bridge_pick12__d1t3__00008.wav,pedalboard-tanh,les_bridge_pick12,0.00023674965,les_bridge_pick17__d1t0__00005.wav,byod-mxr,1,1,3,0,9.146047429418331,9.107670514338215
les_bridge_pick12__d1t4__00009.wav,pedalboard-tanh,les_bridge_pick12,0.0006276965,les_bridge_fing17__d1t0__00005.wav,lsp-arctan,1,1,4,0,9.146047429418331,9.170316408518453
les_bridge_pick12__d2t0__00010.wav,pedalboard-tanh,les_bridge_pick12,0.004419744,les_bridge_fing21__d2t0__00010.wav,lsp-arctan,2,2,0,0,13.296816138037473,13.270071970821393
les_bridge_pick12__d2t1__00011.wav,pedalboard-tanh,les_bridge_pick12,0.00080418587,les_bridge_pick22__d1t0__00005.wav,lsp-arctan,2,1,1,0,13.296816138037473,9.170316408518453
les_bridge_pick12__d2t2__00012.wav,pedalboard-tanh,les_bridge_pick12,0.0005431175,les_neck_pick03__d2t0__00010.wav,lsp-hardclip,2,2,2,0,13.296816138037473,13.55142968534178
les_bridge_pick12__d2t3__00013.wav,pedalboard-tanh,les_bridge_pick12,0.0010249615,les_neck_pick21__d3t0__00015.wav,byod-mxr,2,3,3,0,13.296816138037473,17.452308155418716
les_bridge_pick12__d2t4__00014.wav,pedalboard-tanh,les_bridge_pick12,0.0014065504,les_bridge_pick22__d2t2__00012.wav,lsp-arctan,2,2,4,2,13.296816138037473,13.270071970821393
les_bridge_pick12__d3t0__00015.wav,pedalboard-tanh,les_bridge_pick12,0.006291449,les_bridge_fing21__d3t0__00015.wav,lsp-arctan,3,3,0,0,17.454399305827287,17.436825605717576
les_bridge_pick12__d3t1__00016.wav,pedalboard-tanh,les_bridge_pick12,0.0005220771,les_bridge_pick22__d3t0__00015.wav,byod-mxr,3,3,1,0,17.454399305827287,17.452308155418716
les_bridge_pick12__d3t2__00017.wav,pedalboard-tanh,les_bridge_pick12,0.0009357929,les_bridge_pick22__d3t1__00016.wav,lsp-sine,3,3,2,1,17.454399305827287,17.46073355198249
les_bridge_pick12__d3t3__00018.wav,pedalboard-tanh,les_bridge_pick12,0.0028907657,les_neck_pick11__d2t1__00011.wav,lsp-tanh,3,2,3,1,17.454399305827287,13.297259315581634
les_bridge_pick12__d3t4__00019.wav,pedalboard-tanh,les_bridge_pick12,0.0031064153,les_bridge_pick22__d3t2__00017.wav,lsp-sine,3,3,4,2,17.454399305827287,17.46073355198249
les_bridge_pick12__d4t0__00020.wav,pedalboard-tanh,les_bridge_pick12,0.0017617345,les_neck_pick12__d5t0__00025.wav,lsp-hardclip,4,5,0,0,21.61638024087312,25.79865436059077
les_bridge_pick12__d4t1__00021.wav,pedalboard-tanh,les_bridge_pick12,0.00097072124,les_neck_pick09__d4t0__00020.wav,lsp-sine,4,4,1,0,21.61638024087312,21.652716208419097
les_bridge_pick12__d4t2__00022.wav,pedalboard-tanh,les_bridge_pick12,0.0025654435,les_bridge_pick25__d4t1__00021.wav,lsp-tanh,4,4,2,1,21.61638024087312,21.61115826291455
les_bridge_pick12__d4t3__00023.wav,pedalboard-tanh,les_bridge_pick12,0.002095461,les_bridge_fing17__d4t1__00021.wav,lsp-tanh,4,4,3,1,21.61638024087312,21.61115826291455
les_bridge_pick12__d4t4__00024.wav,pedalboard-tanh,les_bridge_pick12,0.0011588335,les_neck_pick11__d4t2__00022.wav,lsp-tanh,4,4,4,2,21.61638024087312,21.61115826291455
les_bridge_pick12__d5t0__00025.wav,pedalboard-tanh,les_bridge_pick12,0.0010722876,les_bridge_pick22__d5t0__00025.wav,lsp-arctan,5,5,0,0,25.782351420955937,25.788497067568912
les_bridge_pick12__d5t1__00026.wav,pedalboard-tanh,les_bridge_pick12,0.0035638213,les_bridge_pick17__d5t0__00025.wav,lsp-tanh,5,5,1,0,25.782351420955937,25.766463780707188
les_bridge_pick12__d5t2__00027.wav,pedalboard-tanh,les_bridge_pick12,0.004072547,les_bridge_fing20__d5t1__00026.wav,byod-mxr,5,5,2,1,25.782351420955937,25.779078975465445
les_bridge_pick12__d5t3__00028.wav,pedalboard-tanh,les_bridge_pick12,0.0020083785,les_bridge_pick17__d5t2__00027.wav,lsp-hardclip,5,5,3,2,25.782351420955937,25.79865436059077
les_bridge_pick12__d5t4__00029.wav,pedalboard-tanh,les_bridge_pick12,0.0032880902,les_neck_pick11__d5t3__00028.wav,lsp-sine,5,5,4,3,25.782351420955937,25.7855895742644
les_bridge_pick12__d6t0__00030.wav,pedalboard-tanh,les_bridge_pick12,0.001039505,les_neck_pick07__d5t2__00027.wav,lsp-arctan,6,5,0,2,29.92239131554786,25.788497067568912
les_bridge_pick12__d6t1__00031.wav,pedalboard-tanh,les_bridge_pick12,0.0022087693,les_bridge_fing24__d6t1__00031.wav,lsp-tanh,6,6,1,1,29.92239131554786,29.89601395521624
les_bridge_pick12__d6t2__00032.wav,pedalboard-tanh,les_bridge_pick12,0.0015953183,les_bridge_fing17__d6t1__00031.wav,lsp-arctan,6,6,2,1,29.92239131554786,29.91872954355242
les_bridge_pick12__d6t3__00033.wav,pedalboard-tanh,les_bridge_pick12,0.002624154,les_bridge_pick25__d5t4__00029.wav,lsp-arctan,6,5,3,4,29.92239131554786,25.788497067568912
les_bridge_pick12__d6t4__00034.wav,pedalboard-tanh,les_bridge_pick12,0.0029458404,les_neck_pick02__d6t4__00034.wav,lsp-tanh,6,6,4,4,29.92239131554786,29.89601395521624
les_bridge_pick12__d7t0__00035.wav,pedalboard-tanh,les_bridge_pick12,0.0010804534,les_neck_pick07__d7t1__00036.wav,lsp-tanh,7,7,0,1,34.075823464139134,34.0729352593394
les_bridge_pick12__d7t1__00036.wav,pedalboard-tanh,les_bridge_pick12,0.0036984682,les_neck_pick07__d6t3__00033.wav,lsp-tanh,7,6,1,3,34.075823464139134,29.89601395521624
les_bridge_pick12__d7t2__00037.wav,pedalboard-tanh,les_bridge_pick12,0.006260693,les_bridge_fing17__d7t1__00036.wav,lsp-sine,7,7,2,1,34.075823464139134,34.094517939627885
les_bridge_pick12__d7t3__00038.wav,pedalboard-tanh,les_bridge_pick12,0.0011852384,les_bridge_pick25__d6t4__00034.wav,lsp-sine,7,6,3,4,34.075823464139134,29.915327656251563
les_bridge_pick12__d7t4__00039.wav,pedalboard-tanh,les_bridge_pick12,0.0030376315,les_bridge_fing17__d7t3__00038.wav,lsp-tanh,7,7,4,3,34.075823464139134,34.0729352593394
les_bridge_pick21__d0t0__00000.wav,pedalboard-tanh,les_bridge_pick21,0.0055282116,les_bridge_pick16__d0t2__00002.wav,lsp-sine,0,0,0,2,5.0,5.041347474059023
les_bridge_pick21__d0t1__00001.wav,pedalboard-tanh,les_bridge_pick21,0.004571438,les_bridge_fing24__d0t2__00002.wav,lsp-tanh,0,0,1,2,5.0,5.0
les_bridge_pick21__d0t2__00002.wav,pedalboard-tanh,les_bridge_pick21,0.0040142536,les_neck_fing15__d1t3__00008.wav,lsp-sine,0,1,2,3,5.0,9.202349861352678
les_bridge_pick21__d0t3__00003.wav,pedalboard-tanh,les_bridge_pick21,0.0017473698,les_bridge_pick17__d0t4__00004.wav,lsp-tanh,0,0,3,4,5.0,5.0
les_bridge_pick21__d0t4__00004.wav,pedalboard-tanh,les_bridge_pick21,0.0030463934,les_neck_pick02__d0t3__00003.wav,lsp-tanh,0,0,4,3,5.0,5.0
les_bridge_pick21__d1t0__00005.wav,pedalboard-tanh,les_bridge_pick21,0.00075799227,les_bridge_fing21__d0t2__00002.wav,lsp-arctan,1,0,0,2,9.146047429418331,5.005872107125804
les_bridge_pick21__d1t1__00006.wav,pedalboard-tanh,les_bridge_pick21,0.00062710047,les_bridge_fing24__d1t2__00007.wav,lsp-tanh,1,1,1,2,9.146047429418331,9.088421535688989
les_bridge_pick21__d1t2__00007.wav,pedalboard-tanh,les_bridge_pick21,0.0011543036,les_bridge_pick25__d0t4__00004.wav,lsp-sine,1,0,2,4,9.146047429418331,5.041347474059023
les_bridge_pick21__d1t3__00008.wav,pedalboard-tanh,les_bridge_pick21,0.0021694303,les_bridge_pick17__d1t4__00009.wav,lsp-tanh,1,1,3,4,9.146047429418331,9.088421535688989
les_bridge_pick21__d1t4__00009.wav,pedalboard-tanh,les_bridge_pick21,0.0028408766,les_bridge_pick17__d0t4__00004.wav,lsp-hardclip,1,0,4,4,9.146047429418331,5.063331073032135
les_bridge_pick21__d2t0__00010.wav,pedalboard-tanh,les_bridge_pick21,0.0009837747,les_bridge_fing17__d2t0__00010.wav,lsp-sine,2,2,0,0,13.296816138037473,13.251366385956809
les_bridge_pick21__d2t1__00011.wav,pedalboard-tanh,les_bridge_pick21,0.0012171865,les_bridge_fing20__d1t2__00007.wav,byod-mxr,2,1,1,2,13.296816138037473,9.107670514338215
les_bridge_pick21__d2t2__00012.wav,pedalboard-tanh,les_bridge_pick21,0.0019657016,les_bridge_pick25__d0t4__00004.wav,byod-mxr,2,0,2,4,13.296816138037473,5.0
les_bridge_pick21__d2t3__00013.wav,pedalboard-tanh,les_bridge_pick21,0.0019433498,les_bridge_pick17__d1t4__00009.wav,byod-mxr,2,1,3,4,13.296816138037473,9.107670514338215
les_bridge_pick21__d2t4__00014.wav,pedalboard-tanh,les_bridge_pick21,0.0035641193,les_neck_pick21__d0t3__00003.wav,lsp-hardclip,2,0,4,3,13.296816138037473,5.063331073032135
les_bridge_pick21__d3t0__00015.wav,pedalboard-tanh,les_bridge_pick21,0.00063192844,les_bridge_fing17__d4t0__00020.wav,lsp-hardclip,3,4,0,0,17.454399305827287,21.54643860361127
les_bridge_pick21__d3t1__00016.wav,pedalboard-tanh,les_bridge_pick21,0.001467526,les_bridge_pick22__d2t3__00013.wav,lsp-arctan,3,2,1,3,17.454399305827287,13.270071970821393
les_bridge_pick21__d3t2__00017.wav,pedalboard-tanh,les_bridge_pick21,0.005450964,les_neck_pick03__d1t3__00008.wav,lsp-sine,3,1,2,3,17.454399305827287,9.202349861352678
les_bridge_pick21__d3t3__00018.wav,pedalboard-tanh,les_bridge_pick21,0.0029537678,les_bridge_fing17__d2t3__00013.wav,lsp-sine,3,2,3,3,17.454399305827287,13.251366385956809
les_bridge_pick21__d3t4__00019.wav,pedalboard-tanh,les_bridge_pick21,0.0022689104,les_bridge_fing17__d2t4__00014.wav,lsp-sine,3,2,4,4,17.454399305827287,13.251366385956809
les_bridge_pick21__d4t0__00020.wav,pedalboard-tanh,les_bridge_pick21,0.001282692,les_bridge_pick16__d3t2__00017.wav,lsp-arctan,4,3,0,2,21.61638024087312,17.436825605717576
les_bridge_pick21__d4t1__00021.wav,pedalboard-tanh,les_bridge_pick21,0.004568398,les_neck_pick11__d2t2__00012.wav,lsp-sine,4,2,1,2,21.61638024087312,13.251366385956809
les_bridge_pick21__d4t2__00022.wav,pedalboard-tanh,les_bridge_pick21,0.0041199923,les_neck_pick11__d3t3__00018.wav,lsp-sine,4,3,2,3,21.61638024087312,17.46073355198249
les_bridge_pick21__d4t3__00023.wav,pedalboard-tanh,les_bridge_pick21,0.0031650662,les_neck_pick21__d4t3__00023.wav,byod-mxr,4,4,3,3,21.61638024087312,21.62039317761596
les_bridge_pick21__d4t4__00024.wav,pedalboard-tanh,les_bridge_pick21,0.0044986606,les_neck_pick21__d4t4__00024.wav,byod-mxr,4,4,4,4,21.61638024087312,21.62039317761596
les_bridge_pick21__d5t0__00025.wav,pedalboard-tanh,les_bridge_pick21,0.0061531663,les_bridge_pick22__d4t2__00022.wav,lsp-hardclip,5,4,0,2,25.782351420955937,21.54643860361127
les_bridge_pick21__d5t1__00026.wav,pedalboard-tanh,les_bridge_pick21,0.0060812235,les_neck_fing01__d4t2__00022.wav,lsp-hardclip,5,4,1,2,25.782351420955937,21.54643860361127
les_bridge_pick21__d5t2__00027.wav,pedalboard-tanh,les_bridge_pick21,0.0030766726,les_neck_fing01__d4t3__00023.wav,lsp-tanh,5,4,2,3,25.782351420955937,21.61115826291455
les_bridge_pick21__d5t3__00028.wav,pedalboard-tanh,les_bridge_pick21,0.005814433,les_neck_fing15__d5t4__00029.wav,lsp-sine,5,5,3,4,25.782351420955937,25.7855895742644
les_bridge_pick21__d5t4__00029.wav,pedalboard-tanh,les_bridge_pick21,0.0039312243,les_neck_fing15__d5t4__00029.wav,lsp-arctan,5,5,4,4,25.782351420955937,25.788497067568912
les_bridge_pick21__d6t0__00030.wav,pedalboard-tanh,les_bridge_pick21,0.0055050254,les_neck_pick14__d6t0__00030.wav,lsp-tanh,6,6,0,0,29.92239131554786,29.89601395521624
les_bridge_pick21__d6t1__00031.wav,pedalboard-tanh,les_bridge_pick21,0.004452467,les_neck_pick04__d6t2__00032.wav,byod-mxr,6,6,1,2,29.92239131554786,29.91150927100104
les_bridge_pick21__d6t2__00032.wav,pedalboard-tanh,les_bridge_pick21,0.002430439,les_neck_pick21__d6t3__00033.wav,lsp-hardclip,6,6,2,3,29.92239131554786,29.908667593492765
les_bridge_pick21__d6t3__00033.wav,pedalboard-tanh,les_bridge_pick21,0.0020528436,les_neck_fing15__d6t4__00034.wav,lsp-hardclip,6,6,3,4,29.92239131554786,29.908667593492765
les_bridge_pick21__d6t4__00034.wav,pedalboard-tanh,les_bridge_pick21,0.0021002293,les_neck_fing15__d6t4__00034.wav,byod-mxr,6,6,4,4,29.92239131554786,29.91150927100104
les_bridge_pick21__d7t0__00035.wav,pedalboard-tanh,les_bridge_pick21,0.002970159,les_bridge_pick16__d6t2__00032.wav,lsp-hardclip,7,6,0,2,34.075823464139134,29.908667593492765
les_bridge_pick21__d7t1__00036.wav,pedalboard-tanh,les_bridge_pick21,0.0054664016,les_neck_pick04__d7t2__00037.wav,lsp-hardclip,7,7,1,2,34.075823464139134,34.07942205160116
les_bridge_pick21__d7t2__00037.wav,pedalboard-tanh,les_bridge_pick21,0.001473844,les_neck_pick04__d7t3__00038.wav,lsp-arctan,7,7,2,3,34.075823464139134,34.09435618625095
les_bridge_pick21__d7t3__00038.wav,pedalboard-tanh,les_bridge_pick21,0.0009085536,les_neck_pick04__d7t4__00039.wav,lsp-arctan,7,7,3,4,34.075823464139134,34.09435618625095
les_bridge_pick21__d7t4__00039.wav,pedalboard-tanh,les_bridge_pick21,0.0009698868,les_neck_fing01__d7t4__00039.wav,lsp-sine,7,7,4,4,34.075823464139134,34.094517939627885
les_neck_fing03__d0t0__00000.wav,pedalboard-tanh,les_neck_fing03,0.0031826496,les_bridge_fing20__d0t0__00000.wav,byod-mxr,0,0,0,0,5.0,5.0
les_neck_fing03__d0t1__00001.wav,pedalboard-tanh,les_neck_fing03,0.0025459528,les_neck_pick02__d0t1__00001.wav,lsp-tanh,0,0,1,1,5.0,5.0
les_neck_fing03__d0t2__00002.wav,pedalboard-tanh,les_neck_fing03,0.0014723539,les_bridge_fing24__d1t3__00008.wav,lsp-sine,0,1,2,3,5.0,9.202349861352678
les_neck_fing03__d0t3__00003.wav,pedalboard-tanh,les_neck_fing03,0.0015665293,les_neck_pick02__d0t3__00003.wav,lsp-arctan,0,0,3,3,5.0,5.005872107125804
les_neck_fing03__d0t4__00004.wav,pedalboard-tanh,les_neck_fing03,0.001827836,les_neck_pick02__d0t4__00004.wav,lsp-tanh,0,0,4,4,5.0,5.0
les_neck_fing03__d1t0__00005.wav,pedalboard-tanh,les_neck_fing03,0.00027930737,les_neck_pick02__d1t0__00005.wav,lsp-sine,1,1,0,0,9.146047429418331,9.202349861352678
les_neck_fing03__d1t1__00006.wav,pedalboard-tanh,les_neck_fing03,0.0010349154,les_neck_pick02__d1t1__00006.wav,lsp-sine,1,1,1,1,9.146047429418331,9.202349861352678
les_neck_fing03__d1t2__00007.wav,pedalboard-tanh,les_neck_fing03,0.00079363585,les_neck_pick02__d1t2__00007.wav,lsp-sine,1,1,2,2,9.146047429418331,9.202349861352678
les_neck_fing03__d1t3__00008.wav,pedalboard-tanh,les_neck_fing03,0.00040233135,les_neck_pick02__d1t3__00008.wav,lsp-sine,1,1,3,3,9.146047429418331,9.202349861352678
les_neck_fing03__d1t4__00009.wav,pedalboard-tanh,les_neck_fing03,0.0012284517,les_neck_pick02__d1t4__00009.wav,lsp-tanh,1,1,4,4,9.146047429418331,9.088421535688989
les_neck_fing03__d2t0__00010.wav,pedalboard-tanh,les_neck_fing03,0.0005427599,les_neck_pick02__d2t0__00010.wav,byod-mxr,2,2,0,0,13.296816138037473,13.292365801948186
les_neck_fing03__d2t1__00011.wav,pedalboard-tanh,les_neck_fing03,0.0010869503,les_neck_pick02__d2t1__00011.wav,lsp-tanh,2,2,1,1,13.296816138037473,13.297259315581634
les_neck_fing03__d2t2__00012.wav,pedalboard-tanh,les_neck_fing03,0.00040906668,les_neck_pick02__d2t2__00012.wav,lsp-arctan,2,2,2,2,13.296816138037473,13.270071970821393
les_neck_fing03__d2t3__00013.wav,pedalboard-tanh,les_neck_fing03,0.000498116,les_neck_pick02__d2t3__00013.wav,lsp-arctan,2,2,3,3,13.296816138037473,13.270071970821393
les_neck_fing03__d2t4__00014.wav,pedalboard-tanh,les_neck_fing03,0.002952814,les_neck_pick02__d1t4__00009.wav,byod-mxr,2,1,4,4,13.296816138037473,9.107670514338215
les_neck_fing03__d3t0__00015.wav,pedalboard-tanh,les_neck_fing03,0.00075119734,les_neck_pick05__d3t0__00015.wav,lsp-arctan,3,3,0,0,17.454399305827287,17.436825605717576
les_neck_fing03__d3t1__00016.wav,pedalboard-tanh,les_neck_fing03,0.0009354353,les_bridge_fing24__d3t2__00017.wav,lsp-tanh,3,3,1,2,17.454399305827287,17.426284440144894
les_neck_fing03__d3t2__00017.wav,pedalboard-tanh,les_neck_fing03,0.0012177229,les_neck_pick02__d3t2__00017.wav,byod-mxr,3,3,2,2,17.454399305827287,17.452308155418716
les_neck_fing03__d3t3__00018.wav,pedalboard-tanh,les_neck_fing03,0.0031935573,les_neck_pick02__d3t3__00018.wav,byod-mxr,3,3,3,3,17.454399305827287,17.452308155418716
les_neck_fing03__d3t4__00019.wav,pedalboard-tanh,les_neck_fing03,0.002643466,les_neck_pick09__d4t4__00024.wav,lsp-hardclip,3,4,4,4,17.454399305827287,21.54643860361127
les_neck_fing03__d4t0__00020.wav,pedalboard-tanh,les_neck_fing03,0.001554668,les_neck_pick02__d4t0__00020.wav,lsp-sine,4,4,0,0,21.61638024087312,21.652716208419097
les_neck_fing03__d4t1__00021.wav,pedalboard-tanh,les_neck_fing03,0.00041282177,les_neck_pick05__d4t1__00021.wav,lsp-sine,4,4,1,1,21.61638024087312,21.652716208419097
les_neck_fing03__d4t2__00022.wav,pedalboard-tanh,les_neck_fing03,0.0013059378,les_neck_pick03__d4t3__00023.wav,lsp-arctan,4,4,2,3,21.61638024087312,21.613326710488973
les_neck_fing03__d4t3__00023.wav,pedalboard-tanh,les_neck_fing03,0.00084650517,les_neck_pick05__d4t3__00023.wav,lsp-sine,4,4,3,3,21.61638024087312,21.652716208419097
les_neck_fing03__d4t4__00024.wav,pedalboard-tanh,les_neck_fing03,0.0013010502,les_neck_pick05__d4t4__00024.wav,lsp-sine,4,4,4,4,21.61638024087312,21.652716208419097
les_neck_fing03__d5t0__00025.wav,pedalboard-tanh,les_neck_fing03,0.0046067834,les_neck_pick21__d5t0__00025.wav,lsp-arctan,5,5,0,0,25.782351420955937,25.788497067568912
les_neck_fing03__d5t1__00026.wav,pedalboard-tanh,les_neck_fing03,0.002506435,les_neck_pick12__d5t3__00028.wav,lsp-tanh,5,5,1,3,25.782351420955937,25.766463780707188
les_neck_fing03__d5t2__00027.wav,pedalboard-tanh,les_neck_fing03,0.0016688108,les_neck_pick03__d5t3__00028.wav,lsp-tanh,5,5,2,3,25.782351420955937,25.766463780707188
les_neck_fing03__d5t3__00028.wav,pedalboard-tanh,les_neck_fing03,0.0011538863,les_neck_pick05__d5t3__00028.wav,byod-mxr,5,5,3,3,25.782351420955937,25.779078975465445
les_neck_fing03__d5t4__00029.wav,pedalboard-tanh,les_neck_fing03,0.0014793873,les_neck_pick05__d5t4__00029.wav,lsp-tanh,5,5,4,4,25.782351420955937,25.766463780707188
les_neck_fing03__d6t0__00030.wav,pedalboard-tanh,les_neck_fing03,0.0014932156,les_neck_pick12__d7t0__00035.wav,lsp-tanh,6,7,0,0,29.92239131554786,34.0729352593394
les_neck_fing03__d6t1__00031.wav,pedalboard-tanh,les_neck_fing03,0.002714157,les_bridge_pick22__d6t2__00032.wav,lsp-tanh,6,6,1,2,29.92239131554786,29.89601395521624
les_neck_fing03__d6t2__00032.wav,pedalboard-tanh,les_neck_fing03,0.0030892491,les_neck_fing01__d6t2__00032.wav,lsp-sine,6,6,2,2,29.92239131554786,29.915327656251563
les_neck_fing03__d6t3__00033.wav,pedalboard-tanh,les_neck_fing03,0.0008224845,les_neck_pick05__d6t3__00033.wav,lsp-sine,6,6,3,3,29.92239131554786,29.915327656251563
les_neck_fing03__d6t4__00034.wav,pedalboard-tanh,les_neck_fing03,0.00093758106,les_neck_pick05__d6t4__00034.wav,lsp-sine,6,6,4,4,29.92239131554786,29.915327656251563
les_neck_fing03__d7t0__00035.wav,pedalboard-tanh,les_neck_fing03,0.0015894175,les_neck_pick21__d7t0__00035.wav,lsp-tanh,7,7,0,0,34.075823464139134,34.0729352593394
les_neck_fing03__d7t1__00036.wav,pedalboard-tanh,les_neck_fing03,0.00462687,les_bridge_pick17__d7t1__00036.wav,lsp-tanh,7,7,1,1,34.075823464139134,34.0729352593394
les_neck_fing03__d7t2__00037.wav,pedalboard-tanh,les_neck_fing03,0.0017699003,les_neck_pick02__d7t3__00038.wav,byod-mxr,7,7,2,3,34.075823464139134,34.08156088036171
les_neck_fing03__d7t3__00038.wav,pedalboard-tanh,les_neck_fing03,0.0014952421,les_neck_fing01__d7t3__00038.wav,lsp-sine,7,7,3,3,34.075823464139134,34.094517939627885
les_neck_fing03__d7t4__00039.wav,pedalboard-tanh,les_neck_fing03,0.00094377995,les_neck_fing01__d7t4__00039.wav,lsp-sine,7,7,4,4,34.075823464139134,34.094517939627885
les_neck_fing04__d0t0__00000.wav,pedalboard-tanh,les_neck_fing04,0.0013340712,les_neck_pick12__d2t1__00011.wav,byod-mxr,0,2,0,1,5.0,13.292365801948186
les_neck_fing04__d0t1__00001.wav,pedalboard-tanh,les_neck_fing04,0.003406763,les_bridge_fing17__d3t0__00015.wav,lsp-tanh,0,3,1,0,5.0,17.426284440144894
les_neck_fing04__d0t2__00002.wav,pedalboard-tanh,les_neck_fing04,0.002614379,les_neck_pick04__d1t2__00007.wav,byod-mxr,0,1,2,2,5.0,9.107670514338215
les_neck_fing04__d0t3__00003.wav,pedalboard-tanh,les_neck_fing04,0.00782752,les_neck_fing15__d4t3__00023.wav,lsp-hardclip,0,4,3,3,5.0,21.54643860361127
les_neck_fing04__d0t4__00004.wav,pedalboard-tanh,les_neck_fing04,0.0030269027,les_neck_pick09__d0t4__00004.wav,lsp-hardclip,0,0,4,4,5.0,5.063331073032135
les_neck_fing04__d1t0__00005.wav,pedalboard-tanh,les_neck_fing04,0.0013803244,les_bridge_pick22__d1t0__00005.wav,lsp-hardclip,1,1,0,0,9.146047429418331,9.35456396552498
les_neck_fing04__d1t1__00006.wav,pedalboard-tanh,les_neck_fing04,0.0024353266,les_bridge_fing24__d3t1__00016.wav,lsp-sine,1,3,1,1,9.146047429418331,17.46073355198249
les_neck_fing04__d1t2__00007.wav,pedalboard-tanh,les_neck_fing04,0.0043582916,les_bridge_fing24__d2t3__00013.wav,byod-mxr,1,2,2,3,9.146047429418331,13.292365801948186
les_neck_fing04__d1t3__00008.wav,pedalboard-tanh,les_neck_fing04,0.0058004856,les_bridge_fing20__d2t4__00014.wav,byod-mxr,1,2,3,4,9.146047429418331,13.292365801948186
les_neck_fing04__d1t4__00009.wav,pedalboard-tanh,les_neck_fing04,0.002966106,les_neck_pick09__d0t4__00004.wav,lsp-tanh,1,0,4,4,9.146047429418331,5.0
les_neck_fing04__d2t0__00010.wav,pedalboard-tanh,les_neck_fing04,0.0015811324,les_bridge_pick22__d3t0__00015.wav,lsp-sine,2,3,0,0,13.296816138037473,17.46073355198249
les_neck_fing04__d2t1__00011.wav,pedalboard-tanh,les_neck_fing04,0.0019470453,les_neck_pick21__d4t0__00020.wav,byod-mxr,2,4,1,0,13.296816138037473,21.62039317761596
les_neck_fing04__d2t2__00012.wav,pedalboard-tanh,les_neck_fing04,0.0040615797,les_neck_pick11__d1t2__00007.wav,lsp-sine,2,1,2,2,13.296816138037473,9.202349861352678
les_neck_fing04__d2t3__00013.wav,pedalboard-tanh,les_neck_fing04,0.004770577,les_neck_pick11__d1t3__00008.wav,lsp-tanh,2,1,3,3,13.296816138037473,9.088421535688989
les_neck_fing04__d2t4__00014.wav,pedalboard-tanh,les_neck_fing04,0.0038077831,les_neck_pick11__d0t4__00004.wav,lsp-tanh,2,0,4,4,13.296816138037473,5.0
les_neck_fing04__d3t0__00015.wav,pedalboard-tanh,les_neck_fing04,0.0021582246,les_bridge_pick22__d4t0__00020.wav,lsp-tanh,3,4,0,0,17.454399305827287,21.61115826291455
les_neck_fing04__d3t1__00016.wav,pedalboard-tanh,les_neck_fing04,0.00231421,les_neck_pick21__d4t0__00020.wav,lsp-tanh,3,4,1,0,17.454399305827287,21.61115826291455
les_neck_fing04__d3t2__00017.wav,pedalboard-tanh,les_neck_fing04,0.0027276874,les_neck_pick11__d3t2__00017.wav,lsp-tanh,3,3,2,2,17.454399305827287,17.426284440144894
les_neck_fing04__d3t3__00018.wav,pedalboard-tanh,les_neck_fing04,0.0029205084,les_bridge_fing20__d3t4__00019.wav,lsp-arctan,3,3,3,4,17.454399305827287,17.436825605717576
les_neck_fing04__d3t4__00019.wav,pedalboard-tanh,les_neck_fing04,0.0034538507,les_neck_pick09__d4t4__00024.wav,lsp-hardclip,3,4,4,4,17.454399305827287,21.54643860361127
les_neck_fing04__d4t0__00020.wav,pedalboard-tanh,les_neck_fing04,0.00077176094,les_neck_pick11__d4t0__00020.wav,lsp-arctan,4,4,0,0,21.61638024087312,21.613326710488973
les_neck_fing04__d4t1__00021.wav,pedalboard-tanh,les_neck_fing04,0.0016267896,les_neck_pick11__d4t1__00021.wav,byod-mxr,4,4,1,1,21.61638024087312,21.62039317761596
les_neck_fing04__d4t2__00022.wav,pedalboard-tanh,les_neck_fing04,0.0012140274,les_neck_pick11__d4t2__00022.wav,byod-mxr,4,4,2,2,21.61638024087312,21.62039317761596
les_neck_fing04__d4t3__00023.wav,pedalboard-tanh,les_neck_fing04,0.0030530095,les_neck_pick03__d4t4__00024.wav,lsp-arctan,4,4,3,4,21.61638024087312,21.613326710488973
les_neck_fing04__d4t4__00024.wav,pedalboard-tanh,les_neck_fing04,0.0015073419,les_neck_pick02__d4t4__00024.wav,lsp-arctan,4,4,4,4,21.61638024087312,21.613326710488973
les_neck_fing04__d5t0__00025.wav,pedalboard-tanh,les_neck_fing04,0.0019431114,les_neck_pick09__d5t0__00025.wav,lsp-tanh,5,5,0,0,25.782351420955937,25.766463780707188
les_neck_fing04__d5t1__00026.wav,pedalboard-tanh,les_neck_fing04,0.0035794377,les_neck_pick11__d5t1__00026.wav,byod-mxr,5,5,1,1,25.782351420955937,25.779078975465445
les_neck_fing04__d5t2__00027.wav,pedalboard-tanh,les_neck_fing04,0.0024886131,les_bridge_pick25__d5t2__00027.wav,lsp-tanh,5,5,2,2,25.782351420955937,25.766463780707188
les_neck_fing04__d5t3__00028.wav,pedalboard-tanh,les_neck_fing04,0.0014332533,les_neck_pick09__d5t3__00028.wav,lsp-tanh,5,5,3,3,25.782351420955937,25.766463780707188
les_neck_fing04__d5t4__00029.wav,pedalboard-tanh,les_neck_fing04,0.0014383793,les_neck_pick09__d5t4__00029.wav,lsp-tanh,5,5,4,4,25.782351420955937,25.766463780707188
les_neck_fing04__d6t0__00030.wav,pedalboard-tanh,les_neck_fing04,0.0027816892,les_neck_pick09__d6t0__00030.wav,lsp-hardclip,6,6,0,0,29.92239131554786,29.908667593492765
les_neck_fing04__d6t1__00031.wav,pedalboard-tanh,les_neck_fing04,0.0027766824,les_neck_pick03__d6t1__00031.wav,lsp-hardclip,6,6,1,1,29.92239131554786,29.908667593492765
les_neck_fing04__d6t2__00032.wav,pedalboard-tanh,les_neck_fing04,0.002026379,les_neck_pick04__d7t1__00036.wav,lsp-sine,6,7,2,1,29.92239131554786,34.094517939627885
les_neck_fing04__d6t3__00033.wav,pedalboard-tanh,les_neck_fing04,0.0013062358,les_neck_fing01__d6t2__00032.wav,lsp-tanh,6,6,3,2,29.92239131554786,29.89601395521624
les_neck_fing04__d6t4__00034.wav,pedalboard-tanh,les_neck_fing04,0.000769794,les_neck_fing01__d6t3__00033.wav,lsp-tanh,6,6,4,3,29.92239131554786,29.89601395521624
les_neck_fing04__d7t0__00035.wav,pedalboard-tanh,les_neck_fing04,0.0009920001,les_bridge_fing24__d7t0__00035.wav,byod-mxr,7,7,0,0,34.075823464139134,34.08156088036171
les_neck_fing04__d7t1__00036.wav,pedalboard-tanh,les_neck_fing04,0.0021612048,les_bridge_fing24__d7t1__00036.wav,lsp-arctan,7,7,1,1,34.075823464139134,34.09435618625095
les_neck_fing04__d7t2__00037.wav,pedalboard-tanh,les_neck_fing04,0.002551794,les_bridge_fing24__d7t2__00037.wav,lsp-arctan,7,7,2,2,34.075823464139134,34.09435618625095
les_neck_fing04__d7t3__00038.wav,pedalboard-tanh,les_neck_fing04,0.0016877055,les_neck_pick09__d7t3__00038.wav,lsp-tanh,7,7,3,3,34.075823464139134,34.0729352593394
les_neck_fing04__d7t4__00039.wav,pedalboard-tanh,les_neck_fing04,0.0012509823,les_neck_pick09__d7t4__00039.wav,lsp-tanh,7,7,4,4,34.075823464139134,34.0729352593394
les_neck_fing09__d0t0__00000.wav,pedalboard-tanh,les_neck_fing09,0.015112817,les_bridge_pick16__d2t0__00010.wav,lsp-arctan,0,2,0,0,5.0,13.270071970821393
les_neck_fing09__d0t1__00001.wav,pedalboard-tanh,les_neck_fing09,0.01575917,les_bridge_fing21__d0t1__00001.wav,lsp-sine,0,0,1,1,5.0,5.041347474059023
les_neck_fing09__d0t2__00002.wav,pedalboard-tanh,les_neck_fing09,0.0101236105,les_neck_fing15__d3t0__00015.wav,byod-mxr,0,3,2,0,5.0,17.452308155418716
les_neck_fing09__d0t3__00003.wav,pedalboard-tanh,les_neck_fing09,0.0029591918,les_neck_fing15__d2t2__00012.wav,byod-mxr,0,2,3,2,5.0,13.292365801948186
les_neck_fing09__d0t4__00004.wav,pedalboard-tanh,les_neck_fing09,0.005649209,les_neck_fing15__d2t4__00014.wav,byod-mxr,0,2,4,4,5.0,13.292365801948186
les_neck_fing09__d1t0__00005.wav,pedalboard-tanh,les_neck_fing09,0.0056402087,les_bridge_fing21__d0t0__00000.wav,lsp-arctan,1,0,0,0,9.146047429418331,5.005872107125804
les_neck_fing09__d1t1__00006.wav,pedalboard-tanh,les_neck_fing09,0.01184684,les_bridge_pick22__d0t0__00000.wav,byod-mxr,1,0,1,0,9.146047429418331,5.0
les_neck_fing09__d1t2__00007.wav,pedalboard-tanh,les_neck_fing09,0.001462698,les_bridge_fing21__d0t2__00002.wav,lsp-arctan,1,0,2,2,9.146047429418331,5.005872107125804
les_neck_fing09__d1t3__00008.wav,pedalboard-tanh,les_neck_fing09,0.0018437505,les_neck_fing15__d3t2__00017.wav,lsp-hardclip,1,3,3,2,9.146047429418331,17.563088337099366
les_neck_fing09__d1t4__00009.wav,pedalboard-tanh,les_neck_fing09,0.005982518,les_neck_pick02__d1t3__00008.wav,lsp-arctan,1,1,4,3,9.146047429418331,9.170316408518453
les_neck_fing09__d2t0__00010.wav,pedalboard-tanh,les_neck_fing09,0.0015273094,les_neck_pick12__d0t0__00000.wav,lsp-arctan,2,0,0,0,13.296816138037473,5.005872107125804
les_neck_fing09__d2t1__00011.wav,pedalboard-tanh,les_neck_fing09,0.0039395094,les_neck_pick12__d1t1__00006.wav,lsp-tanh,2,1,1,1,13.296816138037473,9.088421535688989
les_neck_fing09__d2t2__00012.wav,pedalboard-tanh,les_neck_fing09,0.0010952353,les_bridge_fing24__d2t1__00011.wav,lsp-tanh,2,2,2,1,13.296816138037473,13.297259315581634
les_neck_fing09__d2t3__00013.wav,pedalboard-tanh,les_neck_fing09,0.0031238794,les_bridge_pick17__d2t2__00012.wav,lsp-arctan,2,2,3,2,13.296816138037473,13.270071970821393
les_neck_fing09__d2t4__00014.wav,pedalboard-tanh,les_neck_fing09,0.0075327754,les_neck_pick02__d2t3__00013.wav,lsp-tanh,2,2,4,3,13.296816138037473,13.297259315581634
les_neck_fing09__d3t0__00015.wav,pedalboard-tanh,les_neck_fing09,0.006534815,les_bridge_fing21__d2t0__00010.wav,lsp-arctan,3,2,0,0,17.454399305827287,13.270071970821393
les_neck_fing09__d3t1__00016.wav,pedalboard-tanh,les_neck_fing09,0.0012161136,les_neck_pick09__d0t0__00000.wav,lsp-tanh,3,0,1,0,17.454399305827287,5.0
les_neck_fing09__d3t2__00017.wav,pedalboard-tanh,les_neck_fing09,0.0026109219,les_neck_pick11__d1t1__00006.wav,lsp-tanh,3,1,2,1,17.454399305827287,9.088421535688989
les_neck_fing09__d3t3__00018.wav,pedalboard-tanh,les_neck_fing09,0.0024365783,les_neck_pick11__d2t2__00012.wav,lsp-arctan,3,2,3,2,17.454399305827287,13.270071970821393
les_neck_fing09__d3t4__00019.wav,pedalboard-tanh,les_neck_fing09,0.007324338,les_neck_pick11__d3t3__00018.wav,lsp-sine,3,3,4,3,17.454399305827287,17.46073355198249
les_neck_fing09__d4t0__00020.wav,pedalboard-tanh,les_neck_fing09,0.0018086433,les_neck_pick12__d4t0__00020.wav,lsp-sine,4,4,0,0,21.61638024087312,21.652716208419097
les_neck_fing09__d4t1__00021.wav,pedalboard-tanh,les_neck_fing09,0.0005712509,les_neck_pick09__d4t0__00020.wav,lsp-sine,4,4,1,0,21.61638024087312,21.652716208419097
les_neck_fing09__d4t2__00022.wav,pedalboard-tanh,les_neck_fing09,0.003005147,les_neck_pick11__d4t1__00021.wav,lsp-sine,4,4,2,1,21.61638024087312,21.652716208419097
les_neck_fing09__d4t3__00023.wav,pedalboard-tanh,les_neck_fing09,0.0042835474,les_neck_pick11__d4t2__00022.wav,lsp-tanh,4,4,3,2,21.61638024087312,21.61115826291455
les_neck_fing09__d4t4__00024.wav,pedalboard-tanh,les_neck_fing09,0.0038550496,les_bridge_pick17__d4t3__00023.wav,byod-mxr,4,4,4,3,21.61638024087312,21.62039317761596
les_neck_fing09__d5t0__00025.wav,pedalboard-tanh,les_neck_fing09,0.0018321276,les_neck_pick07__d4t1__00021.wav,lsp-arctan,5,4,0,1,25.782351420955937,21.613326710488973
les_neck_fing09__d5t1__00026.wav,pedalboard-tanh,les_neck_fing09,0.0015033484,les_neck_pick09__d5t0__00025.wav,lsp-sine,5,5,1,0,25.782351420955937,25.7855895742644
les_neck_fing09__d5t2__00027.wav,pedalboard-tanh,les_neck_fing09,0.003998816,les_neck_pick07__d4t3__00023.wav,byod-mxr,5,4,2,3,25.782351420955937,21.62039317761596
les_neck_fing09__d5t3__00028.wav,pedalboard-tanh,les_neck_fing09,0.0026863813,les_neck_pick11__d5t2__00027.wav,lsp-tanh,5,5,3,2,25.782351420955937,25.766463780707188
les_neck_fing09__d5t4__00029.wav,pedalboard-tanh,les_neck_fing09,0.0038434863,les_neck_pick11__d5t3__00028.wav,lsp-sine,5,5,4,3,25.782351420955937,25.7855895742644
les_neck_fing09__d6t0__00030.wav,pedalboard-tanh,les_neck_fing09,0.0024289489,les_neck_pick07__d5t1__00026.wav,byod-mxr,6,5,0,1,29.92239131554786,25.779078975465445
les_neck_fing09__d6t1__00031.wav,pedalboard-tanh,les_neck_fing09,0.004349947,les_bridge_fing24__d6t0__00030.wav,lsp-arctan,6,6,1,0,29.92239131554786,29.91872954355242
les_neck_fing09__d6t2__00032.wav,pedalboard-tanh,les_neck_fing09,0.0037571192,les_neck_pick11__d6t1__00031.wav,lsp-sine,6,6,2,1,29.92239131554786,29.915327656251563
les_neck_fing09__d6t3__00033.wav,pedalboard-tanh,les_neck_fing09,0.0040237904,les_neck_pick04__d7t1__00036.wav,lsp-tanh,6,7,3,1,29.92239131554786,34.0729352593394
les_neck_fing09__d6t4__00034.wav,pedalboard-tanh,les_neck_fing09,0.006649077,les_neck_pick05__d6t2__00032.wav,lsp-tanh,6,6,4,2,29.92239131554786,29.89601395521624
les_neck_fing09__d7t0__00035.wav,pedalboard-tanh,les_neck_fing09,0.002737701,les_neck_pick07__d6t1__00031.wav,byod-mxr,7,6,0,1,34.075823464139134,29.91150927100104
les_neck_fing09__d7t1__00036.wav,pedalboard-tanh,les_neck_fing09,0.0022906065,les_bridge_fing21__d7t0__00035.wav,lsp-sine,7,7,1,0,34.075823464139134,34.094517939627885
les_neck_fing09__d7t2__00037.wav,pedalboard-tanh,les_neck_fing09,0.0022240877,les_bridge_fing24__d7t1__00036.wav,lsp-arctan,7,7,2,1,34.075823464139134,34.09435618625095
les_neck_fing09__d7t3__00038.wav,pedalboard-tanh,les_neck_fing09,0.0026740432,les_neck_fing01__d7t1__00036.wav,lsp-sine,7,7,3,1,34.075823464139134,34.094517939627885
les_neck_fing09__d7t4__00039.wav,pedalboard-tanh,les_neck_fing09,0.0029844642,les_bridge_fing24__d7t3__00038.wav,lsp-hardclip,7,7,4,3,34.075823464139134,34.07942205160116
les_neck_fing11__d0t0__00000.wav,pedalboard-tanh,les_neck_fing11,0.029917777,les_bridge_pick16__d2t0__00010.wav,lsp-arctan,0,2,0,0,5.0,13.270071970821393
les_neck_fing11__d0t1__00001.wav,pedalboard-tanh,les_neck_fing11,0.028024137,les_bridge_pick16__d1t0__00005.wav,byod-mxr,0,1,1,0,5.0,9.107670514338215
les_neck_fing11__d0t2__00002.wav,pedalboard-tanh,les_neck_fing11,0.02040726,les_bridge_pick16__d0t0__00000.wav,byod-mxr,0,0,2,0,5.0,5.0
les_neck_fing11__d0t3__00003.wav,pedalboard-tanh,les_neck_fing11,0.0048291087,les_neck_fing15__d3t0__00015.wav,byod-mxr,0,3,3,0,5.0,17.452308155418716
les_neck_fing11__d0t4__00004.wav,pedalboard-tanh,les_neck_fing11,0.013269961,les_neck_fing15__d1t2__00007.wav,lsp-hardclip,0,1,4,2,5.0,9.35456396552498
les_neck_fing11__d1t0__00005.wav,pedalboard-tanh,les_neck_fing11,0.014341831,les_neck_pick12__d0t0__00000.wav,lsp-tanh,1,0,0,0,9.146047429418331,5.0
les_neck_fing11__d1t1__00006.wav,pedalboard-tanh,les_neck_fing11,0.02339375,les_bridge_pick16__d2t0__00010.wav,lsp-arctan,1,2,1,0,9.146047429418331,13.270071970821393
les_neck_fing11__d1t2__00007.wav,pedalboard-tanh,les_neck_fing11,0.019170523,les_bridge_pick16__d0t1__00001.wav,lsp-arctan,1,0,2,1,9.146047429418331,5.005872107125804
les_neck_fing11__d1t3__00008.wav,pedalboard-tanh,les_neck_fing11,0.0020676851,les_neck_fing15__d4t0__00020.wav,lsp-sine,1,4,3,0,9.146047429418331,21.652716208419097
les_neck_fing11__d1t4__00009.wav,pedalboard-tanh,les_neck_fing11,0.0062140226,les_neck_fing01__d0t2__00002.wav,lsp-tanh,1,0,4,2,9.146047429418331,5.0
les_neck_fing11__d2t0__00010.wav,pedalboard-tanh,les_neck_fing11,0.0032408834,les_neck_pick12__d0t0__00000.wav,lsp-arctan,2,0,0,0,13.296816138037473,5.005872107125804
les_neck_fing11__d2t1__00011.wav,pedalboard-tanh,les_neck_fing11,0.0027062893,les_neck_pick12__d0t0__00000.wav,byod-mxr,2,0,1,0,13.296816138037473,5.0
les_neck_fing11__d2t2__00012.wav,pedalboard-tanh,les_neck_fing11,0.000808239,les_bridge_fing24__d2t0__00010.wav,lsp-arctan,2,2,2,0,13.296816138037473,13.270071970821393
les_neck_fing11__d2t3__00013.wav,pedalboard-tanh,les_neck_fing11,0.0036348104,les_neck_pick02__d0t1__00001.wav,lsp-hardclip,2,0,3,1,13.296816138037473,5.063331073032135
les_neck_fing11__d2t4__00014.wav,pedalboard-tanh,les_neck_fing11,0.009464204,les_neck_fing01__d2t2__00012.wav,lsp-arctan,2,2,4,2,13.296816138037473,13.270071970821393
les_neck_fing11__d3t0__00015.wav,pedalboard-tanh,les_neck_fing11,0.006151557,les_neck_pick12__d1t0__00005.wav,byod-mxr,3,1,0,0,17.454399305827287,9.107670514338215
les_neck_fing11__d3t1__00016.wav,pedalboard-tanh,les_neck_fing11,0.0012123585,les_bridge_pick22__d3t0__00015.wav,lsp-sine,3,3,1,0,17.454399305827287,17.46073355198249
les_neck_fing11__d3t2__00017.wav,pedalboard-tanh,les_neck_fing11,0.0025292635,les_neck_pick03__d4t0__00020.wav,byod-mxr,3,4,2,0,17.454399305827287,21.62039317761596
les_neck_fing11__d3t3__00018.wav,pedalboard-tanh,les_neck_fing11,0.0046889186,les_neck_pick12__d3t4__00019.wav,lsp-arctan,3,3,3,4,17.454399305827287,17.436825605717576
les_neck_fing11__d3t4__00019.wav,pedalboard-tanh,les_neck_fing11,0.007595837,les_bridge_fing24__d3t4__00019.wav,byod-mxr,3,3,4,4,17.454399305827287,17.452308155418716
les_neck_fing11__d4t0__00020.wav,pedalboard-tanh,les_neck_fing11,0.0033592582,les_neck_pick07__d4t0__00020.wav,lsp-hardclip,4,4,0,0,21.61638024087312,21.54643860361127
les_neck_fing11__d4t1__00021.wav,pedalboard-tanh,les_neck_fing11,0.0015134215,les_neck_pick11__d4t0__00020.wav,lsp-sine,4,4,1,0,21.61638024087312,21.652716208419097
les_neck_fing11__d4t2__00022.wav,pedalboard-tanh,les_neck_fing11,0.0015012622,les_neck_pick12__d4t2__00022.wav,lsp-arctan,4,4,2,2,21.61638024087312,21.613326710488973
les_neck_fing11__d4t3__00023.wav,pedalboard-tanh,les_neck_fing11,0.0043278337,les_bridge_fing17__d4t1__00021.wav,byod-mxr,4,4,3,1,21.61638024087312,21.62039317761596
les_neck_fing11__d4t4__00024.wav,pedalboard-tanh,les_neck_fing11,0.0062571764,les_neck_fing01__d4t2__00022.wav,lsp-tanh,4,4,4,2,21.61638024087312,21.61115826291455
les_neck_fing11__d5t0__00025.wav,pedalboard-tanh,les_neck_fing11,0.0024485588,les_bridge_fing21__d5t0__00025.wav,lsp-tanh,5,5,0,0,25.782351420955937,25.766463780707188
les_neck_fing11__d5t1__00026.wav,pedalboard-tanh,les_neck_fing11,0.0024240017,les_neck_pick09__d5t0__00025.wav,lsp-sine,5,5,1,0,25.782351420955937,25.7855895742644
les_neck_fing11__d5t2__00027.wav,pedalboard-tanh,les_neck_fing11,0.0030514598,les_neck_pick11__d5t1__00026.wav,lsp-hardclip,5,5,2,1,25.782351420955937,25.79865436059077
les_neck_fing11__d5t3__00028.wav,pedalboard-tanh,les_neck_fing11,0.0048432946,les_bridge_fing24__d4t4__00024.wav,lsp-arctan,5,4,3,4,25.782351420955937,21.613326710488973
les_neck_fing11__d5t4__00029.wav,pedalboard-tanh,les_neck_fing11,0.0036675334,les_bridge_pick22__d4t4__00024.wav,lsp-arctan,5,4,4,4,25.782351420955937,21.613326710488973
les_neck_fing11__d6t0__00030.wav,pedalboard-tanh,les_neck_fing11,0.002476275,les_bridge_pick16__d5t0__00025.wav,lsp-arctan,6,5,0,0,29.92239131554786,25.788497067568912
les_neck_fing11__d6t1__00031.wav,pedalboard-tanh,les_neck_fing11,0.001595974,les_neck_pick05__d6t0__00030.wav,lsp-hardclip,6,6,1,0,29.92239131554786,29.908667593492765
les_neck_fing11__d6t2__00032.wav,pedalboard-tanh,les_neck_fing11,0.0027359128,les_neck_pick03__d6t1__00031.wav,byod-mxr,6,6,2,1,29.92239131554786,29.91150927100104
les_neck_fing11__d6t3__00033.wav,pedalboard-tanh,les_neck_fing11,0.0027793646,les_neck_pick02__d6t2__00032.wav,byod-mxr,6,6,3,2,29.92239131554786,29.91150927100104
les_neck_fing11__d6t4__00034.wav,pedalboard-tanh,les_neck_fing11,0.0032880306,les_neck_pick04__d6t3__00033.wav,byod-mxr,6,6,4,3,29.92239131554786,29.91150927100104
les_neck_fing11__d7t0__00035.wav,pedalboard-tanh,les_neck_fing11,0.0011533499,les_bridge_pick16__d6t0__00030.wav,lsp-sine,7,6,0,0,34.075823464139134,29.915327656251563
les_neck_fing11__d7t1__00036.wav,pedalboard-tanh,les_neck_fing11,0.003188312,les_neck_pick11__d6t1__00031.wav,lsp-hardclip,7,6,1,1,34.075823464139134,29.908667593492765
les_neck_fing11__d7t2__00037.wav,pedalboard-tanh,les_neck_fing11,0.0019480586,les_neck_pick09__d6t2__00032.wav,lsp-arctan,7,6,2,2,34.075823464139134,29.91872954355242
les_neck_fing11__d7t3__00038.wav,pedalboard-tanh,les_neck_fing11,0.0023781061,les_bridge_fing24__d6t4__00034.wav,lsp-sine,7,6,3,4,34.075823464139134,29.915327656251563
les_neck_fing11__d7t4__00039.wav,pedalboard-tanh,les_neck_fing11,0.0033330917,les_neck_pick09__d6t4__00034.wav,byod-mxr,7,6,4,4,34.075823464139134,29.91150927100104
les_neck_fing16__d0t0__00000.wav,pedalboard-tanh,les_neck_fing16,0.01709336,les_bridge_pick16__d0t0__00000.wav,byod-mxr,0,0,0,0,5.0,5.0
les_neck_fing16__d0t1__00001.wav,pedalboard-tanh,les_neck_fing16,0.005444765,les_bridge_pick16__d0t0__00000.wav,byod-mxr,0,0,1,0,5.0,5.0
les_neck_fing16__d0t2__00002.wav,pedalboard-tanh,les_neck_fing16,0.0203619,les_bridge_pick16__d0t1__00001.wav,lsp-arctan,0,0,2,1,5.0,5.005872107125804
les_neck_fing16__d0t3__00003.wav,pedalboard-tanh,les_neck_fing16,0.011208177,les_bridge_pick16__d0t2__00002.wav,lsp-arctan,0,0,3,2,5.0,5.005872107125804
les_neck_fing16__d0t4__00004.wav,pedalboard-tanh,les_neck_fing16,0.0127289295,les_bridge_pick16__d1t2__00007.wav,byod-mxr,0,1,4,2,5.0,9.107670514338215
les_neck_fing16__d1t0__00005.wav,pedalboard-tanh,les_neck_fing16,0.0053246617,les_bridge_pick16__d0t0__00000.wav,byod-mxr,1,0,0,0,9.146047429418331,5.0
les_neck_fing16__d1t1__00006.wav,pedalboard-tanh,les_neck_fing16,0.005478859,les_bridge_pick16__d1t0__00005.wav,lsp-arctan,1,1,1,0,9.146047429418331,9.170316408518453
les_neck_fing16__d1t2__00007.wav,pedalboard-tanh,les_neck_fing16,0.00459975,les_bridge_pick16__d1t1__00006.wav,lsp-sine,1,1,2,1,9.146047429418331,9.202349861352678
les_neck_fing16__d1t3__00008.wav,pedalboard-tanh,les_neck_fing16,0.0011086464,les_neck_fing01__d2t0__00010.wav,lsp-tanh,1,2,3,0,9.146047429418331,13.297259315581634
les_neck_fing16__d1t4__00009.wav,pedalboard-tanh,les_neck_fing16,0.00527972,les_bridge_pick17__d3t0__00015.wav,lsp-hardclip,1,3,4,0,9.146047429418331,17.563088337099366
les_neck_fing16__d2t0__00010.wav,pedalboard-tanh,les_neck_fing16,0.0037795305,les_bridge_pick16__d2t0__00010.wav,lsp-arctan,2,2,0,0,13.296816138037473,13.270071970821393
les_neck_fing16__d2t1__00011.wav,pedalboard-tanh,les_neck_fing16,0.0015408397,les_neck_pick12__d1t1__00006.wav,lsp-arctan,2,1,1,1,13.296816138037473,9.170316408518453
les_neck_fing16__d2t2__00012.wav,pedalboard-tanh,les_neck_fing16,0.0026598573,les_bridge_fing24__d3t0__00015.wav,lsp-hardclip,2,3,2,0,13.296816138037473,17.563088337099366
les_neck_fing16__d2t3__00013.wav,pedalboard-tanh,les_neck_fing16,0.0024199486,les_bridge_pick16__d3t1__00016.wav,lsp-sine,2,3,3,1,13.296816138037473,17.46073355198249
les_neck_fing16__d2t4__00014.wav,pedalboard-tanh,les_neck_fing16,0.0041431785,les_bridge_pick17__d4t0__00020.wav,lsp-hardclip,2,4,4,0,13.296816138037473,21.54643860361127
les_neck_fing16__d3t0__00015.wav,pedalboard-tanh,les_neck_fing16,0.001942277,les_neck_pick12__d2t0__00010.wav,lsp-tanh,3,2,0,0,17.454399305827287,13.297259315581634
les_neck_fing16__d3t1__00016.wav,pedalboard-tanh,les_neck_fing16,0.0014551878,les_neck_pick07__d2t1__00011.wav,lsp-arctan,3,2,1,1,17.454399305827287,13.270071970821393
les_neck_fing16__d3t2__00017.wav,pedalboard-tanh,les_neck_fing16,0.0007584095,les_neck_pick11__d3t0__00015.wav,lsp-arctan,3,3,2,0,17.454399305827287,17.436825605717576
les_neck_fing16__d3t3__00018.wav,pedalboard-tanh,les_neck_fing16,0.0027175546,les_bridge_fing21__d4t1__00021.wav,lsp-hardclip,3,4,3,1,17.454399305827287,21.54643860361127
les_neck_fing16__d3t4__00019.wav,pedalboard-tanh,les_neck_fing16,0.0016500354,les_neck_pick05__d5t0__00025.wav,lsp-hardclip,3,5,4,0,17.454399305827287,25.79865436059077
les_neck_fing16__d4t0__00020.wav,pedalboard-tanh,les_neck_fing16,0.0011908412,les_neck_pick12__d4t0__00020.wav,lsp-tanh,4,4,0,0,21.61638024087312,21.61115826291455
les_neck_fing16__d4t1__00021.wav,pedalboard-tanh,les_neck_fing16,0.00087982416,les_neck_pick12__d5t0__00025.wav,lsp-sine,4,5,1,0,21.61638024087312,25.7855895742644
les_neck_fing16__d4t2__00022.wav,pedalboard-tanh,les_neck_fing16,0.00086402893,les_neck_pick11__d4t0__00020.wav,byod-mxr,4,4,2,0,21.61638024087312,21.62039317761596
les_neck_fing16__d4t3__00023.wav,pedalboard-tanh,les_neck_fing16,0.0028371215,les_neck_pick12__d5t1__00026.wav,lsp-sine,4,5,3,1,21.61638024087312,25.7855895742644
les_neck_fing16__d4t4__00024.wav,pedalboard-tanh,les_neck_fing16,0.0026824474,les_bridge_fing21__d5t1__00026.wav,lsp-tanh,4,5,4,1,21.61638024087312,25.766463780707188
les_neck_fing16__d5t0__00025.wav,pedalboard-tanh,les_neck_fing16,0.0012260079,les_neck_pick07__d4t1__00021.wav,byod-mxr,5,4,0,1,25.782351420955937,21.62039317761596
les_neck_fing16__d5t1__00026.wav,pedalboard-tanh,les_neck_fing16,0.0030406117,les_neck_pick07__d5t1__00026.wav,lsp-sine,5,5,1,1,25.782351420955937,25.7855895742644
les_neck_fing16__d5t2__00027.wav,pedalboard-tanh,les_neck_fing16,0.0028299093,les_neck_pick11__d5t0__00025.wav,byod-mxr,5,5,2,0,25.782351420955937,25.779078975465445
les_neck_fing16__d5t3__00028.wav,pedalboard-tanh,les_neck_fing16,0.0040984154,les_neck_pick05__d6t0__00030.wav,lsp-hardclip,5,6,3,0,25.782351420955937,29.908667593492765
les_neck_fing16__d5t4__00029.wav,pedalboard-tanh,les_neck_fing16,0.0034999847,les_bridge_fing21__d6t1__00031.wav,lsp-tanh,5,6,4,1,25.782351420955937,29.89601395521624
les_neck_fing16__d6t0__00030.wav,pedalboard-tanh,les_neck_fing16,0.0014408827,les_neck_pick07__d5t1__00026.wav,byod-mxr,6,5,0,1,29.92239131554786,25.779078975465445
les_neck_fing16__d6t1__00031.wav,pedalboard-tanh,les_neck_fing16,0.0012613535,les_bridge_fing21__d6t0__00030.wav,lsp-arctan,6,6,1,0,29.92239131554786,29.91872954355242
les_neck_fing16__d6t2__00032.wav,pedalboard-tanh,les_neck_fing16,0.0035864115,les_neck_pick11__d6t0__00030.wav,lsp-arctan,6,6,2,0,29.92239131554786,29.91872954355242
les_neck_fing16__d6t3__00033.wav,pedalboard-tanh,les_neck_fing16,0.0039817095,les_neck_pick09__d6t1__00031.wav,lsp-arctan,6,6,3,1,29.92239131554786,29.91872954355242
les_neck_fing16__d6t4__00034.wav,pedalboard-tanh,les_neck_fing16,0.0035880208,les_neck_pick07__d6t3__00033.wav,lsp-tanh,6,6,4,3,29.92239131554786,29.89601395521624
les_neck_fing16__d7t0__00035.wav,pedalboard-tanh,les_neck_fing16,0.0024932027,les_neck_pick07__d6t1__00031.wav,byod-mxr,7,6,0,1,34.075823464139134,29.91150927100104
les_neck_fing16__d7t1__00036.wav,pedalboard-tanh,les_neck_fing16,0.0051212907,les_neck_pick09__d6t0__00030.wav,lsp-arctan,7,6,1,0,34.075823464139134,29.91872954355242
les_neck_fing16__d7t2__00037.wav,pedalboard-tanh,les_neck_fing16,0.0060427785,les_bridge_fing20__d6t0__00030.wav,lsp-arctan,7,6,2,0,34.075823464139134,29.91872954355242
les_neck_fing16__d7t3__00038.wav,pedalboard-tanh,les_neck_fing16,0.003215015,les_bridge_fing24__d7t1__00036.wav,lsp-sine,7,7,3,1,34.075823464139134,34.094517939627885
les_neck_fing16__d7t4__00039.wav,pedalboard-tanh,les_neck_fing16,0.004386544,les_neck_pick11__d7t2__00037.wav,lsp-arctan,7,7,4,2,34.075823464139134,34.09435618625095
les_neck_fing18__d0t0__00000.wav,pedalboard-tanh,les_neck_fing18,0.0007892847,les_neck_pick04__d2t0__00010.wav,byod-mxr,0,2,0,0,5.0,13.292365801948186
les_neck_fing18__d0t1__00001.wav,pedalboard-tanh,les_neck_fing18,0.002889514,les_neck_pick12__d0t3__00003.wav,byod-mxr,0,0,1,3,5.0,5.0
les_neck_fing18__d0t2__00002.wav,pedalboard-tanh,les_neck_fing18,0.00142169,les_neck_pick02__d1t2__00007.wav,lsp-arctan,0,1,2,2,5.0,9.170316408518453
les_neck_fing18__d0t3__00003.wav,pedalboard-tanh,les_neck_fing18,0.002671659,les_neck_pick02__d1t3__00008.wav,lsp-tanh,0,1,3,3,5.0,9.088421535688989
les_neck_fing18__d0t4__00004.wav,pedalboard-tanh,les_neck_fing18,0.0045418143,les_neck_pick14__d1t3__00008.wav,byod-mxr,0,1,4,3,5.0,9.107670514338215
les_neck_fing18__d1t0__00005.wav,pedalboard-tanh,les_neck_fing18,0.0006428957,les_neck_pick03__d3t0__00015.wav,lsp-hardclip,1,3,0,0,9.146047429418331,17.563088337099366
les_neck_fing18__d1t1__00006.wav,pedalboard-tanh,les_neck_fing18,0.00074374676,les_neck_pick12__d1t3__00008.wav,byod-mxr,1,1,1,3,9.146047429418331,9.107670514338215
les_neck_fing18__d1t2__00007.wav,pedalboard-tanh,les_neck_fing18,0.0027555823,les_neck_pick02__d0t2__00002.wav,byod-mxr,1,0,2,2,9.146047429418331,5.0
les_neck_fing18__d1t3__00008.wav,pedalboard-tanh,les_neck_fing18,0.002564311,les_neck_pick02__d0t3__00003.wav,byod-mxr,1,0,3,3,9.146047429418331,5.0
les_neck_fing18__d1t4__00009.wav,pedalboard-tanh,les_neck_fing18,0.0044596195,les_neck_pick14__d2t3__00013.wav,lsp-arctan,1,2,4,3,9.146047429418331,13.270071970821393
les_neck_fing18__d2t0__00010.wav,pedalboard-tanh,les_neck_fing18,0.00079619884,les_neck_pick11__d1t0__00005.wav,byod-mxr,2,1,0,0,13.296816138037473,9.107670514338215
les_neck_fing18__d2t1__00011.wav,pedalboard-tanh,les_neck_fing18,0.00076287985,les_neck_pick12__d2t3__00013.wav,byod-mxr,2,2,1,3,13.296816138037473,13.292365801948186
les_neck_fing18__d2t2__00012.wav,pedalboard-tanh,les_neck_fing18,0.0007786155,les_neck_pick09__d0t2__00002.wav,lsp-sine,2,0,2,2,13.296816138037473,5.041347474059023
les_neck_fing18__d2t3__00013.wav,pedalboard-tanh,les_neck_fing18,0.00499177,les_bridge_fing17__d2t3__00013.wav,lsp-tanh,2,2,3,3,13.296816138037473,13.297259315581634
les_neck_fing18__d2t4__00014.wav,pedalboard-tanh,les_neck_fing18,0.004060447,les_neck_pick05__d1t4__00009.wav,lsp-sine,2,1,4,4,13.296816138037473,9.202349861352678
les_neck_fing18__d3t0__00015.wav,pedalboard-tanh,les_neck_fing18,0.0011242032,les_neck_pick12__d4t1__00021.wav,byod-mxr,3,4,0,1,17.454399305827287,21.62039317761596
les_neck_fing18__d3t1__00016.wav,pedalboard-tanh,les_neck_fing18,0.0005529523,les_neck_pick11__d3t1__00016.wav,lsp-arctan,3,3,1,1,17.454399305827287,17.436825605717576
les_neck_fing18__d3t2__00017.wav,pedalboard-tanh,les_neck_fing18,0.0026789308,les_neck_pick11__d3t2__00017.wav,lsp-tanh,3,3,2,2,17.454399305827287,17.426284440144894
les_neck_fing18__d3t3__00018.wav,pedalboard-tanh,les_neck_fing18,0.0020589828,les_neck_pick09__d4t3__00023.wav,lsp-hardclip,3,4,3,3,17.454399305827287,21.54643860361127
les_neck_fing18__d3t4__00019.wav,pedalboard-tanh,les_neck_fing18,0.0046333075,les_neck_pick09__d3t4__00019.wav,byod-mxr,3,3,4,4,17.454399305827287,17.452308155418716
les_neck_fing18__d4t0__00020.wav,pedalboard-tanh,les_neck_fing18,0.0014352798,les_bridge_fing24__d5t0__00025.wav,lsp-sine,4,5,0,0,21.61638024087312,25.7855895742644
les_neck_fing18__d4t1__00021.wav,pedalboard-tanh,les_neck_fing18,0.0025317073,les_bridge_fing20__d5t0__00025.wav,lsp-sine,4,5,1,0,21.61638024087312,25.7855895742644
les_neck_fing18__d4t2__00022.wav,pedalboard-tanh,les_neck_fing18,0.0038866997,les_neck_pick11__d4t2__00022.wav,byod-mxr,4,4,2,2,21.61638024087312,21.62039317761596
les_neck_fing18__d4t3__00023.wav,pedalboard-tanh,les_neck_fing18,0.0044487715,les_neck_pick11__d4t3__00023.wav,byod-mxr,4,4,3,3,21.61638024087312,21.62039317761596
les_neck_fing18__d4t4__00024.wav,pedalboard-tanh,les_neck_fing18,0.0020635128,les_neck_pick09__d4t4__00024.wav,lsp-arctan,4,4,4,4,21.61638024087312,21.613326710488973
les_neck_fing18__d5t0__00025.wav,pedalboard-tanh,les_neck_fing18,0.003163457,les_bridge_fing21__d6t0__00030.wav,lsp-hardclip,5,6,0,0,25.782351420955937,29.908667593492765
les_neck_fing18__d5t1__00026.wav,pedalboard-tanh,les_neck_fing18,0.003758192,les_neck_pick04__d6t0__00030.wav,lsp-arctan,5,6,1,0,25.782351420955937,29.91872954355242
les_neck_fing18__d5t2__00027.wav,pedalboard-tanh,les_neck_fing18,0.0026867986,les_neck_pick04__d6t1__00031.wav,lsp-sine,5,6,2,1,25.782351420955937,29.915327656251563
les_neck_fing18__d5t3__00028.wav,pedalboard-tanh,les_neck_fing18,0.0025607944,les_bridge_pick22__d5t3__00028.wav,lsp-hardclip,5,5,3,3,25.782351420955937,25.79865436059077
les_neck_fing18__d5t4__00029.wav,pedalboard-tanh,les_neck_fing18,0.0027585626,les_neck_pick11__d5t4__00029.wav,byod-mxr,5,5,4,4,25.782351420955937,25.779078975465445
les_neck_fing18__d6t0__00030.wav,pedalboard-tanh,les_neck_fing18,0.004449904,les_bridge_pick16__d6t0__00030.wav,lsp-sine,6,6,0,0,29.92239131554786,29.915327656251563
les_neck_fing18__d6t1__00031.wav,pedalboard-tanh,les_neck_fing18,0.0023795366,les_neck_pick02__d7t0__00035.wav,lsp-sine,6,7,1,0,29.92239131554786,34.094517939627885
les_neck_fing18__d6t2__00032.wav,pedalboard-tanh,les_neck_fing18,0.006486714,les_bridge_pick22__d6t2__00032.wav,lsp-hardclip,6,6,2,2,29.92239131554786,29.908667593492765
les_neck_fing18__d6t3__00033.wav,pedalboard-tanh,les_neck_fing18,0.002828598,les_bridge_fing24__d7t2__00037.wav,lsp-arctan,6,7,3,2,29.92239131554786,34.09435618625095
les_neck_fing18__d6t4__00034.wav,pedalboard-tanh,les_neck_fing18,0.0031378865,les_bridge_fing24__d7t3__00038.wav,lsp-arctan,6,7,4,3,29.92239131554786,34.09435618625095
les_neck_fing18__d7t0__00035.wav,pedalboard-tanh,les_neck_fing18,0.0028523803,les_neck_pick09__d7t0__00035.wav,byod-mxr,7,7,0,0,34.075823464139134,34.08156088036171
les_neck_fing18__d7t1__00036.wav,pedalboard-tanh,les_neck_fing18,0.0027254224,les_neck_pick09__d7t1__00036.wav,lsp-arctan,7,7,1,1,34.075823464139134,34.09435618625095
les_neck_fing18__d7t2__00037.wav,pedalboard-tanh,les_neck_fing18,0.0048561096,les_neck_pick09__d7t2__00037.wav,lsp-arctan,7,7,2,2,34.075823464139134,34.09435618625095
les_neck_fing18__d7t3__00038.wav,pedalboard-tanh,les_neck_fing18,0.0017451644,les_neck_pick09__d7t3__00038.wav,byod-mxr,7,7,3,3,34.075823464139134,34.08156088036171
les_neck_fing18__d7t4__00039.wav,pedalboard-tanh,les_neck_fing18,0.0015265942,les_neck_pick09__d7t4__00039.wav,lsp-arctan,7,7,4,4,34.075823464139134,34.09435618625095
les_neck_pick06__d0t0__00000.wav,pedalboard-tanh,les_neck_pick06,0.0011100769,les_bridge_pick16__d2t0__00010.wav,lsp-sine,0,2,0,0,5.0,13.251366385956809
les_neck_pick06__d0t1__00001.wav,pedalboard-tanh,les_neck_pick06,0.0012940764,les_bridge_pick25__d0t0__00000.wav,lsp-arctan,0,0,1,0,5.0,5.005872107125804
les_neck_pick06__d0t2__00002.wav,pedalboard-tanh,les_neck_pick06,0.0018911362,les_bridge_fing21__d0t2__00002.wav,lsp-tanh,0,0,2,2,5.0,5.0
les_neck_pick06__d0t3__00003.wav,pedalboard-tanh,les_neck_pick06,0.00085407495,les_neck_pick21__d0t1__00001.wav,lsp-arctan,0,0,3,1,5.0,5.005872107125804
les_neck_pick06__d0t4__00004.wav,pedalboard-tanh,les_neck_pick06,0.0020260215,les_neck_pick02__d0t2__00002.wav,lsp-arctan,0,0,4,2,5.0,5.005872107125804
les_neck_pick06__d1t0__00005.wav,pedalboard-tanh,les_neck_pick06,0.0025033355,les_bridge_pick16__d2t0__00010.wav,lsp-sine,1,2,0,0,9.146047429418331,13.251366385956809
les_neck_pick06__d1t1__00006.wav,pedalboard-tanh,les_neck_pick06,0.0010650754,les_bridge_pick25__d1t0__00005.wav,lsp-tanh,1,1,1,0,9.146047429418331,9.088421535688989
les_neck_pick06__d1t2__00007.wav,pedalboard-tanh,les_neck_pick06,0.00078099966,les_bridge_pick25__d0t1__00001.wav,lsp-tanh,1,0,2,1,9.146047429418331,5.0
les_neck_pick06__d1t3__00008.wav,pedalboard-tanh,les_neck_pick06,0.0008382797,les_neck_fing15__d3t1__00016.wav,lsp-sine,1,3,3,1,9.146047429418331,17.46073355198249
les_neck_pick06__d1t4__00009.wav,pedalboard-tanh,les_neck_pick06,0.0034959316,les_neck_pick02__d1t2__00007.wav,lsp-tanh,1,1,4,2,9.146047429418331,9.088421535688989
les_neck_pick06__d2t0__00010.wav,pedalboard-tanh,les_neck_pick06,0.00248456,les_bridge_pick22__d1t0__00005.wav,byod-mxr,2,1,0,0,13.296816138037473,9.107670514338215
les_neck_pick06__d2t1__00011.wav,pedalboard-tanh,les_neck_pick06,0.000874877,les_bridge_pick25__d2t0__00010.wav,lsp-tanh,2,2,1,0,13.296816138037473,13.297259315581634
les_neck_pick06__d2t2__00012.wav,pedalboard-tanh,les_neck_pick06,0.0025619864,les_neck_pick05__d0t0__00000.wav,byod-mxr,2,0,2,0,13.296816138037473,5.0
les_neck_pick06__d2t3__00013.wav,pedalboard-tanh,les_neck_pick06,0.0024056435,les_bridge_pick17__d2t1__00011.wav,lsp-sine,2,2,3,1,13.296816138037473,13.251366385956809
les_neck_pick06__d2t4__00014.wav,pedalboard-tanh,les_neck_pick06,0.004371822,les_neck_pick09__d0t2__00002.wav,byod-mxr,2,0,4,2,13.296816138037473,5.0
les_neck_pick06__d3t0__00015.wav,pedalboard-tanh,les_neck_pick06,0.0017409921,les_neck_pick07__d0t1__00001.wav,lsp-sine,3,0,0,1,17.454399305827287,5.041347474059023
les_neck_pick06__d3t1__00016.wav,pedalboard-tanh,les_neck_pick06,0.00034713745,les_neck_pick09__d0t0__00000.wav,lsp-sine,3,0,1,0,17.454399305827287,5.041347474059023
les_neck_pick06__d3t2__00017.wav,pedalboard-tanh,les_neck_pick06,0.0014443398,les_bridge_fing24__d3t1__00016.wav,lsp-sine,3,3,2,1,17.454399305827287,17.46073355198249
les_neck_pick06__d3t3__00018.wav,pedalboard-tanh,les_neck_pick06,0.0014857054,les_neck_pick05__d3t1__00016.wav,lsp-arctan,3,3,3,1,17.454399305827287,17.436825605717576
les_neck_pick06__d3t4__00019.wav,pedalboard-tanh,les_neck_pick06,0.0029776692,les_bridge_pick25__d3t3__00018.wav,lsp-arctan,3,3,4,3,17.454399305827287,17.436825605717576
les_neck_pick06__d4t0__00020.wav,pedalboard-tanh,les_neck_pick06,0.00058984756,les_bridge_pick22__d4t0__00020.wav,lsp-arctan,4,4,0,0,21.61638024087312,21.613326710488973
les_neck_pick06__d4t1__00021.wav,pedalboard-tanh,les_neck_pick06,0.0018399954,les_bridge_pick22__d4t1__00021.wav,byod-mxr,4,4,1,1,21.61638024087312,21.62039317761596
les_neck_pick06__d4t2__00022.wav,pedalboard-tanh,les_neck_pick06,0.0018511415,les_neck_pick11__d4t1__00021.wav,lsp-sine,4,4,2,1,21.61638024087312,21.652716208419097
les_neck_pick06__d4t3__00023.wav,pedalboard-tanh,les_neck_pick06,0.0032829642,les_neck_pick05__d5t1__00026.wav,lsp-hardclip,4,5,3,1,21.61638024087312,25.79865436059077
les_neck_pick06__d4t4__00024.wav,pedalboard-tanh,les_neck_pick06,0.0062975883,les_bridge_pick22__d4t3__00023.wav,lsp-tanh,4,4,4,3,21.61638024087312,21.61115826291455
les_neck_pick06__d5t0__00025.wav,pedalboard-tanh,les_neck_pick06,0.0023969412,les_bridge_fing24__d5t0__00025.wav,lsp-arctan,5,5,0,0,25.782351420955937,25.788497067568912
les_neck_pick06__d5t1__00026.wav,pedalboard-tanh,les_neck_pick06,0.0023307204,les_neck_pick05__d5t0__00025.wav,lsp-tanh,5,5,1,0,25.782351420955937,25.766463780707188
les_neck_pick06__d5t2__00027.wav,pedalboard-tanh,les_neck_pick06,0.0016690493,les_neck_pick12__d6t1__00031.wav,lsp-sine,5,6,2,1,25.782351420955937,29.915327656251563
les_neck_pick06__d5t3__00028.wav,pedalboard-tanh,les_neck_pick06,0.0035844445,les_neck_pick04__d6t1__00031.wav,lsp-arctan,5,6,3,1,25.782351420955937,29.91872954355242
les_neck_pick06__d5t4__00029.wav,pedalboard-tanh,les_neck_pick06,0.0032593012,les_bridge_fing17__d6t1__00031.wav,lsp-tanh,5,6,4,1,25.782351420955937,29.89601395521624
les_neck_pick06__d6t0__00030.wav,pedalboard-tanh,les_neck_pick06,0.0019948483,les_bridge_pick22__d6t0__00030.wav,lsp-tanh,6,6,0,0,29.92239131554786,29.89601395521624
les_neck_pick06__d6t1__00031.wav,pedalboard-tanh,les_neck_pick06,0.00636065,les_neck_pick12__d7t0__00035.wav,lsp-sine,6,7,1,0,29.92239131554786,34.094517939627885
les_neck_pick06__d6t2__00032.wav,pedalboard-tanh,les_neck_pick06,0.0032682419,les_neck_pick09__d6t1__00031.wav,lsp-sine,6,6,2,1,29.92239131554786,29.915327656251563
les_neck_pick06__d6t3__00033.wav,pedalboard-tanh,les_neck_pick06,0.0040726066,les_neck_pick02__d7t1__00036.wav,lsp-sine,6,7,3,1,29.92239131554786,34.094517939627885
les_neck_pick06__d6t4__00034.wav,pedalboard-tanh,les_neck_pick06,0.004265249,les_bridge_fing24__d6t3__00033.wav,lsp-tanh,6,6,4,3,29.92239131554786,29.89601395521624
les_neck_pick06__d7t0__00035.wav,pedalboard-tanh,les_neck_pick06,0.0015528202,les_bridge_fing21__d7t0__00035.wav,lsp-tanh,7,7,0,0,34.075823464139134,34.0729352593394
les_neck_pick06__d7t1__00036.wav,pedalboard-tanh,les_neck_pick06,0.0046952367,les_bridge_fing21__d7t1__00036.wav,byod-mxr,7,7,1,1,34.075823464139134,34.08156088036171
les_neck_pick06__d7t2__00037.wav,pedalboard-tanh,les_neck_pick06,0.0027045608,les_neck_pick03__d7t1__00036.wav,lsp-arctan,7,7,2,1,34.075823464139134,34.09435618625095
les_neck_pick06__d7t3__00038.wav,pedalboard-tanh,les_neck_pick06,0.0032535791,les_neck_pick09__d7t2__00037.wav,lsp-tanh,7,7,3,2,34.075823464139134,34.0729352593394
les_neck_pick06__d7t4__00039.wav,pedalboard-tanh,les_neck_pick06,0.0033674836,les_neck_pick09__d7t3__00038.wav,lsp-arctan,7,7,4,3,34.075823464139134,34.09435618625095
les_neck_pick17__d0t0__00000.wav,pedalboard-tanh,les_neck_pick17,0.001983881,les_bridge_fing21__d1t0__00005.wav,byod-mxr,0,1,0,0,5.0,9.107670514338215
les_neck_pick17__d0t1__00001.wav,pedalboard-tanh,les_neck_pick17,0.0026395917,les_neck_pick21__d1t0__00005.wav,lsp-tanh,0,1,1,0,5.0,9.088421535688989
les_neck_pick17__d0t2__00002.wav,pedalboard-tanh,les_neck_pick17,0.004317105,les_neck_fing15__d2t1__00011.wav,byod-mxr,0,2,2,1,5.0,13.292365801948186
les_neck_pick17__d0t3__00003.wav,pedalboard-tanh,les_neck_pick17,0.011527717,les_neck_fing15__d0t3__00003.wav,lsp-arctan,0,0,3,3,5.0,5.005872107125804
les_neck_pick17__d0t4__00004.wav,pedalboard-tanh,les_neck_pick17,0.0036811233,les_neck_fing15__d1t4__00009.wav,lsp-hardclip,0,1,4,4,5.0,9.35456396552498
les_neck_pick17__d1t0__00005.wav,pedalboard-tanh,les_neck_pick17,0.0025492907,les_bridge_fing21__d1t0__00005.wav,byod-mxr,1,1,0,0,9.146047429418331,9.107670514338215
les_neck_pick17__d1t1__00006.wav,pedalboard-tanh,les_neck_pick17,0.0019932985,les_bridge_fing24__d1t0__00005.wav,byod-mxr,1,1,1,0,9.146047429418331,9.107670514338215
les_neck_pick17__d1t2__00007.wav,pedalboard-tanh,les_neck_pick17,0.010628104,les_neck_fing15__d2t1__00011.wav,byod-mxr,1,2,2,1,9.146047429418331,13.292365801948186
les_neck_pick17__d1t3__00008.wav,pedalboard-tanh,les_neck_pick17,0.0012409091,les_bridge_fing24__d1t3__00008.wav,lsp-arctan,1,1,3,3,9.146047429418331,9.170316408518453
les_neck_pick17__d1t4__00009.wav,pedalboard-tanh,les_neck_pick17,0.0030582547,les_neck_fing15__d3t3__00018.wav,byod-mxr,1,3,4,3,9.146047429418331,17.452308155418716
les_neck_pick17__d2t0__00010.wav,pedalboard-tanh,les_neck_pick17,0.003417313,les_bridge_pick22__d1t0__00005.wav,byod-mxr,2,1,0,0,13.296816138037473,9.107670514338215
les_neck_pick17__d2t1__00011.wav,pedalboard-tanh,les_neck_pick17,0.0009073019,les_neck_pick05__d2t0__00010.wav,lsp-arctan,2,2,1,0,13.296816138037473,13.270071970821393
les_neck_pick17__d2t2__00012.wav,pedalboard-tanh,les_neck_pick17,0.00095814466,les_bridge_pick17__d2t1__00011.wav,lsp-sine,2,2,2,1,13.296816138037473,13.251366385956809
les_neck_pick17__d2t3__00013.wav,pedalboard-tanh,les_neck_pick17,0.0023533106,les_neck_pick02__d2t2__00012.wav,lsp-arctan,2,2,3,2,13.296816138037473,13.270071970821393
les_neck_pick17__d2t4__00014.wav,pedalboard-tanh,les_neck_pick17,0.0058856606,les_neck_pick03__d1t4__00009.wav,lsp-sine,2,1,4,4,13.296816138037473,9.202349861352678
les_neck_pick17__d3t0__00015.wav,pedalboard-tanh,les_neck_pick17,0.0010138154,les_neck_pick12__d2t1__00011.wav,byod-mxr,3,2,0,1,17.454399305827287,13.292365801948186
les_neck_pick17__d3t1__00016.wav,pedalboard-tanh,les_neck_pick17,0.0014122128,les_neck_pick05__d3t0__00015.wav,byod-mxr,3,3,1,0,17.454399305827287,17.452308155418716
les_neck_pick17__d3t2__00017.wav,pedalboard-tanh,les_neck_pick17,0.004715562,les_bridge_fing24__d3t2__00017.wav,lsp-arctan,3,3,2,2,17.454399305827287,17.436825605717576
les_neck_pick17__d3t3__00018.wav,pedalboard-tanh,les_neck_pick17,0.0012106299,les_neck_pick09__d3t2__00017.wav,lsp-sine,3,3,3,2,17.454399305827287,17.46073355198249
les_neck_pick17__d3t4__00019.wav,pedalboard-tanh,les_neck_pick17,0.0027208924,les_neck_pick09__d3t3__00018.wav,lsp-arctan,3,3,4,3,17.454399305827287,17.436825605717576
les_neck_pick17__d4t0__00020.wav,pedalboard-tanh,les_neck_pick17,0.00043696165,les_neck_pick11__d3t0__00015.wav,lsp-arctan,4,3,0,0,21.61638024087312,17.436825605717576
les_neck_pick17__d4t1__00021.wav,pedalboard-tanh,les_neck_pick17,0.0015184879,les_neck_pick05__d4t0__00020.wav,byod-mxr,4,4,1,0,21.61638024087312,21.62039317761596
les_neck_pick17__d4t2__00022.wav,pedalboard-tanh,les_neck_pick17,0.0008504987,les_neck_pick05__d4t1__00021.wav,byod-mxr,4,4,2,1,21.61638024087312,21.62039317761596
les_neck_pick17__d4t3__00023.wav,pedalboard-tanh,les_neck_pick17,0.0023283362,les_neck_pick02__d4t2__00022.wav,lsp-arctan,4,4,3,2,21.61638024087312,21.613326710488973
les_neck_pick17__d4t4__00024.wav,pedalboard-tanh,les_neck_pick17,0.0032166839,les_neck_pick02__d4t3__00023.wav,byod-mxr,4,4,4,3,21.61638024087312,21.62039317761596
les_neck_pick17__d5t0__00025.wav,pedalboard-tanh,les_neck_pick17,0.0019926429,les_bridge_fing24__d5t0__00025.wav,byod-mxr,5,5,0,0,25.782351420955937,25.779078975465445
les_neck_pick17__d5t1__00026.wav,pedalboard-tanh,les_neck_pick17,0.002716422,les_neck_pick21__d5t0__00025.wav,lsp-tanh,5,5,1,0,25.782351420955937,25.766463780707188
les_neck_pick17__d5t2__00027.wav,pedalboard-tanh,les_neck_pick17,0.0021333694,les_neck_pick21__d5t1__00026.wav,lsp-arctan,5,5,2,1,25.782351420955937,25.788497067568912
les_neck_pick17__d5t3__00028.wav,pedalboard-tanh,les_neck_pick17,0.004106045,les_neck_pick03__d5t3__00028.wav,lsp-sine,5,5,3,3,25.782351420955937,25.7855895742644
les_neck_pick17__d5t4__00029.wav,pedalboard-tanh,les_neck_pick17,0.004234791,les_neck_pick03__d5t4__00029.wav,lsp-hardclip,5,5,4,4,25.782351420955937,25.79865436059077
les_neck_pick17__d6t0__00030.wav,pedalboard-tanh,les_neck_pick17,0.0028973222,les_bridge_fing24__d6t0__00030.wav,lsp-sine,6,6,0,0,29.92239131554786,29.915327656251563
les_neck_pick17__d6t1__00031.wav,pedalboard-tanh,les_neck_pick17,0.003074348,les_bridge_fing24__d6t1__00031.wav,byod-mxr,6,6,1,1,29.92239131554786,29.91150927100104
les_neck_pick17__d6t2__00032.wav,pedalboard-tanh,les_neck_pick17,0.0042365193,les_neck_pick21__d6t1__00031.wav,lsp-sine,6,6,2,1,29.92239131554786,29.915327656251563
les_neck_pick17__d6t3__00033.wav,pedalboard-tanh,les_neck_pick17,0.0022742152,les_neck_fing01__d6t2__00032.wav,lsp-hardclip,6,6,3,2,29.92239131554786,29.908667593492765
les_neck_pick17__d6t4__00034.wav,pedalboard-tanh,les_neck_pick17,0.0030745268,les_neck_pick03__d6t3__00033.wav,lsp-sine,6,6,4,3,29.92239131554786,29.915327656251563
les_neck_pick17__d7t0__00035.wav,pedalboard-tanh,les_neck_pick17,0.0022782683,les_neck_pick05__d6t0__00030.wav,lsp-arctan,7,6,0,0,34.075823464139134,29.91872954355242
les_neck_pick17__d7t1__00036.wav,pedalboard-tanh,les_neck_pick17,0.0014063716,les_neck_pick12__d7t1__00036.wav,lsp-hardclip,7,7,1,1,34.075823464139134,34.07942205160116
les_neck_pick17__d7t2__00037.wav,pedalboard-tanh,les_neck_pick17,0.003617406,les_bridge_fing24__d6t3__00033.wav,lsp-hardclip,7,6,2,3,34.075823464139134,29.908667593492765
les_neck_pick17__d7t3__00038.wav,pedalboard-tanh,les_neck_pick17,0.0039387345,les_neck_pick03__d7t2__00037.wav,lsp-sine,7,7,3,2,34.075823464139134,34.094517939627885
les_neck_pick17__d7t4__00039.wav,pedalboard-tanh,les_neck_pick17,0.0012258887,les_neck_fing01__d7t2__00037.wav,lsp-sine,7,7,4,2,34.075823464139134,34.094517939627885
