file_name,query_arm,query_content,distance,retrieved_file,retrieved_arm,true_drive_level,pred_drive_level,true_tone_level,pred_tone_level,true_drive_db,pred_drive_db
les_bridge_fing02__d0t0__00000.wav,byod-bigmuff,les_bridge_fing02,0.0008042455,les_neck_pick12__d5t0__00025.wav,lsp-hardclip,0,5,0,0,5.044777586688817,25.79865436059077
les_bridge_fing02__d0t1__00001.wav,byod-bigmuff,les_bridge_fing02,0.0012260675,les_neck_pick12__d5t0__00025.wav,lsp-sine,0,5,1,0,5.044777586688817,25.7855895742644
les_bridge_fing02__d0t2__00002.wav,byod-bigmuff,les_bridge_fing02,0.0059202313,les_bridge_pick17__d4t0__00020.wav,lsp-hardclip,0,4,2,0,5.044777586688817,21.54643860361127
les_bridge_fing02__d0t3__00003.wav,byod-bigmuff,les_bridge_fing02,0.007351935,les_bridge_pick25__d2t2__00012.wav,byod-mxr,0,2,3,2,5.044777586688817,13.292365801948186
les_bridge_fing02__d0t4__00004.wav,byod-bigmuff,les_bridge_fing02,0.005113244,les_bridge_pick25__d1t3__00008.wav,byod-mxr,0,1,4,3,5.044777586688817,9.107670514338215
les_bridge_fing02__d1t0__00005.wav,byod-bigmuff,les_bridge_fing02,0.00091171265,les_neck_pick12__d4t0__00020.wav,lsp-sine,1,4,0,0,9.126662172709777,21.652716208419097
les_bridge_fing02__d1t1__00006.wav,byod-bigmuff,les_bridge_fing02,0.0039415956,les_neck_pick12__d5t0__00025.wav,byod-mxr,1,5,1,0,9.126662172709777,25.779078975465445
les_bridge_fing02__d1t2__00007.wav,byod-bigmuff,les_bridge_fing02,0.006522298,les_neck_pick09__d5t0__00025.wav,byod-mxr,1,5,2,0,9.126662172709777,25.779078975465445
les_bridge_fing02__d1t3__00008.wav,byod-bigmuff,les_bridge_fing02,0.0068608522,les_bridge_fing24__d2t3__00013.wav,lsp-hardclip,1,2,3,3,9.126662172709777,13.55142968534178
les_bridge_fing02__d1t4__00009.wav,byod-bigmuff,les_bridge_fing02,0.007507801,les_bridge_pick25__d2t4__00014.wav,lsp-hardclip,1,2,4,4,9.126662172709777,13.55142968534178
les_bridge_fing02__d2t0__00010.wav,byod-bigmuff,les_bridge_fing02,0.0018439889,les_bridge_pick16__d4t0__00020.wav,pedalboard-tanh,2,4,0,0,13.312631977514853,21.61638024087312
les_bridge_fing02__d2t1__00011.wav,byod-bigmuff,les_bridge_fing02,0.004330218,les_neck_pick09__d5t0__00025.wav,lsp-sine,2,5,1,0,13.312631977514853,25.7855895742644
les_bridge_fing02__d2t2__00012.wav,byod-bigmuff,les_bridge_fing02,0.006161928,les_neck_pick02__d3t1__00016.wav,lsp-hardclip,2,3,2,1,13.312631977514853,17.563088337099366
les_bridge_fing02__d2t3__00013.wav,byod-bigmuff,les_bridge_fing02,0.00650692,les_bridge_pick17__d3t2__00017.wav,lsp-hardclip,2,3,3,2,13.312631977514853,17.563088337099366
les_bridge_fing02__d2t4__00014.wav,byod-bigmuff,les_bridge_fing02,0.008794129,les_bridge_pick17__d4t2__00022.wav,lsp-hardclip,2,4,4,2,13.312631977514853,21.54643860361127
les_bridge_fing02__d3t0__00015.wav,byod-bigmuff,les_bridge_fing02,0.007114947,les_neck_pick12__d5t0__00025.wav,lsp-arctan,3,5,0,0,17.442946393617085,25.788497067568912
les_bridge_fing02__d3t1__00016.wav,byod-bigmuff,les_bridge_fing02,0.009883642,les_neck_pick04__d5t0__00025.wav,byod-mxr,3,5,1,0,17.442946393617085,25.779078975465445
les_bridge_fing02__d3t2__00017.wav,byod-bigmuff,les_bridge_fing02,0.004493475,les_bridge_pick22__d4t2__00022.wav,lsp-hardclip,3,4,2,2,17.442946393617085,21.54643860361127
les_bridge_fing02__d3t3__00018.wav,byod-bigmuff,les_bridge_fing02,0.011361897,les_neck_pick07__d4t4__00024.wav,lsp-sine,3,4,3,4,17.442946393617085,21.652716208419097
les_bridge_fing02__d3t4__00019.wav,byod-bigmuff,les_bridge_fing02,0.009406686,les_neck_pick04__d6t1__00031.wav,byod-mxr,3,6,4,1,17.442946393617085,29.91150927100104
les_bridge_fing02__d4t0__00020.wav,byod-bigmuff,les_bridge_fing02,0.0024732947,les_bridge_pick25__d5t0__00025.wav,lsp-sine,4,5,0,0,21.5884141303546,25.7855895742644
les_bridge_fing02__d4t1__00021.wav,byod-bigmuff,les_bridge_fing02,0.0070679784,les_bridge_pick25__d5t1__00026.wav,pedalboard-tanh,4,5,1,1,21.5884141303546,25.782351420955937
les_bridge_fing02__d4t2__00022.wav,byod-bigmuff,les_bridge_fing02,0.007167995,les_neck_pick04__d5t1__00026.wav,lsp-arctan,4,5,2,1,21.5884141303546,25.788497067568912
les_bridge_fing02__d4t3__00023.wav,byod-bigmuff,les_bridge_fing02,0.002923727,les_neck_pick21__d6t1__00031.wav,byod-mxr,4,6,3,1,21.5884141303546,29.91150927100104
les_bridge_fing02__d4t4__00024.wav,byod-bigmuff,les_bridge_fing02,0.007179439,les_bridge_pick16__d6t2__00032.wav,lsp-sine,4,6,4,2,21.5884141303546,29.915327656251563
les_bridge_fing02__d5t0__00025.wav,byod-bigmuff,les_bridge_fing02,0.003464818,les_bridge_fing20__d5t0__00025.wav,lsp-sine,5,5,0,0,25.77210742134771,25.7855895742644
les_bridge_fing02__d5t1__00026.wav,byod-bigmuff,les_bridge_fing02,0.0067890882,les_bridge_pick17__d5t1__00026.wav,byod-mxr,5,5,1,1,25.77210742134771,25.779078975465445
les_bridge_fing02__d5t2__00027.wav,byod-bigmuff,les_bridge_fing02,0.0065758824,les_bridge_fing21__d6t2__00032.wav,byod-mxr,5,6,2,2,25.77210742134771,29.91150927100104
les_bridge_fing02__d5t3__00028.wav,byod-bigmuff,les_bridge_fing02,0.004113555,les_neck_fing01__d6t1__00031.wav,lsp-arctan,5,6,3,1,25.77210742134771,29.91872954355242
les_bridge_fing02__d5t4__00029.wav,byod-bigmuff,les_bridge_fing02,0.005438745,les_bridge_pick22__d6t3__00033.wav,lsp-hardclip,5,6,4,3,25.77210742134771,29.908667593492765
les_bridge_fing02__d6t0__00030.wav,byod-bigmuff,les_bridge_fing02,0.005622983,les_bridge_pick25__d6t0__00030.wav,lsp-tanh,6,6,0,0,29.9151414217934,29.89601395521624
les_bridge_fing02__d6t1__00031.wav,byod-bigmuff,les_bridge_fing02,0.0036870241,les_bridge_pick17__d6t1__00031.wav,lsp-hardclip,6,6,1,1,29.9151414217934,29.908667593492765
les_bridge_fing02__d6t2__00032.wav,byod-bigmuff,les_bridge_fing02,0.0051291585,les_neck_pick11__d6t2__00032.wav,lsp-hardclip,6,6,2,2,29.9151414217934,29.908667593492765
les_bridge_fing02__d6t3__00033.wav,byod-bigmuff,les_bridge_fing02,0.0048309565,les_neck_pick21__d7t2__00037.wav,byod-mxr,6,7,3,2,29.9151414217934,34.08156088036171
les_bridge_fing02__d6t4__00034.wav,byod-bigmuff,les_bridge_fing02,0.0043029785,les_bridge_fing20__d6t3__00033.wav,byod-mxr,6,6,4,3,29.9151414217934,29.91150927100104
les_bridge_fing02__d7t0__00035.wav,byod-bigmuff,les_bridge_fing02,0.010038018,les_bridge_pick16__d7t0__00035.wav,lsp-arctan,7,7,0,0,34.074932620854284,34.09435618625095
les_bridge_fing02__d7t1__00036.wav,byod-bigmuff,les_bridge_fing02,0.0059552193,les_bridge_pick16__d7t1__00036.wav,lsp-sine,7,7,1,1,34.074932620854284,34.094517939627885
les_bridge_fing02__d7t2__00037.wav,byod-bigmuff,les_bridge_fing02,0.009498298,les_neck_pick12__d6t4__00034.wav,lsp-hardclip,7,6,2,4,34.074932620854284,29.908667593492765
les_bridge_fing02__d7t3__00038.wav,byod-bigmuff,les_bridge_fing02,0.005366862,les_neck_pick09__d7t3__00038.wav,byod-mxr,7,7,3,3,34.074932620854284,34.08156088036171
les_bridge_fing02__d7t4__00039.wav,byod-bigmuff,les_bridge_fing02,0.0037094355,les_neck_pick03__d7t4__00039.wav,lsp-tanh,7,7,4,4,34.074932620854284,34.0729352593394
les_bridge_fing05__d0t0__00000.wav,byod-bigmuff,les_bridge_fing05,0.002383411,les_bridge_fing21__d4t0__00020.wav,lsp-hardclip,0,4,0,0,5.044777586688817,21.54643860361127
les_bridge_fing05__d0t1__00001.wav,byod-bigmuff,les_bridge_fing05,0.0024040341,les_bridge_pick17__d4t0__00020.wav,lsp-tanh,0,4,1,0,5.044777586688817,21.61115826291455
les_bridge_fing05__d0t2__00002.wav,byod-bigmuff,les_bridge_fing05,0.0033546686,les_bridge_pick17__d4t1__00021.wav,lsp-sine,0,4,2,1,5.044777586688817,21.652716208419097
les_bridge_fing05__d0t3__00003.wav,byod-bigmuff,les_bridge_fing05,0.0036807656,les_bridge_pick25__d4t2__00022.wav,lsp-sine,0,4,3,2,5.044777586688817,21.652716208419097
les_bridge_fing05__d0t4__00004.wav,byod-bigmuff,les_bridge_fing05,0.006787002,les_neck_pick09__d5t2__00027.wav,lsp-hardclip,0,5,4,2,5.044777586688817,25.79865436059077
les_bridge_fing05__d1t0__00005.wav,byod-bigmuff,les_bridge_fing05,0.003479123,les_bridge_pick22__d3t0__00015.wav,pedalboard-tanh,1,3,0,0,9.126662172709777,17.454399305827287
les_bridge_fing05__d1t1__00006.wav,byod-bigmuff,les_bridge_fing05,0.0023263693,les_bridge_pick22__d4t1__00021.wav,lsp-tanh,1,4,1,1,9.126662172709777,21.61115826291455
les_bridge_fing05__d1t2__00007.wav,byod-bigmuff,les_bridge_fing05,0.008445203,les_bridge_pick22__d4t2__00022.wav,lsp-tanh,1,4,2,2,9.126662172709777,21.61115826291455
les_bridge_fing05__d1t3__00008.wav,byod-bigmuff,les_bridge_fing05,0.0071027875,les_neck_pick09__d4t2__00022.wav,pedalboard-tanh,1,4,3,2,9.126662172709777,21.61638024087312
les_bridge_fing05__d1t4__00009.wav,byod-bigmuff,les_bridge_fing05,0.003107369,les_bridge_fing21__d4t4__00024.wav,lsp-arctan,1,4,4,4,9.126662172709777,21.613326710488973
les_bridge_fing05__d2t0__00010.wav,byod-bigmuff,les_bridge_fing05,0.0020332336,les_bridge_fing24__d5t0__00025.wav,lsp-hardclip,2,5,0,0,13.312631977514853,25.79865436059077
les_bridge_fing05__d2t1__00011.wav,byod-bigmuff,les_bridge_fing05,0.0035942197,les_bridge_pick25__d4t1__00021.wav,lsp-arctan,2,4,1,1,13.312631977514853,21.613326710488973
les_bridge_fing05__d2t2__00012.wav,byod-bigmuff,les_bridge_fing05,0.008765757,les_bridge_fing24__d4t3__00023.wav,lsp-arctan,2,4,2,3,13.312631977514853,21.613326710488973
les_bridge_fing05__d2t3__00013.wav,byod-bigmuff,les_bridge_fing05,0.00150913,les_neck_pick09__d5t2__00027.wav,byod-mxr,2,5,3,2,13.312631977514853,25.779078975465445
les_bridge_fing05__d2t4__00014.wav,byod-bigmuff,les_bridge_fing05,0.0030934215,les_neck_pick11__d5t3__00028.wav,pedalboard-tanh,2,5,4,3,13.312631977514853,25.782351420955937
les_bridge_fing05__d3t0__00015.wav,byod-bigmuff,les_bridge_fing05,0.0037978888,les_bridge_fing21__d5t1__00026.wav,lsp-hardclip,3,5,0,1,17.442946393617085,25.79865436059077
les_bridge_fing05__d3t1__00016.wav,byod-bigmuff,les_bridge_fing05,0.006258309,les_bridge_pick25__d5t1__00026.wav,lsp-arctan,3,5,1,1,17.442946393617085,25.788497067568912
les_bridge_fing05__d3t2__00017.wav,byod-bigmuff,les_bridge_fing05,0.0025459528,les_bridge_pick25__d5t2__00027.wav,byod-mxr,3,5,2,2,17.442946393617085,25.779078975465445
les_bridge_fing05__d3t3__00018.wav,byod-bigmuff,les_bridge_fing05,0.002718687,les_neck_pick11__d5t3__00028.wav,lsp-arctan,3,5,3,3,17.442946393617085,25.788497067568912
les_bridge_fing05__d3t4__00019.wav,byod-bigmuff,les_bridge_fing05,0.005181074,les_bridge_pick17__d5t3__00028.wav,lsp-hardclip,3,5,4,3,17.442946393617085,25.79865436059077
les_bridge_fing05__d4t0__00020.wav,byod-bigmuff,les_bridge_fing05,0.0045961738,les_bridge_pick17__d5t0__00025.wav,byod-mxr,4,5,0,0,21.5884141303546,25.779078975465445
les_bridge_fing05__d4t1__00021.wav,byod-bigmuff,les_bridge_fing05,0.0044718385,les_bridge_pick17__d5t1__00026.wav,lsp-sine,4,5,1,1,21.5884141303546,25.7855895742644
les_bridge_fing05__d4t2__00022.wav,byod-bigmuff,les_bridge_fing05,0.0050588846,les_neck_pick09__d5t2__00027.wav,lsp-arctan,4,5,2,2,21.5884141303546,25.788497067568912
les_bridge_fing05__d4t3__00023.wav,byod-bigmuff,les_bridge_fing05,0.005148053,les_bridge_fing21__d5t4__00029.wav,lsp-tanh,4,5,3,4,21.5884141303546,25.766463780707188
les_bridge_fing05__d4t4__00024.wav,byod-bigmuff,les_bridge_fing05,0.0029231906,les_bridge_pick16__d6t3__00033.wav,lsp-sine,4,6,4,3,21.5884141303546,29.915327656251563
les_bridge_fing05__d5t0__00025.wav,byod-bigmuff,les_bridge_fing05,0.0044803023,les_bridge_pick25__d6t0__00030.wav,pedalboard-tanh,5,6,0,0,25.77210742134771,29.92239131554786
les_bridge_fing05__d5t1__00026.wav,byod-bigmuff,les_bridge_fing05,0.010904849,les_neck_pick04__d6t1__00031.wav,lsp-hardclip,5,6,1,1,25.77210742134771,29.908667593492765
les_bridge_fing05__d5t2__00027.wav,byod-bigmuff,les_bridge_fing05,0.0045652986,les_neck_pick09__d6t2__00032.wav,lsp-sine,5,6,2,2,25.77210742134771,29.915327656251563
les_bridge_fing05__d5t3__00028.wav,byod-bigmuff,les_bridge_fing05,0.0030950308,les_bridge_fing20__d6t2__00032.wav,pedalboard-tanh,5,6,3,2,25.77210742134771,29.92239131554786
les_bridge_fing05__d5t4__00029.wav,byod-bigmuff,les_bridge_fing05,0.0016410351,les_neck_pick05__d7t3__00038.wav,byod-mxr,5,7,4,3,25.77210742134771,34.08156088036171
les_bridge_fing05__d6t0__00030.wav,byod-bigmuff,les_bridge_fing05,0.0019272566,les_bridge_fing20__d6t0__00030.wav,pedalboard-tanh,6,6,0,0,29.9151414217934,29.92239131554786
les_bridge_fing05__d6t1__00031.wav,byod-bigmuff,les_bridge_fing05,0.0070156455,les_bridge_pick22__d6t2__00032.wav,lsp-hardclip,6,6,1,2,29.9151414217934,29.908667593492765
les_bridge_fing05__d6t2__00032.wav,byod-bigmuff,les_bridge_fing05,0.003952563,les_bridge_fing24__d6t3__00033.wav,byod-mxr,6,6,2,3,29.9151414217934,29.91150927100104
les_bridge_fing05__d6t3__00033.wav,byod-bigmuff,les_bridge_fing05,0.0021055937,les_neck_pick09__d7t3__00038.wav,lsp-hardclip,6,7,3,3,29.9151414217934,34.07942205160116
les_bridge_fing05__d6t4__00034.wav,byod-bigmuff,les_bridge_fing05,0.0014890432,les_neck_pick05__d7t4__00039.wav,lsp-hardclip,6,7,4,4,29.9151414217934,34.07942205160116
les_bridge_fing05__d7t0__00035.wav,byod-bigmuff,les_bridge_fing05,0.006724179,les_bridge_pick17__d7t0__00035.wav,pedalboard-tanh,7,7,0,0,34.074932620854284,34.075823464139134
les_bridge_fing05__d7t1__00036.wav,byod-bigmuff,les_bridge_fing05,0.0063298345,les_bridge_fing17__d7t1__00036.wav,byod-mxr,7,7,1,1,34.074932620854284,34.08156088036171
les_bridge_fing05__d7t2__00037.wav,byod-bigmuff,les_bridge_fing05,0.0030850768,les_bridge_fing24__d6t4__00034.wav,byod-mxr,7,6,2,4,34.074932620854284,29.91150927100104
les_bridge_fing05__d7t3__00038.wav,byod-bigmuff,les_bridge_fing05,0.0030367374,les_bridge_pick25__d7t4__00039.wav,byod-mxr,7,7,3,4,34.074932620854284,34.08156088036171
les_bridge_fing05__d7t4__00039.wav,byod-bigmuff,les_bridge_fing05,0.0023658276,les_neck_pick05__d7t4__00039.wav,lsp-hardclip,7,7,4,4,34.074932620854284,34.07942205160116
les_bridge_fing07__d0t0__00000.wav,byod-bigmuff,les_bridge_fing07,0.0015554428,les_bridge_fing21__d3t0__00015.wav,lsp-arctan,0,3,0,0,5.044777586688817,17.436825605717576
les_bridge_fing07__d0t1__00001.wav,byod-bigmuff,les_bridge_fing07,0.0013562441,les_neck_pick12__d4t0__00020.wav,pedalboard-tanh,0,4,1,0,5.044777586688817,21.61638024087312
les_bridge_fing07__d0t2__00002.wav,byod-bigmuff,les_bridge_fing07,0.00617826,les_bridge_pick17__d4t0__00020.wav,lsp-hardclip,0,4,2,0,5.044777586688817,21.54643860361127
les_bridge_fing07__d0t3__00003.wav,byod-bigmuff,les_bridge_fing07,0.00763011,les_neck_pick04__d4t1__00021.wav,lsp-hardclip,0,4,3,1,5.044777586688817,21.54643860361127
les_bridge_fing07__d0t4__00004.wav,byod-bigmuff,les_bridge_fing07,0.0031300783,les_bridge_pick16__d4t2__00022.wav,byod-mxr,0,4,4,2,5.044777586688817,21.62039317761596
les_bridge_fing07__d1t0__00005.wav,byod-bigmuff,les_bridge_fing07,0.001111567,les_bridge_fing21__d4t0__00020.wav,lsp-hardclip,1,4,0,0,9.126662172709777,21.54643860361127
les_bridge_fing07__d1t1__00006.wav,byod-bigmuff,les_bridge_fing07,0.002466619,les_neck_pick12__d5t0__00025.wav,lsp-sine,1,5,1,0,9.126662172709777,25.7855895742644
les_bridge_fing07__d1t2__00007.wav,byod-bigmuff,les_bridge_fing07,0.005141437,les_neck_pick12__d6t0__00030.wav,byod-mxr,1,6,2,0,9.126662172709777,29.91150927100104
les_bridge_fing07__d1t3__00008.wav,byod-bigmuff,les_bridge_fing07,0.009063959,les_neck_pick21__d4t1__00021.wav,lsp-hardclip,1,4,3,1,9.126662172709777,21.54643860361127
les_bridge_fing07__d1t4__00009.wav,byod-bigmuff,les_bridge_fing07,0.010543704,les_bridge_fing24__d3t4__00019.wav,lsp-hardclip,1,3,4,4,9.126662172709777,17.563088337099366
les_bridge_fing07__d2t0__00010.wav,byod-bigmuff,les_bridge_fing07,0.0012298226,les_neck_pick12__d5t0__00025.wav,lsp-hardclip,2,5,0,0,13.312631977514853,25.79865436059077
les_bridge_fing07__d2t1__00011.wav,byod-bigmuff,les_bridge_fing07,0.0052435994,les_neck_pick07__d4t2__00022.wav,byod-mxr,2,4,1,2,13.312631977514853,21.62039317761596
les_bridge_fing07__d2t2__00012.wav,byod-bigmuff,les_bridge_fing07,0.012147188,les_neck_pick07__d4t3__00023.wav,byod-mxr,2,4,2,3,13.312631977514853,21.62039317761596
les_bridge_fing07__d2t3__00013.wav,byod-bigmuff,les_bridge_fing07,0.00781709,les_bridge_pick16__d5t2__00027.wav,byod-mxr,2,5,3,2,13.312631977514853,25.779078975465445
les_bridge_fing07__d2t4__00014.wav,byod-bigmuff,les_bridge_fing07,0.012372255,les_bridge_pick22__d4t3__00023.wav,lsp-hardclip,2,4,4,3,13.312631977514853,21.54643860361127
les_bridge_fing07__d3t0__00015.wav,byod-bigmuff,les_bridge_fing07,0.0045654178,les_neck_pick12__d4t0__00020.wav,pedalboard-tanh,3,4,0,0,17.442946393617085,21.61638024087312
les_bridge_fing07__d3t1__00016.wav,byod-bigmuff,les_bridge_fing07,0.0042310953,les_bridge_pick17__d5t0__00025.wav,lsp-hardclip,3,5,1,0,17.442946393617085,25.79865436059077
les_bridge_fing07__d3t2__00017.wav,byod-bigmuff,les_bridge_fing07,0.004574001,les_bridge_pick22__d5t2__00027.wav,byod-mxr,3,5,2,2,17.442946393617085,25.779078975465445
les_bridge_fing07__d3t3__00018.wav,byod-bigmuff,les_bridge_fing07,0.0038813353,les_bridge_pick16__d5t2__00027.wav,pedalboard-tanh,3,5,3,2,17.442946393617085,25.782351420955937
les_bridge_fing07__d3t4__00019.wav,byod-bigmuff,les_bridge_fing07,0.015201509,les_bridge_pick16__d6t2__00032.wav,lsp-tanh,3,6,4,2,17.442946393617085,29.89601395521624
les_bridge_fing07__d4t0__00020.wav,byod-bigmuff,les_bridge_fing07,0.0013431907,les_bridge_pick22__d5t0__00025.wav,lsp-arctan,4,5,0,0,21.5884141303546,25.788497067568912
les_bridge_fing07__d4t1__00021.wav,byod-bigmuff,les_bridge_fing07,0.0031266809,les_bridge_pick25__d6t0__00030.wav,lsp-sine,4,6,1,0,21.5884141303546,29.915327656251563
les_bridge_fing07__d4t2__00022.wav,byod-bigmuff,les_bridge_fing07,0.009018898,les_bridge_pick16__d5t2__00027.wav,lsp-hardclip,4,5,2,2,21.5884141303546,25.79865436059077
les_bridge_fing07__d4t3__00023.wav,byod-bigmuff,les_bridge_fing07,0.00793016,les_bridge_pick16__d6t2__00032.wav,lsp-arctan,4,6,3,2,21.5884141303546,29.91872954355242
les_bridge_fing07__d4t4__00024.wav,byod-bigmuff,les_bridge_fing07,0.0051391125,les_bridge_pick16__d6t3__00033.wav,byod-mxr,4,6,4,3,21.5884141303546,29.91150927100104
les_bridge_fing07__d5t0__00025.wav,byod-bigmuff,les_bridge_fing07,0.0042491555,les_bridge_pick22__d6t0__00030.wav,byod-mxr,5,6,0,0,25.77210742134771,29.91150927100104
les_bridge_fing07__d5t1__00026.wav,byod-bigmuff,les_bridge_fing07,0.0036949515,les_neck_pick04__d6t0__00030.wav,lsp-arctan,5,6,1,0,25.77210742134771,29.91872954355242
les_bridge_fing07__d5t2__00027.wav,byod-bigmuff,les_bridge_fing07,0.008433461,les_neck_pick12__d7t1__00036.wav,byod-mxr,5,7,2,1,25.77210742134771,34.08156088036171
les_bridge_fing07__d5t3__00028.wav,byod-bigmuff,les_bridge_fing07,0.0058202147,les_bridge_fing24__d5t4__00029.wav,byod-mxr,5,5,3,4,25.77210742134771,25.779078975465445
les_bridge_fing07__d5t4__00029.wav,byod-bigmuff,les_bridge_fing07,0.007288933,les_bridge_pick22__d6t4__00034.wav,lsp-arctan,5,6,4,4,25.77210742134771,29.91872954355242
les_bridge_fing07__d6t0__00030.wav,byod-bigmuff,les_bridge_fing07,0.005132377,les_bridge_pick22__d7t0__00035.wav,byod-mxr,6,7,0,0,29.9151414217934,34.08156088036171
les_bridge_fing07__d6t1__00031.wav,byod-bigmuff,les_bridge_fing07,0.004147351,les_neck_pick07__d6t2__00032.wav,lsp-hardclip,6,6,1,2,29.9151414217934,29.908667593492765
les_bridge_fing07__d6t2__00032.wav,byod-bigmuff,les_bridge_fing07,0.0068479776,les_neck_pick07__d6t3__00033.wav,lsp-hardclip,6,6,2,3,29.9151414217934,29.908667593492765
les_bridge_fing07__d6t3__00033.wav,byod-bigmuff,les_bridge_fing07,0.005250931,les_bridge_pick16__d7t2__00037.wav,lsp-sine,6,7,3,2,29.9151414217934,34.094517939627885
les_bridge_fing07__d6t4__00034.wav,byod-bigmuff,les_bridge_fing07,0.003819108,les_neck_pick02__d7t3__00038.wav,lsp-arctan,6,7,4,3,29.9151414217934,34.09435618625095
les_bridge_fing07__d7t0__00035.wav,byod-bigmuff,les_bridge_fing07,0.00803411,les_neck_pick07__d7t1__00036.wav,lsp-hardclip,7,7,0,1,34.074932620854284,34.07942205160116
les_bridge_fing07__d7t1__00036.wav,byod-bigmuff,les_bridge_fing07,0.006958246,les_neck_pick09__d7t1__00036.wav,byod-mxr,7,7,1,1,34.074932620854284,34.08156088036171
les_bridge_fing07__d7t2__00037.wav,byod-bigmuff,les_bridge_fing07,0.0053405166,les_bridge_fing24__d7t2__00037.wav,byod-mxr,7,7,2,2,34.074932620854284,34.08156088036171
les_bridge_fing07__d7t3__00038.wav,byod-bigmuff,les_bridge_fing07,0.004771054,les_bridge_pick25__d7t3__00038.wav,byod-mxr,7,7,3,3,34.074932620854284,34.08156088036171
les_bridge_fing07__d7t4__00039.wav,byod-bigmuff,les_bridge_fing07,0.0023578405,les_bridge_pick25__d7t3__00038.wav,lsp-sine,7,7,4,3,34.074932620854284,34.094517939627885
les_bridge_fing09__d0t0__00000.wav,byod-bigmuff,les_bridge_fing09,0.0028654337,les_neck_pick12__d4t0__00020.wav,lsp-arctan,0,4,0,0,5.044777586688817,21.613326710488973
les_bridge_fing09__d0t1__00001.wav,byod-bigmuff,les_bridge_fing09,0.0060656667,les_bridge_pick25__d5t0__00025.wav,byod-mxr,0,5,1,0,5.044777586688817,25.779078975465445
les_bridge_fing09__d0t2__00002.wav,byod-bigmuff,les_bridge_fing09,0.01087749,les_neck_fing01__d5t0__00025.wav,lsp-arctan,0,5,2,0,5.044777586688817,25.788497067568912
les_bridge_fing09__d0t3__00003.wav,byod-bigmuff,les_bridge_fing09,0.008407593,les_bridge_pick16__d5t2__00027.wav,lsp-arctan,0,5,3,2,5.044777586688817,25.788497067568912
les_bridge_fing09__d0t4__00004.wav,byod-bigmuff,les_bridge_fing09,0.008556306,les_neck_pick07__d5t4__00029.wav,lsp-hardclip,0,5,4,4,5.044777586688817,25.79865436059077
les_bridge_fing09__d1t0__00005.wav,byod-bigmuff,les_bridge_fing09,0.0053986907,les_neck_pick07__d6t0__00030.wav,lsp-hardclip,1,6,0,0,9.126662172709777,29.908667593492765
les_bridge_fing09__d1t1__00006.wav,byod-bigmuff,les_bridge_fing09,0.005207181,les_bridge_pick17__d5t0__00025.wav,byod-mxr,1,5,1,0,9.126662172709777,25.779078975465445
les_bridge_fing09__d1t2__00007.wav,byod-bigmuff,les_bridge_fing09,0.012327373,les_bridge_fing17__d6t0__00030.wav,lsp-tanh,1,6,2,0,9.126662172709777,29.89601395521624
les_bridge_fing09__d1t3__00008.wav,byod-bigmuff,les_bridge_fing09,0.0071262717,les_neck_pick14__d5t1__00026.wav,lsp-arctan,1,5,3,1,9.126662172709777,25.788497067568912
les_bridge_fing09__d1t4__00009.wav,byod-bigmuff,les_bridge_fing09,0.012449384,les_bridge_pick17__d5t3__00028.wav,byod-mxr,1,5,4,3,9.126662172709777,25.779078975465445
les_bridge_fing09__d2t0__00010.wav,byod-bigmuff,les_bridge_fing09,0.008264482,les_bridge_fing21__d6t0__00030.wav,lsp-hardclip,2,6,0,0,13.312631977514853,29.908667593492765
les_bridge_fing09__d2t1__00011.wav,byod-bigmuff,les_bridge_fing09,0.0067337155,les_bridge_pick25__d6t0__00030.wav,lsp-tanh,2,6,1,0,13.312631977514853,29.89601395521624
les_bridge_fing09__d2t2__00012.wav,byod-bigmuff,les_bridge_fing09,0.0027586818,les_bridge_pick16__d5t2__00027.wav,lsp-hardclip,2,5,2,2,13.312631977514853,25.79865436059077
les_bridge_fing09__d2t3__00013.wav,byod-bigmuff,les_bridge_fing09,0.0044552684,les_bridge_pick16__d5t3__00028.wav,lsp-hardclip,2,5,3,3,13.312631977514853,25.79865436059077
les_bridge_fing09__d2t4__00014.wav,byod-bigmuff,les_bridge_fing09,0.003556013,les_neck_pick05__d6t2__00032.wav,byod-mxr,2,6,4,2,13.312631977514853,29.91150927100104
les_bridge_fing09__d3t0__00015.wav,byod-bigmuff,les_bridge_fing09,0.007539451,les_bridge_pick22__d6t0__00030.wav,byod-mxr,3,6,0,0,17.442946393617085,29.91150927100104
les_bridge_fing09__d3t1__00016.wav,byod-bigmuff,les_bridge_fing09,0.0095078945,les_neck_pick11__d7t0__00035.wav,lsp-tanh,3,7,1,0,17.442946393617085,34.0729352593394
les_bridge_fing09__d3t2__00017.wav,byod-bigmuff,les_bridge_fing09,0.0049013495,les_bridge_pick22__d6t2__00032.wav,lsp-hardclip,3,6,2,2,17.442946393617085,29.908667593492765
les_bridge_fing09__d3t3__00018.wav,byod-bigmuff,les_bridge_fing09,0.005775392,les_bridge_pick22__d6t3__00033.wav,lsp-hardclip,3,6,3,3,17.442946393617085,29.908667593492765
les_bridge_fing09__d3t4__00019.wav,byod-bigmuff,les_bridge_fing09,0.0038785338,les_bridge_pick16__d7t3__00038.wav,byod-mxr,3,7,4,3,17.442946393617085,34.08156088036171
les_bridge_fing09__d4t0__00020.wav,byod-bigmuff,les_bridge_fing09,0.0022476912,les_bridge_pick16__d6t0__00030.wav,lsp-sine,4,6,0,0,21.5884141303546,29.915327656251563
les_bridge_fing09__d4t1__00021.wav,byod-bigmuff,les_bridge_fing09,0.0058927536,les_bridge_pick17__d6t1__00031.wav,byod-mxr,4,6,1,1,21.5884141303546,29.91150927100104
les_bridge_fing09__d4t2__00022.wav,byod-bigmuff,les_bridge_fing09,0.001938343,les_bridge_pick22__d6t3__00033.wav,byod-mxr,4,6,2,3,21.5884141303546,29.91150927100104
les_bridge_fing09__d4t3__00023.wav,byod-bigmuff,les_bridge_fing09,0.0049114227,les_neck_pick05__d7t2__00037.wav,byod-mxr,4,7,3,2,21.5884141303546,34.08156088036171
les_bridge_fing09__d4t4__00024.wav,byod-bigmuff,les_bridge_fing09,0.0032140613,les_neck_pick05__d6t4__00034.wav,lsp-arctan,4,6,4,4,21.5884141303546,29.91872954355242
les_bridge_fing09__d5t0__00025.wav,byod-bigmuff,les_bridge_fing09,0.0047475696,les_bridge_pick17__d6t0__00030.wav,lsp-sine,5,6,0,0,25.77210742134771,29.915327656251563
les_bridge_fing09__d5t1__00026.wav,byod-bigmuff,les_bridge_fing09,0.008242369,les_bridge_pick22__d6t2__00032.wav,lsp-arctan,5,6,1,2,25.77210742134771,29.91872954355242
les_bridge_fing09__d5t2__00027.wav,byod-bigmuff,les_bridge_fing09,0.0033960938,les_bridge_pick25__d6t3__00033.wav,byod-mxr,5,6,2,3,25.77210742134771,29.91150927100104
les_bridge_fing09__d5t3__00028.wav,byod-bigmuff,les_bridge_fing09,0.0019209385,les_neck_pick03__d7t3__00038.wav,byod-mxr,5,7,3,3,25.77210742134771,34.08156088036171
les_bridge_fing09__d5t4__00029.wav,byod-bigmuff,les_bridge_fing09,0.0011482835,les_neck_pick09__d7t4__00039.wav,pedalboard-tanh,5,7,4,4,25.77210742134771,34.075823464139134
les_bridge_fing09__d6t0__00030.wav,byod-bigmuff,les_bridge_fing09,0.006284654,les_bridge_fing20__d6t0__00030.wav,pedalboard-tanh,6,6,0,0,29.9151414217934,29.92239131554786
les_bridge_fing09__d6t1__00031.wav,byod-bigmuff,les_bridge_fing09,0.0064718127,les_neck_fing01__d7t0__00035.wav,lsp-sine,6,7,1,0,29.9151414217934,34.094517939627885
les_bridge_fing09__d6t2__00032.wav,byod-bigmuff,les_bridge_fing09,0.0030898452,les_bridge_fing24__d6t3__00033.wav,lsp-arctan,6,6,2,3,29.9151414217934,29.91872954355242
les_bridge_fing09__d6t3__00033.wav,byod-bigmuff,les_bridge_fing09,0.000762105,les_neck_pick05__d7t3__00038.wav,lsp-hardclip,6,7,3,3,29.9151414217934,34.07942205160116
les_bridge_fing09__d6t4__00034.wav,byod-bigmuff,les_bridge_fing09,0.0022904873,les_neck_pick05__d7t4__00039.wav,lsp-hardclip,6,7,4,4,29.9151414217934,34.07942205160116
les_bridge_fing09__d7t0__00035.wav,byod-bigmuff,les_bridge_fing09,0.011306047,les_bridge_fing20__d7t0__00035.wav,byod-mxr,7,7,0,0,34.074932620854284,34.08156088036171
les_bridge_fing09__d7t1__00036.wav,byod-bigmuff,les_bridge_fing09,0.009378612,les_neck_pick07__d7t3__00038.wav,byod-mxr,7,7,1,3,34.074932620854284,34.08156088036171
les_bridge_fing09__d7t2__00037.wav,byod-bigmuff,les_bridge_fing09,0.005384624,les_neck_pick11__d7t3__00038.wav,lsp-arctan,7,7,2,3,34.074932620854284,34.09435618625095
les_bridge_fing09__d7t3__00038.wav,byod-bigmuff,les_bridge_fing09,0.0043717623,les_neck_pick11__d7t4__00039.wav,lsp-sine,7,7,3,4,34.074932620854284,34.094517939627885
les_bridge_fing09__d7t4__00039.wav,byod-bigmuff,les_bridge_fing09,0.00734663,les_neck_fing15__d7t4__00039.wav,lsp-hardclip,7,7,4,4,34.074932620854284,34.07942205160116
les_bridge_fing11__d0t0__00000.wav,byod-bigmuff,les_bridge_fing11,0.0019116402,les_neck_pick07__d5t0__00025.wav,lsp-hardclip,0,5,0,0,5.044777586688817,25.79865436059077
les_bridge_fing11__d0t1__00001.wav,byod-bigmuff,les_bridge_fing11,0.002859652,les_neck_pick12__d4t0__00020.wav,lsp-tanh,0,4,1,0,5.044777586688817,21.61115826291455
les_bridge_fing11__d0t2__00002.wav,byod-bigmuff,les_bridge_fing11,0.0018277764,les_bridge_pick22__d5t0__00025.wav,lsp-sine,0,5,2,0,5.044777586688817,25.7855895742644
les_bridge_fing11__d0t3__00003.wav,byod-bigmuff,les_bridge_fing11,0.0059897304,les_neck_pick09__d6t0__00030.wav,lsp-sine,0,6,3,0,5.044777586688817,29.915327656251563
les_bridge_fing11__d0t4__00004.wav,byod-bigmuff,les_bridge_fing11,0.007747233,les_bridge_pick16__d4t2__00022.wav,lsp-hardclip,0,4,4,2,5.044777586688817,21.54643860361127
les_bridge_fing11__d1t0__00005.wav,byod-bigmuff,les_bridge_fing11,0.0021653175,les_neck_pick07__d5t0__00025.wav,lsp-hardclip,1,5,0,0,9.126662172709777,25.79865436059077
les_bridge_fing11__d1t1__00006.wav,byod-bigmuff,les_bridge_fing11,0.0029070973,les_neck_pick12__d4t0__00020.wav,pedalboard-tanh,1,4,1,0,9.126662172709777,21.61638024087312
les_bridge_fing11__d1t2__00007.wav,byod-bigmuff,les_bridge_fing11,0.003614843,les_neck_pick11__d6t0__00030.wav,lsp-tanh,1,6,2,0,9.126662172709777,29.89601395521624
les_bridge_fing11__d1t3__00008.wav,byod-bigmuff,les_bridge_fing11,0.009473085,les_bridge_fing20__d4t2__00022.wav,lsp-hardclip,1,4,3,2,9.126662172709777,21.54643860361127
les_bridge_fing11__d1t4__00009.wav,byod-bigmuff,les_bridge_fing11,0.013015568,les_neck_pick07__d5t4__00029.wav,lsp-arctan,1,5,4,4,9.126662172709777,25.788497067568912
les_bridge_fing11__d2t0__00010.wav,byod-bigmuff,les_bridge_fing11,0.0009242892,les_bridge_fing21__d4t0__00020.wav,lsp-hardclip,2,4,0,0,13.312631977514853,21.54643860361127
les_bridge_fing11__d2t1__00011.wav,byod-bigmuff,les_bridge_fing11,0.0024498105,les_neck_pick11__d5t0__00025.wav,lsp-arctan,2,5,1,0,13.312631977514853,25.788497067568912
les_bridge_fing11__d2t2__00012.wav,byod-bigmuff,les_bridge_fing11,0.0029619336,les_bridge_pick22__d5t1__00026.wav,lsp-tanh,2,5,2,1,13.312631977514853,25.766463780707188
les_bridge_fing11__d2t3__00013.wav,byod-bigmuff,les_bridge_fing11,0.0020173192,les_bridge_fing17__d6t0__00030.wav,pedalboard-tanh,2,6,3,0,13.312631977514853,29.92239131554786
les_bridge_fing11__d2t4__00014.wav,byod-bigmuff,les_bridge_fing11,0.014371097,les_neck_pick21__d6t1__00031.wav,byod-mxr,2,6,4,1,13.312631977514853,29.91150927100104
les_bridge_fing11__d3t0__00015.wav,byod-bigmuff,les_bridge_fing11,0.0022338033,les_bridge_fing21__d5t0__00025.wav,lsp-hardclip,3,5,0,0,17.442946393617085,25.79865436059077
les_bridge_fing11__d3t1__00016.wav,byod-bigmuff,les_bridge_fing11,0.004150927,les_bridge_pick25__d5t0__00025.wav,lsp-hardclip,3,5,1,0,17.442946393617085,25.79865436059077
les_bridge_fing11__d3t2__00017.wav,byod-bigmuff,les_bridge_fing11,0.0048983097,les_neck_pick12__d7t0__00035.wav,lsp-arctan,3,7,2,0,17.442946393617085,34.09435618625095
les_bridge_fing11__d3t3__00018.wav,byod-bigmuff,les_bridge_fing11,0.008296251,les_bridge_fing21__d6t2__00032.wav,byod-mxr,3,6,3,2,17.442946393617085,29.91150927100104
les_bridge_fing11__d3t4__00019.wav,byod-bigmuff,les_bridge_fing11,0.0055702925,les_bridge_pick16__d6t2__00032.wav,lsp-hardclip,3,6,4,2,17.442946393617085,29.908667593492765
les_bridge_fing11__d4t0__00020.wav,byod-bigmuff,les_bridge_fing11,0.0020304918,les_bridge_fing21__d5t0__00025.wav,lsp-arctan,4,5,0,0,21.5884141303546,25.788497067568912
les_bridge_fing11__d4t1__00021.wav,byod-bigmuff,les_bridge_fing11,0.002324462,les_bridge_fing24__d6t0__00030.wav,lsp-sine,4,6,1,0,21.5884141303546,29.915327656251563
les_bridge_fing11__d4t2__00022.wav,byod-bigmuff,les_bridge_fing11,0.0028483868,les_neck_pick09__d6t1__00031.wav,pedalboard-tanh,4,6,2,1,21.5884141303546,29.92239131554786
les_bridge_fing11__d4t3__00023.wav,byod-bigmuff,les_bridge_fing11,0.0026137233,les_neck_pick11__d6t2__00032.wav,lsp-hardclip,4,6,3,2,21.5884141303546,29.908667593492765
les_bridge_fing11__d4t4__00024.wav,byod-bigmuff,les_bridge_fing11,0.0033828616,les_bridge_pick25__d6t3__00033.wav,byod-mxr,4,6,4,3,21.5884141303546,29.91150927100104
les_bridge_fing11__d5t0__00025.wav,byod-bigmuff,les_bridge_fing11,0.003766179,les_neck_pick07__d7t0__00035.wav,pedalboard-tanh,5,7,0,0,25.77210742134771,34.075823464139134
les_bridge_fing11__d5t1__00026.wav,byod-bigmuff,les_bridge_fing11,0.0026826262,les_neck_pick12__d7t0__00035.wav,lsp-hardclip,5,7,1,0,25.77210742134771,34.07942205160116
les_bridge_fing11__d5t2__00027.wav,byod-bigmuff,les_bridge_fing11,0.0042394996,les_bridge_pick22__d6t2__00032.wav,lsp-arctan,5,6,2,2,25.77210742134771,29.91872954355242
les_bridge_fing11__d5t3__00028.wav,byod-bigmuff,les_bridge_fing11,0.0057478547,les_neck_pick12__d7t2__00037.wav,lsp-hardclip,5,7,3,2,25.77210742134771,34.07942205160116
les_bridge_fing11__d5t4__00029.wav,byod-bigmuff,les_bridge_fing11,0.0043652058,les_bridge_fing24__d7t2__00037.wav,pedalboard-tanh,5,7,4,2,25.77210742134771,34.075823464139134
les_bridge_fing11__d6t0__00030.wav,byod-bigmuff,les_bridge_fing11,0.0064641833,les_neck_pick11__d6t0__00030.wav,lsp-hardclip,6,6,0,0,29.9151414217934,29.908667593492765
les_bridge_fing11__d6t1__00031.wav,byod-bigmuff,les_bridge_fing11,0.0024194121,les_neck_pick03__d7t0__00035.wav,lsp-sine,6,7,1,0,29.9151414217934,34.094517939627885
les_bridge_fing11__d6t2__00032.wav,byod-bigmuff,les_bridge_fing11,0.0032770038,les_bridge_fing24__d7t1__00036.wav,pedalboard-tanh,6,7,2,1,29.9151414217934,34.075823464139134
les_bridge_fing11__d6t3__00033.wav,byod-bigmuff,les_bridge_fing11,0.00474447,les_bridge_pick22__d7t3__00038.wav,byod-mxr,6,7,3,3,29.9151414217934,34.08156088036171
les_bridge_fing11__d6t4__00034.wav,byod-bigmuff,les_bridge_fing11,0.0034021735,les_bridge_pick22__d7t4__00039.wav,byod-mxr,6,7,4,4,29.9151414217934,34.08156088036171
les_bridge_fing11__d7t0__00035.wav,byod-bigmuff,les_bridge_fing11,0.010687709,les_neck_pick07__d7t1__00036.wav,lsp-hardclip,7,7,0,1,34.074932620854284,34.07942205160116
les_bridge_fing11__d7t1__00036.wav,byod-bigmuff,les_bridge_fing11,0.012087882,les_bridge_fing20__d7t0__00035.wav,lsp-sine,7,7,1,0,34.074932620854284,34.094517939627885
les_bridge_fing11__d7t2__00037.wav,byod-bigmuff,les_bridge_fing11,0.013525367,les_neck_pick11__d7t2__00037.wav,lsp-hardclip,7,7,2,2,34.074932620854284,34.07942205160116
les_bridge_fing11__d7t3__00038.wav,byod-bigmuff,les_bridge_fing11,0.0092487335,les_neck_pick11__d7t3__00038.wav,lsp-hardclip,7,7,3,3,34.074932620854284,34.07942205160116
les_bridge_fing11__d7t4__00039.wav,byod-bigmuff,les_bridge_fing11,0.010569394,les_neck_pick07__d7t4__00039.wav,lsp-hardclip,7,7,4,4,34.074932620854284,34.07942205160116
les_bridge_fing16__d0t0__00000.wav,byod-bigmuff,les_bridge_fing16,0.0021754503,les_neck_pick12__d4t0__00020.wav,lsp-arctan,0,4,0,0,5.044777586688817,21.613326710488973
les_bridge_fing16__d0t1__00001.wav,byod-bigmuff,les_bridge_fing16,0.0024476647,les_neck_pick04__d5t0__00025.wav,lsp-sine,0,5,1,0,5.044777586688817,25.7855895742644
les_bridge_fing16__d0t2__00002.wav,byod-bigmuff,les_bridge_fing16,0.013574481,les_neck_pick07__d5t3__00028.wav,lsp-sine,0,5,2,3,5.044777586688817,25.7855895742644
les_bridge_fing16__d0t3__00003.wav,byod-bigmuff,les_bridge_fing16,0.0067963004,les_bridge_pick22__d5t3__00028.wav,byod-mxr,0,5,3,3,5.044777586688817,25.779078975465445
les_bridge_fing16__d0t4__00004.wav,byod-bigmuff,les_bridge_fing16,0.008054495,les_bridge_pick22__d4t4__00024.wav,lsp-hardclip,0,4,4,4,5.044777586688817,21.54643860361127
les_bridge_fing16__d1t0__00005.wav,byod-bigmuff,les_bridge_fing16,0.0023670793,les_bridge_fing21__d5t0__00025.wav,lsp-arctan,1,5,0,0,9.126662172709777,25.788497067568912
les_bridge_fing16__d1t1__00006.wav,byod-bigmuff,les_bridge_fing16,0.0027360916,les_bridge_pick22__d5t1__00026.wav,lsp-hardclip,1,5,1,1,9.126662172709777,25.79865436059077
les_bridge_fing16__d1t2__00007.wav,byod-bigmuff,les_bridge_fing16,0.011156559,les_bridge_pick16__d5t2__00027.wav,lsp-hardclip,1,5,2,2,9.126662172709777,25.79865436059077
les_bridge_fing16__d1t3__00008.wav,byod-bigmuff,les_bridge_fing16,0.009530127,les_bridge_pick16__d6t2__00032.wav,lsp-tanh,1,6,3,2,9.126662172709777,29.89601395521624
les_bridge_fing16__d1t4__00009.wav,byod-bigmuff,les_bridge_fing16,0.010831356,les_neck_pick04__d6t2__00032.wav,byod-mxr,1,6,4,2,9.126662172709777,29.91150927100104
les_bridge_fing16__d2t0__00010.wav,byod-bigmuff,les_bridge_fing16,0.001568079,les_bridge_pick16__d5t0__00025.wav,lsp-arctan,2,5,0,0,13.312631977514853,25.788497067568912
les_bridge_fing16__d2t1__00011.wav,byod-bigmuff,les_bridge_fing16,0.0060560703,les_neck_pick04__d6t0__00030.wav,lsp-sine,2,6,1,0,13.312631977514853,29.915327656251563
les_bridge_fing16__d2t2__00012.wav,byod-bigmuff,les_bridge_fing16,0.0065781474,les_neck_pick21__d6t1__00031.wav,byod-mxr,2,6,2,1,13.312631977514853,29.91150927100104
les_bridge_fing16__d2t3__00013.wav,byod-bigmuff,les_bridge_fing16,0.005109191,les_neck_pick04__d6t2__00032.wav,byod-mxr,2,6,3,2,13.312631977514853,29.91150927100104
les_bridge_fing16__d2t4__00014.wav,byod-bigmuff,les_bridge_fing16,0.004880607,les_bridge_pick16__d6t3__00033.wav,pedalboard-tanh,2,6,4,3,13.312631977514853,29.92239131554786
les_bridge_fing16__d3t0__00015.wav,byod-bigmuff,les_bridge_fing16,0.0046955943,les_bridge_fing20__d5t0__00025.wav,lsp-arctan,3,5,0,0,17.442946393617085,25.788497067568912
les_bridge_fing16__d3t1__00016.wav,byod-bigmuff,les_bridge_fing16,0.0059616566,les_bridge_fing17__d6t0__00030.wav,byod-mxr,3,6,1,0,17.442946393617085,29.91150927100104
les_bridge_fing16__d3t2__00017.wav,byod-bigmuff,les_bridge_fing16,0.0052859187,les_bridge_pick16__d6t2__00032.wav,lsp-arctan,3,6,2,2,17.442946393617085,29.91872954355242
les_bridge_fing16__d3t3__00018.wav,byod-bigmuff,les_bridge_fing16,0.0026203394,les_neck_pick05__d6t2__00032.wav,byod-mxr,3,6,3,2,17.442946393617085,29.91150927100104
les_bridge_fing16__d3t4__00019.wav,byod-bigmuff,les_bridge_fing16,0.0024148226,les_neck_pick05__d6t3__00033.wav,byod-mxr,3,6,4,3,17.442946393617085,29.91150927100104
les_bridge_fing16__d4t0__00020.wav,byod-bigmuff,les_bridge_fing16,0.0019339919,les_bridge_pick16__d6t0__00030.wav,pedalboard-tanh,4,6,0,0,21.5884141303546,29.92239131554786
les_bridge_fing16__d4t1__00021.wav,byod-bigmuff,les_bridge_fing16,0.006622672,les_neck_fing01__d6t0__00030.wav,lsp-tanh,4,6,1,0,21.5884141303546,29.89601395521624
les_bridge_fing16__d4t2__00022.wav,byod-bigmuff,les_bridge_fing16,0.00674206,les_neck_pick14__d6t1__00031.wav,lsp-sine,4,6,2,1,21.5884141303546,29.915327656251563
les_bridge_fing16__d4t3__00023.wav,byod-bigmuff,les_bridge_fing16,0.003894508,les_bridge_pick16__d6t3__00033.wav,lsp-sine,4,6,3,3,21.5884141303546,29.915327656251563
les_bridge_fing16__d4t4__00024.wav,byod-bigmuff,les_bridge_fing16,0.0020130873,les_neck_pick05__d6t4__00034.wav,byod-mxr,4,6,4,4,21.5884141303546,29.91150927100104
les_bridge_fing16__d5t0__00025.wav,byod-bigmuff,les_bridge_fing16,0.0057215095,les_bridge_fing20__d6t0__00030.wav,lsp-sine,5,6,0,0,25.77210742134771,29.915327656251563
les_bridge_fing16__d5t1__00026.wav,byod-bigmuff,les_bridge_fing16,0.008015454,les_bridge_pick22__d6t2__00032.wav,lsp-hardclip,5,6,1,2,25.77210742134771,29.908667593492765
les_bridge_fing16__d5t2__00027.wav,byod-bigmuff,les_bridge_fing16,0.006335795,les_bridge_pick22__d6t4__00034.wav,byod-mxr,5,6,2,4,25.77210742134771,29.91150927100104
les_bridge_fing16__d5t3__00028.wav,byod-bigmuff,les_bridge_fing16,0.0037697554,les_neck_pick21__d7t3__00038.wav,byod-mxr,5,7,3,3,25.77210742134771,34.08156088036171
les_bridge_fing16__d5t4__00029.wav,byod-bigmuff,les_bridge_fing16,0.0022954345,les_neck_pick05__d7t4__00039.wav,byod-mxr,5,7,4,4,25.77210742134771,34.08156088036171
les_bridge_fing16__d6t0__00030.wav,byod-bigmuff,les_bridge_fing16,0.00965029,les_neck_pick21__d7t0__00035.wav,byod-mxr,6,7,0,0,29.9151414217934,34.08156088036171
les_bridge_fing16__d6t1__00031.wav,byod-bigmuff,les_bridge_fing16,0.008440554,les_neck_pick07__d6t4__00034.wav,lsp-tanh,6,6,1,4,29.9151414217934,29.89601395521624
les_bridge_fing16__d6t2__00032.wav,byod-bigmuff,les_bridge_fing16,0.00459975,les_neck_pick05__d7t2__00037.wav,byod-mxr,6,7,2,2,29.9151414217934,34.08156088036171
les_bridge_fing16__d6t3__00033.wav,byod-bigmuff,les_bridge_fing16,0.0015273094,les_neck_pick05__d6t4__00034.wav,lsp-arctan,6,6,3,4,29.9151414217934,29.91872954355242
les_bridge_fing16__d6t4__00034.wav,byod-bigmuff,les_bridge_fing16,0.0013986826,les_neck_pick05__d7t4__00039.wav,byod-mxr,6,7,4,4,29.9151414217934,34.08156088036171
les_bridge_fing16__d7t0__00035.wav,byod-bigmuff,les_bridge_fing16,0.00689131,les_bridge_fing20__d7t0__00035.wav,byod-mxr,7,7,0,0,34.074932620854284,34.08156088036171
les_bridge_fing16__d7t1__00036.wav,byod-bigmuff,les_bridge_fing16,0.009090841,les_bridge_fing20__d7t1__00036.wav,byod-mxr,7,7,1,1,34.074932620854284,34.08156088036171
les_bridge_fing16__d7t2__00037.wav,byod-bigmuff,les_bridge_fing16,0.0050272346,les_neck_pick09__d7t3__00038.wav,byod-mxr,7,7,2,3,34.074932620854284,34.08156088036171
les_bridge_fing16__d7t3__00038.wav,byod-bigmuff,les_bridge_fing16,0.0021952987,les_neck_pick03__d7t4__00039.wav,lsp-arctan,7,7,3,4,34.074932620854284,34.09435618625095
les_bridge_fing16__d7t4__00039.wav,byod-bigmuff,les_bridge_fing16,0.0018984079,les_neck_pick05__d7t4__00039.wav,lsp-tanh,7,7,4,4,34.074932620854284,34.0729352593394
les_bridge_fing18__d0t0__00000.wav,byod-bigmuff,les_bridge_fing18,0.0015497804,les_bridge_fing21__d4t0__00020.wav,lsp-hardclip,0,4,0,0,5.044777586688817,21.54643860361127
les_bridge_fing18__d0t1__00001.wav,byod-bigmuff,les_bridge_fing18,0.0034168959,les_bridge_fing20__d4t0__00020.wav,byod-mxr,0,4,1,0,5.044777586688817,21.62039317761596
les_bridge_fing18__d0t2__00002.wav,byod-bigmuff,les_bridge_fing18,0.008678019,les_neck_pick12__d6t0__00030.wav,byod-mxr,0,6,2,0,5.044777586688817,29.91150927100104
les_bridge_fing18__d0t3__00003.wav,byod-bigmuff,les_bridge_fing18,0.010180831,les_bridge_pick16__d3t3__00018.wav,lsp-sine,0,3,3,3,5.044777586688817,17.46073355198249
les_bridge_fing18__d0t4__00004.wav,byod-bigmuff,les_bridge_fing18,0.0066001415,les_neck_pick09__d1t3__00008.wav,lsp-tanh,0,1,4,3,5.044777586688817,9.088421535688989
les_bridge_fing18__d1t0__00005.wav,byod-bigmuff,les_bridge_fing18,0.0039792657,les_bridge_fing21__d5t0__00025.wav,lsp-hardclip,1,5,0,0,9.126662172709777,25.79865436059077
les_bridge_fing18__d1t1__00006.wav,byod-bigmuff,les_bridge_fing18,0.0027090907,les_bridge_pick25__d5t0__00025.wav,lsp-arctan,1,5,1,0,9.126662172709777,25.788497067568912
les_bridge_fing18__d1t2__00007.wav,byod-bigmuff,les_bridge_fing18,0.011429191,les_bridge_pick16__d3t2__00017.wav,lsp-hardclip,1,3,2,2,9.126662172709777,17.563088337099366
les_bridge_fing18__d1t3__00008.wav,byod-bigmuff,les_bridge_fing18,0.0074724555,les_bridge_pick16__d3t3__00018.wav,lsp-hardclip,1,3,3,3,9.126662172709777,17.563088337099366
les_bridge_fing18__d1t4__00009.wav,byod-bigmuff,les_bridge_fing18,0.01066488,les_bridge_pick16__d3t4__00019.wav,lsp-sine,1,3,4,4,9.126662172709777,17.46073355198249
les_bridge_fing18__d2t0__00010.wav,byod-bigmuff,les_bridge_fing18,0.0022820234,les_neck_pick07__d6t0__00030.wav,lsp-hardclip,2,6,0,0,13.312631977514853,29.908667593492765
les_bridge_fing18__d2t1__00011.wav,byod-bigmuff,les_bridge_fing18,0.0038476586,les_neck_pick11__d6t0__00030.wav,lsp-arctan,2,6,1,0,13.312631977514853,29.91872954355242
les_bridge_fing18__d2t2__00012.wav,byod-bigmuff,les_bridge_fing18,0.0057335496,les_bridge_pick16__d4t2__00022.wav,lsp-hardclip,2,4,2,2,13.312631977514853,21.54643860361127
les_bridge_fing18__d2t3__00013.wav,byod-bigmuff,les_bridge_fing18,0.01877743,les_bridge_fing24__d4t4__00024.wav,lsp-hardclip,2,4,3,4,13.312631977514853,21.54643860361127
les_bridge_fing18__d2t4__00014.wav,byod-bigmuff,les_bridge_fing18,0.018147886,les_bridge_pick16__d5t3__00028.wav,byod-mxr,2,5,4,3,13.312631977514853,25.779078975465445
les_bridge_fing18__d3t0__00015.wav,byod-bigmuff,les_bridge_fing18,0.0035769343,les_bridge_fing21__d6t0__00030.wav,lsp-hardclip,3,6,0,0,17.442946393617085,29.908667593492765
les_bridge_fing18__d3t1__00016.wav,byod-bigmuff,les_bridge_fing18,0.00245893,les_bridge_pick17__d5t0__00025.wav,pedalboard-tanh,3,5,1,0,17.442946393617085,25.782351420955937
les_bridge_fing18__d3t2__00017.wav,byod-bigmuff,les_bridge_fing18,0.008937418,les_bridge_pick16__d6t1__00031.wav,lsp-tanh,3,6,2,1,17.442946393617085,29.89601395521624
les_bridge_fing18__d3t3__00018.wav,byod-bigmuff,les_bridge_fing18,0.008689344,les_neck_pick04__d6t1__00031.wav,byod-mxr,3,6,3,1,17.442946393617085,29.91150927100104
les_bridge_fing18__d3t4__00019.wav,byod-bigmuff,les_bridge_fing18,0.013409495,les_bridge_pick16__d6t3__00033.wav,byod-mxr,3,6,4,3,17.442946393617085,29.91150927100104
les_bridge_fing18__d4t0__00020.wav,byod-bigmuff,les_bridge_fing18,0.004095793,les_bridge_pick22__d6t0__00030.wav,byod-mxr,4,6,0,0,21.5884141303546,29.91150927100104
les_bridge_fing18__d4t1__00021.wav,byod-bigmuff,les_bridge_fing18,0.004792452,les_bridge_pick22__d6t1__00031.wav,byod-mxr,4,6,1,1,21.5884141303546,29.91150927100104
les_bridge_fing18__d4t2__00022.wav,byod-bigmuff,les_bridge_fing18,0.0028303862,les_bridge_pick22__d6t2__00032.wav,byod-mxr,4,6,2,2,21.5884141303546,29.91150927100104
les_bridge_fing18__d4t3__00023.wav,byod-bigmuff,les_bridge_fing18,0.0073688626,les_bridge_pick22__d6t3__00033.wav,byod-mxr,4,6,3,3,21.5884141303546,29.91150927100104
les_bridge_fing18__d4t4__00024.wav,byod-bigmuff,les_bridge_fing18,0.014138281,les_neck_pick05__d7t2__00037.wav,byod-mxr,4,7,4,2,21.5884141303546,34.08156088036171
les_bridge_fing18__d5t0__00025.wav,byod-bigmuff,les_bridge_fing18,0.0035366416,les_bridge_pick22__d6t0__00030.wav,lsp-arctan,5,6,0,0,25.77210742134771,29.91872954355242
les_bridge_fing18__d5t1__00026.wav,byod-bigmuff,les_bridge_fing18,0.004377246,les_bridge_fing20__d6t0__00030.wav,lsp-sine,5,6,1,0,25.77210742134771,29.915327656251563
les_bridge_fing18__d5t2__00027.wav,byod-bigmuff,les_bridge_fing18,0.0027487874,les_bridge_fing17__d7t0__00035.wav,lsp-tanh,5,7,2,0,25.77210742134771,34.0729352593394
les_bridge_fing18__d5t3__00028.wav,byod-bigmuff,les_bridge_fing18,0.004000783,les_bridge_pick16__d7t2__00037.wav,lsp-hardclip,5,7,3,2,25.77210742134771,34.07942205160116
les_bridge_fing18__d5t4__00029.wav,byod-bigmuff,les_bridge_fing18,0.0033167005,les_neck_pick07__d7t4__00039.wav,byod-mxr,5,7,4,4,25.77210742134771,34.08156088036171
les_bridge_fing18__d6t0__00030.wav,byod-bigmuff,les_bridge_fing18,0.0044142604,les_bridge_pick22__d7t0__00035.wav,byod-mxr,6,7,0,0,29.9151414217934,34.08156088036171
les_bridge_fing18__d6t1__00031.wav,byod-bigmuff,les_bridge_fing18,0.003140688,les_neck_pick04__d7t0__00035.wav,pedalboard-tanh,6,7,1,0,29.9151414217934,34.075823464139134
les_bridge_fing18__d6t2__00032.wav,byod-bigmuff,les_bridge_fing18,0.0072637796,les_neck_pick21__d7t1__00036.wav,lsp-hardclip,6,7,2,1,29.9151414217934,34.07942205160116
les_bridge_fing18__d6t3__00033.wav,byod-bigmuff,les_bridge_fing18,0.0032947063,les_bridge_fing24__d7t2__00037.wav,lsp-sine,6,7,3,2,29.9151414217934,34.094517939627885
les_bridge_fing18__d6t4__00034.wav,byod-bigmuff,les_bridge_fing18,0.0042634606,les_neck_pick05__d7t3__00038.wav,lsp-sine,6,7,4,3,29.9151414217934,34.094517939627885
les_bridge_fing18__d7t0__00035.wav,byod-bigmuff,les_bridge_fing18,0.006104529,les_neck_pick05__d7t0__00035.wav,lsp-sine,7,7,0,0,34.074932620854284,34.094517939627885
les_bridge_fing18__d7t1__00036.wav,byod-bigmuff,les_bridge_fing18,0.007973492,les_neck_pick05__d7t1__00036.wav,lsp-sine,7,7,1,1,34.074932620854284,34.094517939627885
les_bridge_fing18__d7t2__00037.wav,byod-bigmuff,les_bridge_fing18,0.005384743,les_neck_pick07__d7t4__00039.wav,lsp-arctan,7,7,2,4,34.074932620854284,34.09435618625095
les_bridge_fing18__d7t3__00038.wav,byod-bigmuff,les_bridge_fing18,0.0039652586,les_bridge_fing24__d6t4__00034.wav,lsp-arctan,7,6,3,4,34.074932620854284,29.91872954355242
les_bridge_fing18__d7t4__00039.wav,byod-bigmuff,les_bridge_fing18,0.0051028132,les_bridge_fing24__d7t4__00039.wav,byod-mxr,7,7,4,4,34.074932620854284,34.08156088036171
les_bridge_fing23__d0t0__00000.wav,byod-bigmuff,les_bridge_fing23,0.0006378889,les_neck_pick12__d3t0__00015.wav,lsp-sine,0,3,0,0,5.044777586688817,17.46073355198249
les_bridge_fing23__d0t1__00001.wav,byod-bigmuff,les_bridge_fing23,0.0011355281,les_bridge_pick22__d4t0__00020.wav,lsp-sine,0,4,1,0,5.044777586688817,21.652716208419097
les_bridge_fing23__d0t2__00002.wav,byod-bigmuff,les_bridge_fing23,0.004501581,les_bridge_pick16__d4t1__00021.wav,lsp-sine,0,4,2,1,5.044777586688817,21.652716208419097
les_bridge_fing23__d0t3__00003.wav,byod-bigmuff,les_bridge_fing23,0.008171797,les_neck_pick07__d3t4__00019.wav,byod-mxr,0,3,3,4,5.044777586688817,17.452308155418716
les_bridge_fing23__d0t4__00004.wav,byod-bigmuff,les_bridge_fing23,0.010696828,les_bridge_pick16__d5t2__00027.wav,byod-mxr,0,5,4,2,5.044777586688817,25.779078975465445
les_bridge_fing23__d1t0__00005.wav,byod-bigmuff,les_bridge_fing23,0.0013052225,les_neck_pick12__d5t0__00025.wav,lsp-hardclip,1,5,0,0,9.126662172709777,25.79865436059077
les_bridge_fing23__d1t1__00006.wav,byod-bigmuff,les_bridge_fing23,0.0020714402,les_neck_pick11__d5t0__00025.wav,byod-mxr,1,5,1,0,9.126662172709777,25.779078975465445
les_bridge_fing23__d1t2__00007.wav,byod-bigmuff,les_bridge_fing23,0.006487787,les_bridge_pick17__d4t1__00021.wav,byod-mxr,1,4,2,1,9.126662172709777,21.62039317761596
les_bridge_fing23__d1t3__00008.wav,byod-bigmuff,les_bridge_fing23,0.006991565,les_neck_pick07__d4t4__00024.wav,byod-mxr,1,4,3,4,9.126662172709777,21.62039317761596
les_bridge_fing23__d1t4__00009.wav,byod-bigmuff,les_bridge_fing23,0.010440052,les_bridge_pick16__d5t2__00027.wav,lsp-tanh,1,5,4,2,9.126662172709777,25.766463780707188
les_bridge_fing23__d2t0__00010.wav,byod-bigmuff,les_bridge_fing23,0.0041309,les_neck_pick07__d5t1__00026.wav,lsp-hardclip,2,5,0,1,13.312631977514853,25.79865436059077
les_bridge_fing23__d2t1__00011.wav,byod-bigmuff,les_bridge_fing23,0.004079163,les_bridge_pick25__d5t0__00025.wav,byod-mxr,2,5,1,0,13.312631977514853,25.779078975465445
les_bridge_fing23__d2t2__00012.wav,byod-bigmuff,les_bridge_fing23,0.0044720173,les_bridge_pick22__d4t2__00022.wav,lsp-hardclip,2,4,2,2,13.312631977514853,21.54643860361127
les_bridge_fing23__d2t3__00013.wav,byod-bigmuff,les_bridge_fing23,0.0047885776,les_bridge_pick16__d5t2__00027.wav,lsp-arctan,2,5,3,2,13.312631977514853,25.788497067568912
les_bridge_fing23__d2t4__00014.wav,byod-bigmuff,les_bridge_fing23,0.008480251,les_neck_pick07__d5t4__00029.wav,lsp-hardclip,2,5,4,4,13.312631977514853,25.79865436059077
les_bridge_fing23__d3t0__00015.wav,byod-bigmuff,les_bridge_fing23,0.0020207763,les_bridge_fing21__d5t0__00025.wav,pedalboard-tanh,3,5,0,0,17.442946393617085,25.782351420955937
les_bridge_fing23__d3t1__00016.wav,byod-bigmuff,les_bridge_fing23,0.0019489527,les_bridge_pick22__d5t1__00026.wav,byod-mxr,3,5,1,1,17.442946393617085,25.779078975465445
les_bridge_fing23__d3t2__00017.wav,byod-bigmuff,les_bridge_fing23,0.008621156,les_bridge_fing17__d6t0__00030.wav,lsp-tanh,3,6,2,0,17.442946393617085,29.89601395521624
les_bridge_fing23__d3t3__00018.wav,byod-bigmuff,les_bridge_fing23,0.007104337,les_neck_pick11__d5t3__00028.wav,lsp-arctan,3,5,3,3,17.442946393617085,25.788497067568912
les_bridge_fing23__d3t4__00019.wav,byod-bigmuff,les_bridge_fing23,0.0036211014,les_bridge_pick25__d5t4__00029.wav,byod-mxr,3,5,4,4,17.442946393617085,25.779078975465445
les_bridge_fing23__d4t0__00020.wav,byod-bigmuff,les_bridge_fing23,0.0011652112,les_bridge_pick16__d5t0__00025.wav,lsp-arctan,4,5,0,0,21.5884141303546,25.788497067568912
les_bridge_fing23__d4t1__00021.wav,byod-bigmuff,les_bridge_fing23,0.004860997,les_bridge_fing20__d6t0__00030.wav,lsp-hardclip,4,6,1,0,21.5884141303546,29.908667593492765
les_bridge_fing23__d4t2__00022.wav,byod-bigmuff,les_bridge_fing23,0.009659171,les_bridge_fing24__d5t3__00028.wav,lsp-hardclip,4,5,2,3,21.5884141303546,25.79865436059077
les_bridge_fing23__d4t3__00023.wav,byod-bigmuff,les_bridge_fing23,0.007294655,les_neck_pick02__d6t2__00032.wav,byod-mxr,4,6,3,2,21.5884141303546,29.91150927100104
les_bridge_fing23__d4t4__00024.wav,byod-bigmuff,les_bridge_fing23,0.0025968552,les_bridge_pick22__d6t4__00034.wav,lsp-arctan,4,6,4,4,21.5884141303546,29.91872954355242
les_bridge_fing23__d5t0__00025.wav,byod-bigmuff,les_bridge_fing23,0.0037230253,les_bridge_pick16__d6t0__00030.wav,lsp-hardclip,5,6,0,0,25.77210742134771,29.908667593492765
les_bridge_fing23__d5t1__00026.wav,byod-bigmuff,les_bridge_fing23,0.0027564764,les_bridge_pick25__d6t1__00031.wav,byod-mxr,5,6,1,1,25.77210742134771,29.91150927100104
les_bridge_fing23__d5t2__00027.wav,byod-bigmuff,les_bridge_fing23,0.0019407868,les_bridge_pick25__d6t2__00032.wav,byod-mxr,5,6,2,2,25.77210742134771,29.91150927100104
les_bridge_fing23__d5t3__00028.wav,byod-bigmuff,les_bridge_fing23,0.0044315457,les_neck_pick03__d7t2__00037.wav,byod-mxr,5,7,3,2,25.77210742134771,34.08156088036171
les_bridge_fing23__d5t4__00029.wav,byod-bigmuff,les_bridge_fing23,0.0017847419,les_neck_pick09__d7t3__00038.wav,lsp-hardclip,5,7,4,3,25.77210742134771,34.07942205160116
les_bridge_fing23__d6t0__00030.wav,byod-bigmuff,les_bridge_fing23,0.003779471,les_bridge_pick17__d6t0__00030.wav,lsp-tanh,6,6,0,0,29.9151414217934,29.89601395521624
les_bridge_fing23__d6t1__00031.wav,byod-bigmuff,les_bridge_fing23,0.004472375,les_neck_pick07__d7t2__00037.wav,byod-mxr,6,7,1,2,29.9151414217934,34.08156088036171
les_bridge_fing23__d6t2__00032.wav,byod-bigmuff,les_bridge_fing23,0.0035849214,les_bridge_fing17__d7t1__00036.wav,byod-mxr,6,7,2,1,29.9151414217934,34.08156088036171
les_bridge_fing23__d6t3__00033.wav,byod-bigmuff,les_bridge_fing23,0.0027958155,les_neck_pick09__d7t3__00038.wav,lsp-arctan,6,7,3,3,29.9151414217934,34.09435618625095
les_bridge_fing23__d6t4__00034.wav,byod-bigmuff,les_bridge_fing23,0.002902031,les_bridge_pick17__d6t4__00034.wav,lsp-tanh,6,6,4,4,29.9151414217934,29.89601395521624
les_bridge_fing23__d7t0__00035.wav,byod-bigmuff,les_bridge_fing23,0.0081704855,les_bridge_pick17__d7t0__00035.wav,byod-mxr,7,7,0,0,34.074932620854284,34.08156088036171
les_bridge_fing23__d7t1__00036.wav,byod-bigmuff,les_bridge_fing23,0.012637019,les_neck_pick07__d7t3__00038.wav,lsp-arctan,7,7,1,3,34.074932620854284,34.09435618625095
les_bridge_fing23__d7t2__00037.wav,byod-bigmuff,les_bridge_fing23,0.005148649,les_neck_pick05__d7t2__00037.wav,lsp-hardclip,7,7,2,2,34.074932620854284,34.07942205160116
les_bridge_fing23__d7t3__00038.wav,byod-bigmuff,les_bridge_fing23,0.005310595,les_neck_pick05__d7t3__00038.wav,lsp-hardclip,7,7,3,3,34.074932620854284,34.07942205160116
les_bridge_fing23__d7t4__00039.wav,byod-bigmuff,les_bridge_fing23,0.0045089126,les_neck_pick11__d7t4__00039.wav,byod-mxr,7,7,4,4,34.074932620854284,34.08156088036171
les_bridge_pick04__d0t0__00000.wav,byod-bigmuff,les_bridge_pick04,0.004890144,les_neck_pick12__d5t0__00025.wav,byod-mxr,0,5,0,0,5.044777586688817,25.779078975465445
les_bridge_pick04__d0t1__00001.wav,byod-bigmuff,les_bridge_pick04,0.012549639,les_neck_pick21__d5t0__00025.wav,byod-mxr,0,5,1,0,5.044777586688817,25.779078975465445
les_bridge_pick04__d0t2__00002.wav,byod-bigmuff,les_bridge_pick04,0.011609793,les_neck_pick12__d3t4__00019.wav,lsp-hardclip,0,3,2,4,5.044777586688817,17.563088337099366
les_bridge_pick04__d0t3__00003.wav,byod-bigmuff,les_bridge_pick04,0.005404949,les_neck_pick05__d4t2__00022.wav,lsp-hardclip,0,4,3,2,5.044777586688817,21.54643860361127
les_bridge_pick04__d0t4__00004.wav,byod-bigmuff,les_bridge_pick04,0.0034517646,les_neck_pick09__d3t4__00019.wav,pedalboard-tanh,0,3,4,4,5.044777586688817,17.454399305827287
les_bridge_pick04__d1t0__00005.wav,byod-bigmuff,les_bridge_pick04,0.0028492808,les_bridge_pick25__d5t0__00025.wav,lsp-sine,1,5,0,0,9.126662172709777,25.7855895742644
les_bridge_pick04__d1t1__00006.wav,byod-bigmuff,les_bridge_pick04,0.011253476,les_neck_pick07__d4t3__00023.wav,byod-mxr,1,4,1,3,9.126662172709777,21.62039317761596
les_bridge_pick04__d1t2__00007.wav,byod-bigmuff,les_bridge_pick04,0.009073734,les_bridge_pick17__d4t2__00022.wav,lsp-hardclip,1,4,2,2,9.126662172709777,21.54643860361127
les_bridge_pick04__d1t3__00008.wav,byod-bigmuff,les_bridge_pick04,0.005297184,les_neck_pick09__d4t3__00023.wav,lsp-sine,1,4,3,3,9.126662172709777,21.652716208419097
les_bridge_pick04__d1t4__00009.wav,byod-bigmuff,les_bridge_pick04,0.0043774843,les_neck_pick05__d4t3__00023.wav,lsp-hardclip,1,4,4,3,9.126662172709777,21.54643860361127
les_bridge_pick04__d2t0__00010.wav,byod-bigmuff,les_bridge_pick04,0.009719551,les_neck_pick09__d5t0__00025.wav,lsp-arctan,2,5,0,0,13.312631977514853,25.788497067568912
les_bridge_pick04__d2t1__00011.wav,byod-bigmuff,les_bridge_pick04,0.011203527,les_bridge_fing20__d4t2__00022.wav,lsp-hardclip,2,4,1,2,13.312631977514853,21.54643860361127
les_bridge_pick04__d2t2__00012.wav,byod-bigmuff,les_bridge_pick04,0.0065431,les_bridge_pick22__d4t3__00023.wav,byod-mxr,2,4,2,3,13.312631977514853,21.62039317761596
les_bridge_pick04__d2t3__00013.wav,byod-bigmuff,les_bridge_pick04,0.0032413006,les_neck_pick09__d4t3__00023.wav,lsp-tanh,2,4,3,3,13.312631977514853,21.61115826291455
les_bridge_pick04__d2t4__00014.wav,byod-bigmuff,les_bridge_pick04,0.0028912425,les_neck_pick09__d4t4__00024.wav,lsp-arctan,2,4,4,4,13.312631977514853,21.613326710488973
les_bridge_pick04__d3t0__00015.wav,byod-bigmuff,les_bridge_pick04,0.010304689,les_neck_pick04__d5t0__00025.wav,byod-mxr,3,5,0,0,17.442946393617085,25.779078975465445
les_bridge_pick04__d3t1__00016.wav,byod-bigmuff,les_bridge_pick04,0.0107623935,les_bridge_pick16__d4t2__00022.wav,lsp-hardclip,3,4,1,2,17.442946393617085,21.54643860361127
les_bridge_pick04__d3t2__00017.wav,byod-bigmuff,les_bridge_pick04,0.0053330064,les_neck_pick09__d5t2__00027.wav,byod-mxr,3,5,2,2,17.442946393617085,25.779078975465445
les_bridge_pick04__d3t3__00018.wav,byod-bigmuff,les_bridge_pick04,0.002549529,les_neck_pick09__d5t3__00028.wav,lsp-sine,3,5,3,3,17.442946393617085,25.7855895742644
les_bridge_pick04__d3t4__00019.wav,byod-bigmuff,les_bridge_pick04,0.0037776828,les_bridge_pick22__d5t4__00029.wav,lsp-sine,3,5,4,4,17.442946393617085,25.7855895742644
les_bridge_pick04__d4t0__00020.wav,byod-bigmuff,les_bridge_pick04,0.006534457,les_bridge_pick16__d5t1__00026.wav,lsp-hardclip,4,5,0,1,21.5884141303546,25.79865436059077
les_bridge_pick04__d4t1__00021.wav,byod-bigmuff,les_bridge_pick04,0.0040937066,les_bridge_fing17__d6t0__00030.wav,pedalboard-tanh,4,6,1,0,21.5884141303546,29.92239131554786
les_bridge_pick04__d4t2__00022.wav,byod-bigmuff,les_bridge_pick04,0.0028333068,les_bridge_pick22__d5t3__00028.wav,lsp-arctan,4,5,2,3,21.5884141303546,25.788497067568912
les_bridge_pick04__d4t3__00023.wav,byod-bigmuff,les_bridge_pick04,0.004238248,les_bridge_pick17__d5t3__00028.wav,lsp-tanh,4,5,3,3,21.5884141303546,25.766463780707188
les_bridge_pick04__d4t4__00024.wav,byod-bigmuff,les_bridge_pick04,0.0031337738,les_neck_pick21__d6t3__00033.wav,lsp-arctan,4,6,4,3,21.5884141303546,29.91872954355242
les_bridge_pick04__d5t0__00025.wav,byod-bigmuff,les_bridge_pick04,0.005064249,les_bridge_pick17__d5t1__00026.wav,lsp-tanh,5,5,0,1,25.77210742134771,25.766463780707188
les_bridge_pick04__d5t1__00026.wav,byod-bigmuff,les_bridge_pick04,0.003884554,les_bridge_fing21__d6t2__00032.wav,byod-mxr,5,6,1,2,25.77210742134771,29.91150927100104
les_bridge_pick04__d5t2__00027.wav,byod-bigmuff,les_bridge_pick04,0.004606724,les_bridge_fing21__d6t3__00033.wav,lsp-tanh,5,6,2,3,25.77210742134771,29.89601395521624
les_bridge_pick04__d5t3__00028.wav,byod-bigmuff,les_bridge_pick04,0.0041640997,les_neck_pick04__d7t2__00037.wav,lsp-arctan,5,7,3,2,25.77210742134771,34.09435618625095
les_bridge_pick04__d5t4__00029.wav,byod-bigmuff,les_bridge_pick04,0.0012905002,les_bridge_pick25__d6t4__00034.wav,lsp-sine,5,6,4,4,25.77210742134771,29.915327656251563
les_bridge_pick04__d6t0__00030.wav,byod-bigmuff,les_bridge_pick04,0.0081012845,les_neck_pick21__d7t0__00035.wav,byod-mxr,6,7,0,0,29.9151414217934,34.08156088036171
les_bridge_pick04__d6t1__00031.wav,byod-bigmuff,les_bridge_pick04,0.003418982,les_neck_pick12__d6t3__00033.wav,lsp-hardclip,6,6,1,3,29.9151414217934,29.908667593492765
les_bridge_pick04__d6t2__00032.wav,byod-bigmuff,les_bridge_pick04,0.0045286417,les_neck_pick09__d7t2__00037.wav,lsp-sine,6,7,2,2,29.9151414217934,34.094517939627885
les_bridge_pick04__d6t3__00033.wav,byod-bigmuff,les_bridge_pick04,0.0020318031,les_neck_pick09__d7t3__00038.wav,lsp-tanh,6,7,3,3,29.9151414217934,34.0729352593394
les_bridge_pick04__d6t4__00034.wav,byod-bigmuff,les_bridge_pick04,0.0020022392,les_bridge_pick25__d7t4__00039.wav,byod-mxr,6,7,4,4,29.9151414217934,34.08156088036171
les_bridge_pick04__d7t0__00035.wav,byod-bigmuff,les_bridge_pick04,0.011516571,les_bridge_pick17__d7t1__00036.wav,byod-mxr,7,7,0,1,34.074932620854284,34.08156088036171
les_bridge_pick04__d7t1__00036.wav,byod-bigmuff,les_bridge_pick04,0.007887721,les_bridge_fing21__d7t2__00037.wav,lsp-arctan,7,7,1,2,34.074932620854284,34.09435618625095
les_bridge_pick04__d7t2__00037.wav,byod-bigmuff,les_bridge_pick04,0.006864786,les_bridge_fing24__d6t4__00034.wav,byod-mxr,7,6,2,4,34.074932620854284,29.91150927100104
les_bridge_pick04__d7t3__00038.wav,byod-bigmuff,les_bridge_pick04,0.003243506,les_bridge_pick25__d7t3__00038.wav,lsp-sine,7,7,3,3,34.074932620854284,34.094517939627885
les_bridge_pick04__d7t4__00039.wav,byod-bigmuff,les_bridge_pick04,0.008696437,les_neck_pick11__d7t4__00039.wav,lsp-hardclip,7,7,4,4,34.074932620854284,34.07942205160116
les_bridge_pick09__d0t0__00000.wav,byod-bigmuff,les_bridge_pick09,0.0014175177,les_neck_pick07__d4t0__00020.wav,byod-mxr,0,4,0,0,5.044777586688817,21.62039317761596
les_bridge_pick09__d0t1__00001.wav,byod-bigmuff,les_bridge_pick09,0.0047516823,les_bridge_pick16__d4t0__00020.wav,byod-mxr,0,4,1,0,5.044777586688817,21.62039317761596
les_bridge_pick09__d0t2__00002.wav,byod-bigmuff,les_bridge_pick09,0.012310684,les_neck_fing01__d4t0__00020.wav,lsp-hardclip,0,4,2,0,5.044777586688817,21.54643860361127
les_bridge_pick09__d0t3__00003.wav,byod-bigmuff,les_bridge_pick09,0.009765863,les_bridge_pick25__d1t3__00008.wav,pedalboard-tanh,0,1,3,3,5.044777586688817,9.146047429418331
les_bridge_pick09__d0t4__00004.wav,byod-bigmuff,les_bridge_pick09,0.010978818,les_bridge_pick25__d1t4__00009.wav,pedalboard-tanh,0,1,4,4,5.044777586688817,9.146047429418331
les_bridge_pick09__d1t0__00005.wav,byod-bigmuff,les_bridge_pick09,0.0013769269,les_neck_pick07__d5t0__00025.wav,byod-mxr,1,5,0,0,9.126662172709777,25.779078975465445
les_bridge_pick09__d1t1__00006.wav,byod-bigmuff,les_bridge_pick09,0.009383976,les_bridge_pick16__d1t1__00006.wav,lsp-hardclip,1,1,1,1,9.126662172709777,9.35456396552498
les_bridge_pick09__d1t2__00007.wav,byod-bigmuff,les_bridge_pick09,0.007856429,les_neck_pick09__d5t0__00025.wav,byod-mxr,1,5,2,0,9.126662172709777,25.779078975465445
les_bridge_pick09__d1t3__00008.wav,byod-bigmuff,les_bridge_pick09,0.009331882,les_neck_fing01__d2t1__00011.wav,lsp-hardclip,1,2,3,1,9.126662172709777,13.55142968534178
les_bridge_pick09__d1t4__00009.wav,byod-bigmuff,les_bridge_pick09,0.013024986,les_bridge_fing24__d1t4__00009.wav,lsp-hardclip,1,1,4,4,9.126662172709777,9.35456396552498
les_bridge_pick09__d2t0__00010.wav,byod-bigmuff,les_bridge_pick09,0.0051911473,les_neck_pick12__d3t0__00015.wav,byod-mxr,2,3,0,0,13.312631977514853,17.452308155418716
les_bridge_pick09__d2t1__00011.wav,byod-bigmuff,les_bridge_pick09,0.010418475,les_bridge_pick16__d2t1__00011.wav,lsp-hardclip,2,2,1,1,13.312631977514853,13.55142968534178
les_bridge_pick09__d2t2__00012.wav,byod-bigmuff,les_bridge_pick09,0.009403288,les_neck_pick04__d5t0__00025.wav,byod-mxr,2,5,2,0,13.312631977514853,25.779078975465445
les_bridge_pick09__d2t3__00013.wav,byod-bigmuff,les_bridge_pick09,0.017151892,les_neck_pick14__d5t0__00025.wav,lsp-tanh,2,5,3,0,13.312631977514853,25.766463780707188
les_bridge_pick09__d2t4__00014.wav,byod-bigmuff,les_bridge_pick09,0.021007597,les_bridge_pick16__d3t3__00018.wav,lsp-hardclip,2,3,4,3,13.312631977514853,17.563088337099366
les_bridge_pick09__d3t0__00015.wav,byod-bigmuff,les_bridge_pick09,0.0025802255,les_neck_pick07__d6t0__00030.wav,pedalboard-tanh,3,6,0,0,17.442946393617085,29.92239131554786
les_bridge_pick09__d3t1__00016.wav,byod-bigmuff,les_bridge_pick09,0.003745377,les_bridge_pick25__d5t0__00025.wav,lsp-arctan,3,5,1,0,17.442946393617085,25.788497067568912
les_bridge_pick09__d3t2__00017.wav,byod-bigmuff,les_bridge_pick09,0.005114138,les_bridge_pick25__d6t0__00030.wav,lsp-tanh,3,6,2,0,17.442946393617085,29.89601395521624
les_bridge_pick09__d3t3__00018.wav,byod-bigmuff,les_bridge_pick09,0.01175642,les_neck_pick14__d6t0__00030.wav,lsp-hardclip,3,6,3,0,17.442946393617085,29.908667593492765
les_bridge_pick09__d3t4__00019.wav,byod-bigmuff,les_bridge_pick09,0.020322978,les_neck_pick14__d6t0__00030.wav,byod-mxr,3,6,4,0,17.442946393617085,29.91150927100104
les_bridge_pick09__d4t0__00020.wav,byod-bigmuff,les_bridge_pick09,0.003970206,les_bridge_pick16__d5t0__00025.wav,byod-mxr,4,5,0,0,21.5884141303546,25.779078975465445
les_bridge_pick09__d4t1__00021.wav,byod-bigmuff,les_bridge_pick09,0.003929615,les_bridge_fing24__d6t0__00030.wav,byod-mxr,4,6,1,0,21.5884141303546,29.91150927100104
les_bridge_pick09__d4t2__00022.wav,byod-bigmuff,les_bridge_pick09,0.005462885,les_neck_pick09__d7t0__00035.wav,lsp-sine,4,7,2,0,21.5884141303546,34.094517939627885
les_bridge_pick09__d4t3__00023.wav,byod-bigmuff,les_bridge_pick09,0.006439984,les_bridge_fing17__d7t0__00035.wav,lsp-tanh,4,7,3,0,21.5884141303546,34.0729352593394
les_bridge_pick09__d4t4__00024.wav,byod-bigmuff,les_bridge_pick09,0.010478735,les_neck_pick07__d6t4__00034.wav,lsp-tanh,4,6,4,4,21.5884141303546,29.89601395521624
les_bridge_pick09__d5t0__00025.wav,byod-bigmuff,les_bridge_pick09,0.004126787,les_bridge_pick22__d6t0__00030.wav,byod-mxr,5,6,0,0,25.77210742134771,29.91150927100104
les_bridge_pick09__d5t1__00026.wav,byod-bigmuff,les_bridge_pick09,0.0060039163,les_bridge_pick17__d6t0__00030.wav,lsp-arctan,5,6,1,0,25.77210742134771,29.91872954355242
les_bridge_pick09__d5t2__00027.wav,byod-bigmuff,les_bridge_pick09,0.0067049265,les_bridge_fing24__d7t1__00036.wav,byod-mxr,5,7,2,1,25.77210742134771,34.08156088036171
les_bridge_pick09__d5t3__00028.wav,byod-bigmuff,les_bridge_pick09,0.007284045,les_neck_pick21__d7t1__00036.wav,lsp-tanh,5,7,3,1,25.77210742134771,34.0729352593394
les_bridge_pick09__d5t4__00029.wav,byod-bigmuff,les_bridge_pick09,0.0078052282,les_bridge_fing24__d7t2__00037.wav,lsp-arctan,5,7,4,2,25.77210742134771,34.09435618625095
les_bridge_pick09__d6t0__00030.wav,byod-bigmuff,les_bridge_pick09,0.007896066,les_bridge_pick22__d7t0__00035.wav,lsp-hardclip,6,7,0,0,29.9151414217934,34.07942205160116
les_bridge_pick09__d6t1__00031.wav,byod-bigmuff,les_bridge_pick09,0.0072375536,les_bridge_pick22__d7t1__00036.wav,lsp-hardclip,6,7,1,1,29.9151414217934,34.07942205160116
les_bridge_pick09__d6t2__00032.wav,byod-bigmuff,les_bridge_pick09,0.007454276,les_bridge_pick22__d7t2__00037.wav,lsp-hardclip,6,7,2,2,29.9151414217934,34.07942205160116
les_bridge_pick09__d6t3__00033.wav,byod-bigmuff,les_bridge_pick09,0.004782498,les_neck_pick05__d7t2__00037.wav,lsp-hardclip,6,7,3,2,29.9151414217934,34.07942205160116
les_bridge_pick09__d6t4__00034.wav,byod-bigmuff,les_bridge_pick09,0.007091522,les_bridge_fing24__d7t3__00038.wav,byod-mxr,6,7,4,3,29.9151414217934,34.08156088036171
les_bridge_pick09__d7t0__00035.wav,byod-bigmuff,les_bridge_pick09,0.009825587,les_neck_pick05__d7t0__00035.wav,lsp-sine,7,7,0,0,34.074932620854284,34.094517939627885
les_bridge_pick09__d7t1__00036.wav,byod-bigmuff,les_bridge_pick09,0.010911465,les_neck_pick07__d7t2__00037.wav,lsp-hardclip,7,7,1,2,34.074932620854284,34.07942205160116
les_bridge_pick09__d7t2__00037.wav,byod-bigmuff,les_bridge_pick09,0.008917391,les_bridge_fing20__d7t1__00036.wav,lsp-arctan,7,7,2,1,34.074932620854284,34.09435618625095
les_bridge_pick09__d7t3__00038.wav,byod-bigmuff,les_bridge_pick09,0.004989803,les_bridge_fing24__d7t3__00038.wav,lsp-hardclip,7,7,3,3,34.074932620854284,34.07942205160116
les_bridge_pick09__d7t4__00039.wav,byod-bigmuff,les_bridge_pick09,0.0050676465,les_bridge_fing24__d7t4__00039.wav,byod-mxr,7,7,4,4,34.074932620854284,34.08156088036171
les_bridge_pick12__d0t0__00000.wav,byod-bigmuff,les_bridge_pick12,0.0017576218,les_neck_pick07__d4t0__00020.wav,lsp-arctan,0,4,0,0,5.044777586688817,21.613326710488973
les_bridge_pick12__d0t1__00001.wav,byod-bigmuff,les_bridge_pick12,0.0011818409,les_neck_pick07__d5t1__00026.wav,byod-mxr,0,5,1,1,5.044777586688817,25.779078975465445
les_bridge_pick12__d0t2__00002.wav,byod-bigmuff,les_bridge_pick12,0.0069188476,les_bridge_pick16__d3t1__00016.wav,lsp-hardclip,0,3,2,1,5.044777586688817,17.563088337099366
les_bridge_pick12__d0t3__00003.wav,byod-bigmuff,les_bridge_pick12,0.008067369,les_neck_pick02__d3t1__00016.wav,lsp-hardclip,0,3,3,1,5.044777586688817,17.563088337099366
les_bridge_pick12__d0t4__00004.wav,byod-bigmuff,les_bridge_pick12,0.012413859,les_bridge_pick16__d1t3__00008.wav,lsp-hardclip,0,1,4,3,5.044777586688817,9.35456396552498
les_bridge_pick12__d1t0__00005.wav,byod-bigmuff,les_bridge_pick12,0.0012104511,les_neck_pick07__d5t0__00025.wav,byod-mxr,1,5,0,0,9.126662172709777,25.779078975465445
les_bridge_pick12__d1t1__00006.wav,byod-bigmuff,les_bridge_pick12,0.0041647553,les_neck_pick12__d4t1__00021.wav,lsp-hardclip,1,4,1,1,9.126662172709777,21.54643860361127
les_bridge_pick12__d1t2__00007.wav,byod-bigmuff,les_bridge_pick12,0.004471779,les_neck_pick09__d5t0__00025.wav,lsp-tanh,1,5,2,0,9.126662172709777,25.766463780707188
les_bridge_pick12__d1t3__00008.wav,byod-bigmuff,les_bridge_pick12,0.010310113,les_neck_pick07__d3t4__00019.wav,lsp-tanh,1,3,3,4,9.126662172709777,17.426284440144894
les_bridge_pick12__d1t4__00009.wav,byod-bigmuff,les_bridge_pick12,0.0077049136,les_bridge_fing24__d3t4__00019.wav,lsp-hardclip,1,3,4,4,9.126662172709777,17.563088337099366
les_bridge_pick12__d2t0__00010.wav,byod-bigmuff,les_bridge_pick12,0.002996266,les_neck_pick07__d5t0__00025.wav,lsp-arctan,2,5,0,0,13.312631977514853,25.788497067568912
les_bridge_pick12__d2t1__00011.wav,byod-bigmuff,les_bridge_pick12,0.0057144165,les_neck_pick12__d5t0__00025.wav,byod-mxr,2,5,1,0,13.312631977514853,25.779078975465445
les_bridge_pick12__d2t2__00012.wav,byod-bigmuff,les_bridge_pick12,0.008973956,les_neck_pick07__d4t3__00023.wav,lsp-tanh,2,4,2,3,13.312631977514853,21.61115826291455
les_bridge_pick12__d2t3__00013.wav,byod-bigmuff,les_bridge_pick12,0.007497072,les_bridge_pick17__d4t2__00022.wav,byod-mxr,2,4,3,2,13.312631977514853,21.62039317761596
les_bridge_pick12__d2t4__00014.wav,byod-bigmuff,les_bridge_pick12,0.012232542,les_bridge_fing24__d4t4__00024.wav,lsp-hardclip,2,4,4,4,13.312631977514853,21.54643860361127
les_bridge_pick12__d3t0__00015.wav,byod-bigmuff,les_bridge_pick12,0.00085377693,les_neck_pick07__d6t0__00030.wav,byod-mxr,3,6,0,0,17.442946393617085,29.91150927100104
les_bridge_pick12__d3t1__00016.wav,byod-bigmuff,les_bridge_pick12,0.0057279468,les_bridge_pick25__d5t0__00025.wav,lsp-arctan,3,5,1,0,17.442946393617085,25.788497067568912
les_bridge_pick12__d3t2__00017.wav,byod-bigmuff,les_bridge_pick12,0.006820917,les_neck_pick07__d5t3__00028.wav,lsp-tanh,3,5,2,3,17.442946393617085,25.766463780707188
les_bridge_pick12__d3t3__00018.wav,byod-bigmuff,les_bridge_pick12,0.0049915314,les_bridge_pick17__d5t2__00027.wav,byod-mxr,3,5,3,2,17.442946393617085,25.779078975465445
les_bridge_pick12__d3t4__00019.wav,byod-bigmuff,les_bridge_pick12,0.008319497,les_bridge_pick16__d6t2__00032.wav,lsp-arctan,3,6,4,2,17.442946393617085,29.91872954355242
les_bridge_pick12__d4t0__00020.wav,byod-bigmuff,les_bridge_pick12,0.003070414,les_bridge_pick25__d4t0__00020.wav,lsp-hardclip,4,4,0,0,21.5884141303546,21.54643860361127
les_bridge_pick12__d4t1__00021.wav,byod-bigmuff,les_bridge_pick12,0.0033301115,les_neck_pick11__d5t1__00026.wav,lsp-arctan,4,5,1,1,21.5884141303546,25.788497067568912
les_bridge_pick12__d4t2__00022.wav,byod-bigmuff,les_bridge_pick12,0.005953014,les_bridge_pick22__d5t2__00027.wav,lsp-arctan,4,5,2,2,21.5884141303546,25.788497067568912
les_bridge_pick12__d4t3__00023.wav,byod-bigmuff,les_bridge_pick12,0.0045369864,les_bridge_pick17__d5t2__00027.wav,lsp-arctan,4,5,3,2,21.5884141303546,25.788497067568912
les_bridge_pick12__d4t4__00024.wav,byod-bigmuff,les_bridge_pick12,0.006346047,les_neck_pick14__d6t1__00031.wav,byod-mxr,4,6,4,1,21.5884141303546,29.91150927100104
les_bridge_pick12__d5t0__00025.wav,byod-bigmuff,les_bridge_pick12,0.002523899,les_neck_pick07__d6t1__00031.wav,lsp-arctan,5,6,0,1,25.77210742134771,29.91872954355242
les_bridge_pick12__d5t1__00026.wav,byod-bigmuff,les_bridge_pick12,0.0040600896,les_neck_pick03__d6t0__00030.wav,pedalboard-tanh,5,6,1,0,25.77210742134771,29.92239131554786
les_bridge_pick12__d5t2__00027.wav,byod-bigmuff,les_bridge_pick12,0.0050097704,les_neck_pick07__d6t3__00033.wav,lsp-arctan,5,6,2,3,25.77210742134771,29.91872954355242
les_bridge_pick12__d5t3__00028.wav,byod-bigmuff,les_bridge_pick12,0.006380677,les_bridge_fing21__d7t2__00037.wav,byod-mxr,5,7,3,2,25.77210742134771,34.08156088036171
les_bridge_pick12__d5t4__00029.wav,byod-bigmuff,les_bridge_pick12,0.0072011948,les_bridge_pick16__d7t2__00037.wav,lsp-sine,5,7,4,2,25.77210742134771,34.094517939627885
les_bridge_pick12__d6t0__00030.wav,byod-bigmuff,les_bridge_pick12,0.003033638,les_bridge_fing24__d6t0__00030.wav,byod-mxr,6,6,0,0,29.9151414217934,29.91150927100104
les_bridge_pick12__d6t1__00031.wav,byod-bigmuff,les_bridge_pick12,0.0068200827,les_neck_pick04__d7t0__00035.wav,lsp-hardclip,6,7,1,0,29.9151414217934,34.07942205160116
les_bridge_pick12__d6t2__00032.wav,byod-bigmuff,les_bridge_pick12,0.008441985,les_neck_pick09__d7t1__00036.wav,lsp-hardclip,6,7,2,1,29.9151414217934,34.07942205160116
les_bridge_pick12__d6t3__00033.wav,byod-bigmuff,les_bridge_pick12,0.007865608,les_neck_pick09__d7t2__00037.wav,lsp-hardclip,6,7,3,2,29.9151414217934,34.07942205160116
les_bridge_pick12__d6t4__00034.wav,byod-bigmuff,les_bridge_pick12,0.0067343116,les_neck_pick11__d7t3__00038.wav,lsp-arctan,6,7,4,3,29.9151414217934,34.09435618625095
les_bridge_pick12__d7t0__00035.wav,byod-bigmuff,les_bridge_pick12,0.007037163,les_bridge_fing21__d7t0__00035.wav,lsp-hardclip,7,7,0,0,34.074932620854284,34.07942205160116
les_bridge_pick12__d7t1__00036.wav,byod-bigmuff,les_bridge_pick12,0.011893988,les_neck_pick07__d7t2__00037.wav,lsp-sine,7,7,1,2,34.074932620854284,34.094517939627885
les_bridge_pick12__d7t2__00037.wav,byod-bigmuff,les_bridge_pick12,0.013363481,les_bridge_fing20__d7t1__00036.wav,lsp-hardclip,7,7,2,1,34.074932620854284,34.07942205160116
les_bridge_pick12__d7t3__00038.wav,byod-bigmuff,les_bridge_pick12,0.024325192,les_neck_pick05__d7t2__00037.wav,lsp-sine,7,7,3,2,34.074932620854284,34.094517939627885
les_bridge_pick12__d7t4__00039.wav,byod-bigmuff,les_bridge_pick12,0.0061602592,les_neck_pick07__d7t4__00039.wav,lsp-hardclip,7,7,4,4,34.074932620854284,34.07942205160116
les_bridge_pick21__d0t0__00000.wav,byod-bigmuff,les_bridge_pick21,0.003594935,les_bridge_fing20__d3t0__00015.wav,pedalboard-tanh,0,3,0,0,5.044777586688817,17.454399305827287
les_bridge_pick21__d0t1__00001.wav,byod-bigmuff,les_bridge_pick21,0.010132074,les_neck_fing01__d4t0__00020.wav,lsp-hardclip,0,4,1,0,5.044777586688817,21.54643860361127
les_bridge_pick21__d0t2__00002.wav,byod-bigmuff,les_bridge_pick21,0.0093797445,les_bridge_pick25__d1t3__00008.wav,byod-mxr,0,1,2,3,5.044777586688817,9.107670514338215
les_bridge_pick21__d0t3__00003.wav,byod-bigmuff,les_bridge_pick21,0.0060382485,les_neck_pick03__d0t3__00003.wav,lsp-arctan,0,0,3,3,5.044777586688817,5.005872107125804
les_bridge_pick21__d0t4__00004.wav,byod-bigmuff,les_bridge_pick21,0.0060182214,les_neck_pick03__d0t4__00004.wav,lsp-sine,0,0,4,4,5.044777586688817,5.041347474059023
les_bridge_pick21__d1t0__00005.wav,byod-bigmuff,les_bridge_pick21,0.0036352277,les_neck_pick07__d5t1__00026.wav,byod-mxr,1,5,0,1,9.126662172709777,25.779078975465445
les_bridge_pick21__d1t1__00006.wav,byod-bigmuff,les_bridge_pick21,0.012720704,les_bridge_pick22__d0t2__00002.wav,lsp-hardclip,1,0,1,2,9.126662172709777,5.063331073032135
les_bridge_pick21__d1t2__00007.wav,byod-bigmuff,les_bridge_pick21,0.0052738786,les_bridge_pick17__d1t3__00008.wav,byod-mxr,1,1,2,3,9.126662172709777,9.107670514338215
les_bridge_pick21__d1t3__00008.wav,byod-bigmuff,les_bridge_pick21,0.0070325136,les_neck_pick03__d1t3__00008.wav,byod-mxr,1,1,3,3,9.126662172709777,9.107670514338215
les_bridge_pick21__d1t4__00009.wav,byod-bigmuff,les_bridge_pick21,0.006865084,les_bridge_fing17__d1t4__00009.wav,byod-mxr,1,1,4,4,9.126662172709777,9.107670514338215
les_bridge_pick21__d2t0__00010.wav,byod-bigmuff,les_bridge_pick21,0.00990808,les_bridge_pick16__d2t1__00011.wav,lsp-hardclip,2,2,0,1,13.312631977514853,13.55142968534178
les_bridge_pick21__d2t1__00011.wav,byod-bigmuff,les_bridge_pick21,0.0127465725,les_neck_pick14__d4t0__00020.wav,lsp-arctan,2,4,1,0,13.312631977514853,21.613326710488973
les_bridge_pick21__d2t2__00012.wav,byod-bigmuff,les_bridge_pick21,0.0071163177,les_bridge_pick17__d2t3__00013.wav,byod-mxr,2,2,2,3,13.312631977514853,13.292365801948186
les_bridge_pick21__d2t3__00013.wav,byod-bigmuff,les_bridge_pick21,0.0059768558,les_neck_pick03__d3t4__00019.wav,lsp-hardclip,2,3,3,4,13.312631977514853,17.563088337099366
les_bridge_pick21__d2t4__00014.wav,byod-bigmuff,les_bridge_pick21,0.008485436,les_neck_pick21__d3t3__00018.wav,lsp-hardclip,2,3,4,3,13.312631977514853,17.563088337099366
les_bridge_pick21__d3t0__00015.wav,byod-bigmuff,les_bridge_pick21,0.0073302984,les_bridge_pick16__d3t1__00016.wav,lsp-hardclip,3,3,0,1,17.442946393617085,17.563088337099366
les_bridge_pick21__d3t1__00016.wav,byod-bigmuff,les_bridge_pick21,0.009385943,les_neck_fing01__d2t1__00011.wav,lsp-hardclip,3,2,1,1,17.442946393617085,13.55142968534178
les_bridge_pick21__d3t2__00017.wav,byod-bigmuff,les_bridge_pick21,0.005079925,les_bridge_pick17__d2t4__00014.wav,lsp-arctan,3,2,2,4,17.442946393617085,13.270071970821393
les_bridge_pick21__d3t3__00018.wav,byod-bigmuff,les_bridge_pick21,0.0060275793,les_bridge_fing17__d3t4__00019.wav,lsp-hardclip,3,3,3,4,17.442946393617085,17.563088337099366
les_bridge_pick21__d3t4__00019.wav,byod-bigmuff,les_bridge_pick21,0.0041344166,les_neck_pick21__d3t4__00019.wav,lsp-hardclip,3,3,4,4,17.442946393617085,17.563088337099366
les_bridge_pick21__d4t0__00020.wav,byod-bigmuff,les_bridge_pick21,0.012165904,les_neck_pick09__d5t0__00025.wav,lsp-arctan,4,5,0,0,21.5884141303546,25.788497067568912
les_bridge_pick21__d4t1__00021.wav,byod-bigmuff,les_bridge_pick21,0.0063399076,les_bridge_pick25__d2t3__00013.wav,lsp-hardclip,4,2,1,3,21.5884141303546,13.55142968534178
les_bridge_pick21__d4t2__00022.wav,byod-bigmuff,les_bridge_pick21,0.003744781,les_neck_pick09__d2t3__00013.wav,lsp-sine,4,2,2,3,21.5884141303546,13.251366385956809
les_bridge_pick21__d4t3__00023.wav,byod-bigmuff,les_bridge_pick21,0.0035099387,les_neck_pick21__d3t3__00018.wav,lsp-sine,4,3,3,3,21.5884141303546,17.46073355198249
les_bridge_pick21__d4t4__00024.wav,byod-bigmuff,les_bridge_pick21,0.004525304,les_neck_pick14__d3t4__00019.wav,lsp-sine,4,3,4,4,21.5884141303546,17.46073355198249
les_bridge_pick21__d5t0__00025.wav,byod-bigmuff,les_bridge_pick21,0.017134905,les_neck_pick04__d5t0__00025.wav,byod-mxr,5,5,0,0,25.77210742134771,25.779078975465445
les_bridge_pick21__d5t1__00026.wav,byod-bigmuff,les_bridge_pick21,0.010468364,les_neck_pick14__d5t0__00025.wav,lsp-sine,5,5,1,0,25.77210742134771,25.7855895742644
les_bridge_pick21__d5t2__00027.wav,byod-bigmuff,les_bridge_pick21,0.0048173666,les_bridge_pick16__d4t3__00023.wav,lsp-sine,5,4,2,3,25.77210742134771,21.652716208419097
les_bridge_pick21__d5t3__00028.wav,byod-bigmuff,les_bridge_pick21,0.0044209957,les_neck_pick05__d4t4__00024.wav,lsp-sine,5,4,3,4,25.77210742134771,21.652716208419097
les_bridge_pick21__d5t4__00029.wav,byod-bigmuff,les_bridge_pick21,0.00506866,les_neck_pick14__d5t4__00029.wav,lsp-sine,5,5,4,4,25.77210742134771,25.7855895742644
les_bridge_pick21__d6t0__00030.wav,byod-bigmuff,les_bridge_pick21,0.014807582,les_bridge_pick25__d6t0__00030.wav,lsp-sine,6,6,0,0,29.9151414217934,29.915327656251563
les_bridge_pick21__d6t1__00031.wav,byod-bigmuff,les_bridge_pick21,0.0039255023,les_neck_pick07__d5t4__00029.wav,lsp-arctan,6,5,1,4,29.9151414217934,25.788497067568912
les_bridge_pick21__d6t2__00032.wav,byod-bigmuff,les_bridge_pick21,0.0041891336,les_bridge_pick16__d5t3__00028.wav,lsp-hardclip,6,5,2,3,29.9151414217934,25.79865436059077
les_bridge_pick21__d6t3__00033.wav,byod-bigmuff,les_bridge_pick21,0.003033638,les_bridge_fing20__d6t3__00033.wav,byod-mxr,6,6,3,3,29.9151414217934,29.91150927100104
les_bridge_pick21__d6t4__00034.wav,byod-bigmuff,les_bridge_pick21,0.0027014613,les_neck_pick21__d7t4__00039.wav,byod-mxr,6,7,4,4,29.9151414217934,34.08156088036171
les_bridge_pick21__d7t0__00035.wav,byod-bigmuff,les_bridge_pick21,0.009632349,les_bridge_fing20__d6t0__00030.wav,byod-mxr,7,6,0,0,34.074932620854284,29.91150927100104
les_bridge_pick21__d7t1__00036.wav,byod-bigmuff,les_bridge_pick21,0.0064846873,les_neck_fing01__d7t0__00035.wav,byod-mxr,7,7,1,0,34.074932620854284,34.08156088036171
les_bridge_pick21__d7t2__00037.wav,byod-bigmuff,les_bridge_pick21,0.004547417,les_bridge_fing24__d6t3__00033.wav,pedalboard-tanh,7,6,2,3,34.074932620854284,29.92239131554786
les_bridge_pick21__d7t3__00038.wav,byod-bigmuff,les_bridge_pick21,0.0017475486,les_neck_pick03__d7t4__00039.wav,lsp-tanh,7,7,3,4,34.074932620854284,34.0729352593394
les_bridge_pick21__d7t4__00039.wav,byod-bigmuff,les_bridge_pick21,0.001773119,les_neck_pick05__d7t4__00039.wav,lsp-tanh,7,7,4,4,34.074932620854284,34.0729352593394
les_neck_fing03__d0t0__00000.wav,byod-bigmuff,les_neck_fing03,0.001183331,les_neck_pick12__d4t0__00020.wav,lsp-sine,0,4,0,0,5.044777586688817,21.652716208419097
les_neck_fing03__d0t1__00001.wav,byod-bigmuff,les_neck_fing03,0.0061112046,les_neck_pick12__d6t0__00030.wav,lsp-hardclip,0,6,1,0,5.044777586688817,29.908667593492765
les_neck_fing03__d0t2__00002.wav,byod-bigmuff,les_neck_fing03,0.014977396,les_neck_pick09__d6t0__00030.wav,byod-mxr,0,6,2,0,5.044777586688817,29.91150927100104
les_neck_fing03__d0t3__00003.wav,byod-bigmuff,les_neck_fing03,0.011579692,les_neck_pick07__d4t4__00024.wav,byod-mxr,0,4,3,4,5.044777586688817,21.62039317761596
les_neck_fing03__d0t4__00004.wav,byod-bigmuff,les_neck_fing03,0.018195987,les_bridge_pick16__d4t3__00023.wav,lsp-hardclip,0,4,4,3,5.044777586688817,21.54643860361127
les_neck_fing03__d1t0__00005.wav,byod-bigmuff,les_neck_fing03,0.0021650195,les_bridge_pick16__d4t0__00020.wav,pedalboard-tanh,1,4,0,0,9.126662172709777,21.61638024087312
les_neck_fing03__d1t1__00006.wav,byod-bigmuff,les_neck_fing03,0.006837189,les_bridge_pick25__d5t0__00025.wav,pedalboard-tanh,1,5,1,0,9.126662172709777,25.782351420955937
les_neck_fing03__d1t2__00007.wav,byod-bigmuff,les_neck_fing03,0.008385122,les_bridge_fing20__d5t1__00026.wav,byod-mxr,1,5,2,1,9.126662172709777,25.779078975465445
les_neck_fing03__d1t3__00008.wav,byod-bigmuff,les_neck_fing03,0.011973739,les_bridge_pick16__d5t2__00027.wav,lsp-arctan,1,5,3,2,9.126662172709777,25.788497067568912
les_neck_fing03__d1t4__00009.wav,byod-bigmuff,les_neck_fing03,0.011312425,les_neck_pick07__d5t4__00029.wav,lsp-hardclip,1,5,4,4,9.126662172709777,25.79865436059077
les_neck_fing03__d2t0__00010.wav,byod-bigmuff,les_neck_fing03,0.0034527183,les_bridge_pick16__d5t0__00025.wav,byod-mxr,2,5,0,0,13.312631977514853,25.779078975465445
les_neck_fing03__d2t1__00011.wav,byod-bigmuff,les_neck_fing03,0.009367943,les_neck_pick04__d5t0__00025.wav,lsp-arctan,2,5,1,0,13.312631977514853,25.788497067568912
les_neck_fing03__d2t2__00012.wav,byod-bigmuff,les_neck_fing03,0.0059034824,les_bridge_fing17__d6t0__00030.wav,pedalboard-tanh,2,6,2,0,13.312631977514853,29.92239131554786
les_neck_fing03__d2t3__00013.wav,byod-bigmuff,les_neck_fing03,0.009611607,les_neck_pick14__d5t1__00026.wav,lsp-arctan,2,5,3,1,13.312631977514853,25.788497067568912
les_neck_fing03__d2t4__00014.wav,byod-bigmuff,les_neck_fing03,0.008979142,les_bridge_pick17__d5t3__00028.wav,byod-mxr,2,5,4,3,13.312631977514853,25.779078975465445
les_neck_fing03__d3t0__00015.wav,byod-bigmuff,les_neck_fing03,0.00631541,les_neck_pick12__d6t0__00030.wav,lsp-hardclip,3,6,0,0,17.442946393617085,29.908667593492765
les_neck_fing03__d3t1__00016.wav,byod-bigmuff,les_neck_fing03,0.005472958,les_bridge_pick25__d6t0__00030.wav,pedalboard-tanh,3,6,1,0,17.442946393617085,29.92239131554786
les_neck_fing03__d3t2__00017.wav,byod-bigmuff,les_neck_fing03,0.005749464,les_neck_fing01__d6t0__00030.wav,lsp-tanh,3,6,2,0,17.442946393617085,29.89601395521624
les_neck_fing03__d3t3__00018.wav,byod-bigmuff,les_neck_fing03,0.00405401,les_bridge_pick16__d6t2__00032.wav,lsp-sine,3,6,3,2,17.442946393617085,29.915327656251563
les_neck_fing03__d3t4__00019.wav,byod-bigmuff,les_neck_fing03,0.0066587925,les_neck_pick21__d6t2__00032.wav,byod-mxr,3,6,4,2,17.442946393617085,29.91150927100104
les_neck_fing03__d4t0__00020.wav,byod-bigmuff,les_neck_fing03,0.0053343177,les_bridge_fing20__d5t0__00025.wav,lsp-tanh,4,5,0,0,21.5884141303546,25.766463780707188
les_neck_fing03__d4t1__00021.wav,byod-bigmuff,les_neck_fing03,0.0021787286,les_neck_pick04__d6t0__00030.wav,pedalboard-tanh,4,6,1,0,21.5884141303546,29.92239131554786
les_neck_fing03__d4t2__00022.wav,byod-bigmuff,les_neck_fing03,0.0057287216,les_neck_pick04__d6t1__00031.wav,lsp-arctan,4,6,2,1,21.5884141303546,29.91872954355242
les_neck_fing03__d4t3__00023.wav,byod-bigmuff,les_neck_fing03,0.0053369403,les_bridge_pick22__d6t3__00033.wav,lsp-sine,4,6,3,3,21.5884141303546,29.915327656251563
les_neck_fing03__d4t4__00024.wav,byod-bigmuff,les_neck_fing03,0.0030313134,les_bridge_pick16__d6t3__00033.wav,lsp-sine,4,6,4,3,21.5884141303546,29.915327656251563
les_neck_fing03__d5t0__00025.wav,byod-bigmuff,les_neck_fing03,0.0038403273,les_bridge_pick16__d6t0__00030.wav,pedalboard-tanh,5,6,0,0,25.77210742134771,29.92239131554786
les_neck_fing03__d5t1__00026.wav,byod-bigmuff,les_neck_fing03,0.008547008,les_neck_pick07__d6t2__00032.wav,lsp-hardclip,5,6,1,2,25.77210742134771,29.908667593492765
les_neck_fing03__d5t2__00027.wav,byod-bigmuff,les_neck_fing03,0.0062437654,les_neck_pick21__d7t1__00036.wav,byod-mxr,5,7,2,1,25.77210742134771,34.08156088036171
les_neck_fing03__d5t3__00028.wav,byod-bigmuff,les_neck_fing03,0.0042036176,les_bridge_pick22__d6t4__00034.wav,byod-mxr,5,6,3,4,25.77210742134771,29.91150927100104
les_neck_fing03__d5t4__00029.wav,byod-bigmuff,les_neck_fing03,0.0027829409,les_neck_pick21__d7t3__00038.wav,byod-mxr,5,7,4,3,25.77210742134771,34.08156088036171
les_neck_fing03__d6t0__00030.wav,byod-bigmuff,les_neck_fing03,0.0054028034,les_neck_pick05__d6t0__00030.wav,lsp-sine,6,6,0,0,29.9151414217934,29.915327656251563
les_neck_fing03__d6t1__00031.wav,byod-bigmuff,les_neck_fing03,0.005844593,les_bridge_pick16__d7t1__00036.wav,lsp-sine,6,7,1,1,29.9151414217934,34.094517939627885
les_neck_fing03__d6t2__00032.wav,byod-bigmuff,les_neck_fing03,0.0047201514,les_bridge_pick25__d6t3__00033.wav,byod-mxr,6,6,2,3,29.9151414217934,29.91150927100104
les_neck_fing03__d6t3__00033.wav,byod-bigmuff,les_neck_fing03,0.002714157,les_neck_pick03__d7t3__00038.wav,byod-mxr,6,7,3,3,29.9151414217934,34.08156088036171
les_neck_fing03__d6t4__00034.wav,byod-bigmuff,les_neck_fing03,0.0018962622,les_neck_pick03__d7t4__00039.wav,pedalboard-tanh,6,7,4,4,29.9151414217934,34.075823464139134
les_neck_fing03__d7t0__00035.wav,byod-bigmuff,les_neck_fing03,0.0062677264,les_neck_pick04__d7t0__00035.wav,pedalboard-tanh,7,7,0,0,34.074932620854284,34.075823464139134
les_neck_fing03__d7t1__00036.wav,byod-bigmuff,les_neck_fing03,0.012102425,les_bridge_fing17__d7t1__00036.wav,byod-mxr,7,7,1,1,34.074932620854284,34.08156088036171
les_neck_fing03__d7t2__00037.wav,byod-bigmuff,les_neck_fing03,0.00417459,les_neck_pick09__d7t3__00038.wav,lsp-arctan,7,7,2,3,34.074932620854284,34.09435618625095
les_neck_fing03__d7t3__00038.wav,byod-bigmuff,les_neck_fing03,0.0023459792,les_neck_pick03__d7t4__00039.wav,lsp-arctan,7,7,3,4,34.074932620854284,34.09435618625095
les_neck_fing03__d7t4__00039.wav,byod-bigmuff,les_neck_fing03,0.0013465881,les_neck_pick05__d7t4__00039.wav,lsp-tanh,7,7,4,4,34.074932620854284,34.0729352593394
les_neck_fing04__d0t0__00000.wav,byod-bigmuff,les_neck_fing04,0.0023781061,les_neck_pick07__d5t0__00025.wav,lsp-hardclip,0,5,0,0,5.044777586688817,25.79865436059077
les_neck_fing04__d0t1__00001.wav,byod-bigmuff,les_neck_fing04,0.002411902,les_neck_pick07__d6t0__00030.wav,byod-mxr,0,6,1,0,5.044777586688817,29.91150927100104
les_neck_fing04__d0t2__00002.wav,byod-bigmuff,les_neck_fing04,0.00792551,les_neck_pick04__d4t0__00020.wav,lsp-hardclip,0,4,2,0,5.044777586688817,21.54643860361127
les_neck_fing04__d0t3__00003.wav,byod-bigmuff,les_neck_fing04,0.008793414,les_neck_pick04__d2t1__00011.wav,lsp-hardclip,0,2,3,1,5.044777586688817,13.55142968534178
les_neck_fing04__d0t4__00004.wav,byod-bigmuff,les_neck_fing04,0.0042470694,les_bridge_pick25__d1t3__00008.wav,lsp-tanh,0,1,4,3,5.044777586688817,9.088421535688989
les_neck_fing04__d1t0__00005.wav,byod-bigmuff,les_neck_fing04,0.0028686523,les_neck_pick07__d5t0__00025.wav,lsp-arctan,1,5,0,0,9.126662172709777,25.788497067568912
les_neck_fing04__d1t1__00006.wav,byod-bigmuff,les_neck_fing04,0.004022956,les_bridge_pick16__d4t0__00020.wav,lsp-sine,1,4,1,0,9.126662172709777,21.652716208419097
les_neck_fing04__d1t2__00007.wav,byod-bigmuff,les_neck_fing04,0.008857429,les_neck_fing01__d4t0__00020.wav,lsp-hardclip,1,4,2,0,9.126662172709777,21.54643860361127
les_neck_fing04__d1t3__00008.wav,byod-bigmuff,les_neck_fing04,0.0050877333,les_neck_fing01__d1t1__00006.wav,lsp-hardclip,1,1,3,1,9.126662172709777,9.35456396552498
les_neck_fing04__d1t4__00009.wav,byod-bigmuff,les_neck_fing04,0.005771041,les_bridge_fing17__d1t2__00007.wav,lsp-arctan,1,1,4,2,9.126662172709777,9.170316408518453
les_neck_fing04__d2t0__00010.wav,byod-bigmuff,les_neck_fing04,0.0022311807,les_neck_pick12__d3t0__00015.wav,byod-mxr,2,3,0,0,13.312631977514853,17.452308155418716
les_neck_fing04__d2t1__00011.wav,byod-bigmuff,les_neck_fing04,0.006110728,les_neck_pick02__d3t0__00015.wav,lsp-hardclip,2,3,1,0,13.312631977514853,17.563088337099366
les_neck_fing04__d2t2__00012.wav,byod-bigmuff,les_neck_fing04,0.0093586445,les_neck_pick02__d1t1__00006.wav,lsp-hardclip,2,1,2,1,13.312631977514853,9.35456396552498
les_neck_fing04__d2t3__00013.wav,byod-bigmuff,les_neck_fing04,0.0044579506,les_bridge_fing24__d2t4__00014.wav,lsp-arctan,2,2,3,4,13.312631977514853,13.270071970821393
les_neck_fing04__d2t4__00014.wav,byod-bigmuff,les_neck_fing04,0.0051351786,les_bridge_pick22__d2t4__00014.wav,lsp-tanh,2,2,4,4,13.312631977514853,13.297259315581634
les_neck_fing04__d3t0__00015.wav,byod-bigmuff,les_neck_fing04,0.0037107468,les_neck_pick07__d6t0__00030.wav,byod-mxr,3,6,0,0,17.442946393617085,29.91150927100104
les_neck_fing04__d3t1__00016.wav,byod-bigmuff,les_neck_fing04,0.010038316,les_bridge_pick16__d3t1__00016.wav,lsp-hardclip,3,3,1,1,17.442946393617085,17.563088337099366
les_neck_fing04__d3t2__00017.wav,byod-bigmuff,les_neck_fing04,0.0090584755,les_bridge_pick16__d2t2__00012.wav,lsp-hardclip,3,2,2,2,17.442946393617085,13.55142968534178
les_neck_fing04__d3t3__00018.wav,byod-bigmuff,les_neck_fing04,0.011711538,les_bridge_fing21__d3t4__00019.wav,lsp-hardclip,3,3,3,4,17.442946393617085,17.563088337099366
les_neck_fing04__d3t4__00019.wav,byod-bigmuff,les_neck_fing04,0.014263868,les_bridge_pick16__d5t2__00027.wav,lsp-arctan,3,5,4,2,17.442946393617085,25.788497067568912
les_neck_fing04__d4t0__00020.wav,byod-bigmuff,les_neck_fing04,0.01011014,les_neck_pick12__d4t1__00021.wav,lsp-hardclip,4,4,0,1,21.5884141303546,21.54643860361127
les_neck_fing04__d4t1__00021.wav,byod-bigmuff,les_neck_fing04,0.015219331,les_neck_pick09__d5t0__00025.wav,lsp-arctan,4,5,1,0,21.5884141303546,25.788497067568912
les_neck_fing04__d4t2__00022.wav,byod-bigmuff,les_neck_fing04,0.0074287057,les_neck_pick07__d5t3__00028.wav,lsp-arctan,4,5,2,3,21.5884141303546,25.788497067568912
les_neck_fing04__d4t3__00023.wav,byod-bigmuff,les_neck_fing04,0.0078099966,les_bridge_pick17__d5t2__00027.wav,byod-mxr,4,5,3,2,21.5884141303546,25.779078975465445
les_neck_fing04__d4t4__00024.wav,byod-bigmuff,les_neck_fing04,0.0074536204,les_bridge_pick16__d6t2__00032.wav,lsp-hardclip,4,6,4,2,21.5884141303546,29.908667593492765
les_neck_fing04__d5t0__00025.wav,byod-bigmuff,les_neck_fing04,0.009569943,les_bridge_pick16__d3t1__00016.wav,lsp-hardclip,5,3,0,1,25.77210742134771,17.563088337099366
les_neck_fing04__d5t1__00026.wav,byod-bigmuff,les_neck_fing04,0.005273521,les_bridge_pick16__d5t1__00026.wav,lsp-hardclip,5,5,1,1,25.77210742134771,25.79865436059077
les_neck_fing04__d5t2__00027.wav,byod-bigmuff,les_neck_fing04,0.006699741,les_neck_pick09__d6t1__00031.wav,byod-mxr,5,6,2,1,25.77210742134771,29.91150927100104
les_neck_fing04__d5t3__00028.wav,byod-bigmuff,les_neck_fing04,0.008690536,les_bridge_fing20__d6t1__00031.wav,pedalboard-tanh,5,6,3,1,25.77210742134771,29.92239131554786
les_neck_fing04__d5t4__00029.wav,byod-bigmuff,les_neck_fing04,0.006343484,les_bridge_pick16__d7t2__00037.wav,lsp-hardclip,5,7,4,2,25.77210742134771,34.07942205160116
les_neck_fing04__d6t0__00030.wav,byod-bigmuff,les_neck_fing04,0.009082496,les_bridge_pick17__d5t0__00025.wav,lsp-tanh,6,5,0,0,29.9151414217934,25.766463780707188
les_neck_fing04__d6t1__00031.wav,byod-bigmuff,les_neck_fing04,0.012048066,les_neck_pick09__d7t0__00035.wav,lsp-sine,6,7,1,0,29.9151414217934,34.094517939627885
les_neck_fing04__d6t2__00032.wav,byod-bigmuff,les_neck_fing04,0.010068119,les_neck_pick09__d7t1__00036.wav,lsp-hardclip,6,7,2,1,29.9151414217934,34.07942205160116
les_neck_fing04__d6t3__00033.wav,byod-bigmuff,les_neck_fing04,0.007791102,les_bridge_pick17__d6t2__00032.wav,lsp-tanh,6,6,3,2,29.9151414217934,29.89601395521624
les_neck_fing04__d6t4__00034.wav,byod-bigmuff,les_neck_fing04,0.0072784424,les_bridge_pick25__d6t4__00034.wav,byod-mxr,6,6,4,4,29.9151414217934,29.91150927100104
les_neck_fing04__d7t0__00035.wav,byod-bigmuff,les_neck_fing04,0.0079879165,les_neck_pick02__d7t0__00035.wav,byod-mxr,7,7,0,0,34.074932620854284,34.08156088036171
les_neck_fing04__d7t1__00036.wav,byod-bigmuff,les_neck_fing04,0.015791655,les_neck_pick02__d7t1__00036.wav,byod-mxr,7,7,1,1,34.074932620854284,34.08156088036171
les_neck_fing04__d7t2__00037.wav,byod-bigmuff,les_neck_fing04,0.010121703,les_neck_pick07__d7t3__00038.wav,lsp-tanh,7,7,2,3,34.074932620854284,34.0729352593394
les_neck_fing04__d7t3__00038.wav,byod-bigmuff,les_neck_fing04,0.013436496,les_bridge_fing24__d7t2__00037.wav,lsp-sine,7,7,3,2,34.074932620854284,34.094517939627885
les_neck_fing04__d7t4__00039.wav,byod-bigmuff,les_neck_fing04,0.010096431,les_neck_pick07__d7t4__00039.wav,lsp-hardclip,7,7,4,4,34.074932620854284,34.07942205160116
les_neck_fing09__d0t0__00000.wav,byod-bigmuff,les_neck_fing09,0.003091514,les_bridge_fing21__d3t0__00015.wav,lsp-hardclip,0,3,0,0,5.044777586688817,17.563088337099366
les_neck_fing09__d0t1__00001.wav,byod-bigmuff,les_neck_fing09,0.0014805198,les_neck_pick12__d4t0__00020.wav,lsp-sine,0,4,1,0,5.044777586688817,21.652716208419097
les_neck_fing09__d0t2__00002.wav,byod-bigmuff,les_neck_fing09,0.0027191043,les_neck_pick12__d5t0__00025.wav,lsp-sine,0,5,2,0,5.044777586688817,25.7855895742644
les_neck_fing09__d0t3__00003.wav,byod-bigmuff,les_neck_fing09,0.0063482523,les_neck_pick09__d5t0__00025.wav,byod-mxr,0,5,3,0,5.044777586688817,25.779078975465445
les_neck_fing09__d0t4__00004.wav,byod-bigmuff,les_neck_fing09,0.008425117,les_neck_pick12__d6t0__00030.wav,byod-mxr,0,6,4,0,5.044777586688817,29.91150927100104
les_neck_fing09__d1t0__00005.wav,byod-bigmuff,les_neck_fing09,0.0026702285,les_bridge_fing21__d4t0__00020.wav,lsp-hardclip,1,4,0,0,9.126662172709777,21.54643860361127
les_neck_fing09__d1t1__00006.wav,byod-bigmuff,les_neck_fing09,0.0019206405,les_neck_pick12__d4t0__00020.wav,pedalboard-tanh,1,4,1,0,9.126662172709777,21.61638024087312
les_neck_fing09__d1t2__00007.wav,byod-bigmuff,les_neck_fing09,0.0050413013,les_neck_pick12__d5t0__00025.wav,byod-mxr,1,5,2,0,9.126662172709777,25.779078975465445
les_neck_fing09__d1t3__00008.wav,byod-bigmuff,les_neck_fing09,0.0049439073,les_neck_pick12__d6t0__00030.wav,byod-mxr,1,6,3,0,9.126662172709777,29.91150927100104
les_neck_fing09__d1t4__00009.wav,byod-bigmuff,les_neck_fing09,0.010296345,les_bridge_pick16__d3t2__00017.wav,lsp-hardclip,1,3,4,2,9.126662172709777,17.563088337099366
les_neck_fing09__d2t0__00010.wav,byod-bigmuff,les_neck_fing09,0.0025146008,les_bridge_fing21__d4t0__00020.wav,lsp-hardclip,2,4,0,0,13.312631977514853,21.54643860361127
les_neck_fing09__d2t1__00011.wav,byod-bigmuff,les_neck_fing09,0.0034288168,les_bridge_pick16__d4t0__00020.wav,pedalboard-tanh,2,4,1,0,13.312631977514853,21.61638024087312
les_neck_fing09__d2t2__00012.wav,byod-bigmuff,les_neck_fing09,0.0014640093,les_neck_pick09__d5t0__00025.wav,lsp-arctan,2,5,2,0,13.312631977514853,25.788497067568912
les_neck_fing09__d2t3__00013.wav,byod-bigmuff,les_neck_fing09,0.008280456,les_bridge_pick16__d3t2__00017.wav,lsp-hardclip,2,3,3,2,13.312631977514853,17.563088337099366
les_neck_fing09__d2t4__00014.wav,byod-bigmuff,les_neck_fing09,0.013205767,les_bridge_fing20__d3t3__00018.wav,lsp-hardclip,2,3,4,3,13.312631977514853,17.563088337099366
les_neck_fing09__d3t0__00015.wav,byod-bigmuff,les_neck_fing09,0.00282377,les_bridge_fing21__d4t0__00020.wav,lsp-hardclip,3,4,0,0,17.442946393617085,21.54643860361127
les_neck_fing09__d3t1__00016.wav,byod-bigmuff,les_neck_fing09,0.005195856,les_neck_pick12__d5t0__00025.wav,lsp-sine,3,5,1,0,17.442946393617085,25.7855895742644
les_neck_fing09__d3t2__00017.wav,byod-bigmuff,les_neck_fing09,0.0040100217,les_neck_pick12__d6t0__00030.wav,byod-mxr,3,6,2,0,17.442946393617085,29.91150927100104
les_neck_fing09__d3t3__00018.wav,byod-bigmuff,les_neck_fing09,0.010215521,les_bridge_fing24__d3t3__00018.wav,lsp-hardclip,3,3,3,3,17.442946393617085,17.563088337099366
les_neck_fing09__d3t4__00019.wav,byod-bigmuff,les_neck_fing09,0.0124697685,les_bridge_pick16__d3t3__00018.wav,lsp-hardclip,3,3,4,3,17.442946393617085,17.563088337099366
les_neck_fing09__d4t0__00020.wav,byod-bigmuff,les_neck_fing09,0.002260983,les_neck_pick12__d5t0__00025.wav,lsp-hardclip,4,5,0,0,21.5884141303546,25.79865436059077
les_neck_fing09__d4t1__00021.wav,byod-bigmuff,les_neck_fing09,0.006199479,les_bridge_pick16__d3t1__00016.wav,lsp-hardclip,4,3,1,1,21.5884141303546,17.563088337099366
les_neck_fing09__d4t2__00022.wav,byod-bigmuff,les_neck_fing09,0.010926664,les_neck_pick07__d5t3__00028.wav,pedalboard-tanh,4,5,2,3,21.5884141303546,25.782351420955937
les_neck_fing09__d4t3__00023.wav,byod-bigmuff,les_neck_fing09,0.012118161,les_bridge_pick17__d4t2__00022.wav,lsp-hardclip,4,4,3,2,21.5884141303546,21.54643860361127
les_neck_fing09__d4t4__00024.wav,byod-bigmuff,les_neck_fing09,0.0132629275,les_bridge_pick22__d5t3__00028.wav,byod-mxr,4,5,4,3,21.5884141303546,25.779078975465445
les_neck_fing09__d5t0__00025.wav,byod-bigmuff,les_neck_fing09,0.0050085187,les_neck_pick12__d4t0__00020.wav,pedalboard-tanh,5,4,0,0,25.77210742134771,21.61638024087312
les_neck_fing09__d5t1__00026.wav,byod-bigmuff,les_neck_fing09,0.008096337,les_neck_pick07__d5t2__00027.wav,lsp-hardclip,5,5,1,2,25.77210742134771,25.79865436059077
les_neck_fing09__d5t2__00027.wav,byod-bigmuff,les_neck_fing09,0.008460641,les_bridge_pick22__d5t2__00027.wav,byod-mxr,5,5,2,2,25.77210742134771,25.779078975465445
les_neck_fing09__d5t3__00028.wav,byod-bigmuff,les_neck_fing09,0.006720364,les_bridge_pick22__d5t3__00028.wav,byod-mxr,5,5,3,3,25.77210742134771,25.779078975465445
les_neck_fing09__d5t4__00029.wav,byod-bigmuff,les_neck_fing09,0.0043171644,les_bridge_pick17__d5t3__00028.wav,byod-mxr,5,5,4,3,25.77210742134771,25.779078975465445
les_neck_fing09__d6t0__00030.wav,byod-bigmuff,les_neck_fing09,0.0063555837,les_bridge_pick22__d5t0__00025.wav,lsp-arctan,6,5,0,0,29.9151414217934,25.788497067568912
les_neck_fing09__d6t1__00031.wav,byod-bigmuff,les_neck_fing09,0.0047432184,les_bridge_fing20__d6t0__00030.wav,lsp-hardclip,6,6,1,0,29.9151414217934,29.908667593492765
les_neck_fing09__d6t2__00032.wav,byod-bigmuff,les_neck_fing09,0.010564089,les_bridge_fing24__d5t3__00028.wav,lsp-hardclip,6,5,2,3,29.9151414217934,25.79865436059077
les_neck_fing09__d6t3__00033.wav,byod-bigmuff,les_neck_fing09,0.008417726,les_bridge_fing21__d5t4__00029.wav,lsp-arctan,6,5,3,4,29.9151414217934,25.788497067568912
les_neck_fing09__d6t4__00034.wav,byod-bigmuff,les_neck_fing09,0.0060060024,les_neck_pick02__d6t3__00033.wav,byod-mxr,6,6,4,3,29.9151414217934,29.91150927100104
les_neck_fing09__d7t0__00035.wav,byod-bigmuff,les_neck_fing09,0.006139338,les_bridge_pick22__d7t0__00035.wav,byod-mxr,7,7,0,0,34.074932620854284,34.08156088036171
les_neck_fing09__d7t1__00036.wav,byod-bigmuff,les_neck_fing09,0.0075178742,les_bridge_pick25__d7t0__00035.wav,byod-mxr,7,7,1,0,34.074932620854284,34.08156088036171
les_neck_fing09__d7t2__00037.wav,byod-bigmuff,les_neck_fing09,0.010315895,les_neck_pick07__d6t4__00034.wav,lsp-arctan,7,6,2,4,34.074932620854284,29.91872954355242
les_neck_fing09__d7t3__00038.wav,byod-bigmuff,les_neck_fing09,0.0058666468,les_bridge_fing24__d6t3__00033.wav,lsp-tanh,7,6,3,3,34.074932620854284,29.89601395521624
les_neck_fing09__d7t4__00039.wav,byod-bigmuff,les_neck_fing09,0.0038264394,les_bridge_fing24__d6t4__00034.wav,pedalboard-tanh,7,6,4,4,34.074932620854284,29.92239131554786
les_neck_fing11__d0t0__00000.wav,byod-bigmuff,les_neck_fing11,0.00432992,les_neck_pick07__d5t0__00025.wav,lsp-hardclip,0,5,0,0,5.044777586688817,25.79865436059077
les_neck_fing11__d0t1__00001.wav,byod-bigmuff,les_neck_fing11,0.00067692995,les_neck_pick12__d5t0__00025.wav,lsp-hardclip,0,5,1,0,5.044777586688817,25.79865436059077
les_neck_fing11__d0t2__00002.wav,byod-bigmuff,les_neck_fing11,0.0076538324,les_neck_pick04__d4t0__00020.wav,byod-mxr,0,4,2,0,5.044777586688817,21.62039317761596
les_neck_fing11__d0t3__00003.wav,byod-bigmuff,les_neck_fing11,0.012615323,les_neck_pick02__d2t1__00011.wav,lsp-hardclip,0,2,3,1,5.044777586688817,13.55142968534178
les_neck_fing11__d0t4__00004.wav,byod-bigmuff,les_neck_fing11,0.010400593,les_neck_fing01__d2t1__00011.wav,lsp-hardclip,0,2,4,1,5.044777586688817,13.55142968534178
les_neck_fing11__d1t0__00005.wav,byod-bigmuff,les_neck_fing11,0.0019729137,les_neck_pick07__d5t0__00025.wav,lsp-hardclip,1,5,0,0,9.126662172709777,25.79865436059077
les_neck_fing11__d1t1__00006.wav,byod-bigmuff,les_neck_fing11,0.002298355,les_bridge_pick16__d4t0__00020.wav,pedalboard-tanh,1,4,1,0,9.126662172709777,21.61638024087312
les_neck_fing11__d1t2__00007.wav,byod-bigmuff,les_neck_fing11,0.004086256,les_neck_pick09__d5t0__00025.wav,byod-mxr,1,5,2,0,9.126662172709777,25.779078975465445
les_neck_fing11__d1t3__00008.wav,byod-bigmuff,les_neck_fing11,0.008457899,les_neck_fing01__d2t1__00011.wav,lsp-hardclip,1,2,3,1,9.126662172709777,13.55142968534178
les_neck_fing11__d1t4__00009.wav,byod-bigmuff,les_neck_fing11,0.007669568,les_neck_pick02__d2t2__00012.wav,lsp-hardclip,1,2,4,2,9.126662172709777,13.55142968534178
les_neck_fing11__d2t0__00010.wav,byod-bigmuff,les_neck_fing11,0.0010648966,les_neck_pick12__d3t0__00015.wav,pedalboard-tanh,2,3,0,0,13.312631977514853,17.454399305827287
les_neck_fing11__d2t1__00011.wav,byod-bigmuff,les_neck_fing11,0.007510364,les_neck_pick12__d5t0__00025.wav,lsp-sine,2,5,1,0,13.312631977514853,25.7855895742644
les_neck_fing11__d2t2__00012.wav,byod-bigmuff,les_neck_fing11,0.011303425,les_bridge_pick25__d2t2__00012.wav,byod-mxr,2,2,2,2,13.312631977514853,13.292365801948186
les_neck_fing11__d2t3__00013.wav,byod-bigmuff,les_neck_fing11,0.00651145,les_bridge_fing24__d2t4__00014.wav,lsp-sine,2,2,3,4,13.312631977514853,13.251366385956809
les_neck_fing11__d2t4__00014.wav,byod-bigmuff,les_neck_fing11,0.010784745,les_bridge_pick25__d3t3__00018.wav,byod-mxr,2,3,4,3,13.312631977514853,17.452308155418716
les_neck_fing11__d3t0__00015.wav,byod-bigmuff,les_neck_fing11,0.0012684464,les_neck_pick12__d5t0__00025.wav,lsp-hardclip,3,5,0,0,17.442946393617085,25.79865436059077
les_neck_fing11__d3t1__00016.wav,byod-bigmuff,les_neck_fing11,0.009234786,les_bridge_pick17__d4t0__00020.wav,lsp-hardclip,3,4,1,0,17.442946393617085,21.54643860361127
les_neck_fing11__d3t2__00017.wav,byod-bigmuff,les_neck_fing11,0.012252748,les_neck_pick04__d4t1__00021.wav,byod-mxr,3,4,2,1,17.442946393617085,21.62039317761596
les_neck_fing11__d3t3__00018.wav,byod-bigmuff,les_neck_fing11,0.011393964,les_neck_pick12__d3t4__00019.wav,lsp-hardclip,3,3,3,4,17.442946393617085,17.563088337099366
les_neck_fing11__d3t4__00019.wav,byod-bigmuff,les_neck_fing11,0.011631727,les_bridge_pick22__d3t4__00019.wav,pedalboard-tanh,3,3,4,4,17.442946393617085,17.454399305827287
les_neck_fing11__d4t0__00020.wav,byod-bigmuff,les_neck_fing11,0.0060314536,les_bridge_pick16__d5t0__00025.wav,byod-mxr,4,5,0,0,21.5884141303546,25.779078975465445
les_neck_fing11__d4t1__00021.wav,byod-bigmuff,les_neck_fing11,0.007469654,les_neck_pick04__d5t0__00025.wav,byod-mxr,4,5,1,0,21.5884141303546,25.779078975465445
les_neck_fing11__d4t2__00022.wav,byod-bigmuff,les_neck_fing11,0.010069013,les_bridge_pick16__d4t2__00022.wav,lsp-arctan,4,4,2,2,21.5884141303546,21.613326710488973
les_neck_fing11__d4t3__00023.wav,byod-bigmuff,les_neck_fing11,0.0079164505,les_bridge_pick22__d4t3__00023.wav,byod-mxr,4,4,3,3,21.5884141303546,21.62039317761596
les_neck_fing11__d4t4__00024.wav,byod-bigmuff,les_neck_fing11,0.006722212,les_neck_pick05__d5t2__00027.wav,lsp-hardclip,4,5,4,2,21.5884141303546,25.79865436059077
les_neck_fing11__d5t0__00025.wav,byod-bigmuff,les_neck_fing11,0.008772552,les_bridge_pick22__d5t0__00025.wav,lsp-sine,5,5,0,0,25.77210742134771,25.7855895742644
les_neck_fing11__d5t1__00026.wav,byod-bigmuff,les_neck_fing11,0.0175879,les_neck_pick05__d5t0__00025.wav,byod-mxr,5,5,1,0,25.77210742134771,25.779078975465445
les_neck_fing11__d5t2__00027.wav,byod-bigmuff,les_neck_fing11,0.00840652,les_bridge_pick17__d4t2__00022.wav,lsp-hardclip,5,4,2,2,25.77210742134771,21.54643860361127
les_neck_fing11__d5t3__00028.wav,byod-bigmuff,les_neck_fing11,0.0048850775,les_neck_pick05__d5t2__00027.wav,lsp-hardclip,5,5,3,2,25.77210742134771,25.79865436059077
les_neck_fing11__d5t4__00029.wav,byod-bigmuff,les_neck_fing11,0.0048356056,les_bridge_pick16__d5t3__00028.wav,pedalboard-tanh,5,5,4,3,25.77210742134771,25.782351420955937
les_neck_fing11__d6t0__00030.wav,byod-bigmuff,les_neck_fing11,0.0038541555,les_bridge_pick17__d5t0__00025.wav,lsp-arctan,6,5,0,0,29.9151414217934,25.788497067568912
les_neck_fing11__d6t1__00031.wav,byod-bigmuff,les_neck_fing11,0.0074533224,les_bridge_fing20__d5t1__00026.wav,byod-mxr,6,5,1,1,29.9151414217934,25.779078975465445
les_neck_fing11__d6t2__00032.wav,byod-bigmuff,les_neck_fing11,0.0054148436,les_bridge_pick16__d5t2__00027.wav,pedalboard-tanh,6,5,2,2,29.9151414217934,25.782351420955937
les_neck_fing11__d6t3__00033.wav,byod-bigmuff,les_neck_fing11,0.0047756433,les_neck_pick11__d4t4__00024.wav,lsp-arctan,6,4,3,4,29.9151414217934,21.613326710488973
les_neck_fing11__d6t4__00034.wav,byod-bigmuff,les_neck_fing11,0.0043771267,les_neck_pick05__d5t3__00028.wav,lsp-hardclip,6,5,4,3,29.9151414217934,25.79865436059077
les_neck_fing11__d7t0__00035.wav,byod-bigmuff,les_neck_fing11,0.009841502,les_bridge_pick22__d7t0__00035.wav,byod-mxr,7,7,0,0,34.074932620854284,34.08156088036171
les_neck_fing11__d7t1__00036.wav,byod-bigmuff,les_neck_fing11,0.009844005,les_bridge_pick17__d6t1__00031.wav,byod-mxr,7,6,1,1,34.074932620854284,29.91150927100104
les_neck_fing11__d7t2__00037.wav,byod-bigmuff,les_neck_fing11,0.0023660064,les_bridge_pick16__d6t2__00032.wav,lsp-arctan,7,6,2,2,34.074932620854284,29.91872954355242
les_neck_fing11__d7t3__00038.wav,byod-bigmuff,les_neck_fing11,0.0073669553,les_bridge_pick22__d5t4__00029.wav,lsp-tanh,7,5,3,4,34.074932620854284,25.766463780707188
les_neck_fing11__d7t4__00039.wav,byod-bigmuff,les_neck_fing11,0.0055879354,les_neck_pick05__d5t4__00029.wav,byod-mxr,7,5,4,4,34.074932620854284,25.779078975465445
les_neck_fing16__d0t0__00000.wav,byod-bigmuff,les_neck_fing16,0.0013557076,les_neck_pick07__d3t0__00015.wav,byod-mxr,0,3,0,0,5.044777586688817,17.452308155418716
les_neck_fing16__d0t1__00001.wav,byod-bigmuff,les_neck_fing16,0.0011916161,les_neck_pick07__d4t0__00020.wav,byod-mxr,0,4,1,0,5.044777586688817,21.62039317761596
les_neck_fing16__d0t2__00002.wav,byod-bigmuff,les_neck_fing16,0.0033060908,les_bridge_fing24__d1t0__00005.wav,lsp-hardclip,0,1,2,0,5.044777586688817,9.35456396552498
les_neck_fing16__d0t3__00003.wav,byod-bigmuff,les_neck_fing16,0.005425036,les_neck_pick04__d3t0__00015.wav,lsp-arctan,0,3,3,0,5.044777586688817,17.436825605717576
les_neck_fing16__d0t4__00004.wav,byod-bigmuff,les_neck_fing16,0.0083017945,les_neck_pick04__d4t0__00020.wav,lsp-hardclip,0,4,4,0,5.044777586688817,21.54643860361127
les_neck_fing16__d1t0__00005.wav,byod-bigmuff,les_neck_fing16,0.001452148,les_neck_pick07__d4t0__00020.wav,pedalboard-tanh,1,4,0,0,9.126662172709777,21.61638024087312
les_neck_fing16__d1t1__00006.wav,byod-bigmuff,les_neck_fing16,0.0017678142,les_neck_pick07__d5t0__00025.wav,byod-mxr,1,5,1,0,9.126662172709777,25.779078975465445
les_neck_fing16__d1t2__00007.wav,byod-bigmuff,les_neck_fing16,0.0039238334,les_neck_pick07__d5t1__00026.wav,byod-mxr,1,5,2,1,9.126662172709777,25.779078975465445
les_neck_fing16__d1t3__00008.wav,byod-bigmuff,les_neck_fing16,0.006459117,les_neck_pick04__d4t0__00020.wav,lsp-hardclip,1,4,3,0,9.126662172709777,21.54643860361127
les_neck_fing16__d1t4__00009.wav,byod-bigmuff,les_neck_fing16,0.009771943,les_neck_fing01__d4t0__00020.wav,lsp-hardclip,1,4,4,0,9.126662172709777,21.54643860361127
les_neck_fing16__d2t0__00010.wav,byod-bigmuff,les_neck_fing16,0.0012500882,les_neck_pick07__d4t0__00020.wav,pedalboard-tanh,2,4,0,0,13.312631977514853,21.61638024087312
les_neck_fing16__d2t1__00011.wav,byod-bigmuff,les_neck_fing16,0.0013355017,les_neck_pick07__d5t0__00025.wav,lsp-arctan,2,5,1,0,13.312631977514853,25.788497067568912
les_neck_fing16__d2t2__00012.wav,byod-bigmuff,les_neck_fing16,0.0063208938,les_neck_pick04__d3t0__00015.wav,pedalboard-tanh,2,3,2,0,13.312631977514853,17.454399305827287
les_neck_fing16__d2t3__00013.wav,byod-bigmuff,les_neck_fing16,0.006949365,les_neck_pick05__d4t0__00020.wav,lsp-hardclip,2,4,3,0,13.312631977514853,21.54643860361127
les_neck_fing16__d2t4__00014.wav,byod-bigmuff,les_neck_fing16,0.0067592263,les_neck_pick09__d5t0__00025.wav,byod-mxr,2,5,4,0,13.312631977514853,25.779078975465445
les_neck_fing16__d3t0__00015.wav,byod-bigmuff,les_neck_fing16,0.0015504956,les_neck_pick07__d4t0__00020.wav,pedalboard-tanh,3,4,0,0,17.442946393617085,21.61638024087312
les_neck_fing16__d3t1__00016.wav,byod-bigmuff,les_neck_fing16,0.0033618212,les_bridge_fing24__d2t0__00010.wav,lsp-hardclip,3,2,1,0,17.442946393617085,13.55142968534178
les_neck_fing16__d3t2__00017.wav,byod-bigmuff,les_neck_fing16,0.0069221854,les_neck_pick02__d3t0__00015.wav,lsp-hardclip,3,3,2,0,17.442946393617085,17.563088337099366
les_neck_fing16__d3t3__00018.wav,byod-bigmuff,les_neck_fing16,0.005189419,les_neck_pick09__d5t0__00025.wav,byod-mxr,3,5,3,0,17.442946393617085,25.779078975465445
les_neck_fing16__d3t4__00019.wav,byod-bigmuff,les_neck_fing16,0.01110059,les_bridge_pick16__d2t2__00012.wav,lsp-hardclip,3,2,4,2,17.442946393617085,13.55142968534178
les_neck_fing16__d4t0__00020.wav,byod-bigmuff,les_neck_fing16,0.0018254519,les_neck_pick07__d4t0__00020.wav,byod-mxr,4,4,0,0,21.5884141303546,21.62039317761596
les_neck_fing16__d4t1__00021.wav,byod-bigmuff,les_neck_fing16,0.0033361316,les_neck_pick07__d5t1__00026.wav,pedalboard-tanh,4,5,1,1,21.5884141303546,25.782351420955937
les_neck_fing16__d4t2__00022.wav,byod-bigmuff,les_neck_fing16,0.007500291,les_bridge_pick17__d4t0__00020.wav,lsp-hardclip,4,4,2,0,21.5884141303546,21.54643860361127
les_neck_fing16__d4t3__00023.wav,byod-bigmuff,les_neck_fing16,0.0036847591,les_neck_pick02__d3t1__00016.wav,lsp-hardclip,4,3,3,1,21.5884141303546,17.563088337099366
les_neck_fing16__d4t4__00024.wav,byod-bigmuff,les_neck_fing16,0.012812197,les_bridge_pick16__d4t2__00022.wav,byod-mxr,4,4,4,2,21.5884141303546,21.62039317761596
les_neck_fing16__d5t0__00025.wav,byod-bigmuff,les_neck_fing16,0.0045558214,les_neck_pick07__d5t0__00025.wav,lsp-arctan,5,5,0,0,25.77210742134771,25.788497067568912
les_neck_fing16__d5t1__00026.wav,byod-bigmuff,les_neck_fing16,0.006022215,les_bridge_fing24__d2t1__00011.wav,lsp-hardclip,5,2,1,1,25.77210742134771,13.55142968534178
les_neck_fing16__d5t2__00027.wav,byod-bigmuff,les_neck_fing16,0.005567074,les_neck_pick12__d6t0__00030.wav,byod-mxr,5,6,2,0,25.77210742134771,29.91150927100104
les_neck_fing16__d5t3__00028.wav,byod-bigmuff,les_neck_fing16,0.009229898,les_bridge_pick16__d4t2__00022.wav,lsp-arctan,5,4,3,2,25.77210742134771,21.613326710488973
les_neck_fing16__d5t4__00029.wav,byod-bigmuff,les_neck_fing16,0.015851438,les_bridge_pick16__d5t2__00027.wav,byod-mxr,5,5,4,2,25.77210742134771,25.779078975465445
les_neck_fing16__d6t0__00030.wav,byod-bigmuff,les_neck_fing16,0.00453943,les_neck_pick07__d6t0__00030.wav,byod-mxr,6,6,0,0,29.9151414217934,29.91150927100104
les_neck_fing16__d6t1__00031.wav,byod-bigmuff,les_neck_fing16,0.007681191,les_neck_pick21__d5t0__00025.wav,lsp-hardclip,6,5,1,0,29.9151414217934,25.79865436059077
les_neck_fing16__d6t2__00032.wav,byod-bigmuff,les_neck_fing16,0.0064795017,les_neck_pick07__d4t4__00024.wav,pedalboard-tanh,6,4,2,4,29.9151414217934,21.61638024087312
les_neck_fing16__d6t3__00033.wav,byod-bigmuff,les_neck_fing16,0.0073316693,les_bridge_pick16__d5t2__00027.wav,lsp-arctan,6,5,3,2,29.9151414217934,25.788497067568912
les_neck_fing16__d6t4__00034.wav,byod-bigmuff,les_neck_fing16,0.026300073,les_neck_pick04__d7t1__00036.wav,byod-mxr,6,7,4,1,29.9151414217934,34.08156088036171
les_neck_fing16__d7t0__00035.wav,byod-bigmuff,les_neck_fing16,0.005978942,les_bridge_pick25__d5t0__00025.wav,lsp-arctan,7,5,0,0,34.074932620854284,25.788497067568912
les_neck_fing16__d7t1__00036.wav,byod-bigmuff,les_neck_fing16,0.0069099665,les_bridge_pick17__d5t1__00026.wav,byod-mxr,7,5,1,1,34.074932620854284,25.779078975465445
les_neck_fing16__d7t2__00037.wav,byod-bigmuff,les_neck_fing16,0.011502147,les_bridge_fing24__d5t3__00028.wav,lsp-hardclip,7,5,2,3,34.074932620854284,25.79865436059077
les_neck_fing16__d7t3__00038.wav,byod-bigmuff,les_neck_fing16,0.014763534,les_bridge_pick16__d6t2__00032.wav,lsp-sine,7,6,3,2,34.074932620854284,29.915327656251563
les_neck_fing16__d7t4__00039.wav,byod-bigmuff,les_neck_fing16,0.019907951,les_neck_pick14__d7t1__00036.wav,lsp-hardclip,7,7,4,1,34.074932620854284,34.07942205160116
les_neck_fing18__d0t0__00000.wav,byod-bigmuff,les_neck_fing18,0.0034071803,les_neck_pick07__d5t0__00025.wav,lsp-arctan,0,5,0,0,5.044777586688817,25.788497067568912
les_neck_fing18__d0t1__00001.wav,byod-bigmuff,les_neck_fing18,0.007162869,les_bridge_pick16__d1t1__00006.wav,lsp-hardclip,0,1,1,1,5.044777586688817,9.35456396552498
les_neck_fing18__d0t2__00002.wav,byod-bigmuff,les_neck_fing18,0.006454289,les_bridge_pick16__d0t2__00002.wav,lsp-hardclip,0,0,2,2,5.044777586688817,5.063331073032135
les_neck_fing18__d0t3__00003.wav,byod-bigmuff,les_neck_fing18,0.004822612,les_neck_fing01__d2t1__00011.wav,lsp-hardclip,0,2,3,1,5.044777586688817,13.55142968534178
les_neck_fing18__d0t4__00004.wav,byod-bigmuff,les_neck_fing18,0.0047110915,les_bridge_fing24__d1t4__00009.wav,byod-mxr,0,1,4,4,5.044777586688817,9.107670514338215
les_neck_fing18__d1t0__00005.wav,byod-bigmuff,les_neck_fing18,0.0043183565,les_bridge_fing24__d2t0__00010.wav,lsp-hardclip,1,2,0,0,9.126662172709777,13.55142968534178
les_neck_fing18__d1t1__00006.wav,byod-bigmuff,les_neck_fing18,0.010257065,les_bridge_pick16__d3t1__00016.wav,lsp-hardclip,1,3,1,1,9.126662172709777,17.563088337099366
les_neck_fing18__d1t2__00007.wav,byod-bigmuff,les_neck_fing18,0.010945737,les_bridge_pick16__d2t2__00012.wav,lsp-hardclip,1,2,2,2,9.126662172709777,13.55142968534178
les_neck_fing18__d1t3__00008.wav,byod-bigmuff,les_neck_fing18,0.008792818,les_bridge_fing24__d2t4__00014.wav,lsp-tanh,1,2,3,4,9.126662172709777,13.297259315581634
les_neck_fing18__d1t4__00009.wav,byod-bigmuff,les_neck_fing18,0.0076699257,les_bridge_fing20__d2t4__00014.wav,lsp-hardclip,1,2,4,4,9.126662172709777,13.55142968534178
les_neck_fing18__d2t0__00010.wav,byod-bigmuff,les_neck_fing18,0.005025089,les_bridge_pick16__d4t0__00020.wav,lsp-sine,2,4,0,0,13.312631977514853,21.652716208419097
les_neck_fing18__d2t1__00011.wav,byod-bigmuff,les_neck_fing18,0.009528875,les_neck_pick09__d5t0__00025.wav,byod-mxr,2,5,1,0,13.312631977514853,25.779078975465445
les_neck_fing18__d2t2__00012.wav,byod-bigmuff,les_neck_fing18,0.009771109,les_bridge_pick16__d3t2__00017.wav,lsp-hardclip,2,3,2,2,13.312631977514853,17.563088337099366
les_neck_fing18__d2t3__00013.wav,byod-bigmuff,les_neck_fing18,0.010170698,les_neck_pick02__d3t2__00017.wav,lsp-hardclip,2,3,3,2,13.312631977514853,17.563088337099366
les_neck_fing18__d2t4__00014.wav,byod-bigmuff,les_neck_fing18,0.014242351,les_bridge_fing24__d4t4__00024.wav,lsp-hardclip,2,4,4,4,13.312631977514853,21.54643860361127
les_neck_fing18__d3t0__00015.wav,byod-bigmuff,les_neck_fing18,0.009696186,les_bridge_pick16__d2t1__00011.wav,lsp-hardclip,3,2,0,1,17.442946393617085,13.55142968534178
les_neck_fing18__d3t1__00016.wav,byod-bigmuff,les_neck_fing18,0.011702597,les_neck_pick09__d6t0__00030.wav,lsp-sine,3,6,1,0,17.442946393617085,29.915327656251563
les_neck_fing18__d3t2__00017.wav,byod-bigmuff,les_neck_fing18,0.010175645,les_neck_pick07__d4t4__00024.wav,pedalboard-tanh,3,4,2,4,17.442946393617085,21.61638024087312
les_neck_fing18__d3t3__00018.wav,byod-bigmuff,les_neck_fing18,0.0078161955,les_bridge_pick16__d5t2__00027.wav,pedalboard-tanh,3,5,3,2,17.442946393617085,25.782351420955937
les_neck_fing18__d3t4__00019.wav,byod-bigmuff,les_neck_fing18,0.011598766,les_neck_pick07__d5t4__00029.wav,lsp-hardclip,3,5,4,4,17.442946393617085,25.79865436059077
les_neck_fing18__d4t0__00020.wav,byod-bigmuff,les_neck_fing18,0.0103030205,les_neck_pick09__d5t0__00025.wav,lsp-arctan,4,5,0,0,21.5884141303546,25.788497067568912
les_neck_fing18__d4t1__00021.wav,byod-bigmuff,les_neck_fing18,0.015269339,les_bridge_pick25__d5t1__00026.wav,byod-mxr,4,5,1,1,21.5884141303546,25.779078975465445
les_neck_fing18__d4t2__00022.wav,byod-bigmuff,les_neck_fing18,0.008699477,les_bridge_pick25__d5t2__00027.wav,byod-mxr,4,5,2,2,21.5884141303546,25.779078975465445
les_neck_fing18__d4t3__00023.wav,byod-bigmuff,les_neck_fing18,0.005042851,les_bridge_pick22__d5t3__00028.wav,lsp-arctan,4,5,3,3,21.5884141303546,25.788497067568912
les_neck_fing18__d4t4__00024.wav,byod-bigmuff,les_neck_fing18,0.008619189,les_bridge_pick16__d5t3__00028.wav,lsp-hardclip,4,5,4,3,21.5884141303546,25.79865436059077
les_neck_fing18__d5t0__00025.wav,byod-bigmuff,les_neck_fing18,0.008774459,les_neck_pick09__d6t0__00030.wav,lsp-tanh,5,6,0,0,25.77210742134771,29.89601395521624
les_neck_fing18__d5t1__00026.wav,byod-bigmuff,les_neck_fing18,0.0045856833,les_neck_pick12__d7t0__00035.wav,lsp-arctan,5,7,1,0,25.77210742134771,34.09435618625095
les_neck_fing18__d5t2__00027.wav,byod-bigmuff,les_neck_fing18,0.005317509,les_bridge_pick17__d5t2__00027.wav,lsp-arctan,5,5,2,2,25.77210742134771,25.788497067568912
les_neck_fing18__d5t3__00028.wav,byod-bigmuff,les_neck_fing18,0.0052452683,les_bridge_pick22__d6t3__00033.wav,lsp-tanh,5,6,3,3,25.77210742134771,29.89601395521624
les_neck_fing18__d5t4__00029.wav,byod-bigmuff,les_neck_fing18,0.00661844,les_neck_pick09__d6t3__00033.wav,byod-mxr,5,6,4,3,25.77210742134771,29.91150927100104
les_neck_fing18__d6t0__00030.wav,byod-bigmuff,les_neck_fing18,0.011557043,les_neck_pick11__d7t0__00035.wav,lsp-sine,6,7,0,0,29.9151414217934,34.094517939627885
les_neck_fing18__d6t1__00031.wav,byod-bigmuff,les_neck_fing18,0.0068003535,les_bridge_pick17__d6t1__00031.wav,lsp-sine,6,6,1,1,29.9151414217934,29.915327656251563
les_neck_fing18__d6t2__00032.wav,byod-bigmuff,les_neck_fing18,0.006054163,les_bridge_fing21__d7t2__00037.wav,byod-mxr,6,7,2,2,29.9151414217934,34.08156088036171
les_neck_fing18__d6t3__00033.wav,byod-bigmuff,les_neck_fing18,0.0034162402,les_bridge_pick25__d6t3__00033.wav,lsp-tanh,6,6,3,3,29.9151414217934,29.89601395521624
les_neck_fing18__d6t4__00034.wav,byod-bigmuff,les_neck_fing18,0.003068924,les_neck_pick09__d7t3__00038.wav,lsp-hardclip,6,7,4,3,29.9151414217934,34.07942205160116
les_neck_fing18__d7t0__00035.wav,byod-bigmuff,les_neck_fing18,0.009434342,les_neck_pick04__d7t0__00035.wav,lsp-arctan,7,7,0,0,34.074932620854284,34.09435618625095
les_neck_fing18__d7t1__00036.wav,byod-bigmuff,les_neck_fing18,0.008722663,les_neck_fing01__d7t0__00035.wav,lsp-sine,7,7,1,0,34.074932620854284,34.094517939627885
les_neck_fing18__d7t2__00037.wav,byod-bigmuff,les_neck_fing18,0.004840195,les_neck_pick09__d7t2__00037.wav,lsp-sine,7,7,2,2,34.074932620854284,34.094517939627885
les_neck_fing18__d7t3__00038.wav,byod-bigmuff,les_neck_fing18,0.0027916431,les_neck_pick09__d7t3__00038.wav,lsp-tanh,7,7,3,3,34.074932620854284,34.0729352593394
les_neck_fing18__d7t4__00039.wav,byod-bigmuff,les_neck_fing18,0.002675712,les_neck_pick09__d7t4__00039.wav,lsp-sine,7,7,4,4,34.074932620854284,34.094517939627885
les_neck_pick06__d0t0__00000.wav,byod-bigmuff,les_neck_pick06,0.0017030835,les_neck_pick07__d4t0__00020.wav,pedalboard-tanh,0,4,0,0,5.044777586688817,21.61638024087312
les_neck_pick06__d0t1__00001.wav,byod-bigmuff,les_neck_pick06,0.003132224,les_neck_pick07__d5t0__00025.wav,lsp-arctan,0,5,1,0,5.044777586688817,25.788497067568912
les_neck_pick06__d0t2__00002.wav,byod-bigmuff,les_neck_pick06,0.0058311224,les_neck_pick12__d4t1__00021.wav,lsp-hardclip,0,4,2,1,5.044777586688817,21.54643860361127
les_neck_pick06__d0t3__00003.wav,byod-bigmuff,les_neck_pick06,0.005123794,les_neck_pick09__d5t0__00025.wav,byod-mxr,0,5,3,0,5.044777586688817,25.779078975465445
les_neck_pick06__d0t4__00004.wav,byod-bigmuff,les_neck_pick06,0.012202501,les_neck_fing01__d4t0__00020.wav,byod-mxr,0,4,4,0,5.044777586688817,21.62039317761596
les_neck_pick06__d1t0__00005.wav,byod-bigmuff,les_neck_pick06,0.0012229681,les_neck_pick07__d4t0__00020.wav,byod-mxr,1,4,0,0,9.126662172709777,21.62039317761596
les_neck_pick06__d1t1__00006.wav,byod-bigmuff,les_neck_pick06,0.0018156171,les_neck_pick07__d6t0__00030.wav,byod-mxr,1,6,1,0,9.126662172709777,29.91150927100104
les_neck_pick06__d1t2__00007.wav,byod-bigmuff,les_neck_pick06,0.005518079,les_bridge_pick16__d3t1__00016.wav,lsp-hardclip,1,3,2,1,9.126662172709777,17.563088337099366
les_neck_pick06__d1t3__00008.wav,byod-bigmuff,les_neck_pick06,0.0030976534,les_neck_pick12__d6t0__00030.wav,byod-mxr,1,6,3,0,9.126662172709777,29.91150927100104
les_neck_pick06__d1t4__00009.wav,byod-bigmuff,les_neck_pick06,0.012213588,les_bridge_pick17__d4t1__00021.wav,lsp-hardclip,1,4,4,1,9.126662172709777,21.54643860361127
les_neck_pick06__d2t0__00010.wav,byod-bigmuff,les_neck_pick06,0.0014566183,les_neck_pick07__d5t0__00025.wav,lsp-arctan,2,5,0,0,13.312631977514853,25.788497067568912
les_neck_pick06__d2t1__00011.wav,byod-bigmuff,les_neck_pick06,0.003398478,les_neck_pick12__d5t0__00025.wav,lsp-sine,2,5,1,0,13.312631977514853,25.7855895742644
les_neck_pick06__d2t2__00012.wav,byod-bigmuff,les_neck_pick06,0.0031743646,les_neck_pick09__d5t0__00025.wav,pedalboard-tanh,2,5,2,0,13.312631977514853,25.782351420955937
les_neck_pick06__d2t3__00013.wav,byod-bigmuff,les_neck_pick06,0.010578275,les_neck_pick09__d5t1__00026.wav,lsp-hardclip,2,5,3,1,13.312631977514853,25.79865436059077
les_neck_pick06__d2t4__00014.wav,byod-bigmuff,les_neck_pick06,0.008594334,les_neck_pick07__d5t3__00028.wav,lsp-arctan,2,5,4,3,13.312631977514853,25.788497067568912
les_neck_pick06__d3t0__00015.wav,byod-bigmuff,les_neck_pick06,0.0026872754,les_neck_pick07__d6t0__00030.wav,byod-mxr,3,6,0,0,17.442946393617085,29.91150927100104
les_neck_pick06__d3t1__00016.wav,byod-bigmuff,les_neck_pick06,0.005478561,les_neck_pick02__d4t0__00020.wav,lsp-hardclip,3,4,1,0,17.442946393617085,21.54643860361127
les_neck_pick06__d3t2__00017.wav,byod-bigmuff,les_neck_pick06,0.0085936785,les_bridge_fing20__d4t1__00021.wav,byod-mxr,3,4,2,1,17.442946393617085,21.62039317761596
les_neck_pick06__d3t3__00018.wav,byod-bigmuff,les_neck_pick06,0.0061442256,les_bridge_pick22__d4t2__00022.wav,lsp-hardclip,3,4,3,2,17.442946393617085,21.54643860361127
les_neck_pick06__d3t4__00019.wav,byod-bigmuff,les_neck_pick06,0.009602606,les_neck_pick07__d4t4__00024.wav,byod-mxr,3,4,4,4,17.442946393617085,21.62039317761596
les_neck_pick06__d4t0__00020.wav,byod-bigmuff,les_neck_pick06,0.0051770806,les_neck_pick12__d4t1__00021.wav,lsp-hardclip,4,4,0,1,21.5884141303546,21.54643860361127
les_neck_pick06__d4t1__00021.wav,byod-bigmuff,les_neck_pick06,0.0041666627,les_neck_pick04__d5t0__00025.wav,lsp-hardclip,4,5,1,0,21.5884141303546,25.79865436059077
les_neck_pick06__d4t2__00022.wav,byod-bigmuff,les_neck_pick06,0.003303051,les_neck_pick21__d5t0__00025.wav,lsp-arctan,4,5,2,0,21.5884141303546,25.788497067568912
les_neck_pick06__d4t3__00023.wav,byod-bigmuff,les_neck_pick06,0.0090562105,les_neck_pick07__d5t3__00028.wav,lsp-sine,4,5,3,3,21.5884141303546,25.7855895742644
les_neck_pick06__d4t4__00024.wav,byod-bigmuff,les_neck_pick06,0.0042137504,les_bridge_pick17__d5t2__00027.wav,byod-mxr,4,5,4,2,21.5884141303546,25.779078975465445
les_neck_pick06__d5t0__00025.wav,byod-bigmuff,les_neck_pick06,0.009791613,les_neck_pick12__d5t0__00025.wav,byod-mxr,5,5,0,0,25.77210742134771,25.779078975465445
les_neck_pick06__d5t1__00026.wav,byod-bigmuff,les_neck_pick06,0.003687501,les_neck_pick04__d5t0__00025.wav,pedalboard-tanh,5,5,1,0,25.77210742134771,25.782351420955937
les_neck_pick06__d5t2__00027.wav,byod-bigmuff,les_neck_pick06,0.008391738,les_bridge_fing20__d5t1__00026.wav,pedalboard-tanh,5,5,2,1,25.77210742134771,25.782351420955937
les_neck_pick06__d5t3__00028.wav,byod-bigmuff,les_neck_pick06,0.010492265,les_bridge_fing24__d5t3__00028.wav,byod-mxr,5,5,3,3,25.77210742134771,25.779078975465445
les_neck_pick06__d5t4__00029.wav,byod-bigmuff,les_neck_pick06,0.009753168,les_bridge_pick16__d6t2__00032.wav,lsp-arctan,5,6,4,2,25.77210742134771,29.91872954355242
les_neck_pick06__d6t0__00030.wav,byod-bigmuff,les_neck_pick06,0.013980985,les_bridge_pick25__d5t0__00025.wav,lsp-arctan,6,5,0,0,29.9151414217934,25.788497067568912
les_neck_pick06__d6t1__00031.wav,byod-bigmuff,les_neck_pick06,0.008546531,les_neck_pick04__d6t0__00030.wav,lsp-arctan,6,6,1,0,29.9151414217934,29.91872954355242
les_neck_pick06__d6t2__00032.wav,byod-bigmuff,les_neck_pick06,0.008998752,les_neck_pick02__d6t1__00031.wav,lsp-arctan,6,6,2,1,29.9151414217934,29.91872954355242
les_neck_pick06__d6t3__00033.wav,byod-bigmuff,les_neck_pick06,0.006540656,les_neck_pick09__d6t2__00032.wav,byod-mxr,6,6,3,2,29.9151414217934,29.91150927100104
les_neck_pick06__d6t4__00034.wav,byod-bigmuff,les_neck_pick06,0.008951724,les_bridge_pick22__d6t3__00033.wav,lsp-hardclip,6,6,4,3,29.9151414217934,29.908667593492765
les_neck_pick06__d7t0__00035.wav,byod-bigmuff,les_neck_pick06,0.012619853,les_bridge_pick17__d6t0__00030.wav,lsp-arctan,7,6,0,0,34.074932620854284,29.91872954355242
les_neck_pick06__d7t1__00036.wav,byod-bigmuff,les_neck_pick06,0.010760188,les_bridge_pick25__d7t0__00035.wav,lsp-arctan,7,7,1,0,34.074932620854284,34.09435618625095
les_neck_pick06__d7t2__00037.wav,byod-bigmuff,les_neck_pick06,0.010697782,les_neck_pick03__d7t1__00036.wav,lsp-sine,7,7,2,1,34.074932620854284,34.094517939627885
les_neck_pick06__d7t3__00038.wav,byod-bigmuff,les_neck_pick06,0.007812679,les_bridge_fing24__d6t3__00033.wav,lsp-tanh,7,6,3,3,34.074932620854284,29.89601395521624
les_neck_pick06__d7t4__00039.wav,byod-bigmuff,les_neck_pick06,0.00937748,les_bridge_pick25__d6t4__00034.wav,lsp-tanh,7,6,4,4,34.074932620854284,29.89601395521624
les_neck_pick17__d0t0__00000.wav,byod-bigmuff,les_neck_pick17,0.0043842196,les_neck_pick07__d5t0__00025.wav,lsp-hardclip,0,5,0,0,5.044777586688817,25.79865436059077
les_neck_pick17__d0t1__00001.wav,byod-bigmuff,les_neck_pick17,0.0031336546,les_bridge_fing21__d2t0__00010.wav,lsp-hardclip,0,2,1,0,5.044777586688817,13.55142968534178
les_neck_pick17__d0t2__00002.wav,byod-bigmuff,les_neck_pick17,0.0046865344,les_neck_pick12__d5t0__00025.wav,lsp-sine,0,5,2,0,5.044777586688817,25.7855895742644
les_neck_pick17__d0t3__00003.wav,byod-bigmuff,les_neck_pick17,0.015434027,les_neck_pick09__d5t0__00025.wav,byod-mxr,0,5,3,0,5.044777586688817,25.779078975465445
les_neck_pick17__d0t4__00004.wav,byod-bigmuff,les_neck_pick17,0.017770708,les_bridge_pick16__d1t2__00007.wav,lsp-hardclip,0,1,4,2,5.044777586688817,9.35456396552498
les_neck_pick17__d1t0__00005.wav,byod-bigmuff,les_neck_pick17,0.003376305,les_neck_pick07__d5t0__00025.wav,lsp-hardclip,1,5,0,0,9.126662172709777,25.79865436059077
les_neck_pick17__d1t1__00006.wav,byod-bigmuff,les_neck_pick17,0.0017166734,les_neck_pick12__d5t0__00025.wav,lsp-hardclip,1,5,1,0,9.126662172709777,25.79865436059077
les_neck_pick17__d1t2__00007.wav,byod-bigmuff,les_neck_pick17,0.0099108815,les_bridge_pick16__d3t1__00016.wav,lsp-hardclip,1,3,2,1,9.126662172709777,17.563088337099366
les_neck_pick17__d1t3__00008.wav,byod-bigmuff,les_neck_pick17,0.014243007,les_bridge_pick16__d1t2__00007.wav,lsp-hardclip,1,1,3,2,9.126662172709777,9.35456396552498
les_neck_pick17__d1t4__00009.wav,byod-bigmuff,les_neck_pick17,0.021833062,les_bridge_pick16__d0t3__00003.wav,lsp-hardclip,1,0,4,3,9.126662172709777,5.063331073032135
les_neck_pick17__d2t0__00010.wav,byod-bigmuff,les_neck_pick17,0.0036516786,les_neck_pick07__d5t0__00025.wav,lsp-hardclip,2,5,0,0,13.312631977514853,25.79865436059077
les_neck_pick17__d2t1__00011.wav,byod-bigmuff,les_neck_pick17,0.0021886826,les_bridge_pick16__d4t0__00020.wav,pedalboard-tanh,2,4,1,0,13.312631977514853,21.61638024087312
les_neck_pick17__d2t2__00012.wav,byod-bigmuff,les_neck_pick17,0.0080055,les_neck_pick09__d5t0__00025.wav,lsp-arctan,2,5,2,0,13.312631977514853,25.788497067568912
les_neck_pick17__d2t3__00013.wav,byod-bigmuff,les_neck_pick17,0.014367878,les_bridge_pick16__d3t2__00017.wav,lsp-hardclip,2,3,3,2,13.312631977514853,17.563088337099366
les_neck_pick17__d2t4__00014.wav,byod-bigmuff,les_neck_pick17,0.0153692365,les_bridge_pick16__d2t3__00013.wav,lsp-hardclip,2,2,4,3,13.312631977514853,13.55142968534178
les_neck_pick17__d3t0__00015.wav,byod-bigmuff,les_neck_pick17,0.004140854,les_neck_pick12__d3t0__00015.wav,lsp-tanh,3,3,0,0,17.442946393617085,17.426284440144894
les_neck_pick17__d3t1__00016.wav,byod-bigmuff,les_neck_pick17,0.002604127,les_bridge_pick16__d5t0__00025.wav,byod-mxr,3,5,1,0,17.442946393617085,25.779078975465445
les_neck_pick17__d3t2__00017.wav,byod-bigmuff,les_neck_pick17,0.005405724,les_neck_pick09__d6t0__00030.wav,byod-mxr,3,6,2,0,17.442946393617085,29.91150927100104
les_neck_pick17__d3t3__00018.wav,byod-bigmuff,les_neck_pick17,0.012031674,les_neck_pick14__d5t0__00025.wav,pedalboard-tanh,3,5,3,0,17.442946393617085,25.782351420955937
les_neck_pick17__d3t4__00019.wav,byod-bigmuff,les_neck_pick17,0.02229762,les_bridge_pick16__d4t3__00023.wav,lsp-hardclip,3,4,4,3,17.442946393617085,21.54643860361127
les_neck_pick17__d4t0__00020.wav,byod-bigmuff,les_neck_pick17,0.0047652125,les_bridge_fing21__d4t0__00020.wav,lsp-hardclip,4,4,0,0,21.5884141303546,21.54643860361127
les_neck_pick17__d4t1__00021.wav,byod-bigmuff,les_neck_pick17,0.005356312,les_neck_pick07__d7t0__00035.wav,byod-mxr,4,7,1,0,21.5884141303546,34.08156088036171
les_neck_pick17__d4t2__00022.wav,byod-bigmuff,les_neck_pick17,0.008449435,les_neck_pick07__d6t2__00032.wav,byod-mxr,4,6,2,2,21.5884141303546,29.91150927100104
les_neck_pick17__d4t3__00023.wav,byod-bigmuff,les_neck_pick17,0.009727001,les_neck_pick07__d5t4__00029.wav,lsp-tanh,4,5,3,4,21.5884141303546,25.766463780707188
les_neck_pick17__d4t4__00024.wav,byod-bigmuff,les_neck_pick17,0.01810968,les_bridge_pick16__d6t2__00032.wav,lsp-arctan,4,6,4,2,21.5884141303546,29.91872954355242
les_neck_pick17__d5t0__00025.wav,byod-bigmuff,les_neck_pick17,0.006687999,les_neck_pick07__d6t0__00030.wav,lsp-hardclip,5,6,0,0,25.77210742134771,29.908667593492765
les_neck_pick17__d5t1__00026.wav,byod-bigmuff,les_neck_pick17,0.0034947395,les_bridge_pick16__d6t0__00030.wav,lsp-hardclip,5,6,1,0,25.77210742134771,29.908667593492765
les_neck_pick17__d5t2__00027.wav,byod-bigmuff,les_neck_pick17,0.009853244,les_bridge_pick25__d6t1__00031.wav,byod-mxr,5,6,2,1,25.77210742134771,29.91150927100104
les_neck_pick17__d5t3__00028.wav,byod-bigmuff,les_neck_pick17,0.008588493,les_neck_fing01__d7t0__00035.wav,byod-mxr,5,7,3,0,25.77210742134771,34.08156088036171
les_neck_pick17__d5t4__00029.wav,byod-bigmuff,les_neck_pick17,0.010446727,les_neck_pick07__d6t4__00034.wav,lsp-tanh,5,6,4,4,25.77210742134771,29.89601395521624
les_neck_pick17__d6t0__00030.wav,byod-bigmuff,les_neck_pick17,0.00401479,les_neck_pick07__d7t0__00035.wav,pedalboard-tanh,6,7,0,0,29.9151414217934,34.075823464139134
les_neck_pick17__d6t1__00031.wav,byod-bigmuff,les_neck_pick17,0.0032615662,les_bridge_fing24__d7t0__00035.wav,byod-mxr,6,7,1,0,29.9151414217934,34.08156088036171
les_neck_pick17__d6t2__00032.wav,byod-bigmuff,les_neck_pick17,0.0041230917,les_bridge_fing24__d7t1__00036.wav,byod-mxr,6,7,2,1,29.9151414217934,34.08156088036171
les_neck_pick17__d6t3__00033.wav,byod-bigmuff,les_neck_pick17,0.0063908696,les_bridge_pick17__d7t1__00036.wav,pedalboard-tanh,6,7,3,1,29.9151414217934,34.075823464139134
les_neck_pick17__d6t4__00034.wav,byod-bigmuff,les_neck_pick17,0.008185685,les_neck_pick07__d7t4__00039.wav,pedalboard-tanh,6,7,4,4,29.9151414217934,34.075823464139134
les_neck_pick17__d7t0__00035.wav,byod-bigmuff,les_neck_pick17,0.009754479,les_bridge_pick22__d7t0__00035.wav,lsp-arctan,7,7,0,0,34.074932620854284,34.09435618625095
les_neck_pick17__d7t1__00036.wav,byod-bigmuff,les_neck_pick17,0.013344586,les_bridge_fing20__d7t0__00035.wav,lsp-hardclip,7,7,1,0,34.074932620854284,34.07942205160116
les_neck_pick17__d7t2__00037.wav,byod-bigmuff,les_neck_pick17,0.008716762,les_bridge_fing20__d7t1__00036.wav,lsp-hardclip,7,7,2,1,34.074932620854284,34.07942205160116
les_neck_pick17__d7t3__00038.wav,byod-bigmuff,les_neck_pick17,0.0064953566,les_neck_pick05__d7t2__00037.wav,lsp-hardclip,7,7,3,2,34.074932620854284,34.07942205160116
les_neck_pick17__d7t4__00039.wav,byod-bigmuff,les_neck_pick17,0.0065045357,les_bridge_pick25__d7t3__00038.wav,lsp-sine,7,7,4,3,34.074932620854284,34.094517939627885
les_bridge_fing02__d0t0__00000.wav,byod-mxr,les_bridge_fing02,0.0015996099,les_bridge_pick16__d2t1__00011.wav,lsp-arctan,0,2,0,1,5.0,13.270071970821393
les_bridge_fing02__d0t1__00001.wav,byod-mxr,les_bridge_fing02,0.0009740591,les_neck_fing15__d4t0__00020.wav,pedalboard-tanh,0,4,1,0,5.0,21.61638024087312
les_bridge_fing02__d0t2__00002.wav,byod-mxr,les_bridge_fing02,0.0009379387,les_bridge_pick17__d1t2__00007.wav,lsp-sine,0,1,2,2,5.0,9.202349861352678
les_bridge_fing02__d0t3__00003.wav,byod-mxr,les_bridge_fing02,0.0012381077,les_bridge_pick17__d1t3__00008.wav,lsp-tanh,0,1,3,3,5.0,9.088421535688989
les_bridge_fing02__d0t4__00004.wav,byod-mxr,les_bridge_fing02,0.0017930269,les_bridge_pick17__d1t4__00009.wav,pedalboard-tanh,0,1,4,4,5.0,9.146047429418331
les_bridge_fing02__d1t0__00005.wav,byod-mxr,les_bridge_fing02,0.0007915497,les_bridge_fing24__d1t1__00006.wav,lsp-sine,1,1,0,1,9.107670514338215,9.202349861352678
les_bridge_fing02__d1t1__00006.wav,byod-mxr,les_bridge_fing02,0.0008710623,les_bridge_fing17__d2t0__00010.wav,lsp-hardclip,1,2,1,0,9.107670514338215,13.55142968534178
les_bridge_fing02__d1t2__00007.wav,byod-mxr,les_bridge_fing02,0.0013512969,les_bridge_fing17__d2t1__00011.wav,lsp-hardclip,1,2,2,1,9.107670514338215,13.55142968534178
les_bridge_fing02__d1t3__00008.wav,byod-mxr,les_bridge_fing02,0.0031691194,les_bridge_fing24__d2t4__00014.wav,pedalboard-tanh,1,2,3,4,9.107670514338215,13.296816138037473
les_bridge_fing02__d1t4__00009.wav,byod-mxr,les_bridge_fing02,0.002505064,les_bridge_pick17__d1t4__00009.wav,lsp-arctan,1,1,4,4,9.107670514338215,9.170316408518453
les_bridge_fing02__d2t0__00010.wav,byod-mxr,les_bridge_fing02,0.00037622452,les_bridge_fing24__d2t1__00011.wav,lsp-arctan,2,2,0,1,13.292365801948186,13.270071970821393
les_bridge_fing02__d2t1__00011.wav,byod-mxr,les_bridge_fing02,0.0015718937,les_bridge_fing17__d4t0__00020.wav,lsp-hardclip,2,4,1,0,13.292365801948186,21.54643860361127
les_bridge_fing02__d2t2__00012.wav,byod-mxr,les_bridge_fing02,0.001971066,les_bridge_pick17__d2t2__00012.wav,lsp-sine,2,2,2,2,13.292365801948186,13.251366385956809
les_bridge_fing02__d2t3__00013.wav,byod-mxr,les_bridge_fing02,0.0019407272,les_bridge_pick17__d2t3__00013.wav,lsp-tanh,2,2,3,3,13.292365801948186,13.297259315581634
les_bridge_fing02__d2t4__00014.wav,byod-mxr,les_bridge_fing02,0.0034230351,les_bridge_pick22__d2t4__00014.wav,lsp-sine,2,2,4,4,13.292365801948186,13.251366385956809
les_bridge_fing02__d3t0__00015.wav,byod-mxr,les_bridge_fing02,0.0023921728,les_neck_pick03__d4t0__00020.wav,lsp-hardclip,3,4,0,0,17.452308155418716,21.54643860361127
les_bridge_fing02__d3t1__00016.wav,byod-mxr,les_bridge_fing02,0.0035381913,les_bridge_fing24__d3t2__00017.wav,lsp-arctan,3,3,1,2,17.452308155418716,17.436825605717576
les_bridge_fing02__d3t2__00017.wav,byod-mxr,les_bridge_fing02,0.003730476,les_neck_pick11__d2t2__00012.wav,lsp-sine,3,2,2,2,17.452308155418716,13.251366385956809
les_bridge_fing02__d3t3__00018.wav,byod-mxr,les_bridge_fing02,0.0024475455,les_bridge_pick17__d3t3__00018.wav,lsp-arctan,3,3,3,3,17.452308155418716,17.436825605717576
les_bridge_fing02__d3t4__00019.wav,byod-mxr,les_bridge_fing02,0.0013203621,les_bridge_pick25__d3t4__00019.wav,lsp-sine,3,3,4,4,17.452308155418716,17.46073355198249
les_bridge_fing02__d4t0__00020.wav,byod-mxr,les_bridge_fing02,0.0027621984,les_bridge_fing21__d3t2__00017.wav,lsp-arctan,4,3,0,2,21.62039317761596,17.436825605717576
les_bridge_fing02__d4t1__00021.wav,byod-mxr,les_bridge_fing02,0.002804637,les_neck_pick12__d4t2__00022.wav,pedalboard-tanh,4,4,1,2,21.62039317761596,21.61638024087312
les_bridge_fing02__d4t2__00022.wav,byod-mxr,les_bridge_fing02,0.0040987134,les_neck_fing01__d4t1__00021.wav,lsp-tanh,4,4,2,1,21.62039317761596,21.61115826291455
les_bridge_fing02__d4t3__00023.wav,byod-mxr,les_bridge_fing02,0.004383445,les_bridge_pick22__d3t4__00019.wav,lsp-sine,4,3,3,4,21.62039317761596,17.46073355198249
les_bridge_fing02__d4t4__00024.wav,byod-mxr,les_bridge_fing02,0.0029953718,les_neck_pick09__d4t3__00023.wav,lsp-arctan,4,4,4,3,21.62039317761596,21.613326710488973
les_bridge_fing02__d5t0__00025.wav,byod-mxr,les_bridge_fing02,0.0028547049,les_bridge_fing17__d0t2__00002.wav,byod-bigmuff,5,0,0,2,25.779078975465445,5.044777586688817
les_bridge_fing02__d5t1__00026.wav,byod-mxr,les_bridge_fing02,0.005636275,les_bridge_pick25__d4t2__00022.wav,lsp-arctan,5,4,1,2,25.779078975465445,21.613326710488973
les_bridge_fing02__d5t2__00027.wav,byod-mxr,les_bridge_fing02,0.002796173,les_bridge_pick22__d4t3__00023.wav,lsp-tanh,5,4,2,3,25.779078975465445,21.61115826291455
les_bridge_fing02__d5t3__00028.wav,byod-mxr,les_bridge_fing02,0.007899702,les_bridge_pick22__d4t4__00024.wav,lsp-tanh,5,4,3,4,25.779078975465445,21.61115826291455
les_bridge_fing02__d5t4__00029.wav,byod-mxr,les_bridge_fing02,0.0046545267,les_neck_pick11__d5t4__00029.wav,lsp-tanh,5,5,4,4,25.779078975465445,25.766463780707188
les_bridge_fing02__d6t0__00030.wav,byod-mxr,les_bridge_fing02,0.006868303,les_neck_pick04__d1t3__00008.wav,byod-bigmuff,6,1,0,3,29.91150927100104,9.126662172709777
les_bridge_fing02__d6t1__00031.wav,byod-mxr,les_bridge_fing02,0.0076123476,les_neck_pick14__d4t2__00022.wav,byod-bigmuff,6,4,1,2,29.91150927100104,21.5884141303546
les_bridge_fing02__d6t2__00032.wav,byod-mxr,les_bridge_fing02,0.0044292808,les_bridge_pick22__d5t3__00028.wav,lsp-tanh,6,5,2,3,29.91150927100104,25.766463780707188
les_bridge_fing02__d6t3__00033.wav,byod-mxr,les_bridge_fing02,0.004187584,les_neck_pick14__d5t2__00027.wav,lsp-arctan,6,5,3,2,29.91150927100104,25.788497067568912
les_bridge_fing02__d6t4__00034.wav,byod-mxr,les_bridge_fing02,0.0042518377,les_bridge_fing20__d5t4__00029.wav,pedalboard-tanh,6,5,4,4,29.91150927100104,25.782351420955937
les_bridge_fing02__d7t0__00035.wav,byod-mxr,les_bridge_fing02,0.0069125295,les_bridge_pick16__d6t1__00031.wav,lsp-tanh,7,6,0,1,34.08156088036171,29.89601395521624
les_bridge_fing02__d7t1__00036.wav,byod-mxr,les_bridge_fing02,0.007700622,les_neck_pick14__d5t2__00027.wav,byod-bigmuff,7,5,1,2,34.08156088036171,25.77210742134771
les_bridge_fing02__d7t2__00037.wav,byod-mxr,les_bridge_fing02,0.003448248,les_bridge_pick17__d5t3__00028.wav,lsp-tanh,7,5,2,3,34.08156088036171,25.766463780707188
les_bridge_fing02__d7t3__00038.wav,byod-mxr,les_bridge_fing02,0.0026287436,les_bridge_fing20__d5t4__00029.wav,lsp-arctan,7,5,3,4,34.08156088036171,25.788497067568912
les_bridge_fing02__d7t4__00039.wav,byod-mxr,les_bridge_fing02,0.0019556284,les_bridge_pick16__d6t4__00034.wav,pedalboard-tanh,7,6,4,4,34.08156088036171,29.92239131554786
les_bridge_fing05__d0t0__00000.wav,byod-mxr,les_bridge_fing05,0.0014271736,les_bridge_pick17__d0t2__00002.wav,lsp-sine,0,0,0,2,5.0,5.041347474059023
les_bridge_fing05__d0t1__00001.wav,byod-mxr,les_bridge_fing05,0.0006381273,les_bridge_pick17__d0t3__00003.wav,lsp-sine,0,0,1,3,5.0,5.041347474059023
les_bridge_fing05__d0t2__00002.wav,byod-mxr,les_bridge_fing05,0.0015175939,les_neck_pick05__d0t2__00002.wav,pedalboard-tanh,0,0,2,2,5.0,5.0
les_bridge_fing05__d0t3__00003.wav,byod-mxr,les_bridge_fing05,0.001398325,les_neck_fing01__d1t3__00008.wav,lsp-sine,0,1,3,3,5.0,9.202349861352678
les_bridge_fing05__d0t4__00004.wav,byod-mxr,les_bridge_fing05,0.00117594,les_neck_fing01__d1t4__00009.wav,lsp-arctan,0,1,4,4,5.0,9.170316408518453
les_bridge_fing05__d1t0__00005.wav,byod-mxr,les_bridge_fing05,0.00078588724,les_bridge_fing17__d0t1__00001.wav,lsp-tanh,1,0,0,1,9.107670514338215,5.0
les_bridge_fing05__d1t1__00006.wav,byod-mxr,les_bridge_fing05,0.0014684796,les_bridge_pick17__d1t3__00008.wav,lsp-tanh,1,1,1,3,9.107670514338215,9.088421535688989
les_bridge_fing05__d1t2__00007.wav,byod-mxr,les_bridge_fing05,0.0015811324,les_neck_pick05__d0t2__00002.wav,lsp-hardclip,1,0,2,2,9.107670514338215,5.063331073032135
les_bridge_fing05__d1t3__00008.wav,byod-mxr,les_bridge_fing05,0.0013689399,les_bridge_fing17__d1t4__00009.wav,lsp-sine,1,1,3,4,9.107670514338215,9.202349861352678
les_bridge_fing05__d1t4__00009.wav,byod-mxr,les_bridge_fing05,0.0016221404,les_neck_fing01__d1t4__00009.wav,lsp-sine,1,1,4,4,9.107670514338215,9.202349861352678
les_bridge_fing05__d2t0__00010.wav,byod-mxr,les_bridge_fing05,0.0010467768,les_bridge_fing17__d2t1__00011.wav,lsp-arctan,2,2,0,1,13.292365801948186,13.270071970821393
les_bridge_fing05__d2t1__00011.wav,byod-mxr,les_bridge_fing05,0.0030544996,les_neck_pick03__d1t2__00007.wav,pedalboard-tanh,2,1,1,2,13.292365801948186,9.146047429418331
les_bridge_fing05__d2t2__00012.wav,byod-mxr,les_bridge_fing05,0.0023277998,les_bridge_fing17__d1t3__00008.wav,lsp-hardclip,2,1,2,3,13.292365801948186,9.35456396552498
les_bridge_fing05__d2t3__00013.wav,byod-mxr,les_bridge_fing05,0.0026586056,les_bridge_fing17__d1t4__00009.wav,lsp-hardclip,2,1,3,4,13.292365801948186,9.35456396552498
les_bridge_fing05__d2t4__00014.wav,byod-mxr,les_bridge_fing05,0.0022444725,les_neck_fing01__d2t4__00014.wav,lsp-tanh,2,2,4,4,13.292365801948186,13.297259315581634
les_bridge_fing05__d3t0__00015.wav,byod-mxr,les_bridge_fing05,0.004851103,les_bridge_fing17__d3t1__00016.wav,lsp-hardclip,3,3,0,1,17.452308155418716,17.563088337099366
les_bridge_fing05__d3t1__00016.wav,byod-mxr,les_bridge_fing05,0.004779935,les_bridge_fing17__d3t2__00017.wav,lsp-hardclip,3,3,1,2,17.452308155418716,17.563088337099366
les_bridge_fing05__d3t2__00017.wav,byod-mxr,les_bridge_fing05,0.005183339,les_bridge_fing17__d3t3__00018.wav,lsp-hardclip,3,3,2,3,17.452308155418716,17.563088337099366
les_bridge_fing05__d3t3__00018.wav,byod-mxr,les_bridge_fing05,0.003715992,les_neck_fing01__d2t3__00013.wav,lsp-hardclip,3,2,3,3,17.452308155418716,13.55142968534178
les_bridge_fing05__d3t4__00019.wav,byod-mxr,les_bridge_fing05,0.0044233203,les_neck_pick21__d3t3__00018.wav,lsp-arctan,3,3,4,3,17.452308155418716,17.436825605717576
les_bridge_fing05__d4t0__00020.wav,byod-mxr,les_bridge_fing05,0.0034160018,les_bridge_fing24__d3t3__00018.wav,lsp-arctan,4,3,0,3,21.62039317761596,17.436825605717576
les_bridge_fing05__d4t1__00021.wav,byod-mxr,les_bridge_fing05,0.0061141253,les_bridge_fing20__d3t3__00018.wav,lsp-tanh,4,3,1,3,21.62039317761596,17.426284440144894
les_bridge_fing05__d4t2__00022.wav,byod-mxr,les_bridge_fing05,0.0046513677,les_bridge_fing17__d3t3__00018.wav,lsp-sine,4,3,2,3,21.62039317761596,17.46073355198249
les_bridge_fing05__d4t3__00023.wav,byod-mxr,les_bridge_fing05,0.0027626753,les_neck_fing01__d3t4__00019.wav,lsp-sine,4,3,3,4,21.62039317761596,17.46073355198249
les_bridge_fing05__d4t4__00024.wav,byod-mxr,les_bridge_fing05,0.0060665607,les_neck_pick21__d4t4__00024.wav,lsp-arctan,4,4,4,4,21.62039317761596,21.613326710488973
les_bridge_fing05__d5t0__00025.wav,byod-mxr,les_bridge_fing05,0.0036511421,les_bridge_fing20__d4t2__00022.wav,lsp-arctan,5,4,0,2,25.779078975465445,21.613326710488973
les_bridge_fing05__d5t1__00026.wav,byod-mxr,les_bridge_fing05,0.004698634,les_bridge_fing17__d3t3__00018.wav,byod-bigmuff,5,3,1,3,25.779078975465445,17.442946393617085
les_bridge_fing05__d5t2__00027.wav,byod-mxr,les_bridge_fing05,0.004294157,les_neck_pick03__d4t4__00024.wav,lsp-arctan,5,4,2,4,25.779078975465445,21.613326710488973
les_bridge_fing05__d5t3__00028.wav,byod-mxr,les_bridge_fing05,0.0020408034,les_neck_pick21__d5t3__00028.wav,lsp-arctan,5,5,3,3,25.779078975465445,25.788497067568912
les_bridge_fing05__d5t4__00029.wav,byod-mxr,les_bridge_fing05,0.0047011375,les_neck_pick14__d5t3__00028.wav,lsp-tanh,5,5,4,3,25.779078975465445,25.766463780707188
les_bridge_fing05__d6t0__00030.wav,byod-mxr,les_bridge_fing05,0.005872667,les_bridge_pick25__d4t2__00022.wav,byod-bigmuff,6,4,0,2,29.91150927100104,21.5884141303546
les_bridge_fing05__d6t1__00031.wav,byod-mxr,les_bridge_fing05,0.0043596625,les_neck_pick14__d6t1__00031.wav,lsp-hardclip,6,6,1,1,29.91150927100104,29.908667593492765
les_bridge_fing05__d6t2__00032.wav,byod-mxr,les_bridge_fing05,0.003932953,les_bridge_fing17__d5t4__00029.wav,lsp-tanh,6,5,2,4,29.91150927100104,25.766463780707188
les_bridge_fing05__d6t3__00033.wav,byod-mxr,les_bridge_fing05,0.0015794635,les_neck_fing01__d6t4__00034.wav,lsp-hardclip,6,6,3,4,29.91150927100104,29.908667593492765
les_bridge_fing05__d6t4__00034.wav,byod-mxr,les_bridge_fing05,0.0015301108,les_neck_fing01__d7t4__00039.wav,lsp-hardclip,6,7,4,4,29.91150927100104,34.07942205160116
les_bridge_fing05__d7t0__00035.wav,byod-mxr,les_bridge_fing05,0.009799838,les_neck_pick07__d6t4__00034.wav,lsp-tanh,7,6,0,4,34.08156088036171,29.89601395521624
les_bridge_fing05__d7t1__00036.wav,byod-mxr,les_bridge_fing05,0.0056861043,les_bridge_fing20__d4t4__00024.wav,byod-bigmuff,7,4,1,4,34.08156088036171,21.5884141303546
les_bridge_fing05__d7t2__00037.wav,byod-mxr,les_bridge_fing05,0.0019447207,les_neck_pick14__d6t4__00034.wav,byod-bigmuff,7,6,2,4,34.08156088036171,29.9151414217934
les_bridge_fing05__d7t3__00038.wav,byod-mxr,les_bridge_fing05,0.0011589527,les_neck_fing01__d7t4__00039.wav,lsp-tanh,7,7,3,4,34.08156088036171,34.0729352593394
les_bridge_fing05__d7t4__00039.wav,byod-mxr,les_bridge_fing05,0.0015026331,les_neck_fing01__d7t4__00039.wav,lsp-tanh,7,7,4,4,34.08156088036171,34.0729352593394
les_bridge_fing07__d0t0__00000.wav,byod-mxr,les_bridge_fing07,0.000752151,les_bridge_fing20__d0t1__00001.wav,pedalboard-tanh,0,0,0,1,5.0,5.0
les_bridge_fing07__d0t1__00001.wav,byod-mxr,les_bridge_fing07,0.00043094158,les_bridge_pick17__d1t1__00006.wav,pedalboard-tanh,0,1,1,1,5.0,9.146047429418331
les_bridge_fing07__d0t2__00002.wav,byod-mxr,les_bridge_fing07,0.0021540523,les_bridge_pick17__d1t2__00007.wav,lsp-sine,0,1,2,2,5.0,9.202349861352678
les_bridge_fing07__d0t3__00003.wav,byod-mxr,les_bridge_fing07,0.0019897223,les_bridge_fing17__d0t2__00002.wav,lsp-hardclip,0,0,3,2,5.0,5.063331073032135
les_bridge_fing07__d0t4__00004.wav,byod-mxr,les_bridge_fing07,0.0032573342,les_neck_pick05__d1t2__00007.wav,lsp-hardclip,0,1,4,2,5.0,9.35456396552498
les_bridge_fing07__d1t0__00005.wav,byod-mxr,les_bridge_fing07,0.00051015615,les_bridge_fing24__d0t1__00001.wav,lsp-tanh,1,0,0,1,9.107670514338215,5.0
les_bridge_fing07__d1t1__00006.wav,byod-mxr,les_bridge_fing07,0.0012598038,les_bridge_fing20__d1t2__00007.wav,lsp-arctan,1,1,1,2,9.107670514338215,9.170316408518453
les_bridge_fing07__d1t2__00007.wav,byod-mxr,les_bridge_fing07,0.0015625954,les_bridge_pick17__d2t2__00012.wav,lsp-arctan,1,2,2,2,9.107670514338215,13.270071970821393
les_bridge_fing07__d1t3__00008.wav,byod-mxr,les_bridge_fing07,0.002912283,les_bridge_pick17__d2t3__00013.wav,lsp-tanh,1,2,3,3,9.107670514338215,13.297259315581634
les_bridge_fing07__d1t4__00009.wav,byod-mxr,les_bridge_fing07,0.0038117766,les_neck_pick05__d2t2__00012.wav,lsp-hardclip,1,2,4,2,9.107670514338215,13.55142968534178
les_bridge_fing07__d2t0__00010.wav,byod-mxr,les_bridge_fing07,0.0010912418,les_bridge_fing24__d1t1__00006.wav,lsp-sine,2,1,0,1,13.292365801948186,9.202349861352678
les_bridge_fing07__d2t1__00011.wav,byod-mxr,les_bridge_fing07,0.002092123,les_bridge_fing24__d2t2__00012.wav,lsp-sine,2,2,1,2,13.292365801948186,13.251366385956809
les_bridge_fing07__d2t2__00012.wav,byod-mxr,les_bridge_fing07,0.0034381151,les_neck_fing01__d3t1__00016.wav,lsp-sine,2,3,2,1,13.292365801948186,17.46073355198249
les_bridge_fing07__d2t3__00013.wav,byod-mxr,les_bridge_fing07,0.0052253604,les_neck_pick02__d3t2__00017.wav,lsp-arctan,2,3,3,2,13.292365801948186,17.436825605717576
les_bridge_fing07__d2t4__00014.wav,byod-mxr,les_bridge_fing07,0.002676189,les_neck_fing01__d3t2__00017.wav,lsp-hardclip,2,3,4,2,13.292365801948186,17.563088337099366
les_bridge_fing07__d3t0__00015.wav,byod-mxr,les_bridge_fing07,0.0013429523,les_bridge_pick17__d3t0__00015.wav,pedalboard-tanh,3,3,0,0,17.452308155418716,17.454399305827287
les_bridge_fing07__d3t1__00016.wav,byod-mxr,les_bridge_fing07,0.0017153621,les_bridge_fing24__d3t2__00017.wav,pedalboard-tanh,3,3,1,2,17.452308155418716,17.454399305827287
les_bridge_fing07__d3t2__00017.wav,byod-mxr,les_bridge_fing07,0.0054734945,les_neck_pick11__d3t2__00017.wav,lsp-tanh,3,3,2,2,17.452308155418716,17.426284440144894
les_bridge_fing07__d3t3__00018.wav,byod-mxr,les_bridge_fing07,0.0054970384,les_neck_pick11__d3t3__00018.wav,lsp-tanh,3,3,3,3,17.452308155418716,17.426284440144894
les_bridge_fing07__d3t4__00019.wav,byod-mxr,les_bridge_fing07,0.0024964213,les_neck_fing01__d4t2__00022.wav,lsp-hardclip,3,4,4,2,17.452308155418716,21.54643860361127
les_bridge_fing07__d4t0__00020.wav,byod-mxr,les_bridge_fing07,0.0015304089,les_bridge_pick17__d4t0__00020.wav,pedalboard-tanh,4,4,0,0,21.62039317761596,21.61638024087312
les_bridge_fing07__d4t1__00021.wav,byod-mxr,les_bridge_fing07,0.0023809075,les_bridge_fing17__d5t0__00025.wav,lsp-arctan,4,5,1,0,21.62039317761596,25.788497067568912
les_bridge_fing07__d4t2__00022.wav,byod-mxr,les_bridge_fing07,0.0033700466,les_neck_pick12__d4t4__00024.wav,lsp-tanh,4,4,2,4,21.62039317761596,21.61115826291455
les_bridge_fing07__d4t3__00023.wav,byod-mxr,les_bridge_fing07,0.0041496158,les_neck_pick05__d4t2__00022.wav,lsp-tanh,4,4,3,2,21.62039317761596,21.61115826291455
les_bridge_fing07__d4t4__00024.wav,byod-mxr,les_bridge_fing07,0.0024151802,les_bridge_pick16__d5t3__00028.wav,lsp-sine,4,5,4,3,21.62039317761596,25.7855895742644
les_bridge_fing07__d5t0__00025.wav,byod-mxr,les_bridge_fing07,0.0030543208,les_neck_pick04__d5t0__00025.wav,pedalboard-tanh,5,5,0,0,25.779078975465445,25.782351420955937
les_bridge_fing07__d5t1__00026.wav,byod-mxr,les_bridge_fing07,0.003834486,les_neck_pick04__d5t1__00026.wav,lsp-tanh,5,5,1,1,25.779078975465445,25.766463780707188
les_bridge_fing07__d5t2__00027.wav,byod-mxr,les_bridge_fing07,0.0030047894,les_bridge_pick17__d5t2__00027.wav,lsp-sine,5,5,2,2,25.779078975465445,25.7855895742644
les_bridge_fing07__d5t3__00028.wav,byod-mxr,les_bridge_fing07,0.00234133,les_bridge_pick17__d5t3__00028.wav,lsp-sine,5,5,3,3,25.779078975465445,25.7855895742644
les_bridge_fing07__d5t4__00029.wav,byod-mxr,les_bridge_fing07,0.0036705136,les_neck_pick05__d6t3__00033.wav,lsp-hardclip,5,6,4,3,25.779078975465445,29.908667593492765
les_bridge_fing07__d6t0__00030.wav,byod-mxr,les_bridge_fing07,0.0017966628,les_bridge_pick16__d6t1__00031.wav,lsp-hardclip,6,6,0,1,29.91150927100104,29.908667593492765
les_bridge_fing07__d6t1__00031.wav,byod-mxr,les_bridge_fing07,0.006113827,les_neck_pick11__d6t2__00032.wav,lsp-hardclip,6,6,1,2,29.91150927100104,29.908667593492765
les_bridge_fing07__d6t2__00032.wav,byod-mxr,les_bridge_fing07,0.0031739473,les_bridge_pick22__d6t3__00033.wav,lsp-hardclip,6,6,2,3,29.91150927100104,29.908667593492765
les_bridge_fing07__d6t3__00033.wav,byod-mxr,les_bridge_fing07,0.0029304028,les_neck_pick03__d6t4__00034.wav,byod-bigmuff,6,6,3,4,29.91150927100104,29.9151414217934
les_bridge_fing07__d6t4__00034.wav,byod-mxr,les_bridge_fing07,0.0015133023,les_neck_fing01__d6t4__00034.wav,lsp-arctan,6,6,4,4,29.91150927100104,29.91872954355242
les_bridge_fing07__d7t0__00035.wav,byod-mxr,les_bridge_fing07,0.0023525953,les_bridge_fing17__d7t0__00035.wav,lsp-tanh,7,7,0,0,34.08156088036171,34.0729352593394
les_bridge_fing07__d7t1__00036.wav,byod-mxr,les_bridge_fing07,0.003861785,les_bridge_pick17__d6t2__00032.wav,lsp-arctan,7,6,1,2,34.08156088036171,29.91872954355242
les_bridge_fing07__d7t2__00037.wav,byod-mxr,les_bridge_fing07,0.0026630163,les_bridge_pick17__d6t3__00033.wav,lsp-arctan,7,6,2,3,34.08156088036171,29.91872954355242
les_bridge_fing07__d7t3__00038.wav,byod-mxr,les_bridge_fing07,0.002281487,les_neck_pick21__d7t3__00038.wav,lsp-hardclip,7,7,3,3,34.08156088036171,34.07942205160116
les_bridge_fing07__d7t4__00039.wav,byod-mxr,les_bridge_fing07,0.00047028065,les_bridge_fing20__d7t3__00038.wav,lsp-tanh,7,7,4,3,34.08156088036171,34.0729352593394
les_bridge_fing09__d0t0__00000.wav,byod-mxr,les_bridge_fing09,0.004684627,les_neck_fing15__d1t3__00008.wav,pedalboard-tanh,0,1,0,3,5.0,9.146047429418331
les_bridge_fing09__d0t1__00001.wav,byod-mxr,les_bridge_fing09,0.001249671,les_neck_pick21__d0t2__00002.wav,lsp-arctan,0,0,1,2,5.0,5.005872107125804
les_bridge_fing09__d0t2__00002.wav,byod-mxr,les_bridge_fing09,0.002515614,les_neck_pick21__d0t3__00003.wav,pedalboard-tanh,0,0,2,3,5.0,5.0
les_bridge_fing09__d0t3__00003.wav,byod-mxr,les_bridge_fing09,0.0032765865,les_neck_pick14__d0t3__00003.wav,lsp-sine,0,0,3,3,5.0,5.041347474059023
les_bridge_fing09__d0t4__00004.wav,byod-mxr,les_bridge_fing09,0.0019402504,les_neck_pick21__d1t4__00009.wav,lsp-sine,0,1,4,4,5.0,9.202349861352678
les_bridge_fing09__d1t0__00005.wav,byod-mxr,les_bridge_fing09,0.0024257302,les_neck_fing15__d0t4__00004.wav,pedalboard-tanh,1,0,0,4,9.107670514338215,5.0
les_bridge_fing09__d1t1__00006.wav,byod-mxr,les_bridge_fing09,0.0022657514,les_neck_pick21__d1t2__00007.wav,lsp-sine,1,1,1,2,9.107670514338215,9.202349861352678
les_bridge_fing09__d1t2__00007.wav,byod-mxr,les_bridge_fing09,0.0017381907,les_neck_pick21__d0t3__00003.wav,lsp-hardclip,1,0,2,3,9.107670514338215,5.063331073032135
les_bridge_fing09__d1t3__00008.wav,byod-mxr,les_bridge_fing09,0.002209425,les_neck_pick21__d0t4__00004.wav,lsp-hardclip,1,0,3,4,9.107670514338215,5.063331073032135
les_bridge_fing09__d1t4__00009.wav,byod-mxr,les_bridge_fing09,0.002505958,les_neck_pick21__d2t4__00014.wav,pedalboard-tanh,1,2,4,4,9.107670514338215,13.296816138037473
les_bridge_fing09__d2t0__00010.wav,byod-mxr,les_bridge_fing09,0.0012084842,les_neck_pick02__d1t2__00007.wav,pedalboard-tanh,2,1,0,2,13.292365801948186,9.146047429418331
les_bridge_fing09__d2t1__00011.wav,byod-mxr,les_bridge_fing09,0.00071787834,les_neck_pick05__d0t2__00002.wav,lsp-arctan,2,0,1,2,13.292365801948186,5.005872107125804
les_bridge_fing09__d2t2__00012.wav,byod-mxr,les_bridge_fing09,0.0013850331,les_neck_pick21__d1t3__00008.wav,lsp-hardclip,2,1,2,3,13.292365801948186,9.35456396552498
les_bridge_fing09__d2t3__00013.wav,byod-mxr,les_bridge_fing09,0.002526164,les_neck_pick05__d1t4__00009.wav,lsp-tanh,2,1,3,4,13.292365801948186,9.088421535688989
les_bridge_fing09__d2t4__00014.wav,byod-mxr,les_bridge_fing09,0.0028407574,les_neck_pick14__d2t4__00014.wav,lsp-arctan,2,2,4,4,13.292365801948186,13.270071970821393
les_bridge_fing09__d3t0__00015.wav,byod-mxr,les_bridge_fing09,0.0033318996,les_neck_pick04__d2t2__00012.wav,lsp-arctan,3,2,0,2,17.452308155418716,13.270071970821393
les_bridge_fing09__d3t1__00016.wav,byod-mxr,les_bridge_fing09,0.0010665655,les_neck_pick05__d1t2__00007.wav,lsp-hardclip,3,1,1,2,17.452308155418716,9.35456396552498
les_bridge_fing09__d3t2__00017.wav,byod-mxr,les_bridge_fing09,0.002045989,les_neck_pick05__d2t3__00013.wav,lsp-sine,3,2,2,3,17.452308155418716,13.251366385956809
les_bridge_fing09__d3t3__00018.wav,byod-mxr,les_bridge_fing09,0.0015426874,les_neck_pick21__d3t4__00019.wav,lsp-hardclip,3,3,3,4,17.452308155418716,17.563088337099366
les_bridge_fing09__d3t4__00019.wav,byod-mxr,les_bridge_fing09,0.005229473,les_neck_pick14__d3t4__00019.wav,pedalboard-tanh,3,3,4,4,17.452308155418716,17.454399305827287
les_bridge_fing09__d4t0__00020.wav,byod-mxr,les_bridge_fing09,0.0065736175,les_bridge_fing24__d2t4__00014.wav,lsp-tanh,4,2,0,4,21.62039317761596,13.297259315581634
les_bridge_fing09__d4t1__00021.wav,byod-mxr,les_bridge_fing09,0.006808102,les_neck_pick05__d3t2__00017.wav,lsp-hardclip,4,3,1,2,21.62039317761596,17.563088337099366
les_bridge_fing09__d4t2__00022.wav,byod-mxr,les_bridge_fing09,0.0036384463,les_neck_pick05__d4t3__00023.wav,lsp-hardclip,4,4,2,3,21.62039317761596,21.54643860361127
les_bridge_fing09__d4t3__00023.wav,byod-mxr,les_bridge_fing09,0.0021576881,les_neck_pick21__d4t4__00024.wav,lsp-tanh,4,4,3,4,21.62039317761596,21.61115826291455
les_bridge_fing09__d4t4__00024.wav,byod-mxr,les_bridge_fing09,0.0074883103,les_neck_pick14__d5t4__00029.wav,lsp-sine,4,5,4,4,21.62039317761596,25.7855895742644
les_bridge_fing09__d5t0__00025.wav,byod-mxr,les_bridge_fing09,0.016501784,les_neck_pick05__d3t3__00018.wav,byod-bigmuff,5,3,0,3,25.779078975465445,17.442946393617085
les_bridge_fing09__d5t1__00026.wav,byod-mxr,les_bridge_fing09,0.010270417,les_neck_pick21__d4t4__00024.wav,byod-bigmuff,5,4,1,4,25.779078975465445,21.5884141303546
les_bridge_fing09__d5t2__00027.wav,byod-mxr,les_bridge_fing09,0.006270945,les_bridge_pick16__d5t4__00029.wav,lsp-arctan,5,5,2,4,25.779078975465445,25.788497067568912
les_bridge_fing09__d5t3__00028.wav,byod-mxr,les_bridge_fing09,0.0058276653,les_bridge_pick16__d6t4__00034.wav,pedalboard-tanh,5,6,3,4,25.779078975465445,29.92239131554786
les_bridge_fing09__d5t4__00029.wav,byod-mxr,les_bridge_fing09,0.0041243434,les_neck_pick14__d7t3__00038.wav,lsp-hardclip,5,7,4,3,25.779078975465445,34.07942205160116
les_bridge_fing09__d6t0__00030.wav,byod-mxr,les_bridge_fing09,0.0127158165,les_neck_pick14__d7t0__00035.wav,lsp-hardclip,6,7,0,0,29.91150927100104,34.07942205160116
les_bridge_fing09__d6t1__00031.wav,byod-mxr,les_bridge_fing09,0.011086166,les_bridge_pick22__d6t3__00033.wav,lsp-hardclip,6,6,1,3,29.91150927100104,29.908667593492765
les_bridge_fing09__d6t2__00032.wav,byod-mxr,les_bridge_fing09,0.0026391149,les_neck_pick02__d6t4__00034.wav,pedalboard-tanh,6,6,2,4,29.91150927100104,29.92239131554786
les_bridge_fing09__d6t3__00033.wav,byod-mxr,les_bridge_fing09,0.0018159151,les_neck_pick04__d7t4__00039.wav,pedalboard-tanh,6,7,3,4,29.91150927100104,34.075823464139134
les_bridge_fing09__d6t4__00034.wav,byod-mxr,les_bridge_fing09,0.0019058585,les_neck_fing01__d7t4__00039.wav,lsp-tanh,6,7,4,4,29.91150927100104,34.0729352593394
les_bridge_fing09__d7t0__00035.wav,byod-mxr,les_bridge_fing09,0.01817131,les_bridge_pick17__d3t4__00019.wav,byod-bigmuff,7,3,0,4,34.08156088036171,17.442946393617085
les_bridge_fing09__d7t1__00036.wav,byod-mxr,les_bridge_fing09,0.00527364,les_bridge_pick17__d5t4__00029.wav,lsp-arctan,7,5,1,4,34.08156088036171,25.788497067568912
les_bridge_fing09__d7t2__00037.wav,byod-mxr,les_bridge_fing09,0.0024831295,les_neck_pick14__d6t4__00034.wav,byod-bigmuff,7,6,2,4,34.08156088036171,29.9151414217934
les_bridge_fing09__d7t3__00038.wav,byod-mxr,les_bridge_fing09,0.0010308027,les_neck_fing01__d7t4__00039.wav,lsp-arctan,7,7,3,4,34.08156088036171,34.09435618625095
les_bridge_fing09__d7t4__00039.wav,byod-mxr,les_bridge_fing09,0.0015223622,les_neck_pick14__d7t4__00039.wav,lsp-sine,7,7,4,4,34.08156088036171,34.094517939627885
les_bridge_fing11__d0t0__00000.wav,byod-mxr,les_bridge_fing11,0.00028073788,les_bridge_pick25__d0t0__00000.wav,lsp-hardclip,0,0,0,0,5.0,5.063331073032135
les_bridge_fing11__d0t1__00001.wav,byod-mxr,les_bridge_fing11,0.0007842183,les_bridge_pick25__d1t1__00006.wav,lsp-hardclip,0,1,1,1,5.0,9.35456396552498
les_bridge_fing11__d0t2__00002.wav,byod-mxr,les_bridge_fing11,0.0021545887,les_bridge_pick25__d1t2__00007.wav,lsp-hardclip,0,1,2,2,5.0,9.35456396552498
les_bridge_fing11__d0t3__00003.wav,byod-mxr,les_bridge_fing11,0.0027683973,les_bridge_pick16__d2t3__00013.wav,lsp-sine,0,2,3,3,5.0,13.251366385956809
les_bridge_fing11__d0t4__00004.wav,byod-mxr,les_bridge_fing11,0.003403008,les_bridge_pick17__d1t4__00009.wav,lsp-arctan,0,1,4,4,5.0,9.170316408518453
les_bridge_fing11__d1t0__00005.wav,byod-mxr,les_bridge_fing11,0.00039106607,les_bridge_pick25__d2t0__00010.wav,lsp-hardclip,1,2,0,0,9.107670514338215,13.55142968534178
les_bridge_fing11__d1t1__00006.wav,byod-mxr,les_bridge_fing11,0.0010833144,les_bridge_pick25__d2t1__00011.wav,lsp-sine,1,2,1,1,9.107670514338215,13.251366385956809
les_bridge_fing11__d1t2__00007.wav,byod-mxr,les_bridge_fing11,0.0031157136,les_bridge_pick25__d2t2__00012.wav,pedalboard-tanh,1,2,2,2,9.107670514338215,13.296816138037473
les_bridge_fing11__d1t3__00008.wav,byod-mxr,les_bridge_fing11,0.0016861558,les_bridge_pick22__d2t3__00013.wav,lsp-arctan,1,2,3,3,9.107670514338215,13.270071970821393
les_bridge_fing11__d1t4__00009.wav,byod-mxr,les_bridge_fing11,0.0028752685,les_bridge_fing24__d1t4__00009.wav,lsp-hardclip,1,1,4,4,9.107670514338215,9.35456396552498
les_bridge_fing11__d2t0__00010.wav,byod-mxr,les_bridge_fing11,0.0010412931,les_bridge_pick25__d2t0__00010.wav,lsp-hardclip,2,2,0,0,13.292365801948186,13.55142968534178
les_bridge_fing11__d2t1__00011.wav,byod-mxr,les_bridge_fing11,0.0011041164,les_bridge_fing21__d2t2__00012.wav,lsp-arctan,2,2,1,2,13.292365801948186,13.270071970821393
les_bridge_fing11__d2t2__00012.wav,byod-mxr,les_bridge_fing11,0.0033112764,les_neck_pick04__d3t1__00016.wav,lsp-tanh,2,3,2,1,13.292365801948186,17.426284440144894
les_bridge_fing11__d2t3__00013.wav,byod-mxr,les_bridge_fing11,0.0037642717,les_neck_pick09__d1t2__00007.wav,pedalboard-tanh,2,1,3,2,13.292365801948186,9.146047429418331
les_bridge_fing11__d2t4__00014.wav,byod-mxr,les_bridge_fing11,0.004972279,les_bridge_pick22__d2t4__00014.wav,lsp-sine,2,2,4,4,13.292365801948186,13.251366385956809
les_bridge_fing11__d3t0__00015.wav,byod-mxr,les_bridge_fing11,0.0013144016,les_bridge_pick22__d2t0__00010.wav,lsp-hardclip,3,2,0,0,17.452308155418716,13.55142968534178
les_bridge_fing11__d3t1__00016.wav,byod-mxr,les_bridge_fing11,0.00429821,les_neck_pick11__d2t1__00011.wav,pedalboard-tanh,3,2,1,1,17.452308155418716,13.296816138037473
les_bridge_fing11__d3t2__00017.wav,byod-mxr,les_bridge_fing11,0.0018444657,les_bridge_fing20__d3t2__00017.wav,pedalboard-tanh,3,3,2,2,17.452308155418716,17.454399305827287
les_bridge_fing11__d3t3__00018.wav,byod-mxr,les_bridge_fing11,0.0032090545,les_bridge_pick22__d3t3__00018.wav,lsp-arctan,3,3,3,3,17.452308155418716,17.436825605717576
les_bridge_fing11__d3t4__00019.wav,byod-mxr,les_bridge_fing11,0.0042684674,les_bridge_pick22__d3t4__00019.wav,lsp-arctan,3,3,4,4,17.452308155418716,17.436825605717576
les_bridge_fing11__d4t0__00020.wav,byod-mxr,les_bridge_fing11,0.0019486547,les_bridge_pick22__d4t0__00020.wav,lsp-sine,4,4,0,0,21.62039317761596,21.652716208419097
les_bridge_fing11__d4t1__00021.wav,byod-mxr,les_bridge_fing11,0.0057867765,les_neck_pick02__d4t0__00020.wav,pedalboard-tanh,4,4,1,0,21.62039317761596,21.61638024087312
les_bridge_fing11__d4t2__00022.wav,byod-mxr,les_bridge_fing11,0.0011370778,les_bridge_fing17__d4t1__00021.wav,lsp-tanh,4,4,2,1,21.62039317761596,21.61115826291455
les_bridge_fing11__d4t3__00023.wav,byod-mxr,les_bridge_fing11,0.0034890175,les_neck_pick04__d4t2__00022.wav,pedalboard-tanh,4,4,3,2,21.62039317761596,21.61638024087312
les_bridge_fing11__d4t4__00024.wav,byod-mxr,les_bridge_fing11,0.0044718385,les_neck_pick05__d5t2__00027.wav,lsp-hardclip,4,5,4,2,21.62039317761596,25.79865436059077
les_bridge_fing11__d5t0__00025.wav,byod-mxr,les_bridge_fing11,0.002404213,les_bridge_fing21__d5t1__00026.wav,lsp-hardclip,5,5,0,1,25.779078975465445,25.79865436059077
les_bridge_fing11__d5t1__00026.wav,byod-mxr,les_bridge_fing11,0.004852712,les_bridge_pick22__d4t2__00022.wav,lsp-arctan,5,4,1,2,25.779078975465445,21.613326710488973
les_bridge_fing11__d5t2__00027.wav,byod-mxr,les_bridge_fing11,0.0022335052,les_bridge_fing24__d4t4__00024.wav,pedalboard-tanh,5,4,2,4,25.779078975465445,21.61638024087312
les_bridge_fing11__d5t3__00028.wav,byod-mxr,les_bridge_fing11,0.0022339225,les_neck_fing01__d5t2__00027.wav,lsp-hardclip,5,5,3,2,25.779078975465445,25.79865436059077
les_bridge_fing11__d5t4__00029.wav,byod-mxr,les_bridge_fing11,0.0036110878,les_neck_pick03__d5t4__00029.wav,lsp-sine,5,5,4,4,25.779078975465445,25.7855895742644
les_bridge_fing11__d6t0__00030.wav,byod-mxr,les_bridge_fing11,0.0022194982,les_bridge_fing24__d6t0__00030.wav,lsp-arctan,6,6,0,0,29.91150927100104,29.91872954355242
les_bridge_fing11__d6t1__00031.wav,byod-mxr,les_bridge_fing11,0.00425148,les_bridge_pick17__d6t1__00031.wav,lsp-hardclip,6,6,1,1,29.91150927100104,29.908667593492765
les_bridge_fing11__d6t2__00032.wav,byod-mxr,les_bridge_fing11,0.0015994906,les_neck_fing01__d6t1__00031.wav,pedalboard-tanh,6,6,2,1,29.91150927100104,29.92239131554786
les_bridge_fing11__d6t3__00033.wav,byod-mxr,les_bridge_fing11,0.003244698,les_bridge_fing20__d6t2__00032.wav,pedalboard-tanh,6,6,3,2,29.91150927100104,29.92239131554786
les_bridge_fing11__d6t4__00034.wav,byod-mxr,les_bridge_fing11,0.0020249486,les_bridge_pick25__d6t4__00034.wav,lsp-sine,6,6,4,4,29.91150927100104,29.915327656251563
les_bridge_fing11__d7t0__00035.wav,byod-mxr,les_bridge_fing11,0.00216645,les_neck_pick02__d7t0__00035.wav,pedalboard-tanh,7,7,0,0,34.08156088036171,34.075823464139134
les_bridge_fing11__d7t1__00036.wav,byod-mxr,les_bridge_fing11,0.002249837,les_neck_pick02__d7t1__00036.wav,lsp-tanh,7,7,1,1,34.08156088036171,34.0729352593394
les_bridge_fing11__d7t2__00037.wav,byod-mxr,les_bridge_fing11,0.0016106963,les_neck_pick02__d7t2__00037.wav,lsp-tanh,7,7,2,2,34.08156088036171,34.0729352593394
les_bridge_fing11__d7t3__00038.wav,byod-mxr,les_bridge_fing11,0.001291573,les_neck_pick05__d7t3__00038.wav,lsp-arctan,7,7,3,3,34.08156088036171,34.09435618625095
les_bridge_fing11__d7t4__00039.wav,byod-mxr,les_bridge_fing11,0.0012349486,les_bridge_fing20__d7t3__00038.wav,lsp-hardclip,7,7,4,3,34.08156088036171,34.07942205160116
les_bridge_fing16__d0t0__00000.wav,byod-mxr,les_bridge_fing16,0.0008466244,les_neck_pick04__d1t1__00006.wav,lsp-sine,0,1,0,1,5.0,9.202349861352678
les_bridge_fing16__d0t1__00001.wav,byod-mxr,les_bridge_fing16,0.0031579137,les_bridge_pick17__d0t3__00003.wav,lsp-tanh,0,0,1,3,5.0,5.0
les_bridge_fing16__d0t2__00002.wav,byod-mxr,les_bridge_fing16,0.0011613965,les_neck_pick02__d0t3__00003.wav,lsp-arctan,0,0,2,3,5.0,5.005872107125804
les_bridge_fing16__d0t3__00003.wav,byod-mxr,les_bridge_fing16,0.0007638335,les_neck_pick02__d1t4__00009.wav,lsp-sine,0,1,3,4,5.0,9.202349861352678
les_bridge_fing16__d0t4__00004.wav,byod-mxr,les_bridge_fing16,0.0024142265,les_neck_pick05__d0t4__00004.wav,lsp-sine,0,0,4,4,5.0,5.041347474059023
les_bridge_fing16__d1t0__00005.wav,byod-mxr,les_bridge_fing16,0.0010258555,les_neck_pick02__d0t1__00001.wav,lsp-sine,1,0,0,1,9.107670514338215,5.041347474059023
les_bridge_fing16__d1t1__00006.wav,byod-mxr,les_bridge_fing16,0.002301991,les_neck_pick04__d1t2__00007.wav,pedalboard-tanh,1,1,1,2,9.107670514338215,9.146047429418331
les_bridge_fing16__d1t2__00007.wav,byod-mxr,les_bridge_fing16,0.0016884804,les_neck_pick02__d1t3__00008.wav,lsp-arctan,1,1,2,3,9.107670514338215,9.170316408518453
les_bridge_fing16__d1t3__00008.wav,byod-mxr,les_bridge_fing16,0.0017033815,les_neck_fing01__d1t4__00009.wav,lsp-sine,1,1,3,4,9.107670514338215,9.202349861352678
les_bridge_fing16__d1t4__00009.wav,byod-mxr,les_bridge_fing16,0.0017075539,les_neck_pick05__d0t4__00004.wav,lsp-arctan,1,0,4,4,9.107670514338215,5.005872107125804
les_bridge_fing16__d2t0__00010.wav,byod-mxr,les_bridge_fing16,0.0012446642,les_bridge_pick16__d1t3__00008.wav,lsp-sine,2,1,0,3,13.292365801948186,9.202349861352678
les_bridge_fing16__d2t1__00011.wav,byod-mxr,les_bridge_fing16,0.0020922422,les_bridge_pick17__d0t4__00004.wav,pedalboard-tanh,2,0,1,4,13.292365801948186,5.0
les_bridge_fing16__d2t2__00012.wav,byod-mxr,les_bridge_fing16,0.0019595027,les_neck_fing01__d1t3__00008.wav,lsp-sine,2,1,2,3,13.292365801948186,9.202349861352678
les_bridge_fing16__d2t3__00013.wav,byod-mxr,les_bridge_fing16,0.0016828179,les_neck_pick05__d1t4__00009.wav,pedalboard-tanh,2,1,3,4,13.292365801948186,9.146047429418331
les_bridge_fing16__d2t4__00014.wav,byod-mxr,les_bridge_fing16,0.0035902858,les_neck_pick21__d2t4__00014.wav,lsp-tanh,2,2,4,4,13.292365801948186,13.297259315581634
les_bridge_fing16__d3t0__00015.wav,byod-mxr,les_bridge_fing16,0.001075983,les_neck_fing01__d0t1__00001.wav,lsp-hardclip,3,0,0,1,17.452308155418716,5.063331073032135
les_bridge_fing16__d3t1__00016.wav,byod-mxr,les_bridge_fing16,0.0023465753,les_neck_fing01__d2t2__00012.wav,lsp-tanh,3,2,1,2,17.452308155418716,13.297259315581634
les_bridge_fing16__d3t2__00017.wav,byod-mxr,les_bridge_fing16,0.0010486841,les_neck_pick02__d2t4__00014.wav,lsp-tanh,3,2,2,4,17.452308155418716,13.297259315581634
les_bridge_fing16__d3t3__00018.wav,byod-mxr,les_bridge_fing16,0.0022289753,les_neck_pick05__d2t4__00014.wav,lsp-tanh,3,2,3,4,17.452308155418716,13.297259315581634
les_bridge_fing16__d3t4__00019.wav,byod-mxr,les_bridge_fing16,0.0029647946,les_neck_pick21__d2t4__00014.wav,lsp-sine,3,2,4,4,17.452308155418716,13.251366385956809
les_bridge_fing16__d4t0__00020.wav,byod-mxr,les_bridge_fing16,0.0022982955,les_bridge_fing24__d2t4__00014.wav,lsp-arctan,4,2,0,4,21.62039317761596,13.270071970821393
les_bridge_fing16__d4t1__00021.wav,byod-mxr,les_bridge_fing16,0.004738033,les_neck_pick05__d2t2__00012.wav,lsp-hardclip,4,2,1,2,21.62039317761596,13.55142968534178
les_bridge_fing16__d4t2__00022.wav,byod-mxr,les_bridge_fing16,0.0034294724,les_neck_pick05__d2t4__00014.wav,pedalboard-tanh,4,2,2,4,21.62039317761596,13.296816138037473
les_bridge_fing16__d4t3__00023.wav,byod-mxr,les_bridge_fing16,0.005176723,les_neck_pick21__d3t4__00019.wav,lsp-arctan,4,3,3,4,21.62039317761596,17.436825605717576
les_bridge_fing16__d4t4__00024.wav,byod-mxr,les_bridge_fing16,0.0074739456,les_neck_pick14__d3t4__00019.wav,lsp-sine,4,3,4,4,21.62039317761596,17.46073355198249
les_bridge_fing16__d5t0__00025.wav,byod-mxr,les_bridge_fing16,0.013968289,les_neck_fing01__d1t3__00008.wav,byod-bigmuff,5,1,0,3,25.779078975465445,9.126662172709777
les_bridge_fing16__d5t1__00026.wav,byod-mxr,les_bridge_fing16,0.009625554,les_neck_pick04__d3t4__00019.wav,lsp-arctan,5,3,1,4,25.779078975465445,17.436825605717576
les_bridge_fing16__d5t2__00027.wav,byod-mxr,les_bridge_fing16,0.0062198043,les_neck_pick05__d4t4__00024.wav,lsp-hardclip,5,4,2,4,25.779078975465445,21.54643860361127
les_bridge_fing16__d5t3__00028.wav,byod-mxr,les_bridge_fing16,0.0073622465,les_bridge_pick16__d5t4__00029.wav,lsp-tanh,5,5,3,4,25.779078975465445,25.766463780707188
les_bridge_fing16__d5t4__00029.wav,byod-mxr,les_bridge_fing16,0.0069957376,les_neck_pick14__d5t3__00028.wav,lsp-sine,5,5,4,3,25.779078975465445,25.7855895742644
les_bridge_fing16__d6t0__00030.wav,byod-mxr,les_bridge_fing16,0.015440106,les_bridge_fing20__d1t4__00009.wav,byod-bigmuff,6,1,0,4,29.91150927100104,9.126662172709777
les_bridge_fing16__d6t1__00031.wav,byod-mxr,les_bridge_fing16,0.008859634,les_neck_fing01__d4t4__00024.wav,byod-bigmuff,6,4,1,4,29.91150927100104,21.5884141303546
les_bridge_fing16__d6t2__00032.wav,byod-mxr,les_bridge_fing16,0.002962947,les_neck_pick02__d5t4__00029.wav,pedalboard-tanh,6,5,2,4,29.91150927100104,25.782351420955937
les_bridge_fing16__d6t3__00033.wav,byod-mxr,les_bridge_fing16,0.0064432025,les_neck_pick14__d5t4__00029.wav,lsp-tanh,6,5,3,4,29.91150927100104,25.766463780707188
les_bridge_fing16__d6t4__00034.wav,byod-mxr,les_bridge_fing16,0.001919806,les_neck_pick14__d6t4__00034.wav,lsp-hardclip,6,6,4,4,29.91150927100104,29.908667593492765
les_bridge_fing16__d7t0__00035.wav,byod-mxr,les_bridge_fing16,0.00888449,les_neck_pick21__d5t4__00029.wav,byod-bigmuff,7,5,0,4,34.08156088036171,25.77210742134771
les_bridge_fing16__d7t1__00036.wav,byod-mxr,les_bridge_fing16,0.0028847456,les_neck_pick02__d6t3__00033.wav,pedalboard-tanh,7,6,1,3,34.08156088036171,29.92239131554786
les_bridge_fing16__d7t2__00037.wav,byod-mxr,les_bridge_fing16,0.0015332699,les_neck_pick21__d6t4__00034.wav,pedalboard-tanh,7,6,2,4,34.08156088036171,29.92239131554786
les_bridge_fing16__d7t3__00038.wav,byod-mxr,les_bridge_fing16,0.0022592545,les_bridge_fing20__d6t4__00034.wav,lsp-tanh,7,6,3,4,34.08156088036171,29.89601395521624
les_bridge_fing16__d7t4__00039.wav,byod-mxr,les_bridge_fing16,0.0032604337,les_neck_fing01__d7t4__00039.wav,lsp-tanh,7,7,4,4,34.08156088036171,34.0729352593394
les_bridge_fing18__d0t0__00000.wav,byod-mxr,les_bridge_fing18,0.00082081556,les_bridge_pick25__d2t0__00010.wav,lsp-hardclip,0,2,0,0,5.0,13.55142968534178
les_bridge_fing18__d0t1__00001.wav,byod-mxr,les_bridge_fing18,0.0009995103,les_bridge_pick25__d2t1__00011.wav,lsp-arctan,0,2,1,1,5.0,13.270071970821393
les_bridge_fing18__d0t2__00002.wav,byod-mxr,les_bridge_fing18,0.0017973781,les_bridge_pick25__d1t2__00007.wav,lsp-hardclip,0,1,2,2,5.0,9.35456396552498
les_bridge_fing18__d0t3__00003.wav,byod-mxr,les_bridge_fing18,0.0047730803,les_bridge_fing24__d2t4__00014.wav,lsp-arctan,0,2,3,4,5.0,13.270071970821393
les_bridge_fing18__d0t4__00004.wav,byod-mxr,les_bridge_fing18,0.004347801,les_bridge_pick16__d2t4__00014.wav,lsp-sine,0,2,4,4,5.0,13.251366385956809
les_bridge_fing18__d1t0__00005.wav,byod-mxr,les_bridge_fing18,0.003499031,les_bridge_fing21__d0t1__00001.wav,lsp-hardclip,1,0,0,1,9.107670514338215,5.063331073032135
les_bridge_fing18__d1t1__00006.wav,byod-mxr,les_bridge_fing18,0.002259612,les_bridge_pick25__d2t1__00011.wav,lsp-hardclip,1,2,1,1,9.107670514338215,13.55142968534178
les_bridge_fing18__d1t2__00007.wav,byod-mxr,les_bridge_fing18,0.0022732615,les_bridge_pick25__d2t2__00012.wav,lsp-arctan,1,2,2,2,9.107670514338215,13.270071970821393
les_bridge_fing18__d1t3__00008.wav,byod-mxr,les_bridge_fing18,0.0025970936,les_bridge_fing24__d2t4__00014.wav,lsp-arctan,1,2,3,4,9.107670514338215,13.270071970821393
les_bridge_fing18__d1t4__00009.wav,byod-mxr,les_bridge_fing18,0.004086852,les_bridge_pick17__d1t4__00009.wav,lsp-arctan,1,1,4,4,9.107670514338215,9.170316408518453
les_bridge_fing18__d2t0__00010.wav,byod-mxr,les_bridge_fing18,0.0036665797,les_neck_pick07__d2t2__00012.wav,lsp-sine,2,2,0,2,13.292365801948186,13.251366385956809
les_bridge_fing18__d2t1__00011.wav,byod-mxr,les_bridge_fing18,0.0028877854,les_bridge_fing17__d3t0__00015.wav,lsp-sine,2,3,1,0,13.292365801948186,17.46073355198249
les_bridge_fing18__d2t2__00012.wav,byod-mxr,les_bridge_fing18,0.0035431385,les_bridge_pick25__d2t2__00012.wav,lsp-sine,2,2,2,2,13.292365801948186,13.251366385956809
les_bridge_fing18__d2t3__00013.wav,byod-mxr,les_bridge_fing18,0.0046008825,les_neck_pick09__d0t2__00002.wav,pedalboard-tanh,2,0,3,2,13.292365801948186,5.0
les_bridge_fing18__d2t4__00014.wav,byod-mxr,les_bridge_fing18,0.0036757588,les_bridge_fing24__d1t4__00009.wav,lsp-hardclip,2,1,4,4,13.292365801948186,9.35456396552498
les_bridge_fing18__d3t0__00015.wav,byod-mxr,les_bridge_fing18,0.0032489896,les_bridge_fing24__d3t1__00016.wav,lsp-arctan,3,3,0,1,17.452308155418716,17.436825605717576
les_bridge_fing18__d3t1__00016.wav,byod-mxr,les_bridge_fing18,0.0058838725,les_neck_pick11__d2t1__00011.wav,lsp-tanh,3,2,1,1,17.452308155418716,13.297259315581634
les_bridge_fing18__d3t2__00017.wav,byod-mxr,les_bridge_fing18,0.007858098,les_bridge_fing17__d4t1__00021.wav,lsp-hardclip,3,4,2,1,17.452308155418716,21.54643860361127
les_bridge_fing18__d3t3__00018.wav,byod-mxr,les_bridge_fing18,0.0046592355,les_bridge_pick16__d3t3__00018.wav,lsp-sine,3,3,3,3,17.452308155418716,17.46073355198249
les_bridge_fing18__d3t4__00019.wav,byod-mxr,les_bridge_fing18,0.0059211254,les_bridge_pick22__d2t4__00014.wav,lsp-sine,3,2,4,4,17.452308155418716,13.251366385956809
les_bridge_fing18__d4t0__00020.wav,byod-mxr,les_bridge_fing18,0.0034484267,les_neck_pick12__d5t1__00026.wav,lsp-hardclip,4,5,0,1,21.62039317761596,25.79865436059077
les_bridge_fing18__d4t1__00021.wav,byod-mxr,les_bridge_fing18,0.005364299,les_neck_fing01__d5t0__00025.wav,lsp-hardclip,4,5,1,0,21.62039317761596,25.79865436059077
les_bridge_fing18__d4t2__00022.wav,byod-mxr,les_bridge_fing18,0.0039168596,les_neck_pick09__d4t2__00022.wav,lsp-hardclip,4,4,2,2,21.62039317761596,21.54643860361127
les_bridge_fing18__d4t3__00023.wav,byod-mxr,les_bridge_fing18,0.0049480796,les_neck_pick03__d3t3__00018.wav,byod-bigmuff,4,3,3,3,21.62039317761596,17.442946393617085
les_bridge_fing18__d4t4__00024.wav,byod-mxr,les_bridge_fing18,0.005541861,les_neck_pick04__d3t4__00019.wav,lsp-arctan,4,3,4,4,21.62039317761596,17.436825605717576
les_bridge_fing18__d5t0__00025.wav,byod-mxr,les_bridge_fing18,0.003825605,les_neck_pick04__d5t0__00025.wav,lsp-sine,5,5,0,0,25.779078975465445,25.7855895742644
les_bridge_fing18__d5t1__00026.wav,byod-mxr,les_bridge_fing18,0.006227076,les_bridge_pick22__d4t2__00022.wav,lsp-hardclip,5,4,1,2,25.779078975465445,21.54643860361127
les_bridge_fing18__d5t2__00027.wav,byod-mxr,les_bridge_fing18,0.005682528,les_bridge_fing21__d4t4__00024.wav,lsp-hardclip,5,4,2,4,25.779078975465445,21.54643860361127
les_bridge_fing18__d5t3__00028.wav,byod-mxr,les_bridge_fing18,0.0040230155,les_neck_pick21__d5t2__00027.wav,lsp-arctan,5,5,3,2,25.779078975465445,25.788497067568912
les_bridge_fing18__d5t4__00029.wav,byod-mxr,les_bridge_fing18,0.0039255023,les_bridge_pick16__d6t3__00033.wav,pedalboard-tanh,5,6,4,3,25.779078975465445,29.92239131554786
les_bridge_fing18__d6t0__00030.wav,byod-mxr,les_bridge_fing18,0.0056348443,les_neck_pick04__d6t0__00030.wav,lsp-sine,6,6,0,0,29.91150927100104,29.915327656251563
les_bridge_fing18__d6t1__00031.wav,byod-mxr,les_bridge_fing18,0.0076385736,les_bridge_fing24__d3t3__00018.wav,byod-bigmuff,6,3,1,3,29.91150927100104,17.442946393617085
les_bridge_fing18__d6t2__00032.wav,byod-mxr,les_bridge_fing18,0.0048398376,les_bridge_pick17__d4t4__00024.wav,lsp-arctan,6,4,2,4,29.91150927100104,21.613326710488973
les_bridge_fing18__d6t3__00033.wav,byod-mxr,les_bridge_fing18,0.0025584102,les_neck_pick02__d5t4__00029.wav,lsp-hardclip,6,5,3,4,29.91150927100104,25.79865436059077
les_bridge_fing18__d6t4__00034.wav,byod-mxr,les_bridge_fing18,0.0025488138,les_bridge_fing20__d6t4__00034.wav,lsp-hardclip,6,6,4,4,29.91150927100104,29.908667593492765
les_bridge_fing18__d7t0__00035.wav,byod-mxr,les_bridge_fing18,0.010792077,les_neck_pick21__d7t0__00035.wav,pedalboard-tanh,7,7,0,0,34.08156088036171,34.075823464139134
les_bridge_fing18__d7t1__00036.wav,byod-mxr,les_bridge_fing18,0.006195545,les_bridge_pick16__d6t2__00032.wav,lsp-hardclip,7,6,1,2,34.08156088036171,29.908667593492765
les_bridge_fing18__d7t2__00037.wav,byod-mxr,les_bridge_fing18,0.0031172633,les_bridge_pick22__d6t4__00034.wav,lsp-arctan,7,6,2,4,34.08156088036171,29.91872954355242
les_bridge_fing18__d7t3__00038.wav,byod-mxr,les_bridge_fing18,0.0021106005,les_neck_pick03__d7t4__00039.wav,lsp-hardclip,7,7,3,4,34.08156088036171,34.07942205160116
les_bridge_fing18__d7t4__00039.wav,byod-mxr,les_bridge_fing18,0.0009868145,les_bridge_fing17__d7t4__00039.wav,lsp-arctan,7,7,4,4,34.08156088036171,34.09435618625095
les_bridge_fing23__d0t0__00000.wav,byod-mxr,les_bridge_fing23,0.0011241436,les_neck_pick14__d0t0__00000.wav,lsp-arctan,0,0,0,0,5.0,5.005872107125804
les_bridge_fing23__d0t1__00001.wav,byod-mxr,les_bridge_fing23,0.0021582842,les_neck_fing15__d0t3__00003.wav,lsp-sine,0,0,1,3,5.0,5.041347474059023
les_bridge_fing23__d0t2__00002.wav,byod-mxr,les_bridge_fing23,0.003950715,les_neck_fing15__d2t4__00014.wav,pedalboard-tanh,0,2,2,4,5.0,13.296816138037473
les_bridge_fing23__d0t3__00003.wav,byod-mxr,les_bridge_fing23,0.0025867224,les_neck_pick14__d0t2__00002.wav,lsp-arctan,0,0,3,2,5.0,5.005872107125804
les_bridge_fing23__d0t4__00004.wav,byod-mxr,les_bridge_fing23,0.0036519766,les_bridge_fing17__d0t4__00004.wav,lsp-arctan,0,0,4,4,5.0,5.005872107125804
les_bridge_fing23__d1t0__00005.wav,byod-mxr,les_bridge_fing23,0.0012439489,les_neck_pick14__d2t0__00010.wav,pedalboard-tanh,1,2,0,0,9.107670514338215,13.296816138037473
les_bridge_fing23__d1t1__00006.wav,byod-mxr,les_bridge_fing23,0.002175808,les_bridge_pick17__d0t3__00003.wav,pedalboard-tanh,1,0,1,3,9.107670514338215,5.0
les_bridge_fing23__d1t2__00007.wav,byod-mxr,les_bridge_fing23,0.0034726858,les_neck_fing15__d2t4__00014.wav,pedalboard-tanh,1,2,2,4,9.107670514338215,13.296816138037473
les_bridge_fing23__d1t3__00008.wav,byod-mxr,les_bridge_fing23,0.0031806827,les_neck_pick14__d1t2__00007.wav,lsp-tanh,1,1,3,2,9.107670514338215,9.088421535688989
les_bridge_fing23__d1t4__00009.wav,byod-mxr,les_bridge_fing23,0.0036748648,les_bridge_fing17__d1t4__00009.wav,pedalboard-tanh,1,1,4,4,9.107670514338215,9.146047429418331
les_bridge_fing23__d2t0__00010.wav,byod-mxr,les_bridge_fing23,0.0011501312,les_neck_pick02__d1t1__00006.wav,pedalboard-tanh,2,1,0,1,13.292365801948186,9.146047429418331
les_bridge_fing23__d2t1__00011.wav,byod-mxr,les_bridge_fing23,0.0019808412,les_neck_fing15__d0t3__00003.wav,lsp-hardclip,2,0,1,3,13.292365801948186,5.063331073032135
les_bridge_fing23__d2t2__00012.wav,byod-mxr,les_bridge_fing23,0.0019131303,les_neck_pick03__d0t3__00003.wav,lsp-arctan,2,0,2,3,13.292365801948186,5.005872107125804
les_bridge_fing23__d2t3__00013.wav,byod-mxr,les_bridge_fing23,0.0020284653,les_neck_pick03__d0t4__00004.wav,pedalboard-tanh,2,0,3,4,13.292365801948186,5.0
les_bridge_fing23__d2t4__00014.wav,byod-mxr,les_bridge_fing23,0.0020103455,les_neck_fing01__d0t4__00004.wav,lsp-hardclip,2,0,4,4,13.292365801948186,5.063331073032135
les_bridge_fing23__d3t0__00015.wav,byod-mxr,les_bridge_fing23,0.0010730624,les_bridge_fing24__d1t3__00008.wav,lsp-sine,3,1,0,3,17.452308155418716,9.202349861352678
les_bridge_fing23__d3t1__00016.wav,byod-mxr,les_bridge_fing23,0.002798736,les_bridge_pick17__d2t3__00013.wav,lsp-arctan,3,2,1,3,17.452308155418716,13.270071970821393
les_bridge_fing23__d3t2__00017.wav,byod-mxr,les_bridge_fing23,0.003918886,les_neck_pick03__d3t3__00018.wav,lsp-sine,3,3,2,3,17.452308155418716,17.46073355198249
les_bridge_fing23__d3t3__00018.wav,byod-mxr,les_bridge_fing23,0.005704224,les_neck_pick05__d3t3__00018.wav,lsp-hardclip,3,3,3,3,17.452308155418716,17.563088337099366
les_bridge_fing23__d3t4__00019.wav,byod-mxr,les_bridge_fing23,0.0056030154,les_neck_fing01__d3t4__00019.wav,lsp-arctan,3,3,4,4,17.452308155418716,17.436825605717576
les_bridge_fing23__d4t0__00020.wav,byod-mxr,les_bridge_fing23,0.004284799,les_bridge_fing17__d3t1__00016.wav,lsp-hardclip,4,3,0,1,21.62039317761596,17.563088337099366
les_bridge_fing23__d4t1__00021.wav,byod-mxr,les_bridge_fing23,0.004954636,les_neck_pick02__d3t2__00017.wav,lsp-hardclip,4,3,1,2,21.62039317761596,17.563088337099366
les_bridge_fing23__d4t2__00022.wav,byod-mxr,les_bridge_fing23,0.0034755468,les_bridge_fing17__d3t3__00018.wav,lsp-sine,4,3,2,3,21.62039317761596,17.46073355198249
les_bridge_fing23__d4t3__00023.wav,byod-mxr,les_bridge_fing23,0.004167676,les_neck_fing01__d3t4__00019.wav,lsp-sine,4,3,3,4,21.62039317761596,17.46073355198249
les_bridge_fing23__d4t4__00024.wav,byod-mxr,les_bridge_fing23,0.0042277575,les_neck_pick21__d4t4__00024.wav,lsp-sine,4,4,4,4,21.62039317761596,21.652716208419097
les_bridge_fing23__d5t0__00025.wav,byod-mxr,les_bridge_fing23,0.007255912,les_bridge_fing20__d3t3__00018.wav,lsp-hardclip,5,3,0,3,25.779078975465445,17.563088337099366
les_bridge_fing23__d5t1__00026.wav,byod-mxr,les_bridge_fing23,0.0071465373,les_bridge_pick22__d4t3__00023.wav,lsp-arctan,5,4,1,3,25.779078975465445,21.613326710488973
les_bridge_fing23__d5t2__00027.wav,byod-mxr,les_bridge_fing23,0.0045693517,les_neck_pick04__d5t3__00028.wav,lsp-hardclip,5,5,2,3,25.779078975465445,25.79865436059077
les_bridge_fing23__d5t3__00028.wav,byod-mxr,les_bridge_fing23,0.0035306811,les_neck_pick09__d5t4__00029.wav,lsp-arctan,5,5,3,4,25.779078975465445,25.788497067568912
les_bridge_fing23__d5t4__00029.wav,byod-mxr,les_bridge_fing23,0.0051677227,les_neck_pick09__d6t4__00034.wav,lsp-sine,5,6,4,4,25.779078975465445,29.915327656251563
les_bridge_fing23__d6t0__00030.wav,byod-mxr,les_bridge_fing23,0.007387936,les_bridge_pick16__d5t2__00027.wav,lsp-hardclip,6,5,0,2,29.91150927100104,25.79865436059077
les_bridge_fing23__d6t1__00031.wav,byod-mxr,les_bridge_fing23,0.0041829348,les_neck_pick04__d5t3__00028.wav,byod-bigmuff,6,5,1,3,29.91150927100104,25.77210742134771
les_bridge_fing23__d6t2__00032.wav,byod-mxr,les_bridge_fing23,0.0025663376,les_bridge_pick17__d6t3__00033.wav,lsp-hardclip,6,6,2,3,29.91150927100104,29.908667593492765
les_bridge_fing23__d6t3__00033.wav,byod-mxr,les_bridge_fing23,0.0032123327,les_bridge_fing17__d7t2__00037.wav,lsp-sine,6,7,3,2,29.91150927100104,34.094517939627885
les_bridge_fing23__d6t4__00034.wav,byod-mxr,les_bridge_fing23,0.0011379719,les_neck_pick14__d7t2__00037.wav,pedalboard-tanh,6,7,4,2,29.91150927100104,34.075823464139134
les_bridge_fing23__d7t0__00035.wav,byod-mxr,les_bridge_fing23,0.005451679,les_neck_pick07__d6t4__00034.wav,lsp-arctan,7,6,0,4,34.08156088036171,29.91872954355242
les_bridge_fing23__d7t1__00036.wav,byod-mxr,les_bridge_fing23,0.006273806,les_bridge_fing20__d5t3__00028.wav,byod-bigmuff,7,5,1,3,34.08156088036171,25.77210742134771
les_bridge_fing23__d7t2__00037.wav,byod-mxr,les_bridge_fing23,0.0023858547,les_bridge_pick25__d6t4__00034.wav,lsp-arctan,7,6,2,4,34.08156088036171,29.91872954355242
les_bridge_fing23__d7t3__00038.wav,byod-mxr,les_bridge_fing23,0.0017739534,les_neck_pick21__d7t4__00039.wav,lsp-hardclip,7,7,3,4,34.08156088036171,34.07942205160116
les_bridge_fing23__d7t4__00039.wav,byod-mxr,les_bridge_fing23,0.0018309951,les_bridge_fing20__d7t4__00039.wav,lsp-sine,7,7,4,4,34.08156088036171,34.094517939627885
les_bridge_pick04__d0t0__00000.wav,byod-mxr,les_bridge_pick04,0.002837479,les_bridge_fing24__d1t4__00009.wav,pedalboard-tanh,0,1,0,4,5.0,9.146047429418331
les_bridge_pick04__d0t1__00001.wav,byod-mxr,les_bridge_pick04,0.0023502707,les_neck_fing01__d2t2__00012.wav,lsp-arctan,0,2,1,2,5.0,13.270071970821393
les_bridge_pick04__d0t2__00002.wav,byod-mxr,les_bridge_pick04,0.0015930533,les_neck_fing01__d1t3__00008.wav,lsp-sine,0,1,2,3,5.0,9.202349861352678
les_bridge_pick04__d0t3__00003.wav,byod-mxr,les_bridge_pick04,0.0009976029,les_neck_pick21__d2t3__00013.wav,lsp-tanh,0,2,3,3,5.0,13.297259315581634
les_bridge_pick04__d0t4__00004.wav,byod-mxr,les_bridge_pick04,0.0022964478,les_neck_pick21__d0t4__00004.wav,lsp-hardclip,0,0,4,4,5.0,5.063331073032135
les_bridge_pick04__d1t0__00005.wav,byod-mxr,les_bridge_pick04,0.0024569035,les_bridge_fing17__d0t2__00002.wav,lsp-arctan,1,0,0,2,9.107670514338215,5.005872107125804
les_bridge_pick04__d1t1__00006.wav,byod-mxr,les_bridge_pick04,0.001709938,les_neck_pick05__d0t2__00002.wav,lsp-hardclip,1,0,1,2,9.107670514338215,5.063331073032135
les_bridge_pick04__d1t2__00007.wav,byod-mxr,les_bridge_pick04,0.0015065074,les_neck_pick05__d1t3__00008.wav,lsp-sine,1,1,2,3,9.107670514338215,9.202349861352678
les_bridge_pick04__d1t3__00008.wav,byod-mxr,les_bridge_pick04,0.001912713,les_neck_fing01__d2t4__00014.wav,lsp-arctan,1,2,3,4,9.107670514338215,13.270071970821393
les_bridge_pick04__d1t4__00009.wav,byod-mxr,les_bridge_pick04,0.0020247102,les_neck_pick21__d1t4__00009.wav,lsp-hardclip,1,1,4,4,9.107670514338215,9.35456396552498
les_bridge_pick04__d2t0__00010.wav,byod-mxr,les_bridge_pick04,0.0024068356,les_bridge_pick22__d1t4__00009.wav,lsp-tanh,2,1,0,4,13.292365801948186,9.088421535688989
les_bridge_pick04__d2t1__00011.wav,byod-mxr,les_bridge_pick04,0.0017603636,les_neck_pick04__d2t3__00013.wav,pedalboard-tanh,2,2,1,3,13.292365801948186,13.296816138037473
les_bridge_pick04__d2t2__00012.wav,byod-mxr,les_bridge_pick04,0.0010226965,les_neck_pick05__d0t3__00003.wav,lsp-hardclip,2,0,2,3,13.292365801948186,5.063331073032135
les_bridge_pick04__d2t3__00013.wav,byod-mxr,les_bridge_pick04,0.0018361211,les_neck_pick05__d1t4__00009.wav,lsp-hardclip,2,1,3,4,13.292365801948186,9.35456396552498
les_bridge_pick04__d2t4__00014.wav,byod-mxr,les_bridge_pick04,0.0020900369,les_neck_pick21__d2t4__00014.wav,lsp-hardclip,2,2,4,4,13.292365801948186,13.55142968534178
les_bridge_pick04__d3t0__00015.wav,byod-mxr,les_bridge_pick04,0.004987657,les_neck_pick04__d2t2__00012.wav,lsp-hardclip,3,2,0,2,17.452308155418716,13.55142968534178
les_bridge_pick04__d3t1__00016.wav,byod-mxr,les_bridge_pick04,0.0020684004,les_neck_pick02__d2t3__00013.wav,lsp-tanh,3,2,1,3,17.452308155418716,13.297259315581634
les_bridge_pick04__d3t2__00017.wav,byod-mxr,les_bridge_pick04,0.002593577,les_bridge_fing17__d2t4__00014.wav,lsp-sine,3,2,2,4,17.452308155418716,13.251366385956809
les_bridge_pick04__d3t3__00018.wav,byod-mxr,les_bridge_pick04,0.003955424,les_neck_pick21__d2t4__00014.wav,lsp-hardclip,3,2,3,4,17.452308155418716,13.55142968534178
les_bridge_pick04__d3t4__00019.wav,byod-mxr,les_bridge_pick04,0.0065351725,les_neck_pick14__d2t4__00014.wav,lsp-sine,3,2,4,4,17.452308155418716,13.251366385956809
les_bridge_pick04__d4t0__00020.wav,byod-mxr,les_bridge_pick04,0.0074112415,les_bridge_pick25__d3t3__00018.wav,pedalboard-tanh,4,3,0,3,21.62039317761596,17.454399305827287
les_bridge_pick04__d4t1__00021.wav,byod-mxr,les_bridge_pick04,0.005178392,les_neck_pick04__d3t3__00018.wav,lsp-arctan,4,3,1,3,21.62039317761596,17.436825605717576
les_bridge_pick04__d4t2__00022.wav,byod-mxr,les_bridge_pick04,0.003907144,les_neck_pick02__d3t4__00019.wav,pedalboard-tanh,4,3,2,4,21.62039317761596,17.454399305827287
les_bridge_pick04__d4t3__00023.wav,byod-mxr,les_bridge_pick04,0.0054792166,les_neck_pick21__d3t4__00019.wav,lsp-sine,4,3,3,4,21.62039317761596,17.46073355198249
les_bridge_pick04__d4t4__00024.wav,byod-mxr,les_bridge_pick04,0.004745841,les_neck_pick21__d4t4__00024.wav,lsp-tanh,4,4,4,4,21.62039317761596,21.61115826291455
les_bridge_pick04__d5t0__00025.wav,byod-mxr,les_bridge_pick04,0.0063774586,les_bridge_fing24__d4t4__00024.wav,lsp-hardclip,5,4,0,4,25.779078975465445,21.54643860361127
les_bridge_pick04__d5t1__00026.wav,byod-mxr,les_bridge_pick04,0.005592108,les_neck_pick21__d4t2__00022.wav,lsp-tanh,5,4,1,2,25.779078975465445,21.61115826291455
les_bridge_pick04__d5t2__00027.wav,byod-mxr,les_bridge_pick04,0.0024387836,les_neck_pick21__d4t3__00023.wav,lsp-sine,5,4,2,3,25.779078975465445,21.652716208419097
les_bridge_pick04__d5t3__00028.wav,byod-mxr,les_bridge_pick04,0.0065404177,les_neck_pick14__d4t4__00024.wav,lsp-hardclip,5,4,3,4,25.779078975465445,21.54643860361127
les_bridge_pick04__d5t4__00029.wav,byod-mxr,les_bridge_pick04,0.0057135224,les_neck_pick14__d5t4__00029.wav,lsp-sine,5,5,4,4,25.779078975465445,25.7855895742644
les_bridge_pick04__d6t0__00030.wav,byod-mxr,les_bridge_pick04,0.00626266,les_neck_fing01__d4t2__00022.wav,byod-bigmuff,6,4,0,2,29.91150927100104,21.5884141303546
les_bridge_pick04__d6t1__00031.wav,byod-mxr,les_bridge_pick04,0.00496763,les_bridge_pick17__d4t4__00024.wav,lsp-arctan,6,4,1,4,29.91150927100104,21.613326710488973
les_bridge_pick04__d6t2__00032.wav,byod-mxr,les_bridge_pick04,0.0044563413,les_bridge_fing17__d5t4__00029.wav,lsp-sine,6,5,2,4,29.91150927100104,25.7855895742644
les_bridge_pick04__d6t3__00033.wav,byod-mxr,les_bridge_pick04,0.0067204237,les_neck_pick14__d5t3__00028.wav,lsp-tanh,6,5,3,3,29.91150927100104,25.766463780707188
les_bridge_pick04__d6t4__00034.wav,byod-mxr,les_bridge_pick04,0.0069109797,les_neck_pick14__d6t3__00033.wav,lsp-sine,6,6,4,3,29.91150927100104,29.915327656251563
les_bridge_pick04__d7t0__00035.wav,byod-mxr,les_bridge_pick04,0.007160902,les_bridge_pick16__d6t2__00032.wav,lsp-hardclip,7,6,0,2,34.08156088036171,29.908667593492765
les_bridge_pick04__d7t1__00036.wav,byod-mxr,les_bridge_pick04,0.0042416453,les_neck_pick11__d6t3__00033.wav,lsp-hardclip,7,6,1,3,34.08156088036171,29.908667593492765
les_bridge_pick04__d7t2__00037.wav,byod-mxr,les_bridge_pick04,0.0029951334,les_neck_pick14__d6t2__00032.wav,lsp-arctan,7,6,2,2,34.08156088036171,29.91872954355242
les_bridge_pick04__d7t3__00038.wav,byod-mxr,les_bridge_pick04,0.0015524626,les_bridge_fing17__d7t3__00038.wav,lsp-arctan,7,7,3,3,34.08156088036171,34.09435618625095
les_bridge_pick04__d7t4__00039.wav,byod-mxr,les_bridge_pick04,0.0015258789,les_bridge_fing17__d7t4__00039.wav,lsp-arctan,7,7,4,4,34.08156088036171,34.09435618625095
les_bridge_pick09__d0t0__00000.wav,byod-mxr,les_bridge_pick09,0.0015664101,les_neck_fing15__d0t1__00001.wav,byod-bigmuff,0,0,0,1,5.0,5.044777586688817
les_bridge_pick09__d0t1__00001.wav,byod-mxr,les_bridge_pick09,0.0020973682,les_bridge_fing20__d1t1__00006.wav,lsp-arctan,0,1,1,1,5.0,9.170316408518453
les_bridge_pick09__d0t2__00002.wav,byod-mxr,les_bridge_pick09,0.00055903196,les_bridge_fing17__d0t0__00000.wav,lsp-arctan,0,0,2,0,5.0,5.005872107125804
les_bridge_pick09__d0t3__00003.wav,byod-mxr,les_bridge_pick09,0.001617372,les_bridge_fing17__d0t1__00001.wav,lsp-tanh,0,0,3,1,5.0,5.0
les_bridge_pick09__d0t4__00004.wav,byod-mxr,les_bridge_pick09,0.001354456,les_bridge_pick22__d1t3__00008.wav,lsp-sine,0,1,4,3,5.0,9.202349861352678
les_bridge_pick09__d1t0__00005.wav,byod-mxr,les_bridge_pick09,0.0014522076,les_neck_fing15__d0t1__00001.wav,byod-bigmuff,1,0,0,1,9.107670514338215,5.044777586688817
les_bridge_pick09__d1t1__00006.wav,byod-mxr,les_bridge_pick09,0.0036873817,les_neck_pick12__d2t1__00011.wav,lsp-hardclip,1,2,1,1,9.107670514338215,13.55142968534178
les_bridge_pick09__d1t2__00007.wav,byod-mxr,les_bridge_pick09,0.0015883446,les_bridge_fing17__d2t0__00010.wav,lsp-hardclip,1,2,2,0,9.107670514338215,13.55142968534178
les_bridge_pick09__d1t3__00008.wav,byod-mxr,les_bridge_pick09,0.0015167594,les_bridge_fing17__d2t1__00011.wav,lsp-arctan,1,2,3,1,9.107670514338215,13.270071970821393
les_bridge_pick09__d1t4__00009.wav,byod-mxr,les_bridge_pick09,0.0030133724,les_neck_fing01__d3t1__00016.wav,lsp-arctan,1,3,4,1,9.107670514338215,17.436825605717576
les_bridge_pick09__d2t0__00010.wav,byod-mxr,les_bridge_pick09,0.0015425086,les_bridge_fing21__d0t0__00000.wav,lsp-hardclip,2,0,0,0,13.292365801948186,5.063331073032135
les_bridge_pick09__d2t1__00011.wav,byod-mxr,les_bridge_pick09,0.0022780895,les_neck_pick09__d0t0__00000.wav,lsp-arctan,2,0,1,0,13.292365801948186,5.005872107125804
les_bridge_pick09__d2t2__00012.wav,byod-mxr,les_bridge_pick09,0.0018349886,les_bridge_fing24__d2t2__00012.wav,lsp-sine,2,2,2,2,13.292365801948186,13.251366385956809
les_bridge_pick09__d2t3__00013.wav,byod-mxr,les_bridge_pick09,0.0028114915,les_bridge_fing24__d2t3__00013.wav,lsp-sine,2,2,3,3,13.292365801948186,13.251366385956809
les_bridge_pick09__d2t4__00014.wav,byod-mxr,les_bridge_pick09,0.0018820167,les_bridge_pick22__d2t3__00013.wav,lsp-sine,2,2,4,3,13.292365801948186,13.251366385956809
les_bridge_pick09__d3t0__00015.wav,byod-mxr,les_bridge_pick09,0.0015090108,les_neck_pick07__d3t1__00016.wav,lsp-arctan,3,3,0,1,17.452308155418716,17.436825605717576
les_bridge_pick09__d3t1__00016.wav,byod-mxr,les_bridge_pick09,0.00060617924,les_bridge_fing24__d3t1__00016.wav,lsp-arctan,3,3,1,1,17.452308155418716,17.436825605717576
les_bridge_pick09__d3t2__00017.wav,byod-mxr,les_bridge_pick09,0.0022836924,les_neck_pick09__d3t1__00016.wav,lsp-tanh,3,3,2,1,17.452308155418716,17.426284440144894
les_bridge_pick09__d3t3__00018.wav,byod-mxr,les_bridge_pick09,0.0061889887,les_neck_pick12__d3t4__00019.wav,lsp-tanh,3,3,3,4,17.452308155418716,17.426284440144894
les_bridge_pick09__d3t4__00019.wav,byod-mxr,les_bridge_pick09,0.0015161633,les_bridge_pick25__d3t3__00018.wav,lsp-arctan,3,3,4,3,17.452308155418716,17.436825605717576
les_bridge_pick09__d4t0__00020.wav,byod-mxr,les_bridge_pick09,0.0010394454,les_neck_pick12__d4t0__00020.wav,lsp-tanh,4,4,0,0,21.62039317761596,21.61115826291455
les_bridge_pick09__d4t1__00021.wav,byod-mxr,les_bridge_pick09,0.0015566349,les_bridge_pick17__d4t0__00020.wav,lsp-tanh,4,4,1,0,21.62039317761596,21.61115826291455
les_bridge_pick09__d4t2__00022.wav,byod-mxr,les_bridge_pick09,0.0019531846,les_bridge_pick17__d4t1__00021.wav,lsp-sine,4,4,2,1,21.62039317761596,21.652716208419097
les_bridge_pick09__d4t3__00023.wav,byod-mxr,les_bridge_pick09,0.0031167269,les_bridge_pick16__d4t2__00022.wav,lsp-sine,4,4,3,2,21.62039317761596,21.652716208419097
les_bridge_pick09__d4t4__00024.wav,byod-mxr,les_bridge_pick09,0.0059977174,les_neck_pick11__d4t3__00023.wav,pedalboard-tanh,4,4,4,3,21.62039317761596,21.61638024087312
les_bridge_pick09__d5t0__00025.wav,byod-mxr,les_bridge_pick09,0.0011494756,les_neck_pick12__d4t0__00020.wav,byod-bigmuff,5,4,0,0,25.779078975465445,21.5884141303546
les_bridge_pick09__d5t1__00026.wav,byod-mxr,les_bridge_pick09,0.0030702949,les_bridge_fing20__d5t0__00025.wav,lsp-sine,5,5,1,0,25.779078975465445,25.7855895742644
les_bridge_pick09__d5t2__00027.wav,byod-mxr,les_bridge_pick09,0.0032703876,les_neck_pick12__d4t2__00022.wav,byod-bigmuff,5,4,2,2,25.779078975465445,21.5884141303546
les_bridge_pick09__d5t3__00028.wav,byod-mxr,les_bridge_pick09,0.0045847893,les_bridge_pick16__d5t2__00027.wav,lsp-sine,5,5,3,2,25.779078975465445,25.7855895742644
les_bridge_pick09__d5t4__00029.wav,byod-mxr,les_bridge_pick09,0.0033774972,les_bridge_fing20__d2t4__00014.wav,byod-bigmuff,5,2,4,4,25.779078975465445,13.312631977514853
les_bridge_pick09__d6t0__00030.wav,byod-mxr,les_bridge_pick09,0.0050604343,les_bridge_pick16__d5t0__00025.wav,pedalboard-tanh,6,5,0,0,29.91150927100104,25.782351420955937
les_bridge_pick09__d6t1__00031.wav,byod-mxr,les_bridge_pick09,0.0044808984,les_bridge_pick25__d6t0__00030.wav,pedalboard-tanh,6,6,1,0,29.91150927100104,29.92239131554786
les_bridge_pick09__d6t2__00032.wav,byod-mxr,les_bridge_pick09,0.0029549003,les_neck_pick02__d6t1__00031.wav,lsp-arctan,6,6,2,1,29.91150927100104,29.91872954355242
les_bridge_pick09__d6t3__00033.wav,byod-mxr,les_bridge_pick09,0.0044733286,les_bridge_pick22__d6t3__00033.wav,lsp-arctan,6,6,3,3,29.91150927100104,29.91872954355242
les_bridge_pick09__d6t4__00034.wav,byod-mxr,les_bridge_pick09,0.0049054623,les_bridge_fing20__d6t2__00032.wav,lsp-tanh,6,6,4,2,29.91150927100104,29.89601395521624
les_bridge_pick09__d7t0__00035.wav,byod-mxr,les_bridge_pick09,0.0068081617,les_bridge_fing20__d6t0__00030.wav,byod-bigmuff,7,6,0,0,34.08156088036171,29.9151414217934
les_bridge_pick09__d7t1__00036.wav,byod-mxr,les_bridge_pick09,0.0018469095,les_bridge_pick25__d7t0__00035.wav,lsp-tanh,7,7,1,0,34.08156088036171,34.0729352593394
les_bridge_pick09__d7t2__00037.wav,byod-mxr,les_bridge_pick09,0.0025693774,les_neck_pick21__d7t1__00036.wav,lsp-tanh,7,7,2,1,34.08156088036171,34.0729352593394
les_bridge_pick09__d7t3__00038.wav,byod-mxr,les_bridge_pick09,0.002204895,les_bridge_pick25__d6t3__00033.wav,lsp-arctan,7,6,3,3,34.08156088036171,29.91872954355242
les_bridge_pick09__d7t4__00039.wav,byod-mxr,les_bridge_pick09,0.0013224483,les_bridge_pick22__d7t4__00039.wav,pedalboard-tanh,7,7,4,4,34.08156088036171,34.075823464139134
les_bridge_pick12__d0t0__00000.wav,byod-mxr,les_bridge_pick12,0.001959145,les_neck_pick12__d1t0__00005.wav,lsp-arctan,0,1,0,0,5.0,9.170316408518453
les_bridge_pick12__d0t1__00001.wav,byod-mxr,les_bridge_pick12,0.000505805,les_bridge_fing20__d2t0__00010.wav,lsp-arctan,0,2,1,0,5.0,13.270071970821393
les_bridge_pick12__d0t2__00002.wav,byod-mxr,les_bridge_pick12,0.0020646453,les_bridge_pick16__d1t1__00006.wav,lsp-arctan,0,1,2,1,5.0,9.170316408518453
les_bridge_pick12__d0t3__00003.wav,byod-mxr,les_bridge_pick12,0.0005970001,les_bridge_pick25__d0t1__00001.wav,lsp-arctan,0,0,3,1,5.0,5.005872107125804
les_bridge_pick12__d0t4__00004.wav,byod-mxr,les_bridge_pick12,0.00059211254,les_bridge_fing17__d0t0__00000.wav,lsp-sine,0,0,4,0,5.0,5.041347474059023
les_bridge_pick12__d1t0__00005.wav,byod-mxr,les_bridge_pick12,0.0012329817,les_neck_pick07__d4t0__00020.wav,lsp-sine,1,4,0,0,9.107670514338215,21.652716208419097
les_bridge_pick12__d1t1__00006.wav,byod-mxr,les_bridge_pick12,0.00041604042,les_bridge_fing20__d2t0__00010.wav,pedalboard-tanh,1,2,1,0,9.107670514338215,13.296816138037473
les_bridge_pick12__d1t2__00007.wav,byod-mxr,les_bridge_pick12,0.0013733506,les_bridge_fing20__d1t1__00006.wav,lsp-sine,1,1,2,1,9.107670514338215,9.202349861352678
les_bridge_pick12__d1t3__00008.wav,byod-mxr,les_bridge_pick12,0.0018395782,les_bridge_pick25__d1t1__00006.wav,lsp-hardclip,1,1,3,1,9.107670514338215,9.35456396552498
les_bridge_pick12__d1t4__00009.wav,byod-mxr,les_bridge_pick12,0.0015457273,les_neck_fing15__d5t0__00025.wav,lsp-sine,1,5,4,0,9.107670514338215,25.7855895742644
les_bridge_pick12__d2t0__00010.wav,byod-mxr,les_bridge_pick12,0.0016802549,les_neck_pick07__d5t0__00025.wav,lsp-hardclip,2,5,0,0,13.292365801948186,25.79865436059077
les_bridge_pick12__d2t1__00011.wav,byod-mxr,les_bridge_pick12,0.0012122989,les_neck_pick07__d0t1__00001.wav,lsp-sine,2,0,1,1,13.292365801948186,5.041347474059023
les_bridge_pick12__d2t2__00012.wav,byod-mxr,les_bridge_pick12,0.0023975968,les_bridge_fing24__d2t1__00011.wav,lsp-arctan,2,2,2,1,13.292365801948186,13.270071970821393
les_bridge_pick12__d2t3__00013.wav,byod-mxr,les_bridge_pick12,0.001996696,les_bridge_pick17__d2t0__00010.wav,lsp-hardclip,2,2,3,0,13.292365801948186,13.55142968534178
les_bridge_pick12__d2t4__00014.wav,byod-mxr,les_bridge_pick12,0.0038449168,les_neck_pick12__d3t2__00017.wav,lsp-hardclip,2,3,4,2,13.292365801948186,17.563088337099366
les_bridge_pick12__d3t0__00015.wav,byod-mxr,les_bridge_pick12,0.00067293644,les_bridge_fing21__d2t0__00010.wav,lsp-tanh,3,2,0,0,17.452308155418716,13.297259315581634
les_bridge_pick12__d3t1__00016.wav,byod-mxr,les_bridge_pick12,0.0015544891,les_neck_pick07__d4t1__00021.wav,lsp-sine,3,4,1,1,17.452308155418716,21.652716208419097
les_bridge_pick12__d3t2__00017.wav,byod-mxr,les_bridge_pick12,0.0014102459,les_bridge_fing24__d3t1__00016.wav,lsp-arctan,3,3,2,1,17.452308155418716,17.436825605717576
les_bridge_pick12__d3t3__00018.wav,byod-mxr,les_bridge_pick12,0.0043991804,les_bridge_fing17__d5t0__00025.wav,lsp-hardclip,3,5,3,0,17.452308155418716,25.79865436059077
les_bridge_pick12__d3t4__00019.wav,byod-mxr,les_bridge_pick12,0.009961724,les_neck_pick21__d4t2__00022.wav,byod-bigmuff,3,4,4,2,17.452308155418716,21.5884141303546
les_bridge_pick12__d4t0__00020.wav,byod-mxr,les_bridge_pick12,0.0011464357,les_bridge_fing17__d0t0__00000.wav,byod-bigmuff,4,0,0,0,21.62039317761596,5.044777586688817
les_bridge_pick12__d4t1__00021.wav,byod-mxr,les_bridge_pick12,0.0017277598,les_neck_pick11__d4t0__00020.wav,lsp-arctan,4,4,1,0,21.62039317761596,21.613326710488973
les_bridge_pick12__d4t2__00022.wav,byod-mxr,les_bridge_pick12,0.0017006397,les_bridge_pick22__d4t1__00021.wav,lsp-sine,4,4,2,1,21.62039317761596,21.652716208419097
les_bridge_pick12__d4t3__00023.wav,byod-mxr,les_bridge_pick12,0.004897237,les_neck_pick04__d5t1__00026.wav,lsp-hardclip,4,5,3,1,21.62039317761596,25.79865436059077
les_bridge_pick12__d4t4__00024.wav,byod-mxr,les_bridge_pick12,0.0052978396,les_bridge_fing20__d4t3__00023.wav,lsp-hardclip,4,4,4,3,21.62039317761596,21.54643860361127
les_bridge_pick12__d5t0__00025.wav,byod-mxr,les_bridge_pick12,0.0011935234,les_neck_pick11__d4t0__00020.wav,byod-bigmuff,5,4,0,0,25.779078975465445,21.5884141303546
les_bridge_pick12__d5t1__00026.wav,byod-mxr,les_bridge_pick12,0.0044829845,les_bridge_pick17__d5t0__00025.wav,lsp-hardclip,5,5,1,0,25.779078975465445,25.79865436059077
les_bridge_pick12__d5t2__00027.wav,byod-mxr,les_bridge_pick12,0.0037822723,les_bridge_pick17__d5t1__00026.wav,lsp-sine,5,5,2,1,25.779078975465445,25.7855895742644
les_bridge_pick12__d5t3__00028.wav,byod-mxr,les_bridge_pick12,0.0048816204,les_bridge_pick17__d5t2__00027.wav,lsp-hardclip,5,5,3,2,25.779078975465445,25.79865436059077
les_bridge_pick12__d5t4__00029.wav,byod-mxr,les_bridge_pick12,0.004600823,les_neck_pick03__d5t3__00028.wav,byod-bigmuff,5,5,4,3,25.779078975465445,25.77210742134771
les_bridge_pick12__d6t0__00030.wav,byod-mxr,les_bridge_pick12,0.0015462041,les_bridge_pick22__d6t0__00030.wav,lsp-hardclip,6,6,0,0,29.91150927100104,29.908667593492765
les_bridge_pick12__d6t1__00031.wav,byod-mxr,les_bridge_pick12,0.0034484267,les_bridge_pick17__d5t1__00026.wav,lsp-arctan,6,5,1,1,29.91150927100104,25.788497067568912
les_bridge_pick12__d6t2__00032.wav,byod-mxr,les_bridge_pick12,0.00428468,les_bridge_pick17__d5t2__00027.wav,lsp-arctan,6,5,2,2,29.91150927100104,25.788497067568912
les_bridge_pick12__d6t3__00033.wav,byod-mxr,les_bridge_pick12,0.003557086,les_bridge_pick25__d5t4__00029.wav,lsp-arctan,6,5,3,4,29.91150927100104,25.788497067568912
les_bridge_pick12__d6t4__00034.wav,byod-mxr,les_bridge_pick12,0.0026968122,les_neck_pick14__d6t3__00033.wav,byod-bigmuff,6,6,4,3,29.91150927100104,29.9151414217934
les_bridge_pick12__d7t0__00035.wav,byod-mxr,les_bridge_pick12,0.004679382,les_neck_pick12__d7t0__00035.wav,byod-bigmuff,7,7,0,0,34.08156088036171,34.074932620854284
les_bridge_pick12__d7t1__00036.wav,byod-mxr,les_bridge_pick12,0.004936695,les_bridge_fing17__d7t0__00035.wav,lsp-arctan,7,7,1,0,34.08156088036171,34.09435618625095
les_bridge_pick12__d7t2__00037.wav,byod-mxr,les_bridge_pick12,0.0039207935,les_neck_pick12__d6t4__00034.wav,lsp-hardclip,7,6,2,4,34.08156088036171,29.908667593492765
les_bridge_pick12__d7t3__00038.wav,byod-mxr,les_bridge_pick12,0.002156794,les_bridge_fing20__d5t4__00029.wav,byod-bigmuff,7,5,3,4,34.08156088036171,25.77210742134771
les_bridge_pick12__d7t4__00039.wav,byod-mxr,les_bridge_pick12,0.0015206933,les_neck_pick09__d7t4__00039.wav,lsp-arctan,7,7,4,4,34.08156088036171,34.09435618625095
les_bridge_pick21__d0t0__00000.wav,byod-mxr,les_bridge_pick21,0.0029916167,les_neck_pick12__d0t3__00003.wav,lsp-sine,0,0,0,3,5.0,5.041347474059023
les_bridge_pick21__d0t1__00001.wav,byod-mxr,les_bridge_pick21,0.0027829409,les_bridge_pick25__d0t3__00003.wav,lsp-arctan,0,0,1,3,5.0,5.005872107125804
les_bridge_pick21__d0t2__00002.wav,byod-mxr,les_bridge_pick21,0.0024552941,les_neck_pick21__d1t2__00007.wav,lsp-sine,0,1,2,2,5.0,9.202349861352678
les_bridge_pick21__d0t3__00003.wav,byod-mxr,les_bridge_pick21,0.0012366772,les_neck_fing01__d1t3__00008.wav,pedalboard-tanh,0,1,3,3,5.0,9.146047429418331
les_bridge_pick21__d0t4__00004.wav,byod-mxr,les_bridge_pick21,0.0013046861,les_neck_pick02__d0t4__00004.wav,lsp-sine,0,0,4,4,5.0,5.041347474059023
les_bridge_pick21__d1t0__00005.wav,byod-mxr,les_bridge_pick21,0.0018791556,les_bridge_pick25__d0t2__00002.wav,lsp-sine,1,0,0,2,9.107670514338215,5.041347474059023
les_bridge_pick21__d1t1__00006.wav,byod-mxr,les_bridge_pick21,0.0035905242,les_bridge_pick17__d0t3__00003.wav,lsp-tanh,1,0,1,3,9.107670514338215,5.0
les_bridge_pick21__d1t2__00007.wav,byod-mxr,les_bridge_pick21,0.0029019713,les_neck_pick05__d0t2__00002.wav,lsp-tanh,1,0,2,2,9.107670514338215,5.0
les_bridge_pick21__d1t3__00008.wav,byod-mxr,les_bridge_pick21,0.0015559196,les_neck_fing01__d1t3__00008.wav,lsp-arctan,1,1,3,3,9.107670514338215,9.170316408518453
les_bridge_pick21__d1t4__00009.wav,byod-mxr,les_bridge_pick21,0.0013951063,les_neck_fing01__d0t4__00004.wav,lsp-sine,1,0,4,4,9.107670514338215,5.041347474059023
les_bridge_pick21__d2t0__00010.wav,byod-mxr,les_bridge_pick21,0.0024220347,les_bridge_pick25__d0t2__00002.wav,pedalboard-tanh,2,0,0,2,13.292365801948186,5.0
les_bridge_pick21__d2t1__00011.wav,byod-mxr,les_bridge_pick21,0.0047154427,les_bridge_fing24__d1t4__00009.wav,pedalboard-tanh,2,1,1,4,13.292365801948186,9.146047429418331
les_bridge_pick21__d2t2__00012.wav,byod-mxr,les_bridge_pick21,0.0030764937,les_neck_pick05__d0t2__00002.wav,lsp-tanh,2,0,2,2,13.292365801948186,5.0
les_bridge_pick21__d2t3__00013.wav,byod-mxr,les_bridge_pick21,0.0025065541,les_neck_fing01__d0t4__00004.wav,pedalboard-tanh,2,0,3,4,13.292365801948186,5.0
les_bridge_pick21__d2t4__00014.wav,byod-mxr,les_bridge_pick21,0.0029383302,les_neck_fing01__d1t4__00009.wav,pedalboard-tanh,2,1,4,4,13.292365801948186,9.146047429418331
les_bridge_pick21__d3t0__00015.wav,byod-mxr,les_bridge_pick21,0.0038143992,les_neck_pick04__d2t1__00011.wav,lsp-tanh,3,2,0,1,17.452308155418716,13.297259315581634
les_bridge_pick21__d3t1__00016.wav,byod-mxr,les_bridge_pick21,0.0046488047,les_neck_pick02__d1t2__00007.wav,lsp-sine,3,1,1,2,17.452308155418716,9.202349861352678
les_bridge_pick21__d3t2__00017.wav,byod-mxr,les_bridge_pick21,0.003647983,les_neck_pick02__d1t3__00008.wav,lsp-sine,3,1,2,3,17.452308155418716,9.202349861352678
les_bridge_pick21__d3t3__00018.wav,byod-mxr,les_bridge_pick21,0.0033878088,les_neck_fing01__d1t4__00009.wav,lsp-tanh,3,1,3,4,17.452308155418716,9.088421535688989
les_bridge_pick21__d3t4__00019.wav,byod-mxr,les_bridge_pick21,0.0038999915,les_neck_pick21__d0t4__00004.wav,lsp-hardclip,3,0,4,4,17.452308155418716,5.063331073032135
les_bridge_pick21__d4t0__00020.wav,byod-mxr,les_bridge_pick21,0.008428752,les_neck_pick21__d0t3__00003.wav,byod-bigmuff,4,0,0,3,21.62039317761596,5.044777586688817
les_bridge_pick21__d4t1__00021.wav,byod-mxr,les_bridge_pick21,0.0048239827,les_neck_pick03__d0t4__00004.wav,byod-bigmuff,4,0,1,4,21.62039317761596,5.044777586688817
les_bridge_pick21__d4t2__00022.wav,byod-mxr,les_bridge_pick21,0.0042432547,les_neck_fing01__d2t3__00013.wav,pedalboard-tanh,4,2,2,3,21.62039317761596,13.296816138037473
les_bridge_pick21__d4t3__00023.wav,byod-mxr,les_bridge_pick21,0.004431665,les_neck_fing01__d2t4__00014.wav,lsp-tanh,4,2,3,4,21.62039317761596,13.297259315581634
les_bridge_pick21__d4t4__00024.wav,byod-mxr,les_bridge_pick21,0.008045614,les_neck_pick21__d2t4__00014.wav,lsp-sine,4,2,4,4,21.62039317761596,13.251366385956809
les_bridge_pick21__d5t0__00025.wav,byod-mxr,les_bridge_pick21,0.012011051,les_bridge_pick16__d0t3__00003.wav,lsp-hardclip,5,0,0,3,25.779078975465445,5.063331073032135
les_bridge_pick21__d5t1__00026.wav,byod-mxr,les_bridge_pick21,0.004677236,les_bridge_pick16__d2t3__00013.wav,byod-bigmuff,5,2,1,3,25.779078975465445,13.312631977514853
les_bridge_pick21__d5t2__00027.wav,byod-mxr,les_bridge_pick21,0.004480362,les_bridge_fing17__d2t4__00014.wav,pedalboard-tanh,5,2,2,4,25.779078975465445,13.296816138037473
les_bridge_pick21__d5t3__00028.wav,byod-mxr,les_bridge_pick21,0.006324291,les_neck_pick21__d2t4__00014.wav,lsp-sine,5,2,3,4,25.779078975465445,13.251366385956809
les_bridge_pick21__d5t4__00029.wav,byod-mxr,les_bridge_pick21,0.01628095,les_neck_pick14__d3t4__00019.wav,lsp-arctan,5,3,4,4,25.779078975465445,17.436825605717576
les_bridge_pick21__d6t0__00030.wav,byod-mxr,les_bridge_pick21,0.007331252,les_neck_pick05__d1t4__00009.wav,byod-bigmuff,6,1,0,4,29.91150927100104,9.126662172709777
les_bridge_pick21__d6t1__00031.wav,byod-mxr,les_bridge_pick21,0.0051846504,les_neck_pick09__d3t3__00018.wav,lsp-hardclip,6,3,1,3,29.91150927100104,17.563088337099366
les_bridge_pick21__d6t2__00032.wav,byod-mxr,les_bridge_pick21,0.0036665201,les_neck_pick21__d3t3__00018.wav,lsp-tanh,6,3,2,3,29.91150927100104,17.426284440144894
les_bridge_pick21__d6t3__00033.wav,byod-mxr,les_bridge_pick21,0.010214388,les_neck_pick21__d4t4__00024.wav,lsp-tanh,6,4,3,4,29.91150927100104,21.61115826291455
les_bridge_pick21__d6t4__00034.wav,byod-mxr,les_bridge_pick21,0.011067569,les_neck_pick14__d5t4__00029.wav,lsp-sine,6,5,4,4,29.91150927100104,25.7855895742644
les_bridge_pick21__d7t0__00035.wav,byod-mxr,les_bridge_pick21,0.008068442,les_bridge_pick16__d2t3__00013.wav,lsp-hardclip,7,2,0,3,34.08156088036171,13.55142968534178
les_bridge_pick21__d7t1__00036.wav,byod-mxr,les_bridge_pick21,0.0066699386,les_bridge_pick16__d3t4__00019.wav,lsp-hardclip,7,3,1,4,34.08156088036171,17.563088337099366
les_bridge_pick21__d7t2__00037.wav,byod-mxr,les_bridge_pick21,0.0037038326,les_bridge_pick16__d5t4__00029.wav,lsp-sine,7,5,2,4,34.08156088036171,25.7855895742644
les_bridge_pick21__d7t3__00038.wav,byod-mxr,les_bridge_pick21,0.002108276,les_bridge_pick16__d6t4__00034.wav,pedalboard-tanh,7,6,3,4,34.08156088036171,29.92239131554786
les_bridge_pick21__d7t4__00039.wav,byod-mxr,les_bridge_pick21,0.0029389262,les_neck_pick14__d7t3__00038.wav,lsp-hardclip,7,7,4,3,34.08156088036171,34.07942205160116
les_neck_fing03__d0t0__00000.wav,byod-mxr,les_neck_fing03,0.0005117059,les_bridge_pick16__d1t1__00006.wav,lsp-arctan,0,1,0,1,5.0,9.170316408518453
les_neck_fing03__d0t1__00001.wav,byod-mxr,les_neck_fing03,0.002871871,les_bridge_pick22__d0t2__00002.wav,pedalboard-tanh,0,0,1,2,5.0,5.0
les_neck_fing03__d0t2__00002.wav,byod-mxr,les_neck_fing03,0.0018126965,les_bridge_pick17__d0t3__00003.wav,lsp-arctan,0,0,2,3,5.0,5.005872107125804
les_neck_fing03__d0t3__00003.wav,byod-mxr,les_neck_fing03,0.0024155974,les_neck_pick05__d0t2__00002.wav,lsp-arctan,0,0,3,2,5.0,5.005872107125804
les_neck_fing03__d0t4__00004.wav,byod-mxr,les_neck_fing03,0.0015848279,les_neck_pick02__d1t4__00009.wav,pedalboard-tanh,0,1,4,4,5.0,9.146047429418331
les_neck_fing03__d1t0__00005.wav,byod-mxr,les_neck_fing03,0.00058573484,les_bridge_pick16__d2t1__00011.wav,lsp-arctan,1,2,0,1,9.107670514338215,13.270071970821393
les_neck_fing03__d1t1__00006.wav,byod-mxr,les_neck_fing03,0.0013628006,les_neck_fing15__d3t1__00016.wav,lsp-hardclip,1,3,1,1,9.107670514338215,17.563088337099366
les_neck_fing03__d1t2__00007.wav,byod-mxr,les_neck_fing03,0.0020402074,les_bridge_fing17__d0t2__00002.wav,lsp-tanh,1,0,2,2,9.107670514338215,5.0
les_neck_fing03__d1t3__00008.wav,byod-mxr,les_neck_fing03,0.0015935898,les_neck_pick04__d2t3__00013.wav,pedalboard-tanh,1,2,3,3,9.107670514338215,13.296816138037473
les_neck_fing03__d1t4__00009.wav,byod-mxr,les_neck_fing03,0.0013040304,les_neck_fing01__d1t4__00009.wav,lsp-tanh,1,1,4,4,9.107670514338215,9.088421535688989
les_neck_fing03__d2t0__00010.wav,byod-mxr,les_neck_fing03,0.00080627203,les_bridge_pick16__d2t1__00011.wav,lsp-tanh,2,2,0,1,13.292365801948186,13.297259315581634
les_neck_fing03__d2t1__00011.wav,byod-mxr,les_neck_fing03,0.0020372868,les_bridge_pick25__d1t2__00007.wav,lsp-sine,2,1,1,2,13.292365801948186,9.202349861352678
les_neck_fing03__d2t2__00012.wav,byod-mxr,les_neck_fing03,0.0014116168,les_neck_pick04__d2t2__00012.wav,lsp-sine,2,2,2,2,13.292365801948186,13.251366385956809
les_neck_fing03__d2t3__00013.wav,byod-mxr,les_neck_fing03,0.0014184117,les_neck_pick02__d2t3__00013.wav,lsp-tanh,2,2,3,3,13.292365801948186,13.297259315581634
les_neck_fing03__d2t4__00014.wav,byod-mxr,les_neck_fing03,0.0019131899,les_neck_fing01__d2t4__00014.wav,pedalboard-tanh,2,2,4,4,13.292365801948186,13.296816138037473
les_neck_fing03__d3t0__00015.wav,byod-mxr,les_neck_fing03,0.0011846423,les_neck_pick04__d3t0__00015.wav,pedalboard-tanh,3,3,0,0,17.452308155418716,17.454399305827287
les_neck_fing03__d3t1__00016.wav,byod-mxr,les_neck_fing03,0.0016891956,les_bridge_pick16__d3t2__00017.wav,lsp-tanh,3,3,1,2,17.452308155418716,17.426284440144894
les_neck_fing03__d3t2__00017.wav,byod-mxr,les_neck_fing03,0.0051174164,les_neck_pick02__d3t2__00017.wav,lsp-arctan,3,3,2,2,17.452308155418716,17.436825605717576
les_neck_fing03__d3t3__00018.wav,byod-mxr,les_neck_fing03,0.0034145713,les_neck_pick11__d1t4__00009.wav,lsp-arctan,3,1,3,4,17.452308155418716,9.170316408518453
les_neck_fing03__d3t4__00019.wav,byod-mxr,les_neck_fing03,0.002592206,les_neck_pick21__d3t3__00018.wav,lsp-tanh,3,3,4,3,17.452308155418716,17.426284440144894
les_neck_fing03__d4t0__00020.wav,byod-mxr,les_neck_fing03,0.0049482584,les_bridge_pick22__d3t1__00016.wav,lsp-hardclip,4,3,0,1,21.62039317761596,17.563088337099366
les_neck_fing03__d4t1__00021.wav,byod-mxr,les_neck_fing03,0.0055528283,les_bridge_fing24__d3t3__00018.wav,pedalboard-tanh,4,3,1,3,21.62039317761596,17.454399305827287
les_neck_fing03__d4t2__00022.wav,byod-mxr,les_neck_fing03,0.0062322617,les_bridge_pick22__d3t4__00019.wav,lsp-sine,4,3,2,4,21.62039317761596,17.46073355198249
les_neck_fing03__d4t3__00023.wav,byod-mxr,les_neck_fing03,0.0029064417,les_neck_pick21__d4t3__00023.wav,lsp-hardclip,4,4,3,3,21.62039317761596,21.54643860361127
les_neck_fing03__d4t4__00024.wav,byod-mxr,les_neck_fing03,0.0017428398,les_neck_pick02__d4t4__00024.wav,pedalboard-tanh,4,4,4,4,21.62039317761596,21.61638024087312
les_neck_fing03__d5t0__00025.wav,byod-mxr,les_neck_fing03,0.005206704,les_bridge_fing20__d4t1__00021.wav,lsp-arctan,5,4,0,1,25.779078975465445,21.613326710488973
les_neck_fing03__d5t1__00026.wav,byod-mxr,les_neck_fing03,0.0068525076,les_neck_fing01__d5t1__00026.wav,lsp-hardclip,5,5,1,1,25.779078975465445,25.79865436059077
les_neck_fing03__d5t2__00027.wav,byod-mxr,les_neck_fing03,0.007568538,les_bridge_pick16__d5t3__00028.wav,lsp-arctan,5,5,2,3,25.779078975465445,25.788497067568912
les_neck_fing03__d5t3__00028.wav,byod-mxr,les_neck_fing03,0.0048179626,les_neck_pick05__d5t3__00028.wav,lsp-sine,5,5,3,3,25.779078975465445,25.7855895742644
les_neck_fing03__d5t4__00029.wav,byod-mxr,les_neck_fing03,0.0012136102,les_neck_pick05__d5t4__00029.wav,lsp-sine,5,5,4,4,25.779078975465445,25.7855895742644
les_neck_fing03__d6t0__00030.wav,byod-mxr,les_neck_fing03,0.0054546,les_neck_fing01__d6t0__00030.wav,lsp-hardclip,6,6,0,0,29.91150927100104,29.908667593492765
les_neck_fing03__d6t1__00031.wav,byod-mxr,les_neck_fing03,0.0092974305,les_neck_pick12__d5t4__00029.wav,lsp-hardclip,6,5,1,4,29.91150927100104,25.79865436059077
les_neck_fing03__d6t2__00032.wav,byod-mxr,les_neck_fing03,0.006106496,les_neck_fing01__d5t3__00028.wav,byod-bigmuff,6,5,2,3,29.91150927100104,25.77210742134771
les_neck_fing03__d6t3__00033.wav,byod-mxr,les_neck_fing03,0.0015193224,les_neck_fing01__d5t4__00029.wav,pedalboard-tanh,6,5,3,4,29.91150927100104,25.782351420955937
les_neck_fing03__d6t4__00034.wav,byod-mxr,les_neck_fing03,0.001763463,les_neck_fing01__d6t4__00034.wav,lsp-hardclip,6,6,4,4,29.91150927100104,29.908667593492765
les_neck_fing03__d7t0__00035.wav,byod-mxr,les_neck_fing03,0.006611109,les_bridge_pick22__d6t2__00032.wav,lsp-hardclip,7,6,0,2,34.08156088036171,29.908667593492765
les_neck_fing03__d7t1__00036.wav,byod-mxr,les_neck_fing03,0.005651593,les_bridge_pick25__d5t4__00029.wav,lsp-arctan,7,5,1,4,34.08156088036171,25.788497067568912
les_neck_fing03__d7t2__00037.wav,byod-mxr,les_neck_fing03,0.0021430254,les_neck_pick03__d6t4__00034.wav,pedalboard-tanh,7,6,2,4,34.08156088036171,29.92239131554786
les_neck_fing03__d7t3__00038.wav,byod-mxr,les_neck_fing03,0.001214385,les_neck_fing01__d6t4__00034.wav,lsp-arctan,7,6,3,4,34.08156088036171,29.91872954355242
les_neck_fing03__d7t4__00039.wav,byod-mxr,les_neck_fing03,0.0011087656,les_neck_pick04__d7t4__00039.wav,lsp-tanh,7,7,4,4,34.08156088036171,34.0729352593394
les_neck_fing04__d0t0__00000.wav,byod-mxr,les_neck_fing04,0.0011727214,les_bridge_fing24__d3t0__00015.wav,lsp-arctan,0,3,0,0,5.0,17.436825605717576
les_neck_fing04__d0t1__00001.wav,byod-mxr,les_neck_fing04,0.001303494,les_bridge_pick16__d3t1__00016.wav,lsp-sine,0,3,1,1,5.0,17.46073355198249
les_neck_fing04__d0t2__00002.wav,byod-mxr,les_neck_fing04,0.0034726262,les_bridge_pick17__d1t2__00007.wav,lsp-sine,0,1,2,2,5.0,9.202349861352678
les_neck_fing04__d0t3__00003.wav,byod-mxr,les_neck_fing04,0.0027325153,les_neck_fing15__d2t4__00014.wav,lsp-tanh,0,2,3,4,5.0,13.297259315581634
les_neck_fing04__d0t4__00004.wav,byod-mxr,les_neck_fing04,0.004547596,les_neck_fing01__d1t3__00008.wav,lsp-sine,0,1,4,3,5.0,9.202349861352678
les_neck_fing04__d1t0__00005.wav,byod-mxr,les_neck_fing04,0.0013914108,les_bridge_fing24__d3t0__00015.wav,lsp-arctan,1,3,0,0,9.107670514338215,17.436825605717576
les_neck_fing04__d1t1__00006.wav,byod-mxr,les_neck_fing04,0.0018171668,les_bridge_pick17__d3t0__00015.wav,lsp-sine,1,3,1,0,9.107670514338215,17.46073355198249
les_neck_fing04__d1t2__00007.wav,byod-mxr,les_neck_fing04,0.0045690536,les_bridge_fing20__d1t3__00008.wav,pedalboard-tanh,1,1,2,3,9.107670514338215,9.146047429418331
les_neck_fing04__d1t3__00008.wav,byod-mxr,les_neck_fing04,0.0039950013,les_neck_fing15__d2t4__00014.wav,lsp-sine,1,2,3,4,9.107670514338215,13.251366385956809
les_neck_fing04__d1t4__00009.wav,byod-mxr,les_neck_fing04,0.0043250322,les_neck_pick02__d2t3__00013.wav,lsp-arctan,1,2,4,3,9.107670514338215,13.270071970821393
les_neck_fing04__d2t0__00010.wav,byod-mxr,les_neck_fing04,0.000865221,les_bridge_fing24__d3t0__00015.wav,lsp-tanh,2,3,0,0,13.292365801948186,17.426284440144894
les_neck_fing04__d2t1__00011.wav,byod-mxr,les_neck_fing04,0.003978431,les_bridge_fing21__d2t2__00012.wav,lsp-arctan,2,2,1,2,13.292365801948186,13.270071970821393
les_neck_fing04__d2t2__00012.wav,byod-mxr,les_neck_fing04,0.0050415397,les_bridge_pick17__d2t2__00012.wav,lsp-sine,2,2,2,2,13.292365801948186,13.251366385956809
les_neck_fing04__d2t3__00013.wav,byod-mxr,les_neck_fing04,0.0036867857,les_bridge_pick17__d2t4__00014.wav,pedalboard-tanh,2,2,3,4,13.292365801948186,13.296816138037473
les_neck_fing04__d2t4__00014.wav,byod-mxr,les_neck_fing04,0.0037798882,les_neck_pick09__d3t4__00019.wav,lsp-hardclip,2,3,4,4,13.292365801948186,17.563088337099366
les_neck_fing04__d3t0__00015.wav,byod-mxr,les_neck_fing04,0.0010474324,les_bridge_fing24__d4t0__00020.wav,lsp-hardclip,3,4,0,0,17.452308155418716,21.54643860361127
les_neck_fing04__d3t1__00016.wav,byod-mxr,les_neck_fing04,0.0051305294,les_neck_pick11__d2t1__00011.wav,pedalboard-tanh,3,2,1,1,17.452308155418716,13.296816138037473
les_neck_fing04__d3t2__00017.wav,byod-mxr,les_neck_fing04,0.0024101138,les_neck_pick11__d4t2__00022.wav,lsp-hardclip,3,4,2,2,17.452308155418716,21.54643860361127
les_neck_fing04__d3t3__00018.wav,byod-mxr,les_neck_fing04,0.0040805936,les_neck_pick03__d3t3__00018.wav,byod-bigmuff,3,3,3,3,17.452308155418716,17.442946393617085
les_neck_fing04__d3t4__00019.wav,byod-mxr,les_neck_fing04,0.003070116,les_neck_pick09__d3t4__00019.wav,lsp-sine,3,3,4,4,17.452308155418716,17.46073355198249
les_neck_fing04__d4t0__00020.wav,byod-mxr,les_neck_fing04,0.0015287399,les_bridge_pick22__d4t0__00020.wav,lsp-sine,4,4,0,0,21.62039317761596,21.652716208419097
les_neck_fing04__d4t1__00021.wav,byod-mxr,les_neck_fing04,0.0037248135,les_neck_pick05__d5t0__00025.wav,lsp-hardclip,4,5,1,0,21.62039317761596,25.79865436059077
les_neck_fing04__d4t2__00022.wav,byod-mxr,les_neck_fing04,0.0023723245,les_neck_pick21__d4t1__00021.wav,pedalboard-tanh,4,4,2,1,21.62039317761596,21.61638024087312
les_neck_fing04__d4t3__00023.wav,byod-mxr,les_neck_fing04,0.00436908,les_bridge_pick16__d4t3__00023.wav,lsp-sine,4,4,3,3,21.62039317761596,21.652716208419097
les_neck_fing04__d4t4__00024.wav,byod-mxr,les_neck_fing04,0.002734363,les_bridge_pick16__d4t4__00024.wav,lsp-sine,4,4,4,4,21.62039317761596,21.652716208419097
les_neck_fing04__d5t0__00025.wav,byod-mxr,les_neck_fing04,0.0044899583,les_bridge_fing20__d1t1__00006.wav,byod-bigmuff,5,1,0,1,25.779078975465445,9.126662172709777
les_neck_fing04__d5t1__00026.wav,byod-mxr,les_neck_fing04,0.0045444965,les_bridge_pick25__d5t1__00026.wav,lsp-arctan,5,5,1,1,25.779078975465445,25.788497067568912
les_neck_fing04__d5t2__00027.wav,byod-mxr,les_neck_fing04,0.0027453303,les_neck_pick12__d4t4__00024.wav,lsp-hardclip,5,4,2,4,25.779078975465445,21.54643860361127
les_neck_fing04__d5t3__00028.wav,byod-mxr,les_neck_fing04,0.005199909,les_bridge_fing17__d3t4__00019.wav,byod-bigmuff,5,3,3,4,25.779078975465445,17.442946393617085
les_neck_fing04__d5t4__00029.wav,byod-mxr,les_neck_fing04,0.0024761558,les_neck_fing01__d4t4__00024.wav,byod-bigmuff,5,4,4,4,25.779078975465445,21.5884141303546
les_neck_fing04__d6t0__00030.wav,byod-mxr,les_neck_fing04,0.0038956404,les_neck_pick04__d2t2__00012.wav,byod-bigmuff,6,2,0,2,29.91150927100104,13.312631977514853
les_neck_fing04__d6t1__00031.wav,byod-mxr,les_neck_fing04,0.0023468733,les_neck_pick21__d6t0__00030.wav,lsp-tanh,6,6,1,0,29.91150927100104,29.89601395521624
les_neck_fing04__d6t2__00032.wav,byod-mxr,les_neck_fing04,0.0064759254,les_bridge_fing17__d6t1__00031.wav,lsp-arctan,6,6,2,1,29.91150927100104,29.91872954355242
les_neck_fing04__d6t3__00033.wav,byod-mxr,les_neck_fing04,0.004269719,les_bridge_fing17__d5t3__00028.wav,byod-bigmuff,6,5,3,3,29.91150927100104,25.77210742134771
les_neck_fing04__d6t4__00034.wav,byod-mxr,les_neck_fing04,0.0020477772,les_neck_pick09__d6t4__00034.wav,lsp-arctan,6,6,4,4,29.91150927100104,29.91872954355242
les_neck_fing04__d7t0__00035.wav,byod-mxr,les_neck_fing04,0.0029400587,les_bridge_fing20__d4t1__00021.wav,byod-bigmuff,7,4,0,1,34.08156088036171,21.5884141303546
les_neck_fing04__d7t1__00036.wav,byod-mxr,les_neck_fing04,0.003294468,les_neck_pick02__d4t3__00023.wav,byod-bigmuff,7,4,1,3,34.08156088036171,21.5884141303546
les_neck_fing04__d7t2__00037.wav,byod-mxr,les_neck_fing04,0.0031579137,les_neck_pick12__d7t2__00037.wav,byod-bigmuff,7,7,2,2,34.08156088036171,34.074932620854284
les_neck_fing04__d7t3__00038.wav,byod-mxr,les_neck_fing04,0.0029301047,les_neck_pick04__d6t4__00034.wav,byod-bigmuff,7,6,3,4,34.08156088036171,29.9151414217934
les_neck_fing04__d7t4__00039.wav,byod-mxr,les_neck_fing04,0.0015535951,les_bridge_pick25__d7t3__00038.wav,lsp-hardclip,7,7,4,3,34.08156088036171,34.07942205160116
les_neck_fing09__d0t0__00000.wav,byod-mxr,les_neck_fing09,0.0013459325,les_neck_pick12__d1t0__00005.wav,lsp-hardclip,0,1,0,0,5.0,9.35456396552498
les_neck_fing09__d0t1__00001.wav,byod-mxr,les_neck_fing09,0.0005502701,les_bridge_pick16__d2t1__00011.wav,lsp-sine,0,2,1,1,5.0,13.251366385956809
les_neck_fing09__d0t2__00002.wav,byod-mxr,les_neck_fing09,0.00092822313,les_neck_pick12__d1t3__00008.wav,lsp-sine,0,1,2,3,5.0,9.202349861352678
les_neck_fing09__d0t3__00003.wav,byod-mxr,les_neck_fing09,0.0015104413,les_neck_pick02__d0t2__00002.wav,lsp-arctan,0,0,3,2,5.0,5.005872107125804
les_neck_fing09__d0t4__00004.wav,byod-mxr,les_neck_fing09,0.0027051568,les_neck_pick04__d0t3__00003.wav,lsp-tanh,0,0,4,3,5.0,5.0
les_neck_fing09__d1t0__00005.wav,byod-mxr,les_neck_fing09,0.002123952,les_neck_pick12__d1t0__00005.wav,lsp-hardclip,1,1,0,0,9.107670514338215,9.35456396552498
les_neck_fing09__d1t1__00006.wav,byod-mxr,les_neck_fing09,0.0011153221,les_bridge_pick16__d2t1__00011.wav,lsp-sine,1,2,1,1,9.107670514338215,13.251366385956809
les_neck_fing09__d1t2__00007.wav,byod-mxr,les_neck_fing09,0.0005198121,les_neck_pick02__d1t1__00006.wav,lsp-arctan,1,1,2,1,9.107670514338215,9.170316408518453
les_neck_fing09__d1t3__00008.wav,byod-mxr,les_neck_fing09,0.0020970702,les_neck_pick02__d1t2__00007.wav,lsp-sine,1,1,3,2,9.107670514338215,9.202349861352678
les_neck_fing09__d1t4__00009.wav,byod-mxr,les_neck_fing09,0.002681911,les_neck_pick04__d1t3__00008.wav,lsp-tanh,1,1,4,3,9.107670514338215,9.088421535688989
les_neck_fing09__d2t0__00010.wav,byod-mxr,les_neck_fing09,0.0029627085,les_neck_fing15__d0t1__00001.wav,byod-bigmuff,2,0,0,1,13.292365801948186,5.044777586688817
les_neck_fing09__d2t1__00011.wav,byod-mxr,les_neck_fing09,0.0008946657,les_neck_pick03__d3t0__00015.wav,lsp-hardclip,2,3,1,0,13.292365801948186,17.563088337099366
les_neck_fing09__d2t2__00012.wav,byod-mxr,les_neck_fing09,0.0011274815,les_neck_pick12__d2t3__00013.wav,lsp-sine,2,2,2,3,13.292365801948186,13.251366385956809
les_neck_fing09__d2t3__00013.wav,byod-mxr,les_neck_fing09,0.0030429363,les_neck_pick04__d1t2__00007.wav,lsp-hardclip,2,1,3,2,13.292365801948186,9.35456396552498
les_neck_fing09__d2t4__00014.wav,byod-mxr,les_neck_fing09,0.0032811165,les_neck_pick04__d2t3__00013.wav,pedalboard-tanh,2,2,4,3,13.292365801948186,13.296816138037473
les_neck_fing09__d3t0__00015.wav,byod-mxr,les_neck_fing09,0.00043523312,les_neck_pick12__d3t0__00015.wav,pedalboard-tanh,3,3,0,0,17.452308155418716,17.454399305827287
les_neck_fing09__d3t1__00016.wav,byod-mxr,les_neck_fing09,0.001737833,les_neck_pick03__d4t0__00020.wav,lsp-hardclip,3,4,1,0,17.452308155418716,21.54643860361127
les_neck_fing09__d3t2__00017.wav,byod-mxr,les_neck_fing09,0.0013700128,les_bridge_pick16__d3t2__00017.wav,lsp-sine,3,3,2,2,17.452308155418716,17.46073355198249
les_neck_fing09__d3t3__00018.wav,byod-mxr,les_neck_fing09,0.0022794008,les_bridge_pick16__d3t3__00018.wav,pedalboard-tanh,3,3,3,3,17.452308155418716,17.454399305827287
les_neck_fing09__d3t4__00019.wav,byod-mxr,les_neck_fing09,0.0027145147,les_bridge_pick16__d3t4__00019.wav,lsp-sine,3,3,4,4,17.452308155418716,17.46073355198249
les_neck_fing09__d4t0__00020.wav,byod-mxr,les_neck_fing09,0.0014895201,les_neck_pick02__d0t1__00001.wav,byod-bigmuff,4,0,0,1,21.62039317761596,5.044777586688817
les_neck_fing09__d4t1__00021.wav,byod-mxr,les_neck_fing09,0.0023036003,les_neck_pick03__d4t0__00020.wav,lsp-sine,4,4,1,0,21.62039317761596,21.652716208419097
les_neck_fing09__d4t2__00022.wav,byod-mxr,les_neck_fing09,0.003305018,les_bridge_fing24__d3t3__00018.wav,lsp-tanh,4,3,2,3,21.62039317761596,17.426284440144894
les_neck_fing09__d4t3__00023.wav,byod-mxr,les_neck_fing09,0.0043260455,les_neck_pick11__d3t3__00018.wav,pedalboard-tanh,4,3,3,3,21.62039317761596,17.454399305827287
les_neck_fing09__d4t4__00024.wav,byod-mxr,les_neck_fing09,0.00592345,les_neck_pick11__d3t4__00019.wav,pedalboard-tanh,4,3,4,4,21.62039317761596,17.454399305827287
les_neck_fing09__d5t0__00025.wav,byod-mxr,les_neck_fing09,0.0017546415,les_neck_pick02__d1t1__00006.wav,byod-bigmuff,5,1,0,1,25.779078975465445,9.126662172709777
les_neck_fing09__d5t1__00026.wav,byod-mxr,les_neck_fing09,0.0050979257,les_neck_pick02__d5t0__00025.wav,lsp-hardclip,5,5,1,0,25.779078975465445,25.79865436059077
les_neck_fing09__d5t2__00027.wav,byod-mxr,les_neck_fing09,0.005613208,les_bridge_pick25__d4t2__00022.wav,lsp-arctan,5,4,2,2,25.779078975465445,21.613326710488973
les_neck_fing09__d5t3__00028.wav,byod-mxr,les_neck_fing09,0.0067561865,les_bridge_pick22__d4t3__00023.wav,lsp-hardclip,5,4,3,3,25.779078975465445,21.54643860361127
les_neck_fing09__d5t4__00029.wav,byod-mxr,les_neck_fing09,0.0040494204,les_neck_pick11__d4t4__00024.wav,lsp-arctan,5,4,4,4,25.779078975465445,21.613326710488973
les_neck_fing09__d6t0__00030.wav,byod-mxr,les_neck_fing09,0.001684308,les_neck_pick12__d6t0__00030.wav,lsp-hardclip,6,6,0,0,29.91150927100104,29.908667593492765
les_neck_fing09__d6t1__00031.wav,byod-mxr,les_neck_fing09,0.0055722594,les_neck_pick21__d5t1__00026.wav,byod-bigmuff,6,5,1,1,29.91150927100104,25.77210742134771
les_neck_fing09__d6t2__00032.wav,byod-mxr,les_neck_fing09,0.008144379,les_neck_pick14__d4t2__00022.wav,byod-bigmuff,6,4,2,2,29.91150927100104,21.5884141303546
les_neck_fing09__d6t3__00033.wav,byod-mxr,les_neck_fing09,0.005694926,les_bridge_fing20__d2t4__00014.wav,byod-bigmuff,6,2,3,4,29.91150927100104,13.312631977514853
les_neck_fing09__d6t4__00034.wav,byod-mxr,les_neck_fing09,0.0050062537,les_bridge_pick22__d5t4__00029.wav,pedalboard-tanh,6,5,4,4,29.91150927100104,25.782351420955937
les_neck_fing09__d7t0__00035.wav,byod-mxr,les_neck_fing09,0.00264436,les_bridge_pick16__d4t1__00021.wav,byod-bigmuff,7,4,0,1,34.08156088036171,21.5884141303546
les_neck_fing09__d7t1__00036.wav,byod-mxr,les_neck_fing09,0.008121967,les_neck_fing15__d3t3__00018.wav,byod-bigmuff,7,3,1,3,34.08156088036171,17.442946393617085
les_neck_fing09__d7t2__00037.wav,byod-mxr,les_neck_fing09,0.008057594,les_neck_pick04__d4t4__00024.wav,byod-bigmuff,7,4,2,4,34.08156088036171,21.5884141303546
les_neck_fing09__d7t3__00038.wav,byod-mxr,les_neck_fing09,0.009353697,les_neck_fing01__d5t3__00028.wav,byod-bigmuff,7,5,3,3,34.08156088036171,25.77210742134771
les_neck_fing09__d7t4__00039.wav,byod-mxr,les_neck_fing09,0.0049543977,les_neck_pick09__d6t4__00034.wav,lsp-tanh,7,6,4,4,34.08156088036171,29.89601395521624
les_neck_fing11__d0t0__00000.wav,byod-mxr,les_neck_fing11,0.0023670793,les_neck_fing15__d0t0__00000.wav,byod-bigmuff,0,0,0,0,5.0,5.044777586688817
les_neck_fing11__d0t1__00001.wav,byod-mxr,les_neck_fing11,0.000580132,les_bridge_pick16__d1t0__00005.wav,pedalboard-tanh,0,1,1,0,5.0,9.146047429418331
les_neck_fing11__d0t2__00002.wav,byod-mxr,les_neck_fing11,0.0010518432,les_neck_pick04__d1t0__00005.wav,lsp-arctan,0,1,2,0,5.0,9.170316408518453
les_neck_fing11__d0t3__00003.wav,byod-mxr,les_neck_fing11,0.0015410185,les_neck_fing15__d0t2__00002.wav,pedalboard-tanh,0,0,3,2,5.0,5.0
les_neck_fing11__d0t4__00004.wav,byod-mxr,les_neck_fing11,0.004755795,les_bridge_pick16__d0t4__00004.wav,lsp-arctan,0,0,4,4,5.0,5.005872107125804
les_neck_fing11__d1t0__00005.wav,byod-mxr,les_neck_fing11,0.0011361837,les_neck_pick12__d0t0__00000.wav,lsp-sine,1,0,0,0,9.107670514338215,5.041347474059023
les_neck_fing11__d1t1__00006.wav,byod-mxr,les_neck_fing11,0.0015559196,les_bridge_pick16__d0t0__00000.wav,lsp-hardclip,1,0,1,0,9.107670514338215,5.063331073032135
les_neck_fing11__d1t2__00007.wav,byod-mxr,les_neck_fing11,0.00044608116,les_neck_pick21__d1t0__00005.wav,lsp-tanh,1,1,2,0,9.107670514338215,9.088421535688989
les_neck_fing11__d1t3__00008.wav,byod-mxr,les_neck_fing11,0.00041681528,les_neck_pick21__d0t1__00001.wav,pedalboard-tanh,1,0,3,1,9.107670514338215,5.0
les_neck_fing11__d1t4__00009.wav,byod-mxr,les_neck_fing11,0.0016676188,les_bridge_pick16__d0t4__00004.wav,lsp-arctan,1,0,4,4,9.107670514338215,5.005872107125804
les_neck_fing11__d2t0__00010.wav,byod-mxr,les_neck_fing11,0.00095540285,les_neck_pick12__d0t0__00000.wav,lsp-sine,2,0,0,0,13.292365801948186,5.041347474059023
les_neck_fing11__d2t1__00011.wav,byod-mxr,les_neck_fing11,0.00035524368,les_bridge_pick16__d3t0__00015.wav,lsp-sine,2,3,1,0,13.292365801948186,17.46073355198249
les_neck_fing11__d2t2__00012.wav,byod-mxr,les_neck_fing11,0.00054979324,les_neck_pick12__d2t2__00012.wav,lsp-arctan,2,2,2,2,13.292365801948186,13.270071970821393
les_neck_fing11__d2t3__00013.wav,byod-mxr,les_neck_fing11,0.0010213852,les_neck_pick21__d0t1__00001.wav,lsp-hardclip,2,0,3,1,13.292365801948186,5.063331073032135
les_neck_fing11__d2t4__00014.wav,byod-mxr,les_neck_fing11,0.0025431514,les_bridge_pick16__d1t4__00009.wav,lsp-sine,2,1,4,4,13.292365801948186,9.202349861352678
les_neck_fing11__d3t0__00015.wav,byod-mxr,les_neck_fing11,0.0016672611,les_neck_pick12__d2t0__00010.wav,lsp-sine,3,2,0,0,17.452308155418716,13.251366385956809
les_neck_fing11__d3t1__00016.wav,byod-mxr,les_neck_fing11,0.0007123351,les_neck_pick12__d3t1__00016.wav,lsp-hardclip,3,3,1,1,17.452308155418716,17.563088337099366
les_neck_fing11__d3t2__00017.wav,byod-mxr,les_neck_fing11,0.001660943,les_bridge_pick16__d2t2__00012.wav,lsp-sine,3,2,2,2,17.452308155418716,13.251366385956809
les_neck_fing11__d3t3__00018.wav,byod-mxr,les_neck_fing11,0.0015766025,les_bridge_pick16__d2t3__00013.wav,lsp-sine,3,2,3,3,17.452308155418716,13.251366385956809
les_neck_fing11__d3t4__00019.wav,byod-mxr,les_neck_fing11,0.0017182231,les_bridge_pick16__d2t4__00014.wav,lsp-sine,3,2,4,4,17.452308155418716,13.251366385956809
les_neck_fing11__d4t0__00020.wav,byod-mxr,les_neck_fing11,0.00042706728,les_neck_pick12__d3t0__00015.wav,pedalboard-tanh,4,3,0,0,21.62039317761596,17.454399305827287
les_neck_fing11__d4t1__00021.wav,byod-mxr,les_neck_fing11,0.0020532608,les_neck_pick03__d4t0__00020.wav,lsp-hardclip,4,4,1,0,21.62039317761596,21.54643860361127
les_neck_fing11__d4t2__00022.wav,byod-mxr,les_neck_fing11,0.0033450127,les_bridge_fing24__d3t2__00017.wav,lsp-hardclip,4,3,2,2,21.62039317761596,17.563088337099366
les_neck_fing11__d4t3__00023.wav,byod-mxr,les_neck_fing11,0.0052828193,les_neck_pick04__d3t2__00017.wav,lsp-arctan,4,3,3,2,21.62039317761596,17.436825605717576
les_neck_fing11__d4t4__00024.wav,byod-mxr,les_neck_fing11,0.005954802,les_neck_fing01__d0t4__00004.wav,byod-bigmuff,4,0,4,4,21.62039317761596,5.044777586688817
les_neck_fing11__d5t0__00025.wav,byod-mxr,les_neck_fing11,0.0004709959,les_neck_pick12__d4t0__00020.wav,lsp-arctan,5,4,0,0,25.779078975465445,21.613326710488973
les_neck_fing11__d5t1__00026.wav,byod-mxr,les_neck_fing11,0.004363239,les_neck_pick04__d4t0__00020.wav,pedalboard-tanh,5,4,1,0,25.779078975465445,21.61638024087312
les_neck_fing11__d5t2__00027.wav,byod-mxr,les_neck_fing11,0.007661879,les_neck_pick12__d3t3__00018.wav,lsp-hardclip,5,3,2,3,25.779078975465445,17.563088337099366
les_neck_fing11__d5t3__00028.wav,byod-mxr,les_neck_fing11,0.0080651045,les_neck_pick09__d4t3__00023.wav,lsp-hardclip,5,4,3,3,25.779078975465445,21.54643860361127
les_neck_fing11__d5t4__00029.wav,byod-mxr,les_neck_fing11,0.006985426,les_neck_pick09__d4t4__00024.wav,lsp-hardclip,5,4,4,4,25.779078975465445,21.54643860361127
les_neck_fing11__d6t0__00030.wav,byod-mxr,les_neck_fing11,0.002595067,les_neck_pick12__d1t2__00007.wav,byod-bigmuff,6,1,0,2,29.91150927100104,9.126662172709777
les_neck_fing11__d6t1__00031.wav,byod-mxr,les_neck_fing11,0.0045506954,les_neck_pick12__d2t3__00013.wav,byod-bigmuff,6,2,1,3,29.91150927100104,13.312631977514853
les_neck_fing11__d6t2__00032.wav,byod-mxr,les_neck_fing11,0.007689059,les_bridge_fing17__d1t4__00009.wav,byod-bigmuff,6,1,2,4,29.91150927100104,9.126662172709777
les_neck_fing11__d6t3__00033.wav,byod-mxr,les_neck_fing11,0.003426969,les_neck_pick09__d4t3__00023.wav,lsp-arctan,6,4,3,3,29.91150927100104,21.613326710488973
les_neck_fing11__d6t4__00034.wav,byod-mxr,les_neck_fing11,0.0037482977,les_neck_fing01__d4t3__00023.wav,lsp-hardclip,6,4,4,3,29.91150927100104,21.54643860361127
les_neck_fing11__d7t0__00035.wav,byod-mxr,les_neck_fing11,0.0045984983,les_neck_pick02__d0t4__00004.wav,byod-bigmuff,7,0,0,4,34.08156088036171,5.044777586688817
les_neck_fing11__d7t1__00036.wav,byod-mxr,les_neck_fing11,0.008205235,les_bridge_fing24__d3t4__00019.wav,lsp-hardclip,7,3,1,4,34.08156088036171,17.563088337099366
les_neck_fing11__d7t2__00037.wav,byod-mxr,les_neck_fing11,0.0051388144,les_neck_fing01__d3t3__00018.wav,byod-bigmuff,7,3,2,3,34.08156088036171,17.442946393617085
les_neck_fing11__d7t3__00038.wav,byod-mxr,les_neck_fing11,0.005004406,les_neck_pick05__d4t4__00024.wav,lsp-sine,7,4,3,4,34.08156088036171,21.652716208419097
les_neck_fing11__d7t4__00039.wav,byod-mxr,les_neck_fing11,0.0056200624,les_neck_pick14__d4t4__00024.wav,pedalboard-tanh,7,4,4,4,34.08156088036171,21.61638024087312
les_neck_fing16__d0t0__00000.wav,byod-mxr,les_neck_fing16,0.0060516,les_neck_pick12__d0t0__00000.wav,lsp-sine,0,0,0,0,5.0,5.041347474059023
les_neck_fing16__d0t1__00001.wav,byod-mxr,les_neck_fing16,0.0014451742,les_bridge_pick16__d0t0__00000.wav,pedalboard-tanh,0,0,1,0,5.0,5.0
les_neck_fing16__d0t2__00002.wav,byod-mxr,les_neck_fing16,0.003150165,les_bridge_pick16__d0t1__00001.wav,pedalboard-tanh,0,0,2,1,5.0,5.0
les_neck_fing16__d0t3__00003.wav,byod-mxr,les_neck_fing16,0.0020149946,les_neck_pick04__d0t0__00000.wav,pedalboard-tanh,0,0,3,0,5.0,5.0
les_neck_fing16__d0t4__00004.wav,byod-mxr,les_neck_fing16,0.0014422536,les_neck_pick04__d0t0__00000.wav,lsp-arctan,0,0,4,0,5.0,5.005872107125804
les_neck_fing16__d1t0__00005.wav,byod-mxr,les_neck_fing16,0.0034880042,les_neck_pick12__d0t0__00000.wav,lsp-sine,1,0,0,0,9.107670514338215,5.041347474059023
les_neck_fing16__d1t1__00006.wav,byod-mxr,les_neck_fing16,0.0016192794,les_neck_pick12__d0t0__00000.wav,pedalboard-tanh,1,0,1,0,9.107670514338215,5.0
les_neck_fing16__d1t2__00007.wav,byod-mxr,les_neck_fing16,0.0013310313,les_bridge_pick16__d0t1__00001.wav,pedalboard-tanh,1,0,2,1,9.107670514338215,5.0
les_neck_fing16__d1t3__00008.wav,byod-mxr,les_neck_fing16,0.0029459596,les_neck_pick04__d1t0__00005.wav,lsp-sine,1,1,3,0,9.107670514338215,9.202349861352678
les_neck_fing16__d1t4__00009.wav,byod-mxr,les_neck_fing16,0.0014317036,les_neck_pick04__d1t0__00005.wav,lsp-arctan,1,1,4,0,9.107670514338215,9.170316408518453
les_neck_fing16__d2t0__00010.wav,byod-mxr,les_neck_fing16,0.0026249886,les_neck_pick12__d0t0__00000.wav,pedalboard-tanh,2,0,0,0,13.292365801948186,5.0
les_neck_fing16__d2t1__00011.wav,byod-mxr,les_neck_fing16,0.0016672015,les_neck_pick12__d0t0__00000.wav,lsp-hardclip,2,0,1,0,13.292365801948186,5.063331073032135
les_neck_fing16__d2t2__00012.wav,byod-mxr,les_neck_fing16,0.00031846762,les_neck_pick12__d1t1__00006.wav,lsp-tanh,2,1,2,1,13.292365801948186,9.088421535688989
les_neck_fing16__d2t3__00013.wav,byod-mxr,les_neck_fing16,0.0015123487,les_bridge_pick16__d2t1__00011.wav,lsp-arctan,2,2,3,1,13.292365801948186,13.270071970821393
les_neck_fing16__d2t4__00014.wav,byod-mxr,les_neck_fing16,0.00191468,les_neck_pick04__d2t0__00010.wav,pedalboard-tanh,2,2,4,0,13.292365801948186,13.296816138037473
les_neck_fing16__d3t0__00015.wav,byod-mxr,les_neck_fing16,0.005301714,les_neck_pick12__d0t0__00000.wav,pedalboard-tanh,3,0,0,0,17.452308155418716,5.0
les_neck_fing16__d3t1__00016.wav,byod-mxr,les_neck_fing16,0.0012724996,les_neck_pick12__d2t0__00010.wav,lsp-hardclip,3,2,1,0,17.452308155418716,13.55142968534178
les_neck_fing16__d3t2__00017.wav,byod-mxr,les_neck_fing16,0.0010299683,les_bridge_pick16__d3t0__00015.wav,pedalboard-tanh,3,3,2,0,17.452308155418716,17.454399305827287
les_neck_fing16__d3t3__00018.wav,byod-mxr,les_neck_fing16,0.0012564063,les_neck_pick12__d3t1__00016.wav,lsp-hardclip,3,3,3,1,17.452308155418716,17.563088337099366
les_neck_fing16__d3t4__00019.wav,byod-mxr,les_neck_fing16,0.0028614402,les_neck_pick04__d3t0__00015.wav,pedalboard-tanh,3,3,4,0,17.452308155418716,17.454399305827287
les_neck_fing16__d4t0__00020.wav,byod-mxr,les_neck_fing16,0.0015069842,les_neck_pick11__d1t0__00005.wav,byod-bigmuff,4,1,0,0,21.62039317761596,9.126662172709777
les_neck_fing16__d4t1__00021.wav,byod-mxr,les_neck_fing16,0.000977695,les_neck_pick21__d1t0__00005.wav,byod-bigmuff,4,1,1,0,21.62039317761596,9.126662172709777
les_neck_fing16__d4t2__00022.wav,byod-mxr,les_neck_fing16,0.000885427,les_neck_pick12__d4t0__00020.wav,lsp-sine,4,4,2,0,21.62039317761596,21.652716208419097
les_neck_fing16__d4t3__00023.wav,byod-mxr,les_neck_fing16,0.0026786327,les_neck_pick12__d2t1__00011.wav,byod-bigmuff,4,2,3,1,21.62039317761596,13.312631977514853
les_neck_fing16__d4t4__00024.wav,byod-mxr,les_neck_fing16,0.004250169,les_neck_pick12__d1t2__00007.wav,byod-bigmuff,4,1,4,2,21.62039317761596,9.126662172709777
les_neck_fing16__d5t0__00025.wav,byod-mxr,les_neck_fing16,0.002008319,les_neck_pick11__d2t0__00010.wav,byod-bigmuff,5,2,0,0,25.779078975465445,13.312631977514853
les_neck_fing16__d5t1__00026.wav,byod-mxr,les_neck_fing16,0.0006683469,les_neck_pick12__d5t0__00025.wav,lsp-hardclip,5,5,1,0,25.779078975465445,25.79865436059077
les_neck_fing16__d5t2__00027.wav,byod-mxr,les_neck_fing16,0.0019356012,les_neck_pick02__d1t1__00006.wav,byod-bigmuff,5,1,2,1,25.779078975465445,9.126662172709777
les_neck_fing16__d5t3__00028.wav,byod-mxr,les_neck_fing16,0.0021193624,les_neck_pick04__d0t2__00002.wav,byod-bigmuff,5,0,3,2,25.779078975465445,5.044777586688817
les_neck_fing16__d5t4__00029.wav,byod-mxr,les_neck_fing16,0.007178366,les_neck_fing01__d5t0__00025.wav,byod-bigmuff,5,5,4,0,25.779078975465445,25.77210742134771
les_neck_fing16__d6t0__00030.wav,byod-mxr,les_neck_fing16,0.0005836487,les_neck_pick21__d2t0__00010.wav,byod-bigmuff,6,2,0,0,29.91150927100104,13.312631977514853
les_neck_fing16__d6t1__00031.wav,byod-mxr,les_neck_fing16,0.0014493465,les_neck_pick02__d1t1__00006.wav,byod-bigmuff,6,1,1,1,29.91150927100104,9.126662172709777
les_neck_fing16__d6t2__00032.wav,byod-mxr,les_neck_fing16,0.004223168,les_neck_pick11__d6t0__00030.wav,lsp-sine,6,6,2,0,29.91150927100104,29.915327656251563
les_neck_fing16__d6t3__00033.wav,byod-mxr,les_neck_fing16,0.0054237247,les_bridge_fing24__d0t4__00004.wav,byod-bigmuff,6,0,3,4,29.91150927100104,5.044777586688817
les_neck_fing16__d6t4__00034.wav,byod-mxr,les_neck_fing16,0.011183202,les_neck_fing15__d7t0__00035.wav,lsp-hardclip,6,7,4,0,29.91150927100104,34.07942205160116
les_neck_fing16__d7t0__00035.wav,byod-mxr,les_neck_fing16,0.0010097027,les_neck_pick04__d1t1__00006.wav,byod-bigmuff,7,1,0,1,34.08156088036171,9.126662172709777
les_neck_fing16__d7t1__00036.wav,byod-mxr,les_neck_fing16,0.0031795502,les_neck_pick11__d6t0__00030.wav,lsp-sine,7,6,1,0,34.08156088036171,29.915327656251563
les_neck_fing16__d7t2__00037.wav,byod-mxr,les_neck_fing16,0.004457295,les_neck_pick04__d6t0__00030.wav,lsp-sine,7,6,2,0,34.08156088036171,29.915327656251563
les_neck_fing16__d7t3__00038.wav,byod-mxr,les_neck_fing16,0.006860018,les_neck_fing01__d6t1__00031.wav,byod-bigmuff,7,6,3,1,34.08156088036171,29.9151414217934
les_neck_fing16__d7t4__00039.wav,byod-mxr,les_neck_fing16,0.013533056,les_bridge_pick17__d4t4__00024.wav,byod-bigmuff,7,4,4,4,34.08156088036171,21.5884141303546
les_neck_fing18__d0t0__00000.wav,byod-mxr,les_neck_fing18,0.0021240115,les_neck_pick12__d3t1__00016.wav,lsp-hardclip,0,3,0,1,5.0,17.563088337099366
les_neck_fing18__d0t1__00001.wav,byod-mxr,les_neck_fing18,0.0014454722,les_bridge_pick16__d2t2__00012.wav,lsp-tanh,0,2,1,2,5.0,13.297259315581634
les_neck_fing18__d0t2__00002.wav,byod-mxr,les_neck_fing18,0.0018770099,les_bridge_pick17__d0t3__00003.wav,pedalboard-tanh,0,0,2,3,5.0,5.0
les_neck_fing18__d0t3__00003.wav,byod-mxr,les_neck_fing18,0.002665937,les_neck_pick21__d1t2__00007.wav,lsp-tanh,0,1,3,2,5.0,9.088421535688989
les_neck_fing18__d0t4__00004.wav,byod-mxr,les_neck_fing18,0.0027528405,les_neck_fing01__d1t3__00008.wav,pedalboard-tanh,0,1,4,3,5.0,9.146047429418331
les_neck_fing18__d1t0__00005.wav,byod-mxr,les_neck_fing18,0.0009766817,les_neck_pick09__d0t0__00000.wav,lsp-tanh,1,0,0,0,9.107670514338215,5.0
les_neck_fing18__d1t1__00006.wav,byod-mxr,les_neck_fing18,0.0016506314,les_bridge_pick16__d2t2__00012.wav,lsp-sine,1,2,1,2,9.107670514338215,13.251366385956809
les_neck_fing18__d1t2__00007.wav,byod-mxr,les_neck_fing18,0.0022901893,les_bridge_pick16__d2t3__00013.wav,lsp-sine,1,2,2,3,9.107670514338215,13.251366385956809
les_neck_fing18__d1t3__00008.wav,byod-mxr,les_neck_fing18,0.0027557015,les_neck_fing01__d2t2__00012.wav,lsp-arctan,1,2,3,2,9.107670514338215,13.270071970821393
les_neck_fing18__d1t4__00009.wav,byod-mxr,les_neck_fing18,0.0046913624,les_neck_fing01__d1t3__00008.wav,lsp-sine,1,1,4,3,9.107670514338215,9.202349861352678
les_neck_fing18__d2t0__00010.wav,byod-mxr,les_neck_fing18,0.0020805001,les_neck_pick09__d4t0__00020.wav,lsp-hardclip,2,4,0,0,13.292365801948186,21.54643860361127
les_neck_fing18__d2t1__00011.wav,byod-mxr,les_neck_fing18,0.0034267306,les_bridge_pick17__d3t1__00016.wav,lsp-sine,2,3,1,1,13.292365801948186,17.46073355198249
les_neck_fing18__d2t2__00012.wav,byod-mxr,les_neck_fing18,0.0026084185,les_neck_pick09__d1t2__00007.wav,lsp-tanh,2,1,2,2,13.292365801948186,9.088421535688989
les_neck_fing18__d2t3__00013.wav,byod-mxr,les_neck_fing18,0.0031561255,les_neck_pick09__d1t3__00008.wav,lsp-sine,2,1,3,3,13.292365801948186,9.202349861352678
les_neck_fing18__d2t4__00014.wav,byod-mxr,les_neck_fing18,0.0036270618,les_neck_pick09__d1t4__00009.wav,lsp-arctan,2,1,4,4,13.292365801948186,9.170316408518453
les_neck_fing18__d3t0__00015.wav,byod-mxr,les_neck_fing18,0.002840221,les_neck_pick09__d4t0__00020.wav,lsp-sine,3,4,0,0,17.452308155418716,21.652716208419097
les_neck_fing18__d3t1__00016.wav,byod-mxr,les_neck_fing18,0.0011361837,les_neck_pick12__d4t2__00022.wav,lsp-arctan,3,4,1,2,17.452308155418716,21.613326710488973
les_neck_fing18__d3t2__00017.wav,byod-mxr,les_neck_fing18,0.001986146,les_neck_pick09__d3t2__00017.wav,lsp-arctan,3,3,2,2,17.452308155418716,17.436825605717576
les_neck_fing18__d3t3__00018.wav,byod-mxr,les_neck_fing18,0.0025280118,les_neck_pick09__d3t3__00018.wav,lsp-tanh,3,3,3,3,17.452308155418716,17.426284440144894
les_neck_fing18__d3t4__00019.wav,byod-mxr,les_neck_fing18,0.0030537248,les_neck_pick09__d3t4__00019.wav,lsp-tanh,3,3,4,4,17.452308155418716,17.426284440144894
les_neck_fing18__d4t0__00020.wav,byod-mxr,les_neck_fing18,0.0037549734,les_bridge_pick17__d4t0__00020.wav,pedalboard-tanh,4,4,0,0,21.62039317761596,21.61638024087312
les_neck_fing18__d4t1__00021.wav,byod-mxr,les_neck_fing18,0.0024414659,les_bridge_fing17__d5t0__00025.wav,lsp-arctan,4,5,1,0,21.62039317761596,25.788497067568912
les_neck_fing18__d4t2__00022.wav,byod-mxr,les_neck_fing18,0.0016191602,les_neck_pick09__d4t2__00022.wav,pedalboard-tanh,4,4,2,2,21.62039317761596,21.61638024087312
les_neck_fing18__d4t3__00023.wav,byod-mxr,les_neck_fing18,0.0031298995,les_bridge_pick17__d4t3__00023.wav,lsp-sine,4,4,3,3,21.62039317761596,21.652716208419097
les_neck_fing18__d4t4__00024.wav,byod-mxr,les_neck_fing18,0.0035284162,les_neck_pick09__d4t4__00024.wav,lsp-arctan,4,4,4,4,21.62039317761596,21.613326710488973
les_neck_fing18__d5t0__00025.wav,byod-mxr,les_neck_fing18,0.0015271902,les_bridge_fing20__d0t2__00002.wav,byod-bigmuff,5,0,0,2,25.779078975465445,5.044777586688817
les_neck_fing18__d5t1__00026.wav,byod-mxr,les_neck_fing18,0.0037752986,les_neck_pick12__d5t2__00027.wav,lsp-hardclip,5,5,1,2,25.779078975465445,25.79865436059077
les_neck_fing18__d5t2__00027.wav,byod-mxr,les_neck_fing18,0.008990943,les_bridge_fing24__d4t4__00024.wav,lsp-arctan,5,4,2,4,25.779078975465445,21.613326710488973
les_neck_fing18__d5t3__00028.wav,byod-mxr,les_neck_fing18,0.0025944114,les_bridge_pick22__d5t3__00028.wav,lsp-sine,5,5,3,3,25.779078975465445,25.7855895742644
les_neck_fing18__d5t4__00029.wav,byod-mxr,les_neck_fing18,0.002036631,les_bridge_pick22__d5t4__00029.wav,lsp-sine,5,5,4,4,25.779078975465445,25.7855895742644
les_neck_fing18__d6t0__00030.wav,byod-mxr,les_neck_fing18,0.008624911,les_bridge_pick17__d2t2__00012.wav,byod-bigmuff,6,2,0,2,29.91150927100104,13.312631977514853
les_neck_fing18__d6t1__00031.wav,byod-mxr,les_neck_fing18,0.0026851296,les_neck_pick04__d5t2__00027.wav,byod-bigmuff,6,5,1,2,29.91150927100104,25.77210742134771
les_neck_fing18__d6t2__00032.wav,byod-mxr,les_neck_fing18,0.0019637346,les_neck_pick09__d6t2__00032.wav,lsp-sine,6,6,2,2,29.91150927100104,29.915327656251563
les_neck_fing18__d6t3__00033.wav,byod-mxr,les_neck_fing18,0.0032315254,les_neck_pick09__d6t3__00033.wav,pedalboard-tanh,6,6,3,3,29.91150927100104,29.92239131554786
les_neck_fing18__d6t4__00034.wav,byod-mxr,les_neck_fing18,0.001444757,les_neck_pick02__d6t4__00034.wav,lsp-tanh,6,6,4,4,29.91150927100104,29.89601395521624
les_neck_fing18__d7t0__00035.wav,byod-mxr,les_neck_fing18,0.008525431,les_neck_pick14__d6t1__00031.wav,byod-bigmuff,7,6,0,1,34.08156088036171,29.9151414217934
les_neck_fing18__d7t1__00036.wav,byod-mxr,les_neck_fing18,0.0037161708,les_neck_pick02__d5t3__00028.wav,byod-bigmuff,7,5,1,3,34.08156088036171,25.77210742134771
les_neck_fing18__d7t2__00037.wav,byod-mxr,les_neck_fing18,0.0041125417,les_bridge_fing20__d5t3__00028.wav,byod-bigmuff,7,5,2,3,34.08156088036171,25.77210742134771
les_neck_fing18__d7t3__00038.wav,byod-mxr,les_neck_fing18,0.0009789467,les_bridge_pick25__d6t4__00034.wav,lsp-sine,7,6,3,4,34.08156088036171,29.915327656251563
les_neck_fing18__d7t4__00039.wav,byod-mxr,les_neck_fing18,0.0013862848,les_neck_pick02__d7t4__00039.wav,pedalboard-tanh,7,7,4,4,34.08156088036171,34.075823464139134
les_neck_pick06__d0t0__00000.wav,byod-mxr,les_neck_pick06,0.0036489367,les_neck_pick12__d0t0__00000.wav,lsp-sine,0,0,0,0,5.0,5.041347474059023
les_neck_pick06__d0t1__00001.wav,byod-mxr,les_neck_pick06,0.0012074709,les_bridge_pick16__d0t0__00000.wav,lsp-hardclip,0,0,1,0,5.0,5.063331073032135
les_neck_pick06__d0t2__00002.wav,byod-mxr,les_neck_pick06,0.00074875355,les_bridge_pick16__d2t1__00011.wav,pedalboard-tanh,0,2,2,1,5.0,13.296816138037473
les_neck_pick06__d0t3__00003.wav,byod-mxr,les_neck_pick06,0.001372993,les_neck_pick05__d0t0__00000.wav,pedalboard-tanh,0,0,3,0,5.0,5.0
les_neck_pick06__d0t4__00004.wav,byod-mxr,les_neck_pick06,0.0032755733,les_bridge_pick16__d1t3__00008.wav,lsp-sine,0,1,4,3,5.0,9.202349861352678
les_neck_pick06__d1t0__00005.wav,byod-mxr,les_neck_pick06,0.0033206344,les_neck_pick12__d0t0__00000.wav,lsp-tanh,1,0,0,0,9.107670514338215,5.0
les_neck_pick06__d1t1__00006.wav,byod-mxr,les_neck_pick06,0.002414465,les_bridge_pick16__d1t0__00005.wav,lsp-hardclip,1,1,1,0,9.107670514338215,9.35456396552498
les_neck_pick06__d1t2__00007.wav,byod-mxr,les_neck_pick06,0.0017681718,les_bridge_pick16__d2t1__00011.wav,lsp-sine,1,2,2,1,9.107670514338215,13.251366385956809
les_neck_pick06__d1t3__00008.wav,byod-mxr,les_neck_pick06,0.0008623004,les_neck_pick05__d1t0__00005.wav,pedalboard-tanh,1,1,3,0,9.107670514338215,9.146047429418331
les_neck_pick06__d1t4__00009.wav,byod-mxr,les_neck_pick06,0.0040997267,les_neck_pick14__d4t0__00020.wav,lsp-hardclip,1,4,4,0,9.107670514338215,21.54643860361127
les_neck_pick06__d2t0__00010.wav,byod-mxr,les_neck_pick06,0.00508523,les_neck_pick12__d1t0__00005.wav,lsp-arctan,2,1,0,0,13.292365801948186,9.170316408518453
les_neck_pick06__d2t1__00011.wav,byod-mxr,les_neck_pick06,0.0012056231,les_bridge_fing24__d2t0__00010.wav,pedalboard-tanh,2,2,1,0,13.292365801948186,13.296816138037473
les_neck_pick06__d2t2__00012.wav,byod-mxr,les_neck_pick06,0.0020346642,les_neck_pick03__d1t0__00005.wav,lsp-sine,2,1,2,0,13.292365801948186,9.202349861352678
les_neck_pick06__d2t3__00013.wav,byod-mxr,les_neck_pick06,0.0030704737,les_neck_pick05__d4t0__00020.wav,lsp-hardclip,2,4,3,0,13.292365801948186,21.54643860361127
les_neck_pick06__d2t4__00014.wav,byod-mxr,les_neck_pick06,0.0063824654,les_neck_pick07__d2t4__00014.wav,byod-bigmuff,2,2,4,4,13.292365801948186,13.312631977514853
les_neck_pick06__d3t0__00015.wav,byod-mxr,les_neck_pick06,0.0023096204,les_neck_pick12__d0t0__00000.wav,byod-bigmuff,3,0,0,0,17.452308155418716,5.044777586688817
les_neck_pick06__d3t1__00016.wav,byod-mxr,les_neck_pick06,0.0013152361,les_bridge_fing24__d3t0__00015.wav,lsp-sine,3,3,1,0,17.452308155418716,17.46073355198249
les_neck_pick06__d3t2__00017.wav,byod-mxr,les_neck_pick06,0.0029122233,les_neck_pick03__d3t0__00015.wav,pedalboard-tanh,3,3,2,0,17.452308155418716,17.454399305827287
les_neck_pick06__d3t3__00018.wav,byod-mxr,les_neck_pick06,0.0025334954,les_neck_pick21__d4t0__00020.wav,lsp-tanh,3,4,3,0,17.452308155418716,21.61115826291455
les_neck_pick06__d3t4__00019.wav,byod-mxr,les_neck_pick06,0.008049846,les_bridge_pick16__d4t2__00022.wav,lsp-arctan,3,4,4,2,17.452308155418716,21.613326710488973
les_neck_pick06__d4t0__00020.wav,byod-mxr,les_neck_pick06,0.0012287498,les_bridge_fing24__d1t0__00005.wav,byod-bigmuff,4,1,0,0,21.62039317761596,9.126662172709777
les_neck_pick06__d4t1__00021.wav,byod-mxr,les_neck_pick06,0.00306499,les_neck_pick11__d4t0__00020.wav,lsp-tanh,4,4,1,0,21.62039317761596,21.61115826291455
les_neck_pick06__d4t2__00022.wav,byod-mxr,les_neck_pick06,0.0023615956,les_neck_pick03__d5t0__00025.wav,lsp-sine,4,5,2,0,21.62039317761596,25.7855895742644
les_neck_pick06__d4t3__00023.wav,byod-mxr,les_neck_pick06,0.0060278177,les_neck_pick12__d5t2__00027.wav,lsp-hardclip,4,5,3,2,21.62039317761596,25.79865436059077
les_neck_pick06__d4t4__00024.wav,byod-mxr,les_neck_pick06,0.010160089,les_neck_fing15__d6t1__00031.wav,lsp-sine,4,6,4,1,21.62039317761596,29.915327656251563
les_neck_pick06__d5t0__00025.wav,byod-mxr,les_neck_pick06,0.0006365776,les_neck_pick02__d1t1__00006.wav,byod-bigmuff,5,1,0,1,25.779078975465445,9.126662172709777
les_neck_pick06__d5t1__00026.wav,byod-mxr,les_neck_pick06,0.004312992,les_bridge_fing21__d5t1__00026.wav,lsp-hardclip,5,5,1,1,25.779078975465445,25.79865436059077
les_neck_pick06__d5t2__00027.wav,byod-mxr,les_neck_pick06,0.0042072535,les_neck_pick02__d6t0__00030.wav,lsp-hardclip,5,6,2,0,25.779078975465445,29.908667593492765
les_neck_pick06__d5t3__00028.wav,byod-mxr,les_neck_pick06,0.007508099,les_neck_pick04__d6t1__00031.wav,lsp-hardclip,5,6,3,1,25.779078975465445,29.908667593492765
les_neck_pick06__d5t4__00029.wav,byod-mxr,les_neck_pick06,0.005094886,les_neck_pick21__d6t1__00031.wav,lsp-arctan,5,6,4,1,25.779078975465445,29.91872954355242
les_neck_pick06__d6t0__00030.wav,byod-mxr,les_neck_pick06,0.002007246,les_neck_pick02__d3t1__00016.wav,byod-bigmuff,6,3,0,1,29.91150927100104,17.442946393617085
les_neck_pick06__d6t1__00031.wav,byod-mxr,les_neck_pick06,0.0027272701,les_neck_pick02__d5t1__00026.wav,byod-bigmuff,6,5,1,1,29.91150927100104,25.77210742134771
les_neck_pick06__d6t2__00032.wav,byod-mxr,les_neck_pick06,0.003890574,les_bridge_fing24__d6t1__00031.wav,lsp-tanh,6,6,2,1,29.91150927100104,29.89601395521624
les_neck_pick06__d6t3__00033.wav,byod-mxr,les_neck_pick06,0.0026484728,les_neck_pick04__d6t2__00032.wav,byod-bigmuff,6,6,3,2,29.91150927100104,29.9151414217934
les_neck_pick06__d6t4__00034.wav,byod-mxr,les_neck_pick06,0.005743444,les_bridge_pick22__d6t3__00033.wav,lsp-arctan,6,6,4,3,29.91150927100104,29.91872954355242
les_neck_pick06__d7t0__00035.wav,byod-mxr,les_neck_pick06,0.0019372702,les_neck_pick11__d6t0__00030.wav,byod-bigmuff,7,6,0,0,34.08156088036171,29.9151414217934
les_neck_pick06__d7t1__00036.wav,byod-mxr,les_neck_pick06,0.0023410916,les_neck_pick02__d7t0__00035.wav,lsp-sine,7,7,1,0,34.08156088036171,34.094517939627885
les_neck_pick06__d7t2__00037.wav,byod-mxr,les_neck_pick06,0.0020896792,les_neck_pick09__d7t1__00036.wav,pedalboard-tanh,7,7,2,1,34.08156088036171,34.075823464139134
les_neck_pick06__d7t3__00038.wav,byod-mxr,les_neck_pick06,0.0023806691,les_neck_pick12__d6t4__00034.wav,lsp-hardclip,7,6,3,4,34.08156088036171,29.908667593492765
les_neck_pick06__d7t4__00039.wav,byod-mxr,les_neck_pick06,0.005524814,les_neck_pick21__d6t4__00034.wav,byod-bigmuff,7,6,4,4,34.08156088036171,29.9151414217934
les_neck_pick17__d0t0__00000.wav,byod-mxr,les_neck_pick17,0.00024420023,les_neck_pick12__d0t1__00001.wav,lsp-hardclip,0,0,0,1,5.0,5.063331073032135
les_neck_pick17__d0t1__00001.wav,byod-mxr,les_neck_pick17,0.00069600344,les_neck_pick21__d2t0__00010.wav,pedalboard-tanh,0,2,1,0,5.0,13.296816138037473
les_neck_pick17__d0t2__00002.wav,byod-mxr,les_neck_pick17,0.0007365346,les_neck_pick21__d1t1__00006.wav,lsp-sine,0,1,2,1,5.0,9.202349861352678
les_neck_pick17__d0t3__00003.wav,byod-mxr,les_neck_pick17,0.0012818575,les_neck_pick02__d0t2__00002.wav,pedalboard-tanh,0,0,3,2,5.0,5.0
les_neck_pick17__d0t4__00004.wav,byod-mxr,les_neck_pick17,0.0014050603,les_neck_pick21__d1t2__00007.wav,lsp-sine,0,1,4,2,5.0,9.202349861352678
les_neck_pick17__d1t0__00005.wav,byod-mxr,les_neck_pick17,0.0003939867,les_bridge_pick16__d3t0__00015.wav,lsp-sine,1,3,0,0,9.107670514338215,17.46073355198249
les_neck_pick17__d1t1__00006.wav,byod-mxr,les_neck_pick17,0.0011973381,les_neck_pick21__d3t0__00015.wav,lsp-hardclip,1,3,1,0,9.107670514338215,17.563088337099366
les_neck_pick17__d1t2__00007.wav,byod-mxr,les_neck_pick17,0.001975894,les_bridge_fing20__d0t3__00003.wav,pedalboard-tanh,1,0,2,3,9.107670514338215,5.0
les_neck_pick17__d1t3__00008.wav,byod-mxr,les_neck_pick17,0.0009057522,les_neck_pick02__d1t2__00007.wav,lsp-sine,1,1,3,2,9.107670514338215,9.202349861352678
les_neck_pick17__d1t4__00009.wav,byod-mxr,les_neck_pick17,0.0022695065,les_neck_pick05__d0t2__00002.wav,lsp-tanh,1,0,4,2,9.107670514338215,5.0
les_neck_pick17__d2t0__00010.wav,byod-mxr,les_neck_pick17,0.0002657175,les_neck_pick12__d2t1__00011.wav,pedalboard-tanh,2,2,0,1,13.292365801948186,13.296816138037473
les_neck_pick17__d2t1__00011.wav,byod-mxr,les_neck_pick17,0.001958251,les_neck_pick21__d3t0__00015.wav,lsp-arctan,2,3,1,0,13.292365801948186,17.436825605717576
les_neck_pick17__d2t2__00012.wav,byod-mxr,les_neck_pick17,0.0020146966,les_bridge_fing17__d0t1__00001.wav,lsp-hardclip,2,0,2,1,13.292365801948186,5.063331073032135
les_neck_pick17__d2t3__00013.wav,byod-mxr,les_neck_pick17,0.0010804534,les_neck_pick02__d2t2__00012.wav,lsp-arctan,2,2,3,2,13.292365801948186,13.270071970821393
les_neck_pick17__d2t4__00014.wav,byod-mxr,les_neck_pick17,0.002485931,les_neck_pick05__d0t2__00002.wav,lsp-hardclip,2,0,4,2,13.292365801948186,5.063331073032135
les_neck_pick17__d3t0__00015.wav,byod-mxr,les_neck_pick17,0.00080269575,les_bridge_fing24__d3t0__00015.wav,lsp-hardclip,3,3,0,0,17.452308155418716,17.563088337099366
les_neck_pick17__d3t1__00016.wav,byod-mxr,les_neck_pick17,0.0014563799,les_neck_pick05__d3t0__00015.wav,lsp-arctan,3,3,1,0,17.452308155418716,17.436825605717576
les_neck_pick17__d3t2__00017.wav,byod-mxr,les_neck_pick17,0.003661871,les_bridge_fing24__d2t3__00013.wav,lsp-sine,3,2,2,3,17.452308155418716,13.251366385956809
les_neck_pick17__d3t3__00018.wav,byod-mxr,les_neck_pick17,0.004167199,les_neck_pick04__d3t2__00017.wav,lsp-hardclip,3,3,3,2,17.452308155418716,17.563088337099366
les_neck_pick17__d3t4__00019.wav,byod-mxr,les_neck_pick17,0.0027331114,les_neck_pick21__d3t2__00017.wav,lsp-arctan,3,3,4,2,17.452308155418716,17.436825605717576
les_neck_pick17__d4t0__00020.wav,byod-mxr,les_neck_pick17,0.0016206503,les_bridge_fing24__d4t0__00020.wav,lsp-hardclip,4,4,0,0,21.62039317761596,21.54643860361127
les_neck_pick17__d4t1__00021.wav,byod-mxr,les_neck_pick17,0.003051877,les_neck_pick12__d4t1__00021.wav,pedalboard-tanh,4,4,1,1,21.62039317761596,21.61638024087312
les_neck_pick17__d4t2__00022.wav,byod-mxr,les_neck_pick17,0.005274415,les_bridge_fing24__d3t3__00018.wav,pedalboard-tanh,4,3,2,3,21.62039317761596,17.454399305827287
les_neck_pick17__d4t3__00023.wav,byod-mxr,les_neck_pick17,0.003942907,les_bridge_pick22__d3t4__00019.wav,lsp-tanh,4,3,3,4,21.62039317761596,17.426284440144894
les_neck_pick17__d4t4__00024.wav,byod-mxr,les_neck_pick17,0.0085353255,les_neck_pick09__d4t4__00024.wav,lsp-hardclip,4,4,4,4,21.62039317761596,21.54643860361127
les_neck_pick17__d5t0__00025.wav,byod-mxr,les_neck_pick17,0.0026121736,les_bridge_pick22__d4t0__00020.wav,lsp-arctan,5,4,0,0,25.779078975465445,21.613326710488973
les_neck_pick17__d5t1__00026.wav,byod-mxr,les_neck_pick17,0.003174603,les_neck_pick02__d5t0__00025.wav,lsp-hardclip,5,5,1,0,25.779078975465445,25.79865436059077
les_neck_pick17__d5t2__00027.wav,byod-mxr,les_neck_pick17,0.0075564384,les_neck_pick21__d5t1__00026.wav,lsp-hardclip,5,5,2,1,25.779078975465445,25.79865436059077
les_neck_pick17__d5t3__00028.wav,byod-mxr,les_neck_pick17,0.007302344,les_bridge_fing20__d2t4__00014.wav,byod-bigmuff,5,2,3,4,25.779078975465445,13.312631977514853
les_neck_pick17__d5t4__00029.wav,byod-mxr,les_neck_pick17,0.006757438,les_neck_fing01__d4t4__00024.wav,byod-bigmuff,5,4,4,4,25.779078975465445,21.5884141303546
les_neck_pick17__d6t0__00030.wav,byod-mxr,les_neck_pick17,0.0018315911,les_bridge_pick16__d5t0__00025.wav,lsp-arctan,6,5,0,0,29.91150927100104,25.788497067568912
les_neck_pick17__d6t1__00031.wav,byod-mxr,les_neck_pick17,0.0031012297,les_bridge_fing20__d6t0__00030.wav,lsp-hardclip,6,6,1,0,29.91150927100104,29.908667593492765
les_neck_pick17__d6t2__00032.wav,byod-mxr,les_neck_pick17,0.008532047,les_bridge_pick17__d5t2__00027.wav,lsp-arctan,6,5,2,2,29.91150927100104,25.788497067568912
les_neck_pick17__d6t3__00033.wav,byod-mxr,les_neck_pick17,0.0043820143,les_bridge_fing20__d3t4__00019.wav,byod-bigmuff,6,3,3,4,29.91150927100104,17.442946393617085
les_neck_pick17__d6t4__00034.wav,byod-mxr,les_neck_pick17,0.002350688,les_neck_fing01__d6t3__00033.wav,byod-bigmuff,6,6,4,3,29.91150927100104,29.9151414217934
les_neck_pick17__d7t0__00035.wav,byod-mxr,les_neck_pick17,0.0064507723,les_bridge_pick16__d6t0__00030.wav,lsp-sine,7,6,0,0,34.08156088036171,29.915327656251563
les_neck_pick17__d7t1__00036.wav,byod-mxr,les_neck_pick17,0.0067213774,les_neck_pick02__d7t0__00035.wav,pedalboard-tanh,7,7,1,0,34.08156088036171,34.075823464139134
les_neck_pick17__d7t2__00037.wav,byod-mxr,les_neck_pick17,0.00552547,les_bridge_pick16__d7t2__00037.wav,byod-bigmuff,7,7,2,2,34.08156088036171,34.074932620854284
les_neck_pick17__d7t3__00038.wav,byod-mxr,les_neck_pick17,0.0038961172,les_neck_pick04__d6t4__00034.wav,byod-bigmuff,7,6,3,4,34.08156088036171,29.9151414217934
les_neck_pick17__d7t4__00039.wav,byod-mxr,les_neck_pick17,0.0017097592,les_neck_pick12__d7t4__00039.wav,byod-bigmuff,7,7,4,4,34.08156088036171,34.074932620854284
les_bridge_fing02__d0t0__00000.wav,lsp-arctan,les_bridge_fing02,0.0006585121,les_bridge_pick16__d1t1__00006.wav,pedalboard-tanh,0,1,0,1,5.005872107125804,9.146047429418331
les_bridge_fing02__d0t1__00001.wav,lsp-arctan,les_bridge_fing02,0.0008409023,les_neck_pick02__d0t0__00000.wav,pedalboard-tanh,0,0,1,0,5.005872107125804,5.0
les_bridge_fing02__d0t2__00002.wav,lsp-arctan,les_bridge_fing02,0.0011583567,les_neck_pick14__d2t0__00010.wav,byod-mxr,0,2,2,0,5.005872107125804,13.292365801948186
les_bridge_fing02__d0t3__00003.wav,lsp-arctan,les_bridge_fing02,0.0011567473,les_bridge_fing24__d0t4__00004.wav,lsp-sine,0,0,3,4,5.005872107125804,5.041347474059023
les_bridge_fing02__d0t4__00004.wav,lsp-arctan,les_bridge_fing02,0.0014820695,les_bridge_pick22__d0t4__00004.wav,byod-mxr,0,0,4,4,5.005872107125804,5.0
les_bridge_fing02__d1t0__00005.wav,lsp-arctan,les_bridge_fing02,0.0006815195,les_bridge_pick16__d1t1__00006.wav,lsp-sine,1,1,0,1,9.170316408518453,9.202349861352678
les_bridge_fing02__d1t1__00006.wav,lsp-arctan,les_bridge_fing02,0.00076162815,les_neck_pick21__d2t0__00010.wav,lsp-tanh,1,2,1,0,9.170316408518453,13.297259315581634
les_bridge_fing02__d1t2__00007.wav,lsp-arctan,les_bridge_fing02,0.0015686154,les_bridge_pick16__d1t3__00008.wav,lsp-sine,1,1,2,3,9.170316408518453,9.202349861352678
les_bridge_fing02__d1t3__00008.wav,lsp-arctan,les_bridge_fing02,0.002322495,les_bridge_pick17__d1t3__00008.wav,pedalboard-tanh,1,1,3,3,9.170316408518453,9.146047429418331
les_bridge_fing02__d1t4__00009.wav,lsp-arctan,les_bridge_fing02,0.0021919012,les_bridge_pick22__d1t4__00009.wav,lsp-sine,1,1,4,4,9.170316408518453,9.202349861352678
les_bridge_fing02__d2t0__00010.wav,lsp-arctan,les_bridge_fing02,0.0015306473,les_neck_pick12__d2t1__00011.wav,lsp-hardclip,2,2,0,1,13.270071970821393,13.55142968534178
les_bridge_fing02__d2t1__00011.wav,lsp-arctan,les_bridge_fing02,0.0010148883,les_bridge_fing17__d1t0__00005.wav,pedalboard-tanh,2,1,1,0,13.270071970821393,9.146047429418331
les_bridge_fing02__d2t2__00012.wav,lsp-arctan,les_bridge_fing02,0.0011177063,les_bridge_fing17__d1t1__00006.wav,lsp-hardclip,2,1,2,1,13.270071970821393,9.35456396552498
les_bridge_fing02__d2t3__00013.wav,lsp-arctan,les_bridge_fing02,0.0029749274,les_bridge_fing24__d1t4__00009.wav,byod-mxr,2,1,3,4,13.270071970821393,9.107670514338215
les_bridge_fing02__d2t4__00014.wav,lsp-arctan,les_bridge_fing02,0.004230857,les_bridge_pick17__d1t4__00009.wav,lsp-sine,2,1,4,4,13.270071970821393,9.202349861352678
les_bridge_fing02__d3t0__00015.wav,lsp-arctan,les_bridge_fing02,0.0007734895,les_bridge_fing24__d2t1__00011.wav,lsp-tanh,3,2,0,1,17.436825605717576,13.297259315581634
les_bridge_fing02__d3t1__00016.wav,lsp-arctan,les_bridge_fing02,0.0020370483,les_neck_pick12__d3t2__00017.wav,lsp-tanh,3,3,1,2,17.436825605717576,17.426284440144894
les_bridge_fing02__d3t2__00017.wav,lsp-arctan,les_bridge_fing02,0.004136443,les_neck_fing01__d3t1__00016.wav,lsp-sine,3,3,2,1,17.436825605717576,17.46073355198249
les_bridge_fing02__d3t3__00018.wav,lsp-arctan,les_bridge_fing02,0.006744206,les_neck_pick04__d3t2__00017.wav,lsp-tanh,3,3,3,2,17.436825605717576,17.426284440144894
les_bridge_fing02__d3t4__00019.wav,lsp-arctan,les_bridge_fing02,0.0026475787,les_bridge_pick25__d3t4__00019.wav,pedalboard-tanh,3,3,4,4,17.436825605717576,17.454399305827287
les_bridge_fing02__d4t0__00020.wav,lsp-arctan,les_bridge_fing02,0.0016694069,les_bridge_pick17__d4t0__00020.wav,lsp-sine,4,4,0,0,21.613326710488973,21.652716208419097
les_bridge_fing02__d4t1__00021.wav,lsp-arctan,les_bridge_fing02,0.0018223524,les_neck_pick12__d4t2__00022.wav,lsp-sine,4,4,1,2,21.613326710488973,21.652716208419097
les_bridge_fing02__d4t2__00022.wav,lsp-arctan,les_bridge_fing02,0.0031955242,les_neck_pick12__d4t3__00023.wav,byod-mxr,4,4,2,3,21.613326710488973,21.62039317761596
les_bridge_fing02__d4t3__00023.wav,lsp-arctan,les_bridge_fing02,0.0032355785,les_neck_pick11__d4t3__00023.wav,pedalboard-tanh,4,4,3,3,21.613326710488973,21.61638024087312
les_bridge_fing02__d4t4__00024.wav,lsp-arctan,les_bridge_fing02,0.0032920241,les_neck_pick05__d5t2__00027.wav,lsp-hardclip,4,5,4,2,21.613326710488973,25.79865436059077
les_bridge_fing02__d5t0__00025.wav,lsp-arctan,les_bridge_fing02,0.0035262704,les_bridge_pick22__d4t1__00021.wav,lsp-hardclip,5,4,0,1,25.788497067568912,21.54643860361127
les_bridge_fing02__d5t1__00026.wav,lsp-arctan,les_bridge_fing02,0.003128171,les_neck_pick09__d5t1__00026.wav,lsp-tanh,5,5,1,1,25.788497067568912,25.766463780707188
les_bridge_fing02__d5t2__00027.wav,lsp-arctan,les_bridge_fing02,0.0033827424,les_bridge_pick22__d5t2__00027.wav,lsp-sine,5,5,2,2,25.788497067568912,25.7855895742644
les_bridge_fing02__d5t3__00028.wav,lsp-arctan,les_bridge_fing02,0.003768921,les_neck_pick11__d5t3__00028.wav,byod-mxr,5,5,3,3,25.788497067568912,25.779078975465445
les_bridge_fing02__d5t4__00029.wav,lsp-arctan,les_bridge_fing02,0.0024083853,les_neck_pick11__d5t4__00029.wav,byod-mxr,5,5,4,4,25.788497067568912,25.779078975465445
les_bridge_fing02__d6t0__00030.wav,lsp-arctan,les_bridge_fing02,0.006711304,les_bridge_pick25__d5t1__00026.wav,byod-mxr,6,5,0,1,29.91872954355242,25.779078975465445
les_bridge_fing02__d6t1__00031.wav,lsp-arctan,les_bridge_fing02,0.0064257383,les_bridge_fing17__d6t0__00030.wav,byod-mxr,6,6,1,0,29.91872954355242,29.91150927100104
les_bridge_fing02__d6t2__00032.wav,lsp-arctan,les_bridge_fing02,0.004098177,les_bridge_fing17__d6t1__00031.wav,pedalboard-tanh,6,6,2,1,29.91872954355242,29.92239131554786
les_bridge_fing02__d6t3__00033.wav,lsp-arctan,les_bridge_fing02,0.003147602,les_neck_pick14__d5t3__00028.wav,byod-bigmuff,6,5,3,3,29.91872954355242,25.77210742134771
les_bridge_fing02__d6t4__00034.wav,lsp-arctan,les_bridge_fing02,0.004194975,les_bridge_pick16__d6t4__00034.wav,lsp-hardclip,6,6,4,4,29.91872954355242,29.908667593492765
les_bridge_fing02__d7t0__00035.wav,lsp-arctan,les_bridge_fing02,0.006061733,les_neck_pick21__d6t1__00031.wav,byod-bigmuff,7,6,0,1,34.09435618625095,29.9151414217934
les_bridge_fing02__d7t1__00036.wav,lsp-arctan,les_bridge_fing02,0.0046857,les_bridge_pick22__d6t2__00032.wav,lsp-tanh,7,6,1,2,34.09435618625095,29.89601395521624
les_bridge_fing02__d7t2__00037.wav,lsp-arctan,les_bridge_fing02,0.0055668354,les_bridge_fing17__d7t1__00036.wav,lsp-tanh,7,7,2,1,34.09435618625095,34.0729352593394
les_bridge_fing02__d7t3__00038.wav,lsp-arctan,les_bridge_fing02,0.0021241307,les_bridge_pick16__d7t3__00038.wav,pedalboard-tanh,7,7,3,3,34.09435618625095,34.075823464139134
les_bridge_fing02__d7t4__00039.wav,lsp-arctan,les_bridge_fing02,0.0030924082,les_bridge_pick16__d7t4__00039.wav,lsp-hardclip,7,7,4,4,34.09435618625095,34.07942205160116
les_bridge_fing05__d0t0__00000.wav,lsp-arctan,les_bridge_fing05,0.0017597675,les_neck_fing15__d2t1__00011.wav,lsp-hardclip,0,2,0,1,5.005872107125804,13.55142968534178
les_bridge_fing05__d0t1__00001.wav,lsp-arctan,les_bridge_fing05,0.0021725893,les_neck_pick05__d0t1__00001.wav,lsp-sine,0,0,1,1,5.005872107125804,5.041347474059023
les_bridge_fing05__d0t2__00002.wav,lsp-arctan,les_bridge_fing05,0.0016435981,les_neck_pick21__d0t2__00002.wav,lsp-sine,0,0,2,2,5.005872107125804,5.041347474059023
les_bridge_fing05__d0t3__00003.wav,lsp-arctan,les_bridge_fing05,0.0008212328,les_neck_fing01__d1t3__00008.wav,pedalboard-tanh,0,1,3,3,5.005872107125804,9.146047429418331
les_bridge_fing05__d0t4__00004.wav,lsp-arctan,les_bridge_fing05,0.00081026554,les_neck_fing01__d0t4__00004.wav,lsp-tanh,0,0,4,4,5.005872107125804,5.0
les_bridge_fing05__d1t0__00005.wav,lsp-arctan,les_bridge_fing05,0.0012183189,les_bridge_pick22__d0t2__00002.wav,pedalboard-tanh,1,0,0,2,9.170316408518453,5.0
les_bridge_fing05__d1t1__00006.wav,lsp-arctan,les_bridge_fing05,0.0013982654,les_neck_pick05__d0t1__00001.wav,lsp-tanh,1,0,1,1,9.170316408518453,5.0
les_bridge_fing05__d1t2__00007.wav,lsp-arctan,les_bridge_fing05,0.0019009113,les_neck_fing01__d2t2__00012.wav,pedalboard-tanh,1,2,2,2,9.170316408518453,13.296816138037473
les_bridge_fing05__d1t3__00008.wav,lsp-arctan,les_bridge_fing05,0.00093758106,les_neck_fing01__d1t3__00008.wav,lsp-sine,1,1,3,3,9.170316408518453,9.202349861352678
les_bridge_fing05__d1t4__00009.wav,lsp-arctan,les_bridge_fing05,0.0011853576,les_neck_fing01__d1t4__00009.wav,lsp-tanh,1,1,4,4,9.170316408518453,9.088421535688989
les_bridge_fing05__d2t0__00010.wav,lsp-arctan,les_bridge_fing05,0.0009919405,les_bridge_pick22__d1t2__00007.wav,pedalboard-tanh,2,1,0,2,13.270071970821393,9.146047429418331
les_bridge_fing05__d2t1__00011.wav,lsp-arctan,les_bridge_fing05,0.001635611,les_bridge_pick22__d1t3__00008.wav,byod-mxr,2,1,1,3,13.270071970821393,9.107670514338215
les_bridge_fing05__d2t2__00012.wav,lsp-arctan,les_bridge_fing05,0.00256598,les_neck_fing01__d2t2__00012.wav,byod-mxr,2,2,2,2,13.270071970821393,13.292365801948186
les_bridge_fing05__d2t3__00013.wav,lsp-arctan,les_bridge_fing05,0.0021995902,les_bridge_fing17__d0t4__00004.wav,byod-mxr,2,0,3,4,13.270071970821393,5.0
les_bridge_fing05__d2t4__00014.wav,lsp-arctan,les_bridge_fing05,0.0029398203,les_neck_fing01__d2t4__00014.wav,pedalboard-tanh,2,2,4,4,13.270071970821393,13.296816138037473
les_bridge_fing05__d3t0__00015.wav,lsp-arctan,les_bridge_fing05,0.0007878542,les_bridge_fing24__d1t2__00007.wav,byod-mxr,3,1,0,2,17.436825605717576,9.107670514338215
les_bridge_fing05__d3t1__00016.wav,lsp-arctan,les_bridge_fing05,0.0012890697,les_bridge_pick22__d2t3__00013.wav,lsp-sine,3,2,1,3,17.436825605717576,13.251366385956809
les_bridge_fing05__d3t2__00017.wav,lsp-arctan,les_bridge_fing05,0.003147602,les_bridge_pick17__d2t4__00014.wav,lsp-sine,3,2,2,4,17.436825605717576,13.251366385956809
les_bridge_fing05__d3t3__00018.wav,lsp-arctan,les_bridge_fing05,0.004199326,les_bridge_fing17__d2t4__00014.wav,byod-mxr,3,2,3,4,17.436825605717576,13.292365801948186
les_bridge_fing05__d3t4__00019.wav,lsp-arctan,les_bridge_fing05,0.004127443,les_neck_pick21__d3t3__00018.wav,byod-mxr,3,3,4,3,17.436825605717576,17.452308155418716
les_bridge_fing05__d4t0__00020.wav,lsp-arctan,les_bridge_fing05,0.0051719546,les_bridge_fing24__d3t2__00017.wav,lsp-hardclip,4,3,0,2,21.613326710488973,17.563088337099366
les_bridge_fing05__d4t1__00021.wav,lsp-arctan,les_bridge_fing05,0.0018970966,les_bridge_fing20__d3t3__00018.wav,lsp-sine,4,3,1,3,21.613326710488973,17.46073355198249
les_bridge_fing05__d4t2__00022.wav,lsp-arctan,les_bridge_fing05,0.0032042265,les_neck_pick03__d4t3__00023.wav,lsp-tanh,4,4,2,3,21.613326710488973,21.61115826291455
les_bridge_fing05__d4t3__00023.wav,lsp-arctan,les_bridge_fing05,0.0033756495,les_neck_pick05__d5t3__00028.wav,lsp-hardclip,4,5,3,3,21.613326710488973,25.79865436059077
les_bridge_fing05__d4t4__00024.wav,lsp-arctan,les_bridge_fing05,0.0041890144,les_neck_pick05__d5t4__00029.wav,lsp-hardclip,4,5,4,4,21.613326710488973,25.79865436059077
les_bridge_fing05__d5t0__00025.wav,lsp-arctan,les_bridge_fing05,0.0053020716,les_neck_pick09__d5t1__00026.wav,byod-mxr,5,5,0,1,25.788497067568912,25.779078975465445
les_bridge_fing05__d5t1__00026.wav,lsp-arctan,les_bridge_fing05,0.0050967336,les_bridge_fing24__d4t4__00024.wav,byod-mxr,5,4,1,4,25.788497067568912,21.62039317761596
les_bridge_fing05__d5t2__00027.wav,lsp-arctan,les_bridge_fing05,0.0038155317,les_bridge_pick17__d4t4__00024.wav,lsp-tanh,5,4,2,4,25.788497067568912,21.61115826291455
les_bridge_fing05__d5t3__00028.wav,lsp-arctan,les_bridge_fing05,0.0045766234,les_neck_pick04__d5t4__00029.wav,lsp-sine,5,5,3,4,25.788497067568912,25.7855895742644
les_bridge_fing05__d5t4__00029.wav,lsp-arctan,les_bridge_fing05,0.0022001266,les_neck_pick14__d6t3__00033.wav,lsp-hardclip,5,6,4,3,25.788497067568912,29.908667593492765
les_bridge_fing05__d6t0__00030.wav,lsp-arctan,les_bridge_fing05,0.004881978,les_neck_pick04__d5t2__00027.wav,byod-bigmuff,6,5,0,2,29.91872954355242,25.77210742134771
les_bridge_fing05__d6t1__00031.wav,lsp-arctan,les_bridge_fing05,0.0034182668,les_neck_pick09__d6t2__00032.wav,lsp-tanh,6,6,1,2,29.91872954355242,29.89601395521624
les_bridge_fing05__d6t2__00032.wav,lsp-arctan,les_bridge_fing05,0.0039191246,les_neck_pick12__d6t4__00034.wav,byod-bigmuff,6,6,2,4,29.91872954355242,29.9151414217934
les_bridge_fing05__d6t3__00033.wav,lsp-arctan,les_bridge_fing05,0.0014318228,les_neck_pick03__d7t4__00039.wav,lsp-hardclip,6,7,3,4,29.91872954355242,34.07942205160116
les_bridge_fing05__d6t4__00034.wav,lsp-arctan,les_bridge_fing05,0.00062817335,les_bridge_fing17__d7t4__00039.wav,pedalboard-tanh,6,7,4,4,29.91872954355242,34.075823464139134
les_bridge_fing05__d7t0__00035.wav,lsp-arctan,les_bridge_fing05,0.0063892007,les_neck_pick07__d7t3__00038.wav,pedalboard-tanh,7,7,0,3,34.09435618625095,34.075823464139134
les_bridge_fing05__d7t1__00036.wav,lsp-arctan,les_bridge_fing05,0.0027970672,les_bridge_pick22__d7t3__00038.wav,lsp-hardclip,7,7,1,3,34.09435618625095,34.07942205160116
les_bridge_fing05__d7t2__00037.wav,lsp-arctan,les_bridge_fing05,0.0016377568,les_bridge_pick25__d7t4__00039.wav,byod-mxr,7,7,2,4,34.09435618625095,34.08156088036171
les_bridge_fing05__d7t3__00038.wav,lsp-arctan,les_bridge_fing05,0.0010131598,les_bridge_fing20__d7t4__00039.wav,lsp-hardclip,7,7,3,4,34.09435618625095,34.07942205160116
les_bridge_fing05__d7t4__00039.wav,lsp-arctan,les_bridge_fing05,0.0020441413,les_neck_pick14__d7t4__00039.wav,lsp-tanh,7,7,4,4,34.09435618625095,34.0729352593394
les_bridge_fing07__d0t0__00000.wav,lsp-arctan,les_bridge_fing07,0.0013301373,les_bridge_pick16__d1t1__00006.wav,lsp-sine,0,1,0,1,5.005872107125804,9.202349861352678
les_bridge_fing07__d0t1__00001.wav,lsp-arctan,les_bridge_fing07,0.0013893843,les_neck_fing15__d4t0__00020.wav,lsp-sine,0,4,1,0,5.005872107125804,21.652716208419097
les_bridge_fing07__d0t2__00002.wav,lsp-arctan,les_bridge_fing07,0.0015583038,les_neck_fing15__d0t2__00002.wav,lsp-hardclip,0,0,2,2,5.005872107125804,5.063331073032135
les_bridge_fing07__d0t3__00003.wav,lsp-arctan,les_bridge_fing07,0.0014377236,les_bridge_fing17__d0t2__00002.wav,lsp-tanh,0,0,3,2,5.005872107125804,5.0
les_bridge_fing07__d0t4__00004.wav,lsp-arctan,les_bridge_fing07,0.0039721727,les_neck_pick05__d0t2__00002.wav,lsp-hardclip,0,0,4,2,5.005872107125804,5.063331073032135
les_bridge_fing07__d1t0__00005.wav,lsp-arctan,les_bridge_fing07,0.0014512539,les_bridge_pick16__d1t1__00006.wav,lsp-sine,1,1,0,1,9.170316408518453,9.202349861352678
les_bridge_fing07__d1t1__00006.wav,lsp-arctan,les_bridge_fing07,0.0006516576,les_bridge_fing17__d0t0__00000.wav,pedalboard-tanh,1,0,1,0,9.170316408518453,5.0
les_bridge_fing07__d1t2__00007.wav,lsp-arctan,les_bridge_fing07,0.00063216686,les_bridge_pick17__d1t2__00007.wav,lsp-sine,1,1,2,2,9.170316408518453,9.202349861352678
les_bridge_fing07__d1t3__00008.wav,lsp-arctan,les_bridge_fing07,0.0022579432,les_bridge_fing17__d0t2__00002.wav,lsp-hardclip,1,0,3,2,9.170316408518453,5.063331073032135
les_bridge_fing07__d1t4__00009.wav,lsp-arctan,les_bridge_fing07,0.0027005672,les_bridge_pick17__d1t4__00009.wav,byod-mxr,1,1,4,4,9.170316408518453,9.107670514338215
les_bridge_fing07__d2t0__00010.wav,lsp-arctan,les_bridge_fing07,0.0026091933,les_bridge_fing24__d1t1__00006.wav,pedalboard-tanh,2,1,0,1,13.270071970821393,9.146047429418331
les_bridge_fing07__d2t1__00011.wav,lsp-arctan,les_bridge_fing07,0.000759542,les_bridge_fing17__d2t0__00010.wav,lsp-hardclip,2,2,1,0,13.270071970821393,13.55142968534178
les_bridge_fing07__d2t2__00012.wav,lsp-arctan,les_bridge_fing07,0.0011746883,les_bridge_pick17__d2t2__00012.wav,lsp-tanh,2,2,2,2,13.270071970821393,13.297259315581634
les_bridge_fing07__d2t3__00013.wav,lsp-arctan,les_bridge_fing07,0.003675878,les_bridge_pick17__d2t3__00013.wav,lsp-tanh,2,2,3,3,13.270071970821393,13.297259315581634
les_bridge_fing07__d2t4__00014.wav,lsp-arctan,les_bridge_fing07,0.0041493773,les_bridge_pick17__d2t4__00014.wav,lsp-sine,2,2,4,4,13.270071970821393,13.251366385956809
les_bridge_fing07__d3t0__00015.wav,lsp-arctan,les_bridge_fing07,0.0017209053,les_neck_pick09__d0t0__00000.wav,lsp-tanh,3,0,0,0,17.436825605717576,5.0
les_bridge_fing07__d3t1__00016.wav,lsp-arctan,les_bridge_fing07,0.00092953444,les_bridge_fing17__d3t0__00015.wav,byod-mxr,3,3,1,0,17.436825605717576,17.452308155418716
les_bridge_fing07__d3t2__00017.wav,lsp-arctan,les_bridge_fing07,0.0069637895,les_neck_pick12__d3t4__00019.wav,lsp-tanh,3,3,2,4,17.436825605717576,17.426284440144894
les_bridge_fing07__d3t3__00018.wav,lsp-arctan,les_bridge_fing07,0.004894197,les_neck_pick03__d4t2__00022.wav,byod-mxr,3,4,3,2,17.436825605717576,21.62039317761596
les_bridge_fing07__d3t4__00019.wav,lsp-arctan,les_bridge_fing07,0.0050516725,les_bridge_pick16__d4t3__00023.wav,pedalboard-tanh,3,4,4,3,17.436825605717576,21.61638024087312
les_bridge_fing07__d4t0__00020.wav,lsp-arctan,les_bridge_fing07,0.0038594604,les_bridge_fing20__d4t0__00020.wav,pedalboard-tanh,4,4,0,0,21.613326710488973,21.61638024087312
les_bridge_fing07__d4t1__00021.wav,lsp-arctan,les_bridge_fing07,0.0017320514,les_bridge_fing17__d4t0__00020.wav,byod-mxr,4,4,1,0,21.613326710488973,21.62039317761596
les_bridge_fing07__d4t2__00022.wav,lsp-arctan,les_bridge_fing07,0.0035277605,les_bridge_fing17__d5t1__00026.wav,lsp-sine,4,5,2,1,21.613326710488973,25.7855895742644
les_bridge_fing07__d4t3__00023.wav,lsp-arctan,les_bridge_fing07,0.0049482584,les_neck_pick11__d4t3__00023.wav,byod-mxr,4,4,3,3,21.613326710488973,21.62039317761596
les_bridge_fing07__d4t4__00024.wav,lsp-arctan,les_bridge_fing07,0.0024771094,les_bridge_pick17__d4t4__00024.wav,lsp-tanh,4,4,4,4,21.613326710488973,21.61115826291455
les_bridge_fing07__d5t0__00025.wav,lsp-arctan,les_bridge_fing07,0.0041731596,les_bridge_pick22__d5t1__00026.wav,byod-mxr,5,5,0,1,25.788497067568912,25.779078975465445
les_bridge_fing07__d5t1__00026.wav,lsp-arctan,les_bridge_fing07,0.0040156245,les_bridge_fing17__d6t0__00030.wav,lsp-sine,5,6,1,0,25.788497067568912,29.915327656251563
les_bridge_fing07__d5t2__00027.wav,lsp-arctan,les_bridge_fing07,0.007715285,les_bridge_fing17__d6t1__00031.wav,pedalboard-tanh,5,6,2,1,25.788497067568912,29.92239131554786
les_bridge_fing07__d5t3__00028.wav,lsp-arctan,les_bridge_fing07,0.0036536455,les_neck_pick04__d6t2__00032.wav,lsp-sine,5,6,3,2,25.788497067568912,29.915327656251563
les_bridge_fing07__d5t4__00029.wav,lsp-arctan,les_bridge_fing07,0.0026018023,les_neck_pick12__d6t4__00034.wav,byod-bigmuff,5,6,4,4,25.788497067568912,29.9151414217934
les_bridge_fing07__d6t0__00030.wav,lsp-arctan,les_bridge_fing07,0.0048723817,les_bridge_pick25__d6t1__00031.wav,byod-mxr,6,6,0,1,29.91872954355242,29.91150927100104
les_bridge_fing07__d6t1__00031.wav,lsp-arctan,les_bridge_fing07,0.004057884,les_neck_pick21__d6t2__00032.wav,byod-bigmuff,6,6,1,2,29.91872954355242,29.9151414217934
les_bridge_fing07__d6t2__00032.wav,lsp-arctan,les_bridge_fing07,0.003988564,les_neck_fing01__d7t1__00036.wav,lsp-tanh,6,7,2,1,29.91872954355242,34.0729352593394
les_bridge_fing07__d6t3__00033.wav,lsp-arctan,les_bridge_fing07,0.0024058223,les_bridge_fing21__d7t3__00038.wav,lsp-sine,6,7,3,3,29.91872954355242,34.094517939627885
les_bridge_fing07__d6t4__00034.wav,lsp-arctan,les_bridge_fing07,0.0013918281,les_bridge_fing17__d7t4__00039.wav,byod-mxr,6,7,4,4,29.91872954355242,34.08156088036171
les_bridge_fing07__d7t0__00035.wav,lsp-arctan,les_bridge_fing07,0.0029006004,les_bridge_fing17__d7t0__00035.wav,byod-mxr,7,7,0,0,34.09435618625095,34.08156088036171
les_bridge_fing07__d7t1__00036.wav,lsp-arctan,les_bridge_fing07,0.0038702488,les_neck_pick02__d6t3__00033.wav,byod-bigmuff,7,6,1,3,34.09435618625095,29.9151414217934
les_bridge_fing07__d7t2__00037.wav,lsp-arctan,les_bridge_fing07,0.003461361,les_bridge_fing20__d7t2__00037.wav,lsp-hardclip,7,7,2,2,34.09435618625095,34.07942205160116
les_bridge_fing07__d7t3__00038.wav,lsp-arctan,les_bridge_fing07,0.0025479794,les_bridge_pick25__d7t4__00039.wav,byod-mxr,7,7,3,4,34.09435618625095,34.08156088036171
les_bridge_fing07__d7t4__00039.wav,lsp-arctan,les_bridge_fing07,0.0010943413,les_bridge_pick25__d7t4__00039.wav,pedalboard-tanh,7,7,4,4,34.09435618625095,34.075823464139134
les_bridge_fing09__d0t0__00000.wav,lsp-arctan,les_bridge_fing09,0.0054504275,les_neck_fing15__d0t3__00003.wav,pedalboard-tanh,0,0,0,3,5.005872107125804,5.0
les_bridge_fing09__d0t1__00001.wav,lsp-arctan,les_bridge_fing09,0.0016371608,les_neck_fing01__d0t2__00002.wav,pedalboard-tanh,0,0,1,2,5.005872107125804,5.0
les_bridge_fing09__d0t2__00002.wav,lsp-arctan,les_bridge_fing09,0.0032296777,les_neck_fing01__d0t3__00003.wav,pedalboard-tanh,0,0,2,3,5.005872107125804,5.0
les_bridge_fing09__d0t3__00003.wav,lsp-arctan,les_bridge_fing09,0.002126813,les_neck_pick21__d1t3__00008.wav,pedalboard-tanh,0,1,3,3,5.005872107125804,9.146047429418331
les_bridge_fing09__d0t4__00004.wav,lsp-arctan,les_bridge_fing09,0.0013545156,les_neck_pick21__d0t4__00004.wav,pedalboard-tanh,0,0,4,4,5.005872107125804,5.0
les_bridge_fing09__d1t0__00005.wav,lsp-arctan,les_bridge_fing09,0.002100706,les_neck_fing15__d0t3__00003.wav,pedalboard-tanh,1,0,0,3,9.170316408518453,5.0
les_bridge_fing09__d1t1__00006.wav,lsp-arctan,les_bridge_fing09,0.0018501878,les_neck_fing01__d0t2__00002.wav,byod-mxr,1,0,1,2,9.170316408518453,5.0
les_bridge_fing09__d1t2__00007.wav,lsp-arctan,les_bridge_fing09,0.002999723,les_neck_pick04__d0t3__00003.wav,byod-mxr,1,0,2,3,9.170316408518453,5.0
les_bridge_fing09__d1t3__00008.wav,lsp-arctan,les_bridge_fing09,0.0033670664,les_neck_pick21__d1t3__00008.wav,lsp-tanh,1,1,3,3,9.170316408518453,9.088421535688989
les_bridge_fing09__d1t4__00009.wav,lsp-arctan,les_bridge_fing09,0.0016987324,les_neck_pick21__d1t4__00009.wav,pedalboard-tanh,1,1,4,4,9.170316408518453,9.146047429418331
les_bridge_fing09__d2t0__00010.wav,lsp-arctan,les_bridge_fing09,0.0025949478,les_neck_fing15__d0t3__00003.wav,lsp-tanh,2,0,0,3,13.270071970821393,5.0
les_bridge_fing09__d2t1__00011.wav,lsp-arctan,les_bridge_fing09,0.0014808774,les_neck_pick21__d1t2__00007.wav,lsp-sine,2,1,1,2,13.270071970821393,9.202349861352678
les_bridge_fing09__d2t2__00012.wav,lsp-arctan,les_bridge_fing09,0.002070427,les_neck_pick21__d1t3__00008.wav,pedalboard-tanh,2,1,2,3,13.270071970821393,9.146047429418331
les_bridge_fing09__d2t3__00013.wav,lsp-arctan,les_bridge_fing09,0.003297925,les_neck_pick21__d0t4__00004.wav,lsp-hardclip,2,0,3,4,13.270071970821393,5.063331073032135
les_bridge_fing09__d2t4__00014.wav,lsp-arctan,les_bridge_fing09,0.0028278232,les_neck_pick21__d1t4__00009.wav,byod-mxr,2,1,4,4,13.270071970821393,9.107670514338215
les_bridge_fing09__d3t0__00015.wav,lsp-arctan,les_bridge_fing09,0.0013898015,les_bridge_fing24__d0t4__00004.wav,lsp-tanh,3,0,0,4,17.436825605717576,5.0
les_bridge_fing09__d3t1__00016.wav,lsp-arctan,les_bridge_fing09,0.0013999343,les_neck_pick05__d1t2__00007.wav,lsp-tanh,3,1,1,2,17.436825605717576,9.088421535688989
les_bridge_fing09__d3t2__00017.wav,lsp-arctan,les_bridge_fing09,0.0013400912,les_neck_pick05__d0t3__00003.wav,lsp-hardclip,3,0,2,3,17.436825605717576,5.063331073032135
les_bridge_fing09__d3t3__00018.wav,lsp-arctan,les_bridge_fing09,0.0024670362,les_neck_pick05__d1t4__00009.wav,byod-mxr,3,1,3,4,17.436825605717576,9.107670514338215
les_bridge_fing09__d3t4__00019.wav,lsp-arctan,les_bridge_fing09,0.0044181347,les_neck_pick14__d2t4__00014.wav,byod-mxr,3,2,4,4,17.436825605717576,13.292365801948186
les_bridge_fing09__d4t0__00020.wav,lsp-arctan,les_bridge_fing09,0.007630706,les_bridge_fing24__d2t4__00014.wav,lsp-tanh,4,2,0,4,21.613326710488973,13.297259315581634
les_bridge_fing09__d4t1__00021.wav,lsp-arctan,les_bridge_fing09,0.003982365,les_neck_pick05__d3t2__00017.wav,lsp-hardclip,4,3,1,2,21.613326710488973,17.563088337099366
les_bridge_fing09__d4t2__00022.wav,lsp-arctan,les_bridge_fing09,0.0021018386,les_neck_fing01__d4t3__00023.wav,byod-mxr,4,4,2,3,21.613326710488973,21.62039317761596
les_bridge_fing09__d4t3__00023.wav,lsp-arctan,les_bridge_fing09,0.0044075847,les_neck_pick04__d5t4__00029.wav,byod-mxr,4,5,3,4,21.613326710488973,25.779078975465445
les_bridge_fing09__d4t4__00024.wav,lsp-arctan,les_bridge_fing09,0.0073586106,les_neck_pick14__d5t3__00028.wav,lsp-sine,4,5,4,3,21.613326710488973,25.7855895742644
les_bridge_fing09__d5t0__00025.wav,lsp-arctan,les_bridge_fing09,0.010039806,les_neck_pick07__d5t4__00029.wav,pedalboard-tanh,5,5,0,4,25.788497067568912,25.782351420955937
les_bridge_fing09__d5t1__00026.wav,lsp-arctan,les_bridge_fing09,0.0073460937,les_bridge_fing20__d2t4__00014.wav,byod-bigmuff,5,2,1,4,25.788497067568912,13.312631977514853
les_bridge_fing09__d5t2__00027.wav,lsp-arctan,les_bridge_fing09,0.0014143586,les_neck_pick02__d5t4__00029.wav,lsp-hardclip,5,5,2,4,25.788497067568912,25.79865436059077
les_bridge_fing09__d5t3__00028.wav,lsp-arctan,les_bridge_fing09,0.0018864274,les_neck_pick21__d6t4__00034.wav,lsp-sine,5,6,3,4,25.788497067568912,29.915327656251563
les_bridge_fing09__d5t4__00029.wav,lsp-arctan,les_bridge_fing09,0.0016793609,les_bridge_fing20__d6t4__00034.wav,pedalboard-tanh,5,6,4,4,25.788497067568912,29.92239131554786
les_bridge_fing09__d6t0__00030.wav,lsp-arctan,les_bridge_fing09,0.0061129928,les_neck_pick02__d3t4__00019.wav,byod-bigmuff,6,3,0,4,29.91872954355242,17.442946393617085
les_bridge_fing09__d6t1__00031.wav,lsp-arctan,les_bridge_fing09,0.0039767027,les_bridge_pick22__d6t4__00034.wav,byod-mxr,6,6,1,4,29.91872954355242,29.91150927100104
les_bridge_fing09__d6t2__00032.wav,lsp-arctan,les_bridge_fing09,0.0015751123,les_neck_pick05__d6t4__00034.wav,lsp-hardclip,6,6,2,4,29.91872954355242,29.908667593492765
les_bridge_fing09__d6t3__00033.wav,lsp-arctan,les_bridge_fing09,0.00089764595,les_neck_pick04__d7t4__00039.wav,pedalboard-tanh,6,7,3,4,29.91872954355242,34.075823464139134
les_bridge_fing09__d6t4__00034.wav,lsp-arctan,les_bridge_fing09,0.0012308359,les_neck_fing01__d7t4__00039.wav,lsp-tanh,6,7,4,4,29.91872954355242,34.0729352593394
les_bridge_fing09__d7t0__00035.wav,lsp-arctan,les_bridge_fing09,0.011530638,les_neck_pick07__d7t3__00038.wav,byod-mxr,7,7,0,3,34.09435618625095,34.08156088036171
les_bridge_fing09__d7t1__00036.wav,lsp-arctan,les_bridge_fing09,0.0038017035,les_bridge_pick17__d7t3__00038.wav,byod-mxr,7,7,1,3,34.09435618625095,34.08156088036171
les_bridge_fing09__d7t2__00037.wav,lsp-arctan,les_bridge_fing09,0.0011632442,les_bridge_fing17__d7t4__00039.wav,byod-mxr,7,7,2,4,34.09435618625095,34.08156088036171
les_bridge_fing09__d7t3__00038.wav,lsp-arctan,les_bridge_fing09,0.0012616515,les_neck_pick14__d7t4__00039.wav,pedalboard-tanh,7,7,3,4,34.09435618625095,34.075823464139134
les_bridge_fing09__d7t4__00039.wav,lsp-arctan,les_bridge_fing09,0.0031953454,les_neck_pick14__d7t4__00039.wav,lsp-tanh,7,7,4,4,34.09435618625095,34.0729352593394
les_bridge_fing11__d0t0__00000.wav,lsp-arctan,les_bridge_fing11,0.00035607815,les_bridge_fing20__d2t0__00010.wav,lsp-hardclip,0,2,0,0,5.005872107125804,13.55142968534178
les_bridge_fing11__d0t1__00001.wav,lsp-arctan,les_bridge_fing11,0.0011349916,les_bridge_pick17__d0t0__00000.wav,lsp-hardclip,0,0,1,0,5.005872107125804,5.063331073032135
les_bridge_fing11__d0t2__00002.wav,lsp-arctan,les_bridge_fing11,0.0013428926,les_bridge_fing21__d1t3__00008.wav,lsp-tanh,0,1,2,3,5.005872107125804,9.088421535688989
les_bridge_fing11__d0t3__00003.wav,lsp-arctan,les_bridge_fing11,0.0017771125,les_neck_pick05__d1t1__00006.wav,byod-mxr,0,1,3,1,5.005872107125804,9.107670514338215
les_bridge_fing11__d0t4__00004.wav,lsp-arctan,les_bridge_fing11,0.0031297803,les_bridge_pick22__d1t4__00009.wav,lsp-sine,0,1,4,4,5.005872107125804,9.202349861352678
les_bridge_fing11__d1t0__00005.wav,lsp-arctan,les_bridge_fing11,0.00030887127,les_bridge_pick25__d2t0__00010.wav,lsp-sine,1,2,0,0,9.170316408518453,13.251366385956809
les_bridge_fing11__d1t1__00006.wav,lsp-arctan,les_bridge_fing11,0.0012386441,les_bridge_pick25__d2t1__00011.wav,pedalboard-tanh,1,2,1,1,9.170316408518453,13.296816138037473
les_bridge_fing11__d1t2__00007.wav,lsp-arctan,les_bridge_fing11,0.0018564463,les_bridge_pick25__d1t2__00007.wav,lsp-hardclip,1,1,2,2,9.170316408518453,9.35456396552498
les_bridge_fing11__d1t3__00008.wav,lsp-arctan,les_bridge_fing11,0.0017021894,les_bridge_pick22__d1t3__00008.wav,byod-mxr,1,1,3,3,9.170316408518453,9.107670514338215
les_bridge_fing11__d1t4__00009.wav,lsp-arctan,les_bridge_fing11,0.0027908683,les_bridge_pick22__d1t4__00009.wav,byod-mxr,1,1,4,4,9.170316408518453,9.107670514338215
les_bridge_fing11__d2t0__00010.wav,lsp-arctan,les_bridge_fing11,0.0005239248,les_bridge_pick25__d2t0__00010.wav,lsp-sine,2,2,0,0,13.270071970821393,13.251366385956809
les_bridge_fing11__d2t1__00011.wav,lsp-arctan,les_bridge_fing11,0.0007750392,les_bridge_pick22__d2t1__00011.wav,lsp-tanh,2,2,1,1,13.270071970821393,13.297259315581634
les_bridge_fing11__d2t2__00012.wav,lsp-arctan,les_bridge_fing11,0.0017107129,les_bridge_pick22__d2t2__00012.wav,lsp-sine,2,2,2,2,13.270071970821393,13.251366385956809
les_bridge_fing11__d2t3__00013.wav,lsp-arctan,les_bridge_fing11,0.0019469857,les_bridge_fing20__d2t3__00013.wav,pedalboard-tanh,2,2,3,3,13.270071970821393,13.296816138037473
les_bridge_fing11__d2t4__00014.wav,lsp-arctan,les_bridge_fing11,0.0026048422,les_bridge_fing20__d2t4__00014.wav,lsp-tanh,2,2,4,4,13.270071970821393,13.297259315581634
les_bridge_fing11__d3t0__00015.wav,lsp-arctan,les_bridge_fing11,0.0008277893,les_bridge_pick22__d0t0__00000.wav,lsp-hardclip,3,0,0,0,17.436825605717576,5.063331073032135
les_bridge_fing11__d3t1__00016.wav,lsp-arctan,les_bridge_fing11,0.0021187663,les_bridge_pick22__d3t1__00016.wav,lsp-sine,3,3,1,1,17.436825605717576,17.46073355198249
les_bridge_fing11__d3t2__00017.wav,lsp-arctan,les_bridge_fing11,0.0027865767,les_bridge_pick22__d3t2__00017.wav,lsp-tanh,3,3,2,2,17.436825605717576,17.426284440144894
les_bridge_fing11__d3t3__00018.wav,lsp-arctan,les_bridge_fing11,0.005350232,les_bridge_pick22__d3t3__00018.wav,pedalboard-tanh,3,3,3,3,17.436825605717576,17.454399305827287
les_bridge_fing11__d3t4__00019.wav,lsp-arctan,les_bridge_fing11,0.007498145,les_neck_pick11__d3t3__00018.wav,pedalboard-tanh,3,3,4,3,17.436825605717576,17.454399305827287
les_bridge_fing11__d4t0__00020.wav,lsp-arctan,les_bridge_fing11,0.0010877848,les_bridge_fing24__d4t0__00020.wav,byod-mxr,4,4,0,0,21.613326710488973,21.62039317761596
les_bridge_fing11__d4t1__00021.wav,lsp-arctan,les_bridge_fing11,0.0039180517,les_neck_pick11__d4t1__00021.wav,byod-mxr,4,4,1,1,21.613326710488973,21.62039317761596
les_bridge_fing11__d4t2__00022.wav,lsp-arctan,les_bridge_fing11,0.0028527975,les_neck_pick03__d5t1__00026.wav,lsp-hardclip,4,5,2,1,21.613326710488973,25.79865436059077
les_bridge_fing11__d4t3__00023.wav,lsp-arctan,les_bridge_fing11,0.003334999,les_neck_pick04__d4t2__00022.wav,lsp-sine,4,4,3,2,21.613326710488973,21.652716208419097
les_bridge_fing11__d4t4__00024.wav,lsp-arctan,les_bridge_fing11,0.0044546127,les_neck_pick21__d5t2__00027.wav,lsp-hardclip,4,5,4,2,21.613326710488973,25.79865436059077
les_bridge_fing11__d5t0__00025.wav,lsp-arctan,les_bridge_fing11,0.0018310547,les_bridge_fing24__d5t0__00025.wav,byod-mxr,5,5,0,0,25.788497067568912,25.779078975465445
les_bridge_fing11__d5t1__00026.wav,lsp-arctan,les_bridge_fing11,0.0064989924,les_bridge_fing17__d5t0__00025.wav,byod-mxr,5,5,1,0,25.788497067568912,25.779078975465445
les_bridge_fing11__d5t2__00027.wav,lsp-arctan,les_bridge_fing11,0.003958702,les_neck_pick12__d5t4__00029.wav,lsp-sine,5,5,2,4,25.788497067568912,25.7855895742644
les_bridge_fing11__d5t3__00028.wav,lsp-arctan,les_bridge_fing11,0.003166318,les_neck_pick12__d6t3__00033.wav,byod-mxr,5,6,3,3,25.788497067568912,29.91150927100104
les_bridge_fing11__d5t4__00029.wav,lsp-arctan,les_bridge_fing11,0.0029684901,les_neck_pick03__d6t3__00033.wav,lsp-sine,5,6,4,3,25.788497067568912,29.915327656251563
les_bridge_fing11__d6t0__00030.wav,lsp-arctan,les_bridge_fing11,0.0026587844,les_bridge_fing24__d6t0__00030.wav,byod-bigmuff,6,6,0,0,29.91872954355242,29.9151414217934
les_bridge_fing11__d6t1__00031.wav,lsp-arctan,les_bridge_fing11,0.002129972,les_neck_pick12__d6t2__00032.wav,lsp-hardclip,6,6,1,2,29.91872954355242,29.908667593492765
les_bridge_fing11__d6t2__00032.wav,lsp-arctan,les_bridge_fing11,0.0047991276,les_bridge_fing21__d6t3__00033.wav,lsp-tanh,6,6,2,3,29.91872954355242,29.89601395521624
les_bridge_fing11__d6t3__00033.wav,lsp-arctan,les_bridge_fing11,0.002377808,les_neck_pick04__d7t2__00037.wav,lsp-sine,6,7,3,2,29.91872954355242,34.094517939627885
les_bridge_fing11__d6t4__00034.wav,lsp-arctan,les_bridge_fing11,0.00093364716,les_neck_pick02__d7t3__00038.wav,lsp-tanh,6,7,4,3,29.91872954355242,34.0729352593394
les_bridge_fing11__d7t0__00035.wav,lsp-arctan,les_bridge_fing11,0.0014067888,les_bridge_pick22__d7t1__00036.wav,byod-mxr,7,7,0,1,34.09435618625095,34.08156088036171
les_bridge_fing11__d7t1__00036.wav,lsp-arctan,les_bridge_fing11,0.0017902851,les_bridge_pick22__d7t2__00037.wav,lsp-hardclip,7,7,1,2,34.09435618625095,34.07942205160116
les_bridge_fing11__d7t2__00037.wav,lsp-arctan,les_bridge_fing11,0.00197047,les_bridge_pick22__d7t3__00038.wav,lsp-tanh,7,7,2,3,34.09435618625095,34.0729352593394
les_bridge_fing11__d7t3__00038.wav,lsp-arctan,les_bridge_fing11,0.0013926029,les_bridge_pick25__d7t4__00039.wav,byod-mxr,7,7,3,4,34.09435618625095,34.08156088036171
les_bridge_fing11__d7t4__00039.wav,lsp-arctan,les_bridge_fing11,0.0014664531,les_bridge_pick25__d7t4__00039.wav,lsp-sine,7,7,4,4,34.09435618625095,34.094517939627885
les_bridge_fing16__d0t0__00000.wav,lsp-arctan,les_bridge_fing16,0.0021782517,les_neck_pick12__d0t3__00003.wav,lsp-sine,0,0,0,3,5.005872107125804,5.041347474059023
les_bridge_fing16__d0t1__00001.wav,lsp-arctan,les_bridge_fing16,0.0022476315,les_neck_fing15__d1t3__00008.wav,pedalboard-tanh,0,1,1,3,5.005872107125804,9.146047429418331
les_bridge_fing16__d0t2__00002.wav,lsp-arctan,les_bridge_fing16,0.0032185912,les_neck_fing01__d0t3__00003.wav,pedalboard-tanh,0,0,2,3,5.005872107125804,5.0
les_bridge_fing16__d0t3__00003.wav,lsp-arctan,les_bridge_fing16,0.0007709265,les_neck_pick02__d1t4__00009.wav,pedalboard-tanh,0,1,3,4,5.005872107125804,9.146047429418331
les_bridge_fing16__d0t4__00004.wav,lsp-arctan,les_bridge_fing16,0.0031362176,les_neck_pick21__d0t4__00004.wav,lsp-tanh,0,0,4,4,5.005872107125804,5.0
les_bridge_fing16__d1t0__00005.wav,lsp-arctan,les_bridge_fing16,0.001018405,les_bridge_pick25__d0t2__00002.wav,pedalboard-tanh,1,0,0,2,9.170316408518453,5.0
les_bridge_fing16__d1t1__00006.wav,lsp-arctan,les_bridge_fing16,0.0020227432,les_bridge_pick17__d0t3__00003.wav,lsp-tanh,1,0,1,3,9.170316408518453,5.0
les_bridge_fing16__d1t2__00007.wav,lsp-arctan,les_bridge_fing16,0.0015137196,les_neck_pick02__d0t3__00003.wav,pedalboard-tanh,1,0,2,3,9.170316408518453,5.0
les_bridge_fing16__d1t3__00008.wav,lsp-arctan,les_bridge_fing16,0.0005738735,les_neck_pick02__d0t4__00004.wav,byod-mxr,1,0,3,4,9.170316408518453,5.0
les_bridge_fing16__d1t4__00009.wav,lsp-arctan,les_bridge_fing16,0.0019713044,les_neck_pick05__d0t4__00004.wav,lsp-sine,1,0,4,4,9.170316408518453,5.041347474059023
les_bridge_fing16__d2t0__00010.wav,lsp-arctan,les_bridge_fing16,0.0006931424,les_bridge_pick25__d0t2__00002.wav,byod-mxr,2,0,0,2,13.270071970821393,5.0
les_bridge_fing16__d2t1__00011.wav,lsp-arctan,les_bridge_fing16,0.0011911988,les_bridge_fing17__d0t2__00002.wav,pedalboard-tanh,2,0,1,2,13.270071970821393,5.0
les_bridge_fing16__d2t2__00012.wav,lsp-arctan,les_bridge_fing16,0.0015394092,les_neck_fing01__d1t3__00008.wav,lsp-tanh,2,1,2,3,13.270071970821393,9.088421535688989
les_bridge_fing16__d2t3__00013.wav,lsp-arctan,les_bridge_fing16,0.0016559362,les_neck_pick02__d1t4__00009.wav,byod-mxr,2,1,3,4,13.270071970821393,9.107670514338215
les_bridge_fing16__d2t4__00014.wav,lsp-arctan,les_bridge_fing16,0.0026707053,les_neck_pick05__d1t4__00009.wav,lsp-tanh,2,1,4,4,13.270071970821393,9.088421535688989
les_bridge_fing16__d3t0__00015.wav,lsp-arctan,les_bridge_fing16,0.0010604858,les_bridge_fing24__d1t3__00008.wav,lsp-sine,3,1,0,3,17.436825605717576,9.202349861352678
les_bridge_fing16__d3t1__00016.wav,lsp-arctan,les_bridge_fing16,0.0026431084,les_bridge_pick17__d1t4__00009.wav,lsp-sine,3,1,1,4,17.436825605717576,9.202349861352678
les_bridge_fing16__d3t2__00017.wav,lsp-arctan,les_bridge_fing16,0.001777947,les_neck_pick05__d2t3__00013.wav,lsp-tanh,3,2,2,3,17.436825605717576,13.297259315581634
les_bridge_fing16__d3t3__00018.wav,lsp-arctan,les_bridge_fing16,0.0011778474,les_neck_pick05__d2t4__00014.wav,lsp-tanh,3,2,3,4,17.436825605717576,13.297259315581634
les_bridge_fing16__d3t4__00019.wav,lsp-arctan,les_bridge_fing16,0.0036954284,les_neck_fing01__d3t4__00019.wav,byod-mxr,3,3,4,4,17.436825605717576,17.452308155418716
les_bridge_fing16__d4t0__00020.wav,lsp-arctan,les_bridge_fing16,0.0027979016,les_bridge_fing24__d2t4__00014.wav,lsp-tanh,4,2,0,4,21.613326710488973,13.297259315581634
les_bridge_fing16__d4t1__00021.wav,lsp-arctan,les_bridge_fing16,0.004187286,les_neck_pick05__d3t2__00017.wav,byod-mxr,4,3,1,2,21.613326710488973,17.452308155418716
les_bridge_fing16__d4t2__00022.wav,lsp-arctan,les_bridge_fing16,0.0028292537,les_neck_pick02__d3t4__00019.wav,lsp-tanh,4,3,2,4,21.613326710488973,17.426284440144894
les_bridge_fing16__d4t3__00023.wav,lsp-arctan,les_bridge_fing16,0.0038959384,les_neck_pick05__d4t4__00024.wav,byod-mxr,4,4,3,4,21.613326710488973,21.62039317761596
les_bridge_fing16__d4t4__00024.wav,lsp-arctan,les_bridge_fing16,0.006352365,les_neck_pick21__d4t4__00024.wav,lsp-tanh,4,4,4,4,21.613326710488973,21.61115826291455
les_bridge_fing16__d5t0__00025.wav,lsp-arctan,les_bridge_fing16,0.013650298,les_neck_fing01__d1t3__00008.wav,byod-bigmuff,5,1,0,3,25.788497067568912,9.126662172709777
les_bridge_fing16__d5t1__00026.wav,lsp-arctan,les_bridge_fing16,0.012572885,les_neck_pick03__d4t4__00024.wav,lsp-tanh,5,4,1,4,25.788497067568912,21.61115826291455
les_bridge_fing16__d5t2__00027.wav,lsp-arctan,les_bridge_fing16,0.002046883,les_neck_fing01__d4t4__00024.wav,byod-mxr,5,4,2,4,25.788497067568912,21.62039317761596
les_bridge_fing16__d5t3__00028.wav,lsp-arctan,les_bridge_fing16,0.006061077,les_neck_pick05__d5t4__00029.wav,byod-mxr,5,5,3,4,25.788497067568912,25.779078975465445
les_bridge_fing16__d5t4__00029.wav,lsp-arctan,les_bridge_fing16,0.0051087737,les_neck_pick14__d5t4__00029.wav,lsp-sine,5,5,4,4,25.788497067568912,25.7855895742644
les_bridge_fing16__d6t0__00030.wav,lsp-arctan,les_bridge_fing16,0.015117347,les_neck_pick07__d5t4__00029.wav,lsp-hardclip,6,5,0,4,29.91872954355242,25.79865436059077
les_bridge_fing16__d6t1__00031.wav,lsp-arctan,les_bridge_fing16,0.0054811835,les_neck_pick05__d6t2__00032.wav,byod-mxr,6,6,1,2,29.91872954355242,29.91150927100104
les_bridge_fing16__d6t2__00032.wav,lsp-arctan,les_bridge_fing16,0.003398478,les_neck_pick05__d5t4__00029.wav,pedalboard-tanh,6,5,2,4,29.91872954355242,25.782351420955937
les_bridge_fing16__d6t3__00033.wav,lsp-arctan,les_bridge_fing16,0.0015438795,les_neck_fing01__d6t4__00034.wav,byod-mxr,6,6,3,4,29.91872954355242,29.91150927100104
les_bridge_fing16__d6t4__00034.wav,lsp-arctan,les_bridge_fing16,0.0019984841,les_bridge_fing20__d6t4__00034.wav,lsp-tanh,6,6,4,4,29.91872954355242,29.89601395521624
les_bridge_fing16__d7t0__00035.wav,lsp-arctan,les_bridge_fing16,0.009981692,les_bridge_pick22__d6t3__00033.wav,lsp-hardclip,7,6,0,3,34.09435618625095,29.908667593492765
les_bridge_fing16__d7t1__00036.wav,lsp-arctan,les_bridge_fing16,0.002245903,les_neck_pick05__d6t3__00033.wav,lsp-sine,7,6,1,3,34.09435618625095,29.915327656251563
les_bridge_fing16__d7t2__00037.wav,lsp-arctan,les_bridge_fing16,0.0019917488,les_neck_pick21__d7t4__00039.wav,byod-mxr,7,7,2,4,34.09435618625095,34.08156088036171
les_bridge_fing16__d7t3__00038.wav,lsp-arctan,les_bridge_fing16,0.0022079945,les_neck_pick04__d7t4__00039.wav,pedalboard-tanh,7,7,3,4,34.09435618625095,34.075823464139134
les_bridge_fing16__d7t4__00039.wav,lsp-arctan,les_bridge_fing16,0.006783366,les_neck_pick14__d7t4__00039.wav,pedalboard-tanh,7,7,4,4,34.09435618625095,34.075823464139134
les_bridge_fing18__d0t0__00000.wav,lsp-arctan,les_bridge_fing18,0.00055241585,les_bridge_pick25__d1t0__00005.wav,byod-mxr,0,1,0,0,5.005872107125804,9.107670514338215
les_bridge_fing18__d0t1__00001.wav,lsp-arctan,les_bridge_fing18,0.00084143877,les_bridge_pick22__d1t1__00006.wav,pedalboard-tanh,0,1,1,1,5.005872107125804,9.146047429418331
les_bridge_fing18__d0t2__00002.wav,lsp-arctan,les_bridge_fing18,0.0014485121,les_bridge_pick25__d1t2__00007.wav,pedalboard-tanh,0,1,2,2,5.005872107125804,9.146047429418331
les_bridge_fing18__d0t3__00003.wav,lsp-arctan,les_bridge_fing18,0.002385199,les_bridge_pick25__d1t3__00008.wav,lsp-tanh,0,1,3,3,5.005872107125804,9.088421535688989
les_bridge_fing18__d0t4__00004.wav,lsp-arctan,les_bridge_fing18,0.0029714704,les_bridge_pick25__d1t4__00009.wav,lsp-tanh,0,1,4,4,5.005872107125804,9.088421535688989
les_bridge_fing18__d1t0__00005.wav,lsp-arctan,les_bridge_fing18,0.00068604946,les_bridge_fing21__d1t1__00006.wav,byod-mxr,1,1,0,1,9.170316408518453,9.107670514338215
les_bridge_fing18__d1t1__00006.wav,lsp-arctan,les_bridge_fing18,0.0009254217,les_bridge_pick25__d1t1__00006.wav,lsp-hardclip,1,1,1,1,9.170316408518453,9.35456396552498
les_bridge_fing18__d1t2__00007.wav,lsp-arctan,les_bridge_fing18,0.0014790297,les_bridge_pick25__d1t2__00007.wav,lsp-hardclip,1,1,2,2,9.170316408518453,9.35456396552498
les_bridge_fing18__d1t3__00008.wav,lsp-arctan,les_bridge_fing18,0.0020580292,les_bridge_fing24__d0t4__00004.wav,byod-mxr,1,0,3,4,9.170316408518453,5.0
les_bridge_fing18__d1t4__00009.wav,lsp-arctan,les_bridge_fing18,0.004502356,les_bridge_pick16__d2t4__00014.wav,lsp-sine,1,2,4,4,9.170316408518453,13.251366385956809
les_bridge_fing18__d2t0__00010.wav,lsp-arctan,les_bridge_fing18,0.0024499893,les_bridge_fing21__d2t1__00011.wav,byod-mxr,2,2,0,1,13.270071970821393,13.292365801948186
les_bridge_fing18__d2t1__00011.wav,lsp-arctan,les_bridge_fing18,0.0019767284,les_bridge_fing21__d1t2__00007.wav,byod-mxr,2,1,1,2,13.270071970821393,9.107670514338215
les_bridge_fing18__d2t2__00012.wav,lsp-arctan,les_bridge_fing18,0.0017638206,les_bridge_pick22__d2t2__00012.wav,byod-mxr,2,2,2,2,13.270071970821393,13.292365801948186
les_bridge_fing18__d2t3__00013.wav,lsp-arctan,les_bridge_fing18,0.002059102,les_bridge_pick22__d2t3__00013.wav,byod-mxr,2,2,3,3,13.270071970821393,13.292365801948186
les_bridge_fing18__d2t4__00014.wav,lsp-arctan,les_bridge_fing18,0.003749311,les_bridge_pick22__d2t4__00014.wav,byod-mxr,2,2,4,4,13.270071970821393,13.292365801948186
les_bridge_fing18__d3t0__00015.wav,lsp-arctan,les_bridge_fing18,0.0031615496,les_neck_pick12__d3t1__00016.wav,lsp-sine,3,3,0,1,17.436825605717576,17.46073355198249
les_bridge_fing18__d3t1__00016.wav,lsp-arctan,les_bridge_fing18,0.0030864477,les_bridge_fing20__d3t1__00016.wav,byod-mxr,3,3,1,1,17.436825605717576,17.452308155418716
les_bridge_fing18__d3t2__00017.wav,lsp-arctan,les_bridge_fing18,0.0033828616,les_bridge_fing20__d3t2__00017.wav,byod-mxr,3,3,2,2,17.436825605717576,17.452308155418716
les_bridge_fing18__d3t3__00018.wav,lsp-arctan,les_bridge_fing18,0.00474447,les_bridge_pick25__d3t3__00018.wav,pedalboard-tanh,3,3,3,3,17.436825605717576,17.454399305827287
les_bridge_fing18__d3t4__00019.wav,lsp-arctan,les_bridge_fing18,0.0030387044,les_bridge_pick16__d4t3__00023.wav,byod-mxr,3,4,4,3,17.436825605717576,21.62039317761596
les_bridge_fing18__d4t0__00020.wav,lsp-arctan,les_bridge_fing18,0.002624333,les_bridge_fing20__d4t0__00020.wav,byod-mxr,4,4,0,0,21.613326710488973,21.62039317761596
les_bridge_fing18__d4t1__00021.wav,lsp-arctan,les_bridge_fing18,0.0019150972,les_bridge_fing20__d4t1__00021.wav,lsp-sine,4,4,1,1,21.613326710488973,21.652716208419097
les_bridge_fing18__d4t2__00022.wav,lsp-arctan,les_bridge_fing18,0.0035039186,les_bridge_fing17__d4t1__00021.wav,byod-mxr,4,4,2,1,21.613326710488973,21.62039317761596
les_bridge_fing18__d4t3__00023.wav,lsp-arctan,les_bridge_fing18,0.0034742355,les_bridge_pick25__d4t3__00023.wav,lsp-sine,4,4,3,3,21.613326710488973,21.652716208419097
les_bridge_fing18__d4t4__00024.wav,lsp-arctan,les_bridge_fing18,0.0032345057,les_bridge_pick22__d4t4__00024.wav,lsp-sine,4,4,4,4,21.613326710488973,21.652716208419097
les_bridge_fing18__d5t0__00025.wav,lsp-arctan,les_bridge_fing18,0.00375849,les_bridge_fing20__d5t0__00025.wav,lsp-sine,5,5,0,0,25.788497067568912,25.7855895742644
les_bridge_fing18__d5t1__00026.wav,lsp-arctan,les_bridge_fing18,0.006755829,les_bridge_fing20__d5t1__00026.wav,lsp-sine,5,5,1,1,25.788497067568912,25.7855895742644
les_bridge_fing18__d5t2__00027.wav,lsp-arctan,les_bridge_fing18,0.003756702,les_bridge_fing20__d5t2__00027.wav,lsp-sine,5,5,2,2,25.788497067568912,25.7855895742644
les_bridge_fing18__d5t3__00028.wav,lsp-arctan,les_bridge_fing18,0.0031058192,les_neck_pick04__d5t3__00028.wav,lsp-sine,5,5,3,3,25.788497067568912,25.7855895742644
les_bridge_fing18__d5t4__00029.wav,lsp-arctan,les_bridge_fing18,0.0029498339,les_bridge_fing20__d5t4__00029.wav,lsp-tanh,5,5,4,4,25.788497067568912,25.766463780707188
les_bridge_fing18__d6t0__00030.wav,lsp-arctan,les_bridge_fing18,0.0067619085,les_neck_pick04__d6t0__00030.wav,lsp-sine,6,6,0,0,29.91872954355242,29.915327656251563
les_bridge_fing18__d6t1__00031.wav,lsp-arctan,les_bridge_fing18,0.006510854,les_neck_pick12__d7t1__00036.wav,byod-mxr,6,7,1,1,29.91872954355242,34.08156088036171
les_bridge_fing18__d6t2__00032.wav,lsp-arctan,les_bridge_fing18,0.004427314,les_neck_pick21__d6t2__00032.wav,lsp-sine,6,6,2,2,29.91872954355242,29.915327656251563
les_bridge_fing18__d6t3__00033.wav,lsp-arctan,les_bridge_fing18,0.0020145774,les_neck_pick02__d6t4__00034.wav,lsp-hardclip,6,6,3,4,29.91872954355242,29.908667593492765
les_bridge_fing18__d6t4__00034.wav,lsp-arctan,les_bridge_fing18,0.0025733113,les_bridge_fing20__d7t3__00038.wav,byod-mxr,6,7,4,3,29.91872954355242,34.08156088036171
les_bridge_fing18__d7t0__00035.wav,lsp-arctan,les_bridge_fing18,0.005661726,les_bridge_pick17__d6t1__00031.wav,lsp-tanh,7,6,0,1,34.09435618625095,29.89601395521624
les_bridge_fing18__d7t1__00036.wav,lsp-arctan,les_bridge_fing18,0.004214227,les_bridge_fing21__d7t2__00037.wav,pedalboard-tanh,7,7,1,2,34.09435618625095,34.075823464139134
les_bridge_fing18__d7t2__00037.wav,lsp-arctan,les_bridge_fing18,0.002688229,les_neck_fing01__d7t2__00037.wav,pedalboard-tanh,7,7,2,2,34.09435618625095,34.075823464139134
les_bridge_fing18__d7t3__00038.wav,lsp-arctan,les_bridge_fing18,0.0018645525,les_bridge_pick17__d7t4__00039.wav,lsp-tanh,7,7,3,4,34.09435618625095,34.0729352593394
les_bridge_fing18__d7t4__00039.wav,lsp-arctan,les_bridge_fing18,0.002142787,les_bridge_fing20__d7t3__00038.wav,lsp-sine,7,7,4,3,34.09435618625095,34.094517939627885
les_bridge_fing23__d0t0__00000.wav,lsp-arctan,les_bridge_fing23,0.0021009445,les_neck_pick12__d0t3__00003.wav,pedalboard-tanh,0,0,0,3,5.005872107125804,5.0
les_bridge_fing23__d0t1__00001.wav,lsp-arctan,les_bridge_fing23,0.0010988116,les_neck_fing15__d0t3__00003.wav,pedalboard-tanh,0,0,1,3,5.005872107125804,5.0
les_bridge_fing23__d0t2__00002.wav,lsp-arctan,les_bridge_fing23,0.003770113,les_neck_pick04__d0t2__00002.wav,byod-mxr,0,0,2,2,5.005872107125804,5.0
les_bridge_fing23__d0t3__00003.wav,lsp-arctan,les_bridge_fing23,0.0037824512,les_neck_fing01__d0t3__00003.wav,pedalboard-tanh,0,0,3,3,5.005872107125804,5.0
les_bridge_fing23__d0t4__00004.wav,lsp-arctan,les_bridge_fing23,0.0040943027,les_neck_pick21__d0t3__00003.wav,pedalboard-tanh,0,0,4,3,5.005872107125804,5.0
les_bridge_fing23__d1t0__00005.wav,lsp-arctan,les_bridge_fing23,0.002562642,les_neck_pick12__d0t3__00003.wav,lsp-sine,1,0,0,3,9.170316408518453,5.041347474059023
les_bridge_fing23__d1t1__00006.wav,lsp-arctan,les_bridge_fing23,0.0012696981,les_neck_fing15__d0t3__00003.wav,lsp-sine,1,0,1,3,9.170316408518453,5.041347474059023
les_bridge_fing23__d1t2__00007.wav,lsp-arctan,les_bridge_fing23,0.002945125,les_neck_fing15__d1t4__00009.wav,byod-mxr,1,1,2,4,9.170316408518453,9.107670514338215
les_bridge_fing23__d1t3__00008.wav,lsp-arctan,les_bridge_fing23,0.0037531853,les_neck_fing01__d0t3__00003.wav,lsp-sine,1,0,3,3,9.170316408518453,5.041347474059023
les_bridge_fing23__d1t4__00009.wav,lsp-arctan,les_bridge_fing23,0.0042182803,les_neck_pick21__d1t3__00008.wav,pedalboard-tanh,1,1,4,3,9.170316408518453,9.146047429418331
les_bridge_fing23__d2t0__00010.wav,lsp-arctan,les_bridge_fing23,0.0023224354,les_neck_pick14__d2t0__00010.wav,lsp-hardclip,2,2,0,0,13.270071970821393,13.55142968534178
les_bridge_fing23__d2t1__00011.wav,lsp-arctan,les_bridge_fing23,0.0023610592,les_bridge_pick17__d0t3__00003.wav,pedalboard-tanh,2,0,1,3,13.270071970821393,5.0
les_bridge_fing23__d2t2__00012.wav,lsp-arctan,les_bridge_fing23,0.0027791858,les_neck_fing15__d2t4__00014.wav,pedalboard-tanh,2,2,2,4,13.270071970821393,13.296816138037473
les_bridge_fing23__d2t3__00013.wav,lsp-arctan,les_bridge_fing23,0.0044640303,les_neck_pick14__d1t2__00007.wav,byod-mxr,2,1,3,2,13.270071970821393,9.107670514338215
les_bridge_fing23__d2t4__00014.wav,lsp-arctan,les_bridge_fing23,0.0041533113,les_neck_pick21__d2t3__00013.wav,pedalboard-tanh,2,2,4,3,13.270071970821393,13.296816138037473
les_bridge_fing23__d3t0__00015.wav,lsp-arctan,les_bridge_fing23,0.0005173683,les_bridge_pick25__d1t2__00007.wav,pedalboard-tanh,3,1,0,2,17.436825605717576,9.146047429418331
les_bridge_fing23__d3t1__00016.wav,lsp-arctan,les_bridge_fing23,0.0037810206,les_neck_pick09__d0t2__00002.wav,byod-mxr,3,0,1,2,17.436825605717576,5.0
les_bridge_fing23__d3t2__00017.wav,lsp-arctan,les_bridge_fing23,0.0022999644,les_neck_pick03__d2t3__00013.wav,pedalboard-tanh,3,2,2,3,17.436825605717576,13.296816138037473
les_bridge_fing23__d3t3__00018.wav,lsp-arctan,les_bridge_fing23,0.0024794936,les_bridge_fing17__d3t4__00019.wav,lsp-hardclip,3,3,3,4,17.436825605717576,17.563088337099366
les_bridge_fing23__d3t4__00019.wav,lsp-arctan,les_bridge_fing23,0.0036522746,les_neck_pick05__d2t4__00014.wav,lsp-hardclip,3,2,4,4,17.436825605717576,13.55142968534178
les_bridge_fing23__d4t0__00020.wav,lsp-arctan,les_bridge_fing23,0.0026801825,les_bridge_pick25__d2t2__00012.wav,lsp-hardclip,4,2,0,2,21.613326710488973,13.55142968534178
les_bridge_fing23__d4t1__00021.wav,lsp-arctan,les_bridge_fing23,0.0027096868,les_bridge_pick22__d3t3__00018.wav,pedalboard-tanh,4,3,1,3,21.613326710488973,17.454399305827287
les_bridge_fing23__d4t2__00022.wav,lsp-arctan,les_bridge_fing23,0.006335199,les_neck_pick03__d4t3__00023.wav,lsp-tanh,4,4,2,3,21.613326710488973,21.61115826291455
les_bridge_fing23__d4t3__00023.wav,lsp-arctan,les_bridge_fing23,0.003218472,les_bridge_fing17__d4t4__00024.wav,lsp-sine,4,4,3,4,21.613326710488973,21.652716208419097
les_bridge_fing23__d4t4__00024.wav,lsp-arctan,les_bridge_fing23,0.0034860969,les_neck_pick21__d5t3__00028.wav,lsp-tanh,4,5,4,3,21.613326710488973,25.766463780707188
les_bridge_fing23__d5t0__00025.wav,lsp-arctan,les_bridge_fing23,0.009025931,les_bridge_pick16__d4t2__00022.wav,lsp-hardclip,5,4,0,2,25.788497067568912,21.54643860361127
les_bridge_fing23__d5t1__00026.wav,lsp-arctan,les_bridge_fing23,0.0036375523,les_neck_pick12__d4t3__00023.wav,byod-bigmuff,5,4,1,3,25.788497067568912,21.5884141303546
les_bridge_fing23__d5t2__00027.wav,lsp-arctan,les_bridge_fing23,0.004263282,les_bridge_pick17__d5t3__00028.wav,lsp-hardclip,5,5,2,3,25.788497067568912,25.79865436059077
les_bridge_fing23__d5t3__00028.wav,lsp-arctan,les_bridge_fing23,0.0019182563,les_bridge_pick17__d5t4__00029.wav,lsp-sine,5,5,3,4,25.788497067568912,25.7855895742644
les_bridge_fing23__d5t4__00029.wav,lsp-arctan,les_bridge_fing23,0.0023813844,les_neck_pick21__d6t4__00034.wav,lsp-sine,5,6,4,4,25.788497067568912,29.915327656251563
les_bridge_fing23__d6t0__00030.wav,lsp-arctan,les_bridge_fing23,0.009491682,les_bridge_pick17__d6t1__00031.wav,byod-mxr,6,6,0,1,29.91872954355242,29.91150927100104
les_bridge_fing23__d6t1__00031.wav,lsp-arctan,les_bridge_fing23,0.0042471886,les_neck_pick07__d6t3__00033.wav,lsp-hardclip,6,6,1,3,29.91872954355242,29.908667593492765
les_bridge_fing23__d6t2__00032.wav,lsp-arctan,les_bridge_fing23,0.0032704473,les_bridge_pick25__d6t3__00033.wav,lsp-tanh,6,6,2,3,29.91872954355242,29.89601395521624
les_bridge_fing23__d6t3__00033.wav,lsp-arctan,les_bridge_fing23,0.0014780164,les_bridge_fing17__d6t4__00034.wav,byod-mxr,6,6,3,4,29.91872954355242,29.91150927100104
les_bridge_fing23__d6t4__00034.wav,lsp-arctan,les_bridge_fing23,0.0021701455,les_bridge_pick16__d7t4__00039.wav,lsp-sine,6,7,4,4,29.91872954355242,34.094517939627885
les_bridge_fing23__d7t0__00035.wav,lsp-arctan,les_bridge_fing23,0.009248674,les_bridge_pick17__d7t1__00036.wav,byod-mxr,7,7,0,1,34.09435618625095,34.08156088036171
les_bridge_fing23__d7t1__00036.wav,lsp-arctan,les_bridge_fing23,0.0031956434,les_bridge_pick17__d5t4__00029.wav,byod-bigmuff,7,5,1,4,34.09435618625095,25.77210742134771
les_bridge_fing23__d7t2__00037.wav,lsp-arctan,les_bridge_fing23,0.0020451546,les_bridge_pick17__d7t4__00039.wav,byod-mxr,7,7,2,4,34.09435618625095,34.08156088036171
les_bridge_fing23__d7t3__00038.wav,lsp-arctan,les_bridge_fing23,0.0019275546,les_bridge_pick25__d7t4__00039.wav,lsp-sine,7,7,3,4,34.09435618625095,34.094517939627885
les_bridge_fing23__d7t4__00039.wav,lsp-arctan,les_bridge_fing23,0.002214551,les_bridge_fing20__d7t4__00039.wav,lsp-hardclip,7,7,4,4,34.09435618625095,34.07942205160116
les_bridge_pick04__d0t0__00000.wav,lsp-arctan,les_bridge_pick04,0.0026400685,les_neck_fing15__d0t3__00003.wav,pedalboard-tanh,0,0,0,3,5.005872107125804,5.0
les_bridge_pick04__d0t1__00001.wav,lsp-arctan,les_bridge_pick04,0.0015819073,les_neck_fing01__d1t2__00007.wav,lsp-tanh,0,1,1,2,5.005872107125804,9.088421535688989
les_bridge_pick04__d0t2__00002.wav,lsp-arctan,les_bridge_pick04,0.0010728836,les_neck_pick02__d0t3__00003.wav,byod-mxr,0,0,2,3,5.005872107125804,5.0
les_bridge_pick04__d0t3__00003.wav,lsp-arctan,les_bridge_pick04,0.0009023547,les_neck_pick05__d0t3__00003.wav,lsp-sine,0,0,3,3,5.005872107125804,5.041347474059023
les_bridge_pick04__d0t4__00004.wav,lsp-arctan,les_bridge_pick04,0.0021252036,les_neck_fing01__d1t4__00009.wav,lsp-sine,0,1,4,4,5.005872107125804,9.202349861352678
les_bridge_pick04__d1t0__00005.wav,lsp-arctan,les_bridge_pick04,0.0032107234,les_bridge_fing24__d0t4__00004.wav,pedalboard-tanh,1,0,0,4,9.170316408518453,5.0
les_bridge_pick04__d1t1__00006.wav,lsp-arctan,les_bridge_pick04,0.002347529,les_neck_fing01__d1t2__00007.wav,byod-mxr,1,1,1,2,9.170316408518453,9.107670514338215
les_bridge_pick04__d1t2__00007.wav,lsp-arctan,les_bridge_pick04,0.001983285,les_neck_fing01__d1t3__00008.wav,lsp-sine,1,1,2,3,9.170316408518453,9.202349861352678
les_bridge_pick04__d1t3__00008.wav,lsp-arctan,les_bridge_pick04,0.000977695,les_neck_pick21__d2t3__00013.wav,lsp-tanh,1,2,3,3,9.170316408518453,13.297259315581634
les_bridge_pick04__d1t4__00009.wav,lsp-arctan,les_bridge_pick04,0.0014785528,les_neck_pick05__d0t4__00004.wav,pedalboard-tanh,1,0,4,4,9.170316408518453,5.0
les_bridge_pick04__d2t0__00010.wav,lsp-arctan,les_bridge_pick04,0.0026740432,les_bridge_fing17__d0t2__00002.wav,pedalboard-tanh,2,0,0,2,13.270071970821393,5.0
les_bridge_pick04__d2t1__00011.wav,lsp-arctan,les_bridge_pick04,0.0011870861,les_neck_pick05__d0t2__00002.wav,lsp-hardclip,2,0,1,2,13.270071970821393,5.063331073032135
les_bridge_pick04__d2t2__00012.wav,lsp-arctan,les_bridge_pick04,0.0017443895,les_neck_pick05__d0t3__00003.wav,lsp-hardclip,2,0,2,3,13.270071970821393,5.063331073032135
les_bridge_pick04__d2t3__00013.wav,lsp-arctan,les_bridge_pick04,0.0016681552,les_neck_fing01__d2t4__00014.wav,byod-mxr,2,2,3,4,13.270071970821393,13.292365801948186
les_bridge_pick04__d2t4__00014.wav,lsp-arctan,les_bridge_pick04,0.0016305447,les_neck_pick21__d1t4__00009.wav,byod-mxr,2,1,4,4,13.270071970821393,9.107670514338215
les_bridge_pick04__d3t0__00015.wav,lsp-arctan,les_bridge_pick04,0.0033628345,les_neck_pick04__d2t2__00012.wav,lsp-tanh,3,2,0,2,17.436825605717576,13.297259315581634
les_bridge_pick04__d3t1__00016.wav,lsp-arctan,les_bridge_pick04,0.0022252798,les_neck_pick05__d2t2__00012.wav,lsp-hardclip,3,2,1,2,17.436825605717576,13.55142968534178
les_bridge_pick04__d3t2__00017.wav,lsp-arctan,les_bridge_pick04,0.0019338727,les_bridge_fing17__d2t4__00014.wav,lsp-sine,3,2,2,4,17.436825605717576,13.251366385956809
les_bridge_pick04__d3t3__00018.wav,lsp-arctan,les_bridge_pick04,0.0039407015,les_neck_pick05__d2t4__00014.wav,lsp-hardclip,3,2,3,4,17.436825605717576,13.55142968534178
les_bridge_pick04__d3t4__00019.wav,lsp-arctan,les_bridge_pick04,0.00504297,les_neck_pick21__d3t4__00019.wav,pedalboard-tanh,3,3,4,4,17.436825605717576,17.454399305827287
les_bridge_pick04__d4t0__00020.wav,lsp-arctan,les_bridge_pick04,0.009675741,les_bridge_pick22__d3t3__00018.wav,byod-mxr,4,3,0,3,21.613326710488973,17.452308155418716
les_bridge_pick04__d4t1__00021.wav,lsp-arctan,les_bridge_pick04,0.0038543344,les_neck_pick03__d4t3__00023.wav,lsp-hardclip,4,4,1,3,21.613326710488973,21.54643860361127
les_bridge_pick04__d4t2__00022.wav,lsp-arctan,les_bridge_pick04,0.005187273,les_neck_pick21__d4t3__00023.wav,lsp-hardclip,4,4,2,3,21.613326710488973,21.54643860361127
les_bridge_pick04__d4t3__00023.wav,lsp-arctan,les_bridge_pick04,0.0034406185,les_neck_pick05__d5t4__00029.wav,lsp-hardclip,4,5,3,4,21.613326710488973,25.79865436059077
les_bridge_pick04__d4t4__00024.wav,lsp-arctan,les_bridge_pick04,0.006223917,les_neck_pick14__d4t4__00024.wav,lsp-sine,4,4,4,4,21.613326710488973,21.652716208419097
les_bridge_pick04__d5t0__00025.wav,lsp-arctan,les_bridge_pick04,0.0076099634,les_bridge_fing24__d4t4__00024.wav,lsp-hardclip,5,4,0,4,25.788497067568912,21.54643860361127
les_bridge_pick04__d5t1__00026.wav,lsp-arctan,les_bridge_pick04,0.0029888153,les_bridge_pick22__d4t4__00024.wav,lsp-tanh,5,4,1,4,25.788497067568912,21.61115826291455
les_bridge_pick04__d5t2__00027.wav,lsp-arctan,les_bridge_pick04,0.003932774,les_neck_pick21__d5t3__00028.wav,lsp-hardclip,5,5,2,3,25.788497067568912,25.79865436059077
les_bridge_pick04__d5t3__00028.wav,lsp-arctan,les_bridge_pick04,0.001442492,les_neck_pick21__d5t4__00029.wav,pedalboard-tanh,5,5,3,4,25.788497067568912,25.782351420955937
les_bridge_pick04__d5t4__00029.wav,lsp-arctan,les_bridge_pick04,0.0052984357,les_neck_pick14__d5t4__00029.wav,lsp-sine,5,5,4,4,25.788497067568912,25.7855895742644
les_bridge_pick04__d6t0__00030.wav,lsp-arctan,les_bridge_pick04,0.010458767,les_bridge_pick22__d4t4__00024.wav,byod-bigmuff,6,4,0,4,29.91872954355242,21.5884141303546
les_bridge_pick04__d6t1__00031.wav,lsp-arctan,les_bridge_pick04,0.007328689,les_bridge_pick22__d6t3__00033.wav,lsp-sine,6,6,1,3,29.91872954355242,29.915327656251563
les_bridge_pick04__d6t2__00032.wav,lsp-arctan,les_bridge_pick04,0.0033445954,les_bridge_fing20__d6t3__00033.wav,lsp-hardclip,6,6,2,3,29.91872954355242,29.908667593492765
les_bridge_pick04__d6t3__00033.wav,lsp-arctan,les_bridge_pick04,0.0033589005,les_neck_fing01__d6t4__00034.wav,lsp-hardclip,6,6,3,4,29.91872954355242,29.908667593492765
les_bridge_pick04__d6t4__00034.wav,lsp-arctan,les_bridge_pick04,0.00468266,les_neck_pick14__d7t3__00038.wav,lsp-hardclip,6,7,4,3,29.91872954355242,34.07942205160116
les_bridge_pick04__d7t0__00035.wav,lsp-arctan,les_bridge_pick04,0.0047629476,les_bridge_pick16__d7t2__00037.wav,byod-bigmuff,7,7,0,2,34.09435618625095,34.074932620854284
les_bridge_pick04__d7t1__00036.wav,lsp-arctan,les_bridge_pick04,0.004131496,les_bridge_pick25__d6t3__00033.wav,lsp-sine,7,6,1,3,34.09435618625095,29.915327656251563
les_bridge_pick04__d7t2__00037.wav,lsp-arctan,les_bridge_pick04,0.0024710298,les_bridge_pick16__d7t3__00038.wav,lsp-tanh,7,7,2,3,34.09435618625095,34.0729352593394
les_bridge_pick04__d7t3__00038.wav,lsp-arctan,les_bridge_pick04,0.0025504827,les_neck_fing01__d7t3__00038.wav,pedalboard-tanh,7,7,3,3,34.09435618625095,34.075823464139134
les_bridge_pick04__d7t4__00039.wav,lsp-arctan,les_bridge_pick04,0.0029624104,les_neck_fing01__d7t4__00039.wav,lsp-tanh,7,7,4,4,34.09435618625095,34.0729352593394
les_bridge_pick09__d0t0__00000.wav,lsp-arctan,les_bridge_pick09,0.0016611218,les_neck_pick12__d2t0__00010.wav,lsp-hardclip,0,2,0,0,5.005872107125804,13.55142968534178
les_bridge_pick09__d0t1__00001.wav,lsp-arctan,les_bridge_pick09,0.0026606321,les_neck_pick12__d2t1__00011.wav,byod-mxr,0,2,1,1,5.005872107125804,13.292365801948186
les_bridge_pick09__d0t2__00002.wav,lsp-arctan,les_bridge_pick09,0.0005943775,les_bridge_fing17__d2t0__00010.wav,lsp-sine,0,2,2,0,5.005872107125804,13.251366385956809
les_bridge_pick09__d0t3__00003.wav,lsp-arctan,les_bridge_pick09,0.0018089414,les_bridge_pick25__d0t2__00002.wav,lsp-hardclip,0,0,3,2,5.005872107125804,5.063331073032135
les_bridge_pick09__d0t4__00004.wav,lsp-arctan,les_bridge_pick09,0.001211226,les_bridge_fing24__d0t3__00003.wav,byod-mxr,0,0,4,3,5.005872107125804,5.0
les_bridge_pick09__d1t0__00005.wav,lsp-arctan,les_bridge_pick09,0.00093978643,les_bridge_fing21__d2t0__00010.wav,byod-mxr,1,2,0,0,9.170316408518453,13.292365801948186
les_bridge_pick09__d1t1__00006.wav,lsp-arctan,les_bridge_pick09,0.002181828,les_bridge_fing21__d1t1__00006.wav,byod-mxr,1,1,1,1,9.170316408518453,9.107670514338215
les_bridge_pick09__d1t2__00007.wav,lsp-arctan,les_bridge_pick09,0.0006098747,les_bridge_fing17__d2t0__00010.wav,pedalboard-tanh,1,2,2,0,9.170316408518453,13.296816138037473
les_bridge_pick09__d1t3__00008.wav,lsp-arctan,les_bridge_pick09,0.0016332269,les_neck_pick03__d1t1__00006.wav,byod-mxr,1,1,3,1,9.170316408518453,9.107670514338215
les_bridge_pick09__d1t4__00009.wav,lsp-arctan,les_bridge_pick09,0.0013012886,les_bridge_fing24__d1t3__00008.wav,byod-mxr,1,1,4,3,9.170316408518453,9.107670514338215
les_bridge_pick09__d2t0__00010.wav,lsp-arctan,les_bridge_pick09,0.0008087754,les_bridge_fing21__d2t0__00010.wav,byod-mxr,2,2,0,0,13.270071970821393,13.292365801948186
les_bridge_pick09__d2t1__00011.wav,lsp-arctan,les_bridge_pick09,0.0013234019,les_bridge_fing21__d2t1__00011.wav,byod-mxr,2,2,1,1,13.270071970821393,13.292365801948186
les_bridge_pick09__d2t2__00012.wav,lsp-arctan,les_bridge_pick09,0.0026156902,les_neck_pick11__d0t1__00001.wav,lsp-sine,2,0,2,1,13.270071970821393,5.041347474059023
les_bridge_pick09__d2t3__00013.wav,lsp-arctan,les_bridge_pick09,0.0034031272,les_bridge_fing21__d2t3__00013.wav,byod-mxr,2,2,3,3,13.270071970821393,13.292365801948186
les_bridge_pick09__d2t4__00014.wav,lsp-arctan,les_bridge_pick09,0.0038092732,les_neck_fing01__d3t1__00016.wav,lsp-sine,2,3,4,1,13.270071970821393,17.46073355198249
les_bridge_pick09__d3t0__00015.wav,lsp-arctan,les_bridge_pick09,0.001131475,les_bridge_fing21__d0t0__00000.wav,lsp-hardclip,3,0,0,0,17.436825605717576,5.063331073032135
les_bridge_pick09__d3t1__00016.wav,lsp-arctan,les_bridge_pick09,0.003311336,les_bridge_fing24__d3t1__00016.wav,lsp-sine,3,3,1,1,17.436825605717576,17.46073355198249
les_bridge_pick09__d3t2__00017.wav,lsp-arctan,les_bridge_pick09,0.004600942,les_bridge_fing24__d3t2__00017.wav,lsp-sine,3,3,2,2,17.436825605717576,17.46073355198249
les_bridge_pick09__d3t3__00018.wav,lsp-arctan,les_bridge_pick09,0.0027260184,les_bridge_fing17__d3t1__00016.wav,byod-mxr,3,3,3,1,17.436825605717576,17.452308155418716
les_bridge_pick09__d3t4__00019.wav,lsp-arctan,les_bridge_pick09,0.0034962893,les_neck_pick12__d4t3__00023.wav,byod-mxr,3,4,4,3,17.436825605717576,21.62039317761596
les_bridge_pick09__d4t0__00020.wav,lsp-arctan,les_bridge_pick09,0.0017394423,les_neck_pick12__d4t0__00020.wav,lsp-tanh,4,4,0,0,21.613326710488973,21.61115826291455
les_bridge_pick09__d4t1__00021.wav,lsp-arctan,les_bridge_pick09,0.0018627644,les_neck_pick03__d4t0__00020.wav,pedalboard-tanh,4,4,1,0,21.613326710488973,21.61638024087312
les_bridge_pick09__d4t2__00022.wav,lsp-arctan,les_bridge_pick09,0.0024552941,les_bridge_fing17__d5t0__00025.wav,lsp-tanh,4,5,2,0,21.613326710488973,25.766463780707188
les_bridge_pick09__d4t3__00023.wav,lsp-arctan,les_bridge_pick09,0.002803862,les_bridge_fing20__d4t2__00022.wav,lsp-tanh,4,4,3,2,21.613326710488973,21.61115826291455
les_bridge_pick09__d4t4__00024.wav,lsp-arctan,les_bridge_pick09,0.003670752,les_neck_pick09__d5t2__00027.wav,byod-mxr,4,5,4,2,21.613326710488973,25.779078975465445
les_bridge_pick09__d5t0__00025.wav,lsp-arctan,les_bridge_pick09,0.0016296506,les_neck_pick12__d2t1__00011.wav,byod-bigmuff,5,2,0,1,25.788497067568912,13.312631977514853
les_bridge_pick09__d5t1__00026.wav,lsp-arctan,les_bridge_pick09,0.0037388206,les_bridge_fing20__d0t2__00002.wav,byod-bigmuff,5,0,1,2,25.788497067568912,5.044777586688817
les_bridge_pick09__d5t2__00027.wav,lsp-arctan,les_bridge_pick09,0.0055294037,les_bridge_pick17__d5t1__00026.wav,lsp-sine,5,5,2,1,25.788497067568912,25.7855895742644
les_bridge_pick09__d5t3__00028.wav,lsp-arctan,les_bridge_pick09,0.0051500797,les_bridge_fing24__d5t3__00028.wav,byod-mxr,5,5,3,3,25.788497067568912,25.779078975465445
les_bridge_pick09__d5t4__00029.wav,lsp-arctan,les_bridge_pick09,0.005238652,les_bridge_fing21__d6t3__00033.wav,byod-mxr,5,6,4,3,25.788497067568912,29.91150927100104
les_bridge_pick09__d6t0__00030.wav,lsp-arctan,les_bridge_pick09,0.0017223358,les_bridge_pick22__d6t0__00030.wav,lsp-tanh,6,6,0,0,29.91872954355242,29.89601395521624
les_bridge_pick09__d6t1__00031.wav,lsp-arctan,les_bridge_pick09,0.0027368069,les_bridge_pick22__d6t1__00031.wav,pedalboard-tanh,6,6,1,1,29.91872954355242,29.92239131554786
les_bridge_pick09__d6t2__00032.wav,lsp-arctan,les_bridge_pick09,0.0060807467,les_bridge_pick22__d5t3__00028.wav,byod-bigmuff,6,5,2,3,29.91872954355242,25.77210742134771
les_bridge_pick09__d6t3__00033.wav,lsp-arctan,les_bridge_pick09,0.0040302873,les_neck_pick12__d7t2__00037.wav,byod-bigmuff,6,7,3,2,29.91872954355242,34.074932620854284
les_bridge_pick09__d6t4__00034.wav,lsp-arctan,les_bridge_pick09,0.004136026,les_bridge_pick25__d6t3__00033.wav,pedalboard-tanh,6,6,4,3,29.91872954355242,29.92239131554786
les_bridge_pick09__d7t0__00035.wav,lsp-arctan,les_bridge_pick09,0.0032190084,les_bridge_fing21__d7t0__00035.wav,lsp-hardclip,7,7,0,0,34.09435618625095,34.07942205160116
les_bridge_pick09__d7t1__00036.wav,lsp-arctan,les_bridge_pick09,0.0050442815,les_bridge_fing24__d7t1__00036.wav,byod-mxr,7,7,1,1,34.09435618625095,34.08156088036171
les_bridge_pick09__d7t2__00037.wav,lsp-arctan,les_bridge_pick09,0.003497064,les_bridge_fing24__d6t3__00033.wav,lsp-hardclip,7,6,2,3,34.09435618625095,29.908667593492765
les_bridge_pick09__d7t3__00038.wav,lsp-arctan,les_bridge_pick09,0.0036829114,les_bridge_fing17__d7t2__00037.wav,byod-mxr,7,7,3,2,34.09435618625095,34.08156088036171
les_bridge_pick09__d7t4__00039.wav,lsp-arctan,les_bridge_pick09,0.0021136403,les_bridge_pick22__d7t4__00039.wav,lsp-tanh,7,7,4,4,34.09435618625095,34.0729352593394
les_bridge_pick12__d0t0__00000.wav,lsp-arctan,les_bridge_pick12,0.0015143156,les_neck_pick12__d0t0__00000.wav,lsp-tanh,0,0,0,0,5.005872107125804,5.0
les_bridge_pick12__d0t1__00001.wav,lsp-arctan,les_bridge_pick12,0.0013318062,les_bridge_fing20__d1t0__00005.wav,pedalboard-tanh,0,1,1,0,5.005872107125804,9.146047429418331
les_bridge_pick12__d0t2__00002.wav,lsp-arctan,les_bridge_pick12,0.0016621947,les_bridge_pick16__d1t1__00006.wav,lsp-sine,0,1,2,1,5.005872107125804,9.202349861352678
les_bridge_pick12__d0t3__00003.wav,lsp-arctan,les_bridge_pick12,0.00027281046,les_bridge_pick25__d0t1__00001.wav,pedalboard-tanh,0,0,3,1,5.005872107125804,5.0
les_bridge_pick12__d0t4__00004.wav,lsp-arctan,les_bridge_pick12,0.0004969239,les_neck_fing15__d4t0__00020.wav,lsp-tanh,0,4,4,0,5.005872107125804,21.61115826291455
les_bridge_pick12__d1t0__00005.wav,lsp-arctan,les_bridge_pick12,0.0017575622,les_neck_pick12__d0t0__00000.wav,lsp-tanh,1,0,0,0,9.170316408518453,5.0
les_bridge_pick12__d1t1__00006.wav,lsp-arctan,les_bridge_pick12,0.00086408854,les_bridge_fing20__d2t0__00010.wav,pedalboard-tanh,1,2,1,0,9.170316408518453,13.296816138037473
les_bridge_pick12__d1t2__00007.wav,lsp-arctan,les_bridge_pick12,0.0021963716,les_bridge_fing21__d0t1__00001.wav,byod-mxr,1,0,2,1,9.170316408518453,5.0
les_bridge_pick12__d1t3__00008.wav,lsp-arctan,les_bridge_pick12,0.00038963556,les_bridge_pick25__d0t1__00001.wav,byod-mxr,1,0,3,1,9.170316408518453,5.0
les_bridge_pick12__d1t4__00009.wav,lsp-arctan,les_bridge_pick12,0.0006535053,les_bridge_fing17__d1t0__00005.wav,lsp-sine,1,1,4,0,9.170316408518453,9.202349861352678
les_bridge_pick12__d2t0__00010.wav,lsp-arctan,les_bridge_pick12,0.002950132,les_neck_pick12__d1t0__00005.wav,byod-mxr,2,1,0,0,13.270071970821393,9.107670514338215
les_bridge_pick12__d2t1__00011.wav,lsp-arctan,les_bridge_pick12,0.0013427734,les_neck_pick07__d3t1__00016.wav,lsp-hardclip,2,3,1,1,13.270071970821393,17.563088337099366
les_bridge_pick12__d2t2__00012.wav,lsp-arctan,les_bridge_pick12,0.0028354526,les_neck_pick12__d2t1__00011.wav,byod-mxr,2,2,2,1,13.270071970821393,13.292365801948186
les_bridge_pick12__d2t3__00013.wav,lsp-arctan,les_bridge_pick12,0.0011208653,les_bridge_fing21__d1t2__00007.wav,lsp-sine,2,1,3,2,13.270071970821393,9.202349861352678
les_bridge_pick12__d2t4__00014.wav,lsp-arctan,les_bridge_pick12,0.0011768341,les_neck_fing15__d5t0__00025.wav,lsp-tanh,2,5,4,0,13.270071970821393,25.766463780707188
les_bridge_pick12__d3t0__00015.wav,lsp-arctan,les_bridge_pick12,0.00054991245,les_neck_pick07__d5t0__00025.wav,lsp-hardclip,3,5,0,0,17.436825605717576,25.79865436059077
les_bridge_pick12__d3t1__00016.wav,lsp-arctan,les_bridge_pick12,0.0008068085,les_neck_pick07__d3t1__00016.wav,byod-mxr,3,3,1,1,17.436825605717576,17.452308155418716
les_bridge_pick12__d3t2__00017.wav,lsp-arctan,les_bridge_pick12,0.002431333,les_neck_pick07__d3t2__00017.wav,lsp-tanh,3,3,2,2,17.436825605717576,17.426284440144894
les_bridge_pick12__d3t3__00018.wav,lsp-arctan,les_bridge_pick12,0.0019949079,les_neck_pick11__d2t1__00011.wav,pedalboard-tanh,3,2,3,1,17.436825605717576,13.296816138037473
les_bridge_pick12__d3t4__00019.wav,lsp-arctan,les_bridge_pick12,0.0045030713,les_bridge_pick22__d3t2__00017.wav,pedalboard-tanh,3,3,4,2,17.436825605717576,17.454399305827287
les_bridge_pick12__d4t0__00020.wav,lsp-arctan,les_bridge_pick12,0.00055992603,les_neck_pick07__d3t1__00016.wav,byod-mxr,4,3,0,1,21.613326710488973,17.452308155418716
les_bridge_pick12__d4t1__00021.wav,lsp-arctan,les_bridge_pick12,0.0025827885,les_bridge_pick22__d4t0__00020.wav,lsp-sine,4,4,1,0,21.613326710488973,21.652716208419097
les_bridge_pick12__d4t2__00022.wav,lsp-arctan,les_bridge_pick12,0.0027131438,les_neck_pick12__d5t1__00026.wav,lsp-tanh,4,5,2,1,21.613326710488973,25.766463780707188
les_bridge_pick12__d4t3__00023.wav,lsp-arctan,les_bridge_pick12,0.003412366,les_bridge_pick22__d4t2__00022.wav,lsp-sine,4,4,3,2,21.613326710488973,21.652716208419097
les_bridge_pick12__d4t4__00024.wav,lsp-arctan,les_bridge_pick12,0.004174471,les_bridge_fing24__d4t4__00024.wav,pedalboard-tanh,4,4,4,4,21.613326710488973,21.61638024087312
les_bridge_pick12__d5t0__00025.wav,lsp-arctan,les_bridge_pick12,0.0016041398,les_neck_pick11__d5t0__00025.wav,pedalboard-tanh,5,5,0,0,25.788497067568912,25.782351420955937
les_bridge_pick12__d5t1__00026.wav,lsp-arctan,les_bridge_pick12,0.0028501153,les_bridge_pick22__d5t1__00026.wav,lsp-tanh,5,5,1,1,25.788497067568912,25.766463780707188
les_bridge_pick12__d5t2__00027.wav,lsp-arctan,les_bridge_pick12,0.007926226,les_bridge_fing24__d5t2__00027.wav,pedalboard-tanh,5,5,2,2,25.788497067568912,25.782351420955937
les_bridge_pick12__d5t3__00028.wav,lsp-arctan,les_bridge_pick12,0.005444765,les_bridge_fing17__d6t1__00031.wav,pedalboard-tanh,5,6,3,1,25.788497067568912,29.92239131554786
les_bridge_pick12__d5t4__00029.wav,lsp-arctan,les_bridge_pick12,0.0023195744,les_bridge_pick25__d5t4__00029.wav,lsp-tanh,5,5,4,4,25.788497067568912,25.766463780707188
les_bridge_pick12__d6t0__00030.wav,lsp-arctan,les_bridge_pick12,0.0039060116,les_bridge_fing24__d6t0__00030.wav,pedalboard-tanh,6,6,0,0,29.91872954355242,29.92239131554786
les_bridge_pick12__d6t1__00031.wav,lsp-arctan,les_bridge_pick12,0.0026554465,les_bridge_pick17__d4t2__00022.wav,byod-bigmuff,6,4,1,2,29.91872954355242,21.5884141303546
les_bridge_pick12__d6t2__00032.wav,lsp-arctan,les_bridge_pick12,0.0027852654,les_bridge_pick25__d6t2__00032.wav,lsp-sine,6,6,2,2,29.91872954355242,29.915327656251563
les_bridge_pick12__d6t3__00033.wav,lsp-arctan,les_bridge_pick12,0.002537012,les_bridge_fing24__d6t3__00033.wav,pedalboard-tanh,6,6,3,3,29.91872954355242,29.92239131554786
les_bridge_pick12__d6t4__00034.wav,lsp-arctan,les_bridge_pick12,0.0026426911,les_bridge_pick25__d6t4__00034.wav,lsp-tanh,6,6,4,4,29.91872954355242,29.89601395521624
les_bridge_pick12__d7t0__00035.wav,lsp-arctan,les_bridge_pick12,0.0023761392,les_bridge_pick22__d7t1__00036.wav,byod-mxr,7,7,0,1,34.09435618625095,34.08156088036171
les_bridge_pick12__d7t1__00036.wav,lsp-arctan,les_bridge_pick12,0.003802538,les_bridge_pick22__d7t2__00037.wav,byod-mxr,7,7,1,2,34.09435618625095,34.08156088036171
les_bridge_pick12__d7t2__00037.wav,lsp-arctan,les_bridge_pick12,0.0038238168,les_bridge_pick17__d5t4__00029.wav,byod-bigmuff,7,5,2,4,34.09435618625095,25.77210742134771
les_bridge_pick12__d7t3__00038.wav,lsp-arctan,les_bridge_pick12,0.0017423034,les_neck_pick05__d7t3__00038.wav,lsp-hardclip,7,7,3,3,34.09435618625095,34.07942205160116
les_bridge_pick12__d7t4__00039.wav,lsp-arctan,les_bridge_pick12,0.002058506,les_neck_pick05__d7t4__00039.wav,lsp-hardclip,7,7,4,4,34.09435618625095,34.07942205160116
les_bridge_pick21__d0t0__00000.wav,lsp-arctan,les_bridge_pick21,0.0035986304,les_neck_fing01__d0t0__00000.wav,byod-mxr,0,0,0,0,5.005872107125804,5.0
les_bridge_pick21__d0t1__00001.wav,lsp-arctan,les_bridge_pick21,0.0014386773,les_neck_pick12__d0t4__00004.wav,pedalboard-tanh,0,0,1,4,5.005872107125804,5.0
les_bridge_pick21__d0t2__00002.wav,lsp-arctan,les_bridge_pick21,0.0007029772,les_neck_pick04__d0t2__00002.wav,byod-mxr,0,0,2,2,5.005872107125804,5.0
les_bridge_pick21__d0t3__00003.wav,lsp-arctan,les_bridge_pick21,0.00077182055,les_neck_pick04__d1t3__00008.wav,lsp-sine,0,1,3,3,5.005872107125804,9.202349861352678
les_bridge_pick21__d0t4__00004.wav,lsp-arctan,les_bridge_pick21,0.0021446943,les_neck_fing01__d1t3__00008.wav,lsp-tanh,0,1,4,3,5.005872107125804,9.088421535688989
les_bridge_pick21__d1t0__00005.wav,lsp-arctan,les_bridge_pick21,0.0035762787,les_neck_fing01__d0t0__00000.wav,byod-mxr,1,0,0,0,9.170316408518453,5.0
les_bridge_pick21__d1t1__00006.wav,lsp-arctan,les_bridge_pick21,0.003932655,les_bridge_pick25__d0t3__00003.wav,pedalboard-tanh,1,0,1,3,9.170316408518453,5.0
les_bridge_pick21__d1t2__00007.wav,lsp-arctan,les_bridge_pick21,0.0016366243,les_neck_fing01__d1t2__00007.wav,byod-mxr,1,1,2,2,9.170316408518453,9.107670514338215
les_bridge_pick21__d1t3__00008.wav,lsp-arctan,les_bridge_pick21,0.0010443926,les_neck_pick02__d0t3__00003.wav,byod-mxr,1,0,3,3,9.170316408518453,5.0
les_bridge_pick21__d1t4__00009.wav,lsp-arctan,les_bridge_pick21,0.0017794967,les_neck_pick02__d1t4__00009.wav,pedalboard-tanh,1,1,4,4,9.170316408518453,9.146047429418331
les_bridge_pick21__d2t0__00010.wav,lsp-arctan,les_bridge_pick21,0.0035401583,les_neck_fing15__d0t1__00001.wav,byod-mxr,2,0,0,1,13.270071970821393,5.0
les_bridge_pick21__d2t1__00011.wav,lsp-arctan,les_bridge_pick21,0.0019359589,les_bridge_pick25__d0t3__00003.wav,lsp-tanh,2,0,1,3,13.270071970821393,5.0
les_bridge_pick21__d2t2__00012.wav,lsp-arctan,les_bridge_pick21,0.0027388334,les_neck_fing01__d2t2__00012.wav,pedalboard-tanh,2,2,2,2,13.270071970821393,13.296816138037473
les_bridge_pick21__d2t3__00013.wav,lsp-arctan,les_bridge_pick21,0.0012409687,les_neck_fing01__d1t3__00008.wav,lsp-tanh,2,1,3,3,13.270071970821393,9.088421535688989
les_bridge_pick21__d2t4__00014.wav,lsp-arctan,les_bridge_pick21,0.0012542605,les_neck_fing01__d0t4__00004.wav,byod-mxr,2,0,4,4,13.270071970821393,5.0
les_bridge_pick21__d3t0__00015.wav,lsp-arctan,les_bridge_pick21,0.0033236742,les_bridge_fing21__d0t3__00003.wav,pedalboard-tanh,3,0,0,3,17.436825605717576,5.0
les_bridge_pick21__d3t1__00016.wav,lsp-arctan,les_bridge_pick21,0.0041932464,les_bridge_pick25__d1t3__00008.wav,lsp-sine,3,1,1,3,17.436825605717576,9.202349861352678
les_bridge_pick21__d3t2__00017.wav,lsp-arctan,les_bridge_pick21,0.0030323267,les_neck_fing01__d2t2__00012.wav,byod-mxr,3,2,2,2,17.436825605717576,13.292365801948186
les_bridge_pick21__d3t3__00018.wav,lsp-arctan,les_bridge_pick21,0.0027314425,les_neck_fing01__d2t3__00013.wav,pedalboard-tanh,3,2,3,3,17.436825605717576,13.296816138037473
les_bridge_pick21__d3t4__00019.wav,lsp-arctan,les_bridge_pick21,0.0026075244,les_neck_pick21__d2t3__00013.wav,lsp-tanh,3,2,4,3,17.436825605717576,13.297259315581634
les_bridge_pick21__d4t0__00020.wav,lsp-arctan,les_bridge_pick21,0.007117331,les_neck_pick07__d1t4__00009.wav,byod-bigmuff,4,1,0,4,21.613326710488973,9.126662172709777
les_bridge_pick21__d4t1__00021.wav,lsp-arctan,les_bridge_pick21,0.005318284,les_neck_pick21__d3t3__00018.wav,byod-bigmuff,4,3,1,3,21.613326710488973,17.442946393617085
les_bridge_pick21__d4t2__00022.wav,lsp-arctan,les_bridge_pick21,0.003588736,les_neck_pick09__d3t4__00019.wav,lsp-hardclip,4,3,2,4,21.613326710488973,17.563088337099366
les_bridge_pick21__d4t3__00023.wav,lsp-arctan,les_bridge_pick21,0.0039154887,les_neck_pick21__d3t3__00018.wav,pedalboard-tanh,4,3,3,3,21.613326710488973,17.454399305827287
les_bridge_pick21__d4t4__00024.wav,lsp-arctan,les_bridge_pick21,0.0041241646,les_neck_pick21__d3t4__00019.wav,pedalboard-tanh,4,3,4,4,21.613326710488973,17.454399305827287
les_bridge_pick21__d5t0__00025.wav,lsp-arctan,les_bridge_pick21,0.010070384,les_bridge_pick16__d0t3__00003.wav,lsp-hardclip,5,0,0,3,25.788497067568912,5.063331073032135
les_bridge_pick21__d5t1__00026.wav,lsp-arctan,les_bridge_pick21,0.008366287,les_bridge_pick17__d3t3__00018.wav,byod-mxr,5,3,1,3,25.788497067568912,17.452308155418716
les_bridge_pick21__d5t2__00027.wav,lsp-arctan,les_bridge_pick21,0.0055212975,les_neck_fing01__d3t3__00018.wav,lsp-sine,5,3,2,3,25.788497067568912,17.46073355198249
les_bridge_pick21__d5t3__00028.wav,lsp-arctan,les_bridge_pick21,0.0048999786,les_neck_pick21__d4t4__00024.wav,pedalboard-tanh,5,4,3,4,25.788497067568912,21.61638024087312
les_bridge_pick21__d5t4__00029.wav,lsp-arctan,les_bridge_pick21,0.011685789,les_neck_pick14__d4t4__00024.wav,lsp-tanh,5,4,4,4,25.788497067568912,21.61115826291455
les_bridge_pick21__d6t0__00030.wav,lsp-arctan,les_bridge_pick21,0.009382069,les_neck_fing01__d2t2__00012.wav,byod-bigmuff,6,2,0,2,29.91872954355242,13.312631977514853
les_bridge_pick21__d6t1__00031.wav,lsp-arctan,les_bridge_pick21,0.006152451,les_neck_pick03__d4t3__00023.wav,byod-bigmuff,6,4,1,3,29.91872954355242,21.5884141303546
les_bridge_pick21__d6t2__00032.wav,lsp-arctan,les_bridge_pick21,0.0018941164,les_neck_pick04__d5t4__00029.wav,lsp-hardclip,6,5,2,4,29.91872954355242,25.79865436059077
les_bridge_pick21__d6t3__00033.wav,lsp-arctan,les_bridge_pick21,0.006856978,les_neck_pick14__d5t4__00029.wav,lsp-hardclip,6,5,3,4,29.91872954355242,25.79865436059077
les_bridge_pick21__d6t4__00034.wav,lsp-arctan,les_bridge_pick21,0.0052113533,les_neck_pick14__d6t3__00033.wav,lsp-sine,6,6,4,3,29.91872954355242,29.915327656251563
les_bridge_pick21__d7t0__00035.wav,lsp-arctan,les_bridge_pick21,0.012093544,les_neck_pick07__d6t3__00033.wav,byod-mxr,7,6,0,3,34.09435618625095,29.91150927100104
les_bridge_pick21__d7t1__00036.wav,lsp-arctan,les_bridge_pick21,0.005546093,les_bridge_pick22__d6t3__00033.wav,lsp-sine,7,6,1,3,34.09435618625095,29.915327656251563
les_bridge_pick21__d7t2__00037.wav,lsp-arctan,les_bridge_pick21,0.0026177168,les_neck_pick02__d6t4__00034.wav,lsp-hardclip,7,6,2,4,34.09435618625095,29.908667593492765
les_bridge_pick21__d7t3__00038.wav,lsp-arctan,les_bridge_pick21,0.001972556,les_neck_fing01__d7t3__00038.wav,pedalboard-tanh,7,7,3,3,34.09435618625095,34.075823464139134
les_bridge_pick21__d7t4__00039.wav,lsp-arctan,les_bridge_pick21,0.0019307733,les_bridge_fing20__d7t4__00039.wav,byod-mxr,7,7,4,4,34.09435618625095,34.08156088036171
les_neck_fing03__d0t0__00000.wav,lsp-arctan,les_neck_fing03,0.0007393956,les_neck_pick12__d1t1__00006.wav,lsp-hardclip,0,1,0,1,5.005872107125804,9.35456396552498
les_neck_fing03__d0t1__00001.wav,lsp-arctan,les_neck_fing03,0.0014045835,les_neck_fing15__d2t1__00011.wav,lsp-tanh,0,2,1,1,5.005872107125804,13.297259315581634
les_neck_fing03__d0t2__00002.wav,lsp-arctan,les_neck_fing03,0.0012424588,les_bridge_pick17__d0t3__00003.wav,pedalboard-tanh,0,0,2,3,5.005872107125804,5.0
les_neck_fing03__d0t3__00003.wav,lsp-arctan,les_neck_fing03,0.0033442378,les_neck_pick05__d0t2__00002.wav,lsp-tanh,0,0,3,2,5.005872107125804,5.0
les_neck_fing03__d0t4__00004.wav,lsp-arctan,les_neck_fing03,0.0020281672,les_neck_fing01__d0t4__00004.wav,pedalboard-tanh,0,0,4,4,5.005872107125804,5.0
les_neck_fing03__d1t0__00005.wav,lsp-arctan,les_neck_fing03,0.00081014633,les_neck_pick12__d2t1__00011.wav,lsp-hardclip,1,2,0,1,9.170316408518453,13.55142968534178
les_neck_fing03__d1t1__00006.wav,lsp-arctan,les_neck_fing03,0.0004891157,les_bridge_pick16__d1t2__00007.wav,byod-mxr,1,1,1,2,9.170316408518453,9.107670514338215
les_neck_fing03__d1t2__00007.wav,lsp-arctan,les_neck_fing03,0.0017794967,les_bridge_pick17__d0t3__00003.wav,lsp-sine,1,0,2,3,9.170316408518453,5.041347474059023
les_neck_fing03__d1t3__00008.wav,lsp-arctan,les_neck_fing03,0.0026211143,les_neck_pick21__d2t2__00012.wav,lsp-tanh,1,2,3,2,9.170316408518453,13.297259315581634
les_neck_fing03__d1t4__00009.wav,lsp-arctan,les_neck_fing03,0.002207756,les_neck_pick02__d1t4__00009.wav,pedalboard-tanh,1,1,4,4,9.170316408518453,9.146047429418331
les_neck_fing03__d2t0__00010.wav,lsp-arctan,les_neck_fing03,0.0012292862,les_neck_pick12__d3t1__00016.wav,lsp-hardclip,2,3,0,1,13.270071970821393,17.563088337099366
les_neck_fing03__d2t1__00011.wav,lsp-arctan,les_neck_fing03,0.0010894537,les_bridge_pick16__d2t2__00012.wav,lsp-sine,2,2,1,2,13.270071970821393,13.251366385956809
les_neck_fing03__d2t2__00012.wav,lsp-arctan,les_neck_fing03,0.0013810992,les_bridge_pick17__d1t3__00008.wav,lsp-sine,2,1,2,3,13.270071970821393,9.202349861352678
les_neck_fing03__d2t3__00013.wav,lsp-arctan,les_neck_fing03,0.002554834,les_neck_pick04__d2t3__00013.wav,lsp-sine,2,2,3,3,13.270071970821393,13.251366385956809
les_neck_fing03__d2t4__00014.wav,lsp-arctan,les_neck_fing03,0.0023881793,les_neck_pick02__d2t4__00014.wav,pedalboard-tanh,2,2,4,4,13.270071970821393,13.296816138037473
les_neck_fing03__d3t0__00015.wav,lsp-arctan,les_neck_fing03,0.0016833544,les_neck_pick03__d4t0__00020.wav,lsp-hardclip,3,4,0,0,17.436825605717576,21.54643860361127
les_neck_fing03__d3t1__00016.wav,lsp-arctan,les_neck_fing03,0.0024427176,les_neck_pick04__d3t1__00016.wav,pedalboard-tanh,3,3,1,1,17.436825605717576,17.454399305827287
les_neck_fing03__d3t2__00017.wav,lsp-arctan,les_neck_fing03,0.0019831657,les_neck_pick04__d3t2__00017.wav,pedalboard-tanh,3,3,2,2,17.436825605717576,17.454399305827287
les_neck_fing03__d3t3__00018.wav,lsp-arctan,les_neck_fing03,0.001830399,les_neck_pick02__d3t3__00018.wav,lsp-tanh,3,3,3,3,17.436825605717576,17.426284440144894
les_neck_fing03__d3t4__00019.wav,lsp-arctan,les_neck_fing03,0.0026058555,les_neck_pick21__d3t3__00018.wav,byod-mxr,3,3,4,3,17.436825605717576,17.452308155418716
les_neck_fing03__d4t0__00020.wav,lsp-arctan,les_neck_fing03,0.002171278,les_neck_pick02__d4t0__00020.wav,byod-mxr,4,4,0,0,21.613326710488973,21.62039317761596
les_neck_fing03__d4t1__00021.wav,lsp-arctan,les_neck_fing03,0.002845347,les_neck_pick03__d5t1__00026.wav,byod-mxr,4,5,1,1,21.613326710488973,25.779078975465445
les_neck_fing03__d4t2__00022.wav,lsp-arctan,les_neck_fing03,0.0034713745,les_neck_pick03__d5t2__00027.wav,lsp-hardclip,4,5,2,2,21.613326710488973,25.79865436059077
les_neck_fing03__d4t3__00023.wav,lsp-arctan,les_neck_fing03,0.002241671,les_neck_pick02__d4t3__00023.wav,lsp-tanh,4,4,3,3,21.613326710488973,21.61115826291455
les_neck_fing03__d4t4__00024.wav,lsp-arctan,les_neck_fing03,0.0022738576,les_neck_pick02__d4t4__00024.wav,lsp-sine,4,4,4,4,21.613326710488973,21.652716208419097
les_neck_fing03__d5t0__00025.wav,lsp-arctan,les_neck_fing03,0.0057061315,les_neck_pick02__d6t0__00030.wav,lsp-hardclip,5,6,0,0,25.788497067568912,29.908667593492765
les_neck_fing03__d5t1__00026.wav,lsp-arctan,les_neck_fing03,0.00592649,les_neck_pick03__d6t1__00031.wav,byod-mxr,5,6,1,1,25.788497067568912,29.91150927100104
les_neck_fing03__d5t2__00027.wav,lsp-arctan,les_neck_fing03,0.0031360388,les_neck_pick05__d5t2__00027.wav,lsp-sine,5,5,2,2,25.788497067568912,25.7855895742644
les_neck_fing03__d5t3__00028.wav,lsp-arctan,les_neck_fing03,0.0008509755,les_neck_pick05__d5t3__00028.wav,lsp-tanh,5,5,3,3,25.788497067568912,25.766463780707188
les_neck_fing03__d5t4__00029.wav,lsp-arctan,les_neck_fing03,0.00079995394,les_neck_pick05__d5t4__00029.wav,lsp-tanh,5,5,4,4,25.788497067568912,25.766463780707188
les_neck_fing03__d6t0__00030.wav,lsp-arctan,les_neck_fing03,0.005284548,les_neck_pick03__d7t0__00035.wav,lsp-hardclip,6,7,0,0,29.91872954355242,34.07942205160116
les_neck_fing03__d6t1__00031.wav,lsp-arctan,les_neck_fing03,0.004453957,les_neck_pick04__d7t1__00036.wav,lsp-hardclip,6,7,1,1,29.91872954355242,34.07942205160116
les_neck_fing03__d6t2__00032.wav,lsp-arctan,les_neck_fing03,0.003993869,les_neck_pick02__d7t2__00037.wav,lsp-sine,6,7,2,2,29.91872954355242,34.094517939627885
les_neck_fing03__d6t3__00033.wav,lsp-arctan,les_neck_fing03,0.00096827745,les_neck_pick05__d6t3__00033.wav,lsp-tanh,6,6,3,3,29.91872954355242,29.89601395521624
les_neck_fing03__d6t4__00034.wav,lsp-arctan,les_neck_fing03,0.0005591512,les_neck_pick05__d6t4__00034.wav,pedalboard-tanh,6,6,4,4,29.91872954355242,29.92239131554786
les_neck_fing03__d7t0__00035.wav,lsp-arctan,les_neck_fing03,0.007534802,les_bridge_pick25__d7t1__00036.wav,byod-bigmuff,7,7,0,1,34.09435618625095,34.074932620854284
les_neck_fing03__d7t1__00036.wav,lsp-arctan,les_neck_fing03,0.003616035,les_bridge_fing24__d7t2__00037.wav,byod-mxr,7,7,1,2,34.09435618625095,34.08156088036171
les_neck_fing03__d7t2__00037.wav,lsp-arctan,les_neck_fing03,0.0023049116,les_neck_pick03__d7t3__00038.wav,lsp-tanh,7,7,2,3,34.09435618625095,34.0729352593394
les_neck_fing03__d7t3__00038.wav,lsp-arctan,les_neck_fing03,0.001232326,les_neck_pick03__d7t4__00039.wav,pedalboard-tanh,7,7,3,4,34.09435618625095,34.075823464139134
les_neck_fing03__d7t4__00039.wav,lsp-arctan,les_neck_fing03,0.001794517,les_bridge_fing24__d7t4__00039.wav,lsp-tanh,7,7,4,4,34.09435618625095,34.0729352593394
les_neck_fing04__d0t0__00000.wav,lsp-arctan,les_neck_fing04,0.0015746951,les_neck_pick12__d3t0__00015.wav,byod-mxr,0,3,0,0,5.005872107125804,17.452308155418716
les_neck_fing04__d0t1__00001.wav,lsp-arctan,les_neck_fing04,0.0013899207,les_bridge_pick17__d3t0__00015.wav,lsp-sine,0,3,1,0,5.005872107125804,17.46073355198249
les_neck_fing04__d0t2__00002.wav,lsp-arctan,les_neck_fing04,0.004392445,les_bridge_fing20__d1t3__00008.wav,lsp-tanh,0,1,2,3,5.005872107125804,9.088421535688989
les_neck_fing04__d0t3__00003.wav,lsp-arctan,les_neck_fing04,0.0043890476,les_neck_fing15__d2t4__00014.wav,lsp-tanh,0,2,3,4,5.005872107125804,13.297259315581634
les_neck_fing04__d0t4__00004.wav,lsp-arctan,les_neck_fing04,0.0046048164,les_neck_pick02__d2t3__00013.wav,pedalboard-tanh,0,2,4,3,5.005872107125804,13.296816138037473
les_neck_fing04__d1t0__00005.wav,lsp-arctan,les_neck_fing04,0.0015300512,les_neck_pick12__d3t0__00015.wav,byod-mxr,1,3,0,0,9.170316408518453,17.452308155418716
les_neck_fing04__d1t1__00006.wav,lsp-arctan,les_neck_fing04,0.0016864538,les_bridge_pick17__d3t0__00015.wav,lsp-sine,1,3,1,0,9.170316408518453,17.46073355198249
les_neck_fing04__d1t2__00007.wav,lsp-arctan,les_neck_fing04,0.004794419,les_bridge_pick17__d2t2__00012.wav,pedalboard-tanh,1,2,2,2,9.170316408518453,13.296816138037473
les_neck_fing04__d1t3__00008.wav,lsp-arctan,les_neck_fing04,0.00396049,les_bridge_pick22__d1t4__00009.wav,byod-mxr,1,1,3,4,9.170316408518453,9.107670514338215
les_neck_fing04__d1t4__00009.wav,lsp-arctan,les_neck_fing04,0.0048867464,les_neck_pick02__d2t3__00013.wav,lsp-tanh,1,2,4,3,9.170316408518453,13.297259315581634
les_neck_fing04__d2t0__00010.wav,lsp-arctan,les_neck_fing04,0.001583755,les_bridge_fing24__d3t0__00015.wav,lsp-tanh,2,3,0,0,13.270071970821393,17.426284440144894
les_neck_fing04__d2t1__00011.wav,lsp-arctan,les_neck_fing04,0.0025988221,les_bridge_pick22__d2t1__00011.wav,lsp-sine,2,2,1,1,13.270071970821393,13.251366385956809
les_neck_fing04__d2t2__00012.wav,lsp-arctan,les_neck_fing04,0.006394267,les_bridge_fing24__d2t3__00013.wav,lsp-sine,2,2,2,3,13.270071970821393,13.251366385956809
les_neck_fing04__d2t3__00013.wav,lsp-arctan,les_neck_fing04,0.0042404532,les_bridge_pick22__d2t4__00014.wav,lsp-tanh,2,2,3,4,13.270071970821393,13.297259315581634
les_neck_fing04__d2t4__00014.wav,lsp-arctan,les_neck_fing04,0.0041793585,les_bridge_pick16__d2t4__00014.wav,byod-bigmuff,2,2,4,4,13.270071970821393,13.312631977514853
les_neck_fing04__d3t0__00015.wav,lsp-arctan,les_neck_fing04,0.0008843541,les_neck_pick12__d4t0__00020.wav,lsp-tanh,3,4,0,0,17.436825605717576,21.61115826291455
les_neck_fing04__d3t1__00016.wav,lsp-arctan,les_neck_fing04,0.0012974143,les_neck_pick03__d4t0__00020.wav,byod-mxr,3,4,1,0,17.436825605717576,21.62039317761596
les_neck_fing04__d3t2__00017.wav,lsp-arctan,les_neck_fing04,0.006495297,les_neck_pick05__d3t1__00016.wav,pedalboard-tanh,3,3,2,1,17.436825605717576,17.454399305827287
les_neck_fing04__d3t3__00018.wav,lsp-arctan,les_neck_fing04,0.0039382577,les_bridge_pick22__d3t4__00019.wav,pedalboard-tanh,3,3,3,4,17.436825605717576,17.454399305827287
les_neck_fing04__d3t4__00019.wav,lsp-arctan,les_neck_fing04,0.0030929446,les_neck_pick11__d3t4__00019.wav,lsp-sine,3,3,4,4,17.436825605717576,17.46073355198249
les_neck_fing04__d4t0__00020.wav,lsp-arctan,les_neck_fing04,0.0014846921,les_bridge_pick22__d4t0__00020.wav,lsp-tanh,4,4,0,0,21.613326710488973,21.61115826291455
les_neck_fing04__d4t1__00021.wav,lsp-arctan,les_neck_fing04,0.004477322,les_neck_pick12__d5t1__00026.wav,lsp-tanh,4,5,1,1,21.613326710488973,25.766463780707188
les_neck_fing04__d4t2__00022.wav,lsp-arctan,les_neck_fing04,0.0033764243,les_neck_pick12__d4t4__00024.wav,lsp-tanh,4,4,2,4,21.613326710488973,21.61115826291455
les_neck_fing04__d4t3__00023.wav,lsp-arctan,les_neck_fing04,0.003968239,les_bridge_pick25__d4t4__00024.wav,byod-mxr,4,4,3,4,21.613326710488973,21.62039317761596
les_neck_fing04__d4t4__00024.wav,lsp-arctan,les_neck_fing04,0.0023721457,les_neck_pick05__d4t3__00023.wav,pedalboard-tanh,4,4,4,3,21.613326710488973,21.61638024087312
les_neck_fing04__d5t0__00025.wav,lsp-arctan,les_neck_fing04,0.003989339,les_bridge_pick25__d5t0__00025.wav,byod-mxr,5,5,0,0,25.788497067568912,25.779078975465445
les_neck_fing04__d5t1__00026.wav,lsp-arctan,les_neck_fing04,0.0041856766,les_neck_pick12__d7t0__00035.wav,pedalboard-tanh,5,7,1,0,25.788497067568912,34.075823464139134
les_neck_fing04__d5t2__00027.wav,lsp-arctan,les_neck_fing04,0.0062312484,les_bridge_fing24__d5t3__00028.wav,byod-mxr,5,5,2,3,25.788497067568912,25.779078975465445
les_neck_fing04__d5t3__00028.wav,lsp-arctan,les_neck_fing04,0.0035181642,les_bridge_pick25__d5t4__00029.wav,byod-mxr,5,5,3,4,25.788497067568912,25.779078975465445
les_neck_fing04__d5t4__00029.wav,lsp-arctan,les_neck_fing04,0.0025696158,les_bridge_pick17__d5t4__00029.wav,lsp-sine,5,5,4,4,25.788497067568912,25.7855895742644
les_neck_fing04__d6t0__00030.wav,lsp-arctan,les_neck_fing04,0.0037698746,les_bridge_pick25__d6t0__00030.wav,byod-mxr,6,6,0,0,29.91872954355242,29.91150927100104
les_neck_fing04__d6t1__00031.wav,lsp-arctan,les_neck_fing04,0.0032538772,les_bridge_fing24__d6t1__00031.wav,pedalboard-tanh,6,6,1,1,29.91872954355242,29.92239131554786
les_neck_fing04__d6t2__00032.wav,lsp-arctan,les_neck_fing04,0.0019129515,les_bridge_pick25__d6t2__00032.wav,pedalboard-tanh,6,6,2,2,29.91872954355242,29.92239131554786
les_neck_fing04__d6t3__00033.wav,lsp-arctan,les_neck_fing04,0.0022809505,les_neck_pick04__d7t2__00037.wav,lsp-hardclip,6,7,3,2,29.91872954355242,34.07942205160116
les_neck_fing04__d6t4__00034.wav,lsp-arctan,les_neck_fing04,0.0021528602,les_neck_pick14__d6t2__00032.wav,pedalboard-tanh,6,6,4,2,29.91872954355242,29.92239131554786
les_neck_fing04__d7t0__00035.wav,lsp-arctan,les_neck_fing04,0.0020474195,les_neck_pick09__d7t0__00035.wav,byod-mxr,7,7,0,0,34.09435618625095,34.08156088036171
les_neck_fing04__d7t1__00036.wav,lsp-arctan,les_neck_fing04,0.0025730133,les_neck_pick09__d7t1__00036.wav,byod-mxr,7,7,1,1,34.09435618625095,34.08156088036171
les_neck_fing04__d7t2__00037.wav,lsp-arctan,les_neck_fing04,0.00355798,les_bridge_fing24__d7t2__00037.wav,lsp-hardclip,7,7,2,2,34.09435618625095,34.07942205160116
les_neck_fing04__d7t3__00038.wav,lsp-arctan,les_neck_fing04,0.0022814274,les_bridge_fing20__d7t2__00037.wav,lsp-hardclip,7,7,3,2,34.09435618625095,34.07942205160116
les_neck_fing04__d7t4__00039.wav,lsp-arctan,les_neck_fing04,0.0017268062,les_bridge_pick25__d7t4__00039.wav,byod-mxr,7,7,4,4,34.09435618625095,34.08156088036171
les_neck_fing09__d0t0__00000.wav,lsp-arctan,les_neck_fing09,0.0016091466,les_neck_pick12__d0t0__00000.wav,lsp-sine,0,0,0,0,5.005872107125804,5.041347474059023
les_neck_fing09__d0t1__00001.wav,lsp-arctan,les_neck_fing09,0.0013995171,les_bridge_pick16__d2t1__00011.wav,lsp-tanh,0,2,1,1,5.005872107125804,13.297259315581634
les_neck_fing09__d0t2__00002.wav,lsp-arctan,les_neck_fing09,0.0032924414,les_bridge_pick22__d0t2__00002.wav,pedalboard-tanh,0,0,2,2,5.005872107125804,5.0
les_neck_fing09__d0t3__00003.wav,lsp-arctan,les_neck_fing09,0.0015830994,les_bridge_pick16__d0t4__00004.wav,lsp-tanh,0,0,3,4,5.005872107125804,5.0
les_neck_fing09__d0t4__00004.wav,lsp-arctan,les_neck_fing09,0.0037178993,les_neck_pick04__d0t3__00003.wav,pedalboard-tanh,0,0,4,3,5.005872107125804,5.0
les_neck_fing09__d1t0__00005.wav,lsp-arctan,les_neck_fing09,0.0013733506,les_neck_fing15__d1t0__00005.wav,byod-bigmuff,1,1,0,0,9.170316408518453,9.126662172709777
les_neck_fing09__d1t1__00006.wav,lsp-arctan,les_neck_fing09,0.001049459,les_bridge_pick16__d2t1__00011.wav,lsp-tanh,1,2,1,1,9.170316408518453,13.297259315581634
les_neck_fing09__d1t2__00007.wav,lsp-arctan,les_neck_fing09,0.0020082593,les_bridge_pick25__d0t2__00002.wav,pedalboard-tanh,1,0,2,2,9.170316408518453,5.0
les_neck_fing09__d1t3__00008.wav,lsp-arctan,les_neck_fing09,0.001989305,les_neck_pick02__d1t2__00007.wav,pedalboard-tanh,1,1,3,2,9.170316408518453,9.146047429418331
les_neck_fing09__d1t4__00009.wav,lsp-arctan,les_neck_fing09,0.0033688545,les_neck_pick04__d0t3__00003.wav,lsp-tanh,1,0,4,3,9.170316408518453,5.0
les_neck_fing09__d2t0__00010.wav,lsp-arctan,les_neck_fing09,0.0025619268,les_neck_fing15__d2t0__00010.wav,byod-bigmuff,2,2,0,0,13.270071970821393,13.312631977514853
les_neck_fing09__d2t1__00011.wav,lsp-arctan,les_neck_fing09,0.002624452,les_neck_pick12__d3t1__00016.wav,lsp-hardclip,2,3,1,1,13.270071970821393,17.563088337099366
les_neck_fing09__d2t2__00012.wav,lsp-arctan,les_neck_fing09,0.001629293,les_bridge_pick16__d2t2__00012.wav,byod-mxr,2,2,2,2,13.270071970821393,13.292365801948186
les_neck_fing09__d2t3__00013.wav,lsp-arctan,les_neck_fing09,0.0031914115,les_neck_pick04__d2t2__00012.wav,pedalboard-tanh,2,2,3,2,13.270071970821393,13.296816138037473
les_neck_fing09__d2t4__00014.wav,lsp-arctan,les_neck_fing09,0.004190564,les_neck_pick04__d2t3__00013.wav,pedalboard-tanh,2,2,4,3,13.270071970821393,13.296816138037473
les_neck_fing09__d3t0__00015.wav,lsp-arctan,les_neck_fing09,0.00064730644,les_neck_pick12__d3t0__00015.wav,pedalboard-tanh,3,3,0,0,17.436825605717576,17.454399305827287
les_neck_fing09__d3t1__00016.wav,lsp-arctan,les_neck_fing09,0.0031499267,les_neck_pick03__d3t0__00015.wav,lsp-tanh,3,3,1,0,17.436825605717576,17.426284440144894
les_neck_fing09__d3t2__00017.wav,lsp-arctan,les_neck_fing09,0.0023527741,les_neck_pick02__d3t1__00016.wav,lsp-tanh,3,3,2,1,17.436825605717576,17.426284440144894
les_neck_fing09__d3t3__00018.wav,lsp-arctan,les_neck_fing09,0.005544722,les_bridge_fing20__d3t3__00018.wav,byod-mxr,3,3,3,3,17.436825605717576,17.452308155418716
les_neck_fing09__d3t4__00019.wav,lsp-arctan,les_neck_fing09,0.0033240318,les_bridge_pick17__d3t4__00019.wav,byod-mxr,3,3,4,4,17.436825605717576,17.452308155418716
les_neck_fing09__d4t0__00020.wav,lsp-arctan,les_neck_fing09,0.0022466183,les_bridge_fing24__d2t0__00010.wav,byod-bigmuff,4,2,0,0,21.613326710488973,13.312631977514853
les_neck_fing09__d4t1__00021.wav,lsp-arctan,les_neck_fing09,0.005978763,les_neck_pick03__d4t0__00020.wav,pedalboard-tanh,4,4,1,0,21.613326710488973,21.61638024087312
les_neck_fing09__d4t2__00022.wav,lsp-arctan,les_neck_fing09,0.005705714,les_neck_pick12__d5t2__00027.wav,byod-mxr,4,5,2,2,21.613326710488973,25.779078975465445
les_neck_fing09__d4t3__00023.wav,lsp-arctan,les_neck_fing09,0.0040159225,les_neck_pick04__d4t2__00022.wav,pedalboard-tanh,4,4,3,2,21.613326710488973,21.61638024087312
les_neck_fing09__d4t4__00024.wav,lsp-arctan,les_neck_fing09,0.005135298,les_neck_pick11__d4t4__00024.wav,pedalboard-tanh,4,4,4,4,21.613326710488973,21.61638024087312
les_neck_fing09__d5t0__00025.wav,lsp-arctan,les_neck_fing09,0.0016093254,les_neck_pick02__d4t0__00020.wav,byod-bigmuff,5,4,0,0,25.788497067568912,21.5884141303546
les_neck_fing09__d5t1__00026.wav,lsp-arctan,les_neck_fing09,0.0040966272,les_bridge_fing21__d5t1__00026.wav,byod-mxr,5,5,1,1,25.788497067568912,25.779078975465445
les_neck_fing09__d5t2__00027.wav,lsp-arctan,les_neck_fing09,0.0046331882,les_neck_pick04__d5t1__00026.wav,lsp-tanh,5,5,2,1,25.788497067568912,25.766463780707188
les_neck_fing09__d5t3__00028.wav,lsp-arctan,les_neck_fing09,0.005003035,les_neck_pick11__d5t3__00028.wav,pedalboard-tanh,5,5,3,3,25.788497067568912,25.782351420955937
les_neck_fing09__d5t4__00029.wav,lsp-arctan,les_neck_fing09,0.0058645606,les_bridge_pick17__d4t4__00024.wav,pedalboard-tanh,5,4,4,4,25.788497067568912,21.61638024087312
les_neck_fing09__d6t0__00030.wav,lsp-arctan,les_neck_fing09,0.0028300881,les_bridge_fing24__d0t2__00002.wav,byod-bigmuff,6,0,0,2,29.91872954355242,5.044777586688817
les_neck_fing09__d6t1__00031.wav,lsp-arctan,les_neck_fing09,0.0035066009,les_neck_pick02__d3t2__00017.wav,byod-bigmuff,6,3,1,2,29.91872954355242,17.442946393617085
les_neck_fing09__d6t2__00032.wav,lsp-arctan,les_neck_fing09,0.006998718,les_bridge_fing20__d6t1__00031.wav,lsp-hardclip,6,6,2,1,29.91872954355242,29.908667593492765
les_neck_fing09__d6t3__00033.wav,lsp-arctan,les_neck_fing09,0.010301232,les_neck_fing01__d6t1__00031.wav,lsp-sine,6,6,3,1,29.91872954355242,29.915327656251563
les_neck_fing09__d6t4__00034.wav,lsp-arctan,les_neck_fing09,0.006896615,les_neck_fing01__d6t2__00032.wav,byod-mxr,6,6,4,2,29.91872954355242,29.91150927100104
les_neck_fing09__d7t0__00035.wav,lsp-arctan,les_neck_fing09,0.0065638423,les_bridge_pick16__d6t0__00030.wav,byod-bigmuff,7,6,0,0,34.09435618625095,29.9151414217934
les_neck_fing09__d7t1__00036.wav,lsp-arctan,les_neck_fing09,0.0031269193,les_neck_pick02__d7t0__00035.wav,lsp-tanh,7,7,1,0,34.09435618625095,34.0729352593394
les_neck_fing09__d7t2__00037.wav,lsp-arctan,les_neck_fing09,0.0037554502,les_neck_fing01__d7t0__00035.wav,lsp-sine,7,7,2,0,34.09435618625095,34.094517939627885
les_neck_fing09__d7t3__00038.wav,lsp-arctan,les_neck_fing09,0.0030630827,les_bridge_pick16__d7t2__00037.wav,lsp-sine,7,7,3,2,34.09435618625095,34.094517939627885
les_neck_fing09__d7t4__00039.wav,lsp-arctan,les_neck_fing09,0.004207015,les_neck_pick05__d6t3__00033.wav,lsp-tanh,7,6,4,3,34.09435618625095,29.89601395521624
les_neck_fing11__d0t0__00000.wav,lsp-arctan,les_neck_fing11,0.0007443428,les_neck_fing15__d0t0__00000.wav,byod-bigmuff,0,0,0,0,5.005872107125804,5.044777586688817
les_neck_fing11__d0t1__00001.wav,lsp-arctan,les_neck_fing11,0.0003541708,les_bridge_pick16__d1t0__00005.wav,lsp-tanh,0,1,1,0,5.005872107125804,9.088421535688989
les_neck_fing11__d0t2__00002.wav,lsp-arctan,les_neck_fing11,0.0011302233,les_bridge_pick16__d1t1__00006.wav,byod-mxr,0,1,2,1,5.005872107125804,9.107670514338215
les_neck_fing11__d0t3__00003.wav,lsp-arctan,les_neck_fing11,0.0007740855,les_neck_pick12__d0t3__00003.wav,pedalboard-tanh,0,0,3,3,5.005872107125804,5.0
les_neck_fing11__d0t4__00004.wav,lsp-arctan,les_neck_fing11,0.00466156,les_bridge_pick16__d0t4__00004.wav,pedalboard-tanh,0,0,4,4,5.005872107125804,5.0
les_neck_fing11__d1t0__00005.wav,lsp-arctan,les_neck_fing11,0.0012267828,les_neck_fing15__d1t0__00005.wav,byod-bigmuff,1,1,0,0,9.170316408518453,9.126662172709777
les_neck_fing11__d1t1__00006.wav,lsp-arctan,les_neck_fing11,0.00027352571,les_bridge_pick16__d2t0__00010.wav,lsp-sine,1,2,1,0,9.170316408518453,13.251366385956809
les_neck_fing11__d1t2__00007.wav,lsp-arctan,les_neck_fing11,0.00081437826,les_bridge_pick16__d2t1__00011.wav,byod-mxr,1,2,2,1,9.170316408518453,13.292365801948186
les_neck_fing11__d1t3__00008.wav,lsp-arctan,les_neck_fing11,0.001257658,les_neck_pick14__d0t0__00000.wav,byod-mxr,1,0,3,0,9.170316408518453,5.0
les_neck_fing11__d1t4__00009.wav,lsp-arctan,les_neck_fing11,0.0017810464,les_bridge_pick16__d0t4__00004.wav,pedalboard-tanh,1,0,4,4,9.170316408518453,5.0
les_neck_fing11__d2t0__00010.wav,lsp-arctan,les_neck_fing11,0.0010433793,les_neck_fing15__d1t0__00005.wav,byod-bigmuff,2,1,0,0,13.270071970821393,9.126662172709777
les_neck_fing11__d2t1__00011.wav,lsp-arctan,les_neck_fing11,0.0022816062,les_bridge_pick16__d1t0__00005.wav,lsp-hardclip,2,1,1,0,13.270071970821393,9.35456396552498
les_neck_fing11__d2t2__00012.wav,lsp-arctan,les_neck_fing11,0.00075024366,les_neck_pick02__d1t0__00005.wav,byod-mxr,2,1,2,0,13.270071970821393,9.107670514338215
les_neck_fing11__d2t3__00013.wav,lsp-arctan,les_neck_fing11,0.0008152127,les_neck_pick21__d0t1__00001.wav,byod-mxr,2,0,3,1,13.270071970821393,5.0
les_neck_fing11__d2t4__00014.wav,lsp-arctan,les_neck_fing11,0.0016700029,les_bridge_pick16__d1t4__00009.wav,lsp-sine,2,1,4,4,13.270071970821393,9.202349861352678
les_neck_fing11__d3t0__00015.wav,lsp-arctan,les_neck_fing11,0.0022095442,les_neck_fing15__d3t0__00015.wav,byod-bigmuff,3,3,0,0,17.436825605717576,17.442946393617085
les_neck_fing11__d3t1__00016.wav,lsp-arctan,les_neck_fing11,0.0011113286,les_bridge_fing24__d3t0__00015.wav,lsp-hardclip,3,3,1,0,17.436825605717576,17.563088337099366
les_neck_fing11__d3t2__00017.wav,lsp-arctan,les_neck_fing11,0.0024608374,les_neck_pick09__d0t1__00001.wav,byod-mxr,3,0,2,1,17.436825605717576,5.0
les_neck_fing11__d3t3__00018.wav,lsp-arctan,les_neck_fing11,0.0028762817,les_bridge_pick22__d2t3__00013.wav,byod-mxr,3,2,3,3,17.436825605717576,13.292365801948186
les_neck_fing11__d3t4__00019.wav,lsp-arctan,les_neck_fing11,0.0039299726,les_bridge_pick22__d2t4__00014.wav,byod-mxr,3,2,4,4,17.436825605717576,13.292365801948186
les_neck_fing11__d4t0__00020.wav,lsp-arctan,les_neck_fing11,0.0017590523,les_bridge_fing21__d4t0__00020.wav,lsp-hardclip,4,4,0,0,21.613326710488973,21.54643860361127
les_neck_fing11__d4t1__00021.wav,lsp-arctan,les_neck_fing11,0.002220273,les_neck_pick11__d4t0__00020.wav,byod-mxr,4,4,1,0,21.613326710488973,21.62039317761596
les_neck_fing11__d4t2__00022.wav,lsp-arctan,les_neck_fing11,0.003600359,les_neck_pick12__d4t2__00022.wav,lsp-tanh,4,4,2,2,21.613326710488973,21.61115826291455
les_neck_fing11__d4t3__00023.wav,lsp-arctan,les_neck_fing11,0.0051249266,les_bridge_pick22__d3t3__00018.wav,lsp-sine,4,3,3,3,21.613326710488973,17.46073355198249
les_neck_fing11__d4t4__00024.wav,lsp-arctan,les_neck_fing11,0.006419778,les_bridge_pick16__d4t3__00023.wav,pedalboard-tanh,4,4,4,3,21.613326710488973,21.61638024087312
les_neck_fing11__d5t0__00025.wav,lsp-arctan,les_neck_fing11,0.0017458797,les_bridge_fing24__d4t0__00020.wav,lsp-sine,5,4,0,0,25.788497067568912,21.652716208419097
les_neck_fing11__d5t1__00026.wav,lsp-arctan,les_neck_fing11,0.002008438,les_neck_pick12__d6t0__00030.wav,lsp-tanh,5,6,1,0,25.788497067568912,29.89601395521624
les_neck_fing11__d5t2__00027.wav,lsp-arctan,les_neck_fing11,0.0070592165,les_bridge_pick25__d4t2__00022.wav,byod-mxr,5,4,2,2,25.788497067568912,21.62039317761596
les_neck_fing11__d5t3__00028.wav,lsp-arctan,les_neck_fing11,0.0077216625,les_bridge_pick22__d5t3__00028.wav,byod-mxr,5,5,3,3,25.788497067568912,25.779078975465445
les_neck_fing11__d5t4__00029.wav,lsp-arctan,les_neck_fing11,0.0046150684,les_bridge_pick16__d5t3__00028.wav,pedalboard-tanh,5,5,4,3,25.788497067568912,25.782351420955937
les_neck_fing11__d6t0__00030.wav,lsp-arctan,les_neck_fing11,0.002706945,les_bridge_pick25__d5t0__00025.wav,byod-mxr,6,5,0,0,29.91872954355242,25.779078975465445
les_neck_fing11__d6t1__00031.wav,lsp-arctan,les_neck_fing11,0.0060197115,les_neck_pick03__d5t1__00026.wav,byod-bigmuff,6,5,1,1,29.91872954355242,25.77210742134771
les_neck_fing11__d6t2__00032.wav,lsp-arctan,les_neck_fing11,0.005058944,les_neck_pick09__d5t2__00027.wav,byod-mxr,6,5,2,2,29.91872954355242,25.779078975465445
les_neck_fing11__d6t3__00033.wav,lsp-arctan,les_neck_fing11,0.0044953227,les_neck_pick09__d5t3__00028.wav,lsp-sine,6,5,3,3,29.91872954355242,25.7855895742644
les_neck_fing11__d6t4__00034.wav,lsp-arctan,les_neck_fing11,0.0021076798,les_bridge_pick22__d5t4__00029.wav,lsp-sine,6,5,4,4,29.91872954355242,25.7855895742644
les_neck_fing11__d7t0__00035.wav,lsp-arctan,les_neck_fing11,0.005438447,les_neck_pick05__d5t1__00026.wav,byod-bigmuff,7,5,0,1,34.09435618625095,25.77210742134771
les_neck_fing11__d7t1__00036.wav,lsp-arctan,les_neck_fing11,0.004849732,les_bridge_pick16__d5t2__00027.wav,lsp-hardclip,7,5,1,2,34.09435618625095,25.79865436059077
les_neck_fing11__d7t2__00037.wav,lsp-arctan,les_neck_fing11,0.008333921,les_neck_pick03__d5t3__00028.wav,byod-bigmuff,7,5,2,3,34.09435618625095,25.77210742134771
les_neck_fing11__d7t3__00038.wav,lsp-arctan,les_neck_fing11,0.0030497313,les_neck_fing01__d5t3__00028.wav,pedalboard-tanh,7,5,3,3,34.09435618625095,25.782351420955937
les_neck_fing11__d7t4__00039.wav,lsp-arctan,les_neck_fing11,0.004395187,les_neck_pick14__d5t3__00028.wav,pedalboard-tanh,7,5,4,3,34.09435618625095,25.782351420955937
les_neck_fing16__d0t0__00000.wav,lsp-arctan,les_neck_fing16,0.0070394278,les_neck_pick12__d0t0__00000.wav,lsp-sine,0,0,0,0,5.005872107125804,5.041347474059023
les_neck_fing16__d0t1__00001.wav,lsp-arctan,les_neck_fing16,0.0017242432,les_bridge_pick16__d0t0__00000.wav,lsp-tanh,0,0,1,0,5.005872107125804,5.0
les_neck_fing16__d0t2__00002.wav,lsp-arctan,les_neck_fing16,0.0040587187,les_neck_fing15__d0t0__00000.wav,lsp-hardclip,0,0,2,0,5.005872107125804,5.063331073032135
les_neck_fing16__d0t3__00003.wav,lsp-arctan,les_neck_fing16,0.0019105077,les_neck_pick04__d0t0__00000.wav,pedalboard-tanh,0,0,3,0,5.005872107125804,5.0
les_neck_fing16__d0t4__00004.wav,lsp-arctan,les_neck_fing16,0.0011851192,les_neck_fing01__d1t0__00005.wav,lsp-tanh,0,1,4,0,5.005872107125804,9.088421535688989
les_neck_fing16__d1t0__00005.wav,lsp-arctan,les_neck_fing16,0.0057300925,les_neck_pick12__d0t0__00000.wav,lsp-sine,1,0,0,0,9.170316408518453,5.041347474059023
les_neck_fing16__d1t1__00006.wav,lsp-arctan,les_neck_fing16,0.0010557771,les_bridge_pick16__d0t0__00000.wav,pedalboard-tanh,1,0,1,0,9.170316408518453,5.0
les_neck_fing16__d1t2__00007.wav,lsp-arctan,les_neck_fing16,0.001808703,les_bridge_pick16__d0t1__00001.wav,pedalboard-tanh,1,0,2,1,9.170316408518453,5.0
les_neck_fing16__d1t3__00008.wav,lsp-arctan,les_neck_fing16,0.0021439195,les_bridge_pick16__d0t1__00001.wav,byod-mxr,1,0,3,1,9.170316408518453,5.0
les_neck_fing16__d1t4__00009.wav,lsp-arctan,les_neck_fing16,0.0016468763,les_neck_pick04__d0t0__00000.wav,lsp-hardclip,1,0,4,0,9.170316408518453,5.063331073032135
les_neck_fing16__d2t0__00010.wav,lsp-arctan,les_neck_fing16,0.002365172,les_neck_pick12__d0t0__00000.wav,pedalboard-tanh,2,0,0,0,13.270071970821393,5.0
les_neck_fing16__d2t1__00011.wav,lsp-arctan,les_neck_fing16,0.0012603402,les_neck_pick12__d0t0__00000.wav,byod-mxr,2,0,1,0,13.270071970821393,5.0
les_neck_fing16__d2t2__00012.wav,lsp-arctan,les_neck_fing16,0.0002654791,les_neck_pick12__d1t1__00006.wav,lsp-sine,2,1,2,1,13.270071970821393,9.202349861352678
les_neck_fing16__d2t3__00013.wav,lsp-arctan,les_neck_fing16,0.0015317202,les_bridge_pick16__d2t1__00011.wav,lsp-tanh,2,2,3,1,13.270071970821393,13.297259315581634
les_neck_fing16__d2t4__00014.wav,lsp-arctan,les_neck_fing16,0.0015659928,les_bridge_pick16__d2t1__00011.wav,lsp-sine,2,2,4,1,13.270071970821393,13.251366385956809
les_neck_fing16__d3t0__00015.wav,lsp-arctan,les_neck_fing16,0.0031790137,les_neck_pick12__d0t0__00000.wav,byod-mxr,3,0,0,0,17.436825605717576,5.0
les_neck_fing16__d3t1__00016.wav,lsp-arctan,les_neck_fing16,0.0018405914,les_neck_pick07__d4t0__00020.wav,lsp-sine,3,4,1,0,17.436825605717576,21.652716208419097
les_neck_fing16__d3t2__00017.wav,lsp-arctan,les_neck_fing16,0.0013583302,les_neck_pick12__d3t0__00015.wav,byod-mxr,3,3,2,0,17.436825605717576,17.452308155418716
les_neck_fing16__d3t3__00018.wav,lsp-arctan,les_neck_fing16,0.0011200309,les_bridge_pick16__d4t0__00020.wav,lsp-tanh,3,4,3,0,17.436825605717576,21.61115826291455
les_neck_fing16__d3t4__00019.wav,lsp-arctan,les_neck_fing16,0.0019391179,les_neck_pick12__d5t0__00025.wav,lsp-sine,3,5,4,0,17.436825605717576,25.7855895742644
les_neck_fing16__d4t0__00020.wav,lsp-arctan,les_neck_fing16,0.0005942583,les_neck_pick11__d1t0__00005.wav,byod-bigmuff,4,1,0,0,21.613326710488973,9.126662172709777
les_neck_fing16__d4t1__00021.wav,lsp-arctan,les_neck_fing16,0.0007683635,les_neck_pick21__d2t0__00010.wav,byod-bigmuff,4,2,1,0,21.613326710488973,13.312631977514853
les_neck_fing16__d4t2__00022.wav,lsp-arctan,les_neck_fing16,0.0017163157,les_neck_pick12__d4t0__00020.wav,byod-mxr,4,4,2,0,21.613326710488973,21.62039317761596
les_neck_fing16__d4t3__00023.wav,lsp-arctan,les_neck_fing16,0.0017883778,les_neck_pick12__d5t0__00025.wav,lsp-tanh,4,5,3,0,21.613326710488973,25.766463780707188
les_neck_fing16__d4t4__00024.wav,lsp-arctan,les_neck_fing16,0.004082024,les_bridge_fing20__d4t1__00021.wav,lsp-hardclip,4,4,4,1,21.613326710488973,21.54643860361127
les_neck_fing16__d5t0__00025.wav,lsp-arctan,les_neck_fing16,0.00056916475,les_bridge_pick22__d0t0__00000.wav,byod-bigmuff,5,0,0,0,25.788497067568912,5.044777586688817
les_neck_fing16__d5t1__00026.wav,lsp-arctan,les_neck_fing16,0.001481235,les_neck_pick21__d1t1__00006.wav,byod-bigmuff,5,1,1,1,25.788497067568912,9.126662172709777
les_neck_fing16__d5t2__00027.wav,lsp-arctan,les_neck_fing16,0.0030018687,les_neck_pick02__d0t2__00002.wav,byod-bigmuff,5,0,2,2,25.788497067568912,5.044777586688817
les_neck_fing16__d5t3__00028.wav,lsp-arctan,les_neck_fing16,0.005190611,les_neck_pick07__d5t2__00027.wav,lsp-hardclip,5,5,3,2,25.788497067568912,25.79865436059077
les_neck_fing16__d5t4__00029.wav,lsp-arctan,les_neck_fing16,0.008981228,les_neck_pick07__d6t2__00032.wav,byod-mxr,5,6,4,2,25.788497067568912,29.91150927100104
les_neck_fing16__d6t0__00030.wav,lsp-arctan,les_neck_fing16,0.0009692311,les_neck_pick07__d6t0__00030.wav,lsp-sine,6,6,0,0,29.91872954355242,29.915327656251563
les_neck_fing16__d6t1__00031.wav,lsp-arctan,les_neck_fing16,0.0028511882,les_neck_pick07__d6t1__00031.wav,pedalboard-tanh,6,6,1,1,29.91872954355242,29.92239131554786
les_neck_fing16__d6t2__00032.wav,lsp-arctan,les_neck_fing16,0.0036256313,les_bridge_pick22__d5t1__00026.wav,pedalboard-tanh,6,5,2,1,29.91872954355242,25.782351420955937
les_neck_fing16__d6t3__00033.wav,lsp-arctan,les_neck_fing16,0.0040638447,les_neck_pick11__d2t4__00014.wav,byod-bigmuff,6,2,3,4,29.91872954355242,13.312631977514853
les_neck_fing16__d6t4__00034.wav,lsp-arctan,les_neck_fing16,0.008536041,les_neck_pick14__d6t0__00030.wav,pedalboard-tanh,6,6,4,0,29.91872954355242,29.92239131554786
les_neck_fing16__d7t0__00035.wav,lsp-arctan,les_neck_fing16,0.0024036765,les_neck_pick07__d4t1__00021.wav,byod-bigmuff,7,4,0,1,34.09435618625095,21.5884141303546
les_neck_fing16__d7t1__00036.wav,lsp-arctan,les_neck_fing16,0.0033624768,les_neck_pick11__d6t0__00030.wav,lsp-sine,7,6,1,0,34.09435618625095,29.915327656251563
les_neck_fing16__d7t2__00037.wav,lsp-arctan,les_neck_fing16,0.008169115,les_neck_pick21__d6t1__00031.wav,byod-bigmuff,7,6,2,1,34.09435618625095,29.9151414217934
les_neck_fing16__d7t3__00038.wav,lsp-arctan,les_neck_fing16,0.007571101,les_bridge_pick17__d4t3__00023.wav,byod-bigmuff,7,4,3,3,34.09435618625095,21.5884141303546
les_neck_fing16__d7t4__00039.wav,lsp-arctan,les_neck_fing16,0.0048719645,les_neck_pick14__d7t1__00036.wav,lsp-sine,7,7,4,1,34.09435618625095,34.094517939627885
les_neck_fing18__d0t0__00000.wav,lsp-arctan,les_neck_fing18,0.0010769963,les_neck_pick12__d2t1__00011.wav,byod-mxr,0,2,0,1,5.005872107125804,13.292365801948186
les_neck_fing18__d0t1__00001.wav,lsp-arctan,les_neck_fing18,0.0004580617,les_bridge_pick16__d2t2__00012.wav,lsp-tanh,0,2,1,2,5.005872107125804,13.297259315581634
les_neck_fing18__d0t2__00002.wav,lsp-arctan,les_neck_fing18,0.0016046762,les_bridge_pick25__d0t3__00003.wav,lsp-tanh,0,0,2,3,5.005872107125804,5.0
les_neck_fing18__d0t3__00003.wav,lsp-arctan,les_neck_fing18,0.0028523803,les_neck_pick21__d1t2__00007.wav,pedalboard-tanh,0,1,3,2,5.005872107125804,9.146047429418331
les_neck_fing18__d0t4__00004.wav,lsp-arctan,les_neck_fing18,0.003132999,les_neck_fing01__d0t3__00003.wav,lsp-sine,0,0,4,3,5.005872107125804,5.041347474059023
les_neck_fing18__d1t0__00005.wav,lsp-arctan,les_neck_fing18,0.0014336705,les_neck_pick12__d3t1__00016.wav,lsp-hardclip,1,3,0,1,9.170316408518453,17.563088337099366
les_neck_fing18__d1t1__00006.wav,lsp-arctan,les_neck_fing18,0.0007597804,les_neck_pick05__d0t0__00000.wav,byod-mxr,1,0,1,0,9.170316408518453,5.0
les_neck_fing18__d1t2__00007.wav,lsp-arctan,les_neck_fing18,0.0020579696,les_bridge_pick16__d2t3__00013.wav,lsp-tanh,1,2,2,3,9.170316408518453,13.297259315581634
les_neck_fing18__d1t3__00008.wav,lsp-arctan,les_neck_fing18,0.0027785301,les_neck_fing01__d1t2__00007.wav,byod-mxr,1,1,3,2,9.170316408518453,9.107670514338215
les_neck_fing18__d1t4__00009.wav,lsp-arctan,les_neck_fing18,0.0031051636,les_neck_fing01__d0t3__00003.wav,byod-mxr,1,0,4,3,9.170316408518453,5.0
les_neck_fing18__d2t0__00010.wav,lsp-arctan,les_neck_fing18,0.00075888634,les_neck_pick12__d3t1__00016.wav,byod-mxr,2,3,0,1,13.270071970821393,17.452308155418716
les_neck_fing18__d2t1__00011.wav,lsp-arctan,les_neck_fing18,0.001544714,les_bridge_fing24__d1t2__00007.wav,byod-mxr,2,1,1,2,13.270071970821393,9.107670514338215
les_neck_fing18__d2t2__00012.wav,lsp-arctan,les_neck_fing18,0.002089858,les_bridge_pick16__d2t3__00013.wav,lsp-sine,2,2,2,3,13.270071970821393,13.251366385956809
les_neck_fing18__d2t3__00013.wav,lsp-arctan,les_neck_fing18,0.003920138,les_neck_fing01__d2t2__00012.wav,byod-mxr,2,2,3,2,13.270071970821393,13.292365801948186
les_neck_fing18__d2t4__00014.wav,lsp-arctan,les_neck_fing18,0.004706323,les_neck_fing01__d2t3__00013.wav,pedalboard-tanh,2,2,4,3,13.270071970821393,13.296816138037473
les_neck_fing18__d3t0__00015.wav,lsp-arctan,les_neck_fing18,0.002843976,les_neck_pick09__d3t0__00015.wav,pedalboard-tanh,3,3,0,0,17.436825605717576,17.454399305827287
les_neck_fing18__d3t1__00016.wav,lsp-arctan,les_neck_fing18,0.0021829605,les_neck_pick09__d3t1__00016.wav,byod-mxr,3,3,1,1,17.436825605717576,17.452308155418716
les_neck_fing18__d3t2__00017.wav,lsp-arctan,les_neck_fing18,0.0028378963,les_neck_pick09__d3t2__00017.wav,lsp-sine,3,3,2,2,17.436825605717576,17.46073355198249
les_neck_fing18__d3t3__00018.wav,lsp-arctan,les_neck_fing18,0.004006505,les_neck_pick09__d3t3__00018.wav,lsp-sine,3,3,3,3,17.436825605717576,17.46073355198249
les_neck_fing18__d3t4__00019.wav,lsp-arctan,les_neck_fing18,0.0025512576,les_neck_pick09__d3t4__00019.wav,lsp-sine,3,3,4,4,17.436825605717576,17.46073355198249
les_neck_fing18__d4t0__00020.wav,lsp-arctan,les_neck_fing18,0.0044223666,les_neck_pick12__d5t1__00026.wav,lsp-hardclip,4,5,0,1,21.613326710488973,25.79865436059077
les_neck_fing18__d4t1__00021.wav,lsp-arctan,les_neck_fing18,0.005450487,les_neck_pick09__d4t1__00021.wav,pedalboard-tanh,4,4,1,1,21.613326710488973,21.61638024087312
les_neck_fing18__d4t2__00022.wav,lsp-arctan,les_neck_fing18,0.0017957687,les_bridge_pick17__d4t2__00022.wav,lsp-sine,4,4,2,2,21.613326710488973,21.652716208419097
les_neck_fing18__d4t3__00023.wav,lsp-arctan,les_neck_fing18,0.0032734275,les_bridge_pick17__d4t3__00023.wav,lsp-sine,4,4,3,3,21.613326710488973,21.652716208419097
les_neck_fing18__d4t4__00024.wav,lsp-arctan,les_neck_fing18,0.002331078,les_neck_pick09__d4t4__00024.wav,byod-mxr,4,4,4,4,21.613326710488973,21.62039317761596
les_neck_fing18__d5t0__00025.wav,lsp-arctan,les_neck_fing18,0.0035998821,les_neck_pick02__d2t2__00012.wav,byod-bigmuff,5,2,0,2,25.788497067568912,13.312631977514853
les_neck_fing18__d5t1__00026.wav,lsp-arctan,les_neck_fing18,0.005454898,les_neck_pick12__d7t0__00035.wav,pedalboard-tanh,5,7,1,0,25.788497067568912,34.075823464139134
les_neck_fing18__d5t2__00027.wav,lsp-arctan,les_neck_fing18,0.0040682554,les_bridge_fing21__d5t3__00028.wav,byod-mxr,5,5,2,3,25.788497067568912,25.779078975465445
les_neck_fing18__d5t3__00028.wav,lsp-arctan,les_neck_fing18,0.0036933422,les_neck_pick09__d5t3__00028.wav,lsp-tanh,5,5,3,3,25.788497067568912,25.766463780707188
les_neck_fing18__d5t4__00029.wav,lsp-arctan,les_neck_fing18,0.0048992634,les_neck_pick02__d5t4__00029.wav,lsp-sine,5,5,4,4,25.788497067568912,25.7855895742644
les_neck_fing18__d6t0__00030.wav,lsp-arctan,les_neck_fing18,0.0019881725,les_bridge_fing20__d4t1__00021.wav,byod-bigmuff,6,4,0,1,29.91872954355242,21.5884141303546
les_neck_fing18__d6t1__00031.wav,lsp-arctan,les_neck_fing18,0.0022613406,les_bridge_pick25__d6t1__00031.wav,pedalboard-tanh,6,6,1,1,29.91872954355242,29.92239131554786
les_neck_fing18__d6t2__00032.wav,lsp-arctan,les_neck_fing18,0.005812824,les_neck_pick09__d6t2__00032.wav,lsp-tanh,6,6,2,2,29.91872954355242,29.89601395521624
les_neck_fing18__d6t3__00033.wav,lsp-arctan,les_neck_fing18,0.0040353537,les_bridge_fing21__d6t4__00034.wav,lsp-sine,6,6,3,4,29.91872954355242,29.915327656251563
les_neck_fing18__d6t4__00034.wav,lsp-arctan,les_neck_fing18,0.0017405748,les_neck_pick05__d6t4__00034.wav,lsp-hardclip,6,6,4,4,29.91872954355242,29.908667593492765
les_neck_fing18__d7t0__00035.wav,lsp-arctan,les_neck_fing18,0.004307866,les_neck_pick21__d7t0__00035.wav,lsp-sine,7,7,0,0,34.09435618625095,34.094517939627885
les_neck_fing18__d7t1__00036.wav,lsp-arctan,les_neck_fing18,0.0050249696,les_bridge_fing24__d7t1__00036.wav,pedalboard-tanh,7,7,1,1,34.09435618625095,34.075823464139134
les_neck_fing18__d7t2__00037.wav,lsp-arctan,les_neck_fing18,0.003993273,les_neck_pick12__d7t3__00038.wav,lsp-hardclip,7,7,2,3,34.09435618625095,34.07942205160116
les_neck_fing18__d7t3__00038.wav,lsp-arctan,les_neck_fing18,0.0015751123,les_bridge_fing17__d6t4__00034.wav,byod-mxr,7,6,3,4,34.09435618625095,29.91150927100104
les_neck_fing18__d7t4__00039.wav,lsp-arctan,les_neck_fing18,0.0019040704,les_neck_fing01__d7t3__00038.wav,pedalboard-tanh,7,7,4,3,34.09435618625095,34.075823464139134
les_neck_pick06__d0t0__00000.wav,lsp-arctan,les_neck_pick06,0.0047611594,les_neck_pick12__d0t0__00000.wav,lsp-sine,0,0,0,0,5.005872107125804,5.041347474059023
les_neck_pick06__d0t1__00001.wav,lsp-arctan,les_neck_pick06,0.00055229664,les_bridge_pick16__d2t0__00010.wav,pedalboard-tanh,0,2,1,0,5.005872107125804,13.296816138037473
les_neck_pick06__d0t2__00002.wav,lsp-arctan,les_neck_pick06,0.0008018613,les_bridge_pick16__d2t1__00011.wav,lsp-tanh,0,2,2,1,5.005872107125804,13.297259315581634
les_neck_pick06__d0t3__00003.wav,lsp-arctan,les_neck_pick06,0.00073593855,les_bridge_pick16__d1t2__00007.wav,lsp-sine,0,1,3,2,5.005872107125804,9.202349861352678
les_neck_pick06__d0t4__00004.wav,lsp-arctan,les_neck_pick06,0.0019011497,les_bridge_pick16__d1t3__00008.wav,lsp-tanh,0,1,4,3,5.005872107125804,9.088421535688989
les_neck_pick06__d1t0__00005.wav,lsp-arctan,les_neck_pick06,0.0042506456,les_neck_pick12__d0t0__00000.wav,lsp-sine,1,0,0,0,9.170316408518453,5.041347474059023
les_neck_pick06__d1t1__00006.wav,lsp-arctan,les_neck_pick06,0.0013302565,les_bridge_pick16__d2t0__00010.wav,lsp-sine,1,2,1,0,9.170316408518453,13.251366385956809
les_neck_pick06__d1t2__00007.wav,lsp-arctan,les_neck_pick06,0.0013535023,les_bridge_pick16__d2t1__00011.wav,lsp-tanh,1,2,2,1,9.170316408518453,13.297259315581634
les_neck_pick06__d1t3__00008.wav,lsp-arctan,les_neck_pick06,0.0014948249,les_neck_pick05__d1t0__00005.wav,lsp-sine,1,1,3,0,9.170316408518453,9.202349861352678
les_neck_pick06__d1t4__00009.wav,lsp-arctan,les_neck_pick06,0.0029729009,les_neck_pick14__d3t0__00015.wav,byod-mxr,1,3,4,0,9.170316408518453,17.452308155418716
les_neck_pick06__d2t0__00010.wav,lsp-arctan,les_neck_pick06,0.0065102577,les_neck_pick12__d0t0__00000.wav,lsp-tanh,2,0,0,0,13.270071970821393,5.0
les_neck_pick06__d2t1__00011.wav,lsp-arctan,les_neck_pick06,0.0031006932,les_neck_pick12__d2t0__00010.wav,pedalboard-tanh,2,2,1,0,13.270071970821393,13.296816138037473
les_neck_pick06__d2t2__00012.wav,lsp-arctan,les_neck_pick06,0.0022494197,les_bridge_fing24__d2t1__00011.wav,pedalboard-tanh,2,2,2,1,13.270071970821393,13.296816138037473
les_neck_pick06__d2t3__00013.wav,lsp-arctan,les_neck_pick06,0.0015305281,les_neck_pick05__d2t0__00010.wav,lsp-tanh,2,2,3,0,13.270071970821393,13.297259315581634
les_neck_pick06__d2t4__00014.wav,lsp-arctan,les_neck_pick06,0.00633198,les_bridge_pick16__d3t2__00017.wav,byod-mxr,2,3,4,2,13.270071970821393,17.452308155418716
les_neck_pick06__d3t0__00015.wav,lsp-arctan,les_neck_pick06,0.003214419,les_neck_pick12__d0t0__00000.wav,byod-bigmuff,3,0,0,0,17.436825605717576,5.044777586688817
les_neck_pick06__d3t1__00016.wav,lsp-arctan,les_neck_pick06,0.0019422174,les_bridge_fing24__d3t0__00015.wav,lsp-tanh,3,3,1,0,17.436825605717576,17.426284440144894
les_neck_pick06__d3t2__00017.wav,lsp-arctan,les_neck_pick06,0.0026466846,les_neck_pick03__d3t0__00015.wav,lsp-tanh,3,3,2,0,17.436825605717576,17.426284440144894
les_neck_pick06__d3t3__00018.wav,lsp-arctan,les_neck_pick06,0.0035098195,les_neck_pick21__d4t0__00020.wav,lsp-sine,3,4,3,0,17.436825605717576,21.652716208419097
les_neck_pick06__d3t4__00019.wav,lsp-arctan,les_neck_pick06,0.007152915,les_bridge_fing24__d3t3__00018.wav,lsp-hardclip,3,3,4,3,17.436825605717576,17.563088337099366
les_neck_pick06__d4t0__00020.wav,lsp-arctan,les_neck_pick06,0.001583159,les_bridge_fing21__d4t0__00020.wav,lsp-hardclip,4,4,0,0,21.613326710488973,21.54643860361127
les_neck_pick06__d4t1__00021.wav,lsp-arctan,les_neck_pick06,0.0025470257,les_bridge_fing24__d4t0__00020.wav,byod-mxr,4,4,1,0,21.613326710488973,21.62039317761596
les_neck_pick06__d4t2__00022.wav,lsp-arctan,les_neck_pick06,0.0037638545,les_neck_pick03__d5t0__00025.wav,lsp-sine,4,5,2,0,21.613326710488973,25.7855895742644
les_neck_pick06__d4t3__00023.wav,lsp-arctan,les_neck_pick06,0.004871905,les_neck_pick12__d5t2__00027.wav,lsp-hardclip,4,5,3,2,21.613326710488973,25.79865436059077
les_neck_pick06__d4t4__00024.wav,lsp-arctan,les_neck_pick06,0.0043064356,les_bridge_pick25__d5t2__00027.wav,byod-mxr,4,5,4,2,21.613326710488973,25.779078975465445
les_neck_pick06__d5t0__00025.wav,lsp-arctan,les_neck_pick06,0.0018548369,les_neck_pick02__d1t1__00006.wav,byod-bigmuff,5,1,0,1,25.788497067568912,9.126662172709777
les_neck_pick06__d5t1__00026.wav,lsp-arctan,les_neck_pick06,0.005193472,les_bridge_fing24__d1t2__00007.wav,byod-bigmuff,5,1,1,2,25.788497067568912,9.126662172709777
les_neck_pick06__d5t2__00027.wav,lsp-arctan,les_neck_pick06,0.0072595477,les_neck_pick02__d6t0__00030.wav,lsp-sine,5,6,2,0,25.788497067568912,29.915327656251563
les_neck_pick06__d5t3__00028.wav,lsp-arctan,les_neck_pick06,0.0033718944,les_neck_pick03__d6t1__00031.wav,lsp-hardclip,5,6,3,1,25.788497067568912,29.908667593492765
les_neck_pick06__d5t4__00029.wav,lsp-arctan,les_neck_pick06,0.004845321,les_bridge_pick22__d6t2__00032.wav,lsp-hardclip,5,6,4,2,25.788497067568912,29.908667593492765
les_neck_pick06__d6t0__00030.wav,lsp-arctan,les_neck_pick06,0.0026208162,les_bridge_fing24__d3t1__00016.wav,byod-bigmuff,6,3,0,1,29.91872954355242,17.442946393617085
les_neck_pick06__d6t1__00031.wav,lsp-arctan,les_neck_pick06,0.0051530004,les_bridge_fing21__d6t1__00031.wav,lsp-hardclip,6,6,1,1,29.91872954355242,29.908667593492765
les_neck_pick06__d6t2__00032.wav,lsp-arctan,les_neck_pick06,0.0038983226,les_neck_pick03__d7t0__00035.wav,lsp-hardclip,6,7,2,0,29.91872954355242,34.07942205160116
les_neck_pick06__d6t3__00033.wav,lsp-arctan,les_neck_pick06,0.0034186244,les_bridge_fing21__d5t3__00028.wav,byod-bigmuff,6,5,3,3,29.91872954355242,25.77210742134771
les_neck_pick06__d6t4__00034.wav,lsp-arctan,les_neck_pick06,0.004298866,les_bridge_fing17__d7t1__00036.wav,byod-mxr,6,7,4,1,29.91872954355242,34.08156088036171
les_neck_pick06__d7t0__00035.wav,lsp-arctan,les_neck_pick06,0.003018558,les_neck_pick02__d5t1__00026.wav,byod-bigmuff,7,5,0,1,34.09435618625095,25.77210742134771
les_neck_pick06__d7t1__00036.wav,lsp-arctan,les_neck_pick06,0.0031007528,les_neck_pick02__d7t0__00035.wav,lsp-hardclip,7,7,1,0,34.09435618625095,34.07942205160116
les_neck_pick06__d7t2__00037.wav,lsp-arctan,les_neck_pick06,0.0015550852,les_neck_pick09__d7t1__00036.wav,pedalboard-tanh,7,7,2,1,34.09435618625095,34.075823464139134
les_neck_pick06__d7t3__00038.wav,lsp-arctan,les_neck_pick06,0.0021823049,les_bridge_fing21__d7t2__00037.wav,lsp-tanh,7,7,3,2,34.09435618625095,34.0729352593394
les_neck_pick06__d7t4__00039.wav,lsp-arctan,les_neck_pick06,0.0026119947,les_bridge_fing20__d5t4__00029.wav,byod-bigmuff,7,5,4,4,34.09435618625095,25.77210742134771
les_neck_pick17__d0t0__00000.wav,lsp-arctan,les_neck_pick17,0.00035196543,les_bridge_pick16__d3t0__00015.wav,lsp-sine,0,3,0,0,5.005872107125804,17.46073355198249
les_neck_pick17__d0t1__00001.wav,lsp-arctan,les_neck_pick17,0.00037366152,les_neck_pick02__d1t0__00005.wav,lsp-sine,0,1,1,0,5.005872107125804,9.202349861352678
les_neck_pick17__d0t2__00002.wav,lsp-arctan,les_neck_pick17,0.001047194,les_neck_pick12__d1t3__00008.wav,byod-mxr,0,1,2,3,5.005872107125804,9.107670514338215
les_neck_pick17__d0t3__00003.wav,lsp-arctan,les_neck_pick17,0.0039417148,les_bridge_fing24__d0t4__00004.wav,pedalboard-tanh,0,0,3,4,5.005872107125804,5.0
les_neck_pick17__d0t4__00004.wav,lsp-arctan,les_neck_pick17,0.0018693805,les_neck_pick21__d0t2__00002.wav,lsp-sine,0,0,4,2,5.005872107125804,5.041347474059023
les_neck_pick17__d1t0__00005.wav,lsp-arctan,les_neck_pick17,0.00014549494,les_bridge_pick16__d3t0__00015.wav,lsp-sine,1,3,0,0,9.170316408518453,17.46073355198249
les_neck_pick17__d1t1__00006.wav,lsp-arctan,les_neck_pick17,0.00019872189,les_neck_pick02__d1t0__00005.wav,pedalboard-tanh,1,1,1,0,9.170316408518453,9.146047429418331
les_neck_pick17__d1t2__00007.wav,lsp-arctan,les_neck_pick17,0.0008163452,les_neck_pick02__d0t1__00001.wav,byod-mxr,1,0,2,1,9.170316408518453,5.0
les_neck_pick17__d1t3__00008.wav,lsp-arctan,les_neck_pick17,0.002139628,les_neck_fing15__d1t3__00008.wav,byod-mxr,1,1,3,3,9.170316408518453,9.107670514338215
les_neck_pick17__d1t4__00009.wav,lsp-arctan,les_neck_pick17,0.0014081597,les_neck_pick21__d1t2__00007.wav,lsp-sine,1,1,4,2,9.170316408518453,9.202349861352678
les_neck_pick17__d2t0__00010.wav,lsp-arctan,les_neck_pick17,0.00027549267,les_bridge_pick16__d3t0__00015.wav,lsp-tanh,2,3,0,0,13.270071970821393,17.426284440144894
les_neck_pick17__d2t1__00011.wav,lsp-arctan,les_neck_pick17,0.0007902384,les_neck_pick02__d2t0__00010.wav,pedalboard-tanh,2,2,1,0,13.270071970821393,13.296816138037473
les_neck_pick17__d2t2__00012.wav,lsp-arctan,les_neck_pick17,0.0008650422,les_neck_pick02__d1t1__00006.wav,byod-mxr,2,1,2,1,13.270071970821393,9.107670514338215
les_neck_pick17__d2t3__00013.wav,lsp-arctan,les_neck_pick17,0.0016465187,les_neck_pick14__d2t1__00011.wav,lsp-hardclip,2,2,3,1,13.270071970821393,13.55142968534178
les_neck_pick17__d2t4__00014.wav,lsp-arctan,les_neck_pick17,0.0019536018,les_neck_pick21__d2t2__00012.wav,lsp-tanh,2,2,4,2,13.270071970821393,13.297259315581634
les_neck_pick17__d3t0__00015.wav,lsp-arctan,les_neck_pick17,0.001455605,les_bridge_fing24__d3t0__00015.wav,lsp-tanh,3,3,0,0,17.436825605717576,17.426284440144894
les_neck_pick17__d3t1__00016.wav,lsp-arctan,les_neck_pick17,0.0004374385,les_neck_pick02__d3t0__00015.wav,lsp-sine,3,3,1,0,17.436825605717576,17.46073355198249
les_neck_pick17__d3t2__00017.wav,lsp-arctan,les_neck_pick17,0.0046717525,les_neck_pick12__d3t3__00018.wav,lsp-tanh,3,3,2,3,17.436825605717576,17.426284440144894
les_neck_pick17__d3t3__00018.wav,lsp-arctan,les_neck_pick17,0.0032285452,les_neck_pick14__d4t1__00021.wav,lsp-hardclip,3,4,3,1,17.436825605717576,21.54643860361127
les_neck_pick17__d3t4__00019.wav,lsp-arctan,les_neck_pick17,0.0038650036,les_bridge_pick16__d3t4__00019.wav,lsp-sine,3,3,4,4,17.436825605717576,17.46073355198249
les_neck_pick17__d4t0__00020.wav,lsp-arctan,les_neck_pick17,0.0017141104,les_bridge_fing24__d4t0__00020.wav,lsp-sine,4,4,0,0,21.613326710488973,21.652716208419097
les_neck_pick17__d4t1__00021.wav,lsp-arctan,les_neck_pick17,0.0037071109,les_neck_pick05__d4t0__00020.wav,lsp-tanh,4,4,1,0,21.613326710488973,21.61115826291455
les_neck_pick17__d4t2__00022.wav,lsp-arctan,les_neck_pick17,0.00581944,les_neck_pick03__d5t1__00026.wav,lsp-hardclip,4,5,2,1,21.613326710488973,25.79865436059077
les_neck_pick17__d4t3__00023.wav,lsp-arctan,les_neck_pick17,0.0066550374,les_neck_pick11__d4t3__00023.wav,lsp-sine,4,4,3,3,21.613326710488973,21.652716208419097
les_neck_pick17__d4t4__00024.wav,lsp-arctan,les_neck_pick17,0.0070664287,les_neck_pick11__d4t4__00024.wav,lsp-tanh,4,4,4,4,21.613326710488973,21.61115826291455
les_neck_pick17__d5t0__00025.wav,lsp-arctan,les_neck_pick17,0.004296243,les_neck_pick11__d5t0__00025.wav,lsp-hardclip,5,5,0,0,25.788497067568912,25.79865436059077
les_neck_pick17__d5t1__00026.wav,lsp-arctan,les_neck_pick17,0.00442189,les_neck_pick05__d5t0__00025.wav,lsp-sine,5,5,1,0,25.788497067568912,25.7855895742644
les_neck_pick17__d5t2__00027.wav,lsp-arctan,les_neck_pick17,0.0064046383,les_neck_pick03__d6t1__00031.wav,byod-mxr,5,6,2,1,25.788497067568912,29.91150927100104
les_neck_pick17__d5t3__00028.wav,lsp-arctan,les_neck_pick17,0.005367875,les_neck_pick05__d5t2__00027.wav,lsp-sine,5,5,3,2,25.788497067568912,25.7855895742644
les_neck_pick17__d5t4__00029.wav,lsp-arctan,les_neck_pick17,0.0035362244,les_bridge_pick22__d5t4__00029.wav,lsp-hardclip,5,5,4,4,25.788497067568912,25.79865436059077
les_neck_pick17__d6t0__00030.wav,lsp-arctan,les_neck_pick17,0.0036215782,les_bridge_fing24__d5t0__00025.wav,byod-bigmuff,6,5,0,0,29.91872954355242,25.77210742134771
les_neck_pick17__d6t1__00031.wav,lsp-arctan,les_neck_pick17,0.00431782,les_neck_pick11__d4t2__00022.wav,byod-bigmuff,6,4,1,2,29.91872954355242,21.5884141303546
les_neck_pick17__d6t2__00032.wav,lsp-arctan,les_neck_pick17,0.0053679347,les_neck_fing01__d6t1__00031.wav,lsp-hardclip,6,6,2,1,29.91872954355242,29.908667593492765
les_neck_pick17__d6t3__00033.wav,lsp-arctan,les_neck_pick17,0.0025686622,les_neck_pick21__d6t2__00032.wav,lsp-tanh,6,6,3,2,29.91872954355242,29.89601395521624
les_neck_pick17__d6t4__00034.wav,lsp-arctan,les_neck_pick17,0.0026105046,les_neck_pick04__d7t2__00037.wav,pedalboard-tanh,6,7,4,2,29.91872954355242,34.075823464139134
les_neck_pick17__d7t0__00035.wav,lsp-arctan,les_neck_pick17,0.0017200708,les_bridge_fing24__d7t0__00035.wav,byod-mxr,7,7,0,0,34.09435618625095,34.08156088036171
les_neck_pick17__d7t1__00036.wav,lsp-arctan,les_neck_pick17,0.0033857822,les_neck_pick21__d7t0__00035.wav,lsp-hardclip,7,7,1,0,34.09435618625095,34.07942205160116
les_neck_pick17__d7t2__00037.wav,lsp-arctan,les_neck_pick17,0.0038805008,les_neck_pick12__d7t2__00037.wav,byod-bigmuff,7,7,2,2,34.09435618625095,34.074932620854284
les_neck_pick17__d7t3__00038.wav,lsp-arctan,les_neck_pick17,0.003423214,les_neck_pick21__d7t2__00037.wav,lsp-sine,7,7,3,2,34.09435618625095,34.094517939627885
les_neck_pick17__d7t4__00039.wav,lsp-arctan,les_neck_pick17,0.0011124611,les_neck_pick05__d7t3__00038.wav,pedalboard-tanh,7,7,4,3,34.09435618625095,34.075823464139134
les_bridge_fing02__d0t0__00000.wav,lsp-hardclip,les_bridge_fing02,0.0013376474,les_neck_pick12__d1t1__00006.wav,byod-mxr,0,1,0,1,5.063331073032135,9.107670514338215
les_bridge_fing02__d0t1__00001.wav,lsp-hardclip,les_bridge_fing02,0.0014433265,les_bridge_pick16__d3t1__00016.wav,byod-mxr,0,3,1,1,5.063331073032135,17.452308155418716
les_bridge_fing02__d0t2__00002.wav,lsp-hardclip,les_bridge_fing02,0.0021467805,les_bridge_fing17__d2t1__00011.wav,lsp-arctan,0,2,2,1,5.063331073032135,13.270071970821393
les_bridge_fing02__d0t3__00003.wav,lsp-hardclip,les_bridge_fing02,0.002203226,les_neck_pick05__d1t1__00006.wav,byod-mxr,0,1,3,1,5.063331073032135,9.107670514338215
les_bridge_fing02__d0t4__00004.wav,lsp-hardclip,les_bridge_fing02,0.0038243532,les_bridge_fing24__d0t4__00004.wav,byod-mxr,0,0,4,4,5.063331073032135,5.0
les_bridge_fing02__d1t0__00005.wav,lsp-hardclip,les_bridge_fing02,0.0017365217,les_neck_pick12__d2t1__00011.wav,lsp-tanh,1,2,0,1,9.35456396552498,13.297259315581634
les_bridge_fing02__d1t1__00006.wav,lsp-hardclip,les_bridge_fing02,0.0011755824,les_bridge_pick16__d3t1__00016.wav,byod-mxr,1,3,1,1,9.35456396552498,17.452308155418716
les_bridge_fing02__d1t2__00007.wav,lsp-hardclip,les_bridge_fing02,0.0016977787,les_bridge_fing17__d2t1__00011.wav,lsp-arctan,1,2,2,1,9.35456396552498,13.270071970821393
les_bridge_fing02__d1t3__00008.wav,lsp-hardclip,les_bridge_fing02,0.0026857257,les_bridge_pick22__d1t3__00008.wav,byod-mxr,1,1,3,3,9.35456396552498,9.107670514338215
les_bridge_fing02__d1t4__00009.wav,lsp-hardclip,les_bridge_fing02,0.0058288574,les_bridge_pick16__d2t3__00013.wav,byod-mxr,1,2,4,3,9.35456396552498,13.292365801948186
les_bridge_fing02__d2t0__00010.wav,lsp-hardclip,les_bridge_fing02,0.0016130209,les_neck_pick12__d2t1__00011.wav,byod-mxr,2,2,0,1,13.55142968534178,13.292365801948186
les_bridge_fing02__d2t1__00011.wav,lsp-hardclip,les_bridge_fing02,0.0023697019,les_neck_pick21__d3t0__00015.wav,lsp-arctan,2,3,1,0,13.55142968534178,17.436825605717576
les_bridge_fing02__d2t2__00012.wav,lsp-hardclip,les_bridge_fing02,0.001981914,les_bridge_fing17__d2t1__00011.wav,lsp-sine,2,2,2,1,13.55142968534178,13.251366385956809
les_bridge_fing02__d2t3__00013.wav,lsp-hardclip,les_bridge_fing02,0.0028870106,les_neck_pick05__d2t1__00011.wav,byod-mxr,2,2,3,1,13.55142968534178,13.292365801948186
les_bridge_fing02__d2t4__00014.wav,lsp-hardclip,les_bridge_fing02,0.0050336123,les_bridge_fing24__d0t4__00004.wav,byod-mxr,2,0,4,4,13.55142968534178,5.0
les_bridge_fing02__d3t0__00015.wav,lsp-hardclip,les_bridge_fing02,0.0029767752,les_neck_pick12__d2t1__00011.wav,byod-mxr,3,2,0,1,17.563088337099366,13.292365801948186
les_bridge_fing02__d3t1__00016.wav,lsp-hardclip,les_bridge_fing02,0.004106581,les_bridge_fing17__d3t0__00015.wav,lsp-sine,3,3,1,0,17.563088337099366,17.46073355198249
les_bridge_fing02__d3t2__00017.wav,lsp-hardclip,les_bridge_fing02,0.0036165118,les_neck_pick12__d3t3__00018.wav,lsp-arctan,3,3,2,3,17.563088337099366,17.436825605717576
les_bridge_fing02__d3t3__00018.wav,lsp-hardclip,les_bridge_fing02,0.004474342,les_neck_pick21__d3t1__00016.wav,pedalboard-tanh,3,3,3,1,17.563088337099366,17.454399305827287
les_bridge_fing02__d3t4__00019.wav,lsp-hardclip,les_bridge_fing02,0.010443449,les_bridge_fing24__d2t4__00014.wav,lsp-sine,3,2,4,4,17.563088337099366,13.251366385956809
les_bridge_fing02__d4t0__00020.wav,lsp-hardclip,les_bridge_fing02,0.0039055347,les_bridge_pick16__d4t0__00020.wav,lsp-sine,4,4,0,0,21.54643860361127,21.652716208419097
les_bridge_fing02__d4t1__00021.wav,lsp-hardclip,les_bridge_fing02,0.0059368014,les_bridge_pick16__d4t1__00021.wav,byod-mxr,4,4,1,1,21.54643860361127,21.62039317761596
les_bridge_fing02__d4t2__00022.wav,lsp-hardclip,les_bridge_fing02,0.008068085,les_bridge_fing17__d2t2__00012.wav,byod-bigmuff,4,2,2,2,21.54643860361127,13.312631977514853
les_bridge_fing02__d4t3__00023.wav,lsp-hardclip,les_bridge_fing02,0.012378454,les_bridge_fing21__d3t4__00019.wav,lsp-arctan,4,3,3,4,21.54643860361127,17.436825605717576
les_bridge_fing02__d4t4__00024.wav,lsp-hardclip,les_bridge_fing02,0.0068228245,les_neck_pick21__d4t3__00023.wav,byod-bigmuff,4,4,4,3,21.54643860361127,21.5884141303546
les_bridge_fing02__d5t0__00025.wav,lsp-hardclip,les_bridge_fing02,0.002940774,les_neck_pick09__d4t0__00020.wav,lsp-arctan,5,4,0,0,25.79865436059077,21.613326710488973
les_bridge_fing02__d5t1__00026.wav,lsp-hardclip,les_bridge_fing02,0.0041464567,les_bridge_fing20__d4t1__00021.wav,lsp-arctan,5,4,1,1,25.79865436059077,21.613326710488973
les_bridge_fing02__d5t2__00027.wav,lsp-hardclip,les_bridge_fing02,0.002642572,les_bridge_pick17__d4t2__00022.wav,lsp-arctan,5,4,2,2,25.79865436059077,21.613326710488973
les_bridge_fing02__d5t3__00028.wav,lsp-hardclip,les_bridge_fing02,0.005785167,les_bridge_fing20__d5t2__00027.wav,lsp-sine,5,5,3,2,25.79865436059077,25.7855895742644
les_bridge_fing02__d5t4__00029.wav,lsp-hardclip,les_bridge_fing02,0.006861329,les_neck_pick03__d6t2__00032.wav,byod-mxr,5,6,4,2,25.79865436059077,29.91150927100104
les_bridge_fing02__d6t0__00030.wav,lsp-hardclip,les_bridge_fing02,0.0022051334,les_neck_pick04__d5t0__00025.wav,pedalboard-tanh,6,5,0,0,29.908667593492765,25.782351420955937
les_bridge_fing02__d6t1__00031.wav,lsp-hardclip,les_bridge_fing02,0.0015497208,les_bridge_fing17__d6t0__00030.wav,lsp-sine,6,6,1,0,29.908667593492765,29.915327656251563
les_bridge_fing02__d6t2__00032.wav,lsp-hardclip,les_bridge_fing02,0.0051121116,les_bridge_pick17__d5t2__00027.wav,lsp-tanh,6,5,2,2,29.908667593492765,25.766463780707188
les_bridge_fing02__d6t3__00033.wav,lsp-hardclip,les_bridge_fing02,0.006074071,les_bridge_pick25__d5t4__00029.wav,lsp-tanh,6,5,3,4,29.908667593492765,25.766463780707188
les_bridge_fing02__d6t4__00034.wav,lsp-hardclip,les_bridge_fing02,0.0070841312,les_bridge_pick16__d6t3__00033.wav,lsp-tanh,6,6,4,3,29.908667593492765,29.89601395521624
les_bridge_fing02__d7t0__00035.wav,lsp-hardclip,les_bridge_fing02,0.004662633,les_neck_pick04__d6t1__00031.wav,byod-bigmuff,7,6,0,1,34.07942205160116,29.9151414217934
les_bridge_fing02__d7t1__00036.wav,lsp-hardclip,les_bridge_fing02,0.004064381,les_neck_pick09__d7t1__00036.wav,pedalboard-tanh,7,7,1,1,34.07942205160116,34.075823464139134
les_bridge_fing02__d7t2__00037.wav,lsp-hardclip,les_bridge_fing02,0.0039281845,les_bridge_pick17__d6t2__00032.wav,lsp-sine,7,6,2,2,34.07942205160116,29.915327656251563
les_bridge_fing02__d7t3__00038.wav,lsp-hardclip,les_bridge_fing02,0.0030549765,les_neck_pick14__d6t2__00032.wav,lsp-arctan,7,6,3,2,34.07942205160116,29.91872954355242
les_bridge_fing02__d7t4__00039.wav,lsp-hardclip,les_bridge_fing02,0.004196048,les_neck_fing01__d7t3__00038.wav,lsp-arctan,7,7,4,3,34.07942205160116,34.09435618625095
les_bridge_fing05__d0t0__00000.wav,lsp-hardclip,les_bridge_fing05,0.0017926693,les_bridge_fing21__d0t3__00003.wav,lsp-sine,0,0,0,3,5.063331073032135,5.041347474059023
les_bridge_fing05__d0t1__00001.wav,lsp-hardclip,les_bridge_fing05,0.00199759,les_bridge_pick16__d2t3__00013.wav,byod-mxr,0,2,1,3,5.063331073032135,13.292365801948186
les_bridge_fing05__d0t2__00002.wav,lsp-hardclip,les_bridge_fing05,0.0017281771,les_neck_pick05__d1t2__00007.wav,lsp-sine,0,1,2,2,5.063331073032135,9.202349861352678
les_bridge_fing05__d0t3__00003.wav,lsp-hardclip,les_bridge_fing05,0.0020358562,les_bridge_fing17__d0t4__00004.wav,byod-mxr,0,0,3,4,5.063331073032135,5.0
les_bridge_fing05__d0t4__00004.wav,lsp-hardclip,les_bridge_fing05,0.0026723742,les_neck_pick21__d2t3__00013.wav,lsp-sine,0,2,4,3,5.063331073032135,13.251366385956809
les_bridge_fing05__d1t0__00005.wav,lsp-hardclip,les_bridge_fing05,0.0012885928,les_bridge_pick16__d2t2__00012.wav,byod-mxr,1,2,0,2,9.35456396552498,13.292365801948186
les_bridge_fing05__d1t1__00006.wav,lsp-hardclip,les_bridge_fing05,0.0022371411,les_bridge_pick17__d1t3__00008.wav,pedalboard-tanh,1,1,1,3,9.35456396552498,9.146047429418331
les_bridge_fing05__d1t2__00007.wav,lsp-hardclip,les_bridge_fing05,0.0030121803,les_neck_pick05__d1t2__00007.wav,lsp-sine,1,1,2,2,9.35456396552498,9.202349861352678
les_bridge_fing05__d1t3__00008.wav,lsp-hardclip,les_bridge_fing05,0.002000153,les_neck_pick03__d0t4__00004.wav,lsp-sine,1,0,3,4,9.35456396552498,5.041347474059023
les_bridge_fing05__d1t4__00009.wav,lsp-hardclip,les_bridge_fing05,0.002831161,les_bridge_fing17__d2t4__00014.wav,lsp-tanh,1,2,4,4,9.35456396552498,13.297259315581634
les_bridge_fing05__d2t0__00010.wav,lsp-hardclip,les_bridge_fing05,0.0028588176,les_bridge_pick16__d2t2__00012.wav,byod-mxr,2,2,0,2,13.55142968534178,13.292365801948186
les_bridge_fing05__d2t1__00011.wav,lsp-hardclip,les_bridge_fing05,0.001928091,les_bridge_pick16__d2t3__00013.wav,lsp-sine,2,2,1,3,13.55142968534178,13.251366385956809
les_bridge_fing05__d2t2__00012.wav,lsp-hardclip,les_bridge_fing05,0.004401982,les_neck_pick05__d2t2__00012.wav,pedalboard-tanh,2,2,2,2,13.55142968534178,13.296816138037473
les_bridge_fing05__d2t3__00013.wav,lsp-hardclip,les_bridge_fing05,0.001718998,les_neck_pick03__d1t4__00009.wav,lsp-arctan,2,1,3,4,13.55142968534178,9.170316408518453
les_bridge_fing05__d2t4__00014.wav,lsp-hardclip,les_bridge_fing05,0.003653109,les_bridge_fing17__d2t4__00014.wav,lsp-arctan,2,2,4,4,13.55142968534178,13.270071970821393
les_bridge_fing05__d3t0__00015.wav,lsp-hardclip,les_bridge_fing05,0.0040281415,les_bridge_pick22__d1t2__00007.wav,byod-mxr,3,1,0,2,17.563088337099366,9.107670514338215
les_bridge_fing05__d3t1__00016.wav,lsp-hardclip,les_bridge_fing05,0.0023489594,les_bridge_pick22__d2t3__00013.wav,lsp-arctan,3,2,1,3,17.563088337099366,13.270071970821393
les_bridge_fing05__d3t2__00017.wav,lsp-hardclip,les_bridge_fing05,0.0053026676,les_neck_fing15__d3t4__00019.wav,lsp-arctan,3,3,2,4,17.563088337099366,17.436825605717576
les_bridge_fing05__d3t3__00018.wav,lsp-hardclip,les_bridge_fing05,0.0036887527,les_neck_pick03__d1t4__00009.wav,pedalboard-tanh,3,1,3,4,17.563088337099366,9.146047429418331
les_bridge_fing05__d3t4__00019.wav,lsp-hardclip,les_bridge_fing05,0.0074720383,les_bridge_fing17__d2t4__00014.wav,lsp-sine,3,2,4,4,17.563088337099366,13.251366385956809
les_bridge_fing05__d4t0__00020.wav,lsp-hardclip,les_bridge_fing05,0.0056161284,les_bridge_pick16__d3t2__00017.wav,lsp-arctan,4,3,0,2,21.54643860361127,17.436825605717576
les_bridge_fing05__d4t1__00021.wav,lsp-hardclip,les_bridge_fing05,0.006564617,les_bridge_fing24__d2t4__00014.wav,byod-mxr,4,2,1,4,21.54643860361127,13.292365801948186
les_bridge_fing05__d4t2__00022.wav,lsp-hardclip,les_bridge_fing05,0.007080257,les_neck_pick11__d1t3__00008.wav,lsp-sine,4,1,2,3,21.54643860361127,9.202349861352678
les_bridge_fing05__d4t3__00023.wav,lsp-hardclip,les_bridge_fing05,0.0060557127,les_neck_pick02__d3t3__00018.wav,byod-mxr,4,3,3,3,21.54643860361127,17.452308155418716
les_bridge_fing05__d4t4__00024.wav,lsp-hardclip,les_bridge_fing05,0.0045647025,les_neck_pick21__d4t3__00023.wav,lsp-arctan,4,4,4,3,21.54643860361127,21.613326710488973
les_bridge_fing05__d5t0__00025.wav,lsp-hardclip,les_bridge_fing05,0.010474622,les_neck_pick09__d2t2__00012.wav,byod-bigmuff,5,2,0,2,25.79865436059077,13.312631977514853
les_bridge_fing05__d5t1__00026.wav,lsp-hardclip,les_bridge_fing05,0.009737015,les_bridge_pick22__d3t3__00018.wav,lsp-arctan,5,3,1,3,25.79865436059077,17.436825605717576
les_bridge_fing05__d5t2__00027.wav,lsp-hardclip,les_bridge_fing05,0.0041714907,les_bridge_fing20__d4t3__00023.wav,pedalboard-tanh,5,4,2,3,25.79865436059077,21.61638024087312
les_bridge_fing05__d5t3__00028.wav,lsp-hardclip,les_bridge_fing05,0.0034133196,les_bridge_fing17__d4t4__00024.wav,lsp-arctan,5,4,3,4,25.79865436059077,21.613326710488973
les_bridge_fing05__d5t4__00029.wav,lsp-hardclip,les_bridge_fing05,0.00731951,les_bridge_fing17__d5t4__00029.wav,lsp-sine,5,5,4,4,25.79865436059077,25.7855895742644
les_bridge_fing05__d6t0__00030.wav,lsp-hardclip,les_bridge_fing05,0.005586326,les_bridge_pick17__d5t1__00026.wav,byod-mxr,6,5,0,1,29.908667593492765,25.779078975465445
les_bridge_fing05__d6t1__00031.wav,lsp-hardclip,les_bridge_fing05,0.0033638477,les_bridge_fing21__d5t3__00028.wav,byod-mxr,6,5,1,3,29.908667593492765,25.779078975465445
les_bridge_fing05__d6t2__00032.wav,lsp-hardclip,les_bridge_fing05,0.006364107,les_neck_pick12__d7t2__00037.wav,pedalboard-tanh,6,7,2,2,29.908667593492765,34.075823464139134
les_bridge_fing05__d6t3__00033.wav,lsp-hardclip,les_bridge_fing05,0.006028712,les_bridge_fing17__d5t4__00029.wav,lsp-arctan,6,5,3,4,29.908667593492765,25.788497067568912
les_bridge_fing05__d6t4__00034.wav,lsp-hardclip,les_bridge_fing05,0.006813526,les_neck_fing01__d7t3__00038.wav,lsp-arctan,6,7,4,3,29.908667593492765,34.09435618625095
les_bridge_fing05__d7t0__00035.wav,lsp-hardclip,les_bridge_fing05,0.00525856,les_bridge_pick22__d5t3__00028.wav,byod-bigmuff,7,5,0,3,34.07942205160116,25.77210742134771
les_bridge_fing05__d7t1__00036.wav,lsp-hardclip,les_bridge_fing05,0.005491674,les_bridge_fing17__d7t1__00036.wav,lsp-sine,7,7,1,1,34.07942205160116,34.094517939627885
les_bridge_fing05__d7t2__00037.wav,lsp-hardclip,les_bridge_fing05,0.0023294091,les_bridge_fing17__d7t2__00037.wav,pedalboard-tanh,7,7,2,2,34.07942205160116,34.075823464139134
les_bridge_fing05__d7t3__00038.wav,lsp-hardclip,les_bridge_fing05,0.0020223856,les_bridge_fing20__d7t3__00038.wav,pedalboard-tanh,7,7,3,3,34.07942205160116,34.075823464139134
les_bridge_fing05__d7t4__00039.wav,lsp-hardclip,les_bridge_fing05,0.002441585,les_bridge_fing20__d7t4__00039.wav,lsp-arctan,7,7,4,4,34.07942205160116,34.09435618625095
les_bridge_fing07__d0t0__00000.wav,lsp-hardclip,les_bridge_fing07,0.0015758872,les_bridge_fing24__d0t1__00001.wav,pedalboard-tanh,0,0,0,1,5.063331073032135,5.0
les_bridge_fing07__d0t1__00001.wav,lsp-hardclip,les_bridge_fing07,0.00077676773,les_neck_fing15__d4t0__00020.wav,byod-mxr,0,4,1,0,5.063331073032135,21.62039317761596
les_bridge_fing07__d0t2__00002.wav,lsp-hardclip,les_bridge_fing07,0.0014824271,les_bridge_fing24__d1t3__00008.wav,lsp-sine,0,1,2,3,5.063331073032135,9.202349861352678
les_bridge_fing07__d0t3__00003.wav,lsp-hardclip,les_bridge_fing07,0.0017462373,les_bridge_pick17__d1t3__00008.wav,lsp-arctan,0,1,3,3,5.063331073032135,9.170316408518453
les_bridge_fing07__d0t4__00004.wav,lsp-hardclip,les_bridge_fing07,0.0019566417,les_bridge_pick17__d1t4__00009.wav,lsp-sine,0,1,4,4,5.063331073032135,9.202349861352678
les_bridge_fing07__d1t0__00005.wav,lsp-hardclip,les_bridge_fing07,0.0013466477,les_bridge_fing24__d0t1__00001.wav,pedalboard-tanh,1,0,0,1,9.35456396552498,5.0
les_bridge_fing07__d1t1__00006.wav,lsp-hardclip,les_bridge_fing07,0.001570642,les_bridge_fing20__d0t2__00002.wav,pedalboard-tanh,1,0,1,2,9.35456396552498,5.0
les_bridge_fing07__d1t2__00007.wav,lsp-hardclip,les_bridge_fing07,0.0015465617,les_bridge_fing24__d0t3__00003.wav,byod-mxr,1,0,2,3,9.35456396552498,5.0
les_bridge_fing07__d1t3__00008.wav,lsp-hardclip,les_bridge_fing07,0.003176868,les_bridge_fing24__d1t4__00009.wav,byod-mxr,1,1,3,4,9.35456396552498,9.107670514338215
les_bridge_fing07__d1t4__00009.wav,lsp-hardclip,les_bridge_fing07,0.0035669804,les_bridge_pick17__d1t4__00009.wav,lsp-arctan,1,1,4,4,9.35456396552498,9.170316408518453
les_bridge_fing07__d2t0__00010.wav,lsp-hardclip,les_bridge_fing07,0.00047117472,les_bridge_fing24__d1t1__00006.wav,pedalboard-tanh,2,1,0,1,13.55142968534178,9.146047429418331
les_bridge_fing07__d2t1__00011.wav,lsp-hardclip,les_bridge_fing07,0.0028777719,les_neck_fing15__d5t0__00025.wav,lsp-arctan,2,5,1,0,13.55142968534178,25.788497067568912
les_bridge_fing07__d2t2__00012.wav,lsp-hardclip,les_bridge_fing07,0.0040709972,les_bridge_fing24__d2t3__00013.wav,lsp-tanh,2,2,2,3,13.55142968534178,13.297259315581634
les_bridge_fing07__d2t3__00013.wav,lsp-hardclip,les_bridge_fing07,0.006983459,les_bridge_pick22__d2t3__00013.wav,byod-mxr,2,2,3,3,13.55142968534178,13.292365801948186
les_bridge_fing07__d2t4__00014.wav,lsp-hardclip,les_bridge_fing07,0.0071198344,les_bridge_pick16__d3t3__00018.wav,lsp-tanh,2,3,4,3,13.55142968534178,17.426284440144894
les_bridge_fing07__d3t0__00015.wav,lsp-hardclip,les_bridge_fing07,0.0032448173,les_neck_pick03__d0t0__00000.wav,pedalboard-tanh,3,0,0,0,17.563088337099366,5.0
les_bridge_fing07__d3t1__00016.wav,lsp-hardclip,les_bridge_fing07,0.0048590302,les_bridge_pick16__d4t1__00021.wav,byod-mxr,3,4,1,1,17.563088337099366,21.62039317761596
les_bridge_fing07__d3t2__00017.wav,lsp-hardclip,les_bridge_fing07,0.007591009,les_neck_pick04__d4t1__00021.wav,byod-mxr,3,4,2,1,17.563088337099366,21.62039317761596
les_bridge_fing07__d3t3__00018.wav,lsp-hardclip,les_bridge_fing07,0.011014104,les_bridge_pick22__d3t3__00018.wav,lsp-arctan,3,3,3,3,17.563088337099366,17.436825605717576
les_bridge_fing07__d3t4__00019.wav,lsp-hardclip,les_bridge_fing07,0.014272213,les_neck_pick21__d4t3__00023.wav,byod-bigmuff,3,4,4,3,17.563088337099366,21.5884141303546
les_bridge_fing07__d4t0__00020.wav,lsp-hardclip,les_bridge_fing07,0.0052125454,les_neck_pick09__d4t0__00020.wav,pedalboard-tanh,4,4,0,0,21.54643860361127,21.61638024087312
les_bridge_fing07__d4t1__00021.wav,lsp-hardclip,les_bridge_fing07,0.0066720843,les_neck_pick09__d3t2__00017.wav,byod-bigmuff,4,3,1,2,21.54643860361127,17.442946393617085
les_bridge_fing07__d4t2__00022.wav,lsp-hardclip,les_bridge_fing07,0.006499231,les_bridge_pick25__d4t2__00022.wav,lsp-tanh,4,4,2,2,21.54643860361127,21.61115826291455
les_bridge_fing07__d4t3__00023.wav,lsp-hardclip,les_bridge_fing07,0.00816083,les_bridge_pick22__d4t3__00023.wav,lsp-arctan,4,4,3,3,21.54643860361127,21.613326710488973
les_bridge_fing07__d4t4__00024.wav,lsp-hardclip,les_bridge_fing07,0.019488156,les_neck_pick05__d4t4__00024.wav,byod-bigmuff,4,4,4,4,21.54643860361127,21.5884141303546
les_bridge_fing07__d5t0__00025.wav,lsp-hardclip,les_bridge_fing07,0.0037121177,les_bridge_fing21__d5t1__00026.wav,byod-mxr,5,5,0,1,25.79865436059077,25.779078975465445
les_bridge_fing07__d5t1__00026.wav,lsp-hardclip,les_bridge_fing07,0.009793818,les_bridge_fing17__d5t0__00025.wav,byod-mxr,5,5,1,0,25.79865436059077,25.779078975465445
les_bridge_fing07__d5t2__00027.wav,lsp-hardclip,les_bridge_fing07,0.004380882,les_bridge_pick25__d5t2__00027.wav,lsp-arctan,5,5,2,2,25.79865436059077,25.788497067568912
les_bridge_fing07__d5t3__00028.wav,lsp-hardclip,les_bridge_fing07,0.008101404,les_bridge_pick25__d5t3__00028.wav,lsp-tanh,5,5,3,3,25.79865436059077,25.766463780707188
les_bridge_fing07__d5t4__00029.wav,lsp-hardclip,les_bridge_fing07,0.008715987,les_bridge_fing17__d5t3__00028.wav,byod-bigmuff,5,5,4,3,25.79865436059077,25.77210742134771
les_bridge_fing07__d6t0__00030.wav,lsp-hardclip,les_bridge_fing07,0.0024952888,les_neck_pick03__d6t0__00030.wav,lsp-arctan,6,6,0,0,29.908667593492765,29.91872954355242
les_bridge_fing07__d6t1__00031.wav,lsp-hardclip,les_bridge_fing07,0.008333385,les_neck_pick03__d6t1__00031.wav,lsp-sine,6,6,1,1,29.908667593492765,29.915327656251563
les_bridge_fing07__d6t2__00032.wav,lsp-hardclip,les_bridge_fing07,0.0039315224,les_bridge_fing24__d5t3__00028.wav,byod-bigmuff,6,5,2,3,29.908667593492765,25.77210742134771
les_bridge_fing07__d6t3__00033.wav,lsp-hardclip,les_bridge_fing07,0.006213486,les_bridge_pick25__d5t4__00029.wav,byod-bigmuff,6,5,3,4,29.908667593492765,25.77210742134771
les_bridge_fing07__d6t4__00034.wav,lsp-hardclip,les_bridge_fing07,0.0045675635,les_neck_pick21__d7t4__00039.wav,byod-mxr,6,7,4,4,29.908667593492765,34.08156088036171
les_bridge_fing07__d7t0__00035.wav,lsp-hardclip,les_bridge_fing07,0.0028068423,les_bridge_pick17__d6t1__00031.wav,lsp-tanh,7,6,0,1,34.07942205160116,29.89601395521624
les_bridge_fing07__d7t1__00036.wav,lsp-hardclip,les_bridge_fing07,0.0027908087,les_neck_pick21__d7t1__00036.wav,lsp-sine,7,7,1,1,34.07942205160116,34.094517939627885
les_bridge_fing07__d7t2__00037.wav,lsp-hardclip,les_bridge_fing07,0.0016106367,les_bridge_pick22__d7t3__00038.wav,pedalboard-tanh,7,7,2,3,34.07942205160116,34.075823464139134
les_bridge_fing07__d7t3__00038.wav,lsp-hardclip,les_bridge_fing07,0.001149416,les_bridge_fing17__d7t3__00038.wav,byod-mxr,7,7,3,3,34.07942205160116,34.08156088036171
les_bridge_fing07__d7t4__00039.wav,lsp-hardclip,les_bridge_fing07,0.0009916425,les_bridge_fing20__d7t3__00038.wav,lsp-sine,7,7,4,3,34.07942205160116,34.094517939627885
les_bridge_fing09__d0t0__00000.wav,lsp-hardclip,les_bridge_fing09,0.0021930933,les_bridge_fing24__d0t4__00004.wav,pedalboard-tanh,0,0,0,4,5.063331073032135,5.0
les_bridge_fing09__d0t1__00001.wav,lsp-hardclip,les_bridge_fing09,0.0017957687,les_neck_pick21__d1t2__00007.wav,lsp-sine,0,1,1,2,5.063331073032135,9.202349861352678
les_bridge_fing09__d0t2__00002.wav,lsp-hardclip,les_bridge_fing09,0.003084302,les_neck_pick21__d1t3__00008.wav,pedalboard-tanh,0,1,2,3,5.063331073032135,9.146047429418331
les_bridge_fing09__d0t3__00003.wav,lsp-hardclip,les_bridge_fing09,0.0039477944,les_neck_pick14__d2t3__00013.wav,lsp-arctan,0,2,3,3,5.063331073032135,13.270071970821393
les_bridge_fing09__d0t4__00004.wav,lsp-hardclip,les_bridge_fing09,0.0034034252,les_neck_pick14__d2t4__00014.wav,lsp-sine,0,2,4,4,5.063331073032135,13.251366385956809
les_bridge_fing09__d1t0__00005.wav,lsp-hardclip,les_bridge_fing09,0.0022429824,les_bridge_fing24__d0t4__00004.wav,pedalboard-tanh,1,0,0,4,9.35456396552498,5.0
les_bridge_fing09__d1t1__00006.wav,lsp-hardclip,les_bridge_fing09,0.0015861392,les_neck_pick21__d0t2__00002.wav,byod-mxr,1,0,1,2,9.35456396552498,5.0
les_bridge_fing09__d1t2__00007.wav,lsp-hardclip,les_bridge_fing09,0.0038855076,les_bridge_fing17__d0t4__00004.wav,lsp-tanh,1,0,2,4,9.35456396552498,5.0
les_bridge_fing09__d1t3__00008.wav,lsp-hardclip,les_bridge_fing09,0.004831493,les_neck_pick14__d2t3__00013.wav,lsp-arctan,1,2,3,3,9.35456396552498,13.270071970821393
les_bridge_fing09__d1t4__00009.wav,lsp-hardclip,les_bridge_fing09,0.0069758296,les_neck_pick14__d2t4__00014.wav,byod-mxr,1,2,4,4,9.35456396552498,13.292365801948186
les_bridge_fing09__d2t0__00010.wav,lsp-hardclip,les_bridge_fing09,0.0028909445,les_bridge_pick16__d0t4__00004.wav,lsp-arctan,2,0,0,4,13.55142968534178,5.005872107125804
les_bridge_fing09__d2t1__00011.wav,lsp-hardclip,les_bridge_fing09,0.0019536614,les_neck_pick21__d0t2__00002.wav,byod-mxr,2,0,1,2,13.55142968534178,5.0
les_bridge_fing09__d2t2__00012.wav,lsp-hardclip,les_bridge_fing09,0.004306972,les_bridge_fing17__d0t4__00004.wav,lsp-tanh,2,0,2,4,13.55142968534178,5.0
les_bridge_fing09__d2t3__00013.wav,lsp-hardclip,les_bridge_fing09,0.0060657263,les_neck_pick14__d1t4__00009.wav,lsp-sine,2,1,3,4,13.55142968534178,9.202349861352678
les_bridge_fing09__d2t4__00014.wav,lsp-hardclip,les_bridge_fing09,0.011720717,les_neck_pick14__d2t4__00014.wav,lsp-sine,2,2,4,4,13.55142968534178,13.251366385956809
les_bridge_fing09__d3t0__00015.wav,lsp-hardclip,les_bridge_fing09,0.0033131242,les_bridge_fing24__d1t4__00009.wav,pedalboard-tanh,3,1,0,4,17.563088337099366,9.146047429418331
les_bridge_fing09__d3t1__00016.wav,lsp-hardclip,les_bridge_fing09,0.0024456978,les_neck_pick21__d2t2__00012.wav,lsp-tanh,3,2,1,2,17.563088337099366,13.297259315581634
les_bridge_fing09__d3t2__00017.wav,lsp-hardclip,les_bridge_fing09,0.0055832863,les_neck_pick05__d1t3__00008.wav,lsp-sine,3,1,2,3,17.563088337099366,9.202349861352678
les_bridge_fing09__d3t3__00018.wav,lsp-hardclip,les_bridge_fing09,0.0078079104,les_neck_pick14__d2t3__00013.wav,byod-mxr,3,2,3,3,17.563088337099366,13.292365801948186
les_bridge_fing09__d3t4__00019.wav,lsp-hardclip,les_bridge_fing09,0.015056312,les_neck_pick14__d3t4__00019.wav,lsp-arctan,3,3,4,4,17.563088337099366,17.436825605717576
les_bridge_fing09__d4t0__00020.wav,lsp-hardclip,les_bridge_fing09,0.0050910115,les_bridge_fing24__d1t4__00009.wav,lsp-sine,4,1,0,4,21.54643860361127,9.202349861352678
les_bridge_fing09__d4t1__00021.wav,lsp-hardclip,les_bridge_fing09,0.0049161315,les_neck_pick21__d2t2__00012.wav,lsp-sine,4,2,1,2,21.54643860361127,13.251366385956809
les_bridge_fing09__d4t2__00022.wav,lsp-hardclip,les_bridge_fing09,0.006558597,les_neck_pick05__d1t3__00008.wav,byod-mxr,4,1,2,3,21.54643860361127,9.107670514338215
les_bridge_fing09__d4t3__00023.wav,lsp-hardclip,les_bridge_fing09,0.0045427084,les_neck_pick14__d2t4__00014.wav,byod-mxr,4,2,3,4,21.54643860361127,13.292365801948186
les_bridge_fing09__d4t4__00024.wav,lsp-hardclip,les_bridge_fing09,0.01129365,les_neck_pick14__d4t4__00024.wav,lsp-arctan,4,4,4,4,21.54643860361127,21.613326710488973
les_bridge_fing09__d5t0__00025.wav,lsp-hardclip,les_bridge_fing09,0.007648587,les_bridge_fing20__d1t4__00009.wav,byod-mxr,5,1,0,4,25.79865436059077,9.107670514338215
les_bridge_fing09__d5t1__00026.wav,lsp-hardclip,les_bridge_fing09,0.006755233,les_neck_pick02__d2t3__00013.wav,lsp-sine,5,2,1,3,25.79865436059077,13.251366385956809
les_bridge_fing09__d5t2__00027.wav,lsp-hardclip,les_bridge_fing09,0.005930364,les_neck_pick14__d3t3__00018.wav,lsp-sine,5,3,2,3,25.79865436059077,17.46073355198249
les_bridge_fing09__d5t3__00028.wav,lsp-hardclip,les_bridge_fing09,0.0071128607,les_neck_pick21__d4t4__00024.wav,lsp-tanh,5,4,3,4,25.79865436059077,21.61115826291455
les_bridge_fing09__d5t4__00029.wav,lsp-hardclip,les_bridge_fing09,0.016095996,les_neck_pick14__d5t4__00029.wav,lsp-sine,5,5,4,4,25.79865436059077,25.7855895742644
les_bridge_fing09__d6t0__00030.wav,lsp-hardclip,les_bridge_fing09,0.011246383,les_neck_pick05__d3t3__00018.wav,byod-bigmuff,6,3,0,3,29.908667593492765,17.442946393617085
les_bridge_fing09__d6t1__00031.wav,lsp-hardclip,les_bridge_fing09,0.0040988326,les_bridge_pick17__d5t3__00028.wav,byod-mxr,6,5,1,3,29.908667593492765,25.779078975465445
les_bridge_fing09__d6t2__00032.wav,lsp-hardclip,les_bridge_fing09,0.0022619963,les_bridge_pick17__d5t4__00029.wav,lsp-sine,6,5,2,4,29.908667593492765,25.7855895742644
les_bridge_fing09__d6t3__00033.wav,lsp-hardclip,les_bridge_fing09,0.0023869276,les_neck_pick21__d6t4__00034.wav,lsp-tanh,6,6,3,4,29.908667593492765,29.89601395521624
les_bridge_fing09__d6t4__00034.wav,lsp-hardclip,les_bridge_fing09,0.0015164614,les_neck_fing01__d7t3__00038.wav,lsp-tanh,6,7,4,3,29.908667593492765,34.0729352593394
les_bridge_fing09__d7t0__00035.wav,lsp-hardclip,les_bridge_fing09,0.009759724,les_neck_fing01__d7t1__00036.wav,byod-bigmuff,7,7,0,1,34.07942205160116,34.074932620854284
les_bridge_fing09__d7t1__00036.wav,lsp-hardclip,les_bridge_fing09,0.0023118258,les_bridge_pick17__d7t2__00037.wav,lsp-arctan,7,7,1,2,34.07942205160116,34.09435618625095
les_bridge_fing09__d7t2__00037.wav,lsp-hardclip,les_bridge_fing09,0.0015377402,les_bridge_fing17__d7t3__00038.wav,byod-mxr,7,7,2,3,34.07942205160116,34.08156088036171
les_bridge_fing09__d7t3__00038.wav,lsp-hardclip,les_bridge_fing09,0.001271069,les_neck_pick14__d7t3__00038.wav,lsp-arctan,7,7,3,3,34.07942205160116,34.09435618625095
les_bridge_fing09__d7t4__00039.wav,lsp-hardclip,les_bridge_fing09,0.0012058616,les_bridge_fing20__d7t4__00039.wav,lsp-sine,7,7,4,4,34.07942205160116,34.094517939627885
les_bridge_fing11__d0t0__00000.wav,lsp-hardclip,les_bridge_fing11,0.0013349652,les_bridge_pick22__d1t0__00005.wav,byod-mxr,0,1,0,0,5.063331073032135,9.107670514338215
les_bridge_fing11__d0t1__00001.wav,lsp-hardclip,les_bridge_fing11,0.002755046,les_bridge_pick25__d2t1__00011.wav,byod-mxr,0,2,1,1,5.063331073032135,13.292365801948186
les_bridge_fing11__d0t2__00002.wav,lsp-hardclip,les_bridge_fing11,0.0039874315,les_bridge_pick16__d3t2__00017.wav,lsp-tanh,0,3,2,2,5.063331073032135,17.426284440144894
les_bridge_fing11__d0t3__00003.wav,lsp-hardclip,les_bridge_fing11,0.0038391948,les_bridge_fing24__d2t4__00014.wav,lsp-tanh,0,2,3,4,5.063331073032135,13.297259315581634
les_bridge_fing11__d0t4__00004.wav,lsp-hardclip,les_bridge_fing11,0.0061287284,les_bridge_pick22__d2t4__00014.wav,lsp-tanh,0,2,4,4,5.063331073032135,13.297259315581634
les_bridge_fing11__d1t0__00005.wav,lsp-hardclip,les_bridge_fing11,0.0011198521,les_bridge_pick25__d2t0__00010.wav,byod-mxr,1,2,0,0,9.35456396552498,13.292365801948186
les_bridge_fing11__d1t1__00006.wav,lsp-hardclip,les_bridge_fing11,0.004379332,les_bridge_pick25__d2t1__00011.wav,byod-mxr,1,2,1,1,9.35456396552498,13.292365801948186
les_bridge_fing11__d1t2__00007.wav,lsp-hardclip,les_bridge_fing11,0.0051892996,les_bridge_pick16__d3t2__00017.wav,lsp-sine,1,3,2,2,9.35456396552498,17.46073355198249
les_bridge_fing11__d1t3__00008.wav,lsp-hardclip,les_bridge_fing11,0.0056526065,les_bridge_fing24__d2t4__00014.wav,byod-mxr,1,2,3,4,9.35456396552498,13.292365801948186
les_bridge_fing11__d1t4__00009.wav,lsp-hardclip,les_bridge_fing11,0.00824666,les_bridge_pick16__d3t3__00018.wav,lsp-sine,1,3,4,3,9.35456396552498,17.46073355198249
les_bridge_fing11__d2t0__00010.wav,lsp-hardclip,les_bridge_fing11,0.0015903115,les_bridge_pick25__d2t0__00010.wav,byod-mxr,2,2,0,0,13.55142968534178,13.292365801948186
les_bridge_fing11__d2t1__00011.wav,lsp-hardclip,les_bridge_fing11,0.0050127506,les_neck_pick05__d3t0__00015.wav,lsp-arctan,2,3,1,0,13.55142968534178,17.436825605717576
les_bridge_fing11__d2t2__00012.wav,lsp-hardclip,les_bridge_fing11,0.005612731,les_neck_pick12__d3t3__00018.wav,lsp-tanh,2,3,2,3,13.55142968534178,17.426284440144894
les_bridge_fing11__d2t3__00013.wav,lsp-hardclip,les_bridge_fing11,0.00732702,les_bridge_pick16__d4t2__00022.wav,byod-mxr,2,4,3,2,13.55142968534178,21.62039317761596
les_bridge_fing11__d2t4__00014.wav,lsp-hardclip,les_bridge_fing11,0.012881339,les_bridge_pick16__d3t3__00018.wav,lsp-sine,2,3,4,3,13.55142968534178,17.46073355198249
les_bridge_fing11__d3t0__00015.wav,lsp-hardclip,les_bridge_fing11,0.002843082,les_bridge_pick16__d4t0__00020.wav,lsp-tanh,3,4,0,0,17.563088337099366,21.61115826291455
les_bridge_fing11__d3t1__00016.wav,lsp-hardclip,les_bridge_fing11,0.0064739585,les_bridge_pick16__d4t1__00021.wav,lsp-arctan,3,4,1,1,17.563088337099366,21.613326710488973
les_bridge_fing11__d3t2__00017.wav,lsp-hardclip,les_bridge_fing11,0.0074930787,les_bridge_pick25__d4t2__00022.wav,pedalboard-tanh,3,4,2,2,17.563088337099366,21.61638024087312
les_bridge_fing11__d3t3__00018.wav,lsp-hardclip,les_bridge_fing11,0.0063818693,les_bridge_pick22__d4t3__00023.wav,byod-mxr,3,4,3,3,17.563088337099366,21.62039317761596
les_bridge_fing11__d3t4__00019.wav,lsp-hardclip,les_bridge_fing11,0.008507967,les_bridge_pick16__d4t3__00023.wav,pedalboard-tanh,3,4,4,3,17.563088337099366,21.61638024087312
les_bridge_fing11__d4t0__00020.wav,lsp-hardclip,les_bridge_fing11,0.003507495,les_neck_pick11__d4t0__00020.wav,byod-bigmuff,4,4,0,0,21.54643860361127,21.5884141303546
les_bridge_fing11__d4t1__00021.wav,lsp-hardclip,les_bridge_fing11,0.0037016273,les_neck_pick12__d5t1__00026.wav,lsp-arctan,4,5,1,1,21.54643860361127,25.788497067568912
les_bridge_fing11__d4t2__00022.wav,lsp-hardclip,les_bridge_fing11,0.005926788,les_bridge_pick25__d4t2__00022.wav,lsp-arctan,4,4,2,2,21.54643860361127,21.613326710488973
les_bridge_fing11__d4t3__00023.wav,lsp-hardclip,les_bridge_fing11,0.004124403,les_bridge_pick16__d5t2__00027.wav,lsp-sine,4,5,3,2,21.54643860361127,25.7855895742644
les_bridge_fing11__d4t4__00024.wav,lsp-hardclip,les_bridge_fing11,0.011246026,les_neck_pick02__d5t2__00027.wav,byod-mxr,4,5,4,2,21.54643860361127,25.779078975465445
les_bridge_fing11__d5t0__00025.wav,lsp-hardclip,les_bridge_fing11,0.003436625,les_bridge_fing24__d5t0__00025.wav,byod-mxr,5,5,0,0,25.79865436059077,25.779078975465445
les_bridge_fing11__d5t1__00026.wav,lsp-hardclip,les_bridge_fing11,0.009751022,les_neck_pick12__d6t1__00031.wav,lsp-sine,5,6,1,1,25.79865436059077,29.915327656251563
les_bridge_fing11__d5t2__00027.wav,lsp-hardclip,les_bridge_fing11,0.0055915713,les_bridge_pick25__d4t2__00022.wav,byod-bigmuff,5,4,2,2,25.79865436059077,21.5884141303546
les_bridge_fing11__d5t3__00028.wav,lsp-hardclip,les_bridge_fing11,0.0059164762,les_bridge_pick25__d4t3__00023.wav,byod-bigmuff,5,4,3,3,25.79865436059077,21.5884141303546
les_bridge_fing11__d5t4__00029.wav,lsp-hardclip,les_bridge_fing11,0.007716179,les_neck_pick04__d6t2__00032.wav,pedalboard-tanh,5,6,4,2,25.79865436059077,29.92239131554786
les_bridge_fing11__d6t0__00030.wav,lsp-hardclip,les_bridge_fing11,0.0035262704,les_bridge_fing24__d6t0__00030.wav,byod-bigmuff,6,6,0,0,29.908667593492765,29.9151414217934
les_bridge_fing11__d6t1__00031.wav,lsp-hardclip,les_bridge_fing11,0.0049536824,les_bridge_fing24__d6t1__00031.wav,pedalboard-tanh,6,6,1,1,29.908667593492765,29.92239131554786
les_bridge_fing11__d6t2__00032.wav,lsp-hardclip,les_bridge_fing11,0.0038388371,les_neck_pick09__d6t2__00032.wav,lsp-arctan,6,6,2,2,29.908667593492765,29.91872954355242
les_bridge_fing11__d6t3__00033.wav,lsp-hardclip,les_bridge_fing11,0.004688859,les_bridge_fing20__d6t2__00032.wav,lsp-sine,6,6,3,2,29.908667593492765,29.915327656251563
les_bridge_fing11__d6t4__00034.wav,lsp-hardclip,les_bridge_fing11,0.0044853687,les_bridge_fing17__d7t2__00037.wav,lsp-sine,6,7,4,2,29.908667593492765,34.094517939627885
les_bridge_fing11__d7t0__00035.wav,lsp-hardclip,les_bridge_fing11,0.0011017323,les_neck_pick02__d7t0__00035.wav,pedalboard-tanh,7,7,0,0,34.07942205160116,34.075823464139134
les_bridge_fing11__d7t1__00036.wav,lsp-hardclip,les_bridge_fing11,0.0038739443,les_bridge_pick25__d7t1__00036.wav,pedalboard-tanh,7,7,1,1,34.07942205160116,34.075823464139134
les_bridge_fing11__d7t2__00037.wav,lsp-hardclip,les_bridge_fing11,0.0014436841,les_bridge_fing24__d7t2__00037.wav,pedalboard-tanh,7,7,2,2,34.07942205160116,34.075823464139134
les_bridge_fing11__d7t3__00038.wav,lsp-hardclip,les_bridge_fing11,0.0007315874,les_bridge_fing24__d7t3__00038.wav,lsp-tanh,7,7,3,3,34.07942205160116,34.0729352593394
les_bridge_fing11__d7t4__00039.wav,lsp-hardclip,les_bridge_fing11,0.0008611679,les_bridge_fing24__d7t4__00039.wav,lsp-arctan,7,7,4,4,34.07942205160116,34.09435618625095
les_bridge_fing16__d0t0__00000.wav,lsp-hardclip,les_bridge_fing16,0.0036302805,les_bridge_pick16__d1t3__00008.wav,lsp-arctan,0,1,0,3,5.063331073032135,9.170316408518453
les_bridge_fing16__d0t1__00001.wav,lsp-hardclip,les_bridge_fing16,0.0040109754,les_neck_pick04__d2t2__00012.wav,lsp-arctan,0,2,1,2,5.063331073032135,13.270071970821393
les_bridge_fing16__d0t2__00002.wav,lsp-hardclip,les_bridge_fing16,0.0019538403,les_neck_pick04__d2t3__00013.wav,lsp-arctan,0,2,2,3,5.063331073032135,13.270071970821393
les_bridge_fing16__d0t3__00003.wav,lsp-hardclip,les_bridge_fing16,0.0021421313,les_neck_pick21__d2t3__00013.wav,lsp-tanh,0,2,3,3,5.063331073032135,13.297259315581634
les_bridge_fing16__d0t4__00004.wav,lsp-hardclip,les_bridge_fing16,0.004230857,les_neck_pick21__d0t4__00004.wav,byod-mxr,0,0,4,4,5.063331073032135,5.0
les_bridge_fing16__d1t0__00005.wav,lsp-hardclip,les_bridge_fing16,0.003949046,les_neck_pick14__d3t0__00015.wav,byod-mxr,1,3,0,0,9.35456396552498,17.452308155418716
les_bridge_fing16__d1t1__00006.wav,lsp-hardclip,les_bridge_fing16,0.0034071803,les_neck_pick04__d2t2__00012.wav,lsp-arctan,1,2,1,2,9.35456396552498,13.270071970821393
les_bridge_fing16__d1t2__00007.wav,lsp-hardclip,les_bridge_fing16,0.0025594234,les_neck_pick04__d2t3__00013.wav,lsp-arctan,1,2,2,3,9.35456396552498,13.270071970821393
les_bridge_fing16__d1t3__00008.wav,lsp-hardclip,les_bridge_fing16,0.0025082827,les_neck_pick21__d2t3__00013.wav,lsp-tanh,1,2,3,3,9.35456396552498,13.297259315581634
les_bridge_fing16__d1t4__00009.wav,lsp-hardclip,les_bridge_fing16,0.0029668808,les_neck_pick21__d1t4__00009.wav,byod-mxr,1,1,4,4,9.35456396552498,9.107670514338215
les_bridge_fing16__d2t0__00010.wav,lsp-hardclip,les_bridge_fing16,0.0044873357,les_neck_pick14__d3t0__00015.wav,byod-mxr,2,3,0,0,13.55142968534178,17.452308155418716
les_bridge_fing16__d2t1__00011.wav,lsp-hardclip,les_bridge_fing16,0.0038582087,les_neck_pick04__d2t2__00012.wav,lsp-arctan,2,2,1,2,13.55142968534178,13.270071970821393
les_bridge_fing16__d2t2__00012.wav,lsp-hardclip,les_bridge_fing16,0.0024890304,les_neck_pick04__d2t3__00013.wav,byod-mxr,2,2,2,3,13.55142968534178,13.292365801948186
les_bridge_fing16__d2t3__00013.wav,lsp-hardclip,les_bridge_fing16,0.0021808147,les_neck_pick05__d1t4__00009.wav,pedalboard-tanh,2,1,3,4,13.55142968534178,9.146047429418331
les_bridge_fing16__d2t4__00014.wav,lsp-hardclip,les_bridge_fing16,0.004030645,les_neck_pick14__d1t4__00009.wav,pedalboard-tanh,2,1,4,4,13.55142968534178,9.146047429418331
les_bridge_fing16__d3t0__00015.wav,lsp-hardclip,les_bridge_fing16,0.004477501,les_bridge_fing24__d1t3__00008.wav,lsp-arctan,3,1,0,3,17.563088337099366,9.170316408518453
les_bridge_fing16__d3t1__00016.wav,lsp-hardclip,les_bridge_fing16,0.0041374564,les_bridge_pick22__d1t4__00009.wav,lsp-sine,3,1,1,4,17.563088337099366,9.202349861352678
les_bridge_fing16__d3t2__00017.wav,lsp-hardclip,les_bridge_fing16,0.0046887994,les_neck_pick04__d2t4__00014.wav,lsp-sine,3,2,2,4,17.563088337099366,13.251366385956809
les_bridge_fing16__d3t3__00018.wav,lsp-hardclip,les_bridge_fing16,0.002608955,les_neck_pick05__d1t4__00009.wav,byod-mxr,3,1,3,4,17.563088337099366,9.107670514338215
les_bridge_fing16__d3t4__00019.wav,lsp-hardclip,les_bridge_fing16,0.006869912,les_neck_pick14__d2t4__00014.wav,lsp-arctan,3,2,4,4,17.563088337099366,13.270071970821393
les_bridge_fing16__d4t0__00020.wav,lsp-hardclip,les_bridge_fing16,0.008120835,les_bridge_pick16__d2t3__00013.wav,lsp-arctan,4,2,0,3,21.54643860361127,13.270071970821393
les_bridge_fing16__d4t1__00021.wav,lsp-hardclip,les_bridge_fing16,0.008416474,les_bridge_pick22__d2t4__00014.wav,byod-mxr,4,2,1,4,21.54643860361127,13.292365801948186
les_bridge_fing16__d4t2__00022.wav,lsp-hardclip,les_bridge_fing16,0.0065538287,les_neck_pick05__d2t3__00013.wav,byod-mxr,4,2,2,3,21.54643860361127,13.292365801948186
les_bridge_fing16__d4t3__00023.wav,lsp-hardclip,les_bridge_fing16,0.007816255,les_neck_pick21__d3t4__00019.wav,lsp-arctan,4,3,3,4,21.54643860361127,17.436825605717576
les_bridge_fing16__d4t4__00024.wav,lsp-hardclip,les_bridge_fing16,0.01224494,les_neck_pick14__d3t4__00019.wav,lsp-arctan,4,3,4,4,21.54643860361127,17.436825605717576
les_bridge_fing16__d5t0__00025.wav,lsp-hardclip,les_bridge_fing16,0.011313438,les_neck_pick03__d0t3__00003.wav,byod-bigmuff,5,0,0,3,25.79865436059077,5.044777586688817
les_bridge_fing16__d5t1__00026.wav,lsp-hardclip,les_bridge_fing16,0.00935626,les_bridge_pick16__d4t3__00023.wav,byod-mxr,5,4,1,3,25.79865436059077,21.62039317761596
les_bridge_fing16__d5t2__00027.wav,lsp-hardclip,les_bridge_fing16,0.004624665,les_neck_pick02__d3t4__00019.wav,byod-mxr,5,3,2,4,25.79865436059077,17.452308155418716
les_bridge_fing16__d5t3__00028.wav,lsp-hardclip,les_bridge_fing16,0.0063052177,les_neck_pick21__d4t4__00024.wav,byod-mxr,5,4,3,4,25.79865436059077,21.62039317761596
les_bridge_fing16__d5t4__00029.wav,lsp-hardclip,les_bridge_fing16,0.008560717,les_neck_pick14__d4t4__00024.wav,byod-mxr,5,4,4,4,25.79865436059077,21.62039317761596
les_bridge_fing16__d6t0__00030.wav,lsp-hardclip,les_bridge_fing16,0.01868993,les_neck_pick05__d3t3__00018.wav,byod-bigmuff,6,3,0,3,29.908667593492765,17.442946393617085
les_bridge_fing16__d6t1__00031.wav,lsp-hardclip,les_bridge_fing16,0.010715127,les_neck_pick03__d5t3__00028.wav,byod-mxr,6,5,1,3,29.908667593492765,25.779078975465445
les_bridge_fing16__d6t2__00032.wav,lsp-hardclip,les_bridge_fing16,0.0026746392,les_neck_pick05__d4t4__00024.wav,pedalboard-tanh,6,4,2,4,29.908667593492765,21.61638024087312
les_bridge_fing16__d6t3__00033.wav,lsp-hardclip,les_bridge_fing16,0.0045658946,les_neck_pick14__d5t3__00028.wav,lsp-sine,6,5,3,3,29.908667593492765,25.7855895742644
les_bridge_fing16__d6t4__00034.wav,lsp-hardclip,les_bridge_fing16,0.005744934,les_neck_pick14__d5t4__00029.wav,lsp-tanh,6,5,4,4,29.908667593492765,25.766463780707188
les_bridge_fing16__d7t0__00035.wav,lsp-hardclip,les_bridge_fing16,0.004425168,les_neck_pick02__d6t2__00032.wav,byod-mxr,7,6,0,2,34.07942205160116,29.91150927100104
les_bridge_fing16__d7t1__00036.wav,lsp-hardclip,les_bridge_fing16,0.0026403666,les_neck_pick02__d6t3__00033.wav,lsp-arctan,7,6,1,3,34.07942205160116,29.91872954355242
les_bridge_fing16__d7t2__00037.wav,lsp-hardclip,les_bridge_fing16,0.0015076399,les_neck_pick21__d6t4__00034.wav,byod-mxr,7,6,2,4,34.07942205160116,29.91150927100104
les_bridge_fing16__d7t3__00038.wav,lsp-hardclip,les_bridge_fing16,0.0023561716,les_bridge_fing20__d6t4__00034.wav,lsp-tanh,7,6,3,4,34.07942205160116,29.89601395521624
les_bridge_fing16__d7t4__00039.wav,lsp-hardclip,les_bridge_fing16,0.0041134357,les_neck_fing01__d7t4__00039.wav,lsp-tanh,7,7,4,4,34.07942205160116,34.0729352593394
les_bridge_fing18__d0t0__00000.wav,lsp-hardclip,les_bridge_fing18,0.0030563474,les_neck_fing15__d0t2__00002.wav,byod-bigmuff,0,0,0,2,5.063331073032135,5.044777586688817
les_bridge_fing18__d0t1__00001.wav,lsp-hardclip,les_bridge_fing18,0.006739974,les_bridge_pick25__d2t1__00011.wav,byod-mxr,0,2,1,1,5.063331073032135,13.292365801948186
les_bridge_fing18__d0t2__00002.wav,lsp-hardclip,les_bridge_fing18,0.009129822,les_bridge_fing20__d2t2__00012.wav,byod-mxr,0,2,2,2,5.063331073032135,13.292365801948186
les_bridge_fing18__d0t3__00003.wav,lsp-hardclip,les_bridge_fing18,0.013083756,les_neck_pick21__d3t1__00016.wav,lsp-arctan,0,3,3,1,5.063331073032135,17.436825605717576
les_bridge_fing18__d0t4__00004.wav,lsp-hardclip,les_bridge_fing18,0.011907041,les_bridge_pick16__d3t3__00018.wav,lsp-arctan,0,3,4,3,5.063331073032135,17.436825605717576
les_bridge_fing18__d1t0__00005.wav,lsp-hardclip,les_bridge_fing18,0.0036238432,les_neck_pick07__d5t1__00026.wav,lsp-tanh,1,5,0,1,9.35456396552498,25.766463780707188
les_bridge_fing18__d1t1__00006.wav,lsp-hardclip,les_bridge_fing18,0.0064246655,les_bridge_fing20__d3t1__00016.wav,lsp-arctan,1,3,1,1,9.35456396552498,17.436825605717576
les_bridge_fing18__d1t2__00007.wav,lsp-hardclip,les_bridge_fing18,0.012667656,les_neck_pick03__d1t2__00007.wav,byod-bigmuff,1,1,2,2,9.35456396552498,9.126662172709777
les_bridge_fing18__d1t3__00008.wav,lsp-hardclip,les_bridge_fing18,0.011491954,les_bridge_fing21__d1t4__00009.wav,byod-bigmuff,1,1,3,4,9.35456396552498,9.126662172709777
les_bridge_fing18__d1t4__00009.wav,lsp-hardclip,les_bridge_fing18,0.010973394,les_bridge_pick16__d3t3__00018.wav,lsp-sine,1,3,4,3,9.35456396552498,17.46073355198249
les_bridge_fing18__d2t0__00010.wav,lsp-hardclip,les_bridge_fing18,0.0026250482,les_neck_fing15__d1t2__00007.wav,byod-bigmuff,2,1,0,2,13.55142968534178,9.126662172709777
les_bridge_fing18__d2t1__00011.wav,lsp-hardclip,les_bridge_fing18,0.0077765584,les_bridge_fing20__d3t1__00016.wav,lsp-arctan,2,3,1,1,13.55142968534178,17.436825605717576
les_bridge_fing18__d2t2__00012.wav,lsp-hardclip,les_bridge_fing18,0.010308325,les_bridge_fing21__d2t2__00012.wav,byod-bigmuff,2,2,2,2,13.55142968534178,13.312631977514853
les_bridge_fing18__d2t3__00013.wav,lsp-hardclip,les_bridge_fing18,0.008595824,les_bridge_fing21__d1t4__00009.wav,byod-bigmuff,2,1,3,4,13.55142968534178,9.126662172709777
les_bridge_fing18__d2t4__00014.wav,lsp-hardclip,les_bridge_fing18,0.019291937,les_neck_pick05__d2t4__00014.wav,byod-bigmuff,2,2,4,4,13.55142968534178,13.312631977514853
les_bridge_fing18__d3t0__00015.wav,lsp-hardclip,les_bridge_fing18,0.0047842264,les_neck_fing15__d1t2__00007.wav,byod-bigmuff,3,1,0,2,17.563088337099366,9.126662172709777
les_bridge_fing18__d3t1__00016.wav,lsp-hardclip,les_bridge_fing18,0.0058711767,les_neck_pick07__d5t2__00027.wav,lsp-tanh,3,5,1,2,17.563088337099366,25.766463780707188
les_bridge_fing18__d3t2__00017.wav,lsp-hardclip,les_bridge_fing18,0.0067365766,les_neck_pick07__d3t3__00018.wav,byod-bigmuff,3,3,2,3,17.563088337099366,17.442946393617085
les_bridge_fing18__d3t3__00018.wav,lsp-hardclip,les_bridge_fing18,0.010855198,les_neck_pick07__d4t4__00024.wav,lsp-arctan,3,4,3,4,17.563088337099366,21.613326710488973
les_bridge_fing18__d3t4__00019.wav,lsp-hardclip,les_bridge_fing18,0.011925042,les_bridge_fing20__d0t4__00004.wav,byod-bigmuff,3,0,4,4,17.563088337099366,5.044777586688817
les_bridge_fing18__d4t0__00020.wav,lsp-hardclip,les_bridge_fing18,0.0068629384,les_bridge_fing17__d0t1__00001.wav,byod-bigmuff,4,0,0,1,21.54643860361127,5.044777586688817
les_bridge_fing18__d4t1__00021.wav,lsp-hardclip,les_bridge_fing18,0.005841613,les_neck_pick07__d5t2__00027.wav,lsp-sine,4,5,1,2,21.54643860361127,25.7855895742644
les_bridge_fing18__d4t2__00022.wav,lsp-hardclip,les_bridge_fing18,0.009892762,les_neck_pick14__d3t2__00017.wav,byod-bigmuff,4,3,2,2,21.54643860361127,17.442946393617085
les_bridge_fing18__d4t3__00023.wav,lsp-hardclip,les_bridge_fing18,0.015047967,les_bridge_pick22__d4t3__00023.wav,lsp-arctan,4,4,3,3,21.54643860361127,21.613326710488973
les_bridge_fing18__d4t4__00024.wav,lsp-hardclip,les_bridge_fing18,0.017336905,les_bridge_pick16__d6t2__00032.wav,lsp-tanh,4,6,4,2,21.54643860361127,29.89601395521624
les_bridge_fing18__d5t0__00025.wav,lsp-hardclip,les_bridge_fing18,0.0064700246,les_neck_pick07__d6t1__00031.wav,byod-mxr,5,6,0,1,25.79865436059077,29.91150927100104
les_bridge_fing18__d5t1__00026.wav,lsp-hardclip,les_bridge_fing18,0.0033205748,les_bridge_pick25__d5t1__00026.wav,lsp-tanh,5,5,1,1,25.79865436059077,25.766463780707188
les_bridge_fing18__d5t2__00027.wav,lsp-hardclip,les_bridge_fing18,0.007113695,les_neck_fing15__d6t1__00031.wav,lsp-sine,5,6,2,1,25.79865436059077,29.915327656251563
les_bridge_fing18__d5t3__00028.wav,lsp-hardclip,les_bridge_fing18,0.013157964,les_neck_pick11__d5t3__00028.wav,pedalboard-tanh,5,5,3,3,25.79865436059077,25.782351420955937
les_bridge_fing18__d5t4__00029.wav,lsp-hardclip,les_bridge_fing18,0.0057355165,les_bridge_pick16__d6t3__00033.wav,lsp-arctan,5,6,4,3,25.79865436059077,29.91872954355242
les_bridge_fing18__d6t0__00030.wav,lsp-hardclip,les_bridge_fing18,0.004477501,les_neck_pick14__d4t1__00021.wav,byod-bigmuff,6,4,0,1,29.908667593492765,21.5884141303546
les_bridge_fing18__d6t1__00031.wav,lsp-hardclip,les_bridge_fing18,0.0037596822,les_bridge_pick22__d5t2__00027.wav,pedalboard-tanh,6,5,1,2,29.908667593492765,25.782351420955937
les_bridge_fing18__d6t2__00032.wav,lsp-hardclip,les_bridge_fing18,0.0041795373,les_bridge_fing21__d5t4__00029.wav,lsp-sine,6,5,2,4,29.908667593492765,25.7855895742644
les_bridge_fing18__d6t3__00033.wav,lsp-hardclip,les_bridge_fing18,0.0048041344,les_bridge_fing17__d5t4__00029.wav,byod-mxr,6,5,3,4,29.908667593492765,25.779078975465445
les_bridge_fing18__d6t4__00034.wav,lsp-hardclip,les_bridge_fing18,0.0059321523,les_bridge_fing20__d6t3__00033.wav,lsp-sine,6,6,4,3,29.908667593492765,29.915327656251563
les_bridge_fing18__d7t0__00035.wav,lsp-hardclip,les_bridge_fing18,0.003963053,les_neck_pick21__d7t0__00035.wav,byod-mxr,7,7,0,0,34.07942205160116,34.08156088036171
les_bridge_fing18__d7t1__00036.wav,lsp-hardclip,les_bridge_fing18,0.0076441765,les_neck_fing01__d6t1__00031.wav,pedalboard-tanh,7,6,1,1,34.07942205160116,29.92239131554786
les_bridge_fing18__d7t2__00037.wav,lsp-hardclip,les_bridge_fing18,0.004824698,les_neck_pick02__d6t3__00033.wav,pedalboard-tanh,7,6,2,3,34.07942205160116,29.92239131554786
les_bridge_fing18__d7t3__00038.wav,lsp-hardclip,les_bridge_fing18,0.0021201968,les_bridge_fing17__d7t3__00038.wav,lsp-sine,7,7,3,3,34.07942205160116,34.094517939627885
les_bridge_fing18__d7t4__00039.wav,lsp-hardclip,les_bridge_fing18,0.0011520386,les_bridge_fing17__d7t4__00039.wav,pedalboard-tanh,7,7,4,4,34.07942205160116,34.075823464139134
les_bridge_fing23__d0t0__00000.wav,lsp-hardclip,les_bridge_fing23,0.0023747683,les_neck_pick12__d0t3__00003.wav,lsp-sine,0,0,0,3,5.063331073032135,5.041347474059023
les_bridge_fing23__d0t1__00001.wav,lsp-hardclip,les_bridge_fing23,0.0021250844,les_neck_fing15__d0t3__00003.wav,lsp-sine,0,0,1,3,5.063331073032135,5.041347474059023
les_bridge_fing23__d0t2__00002.wav,lsp-hardclip,les_bridge_fing23,0.002022624,les_neck_fing15__d1t4__00009.wav,byod-mxr,0,1,2,4,5.063331073032135,9.107670514338215
les_bridge_fing23__d0t3__00003.wav,lsp-hardclip,les_bridge_fing23,0.0036823153,les_neck_pick14__d0t2__00002.wav,pedalboard-tanh,0,0,3,2,5.063331073032135,5.0
les_bridge_fing23__d0t4__00004.wav,lsp-hardclip,les_bridge_fing23,0.0063452125,les_neck_pick21__d0t3__00003.wav,lsp-arctan,0,0,4,3,5.063331073032135,5.005872107125804
les_bridge_fing23__d1t0__00005.wav,lsp-hardclip,les_bridge_fing23,0.0016850233,les_neck_pick12__d0t3__00003.wav,lsp-arctan,1,0,0,3,9.35456396552498,5.005872107125804
les_bridge_fing23__d1t1__00006.wav,lsp-hardclip,les_bridge_fing23,0.0026632547,les_neck_fing15__d0t3__00003.wav,lsp-sine,1,0,1,3,9.35456396552498,5.041347474059023
les_bridge_fing23__d1t2__00007.wav,lsp-hardclip,les_bridge_fing23,0.0019804835,les_neck_fing15__d1t4__00009.wav,lsp-sine,1,1,2,4,9.35456396552498,9.202349861352678
les_bridge_fing23__d1t3__00008.wav,lsp-hardclip,les_bridge_fing23,0.0042960644,les_neck_pick14__d0t2__00002.wav,lsp-sine,1,0,3,2,9.35456396552498,5.041347474059023
les_bridge_fing23__d1t4__00009.wav,lsp-hardclip,les_bridge_fing23,0.004381776,les_neck_pick14__d0t2__00002.wav,byod-mxr,1,0,4,2,9.35456396552498,5.0
les_bridge_fing23__d2t0__00010.wav,lsp-hardclip,les_bridge_fing23,0.0027920008,les_bridge_pick22__d0t2__00002.wav,pedalboard-tanh,2,0,0,2,13.55142968534178,5.0
les_bridge_fing23__d2t1__00011.wav,lsp-hardclip,les_bridge_fing23,0.0023313165,les_neck_fing15__d2t2__00012.wav,byod-mxr,2,2,1,2,13.55142968534178,13.292365801948186
les_bridge_fing23__d2t2__00012.wav,lsp-hardclip,les_bridge_fing23,0.003949821,les_neck_pick14__d2t1__00011.wav,lsp-arctan,2,2,2,1,13.55142968534178,13.270071970821393
les_bridge_fing23__d2t3__00013.wav,lsp-hardclip,les_bridge_fing23,0.0068007708,les_neck_pick03__d0t3__00003.wav,lsp-sine,2,0,3,3,13.55142968534178,5.041347474059023
les_bridge_fing23__d2t4__00014.wav,lsp-hardclip,les_bridge_fing23,0.00568974,les_neck_pick14__d1t2__00007.wav,byod-mxr,2,1,4,2,13.55142968534178,9.107670514338215
les_bridge_fing23__d3t0__00015.wav,lsp-hardclip,les_bridge_fing23,0.0016076565,les_bridge_pick22__d0t2__00002.wav,pedalboard-tanh,3,0,0,2,17.563088337099366,5.0
les_bridge_fing23__d3t1__00016.wav,lsp-hardclip,les_bridge_fing23,0.0018705726,les_neck_pick05__d1t1__00006.wav,pedalboard-tanh,3,1,1,1,17.563088337099366,9.146047429418331
les_bridge_fing23__d3t2__00017.wav,lsp-hardclip,les_bridge_fing23,0.0033578277,les_neck_fing15__d2t4__00014.wav,lsp-sine,3,2,2,4,17.563088337099366,13.251366385956809
les_bridge_fing23__d3t3__00018.wav,lsp-hardclip,les_bridge_fing23,0.006064534,les_neck_pick03__d2t3__00013.wav,byod-mxr,3,2,3,3,17.563088337099366,13.292365801948186
les_bridge_fing23__d3t4__00019.wav,lsp-hardclip,les_bridge_fing23,0.009499311,les_neck_pick14__d3t2__00017.wav,byod-mxr,3,3,4,2,17.563088337099366,17.452308155418716
les_bridge_fing23__d4t0__00020.wav,lsp-hardclip,les_bridge_fing23,0.0016928315,les_bridge_pick25__d1t2__00007.wav,pedalboard-tanh,4,1,0,2,21.54643860361127,9.146047429418331
les_bridge_fing23__d4t1__00021.wav,lsp-hardclip,les_bridge_fing23,0.0035993457,les_bridge_pick16__d2t3__00013.wav,lsp-sine,4,2,1,3,21.54643860361127,13.251366385956809
les_bridge_fing23__d4t2__00022.wav,lsp-hardclip,les_bridge_fing23,0.00458622,les_neck_fing15__d3t4__00019.wav,lsp-sine,4,3,2,4,21.54643860361127,17.46073355198249
les_bridge_fing23__d4t3__00023.wav,lsp-hardclip,les_bridge_fing23,0.005314231,les_neck_pick03__d3t4__00019.wav,lsp-sine,4,3,3,4,21.54643860361127,17.46073355198249
les_bridge_fing23__d4t4__00024.wav,lsp-hardclip,les_bridge_fing23,0.0073506236,les_neck_fing01__d3t4__00019.wav,lsp-tanh,4,3,4,4,21.54643860361127,17.426284440144894
les_bridge_fing23__d5t0__00025.wav,lsp-hardclip,les_bridge_fing23,0.005623758,les_neck_pick14__d3t0__00015.wav,byod-mxr,5,3,0,0,25.79865436059077,17.452308155418716
les_bridge_fing23__d5t1__00026.wav,lsp-hardclip,les_bridge_fing23,0.006684363,les_bridge_fing24__d2t4__00014.wav,lsp-sine,5,2,1,4,25.79865436059077,13.251366385956809
les_bridge_fing23__d5t2__00027.wav,lsp-hardclip,les_bridge_fing23,0.0048571825,les_neck_fing15__d4t4__00024.wav,byod-mxr,5,4,2,4,25.79865436059077,21.62039317761596
les_bridge_fing23__d5t3__00028.wav,lsp-hardclip,les_bridge_fing23,0.007345021,les_neck_pick03__d4t4__00024.wav,pedalboard-tanh,5,4,3,4,25.79865436059077,21.61638024087312
les_bridge_fing23__d5t4__00029.wav,lsp-hardclip,les_bridge_fing23,0.0077777505,les_neck_pick09__d5t4__00029.wav,pedalboard-tanh,5,5,4,4,25.79865436059077,25.782351420955937
les_bridge_fing23__d6t0__00030.wav,lsp-hardclip,les_bridge_fing23,0.005090058,les_neck_pick07__d5t3__00028.wav,byod-mxr,6,5,0,3,29.908667593492765,25.779078975465445
les_bridge_fing23__d6t1__00031.wav,lsp-hardclip,les_bridge_fing23,0.005663216,les_neck_pick09__d5t2__00027.wav,pedalboard-tanh,6,5,1,2,29.908667593492765,25.782351420955937
les_bridge_fing23__d6t2__00032.wav,lsp-hardclip,les_bridge_fing23,0.0041686296,les_bridge_fing17__d5t3__00028.wav,lsp-tanh,6,5,2,3,29.908667593492765,25.766463780707188
les_bridge_fing23__d6t3__00033.wav,lsp-hardclip,les_bridge_fing23,0.008468449,les_neck_pick21__d6t3__00033.wav,lsp-sine,6,6,3,3,29.908667593492765,29.915327656251563
les_bridge_fing23__d6t4__00034.wav,lsp-hardclip,les_bridge_fing23,0.0059975386,les_neck_fing01__d6t4__00034.wav,lsp-tanh,6,6,4,4,29.908667593492765,29.89601395521624
les_bridge_fing23__d7t0__00035.wav,lsp-hardclip,les_bridge_fing23,0.003504753,les_bridge_fing17__d7t0__00035.wav,lsp-arctan,7,7,0,0,34.07942205160116,34.09435618625095
les_bridge_fing23__d7t1__00036.wav,lsp-hardclip,les_bridge_fing23,0.003217101,les_bridge_fing24__d7t2__00037.wav,byod-mxr,7,7,1,2,34.07942205160116,34.08156088036171
les_bridge_fing23__d7t2__00037.wav,lsp-hardclip,les_bridge_fing23,0.0022022724,les_neck_pick11__d7t3__00038.wav,lsp-sine,7,7,2,3,34.07942205160116,34.094517939627885
les_bridge_fing23__d7t3__00038.wav,lsp-hardclip,les_bridge_fing23,0.0013175011,les_bridge_fing17__d7t4__00039.wav,byod-mxr,7,7,3,4,34.07942205160116,34.08156088036171
les_bridge_fing23__d7t4__00039.wav,lsp-hardclip,les_bridge_fing23,0.0017626286,les_neck_pick14__d7t4__00039.wav,lsp-arctan,7,7,4,4,34.07942205160116,34.09435618625095
les_bridge_pick04__d0t0__00000.wav,lsp-hardclip,les_bridge_pick04,0.0027524233,les_neck_pick02__d1t2__00007.wav,lsp-sine,0,1,0,2,5.063331073032135,9.202349861352678
les_bridge_pick04__d0t1__00001.wav,lsp-hardclip,les_bridge_pick04,0.0019006729,les_neck_pick05__d1t2__00007.wav,lsp-sine,0,1,1,2,5.063331073032135,9.202349861352678
les_bridge_pick04__d0t2__00002.wav,lsp-hardclip,les_bridge_pick04,0.001434505,les_neck_pick03__d0t4__00004.wav,byod-mxr,0,0,2,4,5.063331073032135,5.0
les_bridge_pick04__d0t3__00003.wav,lsp-hardclip,les_bridge_pick04,0.0043427944,les_neck_pick14__d1t3__00008.wav,lsp-arctan,0,1,3,3,5.063331073032135,9.170316408518453
les_bridge_pick04__d0t4__00004.wav,lsp-hardclip,les_bridge_pick04,0.007639706,les_neck_pick14__d0t4__00004.wav,lsp-sine,0,0,4,4,5.063331073032135,5.041347474059023
les_bridge_pick04__d1t0__00005.wav,lsp-hardclip,les_bridge_pick04,0.00299263,les_neck_pick02__d1t2__00007.wav,lsp-sine,1,1,0,2,9.35456396552498,9.202349861352678
les_bridge_pick04__d1t1__00006.wav,lsp-hardclip,les_bridge_pick04,0.0017111301,les_neck_pick05__d1t2__00007.wav,lsp-sine,1,1,1,2,9.35456396552498,9.202349861352678
les_bridge_pick04__d1t2__00007.wav,lsp-hardclip,les_bridge_pick04,0.0017372966,les_neck_pick03__d0t4__00004.wav,byod-mxr,1,0,2,4,9.35456396552498,5.0
les_bridge_pick04__d1t3__00008.wav,lsp-hardclip,les_bridge_pick04,0.0033564568,les_neck_pick14__d1t3__00008.wav,lsp-arctan,1,1,3,3,9.35456396552498,9.170316408518453
les_bridge_pick04__d1t4__00009.wav,lsp-hardclip,les_bridge_pick04,0.0080176,les_neck_pick14__d0t4__00004.wav,lsp-sine,1,0,4,4,9.35456396552498,5.041347474059023
les_bridge_pick04__d2t0__00010.wav,lsp-hardclip,les_bridge_pick04,0.002657175,les_neck_pick04__d2t2__00012.wav,lsp-arctan,2,2,0,2,13.55142968534178,13.270071970821393
les_bridge_pick04__d2t1__00011.wav,lsp-hardclip,les_bridge_pick04,0.001236558,les_neck_pick05__d1t2__00007.wav,lsp-tanh,2,1,1,2,13.55142968534178,9.088421535688989
les_bridge_pick04__d2t2__00012.wav,lsp-hardclip,les_bridge_pick04,0.0025199652,les_bridge_fing17__d0t4__00004.wav,byod-mxr,2,0,2,4,13.55142968534178,5.0
les_bridge_pick04__d2t3__00013.wav,lsp-hardclip,les_bridge_pick04,0.004505098,les_neck_pick14__d2t3__00013.wav,lsp-sine,2,2,3,3,13.55142968534178,13.251366385956809
les_bridge_pick04__d2t4__00014.wav,lsp-hardclip,les_bridge_pick04,0.00806582,les_neck_pick14__d2t4__00014.wav,pedalboard-tanh,2,2,4,4,13.55142968534178,13.296816138037473
les_bridge_pick04__d3t0__00015.wav,lsp-hardclip,les_bridge_pick04,0.0019833446,les_bridge_pick22__d1t4__00009.wav,lsp-tanh,3,1,0,4,17.563088337099366,9.088421535688989
les_bridge_pick04__d3t1__00016.wav,lsp-hardclip,les_bridge_pick04,0.0018197894,les_neck_pick05__d1t2__00007.wav,byod-mxr,3,1,1,2,17.563088337099366,9.107670514338215
les_bridge_pick04__d3t2__00017.wav,lsp-hardclip,les_bridge_pick04,0.0038167238,les_neck_pick21__d2t3__00013.wav,byod-mxr,3,2,2,3,17.563088337099366,13.292365801948186
les_bridge_pick04__d3t3__00018.wav,lsp-hardclip,les_bridge_pick04,0.007106602,les_neck_pick21__d2t4__00014.wav,byod-mxr,3,2,3,4,17.563088337099366,13.292365801948186
les_bridge_pick04__d3t4__00019.wav,lsp-hardclip,les_bridge_pick04,0.012089312,les_neck_pick14__d2t4__00014.wav,byod-mxr,3,2,4,4,17.563088337099366,13.292365801948186
les_bridge_pick04__d4t0__00020.wav,lsp-hardclip,les_bridge_pick04,0.0026493669,les_bridge_pick22__d1t4__00009.wav,lsp-arctan,4,1,0,4,21.54643860361127,9.170316408518453
les_bridge_pick04__d4t1__00021.wav,lsp-hardclip,les_bridge_pick04,0.0022217035,les_bridge_fing17__d2t3__00013.wav,lsp-arctan,4,2,1,3,21.54643860361127,13.270071970821393
les_bridge_pick04__d4t2__00022.wav,lsp-hardclip,les_bridge_pick04,0.0070059896,les_neck_fing01__d2t4__00014.wav,lsp-sine,4,2,2,4,21.54643860361127,13.251366385956809
les_bridge_pick04__d4t3__00023.wav,lsp-hardclip,les_bridge_pick04,0.008485615,les_neck_pick21__d3t4__00019.wav,pedalboard-tanh,4,3,3,4,21.54643860361127,17.454399305827287
les_bridge_pick04__d4t4__00024.wav,lsp-hardclip,les_bridge_pick04,0.0143092275,les_neck_pick14__d3t4__00019.wav,byod-mxr,4,3,4,4,21.54643860361127,17.452308155418716
les_bridge_pick04__d5t0__00025.wav,lsp-hardclip,les_bridge_pick04,0.003654182,les_bridge_pick22__d2t4__00014.wav,lsp-arctan,5,2,0,4,25.79865436059077,13.270071970821393
les_bridge_pick04__d5t1__00026.wav,lsp-hardclip,les_bridge_pick04,0.0025916696,les_neck_pick03__d3t3__00018.wav,byod-mxr,5,3,1,3,25.79865436059077,17.452308155418716
les_bridge_pick04__d5t2__00027.wav,lsp-hardclip,les_bridge_pick04,0.0054826736,les_neck_pick21__d4t3__00023.wav,byod-mxr,5,4,2,3,25.79865436059077,21.62039317761596
les_bridge_pick04__d5t3__00028.wav,lsp-hardclip,les_bridge_pick04,0.002298057,les_neck_pick21__d4t4__00024.wav,pedalboard-tanh,5,4,3,4,25.79865436059077,21.61638024087312
les_bridge_pick04__d5t4__00029.wav,lsp-hardclip,les_bridge_pick04,0.006718695,les_neck_pick14__d4t4__00024.wav,lsp-arctan,5,4,4,4,25.79865436059077,21.613326710488973
les_bridge_pick04__d6t0__00030.wav,lsp-hardclip,les_bridge_pick04,0.004968405,les_bridge_pick16__d5t2__00027.wav,lsp-arctan,6,5,0,2,29.908667593492765,25.788497067568912
les_bridge_pick04__d6t1__00031.wav,lsp-hardclip,les_bridge_pick04,0.0060217977,les_bridge_pick17__d4t4__00024.wav,lsp-arctan,6,4,1,4,29.908667593492765,21.613326710488973
les_bridge_pick04__d6t2__00032.wav,lsp-hardclip,les_bridge_pick04,0.0033783913,les_bridge_fing17__d5t4__00029.wav,lsp-sine,6,5,2,4,29.908667593492765,25.7855895742644
les_bridge_pick04__d6t3__00033.wav,lsp-hardclip,les_bridge_pick04,0.007416606,les_neck_fing01__d5t4__00029.wav,lsp-arctan,6,5,3,4,29.908667593492765,25.788497067568912
les_bridge_pick04__d6t4__00034.wav,lsp-hardclip,les_bridge_pick04,0.003226459,les_neck_fing01__d7t3__00038.wav,byod-mxr,6,7,4,3,29.908667593492765,34.08156088036171
les_bridge_pick04__d7t0__00035.wav,lsp-hardclip,les_bridge_pick04,0.0045737624,les_bridge_fing21__d4t4__00024.wav,byod-bigmuff,7,4,0,4,34.07942205160116,21.5884141303546
les_bridge_pick04__d7t1__00036.wav,lsp-hardclip,les_bridge_pick04,0.0042916536,les_bridge_fing24__d6t3__00033.wav,lsp-sine,7,6,1,3,34.07942205160116,29.915327656251563
les_bridge_pick04__d7t2__00037.wav,lsp-hardclip,les_bridge_pick04,0.0032433867,les_bridge_fing17__d7t2__00037.wav,lsp-sine,7,7,2,2,34.07942205160116,34.094517939627885
les_bridge_pick04__d7t3__00038.wav,lsp-hardclip,les_bridge_pick04,0.002657175,les_neck_pick14__d6t4__00034.wav,lsp-arctan,7,6,3,4,34.07942205160116,29.91872954355242
les_bridge_pick04__d7t4__00039.wav,lsp-hardclip,les_bridge_pick04,0.003779292,les_neck_fing01__d7t4__00039.wav,lsp-tanh,7,7,4,4,34.07942205160116,34.0729352593394
les_bridge_pick09__d0t0__00000.wav,lsp-hardclip,les_bridge_pick09,0.0013435483,les_bridge_fing20__d2t0__00010.wav,pedalboard-tanh,0,2,0,0,5.063331073032135,13.296816138037473
les_bridge_pick09__d0t1__00001.wav,lsp-hardclip,les_bridge_pick09,0.002374351,les_neck_pick12__d2t1__00011.wav,byod-mxr,0,2,1,1,5.063331073032135,13.292365801948186
les_bridge_pick09__d0t2__00002.wav,lsp-hardclip,les_bridge_pick09,0.00064080954,les_bridge_fing17__d2t0__00010.wav,pedalboard-tanh,0,2,2,0,5.063331073032135,13.296816138037473
les_bridge_pick09__d0t3__00003.wav,lsp-hardclip,les_bridge_pick09,0.0026745796,les_neck_pick02__d2t1__00011.wav,lsp-sine,0,2,3,1,5.063331073032135,13.251366385956809
les_bridge_pick09__d0t4__00004.wav,lsp-hardclip,les_bridge_pick09,0.003174007,les_neck_pick04__d3t1__00016.wav,byod-mxr,0,3,4,1,5.063331073032135,17.452308155418716
les_bridge_pick09__d1t0__00005.wav,lsp-hardclip,les_bridge_pick09,0.001375556,les_neck_pick12__d2t0__00010.wav,byod-mxr,1,2,0,0,9.35456396552498,13.292365801948186
les_bridge_pick09__d1t1__00006.wav,lsp-hardclip,les_bridge_pick09,0.0020852685,les_neck_pick12__d2t1__00011.wav,byod-mxr,1,2,1,1,9.35456396552498,13.292365801948186
les_bridge_pick09__d1t2__00007.wav,lsp-hardclip,les_bridge_pick09,0.002731204,les_neck_pick05__d2t0__00010.wav,pedalboard-tanh,1,2,2,0,9.35456396552498,13.296816138037473
les_bridge_pick09__d1t3__00008.wav,lsp-hardclip,les_bridge_pick09,0.0031138659,les_bridge_fing20__d2t2__00012.wav,byod-mxr,1,2,3,2,9.35456396552498,13.292365801948186
les_bridge_pick09__d1t4__00009.wav,lsp-hardclip,les_bridge_pick09,0.0048357844,les_neck_pick04__d3t1__00016.wav,byod-mxr,1,3,4,1,9.35456396552498,17.452308155418716
les_bridge_pick09__d2t0__00010.wav,lsp-hardclip,les_bridge_pick09,0.0012140274,les_bridge_fing20__d2t0__00010.wav,pedalboard-tanh,2,2,0,0,13.55142968534178,13.296816138037473
les_bridge_pick09__d2t1__00011.wav,lsp-hardclip,les_bridge_pick09,0.0023371577,les_neck_pick12__d2t1__00011.wav,byod-mxr,2,2,1,1,13.55142968534178,13.292365801948186
les_bridge_pick09__d2t2__00012.wav,lsp-hardclip,les_bridge_pick09,0.001182437,les_bridge_fing17__d3t0__00015.wav,lsp-arctan,2,3,2,0,13.55142968534178,17.436825605717576
les_bridge_pick09__d2t3__00013.wav,lsp-hardclip,les_bridge_pick09,0.0047061443,les_neck_pick04__d3t1__00016.wav,lsp-arctan,2,3,3,1,13.55142968534178,17.436825605717576
les_bridge_pick09__d2t4__00014.wav,lsp-hardclip,les_bridge_pick09,0.009504199,les_bridge_fing20__d2t3__00013.wav,lsp-arctan,2,2,4,3,13.55142968534178,13.270071970821393
les_bridge_pick09__d3t0__00015.wav,lsp-hardclip,les_bridge_pick09,0.00095158815,les_neck_pick12__d2t0__00010.wav,byod-mxr,3,2,0,0,17.563088337099366,13.292365801948186
les_bridge_pick09__d3t1__00016.wav,lsp-hardclip,les_bridge_pick09,0.0018906593,les_neck_pick12__d3t1__00016.wav,pedalboard-tanh,3,3,1,1,17.563088337099366,17.454399305827287
les_bridge_pick09__d3t2__00017.wav,lsp-hardclip,les_bridge_pick09,0.0035994053,les_bridge_fing17__d3t0__00015.wav,byod-mxr,3,3,2,0,17.563088337099366,17.452308155418716
les_bridge_pick09__d3t3__00018.wav,lsp-hardclip,les_bridge_pick09,0.0063815117,les_neck_pick02__d3t1__00016.wav,byod-mxr,3,3,3,1,17.563088337099366,17.452308155418716
les_bridge_pick09__d3t4__00019.wav,lsp-hardclip,les_bridge_pick09,0.011545181,les_bridge_fing24__d2t4__00014.wav,lsp-sine,3,2,4,4,17.563088337099366,13.251366385956809
les_bridge_pick09__d4t0__00020.wav,lsp-hardclip,les_bridge_pick09,0.0015304089,les_neck_pick12__d3t0__00015.wav,lsp-arctan,4,3,0,0,21.54643860361127,17.436825605717576
les_bridge_pick09__d4t1__00021.wav,lsp-hardclip,les_bridge_pick09,0.003195107,les_bridge_fing24__d3t1__00016.wav,byod-mxr,4,3,1,1,21.54643860361127,17.452308155418716
les_bridge_pick09__d4t2__00022.wav,lsp-hardclip,les_bridge_pick09,0.0022128224,les_bridge_pick17__d4t1__00021.wav,pedalboard-tanh,4,4,2,1,21.54643860361127,21.61638024087312
les_bridge_pick09__d4t3__00023.wav,lsp-hardclip,les_bridge_pick09,0.0042920113,les_bridge_fing20__d4t2__00022.wav,lsp-arctan,4,4,3,2,21.54643860361127,21.613326710488973
les_bridge_pick09__d4t4__00024.wav,lsp-hardclip,les_bridge_pick09,0.0041656494,les_bridge_pick16__d5t2__00027.wav,lsp-tanh,4,5,4,2,21.54643860361127,25.766463780707188
les_bridge_pick09__d5t0__00025.wav,lsp-hardclip,les_bridge_pick09,0.0031489134,les_bridge_pick22__d4t0__00020.wav,lsp-arctan,5,4,0,0,25.79865436059077,21.613326710488973
les_bridge_pick09__d5t1__00026.wav,lsp-hardclip,les_bridge_pick09,0.005736351,les_bridge_pick22__d5t1__00026.wav,lsp-tanh,5,5,1,1,25.79865436059077,25.766463780707188
les_bridge_pick09__d5t2__00027.wav,lsp-hardclip,les_bridge_pick09,0.009087503,les_neck_pick05__d5t1__00026.wav,lsp-arctan,5,5,2,1,25.79865436059077,25.788497067568912
les_bridge_pick09__d5t3__00028.wav,lsp-hardclip,les_bridge_pick09,0.0040335655,les_bridge_fing20__d5t2__00027.wav,lsp-arctan,5,5,3,2,25.79865436059077,25.788497067568912
les_bridge_pick09__d5t4__00029.wav,lsp-hardclip,les_bridge_pick09,0.006455362,les_neck_pick02__d6t2__00032.wav,byod-mxr,5,6,4,2,25.79865436059077,29.91150927100104
les_bridge_pick09__d6t0__00030.wav,lsp-hardclip,les_bridge_pick09,0.0038920045,les_neck_pick11__d5t0__00025.wav,byod-bigmuff,6,5,0,0,29.908667593492765,25.77210742134771
les_bridge_pick09__d6t1__00031.wav,lsp-hardclip,les_bridge_pick09,0.0031154752,les_neck_pick11__d4t2__00022.wav,byod-bigmuff,6,4,1,2,29.908667593492765,21.5884141303546
les_bridge_pick09__d6t2__00032.wav,lsp-hardclip,les_bridge_pick09,0.0026862025,les_neck_pick04__d6t2__00032.wav,byod-bigmuff,6,6,2,2,29.908667593492765,29.9151414217934
les_bridge_pick09__d6t3__00033.wav,lsp-hardclip,les_bridge_pick09,0.004124403,les_neck_fing01__d7t1__00036.wav,lsp-sine,6,7,3,1,29.908667593492765,34.094517939627885
les_bridge_pick09__d6t4__00034.wav,lsp-hardclip,les_bridge_pick09,0.00302428,les_bridge_fing20__d7t2__00037.wav,byod-mxr,6,7,4,2,29.908667593492765,34.08156088036171
les_bridge_pick09__d7t0__00035.wav,lsp-hardclip,les_bridge_pick09,0.002775669,les_neck_pick02__d7t0__00035.wav,byod-bigmuff,7,7,0,0,34.07942205160116,34.074932620854284
les_bridge_pick09__d7t1__00036.wav,lsp-hardclip,les_bridge_pick09,0.007970154,les_neck_pick05__d7t1__00036.wav,byod-bigmuff,7,7,1,1,34.07942205160116,34.074932620854284
les_bridge_pick09__d7t2__00037.wav,lsp-hardclip,les_bridge_pick09,0.0039373636,les_bridge_fing24__d7t2__00037.wav,byod-mxr,7,7,2,2,34.07942205160116,34.08156088036171
les_bridge_pick09__d7t3__00038.wav,lsp-hardclip,les_bridge_pick09,0.0020153522,les_bridge_pick22__d7t4__00039.wav,byod-mxr,7,7,3,4,34.07942205160116,34.08156088036171
les_bridge_pick09__d7t4__00039.wav,lsp-hardclip,les_bridge_pick09,0.0028851032,les_bridge_pick25__d7t4__00039.wav,pedalboard-tanh,7,7,4,4,34.07942205160116,34.075823464139134
les_bridge_pick12__d0t0__00000.wav,lsp-hardclip,les_bridge_pick12,0.0026004314,les_bridge_fing21__d0t0__00000.wav,lsp-sine,0,0,0,0,5.063331073032135,5.041347474059023
les_bridge_pick12__d0t1__00001.wav,lsp-hardclip,les_bridge_pick12,0.00096821785,les_bridge_fing20__d2t0__00010.wav,pedalboard-tanh,0,2,1,0,5.063331073032135,13.296816138037473
les_bridge_pick12__d0t2__00002.wav,lsp-hardclip,les_bridge_pick12,0.002025485,les_bridge_fing20__d1t1__00006.wav,lsp-sine,0,1,2,1,5.063331073032135,9.202349861352678
les_bridge_pick12__d0t3__00003.wav,lsp-hardclip,les_bridge_pick12,0.002650261,les_bridge_fing17__d2t0__00010.wav,lsp-tanh,0,2,3,0,5.063331073032135,13.297259315581634
les_bridge_pick12__d0t4__00004.wav,lsp-hardclip,les_bridge_pick12,0.0064051747,les_bridge_pick25__d0t2__00002.wav,pedalboard-tanh,0,0,4,2,5.063331073032135,5.0
les_bridge_pick12__d1t0__00005.wav,lsp-hardclip,les_bridge_pick12,0.0024511218,les_neck_pick07__d4t0__00020.wav,lsp-sine,1,4,0,0,9.35456396552498,21.652716208419097
les_bridge_pick12__d1t1__00006.wav,lsp-hardclip,les_bridge_pick12,0.0015971661,les_neck_pick07__d0t1__00001.wav,lsp-sine,1,0,1,1,9.35456396552498,5.041347474059023
les_bridge_pick12__d1t2__00007.wav,lsp-hardclip,les_bridge_pick12,0.0020125508,les_bridge_fing24__d2t1__00011.wav,pedalboard-tanh,1,2,2,1,9.35456396552498,13.296816138037473
les_bridge_pick12__d1t3__00008.wav,lsp-hardclip,les_bridge_pick12,0.00248307,les_bridge_fing17__d2t0__00010.wav,lsp-sine,1,2,3,0,9.35456396552498,13.251366385956809
les_bridge_pick12__d1t4__00009.wav,lsp-hardclip,les_bridge_pick12,0.0075517893,les_neck_pick14__d3t0__00015.wav,lsp-arctan,1,3,4,0,9.35456396552498,17.436825605717576
les_bridge_pick12__d2t0__00010.wav,lsp-hardclip,les_bridge_pick12,0.0021926165,les_neck_pick12__d2t0__00010.wav,pedalboard-tanh,2,2,0,0,13.55142968534178,13.296816138037473
les_bridge_pick12__d2t1__00011.wav,lsp-hardclip,les_bridge_pick12,0.00147295,les_bridge_fing20__d3t0__00015.wav,lsp-sine,2,3,1,0,13.55142968534178,17.46073355198249
les_bridge_pick12__d2t2__00012.wav,lsp-hardclip,les_bridge_pick12,0.0009951591,les_bridge_fing24__d2t1__00011.wav,lsp-tanh,2,2,2,1,13.55142968534178,13.297259315581634
les_bridge_pick12__d2t3__00013.wav,lsp-hardclip,les_bridge_pick12,0.0029659271,les_neck_fing15__d5t0__00025.wav,lsp-tanh,2,5,3,0,13.55142968534178,25.766463780707188
les_bridge_pick12__d2t4__00014.wav,lsp-hardclip,les_bridge_pick12,0.00529927,les_neck_pick14__d4t0__00020.wav,lsp-arctan,2,4,4,0,13.55142968534178,21.613326710488973
les_bridge_pick12__d3t0__00015.wav,lsp-hardclip,les_bridge_pick12,0.0006286502,les_bridge_fing21__d2t0__00010.wav,lsp-arctan,3,2,0,0,17.563088337099366,13.270071970821393
les_bridge_pick12__d3t1__00016.wav,lsp-hardclip,les_bridge_pick12,0.0019773245,les_bridge_fing24__d3t0__00015.wav,lsp-arctan,3,3,1,0,17.563088337099366,17.436825605717576
les_bridge_pick12__d3t2__00017.wav,lsp-hardclip,les_bridge_pick12,0.0055704117,les_neck_fing15__d0t3__00003.wav,byod-bigmuff,3,0,2,3,17.563088337099366,5.044777586688817
les_bridge_pick12__d3t3__00018.wav,lsp-hardclip,les_bridge_pick12,0.008616269,les_neck_fing15__d6t0__00030.wav,lsp-sine,3,6,3,0,17.563088337099366,29.915327656251563
les_bridge_pick12__d3t4__00019.wav,lsp-hardclip,les_bridge_pick12,0.0132113695,les_neck_pick14__d0t4__00004.wav,byod-bigmuff,3,0,4,4,17.563088337099366,5.044777586688817
les_bridge_pick12__d4t0__00020.wav,lsp-hardclip,les_bridge_pick12,0.0005918741,les_bridge_fing21__d3t0__00015.wav,byod-mxr,4,3,0,0,21.54643860361127,17.452308155418716
les_bridge_pick12__d4t1__00021.wav,lsp-hardclip,les_bridge_pick12,0.0023150444,les_bridge_pick22__d4t0__00020.wav,lsp-arctan,4,4,1,0,21.54643860361127,21.613326710488973
les_bridge_pick12__d4t2__00022.wav,lsp-hardclip,les_bridge_pick12,0.006774664,les_bridge_fing20__d5t0__00025.wav,lsp-sine,4,5,2,0,21.54643860361127,25.7855895742644
les_bridge_pick12__d4t3__00023.wav,lsp-hardclip,les_bridge_pick12,0.009920776,les_neck_pick12__d2t4__00014.wav,byod-bigmuff,4,2,3,4,21.54643860361127,13.312631977514853
les_bridge_pick12__d4t4__00024.wav,lsp-hardclip,les_bridge_pick12,0.020011783,les_neck_pick14__d1t4__00009.wav,byod-bigmuff,4,1,4,4,21.54643860361127,9.126662172709777
les_bridge_pick12__d5t0__00025.wav,lsp-hardclip,les_bridge_pick12,0.00282228,les_bridge_fing21__d4t0__00020.wav,byod-mxr,5,4,0,0,25.79865436059077,21.62039317761596
les_bridge_pick12__d5t1__00026.wav,lsp-hardclip,les_bridge_pick12,0.0032881498,les_bridge_fing24__d5t0__00025.wav,byod-bigmuff,5,5,1,0,25.79865436059077,25.77210742134771
les_bridge_pick12__d5t2__00027.wav,lsp-hardclip,les_bridge_pick12,0.0034410357,les_neck_pick04__d6t0__00030.wav,lsp-tanh,5,6,2,0,25.79865436059077,29.89601395521624
les_bridge_pick12__d5t3__00028.wav,lsp-hardclip,les_bridge_pick12,0.011210263,les_bridge_fing21__d3t4__00019.wav,byod-bigmuff,5,3,3,4,25.79865436059077,17.442946393617085
les_bridge_pick12__d5t4__00029.wav,lsp-hardclip,les_bridge_pick12,0.010542631,les_bridge_pick16__d7t2__00037.wav,byod-mxr,5,7,4,2,25.79865436059077,34.08156088036171
les_bridge_pick12__d6t0__00030.wav,lsp-hardclip,les_bridge_pick12,0.0031959414,les_bridge_fing24__d0t2__00002.wav,byod-bigmuff,6,0,0,2,29.908667593492765,5.044777586688817
les_bridge_pick12__d6t1__00031.wav,lsp-hardclip,les_bridge_pick12,0.003292799,les_neck_pick11__d5t1__00026.wav,byod-bigmuff,6,5,1,1,29.908667593492765,25.77210742134771
les_bridge_pick12__d6t2__00032.wav,lsp-hardclip,les_bridge_pick12,0.004570186,les_neck_pick07__d6t3__00033.wav,lsp-arctan,6,6,2,3,29.908667593492765,29.91872954355242
les_bridge_pick12__d6t3__00033.wav,lsp-hardclip,les_bridge_pick12,0.005581379,les_bridge_fing17__d6t2__00032.wav,byod-bigmuff,6,6,3,2,29.908667593492765,29.9151414217934
les_bridge_pick12__d6t4__00034.wav,lsp-hardclip,les_bridge_pick12,0.005210638,les_bridge_fing21__d6t4__00034.wav,lsp-arctan,6,6,4,4,29.908667593492765,29.91872954355242
les_bridge_pick12__d7t0__00035.wav,lsp-hardclip,les_bridge_pick12,0.0021842122,les_bridge_fing21__d7t0__00035.wav,lsp-sine,7,7,0,0,34.07942205160116,34.094517939627885
les_bridge_pick12__d7t1__00036.wav,lsp-hardclip,les_bridge_pick12,0.0041840672,les_neck_pick09__d7t1__00036.wav,lsp-tanh,7,7,1,1,34.07942205160116,34.0729352593394
les_bridge_pick12__d7t2__00037.wav,lsp-hardclip,les_bridge_pick12,0.005995035,les_bridge_fing24__d7t2__00037.wav,byod-mxr,7,7,2,2,34.07942205160116,34.08156088036171
les_bridge_pick12__d7t3__00038.wav,lsp-hardclip,les_bridge_pick12,0.004114747,les_neck_pick11__d7t3__00038.wav,lsp-arctan,7,7,3,3,34.07942205160116,34.09435618625095
les_bridge_pick12__d7t4__00039.wav,lsp-hardclip,les_bridge_pick12,0.0031628013,les_bridge_pick17__d7t4__00039.wav,byod-mxr,7,7,4,4,34.07942205160116,34.08156088036171
les_bridge_pick21__d0t0__00000.wav,lsp-hardclip,les_bridge_pick21,0.0046795607,les_neck_pick04__d1t1__00006.wav,lsp-sine,0,1,0,1,5.063331073032135,9.202349861352678
les_bridge_pick21__d0t1__00001.wav,lsp-hardclip,les_bridge_pick21,0.0038707852,les_bridge_pick16__d2t3__00013.wav,byod-mxr,0,2,1,3,5.063331073032135,13.292365801948186
les_bridge_pick21__d0t2__00002.wav,lsp-hardclip,les_bridge_pick21,0.0034487844,les_neck_fing01__d2t2__00012.wav,lsp-tanh,0,2,2,2,5.063331073032135,13.297259315581634
les_bridge_pick21__d0t3__00003.wav,lsp-hardclip,les_bridge_pick21,0.0050886273,les_bridge_fing17__d1t3__00008.wav,lsp-arctan,0,1,3,3,5.063331073032135,9.170316408518453
les_bridge_pick21__d0t4__00004.wav,lsp-hardclip,les_bridge_pick21,0.0058881044,les_neck_pick21__d2t3__00013.wav,lsp-tanh,0,2,4,3,5.063331073032135,13.297259315581634
les_bridge_pick21__d1t0__00005.wav,lsp-hardclip,les_bridge_pick21,0.0050476193,les_neck_pick04__d1t1__00006.wav,lsp-arctan,1,1,0,1,9.35456396552498,9.170316408518453
les_bridge_pick21__d1t1__00006.wav,lsp-hardclip,les_bridge_pick21,0.0040442348,les_bridge_pick16__d2t3__00013.wav,byod-mxr,1,2,1,3,9.35456396552498,13.292365801948186
les_bridge_pick21__d1t2__00007.wav,lsp-hardclip,les_bridge_pick21,0.0037978888,les_neck_fing01__d2t2__00012.wav,lsp-tanh,1,2,2,2,9.35456396552498,13.297259315581634
les_bridge_pick21__d1t3__00008.wav,lsp-hardclip,les_bridge_pick21,0.0046064854,les_neck_fing01__d1t3__00008.wav,lsp-sine,1,1,3,3,9.35456396552498,9.202349861352678
les_bridge_pick21__d1t4__00009.wav,lsp-hardclip,les_bridge_pick21,0.007876933,les_neck_pick21__d2t3__00013.wav,lsp-arctan,1,2,4,3,9.35456396552498,13.270071970821393
les_bridge_pick21__d2t0__00010.wav,lsp-hardclip,les_bridge_pick21,0.0064681172,les_bridge_pick16__d1t3__00008.wav,lsp-arctan,2,1,0,3,13.55142968534178,9.170316408518453
les_bridge_pick21__d2t1__00011.wav,lsp-hardclip,les_bridge_pick21,0.006160915,les_neck_pick04__d2t2__00012.wav,lsp-tanh,2,2,1,2,13.55142968534178,13.297259315581634
les_bridge_pick21__d2t2__00012.wav,lsp-hardclip,les_bridge_pick21,0.004374981,les_neck_fing01__d2t2__00012.wav,byod-mxr,2,2,2,2,13.55142968534178,13.292365801948186
les_bridge_pick21__d2t3__00013.wav,lsp-hardclip,les_bridge_pick21,0.00433743,les_bridge_fing17__d0t4__00004.wav,byod-mxr,2,0,3,4,13.55142968534178,5.0
les_bridge_pick21__d2t4__00014.wav,lsp-hardclip,les_bridge_pick21,0.0060845017,les_neck_pick21__d2t4__00014.wav,lsp-tanh,2,2,4,4,13.55142968534178,13.297259315581634
les_bridge_pick21__d3t0__00015.wav,lsp-hardclip,les_bridge_pick21,0.010292053,les_bridge_fing24__d1t3__00008.wav,lsp-arctan,3,1,0,3,17.563088337099366,9.170316408518453
les_bridge_pick21__d3t1__00016.wav,lsp-hardclip,les_bridge_pick21,0.0076695085,les_neck_pick04__d2t2__00012.wav,lsp-sine,3,2,1,2,17.563088337099366,13.251366385956809
les_bridge_pick21__d3t2__00017.wav,lsp-hardclip,les_bridge_pick21,0.0037973523,les_neck_pick09__d0t3__00003.wav,byod-mxr,3,0,2,3,17.563088337099366,5.0
les_bridge_pick21__d3t3__00018.wav,lsp-hardclip,les_bridge_pick21,0.0045785904,les_neck_pick21__d2t3__00013.wav,byod-mxr,3,2,3,3,17.563088337099366,13.292365801948186
les_bridge_pick21__d3t4__00019.wav,lsp-hardclip,les_bridge_pick21,0.014964521,les_neck_pick21__d3t4__00019.wav,lsp-arctan,3,3,4,4,17.563088337099366,17.436825605717576
les_bridge_pick21__d4t0__00020.wav,lsp-hardclip,les_bridge_pick21,0.00881362,les_bridge_pick16__d0t3__00003.wav,byod-mxr,4,0,0,3,21.54643860361127,5.0
les_bridge_pick21__d4t1__00021.wav,lsp-hardclip,les_bridge_pick21,0.007934988,les_bridge_fing21__d1t4__00009.wav,byod-mxr,4,1,1,4,21.54643860361127,9.107670514338215
les_bridge_pick21__d4t2__00022.wav,lsp-hardclip,les_bridge_pick21,0.0044674873,les_neck_pick09__d0t3__00003.wav,lsp-sine,4,0,2,3,21.54643860361127,5.041347474059023
les_bridge_pick21__d4t3__00023.wav,lsp-hardclip,les_bridge_pick21,0.004510224,les_neck_fing01__d2t4__00014.wav,lsp-sine,4,2,3,4,21.54643860361127,13.251366385956809
les_bridge_pick21__d4t4__00024.wav,lsp-hardclip,les_bridge_pick21,0.012163341,les_neck_pick21__d3t4__00019.wav,pedalboard-tanh,4,3,4,4,21.54643860361127,17.454399305827287
les_bridge_pick21__d5t0__00025.wav,lsp-hardclip,les_bridge_pick21,0.010306358,les_neck_pick12__d2t4__00014.wav,pedalboard-tanh,5,2,0,4,25.79865436059077,13.296816138037473
les_bridge_pick21__d5t1__00026.wav,lsp-hardclip,les_bridge_pick21,0.004522383,les_bridge_pick16__d3t3__00018.wav,lsp-arctan,5,3,1,3,25.79865436059077,17.436825605717576
les_bridge_pick21__d5t2__00027.wav,lsp-hardclip,les_bridge_pick21,0.0045527816,les_neck_pick04__d3t3__00018.wav,lsp-arctan,5,3,2,3,25.79865436059077,17.436825605717576
les_bridge_pick21__d5t3__00028.wav,lsp-hardclip,les_bridge_pick21,0.005759001,les_neck_pick21__d4t3__00023.wav,lsp-arctan,5,4,3,3,25.79865436059077,21.613326710488973
les_bridge_pick21__d5t4__00029.wav,lsp-hardclip,les_bridge_pick21,0.0110554695,les_neck_pick14__d4t4__00024.wav,lsp-arctan,5,4,4,4,25.79865436059077,21.613326710488973
les_bridge_pick21__d6t0__00030.wav,lsp-hardclip,les_bridge_pick21,0.009451568,les_neck_fing01__d1t2__00007.wav,byod-bigmuff,6,1,0,2,29.908667593492765,9.126662172709777
les_bridge_pick21__d6t1__00031.wav,lsp-hardclip,les_bridge_pick21,0.006624043,les_bridge_pick22__d3t4__00019.wav,lsp-tanh,6,3,1,4,29.908667593492765,17.426284440144894
les_bridge_pick21__d6t2__00032.wav,lsp-hardclip,les_bridge_pick21,0.0051199794,les_neck_fing01__d4t3__00023.wav,lsp-tanh,6,4,2,3,29.908667593492765,21.61115826291455
les_bridge_pick21__d6t3__00033.wav,lsp-hardclip,les_bridge_pick21,0.0046120286,les_neck_pick21__d5t4__00029.wav,pedalboard-tanh,6,5,3,4,29.908667593492765,25.782351420955937
les_bridge_pick21__d6t4__00034.wav,lsp-hardclip,les_bridge_pick21,0.004884541,les_neck_pick14__d5t4__00029.wav,byod-mxr,6,5,4,4,29.908667593492765,25.779078975465445
les_bridge_pick21__d7t0__00035.wav,lsp-hardclip,les_bridge_pick21,0.00894326,les_bridge_fing20__d0t4__00004.wav,byod-bigmuff,7,0,0,4,34.07942205160116,5.044777586688817
les_bridge_pick21__d7t1__00036.wav,lsp-hardclip,les_bridge_pick21,0.006932974,les_bridge_pick22__d5t4__00029.wav,lsp-arctan,7,5,1,4,34.07942205160116,25.788497067568912
les_bridge_pick21__d7t2__00037.wav,lsp-hardclip,les_bridge_pick21,0.0055781603,les_bridge_fing20__d5t4__00029.wav,lsp-tanh,7,5,2,4,34.07942205160116,25.766463780707188
les_bridge_pick21__d7t3__00038.wav,lsp-hardclip,les_bridge_pick21,0.003998518,les_neck_pick14__d6t3__00033.wav,lsp-sine,7,6,3,3,34.07942205160116,29.915327656251563
les_bridge_pick21__d7t4__00039.wav,lsp-hardclip,les_bridge_pick21,0.002414465,les_neck_fing01__d7t4__00039.wav,byod-mxr,7,7,4,4,34.07942205160116,34.08156088036171
les_neck_fing03__d0t0__00000.wav,lsp-hardclip,les_neck_fing03,0.0014784932,les_bridge_pick16__d2t1__00011.wav,lsp-tanh,0,2,0,1,5.063331073032135,13.297259315581634
les_neck_fing03__d0t1__00001.wav,lsp-hardclip,les_neck_fing03,0.0028768778,les_neck_pick02__d2t1__00011.wav,lsp-arctan,0,2,1,1,5.063331073032135,13.270071970821393
les_neck_fing03__d0t2__00002.wav,lsp-hardclip,les_neck_fing03,0.0029276013,les_neck_pick04__d2t2__00012.wav,lsp-sine,0,2,2,2,5.063331073032135,13.251366385956809
les_neck_fing03__d0t3__00003.wav,lsp-hardclip,les_neck_fing03,0.0015105605,les_neck_pick04__d2t3__00013.wav,lsp-sine,0,2,3,3,5.063331073032135,13.251366385956809
les_neck_fing03__d0t4__00004.wav,lsp-hardclip,les_neck_fing03,0.0033371449,les_neck_fing01__d1t4__00009.wav,lsp-sine,0,1,4,4,5.063331073032135,9.202349861352678
les_neck_fing03__d1t0__00005.wav,lsp-hardclip,les_neck_fing03,0.002831161,les_bridge_pick16__d2t1__00011.wav,lsp-tanh,1,2,0,1,9.35456396552498,13.297259315581634
les_neck_fing03__d1t1__00006.wav,lsp-hardclip,les_neck_fing03,0.0022850037,les_bridge_pick16__d3t2__00017.wav,lsp-arctan,1,3,1,2,9.35456396552498,17.436825605717576
les_neck_fing03__d1t2__00007.wav,lsp-hardclip,les_neck_fing03,0.0042281747,les_neck_pick02__d2t2__00012.wav,lsp-sine,1,2,2,2,9.35456396552498,13.251366385956809
les_neck_fing03__d1t3__00008.wav,lsp-hardclip,les_neck_fing03,0.002115965,les_neck_pick04__d2t3__00013.wav,lsp-sine,1,2,3,3,9.35456396552498,13.251366385956809
les_neck_fing03__d1t4__00009.wav,lsp-hardclip,les_neck_fing03,0.003583014,les_neck_pick02__d2t4__00014.wav,lsp-tanh,1,2,4,4,9.35456396552498,13.297259315581634
les_neck_fing03__d2t0__00010.wav,lsp-hardclip,les_neck_fing03,0.0024178028,les_bridge_pick16__d4t0__00020.wav,byod-mxr,2,4,0,0,13.55142968534178,21.62039317761596
les_neck_fing03__d2t1__00011.wav,lsp-hardclip,les_neck_fing03,0.003861189,les_bridge_fing20__d2t2__00012.wav,byod-mxr,2,2,1,2,13.55142968534178,13.292365801948186
les_neck_fing03__d2t2__00012.wav,lsp-hardclip,les_neck_fing03,0.004524529,les_bridge_pick16__d3t3__00018.wav,lsp-tanh,2,3,2,3,13.55142968534178,17.426284440144894
les_neck_fing03__d2t3__00013.wav,lsp-hardclip,les_neck_fing03,0.0027713776,les_neck_pick21__d3t2__00017.wav,lsp-arctan,2,3,3,2,13.55142968534178,17.436825605717576
les_neck_fing03__d2t4__00014.wav,lsp-hardclip,les_neck_fing03,0.0030833483,les_neck_pick21__d2t3__00013.wav,byod-mxr,2,2,4,3,13.55142968534178,13.292365801948186
les_neck_fing03__d3t0__00015.wav,lsp-hardclip,les_neck_fing03,0.002734065,les_neck_pick12__d3t1__00016.wav,byod-mxr,3,3,0,1,17.563088337099366,17.452308155418716
les_neck_fing03__d3t1__00016.wav,lsp-hardclip,les_neck_fing03,0.0064858794,les_neck_pick04__d3t1__00016.wav,lsp-sine,3,3,1,1,17.563088337099366,17.46073355198249
les_neck_fing03__d3t2__00017.wav,lsp-hardclip,les_neck_fing03,0.0061479807,les_bridge_pick22__d3t3__00018.wav,byod-mxr,3,3,2,3,17.563088337099366,17.452308155418716
les_neck_fing03__d3t3__00018.wav,lsp-hardclip,les_neck_fing03,0.0031650662,les_neck_pick04__d3t3__00018.wav,lsp-sine,3,3,3,3,17.563088337099366,17.46073355198249
les_neck_fing03__d3t4__00019.wav,lsp-hardclip,les_neck_fing03,0.0026223063,les_neck_pick21__d3t3__00018.wav,lsp-sine,3,3,4,3,17.563088337099366,17.46073355198249
les_neck_fing03__d4t0__00020.wav,lsp-hardclip,les_neck_fing03,0.0048998594,les_neck_pick12__d3t1__00016.wav,byod-mxr,4,3,0,1,21.54643860361127,17.452308155418716
les_neck_fing03__d4t1__00021.wav,lsp-hardclip,les_neck_fing03,0.009328961,les_neck_pick12__d3t2__00017.wav,byod-bigmuff,4,3,1,2,21.54643860361127,17.442946393617085
les_neck_fing03__d4t2__00022.wav,lsp-hardclip,les_neck_fing03,0.00792402,les_bridge_pick22__d4t3__00023.wav,byod-mxr,4,4,2,3,21.54643860361127,21.62039317761596
les_neck_fing03__d4t3__00023.wav,lsp-hardclip,les_neck_fing03,0.0028672814,les_neck_pick11__d4t4__00024.wav,lsp-tanh,4,4,3,4,21.54643860361127,21.61115826291455
les_neck_fing03__d4t4__00024.wav,lsp-hardclip,les_neck_fing03,0.0038528442,les_neck_pick21__d4t3__00023.wav,lsp-arctan,4,4,4,3,21.54643860361127,21.613326710488973
les_neck_fing03__d5t0__00025.wav,lsp-hardclip,les_neck_fing03,0.0032371879,les_bridge_pick17__d4t0__00020.wav,byod-mxr,5,4,0,0,25.79865436059077,21.62039317761596
les_neck_fing03__d5t1__00026.wav,lsp-hardclip,les_neck_fing03,0.004901886,les_neck_pick04__d5t1__00026.wav,lsp-sine,5,5,1,1,25.79865436059077,25.7855895742644
les_neck_fing03__d5t2__00027.wav,lsp-hardclip,les_neck_fing03,0.009317994,les_bridge_pick17__d5t2__00027.wav,lsp-sine,5,5,2,2,25.79865436059077,25.7855895742644
les_neck_fing03__d5t3__00028.wav,lsp-hardclip,les_neck_fing03,0.004799247,les_bridge_pick17__d5t3__00028.wav,lsp-sine,5,5,3,3,25.79865436059077,25.7855895742644
les_neck_fing03__d5t4__00029.wav,lsp-hardclip,les_neck_fing03,0.004594445,les_neck_pick04__d5t4__00029.wav,lsp-sine,5,5,4,4,25.79865436059077,25.7855895742644
les_neck_fing03__d6t0__00030.wav,lsp-hardclip,les_neck_fing03,0.002177894,les_neck_pick03__d6t0__00030.wav,lsp-tanh,6,6,0,0,29.908667593492765,29.89601395521624
les_neck_fing03__d6t1__00031.wav,lsp-hardclip,les_neck_fing03,0.0055725574,les_neck_pick02__d6t1__00031.wav,lsp-tanh,6,6,1,1,29.908667593492765,29.89601395521624
les_neck_fing03__d6t2__00032.wav,lsp-hardclip,les_neck_fing03,0.0027623177,les_neck_pick02__d6t2__00032.wav,lsp-sine,6,6,2,2,29.908667593492765,29.915327656251563
les_neck_fing03__d6t3__00033.wav,lsp-hardclip,les_neck_fing03,0.003974676,les_bridge_fing17__d5t4__00029.wav,lsp-arctan,6,5,3,4,29.908667593492765,25.788497067568912
les_neck_fing03__d6t4__00034.wav,lsp-hardclip,les_neck_fing03,0.0038461685,les_bridge_fing20__d6t3__00033.wav,pedalboard-tanh,6,6,4,3,29.908667593492765,29.92239131554786
les_neck_fing03__d7t0__00035.wav,lsp-hardclip,les_neck_fing03,0.0044100285,les_bridge_fing24__d7t1__00036.wav,byod-mxr,7,7,0,1,34.07942205160116,34.08156088036171
les_neck_fing03__d7t1__00036.wav,lsp-hardclip,les_neck_fing03,0.0039916635,les_neck_pick02__d6t3__00033.wav,byod-bigmuff,7,6,1,3,34.07942205160116,29.9151414217934
les_neck_fing03__d7t2__00037.wav,lsp-hardclip,les_neck_fing03,0.0024106503,les_bridge_pick17__d6t3__00033.wav,lsp-arctan,7,6,2,3,34.07942205160116,29.91872954355242
les_neck_fing03__d7t3__00038.wav,lsp-hardclip,les_neck_fing03,0.001211822,les_bridge_fing17__d7t3__00038.wav,byod-mxr,7,7,3,3,34.07942205160116,34.08156088036171
les_neck_fing03__d7t4__00039.wav,lsp-hardclip,les_neck_fing03,0.0012547374,les_bridge_fing20__d7t3__00038.wav,lsp-sine,7,7,4,3,34.07942205160116,34.094517939627885
les_neck_fing04__d0t0__00000.wav,lsp-hardclip,les_neck_fing04,0.0016679764,les_bridge_fing24__d2t0__00010.wav,byod-mxr,0,2,0,0,5.063331073032135,13.292365801948186
les_neck_fing04__d0t1__00001.wav,lsp-hardclip,les_neck_fing04,0.0015322566,les_bridge_pick17__d3t0__00015.wav,lsp-sine,0,3,1,0,5.063331073032135,17.46073355198249
les_neck_fing04__d0t2__00002.wav,lsp-hardclip,les_neck_fing04,0.0043789744,les_neck_pick12__d2t3__00013.wav,byod-mxr,0,2,2,3,5.063331073032135,13.292365801948186
les_neck_fing04__d0t3__00003.wav,lsp-hardclip,les_neck_fing04,0.004833877,les_neck_pick02__d1t2__00007.wav,byod-mxr,0,1,3,2,5.063331073032135,9.107670514338215
les_neck_fing04__d0t4__00004.wav,lsp-hardclip,les_neck_fing04,0.0044113398,les_neck_pick02__d2t3__00013.wav,lsp-arctan,0,2,4,3,5.063331073032135,13.270071970821393
les_neck_fing04__d1t0__00005.wav,lsp-hardclip,les_neck_fing04,0.0016359687,les_bridge_fing24__d2t0__00010.wav,byod-mxr,1,2,0,0,9.35456396552498,13.292365801948186
les_neck_fing04__d1t1__00006.wav,lsp-hardclip,les_neck_fing04,0.0015147328,les_bridge_pick17__d3t0__00015.wav,lsp-sine,1,3,1,0,9.35456396552498,17.46073355198249
les_neck_fing04__d1t2__00007.wav,lsp-hardclip,les_neck_fing04,0.0043852925,les_neck_pick12__d2t3__00013.wav,byod-mxr,1,2,2,3,9.35456396552498,13.292365801948186
les_neck_fing04__d1t3__00008.wav,lsp-hardclip,les_neck_fing04,0.0048401356,les_neck_fing15__d2t4__00014.wav,lsp-tanh,1,2,3,4,9.35456396552498,13.297259315581634
les_neck_fing04__d1t4__00009.wav,lsp-hardclip,les_neck_fing04,0.0043985844,les_neck_pick02__d2t3__00013.wav,lsp-arctan,1,2,4,3,9.35456396552498,13.270071970821393
les_neck_fing04__d2t0__00010.wav,lsp-hardclip,les_neck_fing04,0.0015153885,les_bridge_fing24__d2t0__00010.wav,byod-mxr,2,2,0,0,13.55142968534178,13.292365801948186
les_neck_fing04__d2t1__00011.wav,lsp-hardclip,les_neck_fing04,0.001578033,les_bridge_pick17__d3t0__00015.wav,lsp-sine,2,3,1,0,13.55142968534178,17.46073355198249
les_neck_fing04__d2t2__00012.wav,lsp-hardclip,les_neck_fing04,0.0041508675,les_bridge_fing20__d1t3__00008.wav,lsp-tanh,2,1,2,3,13.55142968534178,9.088421535688989
les_neck_fing04__d2t3__00013.wav,lsp-hardclip,les_neck_fing04,0.0044726133,les_bridge_pick22__d1t4__00009.wav,byod-mxr,2,1,3,4,13.55142968534178,9.107670514338215
les_neck_fing04__d2t4__00014.wav,lsp-hardclip,les_neck_fing04,0.0042977333,les_neck_pick02__d2t3__00013.wav,lsp-arctan,2,2,4,3,13.55142968534178,13.270071970821393
les_neck_fing04__d3t0__00015.wav,lsp-hardclip,les_neck_fing04,0.0015890598,les_neck_pick12__d3t0__00015.wav,byod-mxr,3,3,0,0,17.563088337099366,17.452308155418716
les_neck_fing04__d3t1__00016.wav,lsp-hardclip,les_neck_fing04,0.0012426972,les_bridge_pick17__d3t0__00015.wav,lsp-sine,3,3,1,0,17.563088337099366,17.46073355198249
les_neck_fing04__d3t2__00017.wav,lsp-hardclip,les_neck_fing04,0.0043539405,les_bridge_pick17__d2t2__00012.wav,lsp-tanh,3,2,2,2,17.563088337099366,13.297259315581634
les_neck_fing04__d3t3__00018.wav,lsp-hardclip,les_neck_fing04,0.0043278337,les_neck_pick02__d2t2__00012.wav,byod-mxr,3,2,3,2,17.563088337099366,13.292365801948186
les_neck_fing04__d3t4__00019.wav,lsp-hardclip,les_neck_fing04,0.004030466,les_neck_pick03__d2t4__00014.wav,byod-bigmuff,3,2,4,4,17.563088337099366,13.312631977514853
les_neck_fing04__d4t0__00020.wav,lsp-hardclip,les_neck_fing04,0.0014399886,les_bridge_fing24__d3t0__00015.wav,lsp-arctan,4,3,0,0,21.54643860361127,17.436825605717576
les_neck_fing04__d4t1__00021.wav,lsp-hardclip,les_neck_fing04,0.0008107424,les_neck_pick02__d3t0__00015.wav,lsp-tanh,4,3,1,0,21.54643860361127,17.426284440144894
les_neck_fing04__d4t2__00022.wav,lsp-hardclip,les_neck_fing04,0.0034237504,les_neck_pick05__d3t1__00016.wav,lsp-arctan,4,3,2,1,21.54643860361127,17.436825605717576
les_neck_fing04__d4t3__00023.wav,lsp-hardclip,les_neck_fing04,0.0033635497,les_neck_pick11__d2t3__00013.wav,pedalboard-tanh,4,2,3,3,21.54643860361127,13.296816138037473
les_neck_fing04__d4t4__00024.wav,lsp-hardclip,les_neck_fing04,0.0043839216,les_neck_pick04__d3t3__00018.wav,pedalboard-tanh,4,3,4,3,21.54643860361127,17.454399305827287
les_neck_fing04__d5t0__00025.wav,lsp-hardclip,les_neck_fing04,0.00072592497,les_neck_pick12__d4t0__00020.wav,pedalboard-tanh,5,4,0,0,25.79865436059077,21.61638024087312
les_neck_fing04__d5t1__00026.wav,lsp-hardclip,les_neck_fing04,0.0018697977,les_neck_pick05__d4t0__00020.wav,pedalboard-tanh,5,4,1,0,25.79865436059077,21.61638024087312
les_neck_fing04__d5t2__00027.wav,lsp-hardclip,les_neck_fing04,0.0032860637,les_bridge_pick17__d4t2__00022.wav,lsp-arctan,5,4,2,2,25.79865436059077,21.613326710488973
les_neck_fing04__d5t3__00028.wav,lsp-hardclip,les_neck_fing04,0.002511859,les_bridge_pick17__d4t3__00023.wav,lsp-tanh,5,4,3,3,25.79865436059077,21.61115826291455
les_neck_fing04__d5t4__00029.wav,lsp-hardclip,les_neck_fing04,0.003478527,les_neck_pick11__d4t4__00024.wav,byod-mxr,5,4,4,4,25.79865436059077,21.62039317761596
les_neck_fing04__d6t0__00030.wav,lsp-hardclip,les_neck_fing04,0.0022073388,les_bridge_fing24__d1t2__00007.wav,byod-bigmuff,6,1,0,2,29.908667593492765,9.126662172709777
les_neck_fing04__d6t1__00031.wav,lsp-hardclip,les_neck_fing04,0.0046571493,les_neck_pick12__d7t0__00035.wav,lsp-arctan,6,7,1,0,29.908667593492765,34.09435618625095
les_neck_fing04__d6t2__00032.wav,lsp-hardclip,les_neck_fing04,0.0019704103,les_neck_pick21__d6t1__00031.wav,pedalboard-tanh,6,6,2,1,29.908667593492765,29.92239131554786
les_neck_fing04__d6t3__00033.wav,lsp-hardclip,les_neck_fing04,0.0034980774,les_bridge_fing17__d6t2__00032.wav,byod-mxr,6,6,3,2,29.908667593492765,29.91150927100104
les_neck_fing04__d6t4__00034.wav,lsp-hardclip,les_neck_fing04,0.0035743117,les_bridge_fing21__d6t4__00034.wav,lsp-sine,6,6,4,4,29.908667593492765,29.915327656251563
les_neck_fing04__d7t0__00035.wav,lsp-hardclip,les_neck_fing04,0.0023739934,les_neck_pick02__d7t0__00035.wav,lsp-sine,7,7,0,0,34.07942205160116,34.094517939627885
les_neck_fing04__d7t1__00036.wav,lsp-hardclip,les_neck_fing04,0.0052372217,les_bridge_pick17__d7t1__00036.wav,byod-bigmuff,7,7,1,1,34.07942205160116,34.074932620854284
les_neck_fing04__d7t2__00037.wav,lsp-hardclip,les_neck_fing04,0.0041196942,les_bridge_pick25__d7t2__00037.wav,lsp-arctan,7,7,2,2,34.07942205160116,34.09435618625095
les_neck_fing04__d7t3__00038.wav,lsp-hardclip,les_neck_fing04,0.0037034154,les_bridge_pick22__d7t4__00039.wav,byod-mxr,7,7,3,4,34.07942205160116,34.08156088036171
les_neck_fing04__d7t4__00039.wav,lsp-hardclip,les_neck_fing04,0.0028474927,les_bridge_pick25__d7t4__00039.wav,lsp-tanh,7,7,4,4,34.07942205160116,34.0729352593394
les_neck_fing09__d0t0__00000.wav,lsp-hardclip,les_neck_fing09,0.0018203855,les_neck_pick12__d0t0__00000.wav,lsp-sine,0,0,0,0,5.063331073032135,5.041347474059023
les_neck_fing09__d0t1__00001.wav,lsp-hardclip,les_neck_fing09,0.0007688999,les_bridge_pick16__d2t1__00011.wav,lsp-tanh,0,2,1,1,5.063331073032135,13.297259315581634
les_neck_fing09__d0t2__00002.wav,lsp-hardclip,les_neck_fing09,0.0018572211,les_bridge_pick25__d0t2__00002.wav,pedalboard-tanh,0,0,2,2,5.063331073032135,5.0
les_neck_fing09__d0t3__00003.wav,lsp-hardclip,les_neck_fing09,0.0022656322,les_bridge_pick16__d0t4__00004.wav,byod-mxr,0,0,3,4,5.063331073032135,5.0
les_neck_fing09__d0t4__00004.wav,lsp-hardclip,les_neck_fing09,0.0030044913,les_neck_pick04__d1t3__00008.wav,lsp-sine,0,1,4,3,5.063331073032135,9.202349861352678
les_neck_fing09__d1t0__00005.wav,lsp-hardclip,les_neck_fing09,0.0014616251,les_neck_pick12__d1t0__00005.wav,pedalboard-tanh,1,1,0,0,9.35456396552498,9.146047429418331
les_neck_fing09__d1t1__00006.wav,lsp-hardclip,les_neck_fing09,0.0013851523,les_bridge_pick16__d2t1__00011.wav,lsp-tanh,1,2,1,1,9.35456396552498,13.297259315581634
les_neck_fing09__d1t2__00007.wav,lsp-hardclip,les_neck_fing09,0.0008658767,les_neck_pick02__d1t1__00006.wav,lsp-tanh,1,1,2,1,9.35456396552498,9.088421535688989
les_neck_fing09__d1t3__00008.wav,lsp-hardclip,les_neck_fing09,0.0036203861,les_neck_pick04__d2t2__00012.wav,lsp-arctan,1,2,3,2,9.35456396552498,13.270071970821393
les_neck_fing09__d1t4__00009.wav,lsp-hardclip,les_neck_fing09,0.00525558,les_neck_pick21__d2t2__00012.wav,lsp-tanh,1,2,4,2,9.35456396552498,13.297259315581634
les_neck_fing09__d2t0__00010.wav,lsp-hardclip,les_neck_fing09,0.0019832253,les_neck_fing15__d2t0__00010.wav,byod-bigmuff,2,2,0,0,13.55142968534178,13.312631977514853
les_neck_fing09__d2t1__00011.wav,lsp-hardclip,les_neck_fing09,0.0033051968,les_bridge_pick16__d2t1__00011.wav,lsp-sine,2,2,1,1,13.55142968534178,13.251366385956809
les_neck_fing09__d2t2__00012.wav,lsp-hardclip,les_neck_fing09,0.0022479892,les_neck_pick02__d1t1__00006.wav,byod-mxr,2,1,2,1,13.55142968534178,9.107670514338215
les_neck_fing09__d2t3__00013.wav,lsp-hardclip,les_neck_fing09,0.004187703,les_neck_pick04__d2t2__00012.wav,lsp-sine,2,2,3,2,13.55142968534178,13.251366385956809
les_neck_fing09__d2t4__00014.wav,lsp-hardclip,les_neck_fing09,0.005445659,les_bridge_pick17__d1t4__00009.wav,byod-mxr,2,1,4,4,13.55142968534178,9.107670514338215
les_neck_fing09__d3t0__00015.wav,lsp-hardclip,les_neck_fing09,0.0016306043,les_neck_pick12__d2t0__00010.wav,lsp-sine,3,2,0,0,17.563088337099366,13.251366385956809
les_neck_fing09__d3t1__00016.wav,lsp-hardclip,les_neck_fing09,0.0030773878,les_neck_pick03__d2t0__00010.wav,lsp-sine,3,2,1,0,17.563088337099366,13.251366385956809
les_neck_fing09__d3t2__00017.wav,lsp-hardclip,les_neck_fing09,0.0012561083,les_bridge_pick16__d3t2__00017.wav,lsp-sine,3,3,2,2,17.563088337099366,17.46073355198249
les_neck_fing09__d3t3__00018.wav,lsp-hardclip,les_neck_fing09,0.001924932,les_bridge_pick16__d3t3__00018.wav,lsp-tanh,3,3,3,3,17.563088337099366,17.426284440144894
les_neck_fing09__d3t4__00019.wav,lsp-hardclip,les_neck_fing09,0.0064802766,les_neck_pick09__d1t3__00008.wav,lsp-arctan,3,1,4,3,17.563088337099366,9.170316408518453
les_neck_fing09__d4t0__00020.wav,lsp-hardclip,les_neck_fing09,0.0005623102,les_neck_pick12__d3t0__00015.wav,byod-mxr,4,3,0,0,21.54643860361127,17.452308155418716
les_neck_fing09__d4t1__00021.wav,lsp-hardclip,les_neck_fing09,0.0030602813,les_neck_pick12__d4t1__00021.wav,lsp-sine,4,4,1,1,21.54643860361127,21.652716208419097
les_neck_fing09__d4t2__00022.wav,lsp-hardclip,les_neck_fing09,0.0036219358,les_neck_pick09__d2t3__00013.wav,byod-bigmuff,4,2,2,3,21.54643860361127,13.312631977514853
les_neck_fing09__d4t3__00023.wav,lsp-hardclip,les_neck_fing09,0.0033809543,les_bridge_pick17__d3t3__00018.wav,lsp-arctan,4,3,3,3,21.54643860361127,17.436825605717576
les_neck_fing09__d4t4__00024.wav,lsp-hardclip,les_neck_fing09,0.005047977,les_neck_pick21__d3t2__00017.wav,lsp-sine,4,3,4,2,21.54643860361127,17.46073355198249
les_neck_fing09__d5t0__00025.wav,lsp-hardclip,les_neck_fing09,0.0025217533,les_bridge_fing24__d2t0__00010.wav,byod-bigmuff,5,2,0,0,25.79865436059077,13.312631977514853
les_neck_fing09__d5t1__00026.wav,lsp-hardclip,les_neck_fing09,0.0026856065,les_bridge_pick22__d4t1__00021.wav,lsp-arctan,5,4,1,1,25.79865436059077,21.613326710488973
les_neck_fing09__d5t2__00027.wav,lsp-hardclip,les_neck_fing09,0.004517615,les_neck_pick02__d4t1__00021.wav,lsp-sine,5,4,2,1,25.79865436059077,21.652716208419097
les_neck_fing09__d5t3__00028.wav,lsp-hardclip,les_neck_fing09,0.0019484758,les_neck_pick04__d4t2__00022.wav,lsp-sine,5,4,3,2,25.79865436059077,21.652716208419097
les_neck_fing09__d5t4__00029.wav,lsp-hardclip,les_neck_fing09,0.0033878088,les_bridge_pick22__d4t4__00024.wav,lsp-arctan,5,4,4,4,25.79865436059077,21.613326710488973
les_neck_fing09__d6t0__00030.wav,lsp-hardclip,les_neck_fing09,0.0025321841,les_bridge_fing24__d2t1__00011.wav,byod-bigmuff,6,2,0,1,29.908667593492765,13.312631977514853
les_neck_fing09__d6t1__00031.wav,lsp-hardclip,les_neck_fing09,0.004825413,les_neck_pick02__d3t2__00017.wav,byod-bigmuff,6,3,1,2,29.908667593492765,17.442946393617085
les_neck_fing09__d6t2__00032.wav,lsp-hardclip,les_neck_fing09,0.0046033263,les_neck_pick03__d6t1__00031.wav,lsp-tanh,6,6,2,1,29.908667593492765,29.89601395521624
les_neck_fing09__d6t3__00033.wav,lsp-hardclip,les_neck_fing09,0.005455315,les_neck_fing01__d5t2__00027.wav,byod-bigmuff,6,5,3,2,29.908667593492765,25.77210742134771
les_neck_fing09__d6t4__00034.wav,lsp-hardclip,les_neck_fing09,0.0051105022,les_bridge_pick17__d5t3__00028.wav,lsp-tanh,6,5,4,3,29.908667593492765,25.766463780707188
les_neck_fing09__d7t0__00035.wav,lsp-hardclip,les_neck_fing09,0.008889914,les_neck_pick02__d6t0__00030.wav,byod-bigmuff,7,6,0,0,34.07942205160116,29.9151414217934
les_neck_fing09__d7t1__00036.wav,lsp-hardclip,les_neck_fing09,0.0031533837,les_bridge_fing24__d7t0__00035.wav,lsp-tanh,7,7,1,0,34.07942205160116,34.0729352593394
les_neck_fing09__d7t2__00037.wav,lsp-hardclip,les_neck_fing09,0.0043563843,les_bridge_fing21__d4t4__00024.wav,byod-bigmuff,7,4,2,4,34.07942205160116,21.5884141303546
les_neck_fing09__d7t3__00038.wav,lsp-hardclip,les_neck_fing09,0.0020526052,les_bridge_pick25__d6t3__00033.wav,lsp-sine,7,6,3,3,34.07942205160116,29.915327656251563
les_neck_fing09__d7t4__00039.wav,lsp-hardclip,les_neck_fing09,0.0034738183,les_bridge_fing17__d7t2__00037.wav,lsp-sine,7,7,4,2,34.07942205160116,34.094517939627885
les_neck_fing11__d0t0__00000.wav,lsp-hardclip,les_neck_fing11,0.00116992,les_neck_fing15__d0t0__00000.wav,byod-bigmuff,0,0,0,0,5.063331073032135,5.044777586688817
les_neck_fing11__d0t1__00001.wav,lsp-hardclip,les_neck_fing11,0.0042081475,les_neck_pick12__d2t0__00010.wav,lsp-arctan,0,2,1,0,5.063331073032135,13.270071970821393
les_neck_fing11__d0t2__00002.wav,lsp-hardclip,les_neck_fing11,0.0008609295,les_neck_pick02__d1t0__00005.wav,pedalboard-tanh,0,1,2,0,5.063331073032135,9.146047429418331
les_neck_fing11__d0t3__00003.wav,lsp-hardclip,les_neck_fing11,0.0015153289,les_bridge_pick16__d1t3__00008.wav,lsp-sine,0,1,3,3,5.063331073032135,9.202349861352678
les_neck_fing11__d0t4__00004.wav,lsp-hardclip,les_neck_fing11,0.0038050413,les_bridge_pick16__d0t4__00004.wav,lsp-arctan,0,0,4,4,5.063331073032135,5.005872107125804
les_neck_fing11__d1t0__00005.wav,lsp-hardclip,les_neck_fing11,0.0010867715,les_neck_fing15__d1t0__00005.wav,byod-bigmuff,1,1,0,0,9.35456396552498,9.126662172709777
les_neck_fing11__d1t1__00006.wav,lsp-hardclip,les_neck_fing11,0.00227803,les_bridge_pick16__d3t0__00015.wav,lsp-arctan,1,3,1,0,9.35456396552498,17.436825605717576
les_neck_fing11__d1t2__00007.wav,lsp-hardclip,les_neck_fing11,0.00065732,les_neck_pick02__d1t0__00005.wav,byod-mxr,1,1,2,0,9.35456396552498,9.107670514338215
les_neck_fing11__d1t3__00008.wav,lsp-hardclip,les_neck_fing11,0.0008878708,les_neck_pick02__d0t1__00001.wav,byod-mxr,1,0,3,1,9.35456396552498,5.0
les_neck_fing11__d1t4__00009.wav,lsp-hardclip,les_neck_fing11,0.0026213527,les_bridge_pick16__d2t3__00013.wav,byod-mxr,1,2,4,3,9.35456396552498,13.292365801948186
les_neck_fing11__d2t0__00010.wav,lsp-hardclip,les_neck_fing11,0.0008762479,les_neck_fing15__d1t0__00005.wav,byod-bigmuff,2,1,0,0,13.55142968534178,9.126662172709777
les_neck_fing11__d2t1__00011.wav,lsp-hardclip,les_neck_fing11,0.0005322695,les_bridge_pick16__d3t0__00015.wav,pedalboard-tanh,2,3,1,0,13.55142968534178,17.454399305827287
les_neck_fing11__d2t2__00012.wav,lsp-hardclip,les_neck_fing11,0.0014119148,les_bridge_pick16__d3t1__00016.wav,byod-mxr,2,3,2,1,13.55142968534178,17.452308155418716
les_neck_fing11__d2t3__00013.wav,lsp-hardclip,les_neck_fing11,0.0023819804,les_neck_pick12__d2t4__00014.wav,lsp-tanh,2,2,3,4,13.55142968534178,13.297259315581634
les_neck_fing11__d2t4__00014.wav,lsp-hardclip,les_neck_fing11,0.008157849,les_bridge_fing20__d1t4__00009.wav,pedalboard-tanh,2,1,4,4,13.55142968534178,9.146047429418331
les_neck_fing11__d3t0__00015.wav,lsp-hardclip,les_neck_fing11,0.001306951,les_neck_fing15__d1t0__00005.wav,byod-bigmuff,3,1,0,0,17.563088337099366,9.126662172709777
les_neck_fing11__d3t1__00016.wav,lsp-hardclip,les_neck_fing11,0.0019347668,les_bridge_pick22__d2t0__00010.wav,byod-mxr,3,2,1,0,17.563088337099366,13.292365801948186
les_neck_fing11__d3t2__00017.wav,lsp-hardclip,les_neck_fing11,0.0006453395,les_neck_pick21__d3t0__00015.wav,byod-mxr,3,3,2,0,17.563088337099366,17.452308155418716
les_neck_fing11__d3t3__00018.wav,lsp-hardclip,les_neck_fing11,0.006869197,les_neck_pick21__d3t1__00016.wav,lsp-sine,3,3,3,1,17.563088337099366,17.46073355198249
les_neck_fing11__d3t4__00019.wav,lsp-hardclip,les_neck_fing11,0.011907041,les_bridge_pick16__d3t3__00018.wav,lsp-sine,3,3,4,3,17.563088337099366,17.46073355198249
les_neck_fing11__d4t0__00020.wav,lsp-hardclip,les_neck_fing11,0.0018630624,les_neck_fing15__d2t0__00010.wav,byod-bigmuff,4,2,0,0,21.54643860361127,13.312631977514853
les_neck_fing11__d4t1__00021.wav,lsp-hardclip,les_neck_fing11,0.0016448498,les_neck_pick11__d1t0__00005.wav,lsp-tanh,4,1,1,0,21.54643860361127,9.088421535688989
les_neck_fing11__d4t2__00022.wav,lsp-hardclip,les_neck_fing11,0.0020244718,les_bridge_pick16__d4t1__00021.wav,lsp-sine,4,4,2,1,21.54643860361127,21.652716208419097
les_neck_fing11__d4t3__00023.wav,lsp-hardclip,les_neck_fing11,0.0049033165,les_neck_pick09__d2t4__00014.wav,byod-bigmuff,4,2,3,4,21.54643860361127,13.312631977514853
les_neck_fing11__d4t4__00024.wav,lsp-hardclip,les_neck_fing11,0.0055401325,les_bridge_pick16__d5t2__00027.wav,lsp-tanh,4,5,4,2,21.54643860361127,25.766463780707188
les_neck_fing11__d5t0__00025.wav,lsp-hardclip,les_neck_fing11,0.0014600754,les_bridge_fing20__d0t0__00000.wav,byod-bigmuff,5,0,0,0,25.79865436059077,5.044777586688817
les_neck_fing11__d5t1__00026.wav,lsp-hardclip,les_neck_fing11,0.005240977,les_bridge_fing24__d5t0__00025.wav,pedalboard-tanh,5,5,1,0,25.79865436059077,25.782351420955937
les_neck_fing11__d5t2__00027.wav,lsp-hardclip,les_neck_fing11,0.00712204,les_neck_fing01__d5t0__00025.wav,pedalboard-tanh,5,5,2,0,25.79865436059077,25.782351420955937
les_neck_fing11__d5t3__00028.wav,lsp-hardclip,les_neck_fing11,0.004884422,les_bridge_fing20__d5t2__00027.wav,byod-mxr,5,5,3,2,25.79865436059077,25.779078975465445
les_neck_fing11__d5t4__00029.wav,lsp-hardclip,les_neck_fing11,0.004743457,les_bridge_fing20__d2t4__00014.wav,byod-bigmuff,5,2,4,4,25.79865436059077,13.312631977514853
les_neck_fing11__d6t0__00030.wav,lsp-hardclip,les_neck_fing11,0.0016553998,les_bridge_fing24__d1t1__00006.wav,byod-bigmuff,6,1,0,1,29.908667593492765,9.126662172709777
les_neck_fing11__d6t1__00031.wav,lsp-hardclip,les_neck_fing11,0.0036571622,les_neck_pick02__d3t2__00017.wav,byod-bigmuff,6,3,1,2,29.908667593492765,17.442946393617085
les_neck_fing11__d6t2__00032.wav,lsp-hardclip,les_neck_fing11,0.003960192,les_neck_pick03__d6t1__00031.wav,lsp-arctan,6,6,2,1,29.908667593492765,29.91872954355242
les_neck_fing11__d6t3__00033.wav,lsp-hardclip,les_neck_fing11,0.0022304654,les_neck_pick12__d4t4__00024.wav,byod-bigmuff,6,4,3,4,29.908667593492765,21.5884141303546
les_neck_fing11__d6t4__00034.wav,lsp-hardclip,les_neck_fing11,0.004148066,les_bridge_fing20__d3t4__00019.wav,byod-bigmuff,6,3,4,4,29.908667593492765,17.442946393617085
les_neck_fing11__d7t0__00035.wav,lsp-hardclip,les_neck_fing11,0.008991718,les_bridge_pick22__d6t1__00031.wav,lsp-arctan,7,6,0,1,34.07942205160116,29.91872954355242
les_neck_fing11__d7t1__00036.wav,lsp-hardclip,les_neck_fing11,0.005335748,les_bridge_pick25__d6t1__00031.wav,pedalboard-tanh,7,6,1,1,34.07942205160116,29.92239131554786
les_neck_fing11__d7t2__00037.wav,lsp-hardclip,les_neck_fing11,0.0038537383,les_neck_pick09__d6t2__00032.wav,lsp-tanh,7,6,2,2,34.07942205160116,29.89601395521624
les_neck_fing11__d7t3__00038.wav,lsp-hardclip,les_neck_fing11,0.00444746,les_neck_pick04__d6t2__00032.wav,lsp-tanh,7,6,3,2,34.07942205160116,29.89601395521624
les_neck_fing11__d7t4__00039.wav,lsp-hardclip,les_neck_fing11,0.0037447214,les_bridge_pick22__d6t4__00034.wav,lsp-sine,7,6,4,4,34.07942205160116,29.915327656251563
les_neck_fing16__d0t0__00000.wav,lsp-hardclip,les_neck_fing16,0.0027944446,les_neck_pick12__d0t0__00000.wav,pedalboard-tanh,0,0,0,0,5.063331073032135,5.0
les_neck_fing16__d0t1__00001.wav,lsp-hardclip,les_neck_fing16,0.0012544394,les_neck_pick12__d1t0__00005.wav,lsp-arctan,0,1,1,0,5.063331073032135,9.170316408518453
les_neck_fing16__d0t2__00002.wav,lsp-hardclip,les_neck_fing16,0.00020176172,les_neck_pick12__d1t1__00006.wav,pedalboard-tanh,0,1,2,1,5.063331073032135,9.146047429418331
les_neck_fing16__d0t3__00003.wav,lsp-hardclip,les_neck_fing16,0.0012837052,les_bridge_pick16__d2t1__00011.wav,lsp-sine,0,2,3,1,5.063331073032135,13.251366385956809
les_neck_fing16__d0t4__00004.wav,lsp-hardclip,les_neck_fing16,0.004905343,les_bridge_pick16__d3t1__00016.wav,byod-mxr,0,3,4,1,5.063331073032135,17.452308155418716
les_neck_fing16__d1t0__00005.wav,lsp-hardclip,les_neck_fing16,0.0018734932,les_neck_pick12__d0t0__00000.wav,pedalboard-tanh,1,0,0,0,9.35456396552498,5.0
les_neck_fing16__d1t1__00006.wav,lsp-hardclip,les_neck_fing16,0.0013960004,les_neck_pick12__d1t0__00005.wav,byod-mxr,1,1,1,0,9.35456396552498,9.107670514338215
les_neck_fing16__d1t2__00007.wav,lsp-hardclip,les_neck_fing16,0.00026535988,les_bridge_pick16__d3t0__00015.wav,lsp-sine,1,3,2,0,9.35456396552498,17.46073355198249
les_neck_fing16__d1t3__00008.wav,lsp-hardclip,les_neck_fing16,0.0029494762,les_bridge_pick16__d2t1__00011.wav,lsp-sine,1,2,3,1,9.35456396552498,13.251366385956809
les_neck_fing16__d1t4__00009.wav,lsp-hardclip,les_neck_fing16,0.004090786,les_bridge_pick16__d3t1__00016.wav,byod-mxr,1,3,4,1,9.35456396552498,17.452308155418716
les_neck_fing16__d2t0__00010.wav,lsp-hardclip,les_neck_fing16,0.0016643405,les_neck_pick12__d0t0__00000.wav,pedalboard-tanh,2,0,0,0,13.55142968534178,5.0
les_neck_fing16__d2t1__00011.wav,lsp-hardclip,les_neck_fing16,0.0021758676,les_neck_pick12__d2t0__00010.wav,lsp-tanh,2,2,1,0,13.55142968534178,13.297259315581634
les_neck_fing16__d2t2__00012.wav,lsp-hardclip,les_neck_fing16,0.0010781288,les_bridge_pick16__d3t0__00015.wav,pedalboard-tanh,2,3,2,0,13.55142968534178,17.454399305827287
les_neck_fing16__d2t3__00013.wav,lsp-hardclip,les_neck_fing16,0.005301118,les_neck_pick09__d0t0__00000.wav,lsp-tanh,2,0,3,0,13.55142968534178,5.0
les_neck_fing16__d2t4__00014.wav,lsp-hardclip,les_neck_fing16,0.010266125,les_neck_pick03__d2t1__00011.wav,byod-bigmuff,2,2,4,1,13.55142968534178,13.312631977514853
les_neck_fing16__d3t0__00015.wav,lsp-hardclip,les_neck_fing16,0.0008736253,les_neck_pick12__d0t0__00000.wav,pedalboard-tanh,3,0,0,0,17.563088337099366,5.0
les_neck_fing16__d3t1__00016.wav,lsp-hardclip,les_neck_fing16,0.00027930737,les_neck_pick12__d2t0__00010.wav,byod-mxr,3,2,1,0,17.563088337099366,13.292365801948186
les_neck_fing16__d3t2__00017.wav,lsp-hardclip,les_neck_fing16,0.0022810102,les_neck_pick21__d0t1__00001.wav,byod-bigmuff,3,0,2,1,17.563088337099366,5.044777586688817
les_neck_fing16__d3t3__00018.wav,lsp-hardclip,les_neck_fing16,0.0043511987,les_neck_pick12__d5t0__00025.wav,lsp-arctan,3,5,3,0,17.563088337099366,25.788497067568912
les_neck_fing16__d3t4__00019.wav,lsp-hardclip,les_neck_fing16,0.0076013207,les_bridge_fing21__d5t0__00025.wav,byod-bigmuff,3,5,4,0,17.563088337099366,25.77210742134771
les_neck_fing16__d4t0__00020.wav,lsp-hardclip,les_neck_fing16,0.0020130873,les_neck_pick12__d0t0__00000.wav,byod-mxr,4,0,0,0,21.54643860361127,5.0
les_neck_fing16__d4t1__00021.wav,lsp-hardclip,les_neck_fing16,0.0015946031,les_bridge_pick22__d0t0__00000.wav,byod-bigmuff,4,0,1,0,21.54643860361127,5.044777586688817
les_neck_fing16__d4t2__00022.wav,lsp-hardclip,les_neck_fing16,0.001283288,les_neck_pick12__d4t0__00020.wav,pedalboard-tanh,4,4,2,0,21.54643860361127,21.61638024087312
les_neck_fing16__d4t3__00023.wav,lsp-hardclip,les_neck_fing16,0.0059702992,les_neck_pick02__d2t1__00011.wav,byod-bigmuff,4,2,3,1,21.54643860361127,13.312631977514853
les_neck_fing16__d4t4__00024.wav,lsp-hardclip,les_neck_fing16,0.006152034,les_neck_pick04__d4t1__00021.wav,byod-bigmuff,4,4,4,1,21.54643860361127,21.5884141303546
les_neck_fing16__d5t0__00025.wav,lsp-hardclip,les_neck_fing16,0.00064331293,les_neck_pick11__d1t0__00005.wav,byod-bigmuff,5,1,0,0,25.79865436059077,9.126662172709777
les_neck_fing16__d5t1__00026.wav,lsp-hardclip,les_neck_fing16,0.0006248355,les_neck_pick03__d1t0__00005.wav,byod-bigmuff,5,1,1,0,25.79865436059077,9.126662172709777
les_neck_fing16__d5t2__00027.wav,lsp-hardclip,les_neck_fing16,0.0020133853,les_bridge_fing21__d5t0__00025.wav,lsp-arctan,5,5,2,0,25.79865436059077,25.788497067568912
les_neck_fing16__d5t3__00028.wav,lsp-hardclip,les_neck_fing16,0.0055317283,les_neck_pick14__d6t0__00030.wav,byod-bigmuff,5,6,3,0,25.79865436059077,29.9151414217934
les_neck_fing16__d5t4__00029.wav,lsp-hardclip,les_neck_fing16,0.0054377913,les_bridge_fing20__d6t0__00030.wav,lsp-arctan,5,6,4,0,25.79865436059077,29.91872954355242
les_neck_fing16__d6t0__00030.wav,lsp-hardclip,les_neck_fing16,0.00083583593,les_neck_pick03__d0t0__00000.wav,byod-bigmuff,6,0,0,0,29.908667593492765,5.044777586688817
les_neck_fing16__d6t1__00031.wav,lsp-hardclip,les_neck_fing16,0.002288103,les_neck_pick02__d4t0__00020.wav,byod-bigmuff,6,4,1,0,29.908667593492765,21.5884141303546
les_neck_fing16__d6t2__00032.wav,lsp-hardclip,les_neck_fing16,0.004896879,les_neck_pick02__d6t0__00030.wav,byod-bigmuff,6,6,2,0,29.908667593492765,29.9151414217934
les_neck_fing16__d6t3__00033.wav,lsp-hardclip,les_neck_fing16,0.006532371,les_bridge_fing24__d7t0__00035.wav,lsp-arctan,6,7,3,0,29.908667593492765,34.09435618625095
les_neck_fing16__d6t4__00034.wav,lsp-hardclip,les_neck_fing16,0.011914551,les_bridge_fing20__d7t0__00035.wav,lsp-sine,6,7,4,0,29.908667593492765,34.094517939627885
les_neck_fing16__d7t0__00035.wav,lsp-hardclip,les_neck_fing16,0.003933072,les_neck_pick02__d5t0__00025.wav,byod-bigmuff,7,5,0,0,34.07942205160116,25.77210742134771
les_neck_fing16__d7t1__00036.wav,lsp-hardclip,les_neck_fing16,0.005893111,les_bridge_pick22__d7t0__00035.wav,lsp-sine,7,7,1,0,34.07942205160116,34.094517939627885
les_neck_fing16__d7t2__00037.wav,lsp-hardclip,les_neck_fing16,0.003941834,les_neck_pick07__d7t2__00037.wav,lsp-arctan,7,7,2,2,34.07942205160116,34.09435618625095
les_neck_fing16__d7t3__00038.wav,lsp-hardclip,les_neck_fing16,0.011459112,les_neck_pick07__d7t3__00038.wav,lsp-arctan,7,7,3,3,34.07942205160116,34.09435618625095
les_neck_fing16__d7t4__00039.wav,lsp-hardclip,les_neck_fing16,0.0073252916,les_neck_pick07__d7t4__00039.wav,lsp-sine,7,7,4,4,34.07942205160116,34.094517939627885
les_neck_fing18__d0t0__00000.wav,lsp-hardclip,les_neck_fing18,0.0012153983,les_neck_pick12__d2t1__00011.wav,byod-mxr,0,2,0,1,5.063331073032135,13.292365801948186
les_neck_fing18__d0t1__00001.wav,lsp-hardclip,les_neck_fing18,0.0006915331,les_bridge_pick16__d2t2__00012.wav,lsp-tanh,0,2,1,2,5.063331073032135,13.297259315581634
les_neck_fing18__d0t2__00002.wav,lsp-hardclip,les_neck_fing18,0.0015896559,les_bridge_pick16__d2t3__00013.wav,lsp-tanh,0,2,2,3,5.063331073032135,13.297259315581634
les_neck_fing18__d0t3__00003.wav,lsp-hardclip,les_neck_fing18,0.0023980737,les_bridge_pick22__d1t4__00009.wav,lsp-sine,0,1,3,4,5.063331073032135,9.202349861352678
les_neck_fing18__d0t4__00004.wav,lsp-hardclip,les_neck_fing18,0.0031244755,les_neck_fing01__d0t3__00003.wav,byod-mxr,0,0,4,3,5.063331073032135,5.0
les_neck_fing18__d1t0__00005.wav,lsp-hardclip,les_neck_fing18,0.0017303824,les_neck_pick12__d2t1__00011.wav,byod-mxr,1,2,0,1,9.35456396552498,13.292365801948186
les_neck_fing18__d1t1__00006.wav,lsp-hardclip,les_neck_fing18,0.0011531711,les_neck_pick05__d0t0__00000.wav,byod-mxr,1,0,1,0,9.35456396552498,5.0
les_neck_fing18__d1t2__00007.wav,lsp-hardclip,les_neck_fing18,0.0015449524,les_neck_pick05__d0t1__00001.wav,byod-mxr,1,0,2,1,9.35456396552498,5.0
les_neck_fing18__d1t3__00008.wav,lsp-hardclip,les_neck_fing18,0.0031530857,les_bridge_pick22__d1t4__00009.wav,lsp-sine,1,1,3,4,9.35456396552498,9.202349861352678
les_neck_fing18__d1t4__00009.wav,lsp-hardclip,les_neck_fing18,0.0026867986,les_neck_fing01__d1t3__00008.wav,lsp-tanh,1,1,4,3,9.35456396552498,9.088421535688989
les_neck_fing18__d2t0__00010.wav,lsp-hardclip,les_neck_fing18,0.0014789104,les_neck_pick09__d0t0__00000.wav,lsp-tanh,2,0,0,0,13.55142968534178,5.0
les_neck_fing18__d2t1__00011.wav,lsp-hardclip,les_neck_fing18,0.0012489557,les_neck_pick05__d0t0__00000.wav,byod-mxr,2,0,1,0,13.55142968534178,5.0
les_neck_fing18__d2t2__00012.wav,lsp-hardclip,les_neck_fing18,0.0019728541,les_neck_pick05__d0t1__00001.wav,byod-mxr,2,0,2,1,13.55142968534178,5.0
les_neck_fing18__d2t3__00013.wav,lsp-hardclip,les_neck_fing18,0.00391376,les_neck_pick21__d2t2__00012.wav,pedalboard-tanh,2,2,3,2,13.55142968534178,13.296816138037473
les_neck_fing18__d2t4__00014.wav,lsp-hardclip,les_neck_fing18,0.003561318,les_neck_fing01__d1t3__00008.wav,lsp-sine,2,1,4,3,13.55142968534178,9.202349861352678
les_neck_fing18__d3t0__00015.wav,lsp-hardclip,les_neck_fing18,0.0013217926,les_neck_pick12__d3t1__00016.wav,pedalboard-tanh,3,3,0,1,17.563088337099366,17.454399305827287
les_neck_fing18__d3t1__00016.wav,lsp-hardclip,les_neck_fing18,0.003255844,les_neck_pick09__d0t1__00001.wav,byod-mxr,3,0,1,1,17.563088337099366,5.0
les_neck_fing18__d3t2__00017.wav,lsp-hardclip,les_neck_fing18,0.004054308,les_neck_pick21__d3t1__00016.wav,lsp-arctan,3,3,2,1,17.563088337099366,17.436825605717576
les_neck_fing18__d3t3__00018.wav,lsp-hardclip,les_neck_fing18,0.0052535534,les_neck_pick11__d0t3__00003.wav,lsp-sine,3,0,3,3,17.563088337099366,5.041347474059023
les_neck_fing18__d3t4__00019.wav,lsp-hardclip,les_neck_fing18,0.005487621,les_neck_pick11__d0t4__00004.wav,pedalboard-tanh,3,0,4,4,17.563088337099366,5.0
les_neck_fing18__d4t0__00020.wav,lsp-hardclip,les_neck_fing18,0.0033764243,les_neck_pick12__d5t0__00025.wav,lsp-sine,4,5,0,0,21.54643860361127,25.7855895742644
les_neck_fing18__d4t1__00021.wav,lsp-hardclip,les_neck_fing18,0.0032206178,les_neck_pick21__d4t0__00020.wav,pedalboard-tanh,4,4,1,0,21.54643860361127,21.61638024087312
les_neck_fing18__d4t2__00022.wav,lsp-hardclip,les_neck_fing18,0.0028004646,les_bridge_fing24__d3t4__00019.wav,pedalboard-tanh,4,3,2,4,21.54643860361127,17.454399305827287
les_neck_fing18__d4t3__00023.wav,lsp-hardclip,les_neck_fing18,0.004791379,les_bridge_pick22__d3t4__00019.wav,lsp-sine,4,3,3,4,21.54643860361127,17.46073355198249
les_neck_fing18__d4t4__00024.wav,lsp-hardclip,les_neck_fing18,0.0037403703,les_neck_pick11__d4t4__00024.wav,lsp-sine,4,4,4,4,21.54643860361127,21.652716208419097
les_neck_fing18__d5t0__00025.wav,lsp-hardclip,les_neck_fing18,0.0028835535,les_bridge_pick17__d4t0__00020.wav,lsp-arctan,5,4,0,0,25.79865436059077,21.613326710488973
les_neck_fing18__d5t1__00026.wav,lsp-hardclip,les_neck_fing18,0.0028309226,les_neck_pick21__d5t0__00025.wav,lsp-tanh,5,5,1,0,25.79865436059077,25.766463780707188
les_neck_fing18__d5t2__00027.wav,lsp-hardclip,les_neck_fing18,0.0026681423,les_neck_pick21__d5t1__00026.wav,lsp-sine,5,5,2,1,25.79865436059077,25.7855895742644
les_neck_fing18__d5t3__00028.wav,lsp-hardclip,les_neck_fing18,0.0037888885,les_bridge_pick25__d4t4__00024.wav,lsp-tanh,5,4,3,4,25.79865436059077,21.61115826291455
les_neck_fing18__d5t4__00029.wav,lsp-hardclip,les_neck_fing18,0.005457878,les_bridge_pick22__d5t4__00029.wav,pedalboard-tanh,5,5,4,4,25.79865436059077,25.782351420955937
les_neck_fing18__d6t0__00030.wav,lsp-hardclip,les_neck_fing18,0.00235039,les_neck_pick02__d5t1__00026.wav,byod-bigmuff,6,5,0,1,29.908667593492765,25.77210742134771
les_neck_fing18__d6t1__00031.wav,lsp-hardclip,les_neck_fing18,0.0057168007,les_bridge_fing24__d6t1__00031.wav,lsp-sine,6,6,1,1,29.908667593492765,29.915327656251563
les_neck_fing18__d6t2__00032.wav,lsp-hardclip,les_neck_fing18,0.0034935474,les_bridge_pick25__d6t2__00032.wav,byod-mxr,6,6,2,2,29.908667593492765,29.91150927100104
les_neck_fing18__d6t3__00033.wav,lsp-hardclip,les_neck_fing18,0.0028079748,les_bridge_pick25__d5t4__00029.wav,lsp-arctan,6,5,3,4,29.908667593492765,25.788497067568912
les_neck_fing18__d6t4__00034.wav,lsp-hardclip,les_neck_fing18,0.004292667,les_bridge_fing21__d6t4__00034.wav,pedalboard-tanh,6,6,4,4,29.908667593492765,29.92239131554786
les_neck_fing18__d7t0__00035.wav,lsp-hardclip,les_neck_fing18,0.0037231445,les_neck_pick03__d7t0__00035.wav,pedalboard-tanh,7,7,0,0,34.07942205160116,34.075823464139134
les_neck_fing18__d7t1__00036.wav,lsp-hardclip,les_neck_fing18,0.0018984079,les_neck_pick02__d7t1__00036.wav,lsp-sine,7,7,1,1,34.07942205160116,34.094517939627885
les_neck_fing18__d7t2__00037.wav,lsp-hardclip,les_neck_fing18,0.0019620657,les_neck_pick09__d7t2__00037.wav,lsp-sine,7,7,2,2,34.07942205160116,34.094517939627885
les_neck_fing18__d7t3__00038.wav,lsp-hardclip,les_neck_fing18,0.0014361143,les_bridge_fing21__d7t3__00038.wav,lsp-tanh,7,7,3,3,34.07942205160116,34.0729352593394
les_neck_fing18__d7t4__00039.wav,lsp-hardclip,les_neck_fing18,0.0020563006,les_bridge_fing20__d7t3__00038.wav,pedalboard-tanh,7,7,4,3,34.07942205160116,34.075823464139134
les_neck_pick06__d0t0__00000.wav,lsp-hardclip,les_neck_pick06,0.005318463,les_neck_pick12__d0t0__00000.wav,lsp-sine,0,0,0,0,5.063331073032135,5.041347474059023
les_neck_pick06__d0t1__00001.wav,lsp-hardclip,les_neck_pick06,0.0012565851,les_bridge_pick16__d2t0__00010.wav,lsp-sine,0,2,1,0,5.063331073032135,13.251366385956809
les_neck_pick06__d0t2__00002.wav,lsp-hardclip,les_neck_pick06,0.0017851591,les_bridge_pick16__d2t1__00011.wav,pedalboard-tanh,0,2,2,1,5.063331073032135,13.296816138037473
les_neck_pick06__d0t3__00003.wav,lsp-hardclip,les_neck_pick06,0.001937747,les_neck_pick21__d3t0__00015.wav,lsp-arctan,0,3,3,0,5.063331073032135,17.436825605717576
les_neck_pick06__d0t4__00004.wav,lsp-hardclip,les_neck_pick06,0.0035487413,les_bridge_pick16__d2t2__00012.wav,byod-mxr,0,2,4,2,5.063331073032135,13.292365801948186
les_neck_pick06__d1t0__00005.wav,lsp-hardclip,les_neck_pick06,0.0040174723,les_neck_pick12__d0t0__00000.wav,lsp-sine,1,0,0,0,9.35456396552498,5.041347474059023
les_neck_pick06__d1t1__00006.wav,lsp-hardclip,les_neck_pick06,0.0006967783,les_bridge_pick16__d2t0__00010.wav,lsp-sine,1,2,1,0,9.35456396552498,13.251366385956809
les_neck_pick06__d1t2__00007.wav,lsp-hardclip,les_neck_pick06,0.0027012825,les_bridge_pick16__d2t1__00011.wav,lsp-sine,1,2,2,1,9.35456396552498,13.251366385956809
les_neck_pick06__d1t3__00008.wav,lsp-hardclip,les_neck_pick06,0.0010697842,les_neck_pick21__d3t0__00015.wav,lsp-arctan,1,3,3,0,9.35456396552498,17.436825605717576
les_neck_pick06__d1t4__00009.wav,lsp-hardclip,les_neck_pick06,0.005506873,les_neck_fing15__d5t0__00025.wav,byod-mxr,1,5,4,0,9.35456396552498,25.779078975465445
les_neck_pick06__d2t0__00010.wav,lsp-hardclip,les_neck_pick06,0.003444016,les_neck_pick12__d0t0__00000.wav,lsp-sine,2,0,0,0,13.55142968534178,5.041347474059023
les_neck_pick06__d2t1__00011.wav,lsp-hardclip,les_neck_pick06,0.0026408434,les_neck_pick12__d2t0__00010.wav,byod-mxr,2,2,1,0,13.55142968534178,13.292365801948186
les_neck_pick06__d2t2__00012.wav,lsp-hardclip,les_neck_pick06,0.0032925606,les_neck_pick03__d1t0__00005.wav,lsp-sine,2,1,2,0,13.55142968534178,9.202349861352678
les_neck_pick06__d2t3__00013.wav,lsp-hardclip,les_neck_pick06,0.010023177,les_bridge_pick16__d4t1__00021.wav,byod-mxr,2,4,3,1,13.55142968534178,21.62039317761596
les_neck_pick06__d2t4__00014.wav,lsp-hardclip,les_neck_pick06,0.007696986,les_neck_fing15__d6t0__00030.wav,lsp-sine,2,6,4,0,13.55142968534178,29.915327656251563
les_neck_pick06__d3t0__00015.wav,lsp-hardclip,les_neck_pick06,0.0032218099,les_neck_pick12__d0t0__00000.wav,lsp-sine,3,0,0,0,17.563088337099366,5.041347474059023
les_neck_pick06__d3t1__00016.wav,lsp-hardclip,les_neck_pick06,0.002341628,les_bridge_fing24__d2t0__00010.wav,byod-mxr,3,2,1,0,17.563088337099366,13.292365801948186
les_neck_pick06__d3t2__00017.wav,lsp-hardclip,les_neck_pick06,0.0032958984,les_neck_pick12__d5t0__00025.wav,lsp-tanh,3,5,2,0,17.563088337099366,25.766463780707188
les_neck_pick06__d3t3__00018.wav,lsp-hardclip,les_neck_pick06,0.0072205067,les_bridge_fing21__d4t1__00021.wav,byod-bigmuff,3,4,3,1,17.563088337099366,21.5884141303546
les_neck_pick06__d3t4__00019.wav,lsp-hardclip,les_neck_pick06,0.01442039,les_neck_pick07__d5t3__00028.wav,lsp-arctan,3,5,4,3,17.563088337099366,25.788497067568912
les_neck_pick06__d4t0__00020.wav,lsp-hardclip,les_neck_pick06,0.0018785,les_neck_pick12__d0t0__00000.wav,byod-bigmuff,4,0,0,0,21.54643860361127,5.044777586688817
les_neck_pick06__d4t1__00021.wav,lsp-hardclip,les_neck_pick06,0.0020925999,les_neck_pick02__d3t0__00015.wav,byod-bigmuff,4,3,1,0,21.54643860361127,17.442946393617085
les_neck_pick06__d4t2__00022.wav,lsp-hardclip,les_neck_pick06,0.008199215,les_bridge_pick16__d5t0__00025.wav,lsp-sine,4,5,2,0,21.54643860361127,25.7855895742644
les_neck_pick06__d4t3__00023.wav,lsp-hardclip,les_neck_pick06,0.008017898,les_bridge_fing21__d5t1__00026.wav,byod-bigmuff,4,5,3,1,21.54643860361127,25.77210742134771
les_neck_pick06__d4t4__00024.wav,lsp-hardclip,les_neck_pick06,0.007202029,les_bridge_pick16__d6t1__00031.wav,lsp-arctan,4,6,4,1,21.54643860361127,29.91872954355242
les_neck_pick06__d5t0__00025.wav,lsp-hardclip,les_neck_pick06,0.001095295,les_neck_pick04__d0t0__00000.wav,byod-bigmuff,5,0,0,0,25.79865436059077,5.044777586688817
les_neck_pick06__d5t1__00026.wav,lsp-hardclip,les_neck_pick06,0.003546834,les_bridge_fing24__d2t1__00011.wav,byod-bigmuff,5,2,1,1,25.79865436059077,13.312631977514853
les_neck_pick06__d5t2__00027.wav,lsp-hardclip,les_neck_pick06,0.0041580796,les_bridge_fing24__d6t0__00030.wav,lsp-sine,5,6,2,0,25.79865436059077,29.915327656251563
les_neck_pick06__d5t3__00028.wav,lsp-hardclip,les_neck_pick06,0.0040233135,les_bridge_fing24__d6t1__00031.wav,byod-mxr,5,6,3,1,25.79865436059077,29.91150927100104
les_neck_pick06__d5t4__00029.wav,lsp-hardclip,les_neck_pick06,0.0048242807,les_neck_pick21__d7t0__00035.wav,pedalboard-tanh,5,7,4,0,25.79865436059077,34.075823464139134
les_neck_pick06__d6t0__00030.wav,lsp-hardclip,les_neck_pick06,0.0025339127,les_bridge_fing24__d4t0__00020.wav,byod-bigmuff,6,4,0,0,29.908667593492765,21.5884141303546
les_neck_pick06__d6t1__00031.wav,lsp-hardclip,les_neck_pick06,0.009416461,les_neck_pick07__d7t1__00036.wav,pedalboard-tanh,6,7,1,1,29.908667593492765,34.075823464139134
les_neck_pick06__d6t2__00032.wav,lsp-hardclip,les_neck_pick06,0.0045558214,les_neck_pick03__d7t0__00035.wav,lsp-sine,6,7,2,0,29.908667593492765,34.094517939627885
les_neck_pick06__d6t3__00033.wav,lsp-hardclip,les_neck_pick06,0.0056895018,les_bridge_fing24__d7t1__00036.wav,lsp-arctan,6,7,3,1,29.908667593492765,34.09435618625095
les_neck_pick06__d6t4__00034.wav,lsp-hardclip,les_neck_pick06,0.0048734546,les_neck_pick07__d7t3__00038.wav,byod-mxr,6,7,4,3,29.908667593492765,34.08156088036171
les_neck_pick06__d7t0__00035.wav,lsp-hardclip,les_neck_pick06,0.005979955,les_bridge_pick17__d6t0__00030.wav,byod-bigmuff,7,6,0,0,34.07942205160116,29.9151414217934
les_neck_pick06__d7t1__00036.wav,lsp-hardclip,les_neck_pick06,0.0054578185,les_bridge_pick22__d7t1__00036.wav,pedalboard-tanh,7,7,1,1,34.07942205160116,34.075823464139134
les_neck_pick06__d7t2__00037.wav,lsp-hardclip,les_neck_pick06,0.004965663,les_bridge_pick25__d7t1__00036.wav,byod-bigmuff,7,7,2,1,34.07942205160116,34.074932620854284
les_neck_pick06__d7t3__00038.wav,lsp-hardclip,les_neck_pick06,0.0055452585,les_bridge_fing20__d7t1__00036.wav,lsp-arctan,7,7,3,1,34.07942205160116,34.09435618625095
les_neck_pick06__d7t4__00039.wav,lsp-hardclip,les_neck_pick06,0.005241096,les_bridge_fing24__d6t4__00034.wav,lsp-arctan,7,6,4,4,34.07942205160116,29.91872954355242
les_neck_pick17__d0t0__00000.wav,lsp-hardclip,les_neck_pick17,0.00019162893,les_bridge_pick16__d3t0__00015.wav,lsp-sine,0,3,0,0,5.063331073032135,17.46073355198249
les_neck_pick17__d0t1__00001.wav,lsp-hardclip,les_neck_pick17,0.0014441013,les_neck_pick02__d1t0__00005.wav,pedalboard-tanh,0,1,1,0,5.063331073032135,9.146047429418331
les_neck_pick17__d0t2__00002.wav,lsp-hardclip,les_neck_pick17,0.0027470589,les_neck_pick14__d3t0__00015.wav,byod-mxr,0,3,2,0,5.063331073032135,17.452308155418716
les_neck_pick17__d0t3__00003.wav,lsp-hardclip,les_neck_pick17,0.00410223,les_bridge_pick16__d0t4__00004.wav,byod-mxr,0,0,3,4,5.063331073032135,5.0
les_neck_pick17__d0t4__00004.wav,lsp-hardclip,les_neck_pick17,0.005254388,les_bridge_pick16__d2t4__00014.wav,byod-mxr,0,2,4,4,5.063331073032135,13.292365801948186
les_neck_pick17__d1t0__00005.wav,lsp-hardclip,les_neck_pick17,0.0002631545,les_bridge_pick16__d3t0__00015.wav,lsp-sine,1,3,0,0,9.35456396552498,17.46073355198249
les_neck_pick17__d1t1__00006.wav,lsp-hardclip,les_neck_pick17,0.0019710064,les_neck_pick04__d3t0__00015.wav,byod-mxr,1,3,1,0,9.35456396552498,17.452308155418716
les_neck_pick17__d1t2__00007.wav,lsp-hardclip,les_neck_pick17,0.0045203567,les_bridge_fing24__d1t3__00008.wav,lsp-sine,1,1,2,3,9.35456396552498,9.202349861352678
les_neck_pick17__d1t3__00008.wav,lsp-hardclip,les_neck_pick17,0.0050023794,les_neck_pick04__d2t2__00012.wav,lsp-sine,1,2,3,2,9.35456396552498,13.251366385956809
les_neck_pick17__d1t4__00009.wav,lsp-hardclip,les_neck_pick17,0.0055816174,les_neck_pick21__d2t2__00012.wav,lsp-tanh,1,2,4,2,9.35456396552498,13.297259315581634
les_neck_pick17__d2t0__00010.wav,lsp-hardclip,les_neck_pick17,0.0003708601,les_bridge_pick16__d3t0__00015.wav,pedalboard-tanh,2,3,0,0,13.55142968534178,17.454399305827287
les_neck_pick17__d2t1__00011.wav,lsp-hardclip,les_neck_pick17,0.0020637512,les_bridge_pick16__d3t1__00016.wav,byod-mxr,2,3,1,1,13.55142968534178,17.452308155418716
les_neck_pick17__d2t2__00012.wav,lsp-hardclip,les_neck_pick17,0.009036541,les_bridge_fing21__d1t3__00008.wav,byod-bigmuff,2,1,2,3,13.55142968534178,9.126662172709777
les_neck_pick17__d2t3__00013.wav,lsp-hardclip,les_neck_pick17,0.004421234,les_bridge_pick16__d3t3__00018.wav,lsp-arctan,2,3,3,3,13.55142968534178,17.436825605717576
les_neck_pick17__d2t4__00014.wav,lsp-hardclip,les_neck_pick17,0.005044222,les_neck_pick04__d2t3__00013.wav,pedalboard-tanh,2,2,4,3,13.55142968534178,13.296816138037473
les_neck_pick17__d3t0__00015.wav,lsp-hardclip,les_neck_pick17,0.0025465488,les_bridge_pick16__d3t0__00015.wav,pedalboard-tanh,3,3,0,0,17.563088337099366,17.454399305827287
les_neck_pick17__d3t1__00016.wav,lsp-hardclip,les_neck_pick17,0.00520432,les_neck_pick09__d3t1__00016.wav,byod-bigmuff,3,3,1,1,17.563088337099366,17.442946393617085
les_neck_pick17__d3t2__00017.wav,lsp-hardclip,les_neck_pick17,0.01276505,les_neck_pick04__d4t1__00021.wav,byod-mxr,3,4,2,1,17.563088337099366,21.62039317761596
les_neck_pick17__d3t3__00018.wav,lsp-hardclip,les_neck_pick17,0.018171668,les_neck_pick03__d2t3__00013.wav,byod-bigmuff,3,2,3,3,17.563088337099366,13.312631977514853
les_neck_pick17__d3t4__00019.wav,lsp-hardclip,les_neck_pick17,0.015059948,les_bridge_pick16__d2t4__00014.wav,byod-bigmuff,3,2,4,4,17.563088337099366,13.312631977514853
les_neck_pick17__d4t0__00020.wav,lsp-hardclip,les_neck_pick17,0.0007737875,les_bridge_pick16__d4t0__00020.wav,lsp-arctan,4,4,0,0,21.54643860361127,21.613326710488973
les_neck_pick17__d4t1__00021.wav,lsp-hardclip,les_neck_pick17,0.0055550337,les_neck_pick09__d5t0__00025.wav,lsp-sine,4,5,1,0,21.54643860361127,25.7855895742644
les_neck_pick17__d4t2__00022.wav,lsp-hardclip,les_neck_pick17,0.003946483,les_neck_pick09__d2t4__00014.wav,byod-bigmuff,4,2,2,4,21.54643860361127,13.312631977514853
les_neck_pick17__d4t3__00023.wav,lsp-hardclip,les_neck_pick17,0.011762261,les_neck_pick14__d3t3__00018.wav,byod-bigmuff,4,3,3,3,21.54643860361127,17.442946393617085
les_neck_pick17__d4t4__00024.wav,lsp-hardclip,les_neck_pick17,0.006027341,les_neck_fing01__d2t4__00014.wav,byod-bigmuff,4,2,4,4,21.54643860361127,13.312631977514853
les_neck_pick17__d5t0__00025.wav,lsp-hardclip,les_neck_pick17,0.0038366318,les_neck_pick11__d4t0__00020.wav,byod-mxr,5,4,0,0,25.79865436059077,21.62039317761596
les_neck_pick17__d5t1__00026.wav,lsp-hardclip,les_neck_pick17,0.008683622,les_neck_pick02__d5t0__00025.wav,lsp-sine,5,5,1,0,25.79865436059077,25.7855895742644
les_neck_pick17__d5t2__00027.wav,lsp-hardclip,les_neck_pick17,0.0082829,les_bridge_fing24__d4t4__00024.wav,lsp-tanh,5,4,2,4,25.79865436059077,21.61115826291455
les_neck_pick17__d5t3__00028.wav,lsp-hardclip,les_neck_pick17,0.004368007,les_bridge_pick25__d4t3__00023.wav,byod-bigmuff,5,4,3,3,25.79865436059077,21.5884141303546
les_neck_pick17__d5t4__00029.wav,lsp-hardclip,les_neck_pick17,0.0054832697,les_bridge_pick17__d5t3__00028.wav,pedalboard-tanh,5,5,4,3,25.79865436059077,25.782351420955937
les_neck_pick17__d6t0__00030.wav,lsp-hardclip,les_neck_pick17,0.0013837814,les_neck_pick02__d5t0__00025.wav,byod-bigmuff,6,5,0,0,29.908667593492765,25.77210742134771
les_neck_pick17__d6t1__00031.wav,lsp-hardclip,les_neck_pick17,0.0031325817,les_neck_pick02__d4t2__00022.wav,byod-bigmuff,6,4,1,2,29.908667593492765,21.5884141303546
les_neck_pick17__d6t2__00032.wav,lsp-hardclip,les_neck_pick17,0.003460884,les_neck_pick03__d7t1__00036.wav,byod-mxr,6,7,2,1,29.908667593492765,34.08156088036171
les_neck_pick17__d6t3__00033.wav,lsp-hardclip,les_neck_pick17,0.0038899183,les_bridge_fing24__d6t3__00033.wav,byod-mxr,6,6,3,3,29.908667593492765,29.91150927100104
les_neck_pick17__d6t4__00034.wav,lsp-hardclip,les_neck_pick17,0.0030638576,les_neck_pick11__d7t3__00038.wav,pedalboard-tanh,6,7,4,3,29.908667593492765,34.075823464139134
les_neck_pick17__d7t0__00035.wav,lsp-hardclip,les_neck_pick17,0.0056046247,les_neck_pick07__d7t1__00036.wav,lsp-arctan,7,7,0,1,34.07942205160116,34.09435618625095
les_neck_pick17__d7t1__00036.wav,lsp-hardclip,les_neck_pick17,0.005997658,les_bridge_pick25__d7t0__00035.wav,lsp-arctan,7,7,1,0,34.07942205160116,34.09435618625095
les_neck_pick17__d7t2__00037.wav,lsp-hardclip,les_neck_pick17,0.0053984523,les_neck_pick02__d6t3__00033.wav,byod-bigmuff,7,6,2,3,34.07942205160116,29.9151414217934
les_neck_pick17__d7t3__00038.wav,lsp-hardclip,les_neck_pick17,0.0028056502,les_bridge_fing20__d6t3__00033.wav,byod-bigmuff,7,6,3,3,34.07942205160116,29.9151414217934
les_neck_pick17__d7t4__00039.wav,lsp-hardclip,les_neck_pick17,0.003592968,les_bridge_pick25__d7t3__00038.wav,lsp-sine,7,7,4,3,34.07942205160116,34.094517939627885
les_bridge_fing02__d0t0__00000.wav,lsp-sine,les_bridge_fing02,0.0006688833,les_bridge_pick16__d1t1__00006.wav,pedalboard-tanh,0,1,0,1,5.041347474059023,9.146047429418331
les_bridge_fing02__d0t1__00001.wav,lsp-sine,les_bridge_fing02,0.0008299351,les_neck_pick02__d0t0__00000.wav,pedalboard-tanh,0,0,1,0,5.041347474059023,5.0
les_bridge_fing02__d0t2__00002.wav,lsp-sine,les_bridge_fing02,0.0012658834,les_neck_pick14__d2t0__00010.wav,byod-mxr,0,2,2,0,5.041347474059023,13.292365801948186
les_bridge_fing02__d0t3__00003.wav,lsp-sine,les_bridge_fing02,0.0014845729,les_bridge_fing24__d0t4__00004.wav,lsp-arctan,0,0,3,4,5.041347474059023,5.005872107125804
les_bridge_fing02__d0t4__00004.wav,lsp-sine,les_bridge_fing02,0.001704514,les_bridge_pick22__d0t4__00004.wav,byod-mxr,0,0,4,4,5.041347474059023,5.0
les_bridge_fing02__d1t0__00005.wav,lsp-sine,les_bridge_fing02,0.0006843209,les_bridge_pick16__d1t1__00006.wav,lsp-arctan,1,1,0,1,9.202349861352678,9.170316408518453
les_bridge_fing02__d1t1__00006.wav,lsp-sine,les_bridge_fing02,0.00091969967,les_neck_pick21__d2t0__00010.wav,lsp-tanh,1,2,1,0,9.202349861352678,13.297259315581634
les_bridge_fing02__d1t2__00007.wav,lsp-sine,les_bridge_fing02,0.0008493066,les_bridge_fing17__d0t1__00001.wav,pedalboard-tanh,1,0,2,1,9.202349861352678,5.0
les_bridge_fing02__d1t3__00008.wav,lsp-sine,les_bridge_fing02,0.0020463467,les_bridge_fing24__d1t4__00009.wav,lsp-arctan,1,1,3,4,9.202349861352678,9.170316408518453
les_bridge_fing02__d1t4__00009.wav,lsp-sine,les_bridge_fing02,0.0011309981,les_bridge_pick17__d0t4__00004.wav,byod-mxr,1,0,4,4,9.202349861352678,5.0
les_bridge_fing02__d2t0__00010.wav,lsp-sine,les_bridge_fing02,0.002047956,les_neck_pick12__d2t1__00011.wav,lsp-hardclip,2,2,0,1,13.251366385956809,13.55142968534178
les_bridge_fing02__d2t1__00011.wav,lsp-sine,les_bridge_fing02,0.00056761503,les_bridge_fing17__d2t0__00010.wav,lsp-tanh,2,2,1,0,13.251366385956809,13.297259315581634
les_bridge_fing02__d2t2__00012.wav,lsp-sine,les_bridge_fing02,0.0012356639,les_bridge_fing17__d2t1__00011.wav,lsp-hardclip,2,2,2,1,13.251366385956809,13.55142968534178
les_bridge_fing02__d2t3__00013.wav,lsp-sine,les_bridge_fing02,0.0032755136,les_bridge_pick17__d2t3__00013.wav,pedalboard-tanh,2,2,3,3,13.251366385956809,13.296816138037473
les_bridge_fing02__d2t4__00014.wav,lsp-sine,les_bridge_fing02,0.0019432902,les_bridge_pick17__d2t4__00014.wav,pedalboard-tanh,2,2,4,4,13.251366385956809,13.296816138037473
les_bridge_fing02__d3t0__00015.wav,lsp-sine,les_bridge_fing02,0.0014059544,les_bridge_fing24__d2t1__00011.wav,lsp-tanh,3,2,0,1,17.46073355198249,13.297259315581634
les_bridge_fing02__d3t1__00016.wav,lsp-sine,les_bridge_fing02,0.0024348497,les_bridge_fing17__d3t0__00015.wav,byod-mxr,3,3,1,0,17.46073355198249,17.452308155418716
les_bridge_fing02__d3t2__00017.wav,lsp-sine,les_bridge_fing02,0.0013660192,les_bridge_pick17__d3t2__00017.wav,pedalboard-tanh,3,3,2,2,17.46073355198249,17.454399305827287
les_bridge_fing02__d3t3__00018.wav,lsp-sine,les_bridge_fing02,0.0013610721,les_bridge_pick17__d3t3__00018.wav,pedalboard-tanh,3,3,3,3,17.46073355198249,17.454399305827287
les_bridge_fing02__d3t4__00019.wav,lsp-sine,les_bridge_fing02,0.0028982759,les_bridge_fing20__d3t4__00019.wav,pedalboard-tanh,3,3,4,4,17.46073355198249,17.454399305827287
les_bridge_fing02__d4t0__00020.wav,lsp-sine,les_bridge_fing02,0.0029530525,les_bridge_fing24__d3t1__00016.wav,lsp-tanh,4,3,0,1,21.652716208419097,17.426284440144894
les_bridge_fing02__d4t1__00021.wav,lsp-sine,les_bridge_fing02,0.0018095374,les_neck_pick12__d4t2__00022.wav,lsp-tanh,4,4,1,2,21.652716208419097,21.61115826291455
les_bridge_fing02__d4t2__00022.wav,lsp-sine,les_bridge_fing02,0.0023422837,les_bridge_fing17__d4t1__00021.wav,pedalboard-tanh,4,4,2,1,21.652716208419097,21.61638024087312
les_bridge_fing02__d4t3__00023.wav,lsp-sine,les_bridge_fing02,0.0044127703,les_neck_pick02__d4t2__00022.wav,lsp-arctan,4,4,3,2,21.652716208419097,21.613326710488973
les_bridge_fing02__d4t4__00024.wav,lsp-sine,les_bridge_fing02,0.0036177635,les_bridge_pick17__d4t3__00023.wav,pedalboard-tanh,4,4,4,3,21.652716208419097,21.61638024087312
les_bridge_fing02__d5t0__00025.wav,lsp-sine,les_bridge_fing02,0.003955722,les_bridge_pick16__d4t1__00021.wav,lsp-arctan,5,4,0,1,25.7855895742644,21.613326710488973
les_bridge_fing02__d5t1__00026.wav,lsp-sine,les_bridge_fing02,0.0030449629,les_bridge_pick22__d4t2__00022.wav,lsp-arctan,5,4,1,2,25.7855895742644,21.613326710488973
les_bridge_fing02__d5t2__00027.wav,lsp-sine,les_bridge_fing02,0.0046690106,les_bridge_fing24__d4t4__00024.wav,pedalboard-tanh,5,4,2,4,25.7855895742644,21.61638024087312
les_bridge_fing02__d5t3__00028.wav,lsp-sine,les_bridge_fing02,0.0026813745,les_bridge_pick25__d4t4__00024.wav,lsp-arctan,5,4,3,4,25.7855895742644,21.613326710488973
les_bridge_fing02__d5t4__00029.wav,lsp-sine,les_bridge_fing02,0.0039767623,les_neck_pick09__d5t3__00028.wav,pedalboard-tanh,5,5,4,3,25.7855895742644,25.782351420955937
les_bridge_fing02__d6t0__00030.wav,lsp-sine,les_bridge_fing02,0.003937423,les_bridge_pick22__d5t1__00026.wav,lsp-hardclip,6,5,0,1,29.915327656251563,25.79865436059077
les_bridge_fing02__d6t1__00031.wav,lsp-sine,les_bridge_fing02,0.0071734786,les_neck_pick11__d3t3__00018.wav,byod-bigmuff,6,3,1,3,29.915327656251563,17.442946393617085
les_bridge_fing02__d6t2__00032.wav,lsp-sine,les_bridge_fing02,0.0017969012,les_bridge_fing17__d6t1__00031.wav,lsp-tanh,6,6,2,1,29.915327656251563,29.89601395521624
les_bridge_fing02__d6t3__00033.wav,lsp-sine,les_bridge_fing02,0.0028942823,les_bridge_fing17__d6t2__00032.wav,lsp-tanh,6,6,3,2,29.915327656251563,29.89601395521624
les_bridge_fing02__d6t4__00034.wav,lsp-sine,les_bridge_fing02,0.0023377538,les_neck_fing01__d7t2__00037.wav,lsp-hardclip,6,7,4,2,29.915327656251563,34.07942205160116
les_bridge_fing02__d7t0__00035.wav,lsp-sine,les_bridge_fing02,0.008464336,les_neck_pick21__d6t1__00031.wav,byod-bigmuff,7,6,0,1,34.094517939627885,29.9151414217934
les_bridge_fing02__d7t1__00036.wav,lsp-sine,les_bridge_fing02,0.0023332834,les_bridge_pick22__d6t2__00032.wav,lsp-tanh,7,6,1,2,34.094517939627885,29.89601395521624
les_bridge_fing02__d7t2__00037.wav,lsp-sine,les_bridge_fing02,0.0068680644,les_neck_pick21__d6t3__00033.wav,byod-bigmuff,7,6,2,3,34.094517939627885,29.9151414217934
les_bridge_fing02__d7t3__00038.wav,lsp-sine,les_bridge_fing02,0.0026808977,les_bridge_pick16__d6t4__00034.wav,lsp-hardclip,7,6,3,4,34.094517939627885,29.908667593492765
les_bridge_fing02__d7t4__00039.wav,lsp-sine,les_bridge_fing02,0.003922522,les_neck_pick14__d7t3__00038.wav,lsp-hardclip,7,7,4,3,34.094517939627885,34.07942205160116
les_bridge_fing05__d0t0__00000.wav,lsp-sine,les_bridge_fing05,0.001832962,les_bridge_pick22__d0t2__00002.wav,pedalboard-tanh,0,0,0,2,5.041347474059023,5.0
les_bridge_fing05__d0t1__00001.wav,lsp-sine,les_bridge_fing05,0.0019958615,les_bridge_pick25__d0t3__00003.wav,lsp-tanh,0,0,1,3,5.041347474059023,5.0
les_bridge_fing05__d0t2__00002.wav,lsp-sine,les_bridge_fing05,0.0017101169,les_neck_pick21__d0t2__00002.wav,lsp-arctan,0,0,2,2,5.041347474059023,5.005872107125804
les_bridge_fing05__d0t3__00003.wav,lsp-sine,les_bridge_fing05,0.00080668926,les_neck_fing01__d1t3__00008.wav,pedalboard-tanh,0,1,3,3,5.041347474059023,9.146047429418331
les_bridge_fing05__d0t4__00004.wav,lsp-sine,les_bridge_fing05,0.00070405006,les_neck_fing01__d0t4__00004.wav,lsp-tanh,0,0,4,4,5.041347474059023,5.0
les_bridge_fing05__d1t0__00005.wav,lsp-sine,les_bridge_fing05,0.001260519,les_bridge_pick22__d0t2__00002.wav,pedalboard-tanh,1,0,0,2,9.202349861352678,5.0
les_bridge_fing05__d1t1__00006.wav,lsp-sine,les_bridge_fing05,0.001365602,les_neck_pick05__d0t1__00001.wav,lsp-tanh,1,0,1,1,9.202349861352678,5.0
les_bridge_fing05__d1t2__00007.wav,lsp-sine,les_bridge_fing05,0.0019317269,les_neck_fing01__d2t2__00012.wav,lsp-arctan,1,2,2,2,9.202349861352678,13.270071970821393
les_bridge_fing05__d1t3__00008.wav,lsp-sine,les_bridge_fing05,0.0015366673,les_neck_fing01__d1t3__00008.wav,byod-mxr,1,1,3,3,9.202349861352678,9.107670514338215
les_bridge_fing05__d1t4__00009.wav,lsp-sine,les_bridge_fing05,0.0014675856,les_neck_fing01__d1t4__00009.wav,lsp-tanh,1,1,4,4,9.202349861352678,9.088421535688989
les_bridge_fing05__d2t0__00010.wav,lsp-sine,les_bridge_fing05,0.0008368492,les_bridge_pick17__d1t1__00006.wav,byod-mxr,2,1,0,1,13.251366385956809,9.107670514338215
les_bridge_fing05__d2t1__00011.wav,lsp-sine,les_bridge_fing05,0.00108248,les_bridge_pick22__d1t3__00008.wav,byod-mxr,2,1,1,3,13.251366385956809,9.107670514338215
les_bridge_fing05__d2t2__00012.wav,lsp-sine,les_bridge_fing05,0.0022429228,les_neck_pick03__d0t3__00003.wav,lsp-arctan,2,0,2,3,13.251366385956809,5.005872107125804
les_bridge_fing05__d2t3__00013.wav,lsp-sine,les_bridge_fing05,0.0013204813,les_neck_fing01__d0t3__00003.wav,lsp-hardclip,2,0,3,3,13.251366385956809,5.063331073032135
les_bridge_fing05__d2t4__00014.wav,lsp-sine,les_bridge_fing05,0.00345397,les_bridge_fing17__d2t4__00014.wav,lsp-arctan,2,2,4,4,13.251366385956809,13.270071970821393
les_bridge_fing05__d3t0__00015.wav,lsp-sine,les_bridge_fing05,0.00093251467,les_bridge_fing24__d1t2__00007.wav,byod-mxr,3,1,0,2,17.46073355198249,9.107670514338215
les_bridge_fing05__d3t1__00016.wav,lsp-sine,les_bridge_fing05,0.0031731129,les_neck_pick09__d1t2__00007.wav,lsp-tanh,3,1,1,2,17.46073355198249,9.088421535688989
les_bridge_fing05__d3t2__00017.wav,lsp-sine,les_bridge_fing05,0.006634772,les_neck_fing01__d3t2__00017.wav,lsp-tanh,3,3,2,2,17.46073355198249,17.426284440144894
les_bridge_fing05__d3t3__00018.wav,lsp-sine,les_bridge_fing05,0.00470984,les_neck_pick03__d3t4__00019.wav,byod-mxr,3,3,3,4,17.46073355198249,17.452308155418716
les_bridge_fing05__d3t4__00019.wav,lsp-sine,les_bridge_fing05,0.006225109,les_neck_pick02__d3t4__00019.wav,pedalboard-tanh,3,3,4,4,17.46073355198249,17.454399305827287
les_bridge_fing05__d4t0__00020.wav,lsp-sine,les_bridge_fing05,0.0044243336,les_bridge_fing24__d2t2__00012.wav,lsp-hardclip,4,2,0,2,21.652716208419097,13.55142968534178
les_bridge_fing05__d4t1__00021.wav,lsp-sine,les_bridge_fing05,0.004663348,les_bridge_fing20__d3t3__00018.wav,pedalboard-tanh,4,3,1,3,21.652716208419097,17.454399305827287
les_bridge_fing05__d4t2__00022.wav,lsp-sine,les_bridge_fing05,0.0057263374,les_neck_pick03__d4t3__00023.wav,lsp-hardclip,4,4,2,3,21.652716208419097,21.54643860361127
les_bridge_fing05__d4t3__00023.wav,lsp-sine,les_bridge_fing05,0.004301548,les_bridge_fing17__d3t4__00019.wav,byod-mxr,4,3,3,4,21.652716208419097,17.452308155418716
les_bridge_fing05__d4t4__00024.wav,lsp-sine,les_bridge_fing05,0.004202485,les_neck_pick21__d4t3__00023.wav,lsp-tanh,4,4,4,3,21.652716208419097,21.61115826291455
les_bridge_fing05__d5t0__00025.wav,lsp-sine,les_bridge_fing05,0.005137384,les_neck_pick09__d5t1__00026.wav,lsp-hardclip,5,5,0,1,25.7855895742644,25.79865436059077
les_bridge_fing05__d5t1__00026.wav,lsp-sine,les_bridge_fing05,0.006594956,les_neck_pick09__d4t2__00022.wav,lsp-arctan,5,4,1,2,25.7855895742644,21.613326710488973
les_bridge_fing05__d5t2__00027.wav,lsp-sine,les_bridge_fing05,0.0061399937,les_neck_pick21__d5t2__00027.wav,pedalboard-tanh,5,5,2,2,25.7855895742644,25.782351420955937
les_bridge_fing05__d5t3__00028.wav,lsp-sine,les_bridge_fing05,0.0034959316,les_neck_pick21__d5t3__00028.wav,pedalboard-tanh,5,5,3,3,25.7855895742644,25.782351420955937
les_bridge_fing05__d5t4__00029.wav,lsp-sine,les_bridge_fing05,0.005549252,les_neck_pick14__d5t3__00028.wav,lsp-arctan,5,5,4,3,25.7855895742644,25.788497067568912
les_bridge_fing05__d6t0__00030.wav,lsp-sine,les_bridge_fing05,0.00595361,les_neck_pick04__d6t1__00031.wav,lsp-hardclip,6,6,0,1,29.915327656251563,29.908667593492765
les_bridge_fing05__d6t1__00031.wav,lsp-sine,les_bridge_fing05,0.006125033,les_bridge_pick25__d5t3__00028.wav,lsp-tanh,6,5,1,3,29.915327656251563,25.766463780707188
les_bridge_fing05__d6t2__00032.wav,lsp-sine,les_bridge_fing05,0.0043749213,les_bridge_fing17__d5t4__00029.wav,byod-mxr,6,5,2,4,29.915327656251563,25.779078975465445
les_bridge_fing05__d6t3__00033.wav,lsp-sine,les_bridge_fing05,0.0023432374,les_bridge_fing20__d6t4__00034.wav,lsp-hardclip,6,6,3,4,29.915327656251563,29.908667593492765
les_bridge_fing05__d6t4__00034.wav,lsp-sine,les_bridge_fing05,0.001226902,les_neck_fing01__d7t4__00039.wav,lsp-hardclip,6,7,4,4,29.915327656251563,34.07942205160116
les_bridge_fing05__d7t0__00035.wav,lsp-sine,les_bridge_fing05,0.0050729513,les_neck_fing01__d7t0__00035.wav,lsp-tanh,7,7,0,0,34.094517939627885,34.0729352593394
les_bridge_fing05__d7t1__00036.wav,lsp-sine,les_bridge_fing05,0.003290534,les_bridge_pick22__d7t3__00038.wav,pedalboard-tanh,7,7,1,3,34.094517939627885,34.075823464139134
les_bridge_fing05__d7t2__00037.wav,lsp-sine,les_bridge_fing05,0.0017386675,les_neck_pick14__d7t2__00037.wav,lsp-arctan,7,7,2,2,34.094517939627885,34.09435618625095
les_bridge_fing05__d7t3__00038.wav,lsp-sine,les_bridge_fing05,0.001324296,les_neck_pick14__d7t3__00038.wav,lsp-arctan,7,7,3,3,34.094517939627885,34.09435618625095
les_bridge_fing05__d7t4__00039.wav,lsp-sine,les_bridge_fing05,0.0015238523,les_neck_pick14__d7t4__00039.wav,lsp-arctan,7,7,4,4,34.094517939627885,34.09435618625095
les_bridge_fing07__d0t0__00000.wav,lsp-sine,les_bridge_fing07,0.0011512041,les_bridge_pick16__d1t1__00006.wav,lsp-arctan,0,1,0,1,5.041347474059023,9.170316408518453
les_bridge_fing07__d0t1__00001.wav,lsp-sine,les_bridge_fing07,0.0013406277,les_neck_fing15__d4t0__00020.wav,lsp-arctan,0,4,1,0,5.041347474059023,21.613326710488973
les_bridge_fing07__d0t2__00002.wav,lsp-sine,les_bridge_fing07,0.0014181137,les_bridge_pick17__d0t2__00002.wav,pedalboard-tanh,0,0,2,2,5.041347474059023,5.0
les_bridge_fing07__d0t3__00003.wav,lsp-sine,les_bridge_fing07,0.0014387965,les_bridge_fing17__d0t2__00002.wav,lsp-tanh,0,0,3,2,5.041347474059023,5.0
les_bridge_fing07__d0t4__00004.wav,lsp-sine,les_bridge_fing07,0.004036963,les_neck_pick05__d1t2__00007.wav,pedalboard-tanh,0,1,4,2,5.041347474059023,9.146047429418331
les_bridge_fing07__d1t0__00005.wav,lsp-sine,les_bridge_fing07,0.0013367534,les_bridge_pick16__d1t1__00006.wav,lsp-arctan,1,1,0,1,9.202349861352678,9.170316408518453
les_bridge_fing07__d1t1__00006.wav,lsp-sine,les_bridge_fing07,0.0006977916,les_bridge_fing17__d0t0__00000.wav,pedalboard-tanh,1,0,1,0,9.202349861352678,5.0
les_bridge_fing07__d1t2__00007.wav,lsp-sine,les_bridge_fing07,0.00063180923,les_bridge_pick17__d0t2__00002.wav,byod-mxr,1,0,2,2,9.202349861352678,5.0
les_bridge_fing07__d1t3__00008.wav,lsp-sine,les_bridge_fing07,0.0021987557,les_bridge_fing17__d0t2__00002.wav,lsp-hardclip,1,0,3,2,9.202349861352678,5.063331073032135
les_bridge_fing07__d1t4__00009.wav,lsp-sine,les_bridge_fing07,0.0030642748,les_bridge_pick17__d1t4__00009.wav,byod-mxr,1,1,4,4,9.202349861352678,9.107670514338215
les_bridge_fing07__d2t0__00010.wav,lsp-sine,les_bridge_fing07,0.0018922687,les_bridge_fing24__d1t1__00006.wav,pedalboard-tanh,2,1,0,1,13.251366385956809,9.146047429418331
les_bridge_fing07__d2t1__00011.wav,lsp-sine,les_bridge_fing07,0.0010508895,les_bridge_fing17__d2t0__00010.wav,lsp-hardclip,2,2,1,0,13.251366385956809,13.55142968534178
les_bridge_fing07__d2t2__00012.wav,lsp-sine,les_bridge_fing07,0.0013158321,les_bridge_pick17__d2t2__00012.wav,lsp-tanh,2,2,2,2,13.251366385956809,13.297259315581634
les_bridge_fing07__d2t3__00013.wav,lsp-sine,les_bridge_fing07,0.0028232932,les_bridge_fing17__d2t2__00012.wav,byod-mxr,2,2,3,2,13.251366385956809,13.292365801948186
les_bridge_fing07__d2t4__00014.wav,lsp-sine,les_bridge_fing07,0.0024009347,les_neck_fing01__d3t2__00017.wav,lsp-arctan,2,3,4,2,13.251366385956809,17.436825605717576
les_bridge_fing07__d3t0__00015.wav,lsp-sine,les_bridge_fing07,0.0020549297,les_neck_pick09__d0t0__00000.wav,lsp-tanh,3,0,0,0,17.46073355198249,5.0
les_bridge_fing07__d3t1__00016.wav,lsp-sine,les_bridge_fing07,0.001004219,les_bridge_fing17__d3t0__00015.wav,byod-mxr,3,3,1,0,17.46073355198249,17.452308155418716
les_bridge_fing07__d3t2__00017.wav,lsp-sine,les_bridge_fing07,0.0031607747,les_bridge_pick17__d3t2__00017.wav,pedalboard-tanh,3,3,2,2,17.46073355198249,17.454399305827287
les_bridge_fing07__d3t3__00018.wav,lsp-sine,les_bridge_fing07,0.0013841391,les_bridge_fing17__d3t2__00017.wav,byod-mxr,3,3,3,2,17.46073355198249,17.452308155418716
les_bridge_fing07__d3t4__00019.wav,lsp-sine,les_bridge_fing07,0.0030548573,les_bridge_pick17__d3t4__00019.wav,lsp-tanh,3,3,4,4,17.46073355198249,17.426284440144894
les_bridge_fing07__d4t0__00020.wav,lsp-sine,les_bridge_fing07,0.0034370422,les_bridge_fing24__d4t1__00021.wav,lsp-hardclip,4,4,0,1,21.652716208419097,21.54643860361127
les_bridge_fing07__d4t1__00021.wav,lsp-sine,les_bridge_fing07,0.0011225939,les_bridge_fing17__d4t0__00020.wav,byod-mxr,4,4,1,0,21.652716208419097,21.62039317761596
les_bridge_fing07__d4t2__00022.wav,lsp-sine,les_bridge_fing07,0.0057201385,les_bridge_pick17__d4t2__00022.wav,lsp-tanh,4,4,2,2,21.652716208419097,21.61115826291455
les_bridge_fing07__d4t3__00023.wav,lsp-sine,les_bridge_fing07,0.003991008,les_bridge_fing20__d4t3__00023.wav,lsp-tanh,4,4,3,3,21.652716208419097,21.61115826291455
les_bridge_fing07__d4t4__00024.wav,lsp-sine,les_bridge_fing07,0.003214419,les_bridge_fing20__d4t4__00024.wav,lsp-arctan,4,4,4,4,21.652716208419097,21.613326710488973
les_bridge_fing07__d5t0__00025.wav,lsp-sine,les_bridge_fing07,0.0031518936,les_neck_pick12__d6t0__00030.wav,pedalboard-tanh,5,6,0,0,25.7855895742644,29.92239131554786
les_bridge_fing07__d5t1__00026.wav,lsp-sine,les_bridge_fing07,0.0037748218,les_bridge_fing21__d5t2__00027.wav,byod-mxr,5,5,1,2,25.7855895742644,25.779078975465445
les_bridge_fing07__d5t2__00027.wav,lsp-sine,les_bridge_fing07,0.0039177537,les_bridge_fing21__d5t3__00028.wav,pedalboard-tanh,5,5,2,3,25.7855895742644,25.782351420955937
les_bridge_fing07__d5t3__00028.wav,lsp-sine,les_bridge_fing07,0.0042363405,les_bridge_pick25__d5t4__00029.wav,pedalboard-tanh,5,5,3,4,25.7855895742644,25.782351420955937
les_bridge_fing07__d5t4__00029.wav,lsp-sine,les_bridge_fing07,0.0043286085,les_neck_pick05__d6t3__00033.wav,lsp-hardclip,5,6,4,3,25.7855895742644,29.908667593492765
les_bridge_fing07__d6t0__00030.wav,lsp-sine,les_bridge_fing07,0.0045068264,les_bridge_pick17__d5t1__00026.wav,lsp-arctan,6,5,0,1,29.915327656251563,25.788497067568912
les_bridge_fing07__d6t1__00031.wav,lsp-sine,les_bridge_fing07,0.002642572,les_bridge_pick22__d6t2__00032.wav,pedalboard-tanh,6,6,1,2,29.915327656251563,29.92239131554786
les_bridge_fing07__d6t2__00032.wav,lsp-sine,les_bridge_fing07,0.003960848,les_bridge_pick25__d6t3__00033.wav,byod-mxr,6,6,2,3,29.915327656251563,29.91150927100104
les_bridge_fing07__d6t3__00033.wav,lsp-sine,les_bridge_fing07,0.003883183,les_neck_pick03__d7t3__00038.wav,lsp-hardclip,6,7,3,3,29.915327656251563,34.07942205160116
les_bridge_fing07__d6t4__00034.wav,lsp-sine,les_bridge_fing07,0.0022667646,les_neck_pick05__d7t4__00039.wav,byod-mxr,6,7,4,4,29.915327656251563,34.08156088036171
les_bridge_fing07__d7t0__00035.wav,lsp-sine,les_bridge_fing07,0.00188905,les_bridge_fing17__d7t0__00035.wav,lsp-tanh,7,7,0,0,34.094517939627885,34.0729352593394
les_bridge_fing07__d7t1__00036.wav,lsp-sine,les_bridge_fing07,0.003695488,les_bridge_fing24__d7t2__00037.wav,byod-mxr,7,7,1,2,34.094517939627885,34.08156088036171
les_bridge_fing07__d7t2__00037.wav,lsp-sine,les_bridge_fing07,0.0018295646,les_bridge_fing20__d7t2__00037.wav,lsp-arctan,7,7,2,2,34.094517939627885,34.09435618625095
les_bridge_fing07__d7t3__00038.wav,lsp-sine,les_bridge_fing07,0.0006429553,les_bridge_fing20__d7t3__00038.wav,pedalboard-tanh,7,7,3,3,34.094517939627885,34.075823464139134
les_bridge_fing07__d7t4__00039.wav,lsp-sine,les_bridge_fing07,0.0006200075,les_bridge_fing20__d7t4__00039.wav,lsp-arctan,7,7,4,4,34.094517939627885,34.09435618625095
les_bridge_fing09__d0t0__00000.wav,lsp-sine,les_bridge_fing09,0.004691541,les_neck_pick12__d0t4__00004.wav,lsp-arctan,0,0,0,4,5.041347474059023,5.005872107125804
les_bridge_fing09__d0t1__00001.wav,lsp-sine,les_bridge_fing09,0.0016036034,les_neck_fing01__d0t2__00002.wav,pedalboard-tanh,0,0,1,2,5.041347474059023,5.0
les_bridge_fing09__d0t2__00002.wav,lsp-sine,les_bridge_fing09,0.0037837625,les_neck_fing01__d0t3__00003.wav,pedalboard-tanh,0,0,2,3,5.041347474059023,5.0
les_bridge_fing09__d0t3__00003.wav,lsp-sine,les_bridge_fing09,0.0021685958,les_neck_pick21__d1t3__00008.wav,pedalboard-tanh,0,1,3,3,5.041347474059023,9.146047429418331
les_bridge_fing09__d0t4__00004.wav,lsp-sine,les_bridge_fing09,0.0015641451,les_neck_pick21__d0t4__00004.wav,pedalboard-tanh,0,0,4,4,5.041347474059023,5.0
les_bridge_fing09__d1t0__00005.wav,lsp-sine,les_bridge_fing09,0.0018729568,les_neck_fing15__d0t3__00003.wav,pedalboard-tanh,1,0,0,3,9.202349861352678,5.0
les_bridge_fing09__d1t1__00006.wav,lsp-sine,les_bridge_fing09,0.0012088418,les_neck_pick21__d0t2__00002.wav,pedalboard-tanh,1,0,1,2,9.202349861352678,5.0
les_bridge_fing09__d1t2__00007.wav,lsp-sine,les_bridge_fing09,0.002229154,les_neck_pick21__d0t3__00003.wav,pedalboard-tanh,1,0,2,3,9.202349861352678,5.0
les_bridge_fing09__d1t3__00008.wav,lsp-sine,les_bridge_fing09,0.0032226443,les_neck_pick14__d0t3__00003.wav,lsp-tanh,1,0,3,3,9.202349861352678,5.0
les_bridge_fing09__d1t4__00009.wav,lsp-sine,les_bridge_fing09,0.0017787814,les_neck_pick21__d0t4__00004.wav,byod-mxr,1,0,4,4,9.202349861352678,5.0
les_bridge_fing09__d2t0__00010.wav,lsp-sine,les_bridge_fing09,0.0026032329,les_bridge_fing24__d0t4__00004.wav,pedalboard-tanh,2,0,0,4,13.251366385956809,5.0
les_bridge_fing09__d2t1__00011.wav,lsp-sine,les_bridge_fing09,0.0012860894,les_neck_pick05__d0t2__00002.wav,lsp-tanh,2,0,1,2,13.251366385956809,5.0
les_bridge_fing09__d2t2__00012.wav,lsp-sine,les_bridge_fing09,0.0014991164,les_neck_pick05__d0t3__00003.wav,pedalboard-tanh,2,0,2,3,13.251366385956809,5.0
les_bridge_fing09__d2t3__00013.wav,lsp-sine,les_bridge_fing09,0.0025180578,les_neck_pick05__d1t4__00009.wav,lsp-tanh,2,1,3,4,13.251366385956809,9.088421535688989
les_bridge_fing09__d2t4__00014.wav,lsp-sine,les_bridge_fing09,0.0034635067,les_neck_pick14__d2t4__00014.wav,lsp-arctan,2,2,4,4,13.251366385956809,13.270071970821393
les_bridge_fing09__d3t0__00015.wav,lsp-sine,les_bridge_fing09,0.0020708442,les_bridge_fing24__d1t4__00009.wav,lsp-arctan,3,1,0,4,17.46073355198249,9.170316408518453
les_bridge_fing09__d3t1__00016.wav,lsp-sine,les_bridge_fing09,0.0013036728,les_neck_pick05__d0t2__00002.wav,lsp-hardclip,3,0,1,2,17.46073355198249,5.063331073032135
les_bridge_fing09__d3t2__00017.wav,lsp-sine,les_bridge_fing09,0.0018623471,les_neck_pick05__d2t3__00013.wav,byod-mxr,3,2,2,3,17.46073355198249,13.292365801948186
les_bridge_fing09__d3t3__00018.wav,lsp-sine,les_bridge_fing09,0.003398776,les_neck_pick21__d3t4__00019.wav,byod-mxr,3,3,3,4,17.46073355198249,17.452308155418716
les_bridge_fing09__d3t4__00019.wav,lsp-sine,les_bridge_fing09,0.0032895207,les_neck_pick21__d4t4__00024.wav,lsp-tanh,3,4,4,4,17.46073355198249,21.61115826291455
les_bridge_fing09__d4t0__00020.wav,lsp-sine,les_bridge_fing09,0.0059681535,les_bridge_fing24__d2t4__00014.wav,lsp-tanh,4,2,0,4,21.652716208419097,13.297259315581634
les_bridge_fing09__d4t1__00021.wav,lsp-sine,les_bridge_fing09,0.0043898225,les_neck_pick04__d3t3__00018.wav,lsp-arctan,4,3,1,3,21.652716208419097,17.436825605717576
les_bridge_fing09__d4t2__00022.wav,lsp-sine,les_bridge_fing09,0.0017569661,les_neck_pick21__d4t3__00023.wav,byod-mxr,4,4,2,3,21.652716208419097,21.62039317761596
les_bridge_fing09__d4t3__00023.wav,lsp-sine,les_bridge_fing09,0.002541542,les_neck_pick21__d4t4__00024.wav,lsp-tanh,4,4,3,4,21.652716208419097,21.61115826291455
les_bridge_fing09__d4t4__00024.wav,lsp-sine,les_bridge_fing09,0.004410386,les_neck_pick14__d5t4__00029.wav,lsp-hardclip,4,5,4,4,21.652716208419097,25.79865436059077
les_bridge_fing09__d5t0__00025.wav,lsp-sine,les_bridge_fing09,0.004314184,les_bridge_pick16__d5t2__00027.wav,byod-mxr,5,5,0,2,25.7855895742644,25.779078975465445
les_bridge_fing09__d5t1__00026.wav,lsp-sine,les_bridge_fing09,0.009388387,les_bridge_fing17__d3t4__00019.wav,byod-bigmuff,5,3,1,4,25.7855895742644,17.442946393617085
les_bridge_fing09__d5t2__00027.wav,lsp-sine,les_bridge_fing09,0.0014412403,les_neck_pick02__d5t4__00029.wav,pedalboard-tanh,5,5,2,4,25.7855895742644,25.782351420955937
les_bridge_fing09__d5t3__00028.wav,lsp-sine,les_bridge_fing09,0.0043201447,les_neck_pick04__d6t4__00034.wav,byod-mxr,5,6,3,4,25.7855895742644,29.91150927100104
les_bridge_fing09__d5t4__00029.wav,lsp-sine,les_bridge_fing09,0.003661275,les_neck_pick14__d5t4__00029.wav,lsp-arctan,5,5,4,4,25.7855895742644,25.788497067568912
les_bridge_fing09__d6t0__00030.wav,lsp-sine,les_bridge_fing09,0.006946206,les_neck_fing01__d6t1__00031.wav,byod-bigmuff,6,6,0,1,29.915327656251563,29.9151414217934
les_bridge_fing09__d6t1__00031.wav,lsp-sine,les_bridge_fing09,0.0038469434,les_neck_pick11__d6t3__00033.wav,lsp-hardclip,6,6,1,3,29.915327656251563,29.908667593492765
les_bridge_fing09__d6t2__00032.wav,lsp-sine,les_bridge_fing09,0.0022596717,les_bridge_fing20__d6t3__00033.wav,lsp-arctan,6,6,2,3,29.915327656251563,29.91872954355242
les_bridge_fing09__d6t3__00033.wav,lsp-sine,les_bridge_fing09,0.0010512471,les_neck_fing01__d7t3__00038.wav,lsp-tanh,6,7,3,3,29.915327656251563,34.0729352593394
les_bridge_fing09__d6t4__00034.wav,lsp-sine,les_bridge_fing09,0.0011575222,les_neck_pick04__d7t4__00039.wav,lsp-tanh,6,7,4,4,29.915327656251563,34.0729352593394
les_bridge_fing09__d7t0__00035.wav,lsp-sine,les_bridge_fing09,0.0070250034,les_neck_pick07__d7t3__00038.wav,byod-mxr,7,7,0,3,34.094517939627885,34.08156088036171
les_bridge_fing09__d7t1__00036.wav,lsp-sine,les_bridge_fing09,0.002085209,les_bridge_pick17__d7t3__00038.wav,byod-mxr,7,7,1,3,34.094517939627885,34.08156088036171
les_bridge_fing09__d7t2__00037.wav,lsp-sine,les_bridge_fing09,0.0012085438,les_neck_pick04__d7t4__00039.wav,lsp-arctan,7,7,2,4,34.094517939627885,34.09435618625095
les_bridge_fing09__d7t3__00038.wav,lsp-sine,les_bridge_fing09,0.0010340214,les_neck_pick14__d7t4__00039.wav,pedalboard-tanh,7,7,3,4,34.094517939627885,34.075823464139134
les_bridge_fing09__d7t4__00039.wav,lsp-sine,les_bridge_fing09,0.0036669374,les_neck_pick14__d7t4__00039.wav,lsp-tanh,7,7,4,4,34.094517939627885,34.0729352593394
les_bridge_fing11__d0t0__00000.wav,lsp-sine,les_bridge_fing11,0.00028276443,les_bridge_fing20__d2t0__00010.wav,lsp-hardclip,0,2,0,0,5.041347474059023,13.55142968534178
les_bridge_fing11__d0t1__00001.wav,lsp-sine,les_bridge_fing11,0.0012210608,les_bridge_pick17__d0t0__00000.wav,lsp-hardclip,0,0,1,0,5.041347474059023,5.063331073032135
les_bridge_fing11__d0t2__00002.wav,lsp-sine,les_bridge_fing11,0.001678288,les_bridge_fing21__d1t3__00008.wav,lsp-tanh,0,1,2,3,5.041347474059023,9.088421535688989
les_bridge_fing11__d0t3__00003.wav,lsp-sine,les_bridge_fing11,0.0019695759,les_neck_pick05__d1t1__00006.wav,byod-mxr,0,1,3,1,5.041347474059023,9.107670514338215
les_bridge_fing11__d0t4__00004.wav,lsp-sine,les_bridge_fing11,0.0031583905,les_bridge_pick22__d1t4__00009.wav,lsp-arctan,0,1,4,4,5.041347474059023,9.170316408518453
les_bridge_fing11__d1t0__00005.wav,lsp-sine,les_bridge_fing11,0.00031632185,les_bridge_pick25__d2t0__00010.wav,lsp-arctan,1,2,0,0,9.202349861352678,13.270071970821393
les_bridge_fing11__d1t1__00006.wav,lsp-sine,les_bridge_fing11,0.0013051629,les_bridge_pick25__d2t1__00011.wav,lsp-arctan,1,2,1,1,9.202349861352678,13.270071970821393
les_bridge_fing11__d1t2__00007.wav,lsp-sine,les_bridge_fing11,0.0016570687,les_bridge_pick25__d1t2__00007.wav,lsp-hardclip,1,1,2,2,9.202349861352678,9.35456396552498
les_bridge_fing11__d1t3__00008.wav,lsp-sine,les_bridge_fing11,0.0024929643,les_bridge_pick22__d2t3__00013.wav,lsp-arctan,1,2,3,3,9.202349861352678,13.270071970821393
les_bridge_fing11__d1t4__00009.wav,lsp-sine,les_bridge_fing11,0.002071023,les_bridge_pick22__d1t4__00009.wav,byod-mxr,1,1,4,4,9.202349861352678,9.107670514338215
les_bridge_fing11__d2t0__00010.wav,lsp-sine,les_bridge_fing11,0.0005479455,les_bridge_pick22__d0t0__00000.wav,pedalboard-tanh,2,0,0,0,13.251366385956809,5.0
les_bridge_fing11__d2t1__00011.wav,lsp-sine,les_bridge_fing11,0.0015482903,les_bridge_fing21__d2t2__00012.wav,pedalboard-tanh,2,2,1,2,13.251366385956809,13.296816138037473
les_bridge_fing11__d2t2__00012.wav,lsp-sine,les_bridge_fing11,0.0028832555,les_neck_pick04__d3t1__00016.wav,lsp-arctan,2,3,2,1,13.251366385956809,17.436825605717576
les_bridge_fing11__d2t3__00013.wav,lsp-sine,les_bridge_fing11,0.003170073,les_bridge_pick17__d3t2__00017.wav,byod-mxr,2,3,3,2,13.251366385956809,17.452308155418716
les_bridge_fing11__d2t4__00014.wav,lsp-sine,les_bridge_fing11,0.0046902895,les_bridge_pick25__d3t3__00018.wav,byod-mxr,2,3,4,3,13.251366385956809,17.452308155418716
les_bridge_fing11__d3t0__00015.wav,lsp-sine,les_bridge_fing11,0.0005956292,les_bridge_pick22__d1t0__00005.wav,lsp-hardclip,3,1,0,0,17.46073355198249,9.35456396552498
les_bridge_fing11__d3t1__00016.wav,lsp-sine,les_bridge_fing11,0.003746152,les_bridge_fing21__d3t2__00017.wav,lsp-arctan,3,3,1,2,17.46073355198249,17.436825605717576
les_bridge_fing11__d3t2__00017.wav,lsp-sine,les_bridge_fing11,0.0019658208,les_bridge_fing17__d3t1__00016.wav,byod-mxr,3,3,2,1,17.46073355198249,17.452308155418716
les_bridge_fing11__d3t3__00018.wav,lsp-sine,les_bridge_fing11,0.004256904,les_bridge_fing20__d3t3__00018.wav,lsp-tanh,3,3,3,3,17.46073355198249,17.426284440144894
les_bridge_fing11__d3t4__00019.wav,lsp-sine,les_bridge_fing11,0.004698634,les_bridge_pick22__d3t4__00019.wav,lsp-tanh,3,3,4,4,17.46073355198249,17.426284440144894
les_bridge_fing11__d4t0__00020.wav,lsp-sine,les_bridge_fing11,0.0021911263,les_neck_pick11__d4t0__00020.wav,byod-mxr,4,4,0,0,21.652716208419097,21.62039317761596
les_bridge_fing11__d4t1__00021.wav,lsp-sine,les_bridge_fing11,0.00633651,les_bridge_fing20__d4t1__00021.wav,pedalboard-tanh,4,4,1,1,21.652716208419097,21.61638024087312
les_bridge_fing11__d4t2__00022.wav,lsp-sine,les_bridge_fing11,0.003178358,les_bridge_fing17__d4t1__00021.wav,byod-mxr,4,4,2,1,21.652716208419097,21.62039317761596
les_bridge_fing11__d4t3__00023.wav,lsp-sine,les_bridge_fing11,0.0026842952,les_bridge_fing17__d4t2__00022.wav,byod-mxr,4,4,3,2,21.652716208419097,21.62039317761596
les_bridge_fing11__d4t4__00024.wav,lsp-sine,les_bridge_fing11,0.0060248375,les_bridge_fing20__d4t4__00024.wav,lsp-arctan,4,4,4,4,21.652716208419097,21.613326710488973
les_bridge_fing11__d5t0__00025.wav,lsp-sine,les_bridge_fing11,0.0032223463,les_bridge_fing21__d4t1__00021.wav,lsp-arctan,5,4,0,1,25.7855895742644,21.613326710488973
les_bridge_fing11__d5t1__00026.wav,lsp-sine,les_bridge_fing11,0.006477654,les_bridge_fing17__d5t0__00025.wav,byod-mxr,5,5,1,0,25.7855895742644,25.779078975465445
les_bridge_fing11__d5t2__00027.wav,lsp-sine,les_bridge_fing11,0.0053970814,les_neck_pick12__d5t3__00028.wav,lsp-tanh,5,5,2,3,25.7855895742644,25.766463780707188
les_bridge_fing11__d5t3__00028.wav,lsp-sine,les_bridge_fing11,0.0070029497,les_neck_pick12__d6t3__00033.wav,pedalboard-tanh,5,6,3,3,25.7855895742644,29.92239131554786
les_bridge_fing11__d5t4__00029.wav,lsp-sine,les_bridge_fing11,0.0019339919,les_neck_pick03__d5t4__00029.wav,lsp-tanh,5,5,4,4,25.7855895742644,25.766463780707188
les_bridge_fing11__d6t0__00030.wav,lsp-sine,les_bridge_fing11,0.0024778247,les_bridge_pick25__d6t0__00030.wav,lsp-hardclip,6,6,0,0,29.915327656251563,29.908667593492765
les_bridge_fing11__d6t1__00031.wav,lsp-sine,les_bridge_fing11,0.002976358,les_neck_pick12__d6t2__00032.wav,lsp-hardclip,6,6,1,2,29.915327656251563,29.908667593492765
les_bridge_fing11__d6t2__00032.wav,lsp-sine,les_bridge_fing11,0.00327456,les_bridge_fing21__d6t3__00033.wav,lsp-tanh,6,6,2,3,29.915327656251563,29.89601395521624
les_bridge_fing11__d6t3__00033.wav,lsp-sine,les_bridge_fing11,0.003011465,les_neck_pick04__d7t2__00037.wav,lsp-arctan,6,7,3,2,29.915327656251563,34.09435618625095
les_bridge_fing11__d6t4__00034.wav,lsp-sine,les_bridge_fing11,0.0020056963,les_bridge_fing20__d6t3__00033.wav,lsp-arctan,6,6,4,3,29.915327656251563,29.91872954355242
les_bridge_fing11__d7t0__00035.wav,lsp-sine,les_bridge_fing11,0.004490316,les_bridge_pick22__d7t1__00036.wav,byod-mxr,7,7,0,1,34.094517939627885,34.08156088036171
les_bridge_fing11__d7t1__00036.wav,lsp-sine,les_bridge_fing11,0.0033937693,les_bridge_pick17__d7t1__00036.wav,pedalboard-tanh,7,7,1,1,34.094517939627885,34.075823464139134
les_bridge_fing11__d7t2__00037.wav,lsp-sine,les_bridge_fing11,0.0018728375,les_bridge_pick17__d6t3__00033.wav,lsp-arctan,7,6,2,3,34.094517939627885,29.91872954355242
les_bridge_fing11__d7t3__00038.wav,lsp-sine,les_bridge_fing11,0.0011963844,les_neck_pick03__d7t4__00039.wav,lsp-arctan,7,7,3,4,34.094517939627885,34.09435618625095
les_bridge_fing11__d7t4__00039.wav,lsp-sine,les_bridge_fing11,0.0015068054,les_bridge_fing24__d7t4__00039.wav,lsp-arctan,7,7,4,4,34.094517939627885,34.09435618625095
les_bridge_fing16__d0t0__00000.wav,lsp-sine,les_bridge_fing16,0.00218755,les_neck_pick12__d0t3__00003.wav,lsp-arctan,0,0,0,3,5.041347474059023,5.005872107125804
les_bridge_fing16__d0t1__00001.wav,lsp-sine,les_bridge_fing16,0.002266407,les_neck_fing15__d1t3__00008.wav,pedalboard-tanh,0,1,1,3,5.041347474059023,9.146047429418331
les_bridge_fing16__d0t2__00002.wav,lsp-sine,les_bridge_fing16,0.0036063194,les_neck_fing01__d0t3__00003.wav,pedalboard-tanh,0,0,2,3,5.041347474059023,5.0
les_bridge_fing16__d0t3__00003.wav,lsp-sine,les_bridge_fing16,0.0006144643,les_neck_pick02__d1t4__00009.wav,pedalboard-tanh,0,1,3,4,5.041347474059023,9.146047429418331
les_bridge_fing16__d0t4__00004.wav,lsp-sine,les_bridge_fing16,0.0028437376,les_neck_pick21__d0t4__00004.wav,lsp-tanh,0,0,4,4,5.041347474059023,5.0
les_bridge_fing16__d1t0__00005.wav,lsp-sine,les_bridge_fing16,0.00054591894,les_bridge_pick25__d0t2__00002.wav,pedalboard-tanh,1,0,0,2,9.202349861352678,5.0
les_bridge_fing16__d1t1__00006.wav,lsp-sine,les_bridge_fing16,0.0017517805,les_bridge_pick17__d0t3__00003.wav,lsp-tanh,1,0,1,3,9.202349861352678,5.0
les_bridge_fing16__d1t2__00007.wav,lsp-sine,les_bridge_fing16,0.0011327267,les_neck_pick02__d1t3__00008.wav,lsp-tanh,1,1,2,3,9.202349861352678,9.088421535688989
les_bridge_fing16__d1t3__00008.wav,lsp-sine,les_bridge_fing16,0.0004898906,les_neck_pick02__d0t4__00004.wav,byod-mxr,1,0,3,4,9.202349861352678,5.0
les_bridge_fing16__d1t4__00009.wav,lsp-sine,les_bridge_fing16,0.0016302466,les_neck_pick05__d0t4__00004.wav,lsp-arctan,1,0,4,4,9.202349861352678,5.005872107125804
les_bridge_fing16__d2t0__00010.wav,lsp-sine,les_bridge_fing16,0.0009032488,les_neck_pick04__d2t1__00011.wav,lsp-arctan,2,2,0,1,13.251366385956809,13.270071970821393
les_bridge_fing16__d2t1__00011.wav,lsp-sine,les_bridge_fing16,0.0020453334,les_bridge_fing17__d1t2__00007.wav,pedalboard-tanh,2,1,1,2,13.251366385956809,9.146047429418331
les_bridge_fing16__d2t2__00012.wav,lsp-sine,les_bridge_fing16,0.001242578,les_neck_pick02__d1t3__00008.wav,byod-mxr,2,1,2,3,13.251366385956809,9.107670514338215
les_bridge_fing16__d2t3__00013.wav,lsp-sine,les_bridge_fing16,0.0011800528,les_neck_fing01__d2t4__00014.wav,byod-mxr,2,2,3,4,13.251366385956809,13.292365801948186
les_bridge_fing16__d2t4__00014.wav,lsp-sine,les_bridge_fing16,0.0030543208,les_neck_pick05__d1t4__00009.wav,byod-mxr,2,1,4,4,13.251366385956809,9.107670514338215
les_bridge_fing16__d3t0__00015.wav,lsp-sine,les_bridge_fing16,0.0017508268,les_bridge_fing24__d1t3__00008.wav,lsp-arctan,3,1,0,3,17.46073355198249,9.170316408518453
les_bridge_fing16__d3t1__00016.wav,lsp-sine,les_bridge_fing16,0.0043512583,les_bridge_pick17__d1t4__00009.wav,lsp-arctan,3,1,1,4,17.46073355198249,9.170316408518453
les_bridge_fing16__d3t2__00017.wav,lsp-sine,les_bridge_fing16,0.0024223328,les_neck_fing01__d2t3__00013.wav,lsp-hardclip,3,2,2,3,17.46073355198249,13.55142968534178
les_bridge_fing16__d3t3__00018.wav,lsp-sine,les_bridge_fing16,0.0014593005,les_neck_fing01__d3t4__00019.wav,lsp-arctan,3,3,3,4,17.46073355198249,17.436825605717576
les_bridge_fing16__d3t4__00019.wav,lsp-sine,les_bridge_fing16,0.0026339889,les_neck_pick21__d3t4__00019.wav,byod-mxr,3,3,4,4,17.46073355198249,17.452308155418716
les_bridge_fing16__d4t0__00020.wav,lsp-sine,les_bridge_fing16,0.0035003424,les_bridge_fing24__d2t4__00014.wav,lsp-arctan,4,2,0,4,21.652716208419097,13.270071970821393
les_bridge_fing16__d4t1__00021.wav,lsp-sine,les_bridge_fing16,0.003130734,les_neck_pick05__d3t2__00017.wav,byod-mxr,4,3,1,2,21.652716208419097,17.452308155418716
les_bridge_fing16__d4t2__00022.wav,lsp-sine,les_bridge_fing16,0.0014758706,les_neck_pick02__d3t4__00019.wav,lsp-tanh,4,3,2,4,21.652716208419097,17.426284440144894
les_bridge_fing16__d4t3__00023.wav,lsp-sine,les_bridge_fing16,0.005407095,les_neck_pick05__d4t4__00024.wav,lsp-hardclip,4,4,3,4,21.652716208419097,21.54643860361127
les_bridge_fing16__d4t4__00024.wav,lsp-sine,les_bridge_fing16,0.0044745207,les_neck_pick21__d4t4__00024.wav,lsp-arctan,4,4,4,4,21.652716208419097,21.613326710488973
les_bridge_fing16__d5t0__00025.wav,lsp-sine,les_bridge_fing16,0.013366163,les_bridge_fing24__d3t4__00019.wav,lsp-hardclip,5,3,0,4,25.7855895742644,17.563088337099366
les_bridge_fing16__d5t1__00026.wav,lsp-sine,les_bridge_fing16,0.010568798,les_neck_pick11__d4t4__00024.wav,pedalboard-tanh,5,4,1,4,25.7855895742644,21.61638024087312
les_bridge_fing16__d5t2__00027.wav,lsp-sine,les_bridge_fing16,0.0033397675,les_neck_fing01__d4t4__00024.wav,byod-mxr,5,4,2,4,25.7855895742644,21.62039317761596
les_bridge_fing16__d5t3__00028.wav,lsp-sine,les_bridge_fing16,0.006743729,les_neck_pick04__d5t4__00029.wav,byod-mxr,5,5,3,4,25.7855895742644,25.779078975465445
les_bridge_fing16__d5t4__00029.wav,lsp-sine,les_bridge_fing16,0.0070417523,les_bridge_fing20__d5t4__00029.wav,pedalboard-tanh,5,5,4,4,25.7855895742644,25.782351420955937
les_bridge_fing16__d6t0__00030.wav,lsp-sine,les_bridge_fing16,0.012420356,les_neck_pick07__d5t4__00029.wav,lsp-hardclip,6,5,0,4,29.915327656251563,25.79865436059077
les_bridge_fing16__d6t1__00031.wav,lsp-sine,les_bridge_fing16,0.005634904,les_neck_pick03__d5t4__00029.wav,byod-mxr,6,5,1,4,29.915327656251563,25.779078975465445
les_bridge_fing16__d6t2__00032.wav,lsp-sine,les_bridge_fing16,0.0029481053,les_neck_pick05__d5t4__00029.wav,byod-mxr,6,5,2,4,29.915327656251563,25.779078975465445
les_bridge_fing16__d6t3__00033.wav,lsp-sine,les_bridge_fing16,0.003183186,les_neck_pick04__d6t4__00034.wav,byod-mxr,6,6,3,4,29.915327656251563,29.91150927100104
les_bridge_fing16__d6t4__00034.wav,lsp-sine,les_bridge_fing16,0.004569292,les_bridge_fing20__d6t4__00034.wav,lsp-tanh,6,6,4,4,29.915327656251563,29.89601395521624
les_bridge_fing16__d7t0__00035.wav,lsp-sine,les_bridge_fing16,0.007950544,les_bridge_pick22__d6t3__00033.wav,lsp-hardclip,7,6,0,3,34.094517939627885,29.908667593492765
les_bridge_fing16__d7t1__00036.wav,lsp-sine,les_bridge_fing16,0.002744615,les_neck_pick14__d6t2__00032.wav,byod-mxr,7,6,1,2,34.094517939627885,29.91150927100104
les_bridge_fing16__d7t2__00037.wav,lsp-sine,les_bridge_fing16,0.0015310049,les_neck_fing01__d6t4__00034.wav,lsp-arctan,7,6,2,4,34.094517939627885,29.91872954355242
les_bridge_fing16__d7t3__00038.wav,lsp-sine,les_bridge_fing16,0.0013970733,les_neck_pick04__d7t4__00039.wav,pedalboard-tanh,7,7,3,4,34.094517939627885,34.075823464139134
les_bridge_fing16__d7t4__00039.wav,lsp-sine,les_bridge_fing16,0.00381881,les_neck_pick14__d7t4__00039.wav,lsp-arctan,7,7,4,4,34.094517939627885,34.09435618625095
les_bridge_fing18__d0t0__00000.wav,lsp-sine,les_bridge_fing18,0.00047647953,les_bridge_pick25__d1t0__00005.wav,lsp-hardclip,0,1,0,0,5.041347474059023,9.35456396552498
les_bridge_fing18__d0t1__00001.wav,lsp-sine,les_bridge_fing18,0.0007174015,les_bridge_pick25__d1t1__00006.wav,pedalboard-tanh,0,1,1,1,5.041347474059023,9.146047429418331
les_bridge_fing18__d0t2__00002.wav,lsp-sine,les_bridge_fing18,0.0015197396,les_bridge_pick25__d1t2__00007.wav,pedalboard-tanh,0,1,2,2,5.041347474059023,9.146047429418331
les_bridge_fing18__d0t3__00003.wav,lsp-sine,les_bridge_fing18,0.002496183,les_neck_pick05__d0t1__00001.wav,lsp-hardclip,0,0,3,1,5.041347474059023,5.063331073032135
les_bridge_fing18__d0t4__00004.wav,lsp-sine,les_bridge_fing18,0.003033936,les_bridge_pick22__d1t4__00009.wav,lsp-arctan,0,1,4,4,5.041347474059023,9.170316408518453
les_bridge_fing18__d1t0__00005.wav,lsp-sine,les_bridge_fing18,0.0008044839,les_bridge_fing21__d1t1__00006.wav,byod-mxr,1,1,0,1,9.202349861352678,9.107670514338215
les_bridge_fing18__d1t1__00006.wav,lsp-sine,les_bridge_fing18,0.0012478232,les_bridge_fing21__d1t2__00007.wav,lsp-arctan,1,1,1,2,9.202349861352678,9.170316408518453
les_bridge_fing18__d1t2__00007.wav,lsp-sine,les_bridge_fing18,0.0015594959,les_bridge_pick25__d1t2__00007.wav,byod-mxr,1,1,2,2,9.202349861352678,9.107670514338215
les_bridge_fing18__d1t3__00008.wav,lsp-sine,les_bridge_fing18,0.0024175644,les_bridge_fing24__d1t4__00009.wav,byod-mxr,1,1,3,4,9.202349861352678,9.107670514338215
les_bridge_fing18__d1t4__00009.wav,lsp-sine,les_bridge_fing18,0.004356444,les_bridge_pick17__d1t4__00009.wav,byod-mxr,1,1,4,4,9.202349861352678,9.107670514338215
les_bridge_fing18__d2t0__00010.wav,lsp-sine,les_bridge_fing18,0.0035072565,les_neck_pick07__d1t2__00007.wav,pedalboard-tanh,2,1,0,2,13.251366385956809,9.146047429418331
les_bridge_fing18__d2t1__00011.wav,lsp-sine,les_bridge_fing18,0.0023279786,les_bridge_fing17__d3t0__00015.wav,lsp-tanh,2,3,1,0,13.251366385956809,17.426284440144894
les_bridge_fing18__d2t2__00012.wav,lsp-sine,les_bridge_fing18,0.0031084418,les_bridge_fing17__d2t1__00011.wav,byod-mxr,2,2,2,1,13.251366385956809,13.292365801948186
les_bridge_fing18__d2t3__00013.wav,lsp-sine,les_bridge_fing18,0.006103635,les_bridge_fing21__d2t4__00014.wav,byod-mxr,2,2,3,4,13.251366385956809,13.292365801948186
les_bridge_fing18__d2t4__00014.wav,lsp-sine,les_bridge_fing18,0.0037419796,les_neck_pick09__d1t3__00008.wav,lsp-tanh,2,1,4,3,13.251366385956809,9.088421535688989
les_bridge_fing18__d3t0__00015.wav,lsp-sine,les_bridge_fing18,0.0026296973,les_neck_pick07__d2t2__00012.wav,lsp-arctan,3,2,0,2,17.46073355198249,13.270071970821393
les_bridge_fing18__d3t1__00016.wav,lsp-sine,les_bridge_fing18,0.003980994,les_neck_pick11__d2t1__00011.wav,lsp-arctan,3,2,1,1,17.46073355198249,13.270071970821393
les_bridge_fing18__d3t2__00017.wav,lsp-sine,les_bridge_fing18,0.0025488138,les_bridge_pick17__d3t2__00017.wav,pedalboard-tanh,3,3,2,2,17.46073355198249,17.454399305827287
les_bridge_fing18__d3t3__00018.wav,lsp-sine,les_bridge_fing18,0.0020579696,les_bridge_fing20__d3t3__00018.wav,lsp-tanh,3,3,3,3,17.46073355198249,17.426284440144894
les_bridge_fing18__d3t4__00019.wav,lsp-sine,les_bridge_fing18,0.0018593073,les_bridge_fing20__d3t4__00019.wav,pedalboard-tanh,3,3,4,4,17.46073355198249,17.454399305827287
les_bridge_fing18__d4t0__00020.wav,lsp-sine,les_bridge_fing18,0.0031704307,les_bridge_fing17__d0t1__00001.wav,byod-bigmuff,4,0,0,1,21.652716208419097,5.044777586688817
les_bridge_fing18__d4t1__00021.wav,lsp-sine,les_bridge_fing18,0.0042771697,les_neck_pick12__d4t2__00022.wav,lsp-arctan,4,4,1,2,21.652716208419097,21.613326710488973
les_bridge_fing18__d4t2__00022.wav,lsp-sine,les_bridge_fing18,0.0053246617,les_bridge_pick17__d4t2__00022.wav,pedalboard-tanh,4,4,2,2,21.652716208419097,21.61638024087312
les_bridge_fing18__d4t3__00023.wav,lsp-sine,les_bridge_fing18,0.0023075938,les_bridge_fing20__d4t3__00023.wav,lsp-tanh,4,4,3,3,21.652716208419097,21.61115826291455
les_bridge_fing18__d4t4__00024.wav,lsp-sine,les_bridge_fing18,0.0035243034,les_bridge_fing20__d4t4__00024.wav,lsp-tanh,4,4,4,4,21.652716208419097,21.61115826291455
les_bridge_fing18__d5t0__00025.wav,lsp-sine,les_bridge_fing18,0.004792154,les_neck_pick14__d1t2__00007.wav,byod-bigmuff,5,1,0,2,25.7855895742644,9.126662172709777
les_bridge_fing18__d5t1__00026.wav,lsp-sine,les_bridge_fing18,0.0039777756,les_bridge_pick25__d4t2__00022.wav,lsp-arctan,5,4,1,2,25.7855895742644,21.613326710488973
les_bridge_fing18__d5t2__00027.wav,lsp-sine,les_bridge_fing18,0.002710402,les_neck_pick11__d4t3__00023.wav,byod-mxr,5,4,2,3,25.7855895742644,21.62039317761596
les_bridge_fing18__d5t3__00028.wav,lsp-sine,les_bridge_fing18,0.0031502843,les_bridge_fing17__d5t4__00029.wav,lsp-hardclip,5,5,3,4,25.7855895742644,25.79865436059077
les_bridge_fing18__d5t4__00029.wav,lsp-sine,les_bridge_fing18,0.0058163404,les_neck_pick14__d6t2__00032.wav,lsp-hardclip,5,6,4,2,25.7855895742644,29.908667593492765
les_bridge_fing18__d6t0__00030.wav,lsp-sine,les_bridge_fing18,0.0077950954,les_bridge_fing17__d6t0__00030.wav,byod-bigmuff,6,6,0,0,29.915327656251563,29.9151414217934
les_bridge_fing18__d6t1__00031.wav,lsp-sine,les_bridge_fing18,0.006095946,les_neck_pick12__d7t1__00036.wav,byod-mxr,6,7,1,1,29.915327656251563,34.08156088036171
les_bridge_fing18__d6t2__00032.wav,lsp-sine,les_bridge_fing18,0.0044904947,les_neck_pick04__d6t2__00032.wav,pedalboard-tanh,6,6,2,2,29.915327656251563,29.92239131554786
les_bridge_fing18__d6t3__00033.wav,lsp-sine,les_bridge_fing18,0.0034496188,les_bridge_fing17__d6t3__00033.wav,pedalboard-tanh,6,6,3,3,29.915327656251563,29.92239131554786
les_bridge_fing18__d6t4__00034.wav,lsp-sine,les_bridge_fing18,0.002306044,les_bridge_fing20__d6t4__00034.wav,lsp-arctan,6,6,4,4,29.915327656251563,29.91872954355242
les_bridge_fing18__d7t0__00035.wav,lsp-sine,les_bridge_fing18,0.0039930344,les_bridge_pick17__d6t1__00031.wav,pedalboard-tanh,7,6,0,1,34.094517939627885,29.92239131554786
les_bridge_fing18__d7t1__00036.wav,lsp-sine,les_bridge_fing18,0.0062806606,les_neck_fing01__d7t1__00036.wav,lsp-hardclip,7,7,1,1,34.094517939627885,34.07942205160116
les_bridge_fing18__d7t2__00037.wav,lsp-sine,les_bridge_fing18,0.0022565126,les_neck_fing01__d7t2__00037.wav,lsp-arctan,7,7,2,2,34.094517939627885,34.09435618625095
les_bridge_fing18__d7t3__00038.wav,lsp-sine,les_bridge_fing18,0.0022952557,les_bridge_fing20__d7t3__00038.wav,lsp-arctan,7,7,3,3,34.094517939627885,34.09435618625095
les_bridge_fing18__d7t4__00039.wav,lsp-sine,les_bridge_fing18,0.0023874044,les_bridge_fing20__d7t4__00039.wav,lsp-arctan,7,7,4,4,34.094517939627885,34.09435618625095
les_bridge_fing23__d0t0__00000.wav,lsp-sine,les_bridge_fing23,0.0022095442,les_neck_pick12__d0t3__00003.wav,pedalboard-tanh,0,0,0,3,5.041347474059023,5.0
les_bridge_fing23__d0t1__00001.wav,lsp-sine,les_bridge_fing23,0.0010198951,les_neck_fing15__d0t3__00003.wav,pedalboard-tanh,0,0,1,3,5.041347474059023,5.0
les_bridge_fing23__d0t2__00002.wav,lsp-sine,les_bridge_fing23,0.002967,les_neck_pick21__d0t2__00002.wav,pedalboard-tanh,0,0,2,2,5.041347474059023,5.0
les_bridge_fing23__d0t3__00003.wav,lsp-sine,les_bridge_fing23,0.0037235022,les_neck_fing01__d0t3__00003.wav,pedalboard-tanh,0,0,3,3,5.041347474059023,5.0
les_bridge_fing23__d0t4__00004.wav,lsp-sine,les_bridge_fing23,0.0042067766,les_neck_pick21__d0t3__00003.wav,pedalboard-tanh,0,0,4,3,5.041347474059023,5.0
les_bridge_fing23__d1t0__00005.wav,lsp-sine,les_bridge_fing23,0.0034134984,les_neck_pick12__d0t3__00003.wav,pedalboard-tanh,1,0,0,3,9.202349861352678,5.0
les_bridge_fing23__d1t1__00006.wav,lsp-sine,les_bridge_fing23,0.0011627674,les_neck_fing15__d0t3__00003.wav,lsp-tanh,1,0,1,3,9.202349861352678,5.0
les_bridge_fing23__d1t2__00007.wav,lsp-sine,les_bridge_fing23,0.0028253198,les_neck_pick21__d0t2__00002.wav,lsp-tanh,1,0,2,2,9.202349861352678,5.0
les_bridge_fing23__d1t3__00008.wav,lsp-sine,les_bridge_fing23,0.0034679174,les_neck_pick14__d0t2__00002.wav,pedalboard-tanh,1,0,3,2,9.202349861352678,5.0
les_bridge_fing23__d1t4__00009.wav,lsp-sine,les_bridge_fing23,0.004196644,les_neck_pick21__d1t3__00008.wav,lsp-arctan,1,1,4,3,9.202349861352678,9.170316408518453
les_bridge_fing23__d2t0__00010.wav,lsp-sine,les_bridge_fing23,0.0021122694,les_neck_pick14__d2t0__00010.wav,lsp-hardclip,2,2,0,0,13.251366385956809,13.55142968534178
les_bridge_fing23__d2t1__00011.wav,lsp-sine,les_bridge_fing23,0.00163728,les_neck_pick05__d0t1__00001.wav,lsp-arctan,2,0,1,1,13.251366385956809,5.005872107125804
les_bridge_fing23__d2t2__00012.wav,lsp-sine,les_bridge_fing23,0.0033144355,les_neck_pick21__d1t2__00007.wav,byod-mxr,2,1,2,2,13.251366385956809,9.107670514338215
les_bridge_fing23__d2t3__00013.wav,lsp-sine,les_bridge_fing23,0.0020990372,les_neck_pick03__d0t4__00004.wav,byod-mxr,2,0,3,4,13.251366385956809,5.0
les_bridge_fing23__d2t4__00014.wav,lsp-sine,les_bridge_fing23,0.0046189427,les_neck_pick21__d2t3__00013.wav,lsp-tanh,2,2,4,3,13.251366385956809,13.297259315581634
les_bridge_fing23__d3t0__00015.wav,lsp-sine,les_bridge_fing23,0.0006964803,les_bridge_pick25__d0t2__00002.wav,lsp-arctan,3,0,0,2,17.46073355198249,5.005872107125804
les_bridge_fing23__d3t1__00016.wav,lsp-sine,les_bridge_fing23,0.0039721727,les_neck_pick09__d0t2__00002.wav,byod-mxr,3,0,1,2,17.46073355198249,5.0
les_bridge_fing23__d3t2__00017.wav,lsp-sine,les_bridge_fing23,0.001865983,les_neck_pick03__d2t3__00013.wav,pedalboard-tanh,3,2,2,3,17.46073355198249,13.296816138037473
les_bridge_fing23__d3t3__00018.wav,lsp-sine,les_bridge_fing23,0.003023982,les_bridge_fing17__d2t4__00014.wav,byod-mxr,3,2,3,4,17.46073355198249,13.292365801948186
les_bridge_fing23__d3t4__00019.wav,lsp-sine,les_bridge_fing23,0.0036994815,les_neck_fing01__d3t4__00019.wav,lsp-arctan,3,3,4,4,17.46073355198249,17.436825605717576
les_bridge_fing23__d4t0__00020.wav,lsp-sine,les_bridge_fing23,0.0015820265,les_bridge_pick16__d3t2__00017.wav,lsp-arctan,4,3,0,2,21.652716208419097,17.436825605717576
les_bridge_fing23__d4t1__00021.wav,lsp-sine,les_bridge_fing23,0.0058908463,les_neck_pick04__d3t2__00017.wav,lsp-arctan,4,3,1,2,21.652716208419097,17.436825605717576
les_bridge_fing23__d4t2__00022.wav,lsp-sine,les_bridge_fing23,0.0039637685,les_neck_pick03__d4t3__00023.wav,lsp-hardclip,4,4,2,3,21.652716208419097,21.54643860361127
les_bridge_fing23__d4t3__00023.wav,lsp-sine,les_bridge_fing23,0.006210804,les_neck_pick21__d4t3__00023.wav,byod-mxr,4,4,3,3,21.652716208419097,21.62039317761596
les_bridge_fing23__d4t4__00024.wav,lsp-sine,les_bridge_fing23,0.003764093,les_neck_pick21__d4t4__00024.wav,byod-mxr,4,4,4,4,21.652716208419097,21.62039317761596
les_bridge_fing23__d5t0__00025.wav,lsp-sine,les_bridge_fing23,0.0073127747,les_bridge_pick17__d4t1__00021.wav,lsp-hardclip,5,4,0,1,25.7855895742644,21.54643860361127
les_bridge_fing23__d5t1__00026.wav,lsp-sine,les_bridge_fing23,0.006314993,les_bridge_pick22__d4t3__00023.wav,lsp-arctan,5,4,1,3,25.7855895742644,21.613326710488973
les_bridge_fing23__d5t2__00027.wav,lsp-sine,les_bridge_fing23,0.005437672,les_neck_pick21__d5t2__00027.wav,pedalboard-tanh,5,5,2,2,25.7855895742644,25.782351420955937
les_bridge_fing23__d5t3__00028.wav,lsp-sine,les_bridge_fing23,0.0066708326,les_neck_pick21__d6t3__00033.wav,lsp-hardclip,5,6,3,3,25.7855895742644,29.908667593492765
les_bridge_fing23__d5t4__00029.wav,lsp-sine,les_bridge_fing23,0.0044238567,les_neck_pick21__d6t4__00034.wav,lsp-hardclip,5,6,4,4,25.7855895742644,29.908667593492765
les_bridge_fing23__d6t0__00030.wav,lsp-sine,les_bridge_fing23,0.004091859,les_bridge_pick16__d5t2__00027.wav,byod-bigmuff,6,5,0,2,29.915327656251563,25.77210742134771
les_bridge_fing23__d6t1__00031.wav,lsp-sine,les_bridge_fing23,0.0035375953,les_neck_pick03__d6t2__00032.wav,byod-bigmuff,6,6,1,2,29.915327656251563,29.9151414217934
les_bridge_fing23__d6t2__00032.wav,lsp-sine,les_bridge_fing23,0.0046052337,les_bridge_fing20__d6t2__00032.wav,lsp-tanh,6,6,2,2,29.915327656251563,29.89601395521624
les_bridge_fing23__d6t3__00033.wav,lsp-sine,les_bridge_fing23,0.0020458102,les_bridge_fing20__d6t3__00033.wav,lsp-tanh,6,6,3,3,29.915327656251563,29.89601395521624
les_bridge_fing23__d6t4__00034.wav,lsp-sine,les_bridge_fing23,0.0016431212,les_neck_pick04__d7t4__00039.wav,pedalboard-tanh,6,7,4,4,29.915327656251563,34.075823464139134
les_bridge_fing23__d7t0__00035.wav,lsp-sine,les_bridge_fing23,0.0038500428,les_bridge_fing20__d7t0__00035.wav,pedalboard-tanh,7,7,0,0,34.094517939627885,34.075823464139134
les_bridge_fing23__d7t1__00036.wav,lsp-sine,les_bridge_fing23,0.0046138763,les_bridge_fing20__d7t1__00036.wav,lsp-tanh,7,7,1,1,34.094517939627885,34.0729352593394
les_bridge_fing23__d7t2__00037.wav,lsp-sine,les_bridge_fing23,0.0012882948,les_bridge_pick17__d6t4__00034.wav,lsp-arctan,7,6,2,4,34.094517939627885,29.91872954355242
les_bridge_fing23__d7t3__00038.wav,lsp-sine,les_bridge_fing23,0.0016607046,les_bridge_fing17__d7t4__00039.wav,byod-mxr,7,7,3,4,34.094517939627885,34.08156088036171
les_bridge_fing23__d7t4__00039.wav,lsp-sine,les_bridge_fing23,0.0027948022,les_bridge_fing20__d7t4__00039.wav,lsp-hardclip,7,7,4,4,34.094517939627885,34.07942205160116
les_bridge_pick04__d0t0__00000.wav,lsp-sine,les_bridge_pick04,0.0028505921,les_neck_fing15__d0t3__00003.wav,pedalboard-tanh,0,0,0,3,5.041347474059023,5.0
les_bridge_pick04__d0t1__00001.wav,lsp-sine,les_bridge_pick04,0.0015001893,les_neck_pick04__d0t2__00002.wav,byod-mxr,0,0,1,2,5.041347474059023,5.0
les_bridge_pick04__d0t2__00002.wav,lsp-sine,les_bridge_pick04,0.0012922883,les_neck_pick02__d0t3__00003.wav,byod-mxr,0,0,2,3,5.041347474059023,5.0
les_bridge_pick04__d0t3__00003.wav,lsp-sine,les_bridge_pick04,0.00090128183,les_neck_pick05__d0t3__00003.wav,lsp-arctan,0,0,3,3,5.041347474059023,5.005872107125804
les_bridge_pick04__d0t4__00004.wav,lsp-sine,les_bridge_pick04,0.0030542016,les_neck_fing01__d1t4__00009.wav,byod-mxr,0,1,4,4,5.041347474059023,9.107670514338215
les_bridge_pick04__d1t0__00005.wav,lsp-sine,les_bridge_pick04,0.0030184984,les_bridge_fing24__d0t4__00004.wav,lsp-tanh,1,0,0,4,9.202349861352678,5.0
les_bridge_pick04__d1t1__00006.wav,lsp-sine,les_bridge_pick04,0.0014359355,les_neck_fing01__d2t2__00012.wav,lsp-arctan,1,2,1,2,9.202349861352678,13.270071970821393
les_bridge_pick04__d1t2__00007.wav,lsp-sine,les_bridge_pick04,0.0019102097,les_neck_fing01__d2t3__00013.wav,lsp-arctan,1,2,2,3,9.202349861352678,13.270071970821393
les_bridge_pick04__d1t3__00008.wav,lsp-sine,les_bridge_pick04,0.0015641451,les_neck_fing01__d2t4__00014.wav,pedalboard-tanh,1,2,3,4,9.202349861352678,13.296816138037473
les_bridge_pick04__d1t4__00009.wav,lsp-sine,les_bridge_pick04,0.0022406578,les_neck_pick05__d1t4__00009.wav,lsp-arctan,1,1,4,4,9.202349861352678,9.170316408518453
les_bridge_pick04__d2t0__00010.wav,lsp-sine,les_bridge_pick04,0.002270162,les_bridge_pick17__d0t4__00004.wav,lsp-arctan,2,0,0,4,13.251366385956809,5.005872107125804
les_bridge_pick04__d2t1__00011.wav,lsp-sine,les_bridge_pick04,0.0014522672,les_neck_pick02__d2t3__00013.wav,pedalboard-tanh,2,2,1,3,13.251366385956809,13.296816138037473
les_bridge_pick04__d2t2__00012.wav,lsp-sine,les_bridge_pick04,0.0019029975,les_neck_pick05__d2t3__00013.wav,lsp-arctan,2,2,2,3,13.251366385956809,13.270071970821393
les_bridge_pick04__d2t3__00013.wav,lsp-sine,les_bridge_pick04,0.003807485,les_neck_pick05__d2t4__00014.wav,lsp-tanh,2,2,3,4,13.251366385956809,13.297259315581634
les_bridge_pick04__d2t4__00014.wav,lsp-sine,les_bridge_pick04,0.0033662915,les_neck_pick21__d2t4__00014.wav,byod-mxr,2,2,4,4,13.251366385956809,13.292365801948186
les_bridge_pick04__d3t0__00015.wav,lsp-sine,les_bridge_pick04,0.0018604398,les_bridge_pick22__d1t4__00009.wav,byod-mxr,3,1,0,4,17.46073355198249,9.107670514338215
les_bridge_pick04__d3t1__00016.wav,lsp-sine,les_bridge_pick04,0.0035767555,les_neck_pick21__d3t2__00017.wav,lsp-arctan,3,3,1,2,17.46073355198249,17.436825605717576
les_bridge_pick04__d3t2__00017.wav,lsp-sine,les_bridge_pick04,0.0036620498,les_neck_pick03__d3t4__00019.wav,byod-mxr,3,3,2,4,17.46073355198249,17.452308155418716
les_bridge_pick04__d3t3__00018.wav,lsp-sine,les_bridge_pick04,0.0049886107,les_neck_pick21__d3t4__00019.wav,byod-mxr,3,3,3,4,17.46073355198249,17.452308155418716
les_bridge_pick04__d3t4__00019.wav,lsp-sine,les_bridge_pick04,0.0048999786,les_neck_pick21__d4t4__00024.wav,lsp-arctan,3,4,4,4,17.46073355198249,21.613326710488973
les_bridge_pick04__d4t0__00020.wav,lsp-sine,les_bridge_pick04,0.0061844587,les_bridge_fing20__d2t4__00014.wav,lsp-tanh,4,2,0,4,21.652716208419097,13.297259315581634
les_bridge_pick04__d4t1__00021.wav,lsp-sine,les_bridge_pick04,0.0012974143,les_bridge_fing17__d3t3__00018.wav,lsp-arctan,4,3,1,3,21.652716208419097,17.436825605717576
les_bridge_pick04__d4t2__00022.wav,lsp-sine,les_bridge_pick04,0.0026694536,les_neck_pick21__d4t3__00023.wav,byod-mxr,4,4,2,3,21.652716208419097,21.62039317761596
les_bridge_pick04__d4t3__00023.wav,lsp-sine,les_bridge_pick04,0.0015006065,les_neck_pick21__d4t4__00024.wav,lsp-arctan,4,4,3,4,21.652716208419097,21.613326710488973
les_bridge_pick04__d4t4__00024.wav,lsp-sine,les_bridge_pick04,0.0056391954,les_neck_pick14__d4t4__00024.wav,lsp-arctan,4,4,4,4,21.652716208419097,21.613326710488973
les_bridge_pick04__d5t0__00025.wav,lsp-sine,les_bridge_pick04,0.0066536665,les_neck_fing01__d5t1__00026.wav,byod-mxr,5,5,0,1,25.7855895742644,25.779078975465445
les_bridge_pick04__d5t1__00026.wav,lsp-sine,les_bridge_pick04,0.002060175,les_bridge_fing20__d4t4__00024.wav,lsp-arctan,5,4,1,4,25.7855895742644,21.613326710488973
les_bridge_pick04__d5t2__00027.wav,lsp-sine,les_bridge_pick04,0.0040314198,les_neck_fing01__d4t4__00024.wav,lsp-tanh,5,4,2,4,25.7855895742644,21.61115826291455
les_bridge_pick04__d5t3__00028.wav,lsp-sine,les_bridge_pick04,0.0018430948,les_neck_pick21__d5t4__00029.wav,pedalboard-tanh,5,5,3,4,25.7855895742644,25.782351420955937
les_bridge_pick04__d5t4__00029.wav,lsp-sine,les_bridge_pick04,0.0056537986,les_neck_pick14__d5t4__00029.wav,byod-mxr,5,5,4,4,25.7855895742644,25.779078975465445
les_bridge_pick04__d6t0__00030.wav,lsp-sine,les_bridge_pick04,0.0084005,les_neck_pick04__d6t1__00031.wav,byod-mxr,6,6,0,1,29.915327656251563,29.91150927100104
les_bridge_pick04__d6t1__00031.wav,lsp-sine,les_bridge_pick04,0.0058841705,les_bridge_pick17__d5t3__00028.wav,lsp-hardclip,6,5,1,3,29.915327656251563,25.79865436059077
les_bridge_pick04__d6t2__00032.wav,lsp-sine,les_bridge_pick04,0.0029990673,les_neck_pick14__d6t2__00032.wav,lsp-hardclip,6,6,2,2,29.915327656251563,29.908667593492765
les_bridge_pick04__d6t3__00033.wav,lsp-sine,les_bridge_pick04,0.0033755898,les_neck_pick14__d5t4__00029.wav,byod-mxr,6,5,3,4,29.915327656251563,25.779078975465445
les_bridge_pick04__d6t4__00034.wav,lsp-sine,les_bridge_pick04,0.0066660047,les_neck_pick14__d7t4__00039.wav,lsp-hardclip,6,7,4,4,29.915327656251563,34.07942205160116
les_bridge_pick04__d7t0__00035.wav,lsp-sine,les_bridge_pick04,0.007978916,les_bridge_pick22__d6t3__00033.wav,byod-mxr,7,6,0,3,34.094517939627885,29.91150927100104
les_bridge_pick04__d7t1__00036.wav,lsp-sine,les_bridge_pick04,0.006347239,les_bridge_fing20__d6t2__00032.wav,lsp-tanh,7,6,1,2,34.094517939627885,29.89601395521624
les_bridge_pick04__d7t2__00037.wav,lsp-sine,les_bridge_pick04,0.0033655167,les_bridge_pick17__d6t4__00034.wav,lsp-hardclip,7,6,2,4,34.094517939627885,29.908667593492765
les_bridge_pick04__d7t3__00038.wav,lsp-sine,les_bridge_pick04,0.0032682419,les_neck_fing01__d7t3__00038.wav,pedalboard-tanh,7,7,3,3,34.094517939627885,34.075823464139134
les_bridge_pick04__d7t4__00039.wav,lsp-sine,les_bridge_pick04,0.0045720935,les_neck_fing01__d7t4__00039.wav,lsp-tanh,7,7,4,4,34.094517939627885,34.0729352593394
les_bridge_pick09__d0t0__00000.wav,lsp-sine,les_bridge_pick09,0.0016501546,les_bridge_fing21__d2t0__00010.wav,byod-mxr,0,2,0,0,5.041347474059023,13.292365801948186
les_bridge_pick09__d0t1__00001.wav,lsp-sine,les_bridge_pick09,0.0023157,les_bridge_fing21__d1t1__00006.wav,byod-mxr,0,1,1,1,5.041347474059023,9.107670514338215
les_bridge_pick09__d0t2__00002.wav,lsp-sine,les_bridge_pick09,0.0006322861,les_bridge_fing17__d2t0__00010.wav,lsp-arctan,0,2,2,0,5.041347474059023,13.270071970821393
les_bridge_pick09__d0t3__00003.wav,lsp-sine,les_bridge_pick09,0.0018508434,les_bridge_pick25__d0t2__00002.wav,lsp-hardclip,0,0,3,2,5.041347474059023,5.063331073032135
les_bridge_pick09__d0t4__00004.wav,lsp-sine,les_bridge_pick09,0.0009096861,les_bridge_fing24__d0t3__00003.wav,byod-mxr,0,0,4,3,5.041347474059023,5.0
les_bridge_pick09__d1t0__00005.wav,lsp-sine,les_bridge_pick09,0.0012238026,les_bridge_fing21__d1t0__00005.wav,byod-mxr,1,1,0,0,9.202349861352678,9.107670514338215
les_bridge_pick09__d1t1__00006.wav,lsp-sine,les_bridge_pick09,0.0014003515,les_bridge_fing21__d1t1__00006.wav,byod-mxr,1,1,1,1,9.202349861352678,9.107670514338215
les_bridge_pick09__d1t2__00007.wav,lsp-sine,les_bridge_pick09,0.0010662079,les_bridge_fing17__d2t0__00010.wav,pedalboard-tanh,1,2,2,0,9.202349861352678,13.296816138037473
les_bridge_pick09__d1t3__00008.wav,lsp-sine,les_bridge_pick09,0.0014436245,les_neck_pick03__d1t1__00006.wav,byod-mxr,1,1,3,1,9.202349861352678,9.107670514338215
les_bridge_pick09__d1t4__00009.wav,lsp-sine,les_bridge_pick09,0.0011954904,les_bridge_fing24__d2t3__00013.wav,pedalboard-tanh,1,2,4,3,9.202349861352678,13.296816138037473
les_bridge_pick09__d2t0__00010.wav,lsp-sine,les_bridge_pick09,0.0010171533,les_neck_pick12__d2t0__00010.wav,lsp-tanh,2,2,0,0,13.251366385956809,13.297259315581634
les_bridge_pick09__d2t1__00011.wav,lsp-sine,les_bridge_pick09,0.001143992,les_bridge_fing21__d2t1__00011.wav,byod-mxr,2,2,1,1,13.251366385956809,13.292365801948186
les_bridge_pick09__d2t2__00012.wav,lsp-sine,les_bridge_pick09,0.002241075,les_neck_pick11__d0t1__00001.wav,lsp-arctan,2,0,2,1,13.251366385956809,5.005872107125804
les_bridge_pick09__d2t3__00013.wav,lsp-sine,les_bridge_pick09,0.0034157634,les_bridge_fing21__d2t3__00013.wav,byod-mxr,2,2,3,3,13.251366385956809,13.292365801948186
les_bridge_pick09__d2t4__00014.wav,lsp-sine,les_bridge_pick09,0.0049248934,les_bridge_pick17__d3t2__00017.wav,lsp-tanh,2,3,4,2,13.251366385956809,17.426284440144894
les_bridge_pick09__d3t0__00015.wav,lsp-sine,les_bridge_pick09,0.0015438795,les_bridge_fing21__d0t0__00000.wav,lsp-hardclip,3,0,0,0,17.46073355198249,5.063331073032135
les_bridge_pick09__d3t1__00016.wav,lsp-sine,les_bridge_pick09,0.0022797585,les_bridge_fing24__d3t1__00016.wav,lsp-arctan,3,3,1,1,17.46073355198249,17.436825605717576
les_bridge_pick09__d3t2__00017.wav,lsp-sine,les_bridge_pick09,0.0017744303,les_bridge_fing24__d3t2__00017.wav,lsp-tanh,3,3,2,2,17.46073355198249,17.426284440144894
les_bridge_pick09__d3t3__00018.wav,lsp-sine,les_bridge_pick09,0.0034499764,les_neck_pick11__d3t2__00017.wav,pedalboard-tanh,3,3,3,2,17.46073355198249,17.454399305827287
les_bridge_pick09__d3t4__00019.wav,lsp-sine,les_bridge_pick09,0.006250739,les_neck_fing01__d4t1__00021.wav,lsp-tanh,3,4,4,1,17.46073355198249,21.61115826291455
les_bridge_pick09__d4t0__00020.wav,lsp-sine,les_bridge_pick09,0.00086694956,les_bridge_fing24__d3t0__00015.wav,byod-mxr,4,3,0,0,21.652716208419097,17.452308155418716
les_bridge_pick09__d4t1__00021.wav,lsp-sine,les_bridge_pick09,0.0023061037,les_neck_pick03__d4t0__00020.wav,pedalboard-tanh,4,4,1,0,21.652716208419097,21.61638024087312
les_bridge_pick09__d4t2__00022.wav,lsp-sine,les_bridge_pick09,0.0041075945,les_neck_pick03__d4t1__00021.wav,pedalboard-tanh,4,4,2,1,21.652716208419097,21.61638024087312
les_bridge_pick09__d4t3__00023.wav,lsp-sine,les_bridge_pick09,0.004887998,les_neck_pick12__d4t4__00024.wav,lsp-tanh,4,4,3,4,21.652716208419097,21.61115826291455
les_bridge_pick09__d4t4__00024.wav,lsp-sine,les_bridge_pick09,0.002571404,les_bridge_pick25__d4t3__00023.wav,lsp-tanh,4,4,4,3,21.652716208419097,21.61115826291455
les_bridge_pick09__d5t0__00025.wav,lsp-sine,les_bridge_pick09,0.0029911995,les_neck_pick03__d1t1__00006.wav,byod-bigmuff,5,1,0,1,25.7855895742644,9.126662172709777
les_bridge_pick09__d5t1__00026.wav,lsp-sine,les_bridge_pick09,0.0069739223,les_neck_pick09__d3t2__00017.wav,byod-bigmuff,5,3,1,2,25.7855895742644,17.442946393617085
les_bridge_pick09__d5t2__00027.wav,lsp-sine,les_bridge_pick09,0.007146597,les_neck_pick11__d5t2__00027.wav,pedalboard-tanh,5,5,2,2,25.7855895742644,25.782351420955937
les_bridge_pick09__d5t3__00028.wav,lsp-sine,les_bridge_pick09,0.011330783,les_neck_pick04__d5t2__00027.wav,lsp-hardclip,5,5,3,2,25.7855895742644,25.79865436059077
les_bridge_pick09__d5t4__00029.wav,lsp-sine,les_bridge_pick09,0.006544471,les_bridge_fing21__d5t4__00029.wav,pedalboard-tanh,5,5,4,4,25.7855895742644,25.782351420955937
les_bridge_pick09__d6t0__00030.wav,lsp-sine,les_bridge_pick09,0.005123794,les_neck_pick11__d6t0__00030.wav,lsp-arctan,6,6,0,0,29.915327656251563,29.91872954355242
les_bridge_pick09__d6t1__00031.wav,lsp-sine,les_bridge_pick09,0.0024046302,les_bridge_fing21__d6t1__00031.wav,byod-mxr,6,6,1,1,29.915327656251563,29.91150927100104
les_bridge_pick09__d6t2__00032.wav,lsp-sine,les_bridge_pick09,0.0033278465,les_bridge_fing17__d6t1__00031.wav,byod-mxr,6,6,2,1,29.915327656251563,29.91150927100104
les_bridge_pick09__d6t3__00033.wav,lsp-sine,les_bridge_pick09,0.004344344,les_bridge_fing17__d6t2__00032.wav,byod-mxr,6,6,3,2,29.915327656251563,29.91150927100104
les_bridge_pick09__d6t4__00034.wav,lsp-sine,les_bridge_pick09,0.0021511912,les_neck_pick09__d6t4__00034.wav,lsp-hardclip,6,6,4,4,29.915327656251563,29.908667593492765
les_bridge_pick09__d7t0__00035.wav,lsp-sine,les_bridge_pick09,0.004085779,les_bridge_fing21__d7t0__00035.wav,lsp-hardclip,7,7,0,0,34.094517939627885,34.07942205160116
les_bridge_pick09__d7t1__00036.wav,lsp-sine,les_bridge_pick09,0.0038468242,les_neck_pick09__d7t1__00036.wav,byod-mxr,7,7,1,1,34.094517939627885,34.08156088036171
les_bridge_pick09__d7t2__00037.wav,lsp-sine,les_bridge_pick09,0.0033641458,les_bridge_fing21__d7t2__00037.wav,lsp-arctan,7,7,2,2,34.094517939627885,34.09435618625095
les_bridge_pick09__d7t3__00038.wav,lsp-sine,les_bridge_pick09,0.0015292764,les_bridge_pick25__d7t3__00038.wav,byod-mxr,7,7,3,3,34.094517939627885,34.08156088036171
les_bridge_pick09__d7t4__00039.wav,lsp-sine,les_bridge_pick09,0.0010334849,les_bridge_pick25__d7t4__00039.wav,byod-mxr,7,7,4,4,34.094517939627885,34.08156088036171
les_bridge_pick12__d0t0__00000.wav,lsp-sine,les_bridge_pick12,0.0015473962,les_neck_pick12__d0t0__00000.wav,lsp-tanh,0,0,0,0,5.041347474059023,5.0
les_bridge_pick12__d0t1__00001.wav,lsp-sine,les_bridge_pick12,0.0018061996,les_bridge_fing20__d1t0__00005.wav,pedalboard-tanh,0,1,1,0,5.041347474059023,9.146047429418331
les_bridge_pick12__d0t2__00002.wav,lsp-sine,les_bridge_pick12,0.0017371178,les_bridge_pick16__d1t1__00006.wav,pedalboard-tanh,0,1,2,1,5.041347474059023,9.146047429418331
les_bridge_pick12__d0t3__00003.wav,lsp-sine,les_bridge_pick12,0.00028979778,les_bridge_pick25__d0t1__00001.wav,pedalboard-tanh,0,0,3,1,5.041347474059023,5.0
les_bridge_pick12__d0t4__00004.wav,lsp-sine,les_bridge_pick12,0.00035637617,les_neck_fing15__d4t0__00020.wav,lsp-arctan,0,4,4,0,5.041347474059023,21.613326710488973
les_bridge_pick12__d1t0__00005.wav,lsp-sine,les_bridge_pick12,0.0015333295,les_neck_pick12__d0t0__00000.wav,lsp-tanh,1,0,0,0,9.202349861352678,5.0
les_bridge_pick12__d1t1__00006.wav,lsp-sine,les_bridge_pick12,0.00094795227,les_bridge_fing20__d2t0__00010.wav,pedalboard-tanh,1,2,1,0,9.202349861352678,13.296816138037473
les_bridge_pick12__d1t2__00007.wav,lsp-sine,les_bridge_pick12,0.002333641,les_bridge_fing21__d0t1__00001.wav,byod-mxr,1,0,2,1,9.202349861352678,5.0
les_bridge_pick12__d1t3__00008.wav,lsp-sine,les_bridge_pick12,0.00039869547,les_bridge_pick22__d0t1__00001.wav,byod-mxr,1,0,3,1,9.202349861352678,5.0
les_bridge_pick12__d1t4__00009.wav,lsp-sine,les_bridge_pick12,0.00057053566,les_bridge_fing17__d0t0__00000.wav,lsp-hardclip,1,0,4,0,9.202349861352678,5.063331073032135
les_bridge_pick12__d2t0__00010.wav,lsp-sine,les_bridge_pick12,0.0022486448,les_neck_pick07__d3t0__00015.wav,byod-mxr,2,3,0,0,13.251366385956809,17.452308155418716
les_bridge_pick12__d2t1__00011.wav,lsp-sine,les_bridge_pick12,0.0008119941,les_neck_pick07__d1t1__00006.wav,lsp-hardclip,2,1,1,1,13.251366385956809,9.35456396552498
les_bridge_pick12__d2t2__00012.wav,lsp-sine,les_bridge_pick12,0.0018928647,les_bridge_fing24__d2t1__00011.wav,lsp-arctan,2,2,2,1,13.251366385956809,13.270071970821393
les_bridge_pick12__d2t3__00013.wav,lsp-sine,les_bridge_pick12,0.0015086532,les_bridge_fing21__d1t2__00007.wav,byod-mxr,2,1,3,2,13.251366385956809,9.107670514338215
les_bridge_pick12__d2t4__00014.wav,lsp-sine,les_bridge_pick12,0.0019888878,les_neck_pick09__d0t1__00001.wav,pedalboard-tanh,2,0,4,1,13.251366385956809,5.0
les_bridge_pick12__d3t0__00015.wav,lsp-sine,les_bridge_pick12,0.00048530102,les_bridge_fing21__d2t0__00010.wav,lsp-arctan,3,2,0,0,17.46073355198249,13.270071970821393
les_bridge_pick12__d3t1__00016.wav,lsp-sine,les_bridge_pick12,0.001560688,les_bridge_pick25__d3t0__00015.wav,pedalboard-tanh,3,3,1,0,17.46073355198249,17.454399305827287
les_bridge_pick12__d3t2__00017.wav,lsp-sine,les_bridge_pick12,0.0010923743,les_bridge_fing24__d3t1__00016.wav,lsp-tanh,3,3,2,1,17.46073355198249,17.426284440144894
les_bridge_pick12__d3t3__00018.wav,lsp-sine,les_bridge_pick12,0.0070765615,les_neck_pick11__d3t1__00016.wav,byod-mxr,3,3,3,1,17.46073355198249,17.452308155418716
les_bridge_pick12__d3t4__00019.wav,lsp-sine,les_bridge_pick12,0.0019811392,les_bridge_pick22__d3t2__00017.wav,lsp-tanh,3,3,4,2,17.46073355198249,17.426284440144894
les_bridge_pick12__d4t0__00020.wav,lsp-sine,les_bridge_pick12,0.0015707612,les_neck_pick07__d3t1__00016.wav,byod-mxr,4,3,0,1,21.652716208419097,17.452308155418716
les_bridge_pick12__d4t1__00021.wav,lsp-sine,les_bridge_pick12,0.0025212765,les_bridge_pick22__d4t0__00020.wav,lsp-tanh,4,4,1,0,21.652716208419097,21.61115826291455
les_bridge_pick12__d4t2__00022.wav,lsp-sine,les_bridge_pick12,0.0019372702,les_neck_pick11__d4t1__00021.wav,byod-mxr,4,4,2,1,21.652716208419097,21.62039317761596
les_bridge_pick12__d4t3__00023.wav,lsp-sine,les_bridge_pick12,0.0050849915,les_bridge_pick25__d4t2__00022.wav,lsp-arctan,4,4,3,2,21.652716208419097,21.613326710488973
les_bridge_pick12__d4t4__00024.wav,lsp-sine,les_bridge_pick12,0.0059025288,les_bridge_fing24__d4t4__00024.wav,lsp-arctan,4,4,4,4,21.652716208419097,21.613326710488973
les_bridge_pick12__d5t0__00025.wav,lsp-sine,les_bridge_pick12,0.001603663,les_bridge_fing21__d3t1__00016.wav,lsp-hardclip,5,3,0,1,25.7855895742644,17.563088337099366
les_bridge_pick12__d5t1__00026.wav,lsp-sine,les_bridge_pick12,0.004501283,les_bridge_pick25__d4t1__00021.wav,lsp-hardclip,5,4,1,1,25.7855895742644,21.54643860361127
les_bridge_pick12__d5t2__00027.wav,lsp-sine,les_bridge_pick12,0.0032573342,les_bridge_fing24__d5t2__00027.wav,byod-mxr,5,5,2,2,25.7855895742644,25.779078975465445
les_bridge_pick12__d5t3__00028.wav,lsp-sine,les_bridge_pick12,0.0033703446,les_bridge_fing21__d5t3__00028.wav,byod-mxr,5,5,3,3,25.7855895742644,25.779078975465445
les_bridge_pick12__d5t4__00029.wav,lsp-sine,les_bridge_pick12,0.0038648248,les_bridge_fing21__d5t4__00029.wav,byod-mxr,5,5,4,4,25.7855895742644,25.779078975465445
les_bridge_pick12__d6t0__00030.wav,lsp-sine,les_bridge_pick12,0.00087451935,les_bridge_fing24__d2t2__00012.wav,byod-bigmuff,6,2,0,2,29.915327656251563,13.312631977514853
les_bridge_pick12__d6t1__00031.wav,lsp-sine,les_bridge_pick12,0.006405711,les_neck_pick11__d3t3__00018.wav,byod-bigmuff,6,3,1,3,29.915327656251563,17.442946393617085
les_bridge_pick12__d6t2__00032.wav,lsp-sine,les_bridge_pick12,0.002580285,les_bridge_pick25__d5t3__00028.wav,lsp-arctan,6,5,2,3,29.915327656251563,25.788497067568912
les_bridge_pick12__d6t3__00033.wav,lsp-sine,les_bridge_pick12,0.0017900467,les_neck_pick02__d6t3__00033.wav,lsp-hardclip,6,6,3,3,29.915327656251563,29.908667593492765
les_bridge_pick12__d6t4__00034.wav,lsp-sine,les_bridge_pick12,0.0015997887,les_neck_pick14__d5t4__00029.wav,byod-bigmuff,6,5,4,4,29.915327656251563,25.77210742134771
les_bridge_pick12__d7t0__00035.wav,lsp-sine,les_bridge_pick12,0.0016115308,les_bridge_pick22__d7t1__00036.wav,byod-mxr,7,7,0,1,34.094517939627885,34.08156088036171
les_bridge_pick12__d7t1__00036.wav,lsp-sine,les_bridge_pick12,0.0030475855,les_bridge_pick22__d7t2__00037.wav,lsp-hardclip,7,7,1,2,34.094517939627885,34.07942205160116
les_bridge_pick12__d7t2__00037.wav,lsp-sine,les_bridge_pick12,0.0026502013,les_neck_pick05__d7t2__00037.wav,lsp-hardclip,7,7,2,2,34.094517939627885,34.07942205160116
les_bridge_pick12__d7t3__00038.wav,lsp-sine,les_bridge_pick12,0.0017065406,les_bridge_fing24__d7t3__00038.wav,lsp-arctan,7,7,3,3,34.094517939627885,34.09435618625095
les_bridge_pick12__d7t4__00039.wav,lsp-sine,les_bridge_pick12,0.0012652874,les_neck_pick02__d7t4__00039.wav,lsp-tanh,7,7,4,4,34.094517939627885,34.0729352593394
les_bridge_pick21__d0t0__00000.wav,lsp-sine,les_bridge_pick21,0.003070414,les_neck_fing01__d0t0__00000.wav,byod-mxr,0,0,0,0,5.041347474059023,5.0
les_bridge_pick21__d0t1__00001.wav,lsp-sine,les_bridge_pick21,0.0017853379,les_neck_pick12__d0t4__00004.wav,pedalboard-tanh,0,0,1,4,5.041347474059023,5.0
les_bridge_pick21__d0t2__00002.wav,lsp-sine,les_bridge_pick21,0.0008253455,les_neck_pick04__d0t2__00002.wav,byod-mxr,0,0,2,2,5.041347474059023,5.0
les_bridge_pick21__d0t3__00003.wav,lsp-sine,les_bridge_pick21,0.00089234114,les_neck_pick02__d1t3__00008.wav,pedalboard-tanh,0,1,3,3,5.041347474059023,9.146047429418331
les_bridge_pick21__d0t4__00004.wav,lsp-sine,les_bridge_pick21,0.0013499856,les_neck_fing01__d1t3__00008.wav,lsp-arctan,0,1,4,3,5.041347474059023,9.170316408518453
les_bridge_pick21__d1t0__00005.wav,lsp-sine,les_bridge_pick21,0.0031809807,les_neck_fing15__d0t1__00001.wav,byod-mxr,1,0,0,1,9.202349861352678,5.0
les_bridge_pick21__d1t1__00006.wav,lsp-sine,les_bridge_pick21,0.0015658736,les_bridge_pick25__d0t3__00003.wav,pedalboard-tanh,1,0,1,3,9.202349861352678,5.0
les_bridge_pick21__d1t2__00007.wav,lsp-sine,les_bridge_pick21,0.0017787218,les_neck_fing01__d1t2__00007.wav,byod-mxr,1,1,2,2,9.202349861352678,9.107670514338215
les_bridge_pick21__d1t3__00008.wav,lsp-sine,les_bridge_pick21,0.0015076399,les_neck_pick02__d1t3__00008.wav,byod-mxr,1,1,3,3,9.202349861352678,9.107670514338215
les_bridge_pick21__d1t4__00009.wav,lsp-sine,les_bridge_pick21,0.0019091964,les_neck_pick04__d2t4__00014.wav,pedalboard-tanh,1,2,4,4,9.202349861352678,13.296816138037473
les_bridge_pick21__d2t0__00010.wav,lsp-sine,les_bridge_pick21,0.0036447048,les_bridge_fing21__d0t3__00003.wav,pedalboard-tanh,2,0,0,3,13.251366385956809,5.0
les_bridge_pick21__d2t1__00011.wav,lsp-sine,les_bridge_pick21,0.003572166,les_bridge_fing24__d1t4__00009.wav,lsp-arctan,2,1,1,4,13.251366385956809,9.170316408518453
les_bridge_pick21__d2t2__00012.wav,lsp-sine,les_bridge_pick21,0.0023343563,les_neck_pick04__d2t3__00013.wav,pedalboard-tanh,2,2,2,3,13.251366385956809,13.296816138037473
les_bridge_pick21__d2t3__00013.wav,lsp-sine,les_bridge_pick21,0.0020160675,les_neck_fing01__d2t3__00013.wav,byod-mxr,2,2,3,3,13.251366385956809,13.292365801948186
les_bridge_pick21__d2t4__00014.wav,lsp-sine,les_bridge_pick21,0.0022643209,les_neck_fing01__d2t4__00014.wav,byod-mxr,2,2,4,4,13.251366385956809,13.292365801948186
les_bridge_pick21__d3t0__00015.wav,lsp-sine,les_bridge_pick21,0.0040915012,les_bridge_pick25__d0t2__00002.wav,pedalboard-tanh,3,0,0,2,17.46073355198249,5.0
les_bridge_pick21__d3t1__00016.wav,lsp-sine,les_bridge_pick21,0.0039144754,les_bridge_pick17__d1t3__00008.wav,lsp-arctan,3,1,1,3,17.46073355198249,9.170316408518453
les_bridge_pick21__d3t2__00017.wav,lsp-sine,les_bridge_pick21,0.0026970506,les_neck_pick02__d2t3__00013.wav,lsp-tanh,3,2,2,3,17.46073355198249,13.297259315581634
les_bridge_pick21__d3t3__00018.wav,lsp-sine,les_bridge_pick21,0.0047311783,les_neck_pick05__d2t3__00013.wav,lsp-hardclip,3,2,3,3,17.46073355198249,13.55142968534178
les_bridge_pick21__d3t4__00019.wav,lsp-sine,les_bridge_pick21,0.005424559,les_neck_pick21__d2t4__00014.wav,byod-mxr,3,2,4,4,17.46073355198249,13.292365801948186
les_bridge_pick21__d4t0__00020.wav,lsp-sine,les_bridge_pick21,0.009709835,les_neck_pick04__d2t1__00011.wav,byod-mxr,4,2,0,1,21.652716208419097,13.292365801948186
les_bridge_pick21__d4t1__00021.wav,lsp-sine,les_bridge_pick21,0.005477369,les_neck_pick21__d3t3__00018.wav,byod-bigmuff,4,3,1,3,21.652716208419097,17.442946393617085
les_bridge_pick21__d4t2__00022.wav,lsp-sine,les_bridge_pick21,0.006473601,les_neck_pick11__d1t4__00009.wav,byod-mxr,4,1,2,4,21.652716208419097,9.107670514338215
les_bridge_pick21__d4t3__00023.wav,lsp-sine,les_bridge_pick21,0.0065772533,les_neck_pick05__d3t4__00019.wav,lsp-hardclip,4,3,3,4,21.652716208419097,17.563088337099366
les_bridge_pick21__d4t4__00024.wav,lsp-sine,les_bridge_pick21,0.008184433,les_neck_pick21__d3t4__00019.wav,lsp-tanh,4,3,4,4,21.652716208419097,17.426284440144894
les_bridge_pick21__d5t0__00025.wav,lsp-sine,les_bridge_pick21,0.010378778,les_bridge_pick25__d1t3__00008.wav,byod-mxr,5,1,0,3,25.7855895742644,9.107670514338215
les_bridge_pick21__d5t1__00026.wav,lsp-sine,les_bridge_pick21,0.005394399,les_bridge_pick17__d3t3__00018.wav,byod-mxr,5,3,1,3,25.7855895742644,17.452308155418716
les_bridge_pick21__d5t2__00027.wav,lsp-sine,les_bridge_pick21,0.0047824383,les_neck_pick05__d4t3__00023.wav,lsp-hardclip,5,4,2,3,25.7855895742644,21.54643860361127
les_bridge_pick21__d5t3__00028.wav,lsp-sine,les_bridge_pick21,0.0049899817,les_neck_pick21__d4t4__00024.wav,pedalboard-tanh,5,4,3,4,25.7855895742644,21.61638024087312
les_bridge_pick21__d5t4__00029.wav,lsp-sine,les_bridge_pick21,0.012794077,les_neck_pick14__d4t4__00024.wav,lsp-arctan,5,4,4,4,25.7855895742644,21.613326710488973
les_bridge_pick21__d6t0__00030.wav,lsp-sine,les_bridge_pick21,0.0056973696,les_bridge_pick16__d2t3__00013.wav,lsp-hardclip,6,2,0,3,29.915327656251563,13.55142968534178
les_bridge_pick21__d6t1__00031.wav,lsp-sine,les_bridge_pick21,0.0066358447,les_neck_pick03__d4t3__00023.wav,byod-bigmuff,6,4,1,3,29.915327656251563,21.5884141303546
les_bridge_pick21__d6t2__00032.wav,lsp-sine,les_bridge_pick21,0.0026985407,les_neck_pick05__d5t4__00029.wav,lsp-hardclip,6,5,2,4,29.915327656251563,25.79865436059077
les_bridge_pick21__d6t3__00033.wav,lsp-sine,les_bridge_pick21,0.006475389,les_neck_pick14__d5t4__00029.wav,lsp-hardclip,6,5,3,4,29.915327656251563,25.79865436059077
les_bridge_pick21__d6t4__00034.wav,lsp-sine,les_bridge_pick21,0.0073961616,les_neck_pick14__d7t3__00038.wav,lsp-hardclip,6,7,4,3,29.915327656251563,34.07942205160116
les_bridge_pick21__d7t0__00035.wav,lsp-sine,les_bridge_pick21,0.0136038065,les_neck_pick07__d5t4__00029.wav,byod-mxr,7,5,0,4,34.094517939627885,25.779078975465445
les_bridge_pick21__d7t1__00036.wav,lsp-sine,les_bridge_pick21,0.009745061,les_bridge_pick17__d5t3__00028.wav,lsp-tanh,7,5,1,3,34.094517939627885,25.766463780707188
les_bridge_pick21__d7t2__00037.wav,lsp-sine,les_bridge_pick21,0.0034304261,les_neck_pick04__d6t4__00034.wav,lsp-hardclip,7,6,2,4,34.094517939627885,29.908667593492765
les_bridge_pick21__d7t3__00038.wav,lsp-sine,les_bridge_pick21,0.002116561,les_neck_fing01__d7t3__00038.wav,pedalboard-tanh,7,7,3,3,34.094517939627885,34.075823464139134
les_bridge_pick21__d7t4__00039.wav,lsp-sine,les_bridge_pick21,0.0012041926,les_neck_fing01__d7t4__00039.wav,lsp-arctan,7,7,4,4,34.094517939627885,34.09435618625095
les_neck_fing03__d0t0__00000.wav,lsp-sine,les_neck_fing03,0.0005095005,les_bridge_pick16__d1t1__00006.wav,lsp-arctan,0,1,0,1,5.041347474059023,9.170316408518453
les_neck_fing03__d0t1__00001.wav,lsp-sine,les_neck_fing03,0.0012246966,les_neck_fing15__d2t1__00011.wav,lsp-tanh,0,2,1,1,5.041347474059023,13.297259315581634
les_neck_fing03__d0t2__00002.wav,lsp-sine,les_neck_fing03,0.0012723804,les_bridge_pick17__d0t3__00003.wav,pedalboard-tanh,0,0,2,3,5.041347474059023,5.0
les_neck_fing03__d0t3__00003.wav,lsp-sine,les_neck_fing03,0.0021995306,les_neck_fing01__d2t2__00012.wav,lsp-arctan,0,2,3,2,5.041347474059023,13.270071970821393
les_neck_fing03__d0t4__00004.wav,lsp-sine,les_neck_fing03,0.0023020506,les_neck_fing01__d1t3__00008.wav,lsp-arctan,0,1,4,3,5.041347474059023,9.170316408518453
les_neck_fing03__d1t0__00005.wav,lsp-sine,les_neck_fing03,0.00078958273,les_neck_pick12__d2t1__00011.wav,lsp-hardclip,1,2,0,1,9.202349861352678,13.55142968534178
les_neck_fing03__d1t1__00006.wav,lsp-sine,les_neck_fing03,0.00045251846,les_bridge_pick16__d1t2__00007.wav,byod-mxr,1,1,1,2,9.202349861352678,9.107670514338215
les_neck_fing03__d1t2__00007.wav,lsp-sine,les_neck_fing03,0.0012207031,les_bridge_pick17__d1t3__00008.wav,pedalboard-tanh,1,1,2,3,9.202349861352678,9.146047429418331
les_neck_fing03__d1t3__00008.wav,lsp-sine,les_neck_fing03,0.0023640394,les_neck_pick05__d0t2__00002.wav,lsp-hardclip,1,0,3,2,9.202349861352678,5.063331073032135
les_neck_fing03__d1t4__00009.wav,lsp-sine,les_neck_fing03,0.002513051,les_neck_pick02__d1t4__00009.wav,pedalboard-tanh,1,1,4,4,9.202349861352678,9.146047429418331
les_neck_fing03__d2t0__00010.wav,lsp-sine,les_neck_fing03,0.0013586283,les_neck_pick12__d3t1__00016.wav,lsp-hardclip,2,3,0,1,13.251366385956809,17.563088337099366
les_neck_fing03__d2t1__00011.wav,lsp-sine,les_neck_fing03,0.0017371178,les_bridge_pick17__d2t1__00011.wav,byod-mxr,2,2,1,1,13.251366385956809,13.292365801948186
les_neck_fing03__d2t2__00012.wav,lsp-sine,les_neck_fing03,0.0022329688,les_bridge_pick17__d2t3__00013.wav,pedalboard-tanh,2,2,2,3,13.251366385956809,13.296816138037473
les_neck_fing03__d2t3__00013.wav,lsp-sine,les_neck_fing03,0.0024549365,les_neck_fing01__d3t2__00017.wav,byod-mxr,2,3,3,2,13.251366385956809,17.452308155418716
les_neck_fing03__d2t4__00014.wav,lsp-sine,les_neck_fing03,0.0033364892,les_bridge_fing17__d2t4__00014.wav,pedalboard-tanh,2,2,4,4,13.251366385956809,13.296816138037473
les_neck_fing03__d3t0__00015.wav,lsp-sine,les_neck_fing03,0.0018892884,les_neck_pick03__d4t0__00020.wav,lsp-hardclip,3,4,0,0,17.46073355198249,21.54643860361127
les_neck_fing03__d3t1__00016.wav,lsp-sine,les_neck_fing03,0.0024096966,les_bridge_pick22__d3t2__00017.wav,lsp-arctan,3,3,1,2,17.46073355198249,17.436825605717576
les_neck_fing03__d3t2__00017.wav,lsp-sine,les_neck_fing03,0.0051180124,les_neck_pick03__d4t2__00022.wav,lsp-tanh,3,4,2,2,17.46073355198249,21.61115826291455
les_neck_fing03__d3t3__00018.wav,lsp-sine,les_neck_fing03,0.0020698905,les_bridge_fing17__d3t3__00018.wav,byod-mxr,3,3,3,3,17.46073355198249,17.452308155418716
les_neck_fing03__d3t4__00019.wav,lsp-sine,les_neck_fing03,0.0039254427,les_bridge_fing17__d3t4__00019.wav,pedalboard-tanh,3,3,4,4,17.46073355198249,17.454399305827287
les_neck_fing03__d4t0__00020.wav,lsp-sine,les_neck_fing03,0.0042492747,les_neck_pick02__d4t0__00020.wav,byod-mxr,4,4,0,0,21.652716208419097,21.62039317761596
les_neck_fing03__d4t1__00021.wav,lsp-sine,les_neck_fing03,0.003352344,les_neck_pick03__d5t1__00026.wav,byod-mxr,4,5,1,1,21.652716208419097,25.779078975465445
les_neck_fing03__d4t2__00022.wav,lsp-sine,les_neck_fing03,0.0060760975,les_neck_pick11__d4t3__00023.wav,byod-mxr,4,4,2,3,21.652716208419097,21.62039317761596
les_neck_fing03__d4t3__00023.wav,lsp-sine,les_neck_fing03,0.0018580556,les_neck_pick03__d5t3__00028.wav,lsp-hardclip,4,5,3,3,21.652716208419097,25.79865436059077
les_neck_fing03__d4t4__00024.wav,lsp-sine,les_neck_fing03,0.0037198067,les_neck_pick02__d4t4__00024.wav,lsp-tanh,4,4,4,4,21.652716208419097,21.61115826291455
les_neck_fing03__d5t0__00025.wav,lsp-sine,les_neck_fing03,0.005033672,les_neck_pick11__d5t1__00026.wav,lsp-hardclip,5,5,0,1,25.7855895742644,25.79865436059077
les_neck_fing03__d5t1__00026.wav,lsp-sine,les_neck_fing03,0.0069253445,les_bridge_fing17__d5t1__00026.wav,byod-mxr,5,5,1,1,25.7855895742644,25.779078975465445
les_neck_fing03__d5t2__00027.wav,lsp-sine,les_neck_fing03,0.006322205,les_neck_pick02__d5t2__00027.wav,pedalboard-tanh,5,5,2,2,25.7855895742644,25.782351420955937
les_neck_fing03__d5t3__00028.wav,lsp-sine,les_neck_fing03,0.0022682548,les_neck_pick04__d5t3__00028.wav,lsp-tanh,5,5,3,3,25.7855895742644,25.766463780707188
les_neck_fing03__d5t4__00029.wav,lsp-sine,les_neck_fing03,0.0027893782,les_neck_pick04__d5t4__00029.wav,lsp-tanh,5,5,4,4,25.7855895742644,25.766463780707188
les_neck_fing03__d6t0__00030.wav,lsp-sine,les_neck_fing03,0.008208096,les_neck_pick03__d6t1__00031.wav,lsp-hardclip,6,6,0,1,29.915327656251563,29.908667593492765
les_neck_fing03__d6t1__00031.wav,lsp-sine,les_neck_fing03,0.0066897273,les_bridge_fing24__d6t2__00032.wav,byod-mxr,6,6,1,2,29.915327656251563,29.91150927100104
les_neck_fing03__d6t2__00032.wav,lsp-sine,les_neck_fing03,0.0028015971,les_neck_fing01__d6t2__00032.wav,lsp-arctan,6,6,2,2,29.915327656251563,29.91872954355242
les_neck_fing03__d6t3__00033.wav,lsp-sine,les_neck_fing03,0.001777947,les_neck_pick12__d7t4__00039.wav,pedalboard-tanh,6,7,3,4,29.915327656251563,34.075823464139134
les_neck_fing03__d6t4__00034.wav,lsp-sine,les_neck_fing03,0.0012943149,les_neck_pick04__d6t4__00034.wav,pedalboard-tanh,6,6,4,4,29.915327656251563,29.92239131554786
les_neck_fing03__d7t0__00035.wav,lsp-sine,les_neck_fing03,0.0065236688,les_neck_pick09__d7t1__00036.wav,byod-mxr,7,7,0,1,34.094517939627885,34.08156088036171
les_neck_fing03__d7t1__00036.wav,lsp-sine,les_neck_fing03,0.003295064,les_neck_pick04__d7t2__00037.wav,byod-bigmuff,7,7,1,2,34.094517939627885,34.074932620854284
les_neck_fing03__d7t2__00037.wav,lsp-sine,les_neck_fing03,0.0007556677,les_neck_pick03__d7t3__00038.wav,lsp-arctan,7,7,2,3,34.094517939627885,34.09435618625095
les_neck_fing03__d7t3__00038.wav,lsp-sine,les_neck_fing03,0.0033775568,les_neck_pick04__d7t4__00039.wav,byod-bigmuff,7,7,3,4,34.094517939627885,34.074932620854284
les_neck_fing03__d7t4__00039.wav,lsp-sine,les_neck_fing03,0.0015047789,les_bridge_fing24__d7t4__00039.wav,lsp-tanh,7,7,4,4,34.094517939627885,34.0729352593394
les_neck_fing04__d0t0__00000.wav,lsp-sine,les_neck_fing04,0.0014385581,les_neck_pick12__d3t0__00015.wav,byod-mxr,0,3,0,0,5.041347474059023,17.452308155418716
les_neck_fing04__d0t1__00001.wav,lsp-sine,les_neck_fing04,0.001991868,les_bridge_pick17__d3t0__00015.wav,byod-mxr,0,3,1,0,5.041347474059023,17.452308155418716
les_neck_fing04__d0t2__00002.wav,lsp-sine,les_neck_fing04,0.0048392415,les_bridge_fing17__d1t1__00006.wav,byod-mxr,0,1,2,1,5.041347474059023,9.107670514338215
les_neck_fing04__d0t3__00003.wav,lsp-sine,les_neck_fing04,0.0045114756,les_neck_pick02__d1t2__00007.wav,byod-mxr,0,1,3,2,5.041347474059023,9.107670514338215
les_neck_fing04__d0t4__00004.wav,lsp-sine,les_neck_fing04,0.0040049553,les_neck_pick02__d2t3__00013.wav,lsp-arctan,0,2,4,3,5.041347474059023,13.270071970821393
les_neck_fing04__d1t0__00005.wav,lsp-sine,les_neck_fing04,0.0018416643,les_neck_pick12__d3t0__00015.wav,byod-mxr,1,3,0,0,9.202349861352678,17.452308155418716
les_neck_fing04__d1t1__00006.wav,lsp-sine,les_neck_fing04,0.0019117594,les_bridge_pick22__d2t1__00011.wav,lsp-tanh,1,2,1,1,9.202349861352678,13.297259315581634
les_neck_fing04__d1t2__00007.wav,lsp-sine,les_neck_fing04,0.0043871403,les_bridge_pick17__d2t2__00012.wav,pedalboard-tanh,1,2,2,2,9.202349861352678,13.296816138037473
les_neck_fing04__d1t3__00008.wav,lsp-sine,les_neck_fing04,0.004544437,les_bridge_pick22__d1t4__00009.wav,byod-mxr,1,1,3,4,9.202349861352678,9.107670514338215
les_neck_fing04__d1t4__00009.wav,lsp-sine,les_neck_fing04,0.0047718287,les_neck_pick02__d2t3__00013.wav,lsp-tanh,1,2,4,3,9.202349861352678,13.297259315581634
les_neck_fing04__d2t0__00010.wav,lsp-sine,les_neck_fing04,0.0012999773,les_bridge_fing24__d3t0__00015.wav,lsp-arctan,2,3,0,0,13.251366385956809,17.436825605717576
les_neck_fing04__d2t1__00011.wav,lsp-sine,les_neck_fing04,0.0027521253,les_neck_pick03__d3t0__00015.wav,byod-mxr,2,3,1,0,13.251366385956809,17.452308155418716
les_neck_fing04__d2t2__00012.wav,lsp-sine,les_neck_fing04,0.006578207,les_bridge_fing17__d2t1__00011.wav,byod-mxr,2,2,2,1,13.251366385956809,13.292365801948186
les_neck_fing04__d2t3__00013.wav,lsp-sine,les_neck_fing04,0.0042977333,les_bridge_pick17__d2t4__00014.wav,pedalboard-tanh,2,2,3,4,13.251366385956809,13.296816138037473
les_neck_fing04__d2t4__00014.wav,lsp-sine,les_neck_fing04,0.0040016174,les_bridge_pick16__d2t4__00014.wav,byod-bigmuff,2,2,4,4,13.251366385956809,13.312631977514853
les_neck_fing04__d3t0__00015.wav,lsp-sine,les_neck_fing04,0.001383841,les_bridge_fing24__d3t0__00015.wav,pedalboard-tanh,3,3,0,0,17.46073355198249,17.454399305827287
les_neck_fing04__d3t1__00016.wav,lsp-sine,les_neck_fing04,0.001983285,les_neck_pick02__d3t0__00015.wav,pedalboard-tanh,3,3,1,0,17.46073355198249,17.454399305827287
les_neck_fing04__d3t2__00017.wav,lsp-sine,les_neck_fing04,0.0025476217,les_neck_pick05__d3t1__00016.wav,pedalboard-tanh,3,3,2,1,17.46073355198249,17.454399305827287
les_neck_fing04__d3t3__00018.wav,lsp-sine,les_neck_fing04,0.0023881197,les_neck_pick11__d4t3__00023.wav,lsp-hardclip,3,4,3,3,17.46073355198249,21.54643860361127
les_neck_fing04__d3t4__00019.wav,lsp-sine,les_neck_fing04,0.0022472143,les_neck_pick11__d2t4__00014.wav,byod-mxr,3,2,4,4,17.46073355198249,13.292365801948186
les_neck_fing04__d4t0__00020.wav,lsp-sine,les_neck_fing04,0.0011572242,les_neck_pick11__d4t0__00020.wav,lsp-arctan,4,4,0,0,21.652716208419097,21.613326710488973
les_neck_fing04__d4t1__00021.wav,lsp-sine,les_neck_fing04,0.0020582676,les_neck_pick02__d4t0__00020.wav,lsp-tanh,4,4,1,0,21.652716208419097,21.61115826291455
les_neck_fing04__d4t2__00022.wav,lsp-sine,les_neck_fing04,0.0032894015,les_bridge_pick17__d4t2__00022.wav,lsp-tanh,4,4,2,2,21.652716208419097,21.61115826291455
les_neck_fing04__d4t3__00023.wav,lsp-sine,les_neck_fing04,0.004411578,les_bridge_pick17__d4t3__00023.wav,byod-mxr,4,4,3,3,21.652716208419097,21.62039317761596
les_neck_fing04__d4t4__00024.wav,lsp-sine,les_neck_fing04,0.0026369095,les_neck_pick09__d4t4__00024.wav,byod-mxr,4,4,4,4,21.652716208419097,21.62039317761596
les_neck_fing04__d5t0__00025.wav,lsp-sine,les_neck_fing04,0.007222414,les_neck_pick07__d6t1__00031.wav,pedalboard-tanh,5,6,0,1,25.7855895742644,29.92239131554786
les_neck_fing04__d5t1__00026.wav,lsp-sine,les_neck_fing04,0.0066632032,les_neck_pick09__d5t1__00026.wav,pedalboard-tanh,5,5,1,1,25.7855895742644,25.782351420955937
les_neck_fing04__d5t2__00027.wav,lsp-sine,les_neck_fing04,0.004501939,les_bridge_fing21__d5t3__00028.wav,byod-mxr,5,5,2,3,25.7855895742644,25.779078975465445
les_neck_fing04__d5t3__00028.wav,lsp-sine,les_neck_fing04,0.002158165,les_bridge_pick17__d4t4__00024.wav,lsp-tanh,5,4,3,4,25.7855895742644,21.61115826291455
les_neck_fing04__d5t4__00029.wav,lsp-sine,les_neck_fing04,0.002281189,les_neck_pick09__d5t4__00029.wav,lsp-tanh,5,5,4,4,25.7855895742644,25.766463780707188
les_neck_fing04__d6t0__00030.wav,lsp-sine,les_neck_fing04,0.0029240847,les_bridge_fing24__d6t0__00030.wav,lsp-tanh,6,6,0,0,29.915327656251563,29.89601395521624
les_neck_fing04__d6t1__00031.wav,lsp-sine,les_neck_fing04,0.0032593012,les_bridge_pick25__d6t1__00031.wav,lsp-arctan,6,6,1,1,29.915327656251563,29.91872954355242
les_neck_fing04__d6t2__00032.wav,lsp-sine,les_neck_fing04,0.004351735,les_neck_pick04__d7t1__00036.wav,lsp-arctan,6,7,2,1,29.915327656251563,34.09435618625095
les_neck_fing04__d6t3__00033.wav,lsp-sine,les_neck_fing04,0.004243374,les_bridge_fing20__d6t2__00032.wav,lsp-tanh,6,6,3,2,29.915327656251563,29.89601395521624
les_neck_fing04__d6t4__00034.wav,lsp-sine,les_neck_fing04,0.0027734041,les_neck_fing01__d7t3__00038.wav,byod-bigmuff,6,7,4,3,29.915327656251563,34.074932620854284
les_neck_fing04__d7t0__00035.wav,lsp-sine,les_neck_fing04,0.0015410781,les_neck_pick09__d7t0__00035.wav,lsp-arctan,7,7,0,0,34.094517939627885,34.09435618625095
les_neck_fing04__d7t1__00036.wav,lsp-sine,les_neck_fing04,0.0029017925,les_bridge_pick22__d7t2__00037.wav,byod-mxr,7,7,1,2,34.094517939627885,34.08156088036171
les_neck_fing04__d7t2__00037.wav,lsp-sine,les_neck_fing04,0.0019040108,les_neck_pick02__d7t2__00037.wav,lsp-tanh,7,7,2,2,34.094517939627885,34.0729352593394
les_neck_fing04__d7t3__00038.wav,lsp-sine,les_neck_fing04,0.0012331009,les_neck_pick02__d7t3__00038.wav,lsp-arctan,7,7,3,3,34.094517939627885,34.09435618625095
les_neck_fing04__d7t4__00039.wav,lsp-sine,les_neck_fing04,0.00066947937,les_neck_pick05__d7t4__00039.wav,lsp-arctan,7,7,4,4,34.094517939627885,34.09435618625095
les_neck_fing09__d0t0__00000.wav,lsp-sine,les_neck_fing09,0.0013548732,les_neck_fing15__d1t0__00005.wav,byod-bigmuff,0,1,0,0,5.041347474059023,9.126662172709777
les_neck_fing09__d0t1__00001.wav,lsp-sine,les_neck_fing09,0.0009798408,les_bridge_pick16__d2t1__00011.wav,lsp-arctan,0,2,1,1,5.041347474059023,13.270071970821393
les_neck_fing09__d0t2__00002.wav,lsp-sine,les_neck_fing09,0.0038193464,les_neck_pick12__d0t3__00003.wav,pedalboard-tanh,0,0,2,3,5.041347474059023,5.0
les_neck_fing09__d0t3__00003.wav,lsp-sine,les_neck_fing09,0.001403153,les_bridge_pick16__d0t4__00004.wav,lsp-arctan,0,0,3,4,5.041347474059023,5.005872107125804
les_neck_fing09__d0t4__00004.wav,lsp-sine,les_neck_fing09,0.004163742,les_neck_pick04__d0t3__00003.wav,pedalboard-tanh,0,0,4,3,5.041347474059023,5.0
les_neck_fing09__d1t0__00005.wav,lsp-sine,les_neck_fing09,0.0018697381,les_neck_pick12__d1t0__00005.wav,pedalboard-tanh,1,1,0,0,9.202349861352678,9.146047429418331
les_neck_fing09__d1t1__00006.wav,lsp-sine,les_neck_fing09,0.0013692975,les_neck_pick12__d2t1__00011.wav,lsp-hardclip,1,2,1,1,9.202349861352678,13.55142968534178
les_neck_fing09__d1t2__00007.wav,lsp-sine,les_neck_fing09,0.0021297932,les_bridge_pick22__d0t2__00002.wav,lsp-arctan,1,0,2,2,9.202349861352678,5.005872107125804
les_neck_fing09__d1t3__00008.wav,lsp-sine,les_neck_fing09,0.001725316,les_bridge_pick16__d1t4__00009.wav,lsp-tanh,1,1,3,4,9.202349861352678,9.088421535688989
les_neck_fing09__d1t4__00009.wav,lsp-sine,les_neck_fing09,0.0030038953,les_neck_pick04__d0t3__00003.wav,lsp-tanh,1,0,4,3,9.202349861352678,5.0
les_neck_fing09__d2t0__00010.wav,lsp-sine,les_neck_fing09,0.0025165677,les_bridge_fing21__d1t0__00005.wav,pedalboard-tanh,2,1,0,0,13.251366385956809,9.146047429418331
les_neck_fing09__d2t1__00011.wav,lsp-sine,les_neck_fing09,0.003016889,les_neck_pick09__d0t0__00000.wav,lsp-tanh,2,0,1,0,13.251366385956809,5.0
les_neck_fing09__d2t2__00012.wav,lsp-sine,les_neck_fing09,0.0014442801,les_neck_pick02__d2t1__00011.wav,lsp-arctan,2,2,2,1,13.251366385956809,13.270071970821393
les_neck_fing09__d2t3__00013.wav,lsp-sine,les_neck_fing09,0.002768457,les_bridge_pick17__d0t3__00003.wav,lsp-hardclip,2,0,3,3,13.251366385956809,5.063331073032135
les_neck_fing09__d2t4__00014.wav,lsp-sine,les_neck_fing09,0.0028916001,les_neck_pick04__d2t3__00013.wav,pedalboard-tanh,2,2,4,3,13.251366385956809,13.296816138037473
les_neck_fing09__d3t0__00015.wav,lsp-sine,les_neck_fing09,0.0008930564,les_neck_pick12__d3t0__00015.wav,pedalboard-tanh,3,3,0,0,17.46073355198249,17.454399305827287
les_neck_fing09__d3t1__00016.wav,lsp-sine,les_neck_fing09,0.0027310252,les_neck_pick03__d3t0__00015.wav,pedalboard-tanh,3,3,1,0,17.46073355198249,17.454399305827287
les_neck_fing09__d3t2__00017.wav,lsp-sine,les_neck_fing09,0.0028554797,les_neck_pick02__d3t1__00016.wav,byod-mxr,3,3,2,1,17.46073355198249,17.452308155418716
les_neck_fing09__d3t3__00018.wav,lsp-sine,les_neck_fing09,0.0041844845,les_neck_pick04__d4t2__00022.wav,lsp-hardclip,3,4,3,2,17.46073355198249,21.54643860361127
les_neck_fing09__d3t4__00019.wav,lsp-sine,les_neck_fing09,0.0041487813,les_neck_pick04__d3t3__00018.wav,lsp-tanh,3,3,4,3,17.46073355198249,17.426284440144894
les_neck_fing09__d4t0__00020.wav,lsp-sine,les_neck_fing09,0.0021973848,les_bridge_fing24__d0t1__00001.wav,byod-bigmuff,4,0,0,1,21.652716208419097,5.044777586688817
les_neck_fing09__d4t1__00021.wav,lsp-sine,les_neck_fing09,0.0038781166,les_neck_pick03__d4t0__00020.wav,pedalboard-tanh,4,4,1,0,21.652716208419097,21.61638024087312
les_neck_fing09__d4t2__00022.wav,lsp-sine,les_neck_fing09,0.0014789104,les_neck_pick12__d5t2__00027.wav,byod-mxr,4,5,2,2,21.652716208419097,25.779078975465445
les_neck_fing09__d4t3__00023.wav,lsp-sine,les_neck_fing09,0.0030144453,les_neck_pick11__d4t3__00023.wav,lsp-tanh,4,4,3,3,21.652716208419097,21.61115826291455
les_neck_fing09__d4t4__00024.wav,lsp-sine,les_neck_fing09,0.0045834184,les_neck_pick09__d4t3__00023.wav,pedalboard-tanh,4,4,4,3,21.652716208419097,21.61638024087312
les_neck_fing09__d5t0__00025.wav,lsp-sine,les_neck_fing09,0.0013206601,les_bridge_fing24__d1t1__00006.wav,byod-bigmuff,5,1,0,1,25.7855895742644,9.126662172709777
les_neck_fing09__d5t1__00026.wav,lsp-sine,les_neck_fing09,0.0053570867,les_bridge_fing21__d5t1__00026.wav,lsp-tanh,5,5,1,1,25.7855895742644,25.766463780707188
les_neck_fing09__d5t2__00027.wav,lsp-sine,les_neck_fing09,0.0033615828,les_neck_pick02__d5t1__00026.wav,pedalboard-tanh,5,5,2,1,25.7855895742644,25.782351420955937
les_neck_fing09__d5t3__00028.wav,lsp-sine,les_neck_fing09,0.008678138,les_neck_pick12__d5t4__00029.wav,byod-mxr,5,5,3,4,25.7855895742644,25.779078975465445
les_neck_fing09__d5t4__00029.wav,lsp-sine,les_neck_fing09,0.004847169,les_neck_fing01__d5t2__00027.wav,byod-mxr,5,5,4,2,25.7855895742644,25.779078975465445
les_neck_fing09__d6t0__00030.wav,lsp-sine,les_neck_fing09,0.0023933053,les_neck_pick02__d5t0__00025.wav,byod-bigmuff,6,5,0,0,29.915327656251563,25.77210742134771
les_neck_fing09__d6t1__00031.wav,lsp-sine,les_neck_fing09,0.0063049793,les_neck_pick11__d5t1__00026.wav,byod-bigmuff,6,5,1,1,29.915327656251563,25.77210742134771
les_neck_fing09__d6t2__00032.wav,lsp-sine,les_neck_fing09,0.005158007,les_bridge_fing21__d6t2__00032.wav,byod-mxr,6,6,2,2,29.915327656251563,29.91150927100104
les_neck_fing09__d6t3__00033.wav,lsp-sine,les_neck_fing09,0.004899502,les_bridge_fing21__d5t4__00029.wav,lsp-arctan,6,5,3,4,29.915327656251563,25.788497067568912
les_neck_fing09__d6t4__00034.wav,lsp-sine,les_neck_fing09,0.0026805997,les_neck_pick04__d5t3__00028.wav,pedalboard-tanh,6,5,4,3,29.915327656251563,25.782351420955937
les_neck_fing09__d7t0__00035.wav,lsp-sine,les_neck_fing09,0.008820653,les_neck_pick07__d7t0__00035.wav,lsp-hardclip,7,7,0,0,34.094517939627885,34.07942205160116
les_neck_fing09__d7t1__00036.wav,lsp-sine,les_neck_fing09,0.0030553937,les_neck_pick02__d7t0__00035.wav,lsp-tanh,7,7,1,0,34.094517939627885,34.0729352593394
les_neck_fing09__d7t2__00037.wav,lsp-sine,les_neck_fing09,0.0038007498,les_bridge_pick17__d4t3__00023.wav,byod-bigmuff,7,4,2,3,34.094517939627885,21.5884141303546
les_neck_fing09__d7t3__00038.wav,lsp-sine,les_neck_fing09,0.0031366944,les_bridge_pick22__d6t4__00034.wav,byod-mxr,7,6,3,4,34.094517939627885,29.91150927100104
les_neck_fing09__d7t4__00039.wav,lsp-sine,les_neck_fing09,0.0023961663,les_neck_pick21__d7t3__00038.wav,byod-mxr,7,7,4,3,34.094517939627885,34.08156088036171
les_neck_fing11__d0t0__00000.wav,lsp-sine,les_neck_fing11,0.00088113546,les_neck_fing15__d0t0__00000.wav,byod-bigmuff,0,0,0,0,5.041347474059023,5.044777586688817
les_neck_fing11__d0t1__00001.wav,lsp-sine,les_neck_fing11,0.00029850006,les_bridge_pick16__d1t0__00005.wav,lsp-tanh,0,1,1,0,5.041347474059023,9.088421535688989
les_neck_fing11__d0t2__00002.wav,lsp-sine,les_neck_fing11,0.001206398,les_bridge_pick16__d1t1__00006.wav,byod-mxr,0,1,2,1,5.041347474059023,9.107670514338215
les_neck_fing11__d0t3__00003.wav,lsp-sine,les_neck_fing11,0.0011230111,les_neck_pick12__d0t3__00003.wav,pedalboard-tanh,0,0,3,3,5.041347474059023,5.0
les_neck_fing11__d0t4__00004.wav,lsp-sine,les_neck_fing11,0.0049871206,les_bridge_pick16__d0t4__00004.wav,pedalboard-tanh,0,0,4,4,5.041347474059023,5.0
les_neck_fing11__d1t0__00005.wav,lsp-sine,les_neck_fing11,0.00077575445,les_neck_fing15__d1t0__00005.wav,byod-bigmuff,1,1,0,0,9.202349861352678,9.126662172709777
les_neck_fing11__d1t1__00006.wav,lsp-sine,les_neck_fing11,0.0003130436,les_bridge_pick16__d2t0__00010.wav,lsp-tanh,1,2,1,0,9.202349861352678,13.297259315581634
les_neck_fing11__d1t2__00007.wav,lsp-sine,les_neck_fing11,0.0010837913,les_bridge_pick16__d2t1__00011.wav,byod-mxr,1,2,2,1,9.202349861352678,13.292365801948186
les_neck_fing11__d1t3__00008.wav,lsp-sine,les_neck_fing11,0.001531899,les_neck_pick14__d1t0__00005.wav,byod-mxr,1,1,3,0,9.202349861352678,9.107670514338215
les_neck_fing11__d1t4__00009.wav,lsp-sine,les_neck_fing11,0.0014090538,les_bridge_pick16__d0t4__00004.wav,lsp-arctan,1,0,4,4,9.202349861352678,5.005872107125804
les_neck_fing11__d2t0__00010.wav,lsp-sine,les_neck_fing11,0.00067043304,les_neck_fing15__d1t0__00005.wav,byod-bigmuff,2,1,0,0,13.251366385956809,9.126662172709777
les_neck_fing11__d2t1__00011.wav,lsp-sine,les_neck_fing11,0.00065112114,les_bridge_fing24__d1t0__00005.wav,lsp-hardclip,2,1,1,0,13.251366385956809,9.35456396552498
les_neck_fing11__d2t2__00012.wav,lsp-sine,les_neck_fing11,0.002387762,les_bridge_pick16__d3t1__00016.wav,byod-mxr,2,3,2,1,13.251366385956809,17.452308155418716
les_neck_fing11__d2t3__00013.wav,lsp-sine,les_neck_fing11,0.0020142794,les_neck_pick21__d2t1__00011.wav,pedalboard-tanh,2,2,3,1,13.251366385956809,13.296816138037473
les_neck_fing11__d2t4__00014.wav,lsp-sine,les_neck_fing11,0.0048841834,les_bridge_pick22__d0t4__00004.wav,lsp-hardclip,2,0,4,4,13.251366385956809,5.063331073032135
les_neck_fing11__d3t0__00015.wav,lsp-sine,les_neck_fing11,0.0019507408,les_bridge_fing21__d1t0__00005.wav,pedalboard-tanh,3,1,0,0,17.46073355198249,9.146047429418331
les_neck_fing11__d3t1__00016.wav,lsp-sine,les_neck_fing11,0.0009470582,les_neck_pick11__d0t0__00000.wav,pedalboard-tanh,3,0,1,0,17.46073355198249,5.0
les_neck_fing11__d3t2__00017.wav,lsp-sine,les_neck_fing11,0.002591014,les_neck_pick12__d3t2__00017.wav,byod-mxr,3,3,2,2,17.46073355198249,17.452308155418716
les_neck_fing11__d3t3__00018.wav,lsp-sine,les_neck_fing11,0.00417161,les_neck_pick05__d3t1__00016.wav,byod-mxr,3,3,3,1,17.46073355198249,17.452308155418716
les_neck_fing11__d3t4__00019.wav,lsp-sine,les_neck_fing11,0.005051613,les_neck_pick11__d0t3__00003.wav,lsp-tanh,3,0,4,3,17.46073355198249,5.0
les_neck_fing11__d4t0__00020.wav,lsp-sine,les_neck_fing11,0.0022134185,les_bridge_fing21__d4t0__00020.wav,lsp-hardclip,4,4,0,0,21.652716208419097,21.54643860361127
les_neck_fing11__d4t1__00021.wav,lsp-sine,les_neck_fing11,0.0037404895,les_neck_pick11__d4t0__00020.wav,byod-mxr,4,4,1,0,21.652716208419097,21.62039317761596
les_neck_fing11__d4t2__00022.wav,lsp-sine,les_neck_fing11,0.00141114,les_neck_pick12__d4t2__00022.wav,pedalboard-tanh,4,4,2,2,21.652716208419097,21.61638024087312
les_neck_fing11__d4t3__00023.wav,lsp-sine,les_neck_fing11,0.0038897991,les_neck_pick09__d4t2__00022.wav,byod-mxr,4,4,3,2,21.652716208419097,21.62039317761596
les_neck_fing11__d4t4__00024.wav,lsp-sine,les_neck_fing11,0.005406022,les_bridge_pick16__d4t3__00023.wav,pedalboard-tanh,4,4,4,3,21.652716208419097,21.61638024087312
les_neck_fing11__d5t0__00025.wav,lsp-sine,les_neck_fing11,0.0016731024,les_bridge_fing24__d0t1__00001.wav,byod-bigmuff,5,0,0,1,25.7855895742644,5.044777586688817
les_neck_fing11__d5t1__00026.wav,lsp-sine,les_neck_fing11,0.001807034,les_bridge_pick22__d4t1__00021.wav,pedalboard-tanh,5,4,1,1,25.7855895742644,21.61638024087312
les_neck_fing11__d5t2__00027.wav,lsp-sine,les_neck_fing11,0.005893588,les_neck_pick12__d6t1__00031.wav,byod-mxr,5,6,2,1,25.7855895742644,29.91150927100104
les_neck_fing11__d5t3__00028.wav,lsp-sine,les_neck_fing11,0.003787458,les_bridge_pick22__d4t3__00023.wav,lsp-hardclip,5,4,3,3,25.7855895742644,21.54643860361127
les_neck_fing11__d5t4__00029.wav,lsp-sine,les_neck_fing11,0.0036568642,les_neck_pick11__d4t4__00024.wav,lsp-arctan,5,4,4,4,25.7855895742644,21.613326710488973
les_neck_fing11__d6t0__00030.wav,lsp-sine,les_neck_fing11,0.0031571388,les_bridge_pick25__d5t0__00025.wav,byod-mxr,6,5,0,0,29.915327656251563,25.779078975465445
les_neck_fing11__d6t1__00031.wav,lsp-sine,les_neck_fing11,0.005130112,les_bridge_fing24__d1t3__00008.wav,byod-bigmuff,6,1,1,3,29.915327656251563,9.126662172709777
les_neck_fing11__d6t2__00032.wav,lsp-sine,les_neck_fing11,0.0057819486,les_bridge_pick25__d5t2__00027.wav,lsp-tanh,6,5,2,2,29.915327656251563,25.766463780707188
les_neck_fing11__d6t3__00033.wav,lsp-sine,les_neck_fing11,0.005290389,les_bridge_pick25__d5t3__00028.wav,lsp-hardclip,6,5,3,3,29.915327656251563,25.79865436059077
les_neck_fing11__d6t4__00034.wav,lsp-sine,les_neck_fing11,0.0025898218,les_bridge_pick22__d5t4__00029.wav,lsp-tanh,6,5,4,4,29.915327656251563,25.766463780707188
les_neck_fing11__d7t0__00035.wav,lsp-sine,les_neck_fing11,0.0058634877,les_bridge_fing20__d6t0__00030.wav,lsp-hardclip,7,6,0,0,34.094517939627885,29.908667593492765
les_neck_fing11__d7t1__00036.wav,lsp-sine,les_neck_fing11,0.0042491555,les_bridge_fing24__d5t2__00027.wav,byod-bigmuff,7,5,1,2,34.094517939627885,25.77210742134771
les_neck_fing11__d7t2__00037.wav,lsp-sine,les_neck_fing11,0.0038225055,les_bridge_fing21__d5t4__00029.wav,lsp-arctan,7,5,2,4,34.094517939627885,25.788497067568912
les_neck_fing11__d7t3__00038.wav,lsp-sine,les_neck_fing11,0.0033903718,les_bridge_fing17__d5t4__00029.wav,pedalboard-tanh,7,5,3,4,34.094517939627885,25.782351420955937
les_neck_fing11__d7t4__00039.wav,lsp-sine,les_neck_fing11,0.00492537,les_neck_pick14__d5t3__00028.wav,pedalboard-tanh,7,5,4,3,34.094517939627885,25.782351420955937
les_neck_fing16__d0t0__00000.wav,lsp-sine,les_neck_fing16,0.0068135858,les_neck_fing15__d0t0__00000.wav,byod-bigmuff,0,0,0,0,5.041347474059023,5.044777586688817
les_neck_fing16__d0t1__00001.wav,lsp-sine,les_neck_fing16,0.001437664,les_bridge_pick16__d0t0__00000.wav,byod-mxr,0,0,1,0,5.041347474059023,5.0
les_neck_fing16__d0t2__00002.wav,lsp-sine,les_neck_fing16,0.0032471418,les_bridge_pick16__d2t0__00010.wav,byod-mxr,0,2,2,0,5.041347474059023,13.292365801948186
les_neck_fing16__d0t3__00003.wav,lsp-sine,les_neck_fing16,0.0020202398,les_neck_pick04__d0t0__00000.wav,pedalboard-tanh,0,0,3,0,5.041347474059023,5.0
les_neck_fing16__d0t4__00004.wav,lsp-sine,les_neck_fing16,0.001224935,les_neck_fing01__d1t0__00005.wav,lsp-tanh,0,1,4,0,5.041347474059023,9.088421535688989
les_neck_fing16__d1t0__00005.wav,lsp-sine,les_neck_fing16,0.00635159,les_neck_pick12__d0t0__00000.wav,pedalboard-tanh,1,0,0,0,9.202349861352678,5.0
les_neck_fing16__d1t1__00006.wav,lsp-sine,les_neck_fing16,0.0021371841,les_neck_pick12__d0t0__00000.wav,pedalboard-tanh,1,0,1,0,9.202349861352678,5.0
les_neck_fing16__d1t2__00007.wav,lsp-sine,les_neck_fing16,0.001063168,les_neck_pick12__d0t1__00001.wav,lsp-tanh,1,0,2,1,9.202349861352678,5.0
les_neck_fing16__d1t3__00008.wav,lsp-sine,les_neck_fing16,0.00091838837,les_bridge_pick16__d0t1__00001.wav,byod-mxr,1,0,3,1,9.202349861352678,5.0
les_neck_fing16__d1t4__00009.wav,lsp-sine,les_neck_fing16,0.0015763044,les_neck_pick04__d0t0__00000.wav,lsp-hardclip,1,0,4,0,9.202349861352678,5.063331073032135
les_neck_fing16__d2t0__00010.wav,lsp-sine,les_neck_fing16,0.0029396415,les_neck_pick12__d0t0__00000.wav,pedalboard-tanh,2,0,0,0,13.251366385956809,5.0
les_neck_fing16__d2t1__00011.wav,lsp-sine,les_neck_fing16,0.0009188652,les_neck_pick12__d0t0__00000.wav,lsp-hardclip,2,0,1,0,13.251366385956809,5.063331073032135
les_neck_fing16__d2t2__00012.wav,lsp-sine,les_neck_fing16,0.0004374385,les_bridge_pick16__d3t0__00015.wav,pedalboard-tanh,2,3,2,0,13.251366385956809,17.454399305827287
les_neck_fing16__d2t3__00013.wav,lsp-sine,les_neck_fing16,0.0008174777,les_neck_pick12__d3t1__00016.wav,lsp-hardclip,2,3,3,1,13.251366385956809,17.563088337099366
les_neck_fing16__d2t4__00014.wav,lsp-sine,les_neck_fing16,0.0032554865,les_neck_pick04__d3t0__00015.wav,pedalboard-tanh,2,3,4,0,13.251366385956809,17.454399305827287
les_neck_fing16__d3t0__00015.wav,lsp-sine,les_neck_fing16,0.0044286847,les_neck_pick12__d1t0__00005.wav,lsp-arctan,3,1,0,0,17.46073355198249,9.170316408518453
les_neck_fing16__d3t1__00016.wav,lsp-sine,les_neck_fing16,0.0016642809,les_neck_pick07__d4t0__00020.wav,byod-mxr,3,4,1,0,17.46073355198249,21.62039317761596
les_neck_fing16__d3t2__00017.wav,lsp-sine,les_neck_fing16,0.0012350082,les_neck_pick12__d4t0__00020.wav,lsp-tanh,3,4,2,0,17.46073355198249,21.61115826291455
les_neck_fing16__d3t3__00018.wav,lsp-sine,les_neck_fing16,0.0018251538,les_neck_pick11__d3t0__00015.wav,byod-mxr,3,3,3,0,17.46073355198249,17.452308155418716
les_neck_fing16__d3t4__00019.wav,lsp-sine,les_neck_fing16,0.005020201,les_bridge_fing20__d4t0__00020.wav,byod-mxr,3,4,4,0,17.46073355198249,21.62039317761596
les_neck_fing16__d4t0__00020.wav,lsp-sine,les_neck_fing16,0.0017952323,les_neck_pick07__d4t0__00020.wav,lsp-tanh,4,4,0,0,21.652716208419097,21.61115826291455
les_neck_fing16__d4t1__00021.wav,lsp-sine,les_neck_fing16,0.001055479,les_neck_pick21__d3t0__00015.wav,byod-bigmuff,4,3,1,0,21.652716208419097,17.442946393617085
les_neck_fing16__d4t2__00022.wav,lsp-sine,les_neck_fing16,0.0014246702,les_neck_pick03__d0t1__00001.wav,byod-bigmuff,4,0,2,1,21.652716208419097,5.044777586688817
les_neck_fing16__d4t3__00023.wav,lsp-sine,les_neck_fing16,0.002549827,les_neck_pick12__d5t0__00025.wav,lsp-tanh,4,5,3,0,21.652716208419097,25.766463780707188
les_neck_fing16__d4t4__00024.wav,lsp-sine,les_neck_fing16,0.0052511096,les_neck_pick07__d6t1__00031.wav,lsp-tanh,4,6,4,1,21.652716208419097,29.89601395521624
les_neck_fing16__d5t0__00025.wav,lsp-sine,les_neck_fing16,0.0012136102,les_bridge_pick22__d0t0__00000.wav,byod-bigmuff,5,0,0,0,25.7855895742644,5.044777586688817
les_neck_fing16__d5t1__00026.wav,lsp-sine,les_neck_fing16,0.002277255,les_bridge_fing24__d4t0__00020.wav,lsp-hardclip,5,4,1,0,25.7855895742644,21.54643860361127
les_neck_fing16__d5t2__00027.wav,lsp-sine,les_neck_fing16,0.0037125945,les_neck_pick11__d5t0__00025.wav,pedalboard-tanh,5,5,2,0,25.7855895742644,25.782351420955937
les_neck_fing16__d5t3__00028.wav,lsp-sine,les_neck_fing16,0.0047451854,les_neck_pick09__d6t0__00030.wav,lsp-hardclip,5,6,3,0,25.7855895742644,29.908667593492765
les_neck_fing16__d5t4__00029.wav,lsp-sine,les_neck_fing16,0.009838462,les_bridge_pick22__d6t1__00031.wav,byod-mxr,5,6,4,1,25.7855895742644,29.91150927100104
les_neck_fing16__d6t0__00030.wav,lsp-sine,les_neck_fing16,0.0024330616,les_neck_pick12__d4t0__00020.wav,pedalboard-tanh,6,4,0,0,29.915327656251563,21.61638024087312
les_neck_fing16__d6t1__00031.wav,lsp-sine,les_neck_fing16,0.0020520687,les_bridge_fing24__d0t2__00002.wav,byod-bigmuff,6,0,1,2,29.915327656251563,5.044777586688817
les_neck_fing16__d6t2__00032.wav,lsp-sine,les_neck_fing16,0.0022957325,les_bridge_fing24__d6t0__00030.wav,lsp-tanh,6,6,2,0,29.915327656251563,29.89601395521624
les_neck_fing16__d6t3__00033.wav,lsp-sine,les_neck_fing16,0.006608546,les_bridge_pick25__d6t1__00031.wav,byod-mxr,6,6,3,1,29.915327656251563,29.91150927100104
les_neck_fing16__d6t4__00034.wav,lsp-sine,les_neck_fing16,0.003868103,les_neck_pick21__d7t0__00035.wav,pedalboard-tanh,6,7,4,0,29.915327656251563,34.075823464139134
les_neck_fing16__d7t0__00035.wav,lsp-sine,les_neck_fing16,0.0022227764,les_bridge_pick22__d5t0__00025.wav,byod-bigmuff,7,5,0,0,34.094517939627885,25.77210742134771
les_neck_fing16__d7t1__00036.wav,lsp-sine,les_neck_fing16,0.0038419962,les_neck_pick07__d6t1__00031.wav,lsp-hardclip,7,6,1,1,34.094517939627885,29.908667593492765
les_neck_fing16__d7t2__00037.wav,lsp-sine,les_neck_fing16,0.0053356886,les_bridge_fing24__d7t0__00035.wav,pedalboard-tanh,7,7,2,0,34.094517939627885,34.075823464139134
les_neck_fing16__d7t3__00038.wav,lsp-sine,les_neck_fing16,0.009971023,les_neck_pick14__d7t0__00035.wav,lsp-arctan,7,7,3,0,34.094517939627885,34.09435618625095
les_neck_fing16__d7t4__00039.wav,lsp-sine,les_neck_fing16,0.005366504,les_neck_pick07__d7t4__00039.wav,lsp-tanh,7,7,4,4,34.094517939627885,34.0729352593394
les_neck_fing18__d0t0__00000.wav,lsp-sine,les_neck_fing18,0.0011332035,les_neck_pick12__d2t1__00011.wav,byod-mxr,0,2,0,1,5.041347474059023,13.292365801948186
les_neck_fing18__d0t1__00001.wav,lsp-sine,les_neck_fing18,0.00080388784,les_bridge_fing24__d1t2__00007.wav,lsp-tanh,0,1,1,2,5.041347474059023,9.088421535688989
les_neck_fing18__d0t2__00002.wav,lsp-sine,les_neck_fing18,0.0016135573,les_bridge_pick25__d0t3__00003.wav,lsp-tanh,0,0,2,3,5.041347474059023,5.0
les_neck_fing18__d0t3__00003.wav,lsp-sine,les_neck_fing18,0.0030413866,les_neck_pick21__d1t2__00007.wav,pedalboard-tanh,0,1,3,2,5.041347474059023,9.146047429418331
les_neck_fing18__d0t4__00004.wav,lsp-sine,les_neck_fing18,0.0028805733,les_neck_fing01__d0t3__00003.wav,lsp-tanh,0,0,4,3,5.041347474059023,5.0
les_neck_fing18__d1t0__00005.wav,lsp-sine,les_neck_fing18,0.001385212,les_neck_pick12__d3t1__00016.wav,lsp-hardclip,1,3,0,1,9.202349861352678,17.563088337099366
les_neck_fing18__d1t1__00006.wav,lsp-sine,les_neck_fing18,0.0011737943,les_neck_pick05__d0t0__00000.wav,byod-mxr,1,0,1,0,9.202349861352678,5.0
les_neck_fing18__d1t2__00007.wav,lsp-sine,les_neck_fing18,0.00216496,les_neck_pick05__d0t1__00001.wav,byod-mxr,1,0,2,1,9.202349861352678,5.0
les_neck_fing18__d1t3__00008.wav,lsp-sine,les_neck_fing18,0.002980888,les_neck_fing01__d1t2__00007.wav,byod-mxr,1,1,3,2,9.202349861352678,9.107670514338215
les_neck_fing18__d1t4__00009.wav,lsp-sine,les_neck_fing18,0.0029329062,les_neck_fing01__d0t3__00003.wav,byod-mxr,1,0,4,3,9.202349861352678,5.0
les_neck_fing18__d2t0__00010.wav,lsp-sine,les_neck_fing18,0.0007029772,les_neck_pick12__d3t1__00016.wav,byod-mxr,2,3,0,1,13.251366385956809,17.452308155418716
les_neck_fing18__d2t1__00011.wav,lsp-sine,les_neck_fing18,0.0015001297,les_bridge_pick17__d2t1__00011.wav,byod-mxr,2,2,1,1,13.251366385956809,13.292365801948186
les_neck_fing18__d2t2__00012.wav,lsp-sine,les_neck_fing18,0.0031121373,les_neck_pick09__d0t2__00002.wav,byod-mxr,2,0,2,2,13.251366385956809,5.0
les_neck_fing18__d2t3__00013.wav,lsp-sine,les_neck_fing18,0.0045597553,les_neck_fing01__d0t2__00002.wav,lsp-hardclip,2,0,3,2,13.251366385956809,5.063331073032135
les_neck_fing18__d2t4__00014.wav,lsp-sine,les_neck_fing18,0.003037691,les_neck_pick09__d0t4__00004.wav,lsp-arctan,2,0,4,4,13.251366385956809,5.005872107125804
les_neck_fing18__d3t0__00015.wav,lsp-sine,les_neck_fing18,0.0017605424,les_neck_pick09__d3t0__00015.wav,byod-mxr,3,3,0,0,17.46073355198249,17.452308155418716
les_neck_fing18__d3t1__00016.wav,lsp-sine,les_neck_fing18,0.0021876097,les_neck_pick09__d3t1__00016.wav,lsp-arctan,3,3,1,1,17.46073355198249,17.436825605717576
les_neck_fing18__d3t2__00017.wav,lsp-sine,les_neck_fing18,0.0048710704,les_bridge_pick22__d3t3__00018.wav,lsp-arctan,3,3,2,3,17.46073355198249,17.436825605717576
les_neck_fing18__d3t3__00018.wav,lsp-sine,les_neck_fing18,0.0060186386,les_neck_pick09__d3t3__00018.wav,lsp-tanh,3,3,3,3,17.46073355198249,17.426284440144894
les_neck_fing18__d3t4__00019.wav,lsp-sine,les_neck_fing18,0.0029746294,les_neck_pick09__d3t4__00019.wav,lsp-tanh,3,3,4,4,17.46073355198249,17.426284440144894
les_neck_fing18__d4t0__00020.wav,lsp-sine,les_neck_fing18,0.002759099,les_bridge_pick17__d4t0__00020.wav,lsp-arctan,4,4,0,0,21.652716208419097,21.613326710488973
les_neck_fing18__d4t1__00021.wav,lsp-sine,les_neck_fing18,0.0023887753,les_bridge_fing24__d4t2__00022.wav,lsp-arctan,4,4,1,2,21.652716208419097,21.613326710488973
les_neck_fing18__d4t2__00022.wav,lsp-sine,les_neck_fing18,0.001304388,les_neck_pick09__d4t2__00022.wav,pedalboard-tanh,4,4,2,2,21.652716208419097,21.61638024087312
les_neck_fing18__d4t3__00023.wav,lsp-sine,les_neck_fing18,0.0049937963,les_neck_pick09__d4t3__00023.wav,lsp-tanh,4,4,3,3,21.652716208419097,21.61115826291455
les_neck_fing18__d4t4__00024.wav,lsp-sine,les_neck_fing18,0.004070163,les_neck_pick09__d4t4__00024.wav,pedalboard-tanh,4,4,4,4,21.652716208419097,21.61638024087312
les_neck_fing18__d5t0__00025.wav,lsp-sine,les_neck_fing18,0.003135264,les_neck_pick11__d6t0__00030.wav,lsp-tanh,5,6,0,0,25.7855895742644,29.89601395521624
les_neck_fing18__d5t1__00026.wav,lsp-sine,les_neck_fing18,0.006903589,les_neck_pick09__d5t1__00026.wav,pedalboard-tanh,5,5,1,1,25.7855895742644,25.782351420955937
les_neck_fing18__d5t2__00027.wav,lsp-sine,les_neck_fing18,0.0056468844,les_bridge_fing21__d5t3__00028.wav,byod-mxr,5,5,2,3,25.7855895742644,25.779078975465445
les_neck_fing18__d5t3__00028.wav,lsp-sine,les_neck_fing18,0.0062553883,les_bridge_fing17__d4t3__00023.wav,byod-bigmuff,5,4,3,3,25.7855895742644,21.5884141303546
les_neck_fing18__d5t4__00029.wav,lsp-sine,les_neck_fing18,0.003676653,les_neck_pick04__d5t4__00029.wav,lsp-hardclip,5,5,4,4,25.7855895742644,25.79865436059077
les_neck_fing18__d6t0__00030.wav,lsp-sine,les_neck_fing18,0.005166948,les_neck_pick03__d6t0__00030.wav,lsp-arctan,6,6,0,0,29.915327656251563,29.91872954355242
les_neck_fing18__d6t1__00031.wav,lsp-sine,les_neck_fing18,0.0032500029,les_bridge_pick25__d6t1__00031.wav,lsp-tanh,6,6,1,1,29.915327656251563,29.89601395521624
les_neck_fing18__d6t2__00032.wav,lsp-sine,les_neck_fing18,0.0023617744,les_neck_pick09__d6t2__00032.wav,lsp-arctan,6,6,2,2,29.915327656251563,29.91872954355242
les_neck_fing18__d6t3__00033.wav,lsp-sine,les_neck_fing18,0.0013897419,les_neck_pick09__d6t3__00033.wav,lsp-tanh,6,6,3,3,29.915327656251563,29.89601395521624
les_neck_fing18__d6t4__00034.wav,lsp-sine,les_neck_fing18,0.0022631288,les_neck_pick14__d5t4__00029.wav,byod-bigmuff,6,5,4,4,29.915327656251563,25.77210742134771
les_neck_fing18__d7t0__00035.wav,lsp-sine,les_neck_fing18,0.0030873418,les_bridge_fing21__d7t1__00036.wav,byod-mxr,7,7,0,1,34.094517939627885,34.08156088036171
les_neck_fing18__d7t1__00036.wav,lsp-sine,les_neck_fing18,0.0041104555,les_bridge_fing24__d7t1__00036.wav,pedalboard-tanh,7,7,1,1,34.094517939627885,34.075823464139134
les_neck_fing18__d7t2__00037.wav,lsp-sine,les_neck_fing18,0.0028797388,les_bridge_pick25__d6t3__00033.wav,pedalboard-tanh,7,6,2,3,34.094517939627885,29.92239131554786
les_neck_fing18__d7t3__00038.wav,lsp-sine,les_neck_fing18,0.0013669133,les_neck_pick04__d7t3__00038.wav,lsp-tanh,7,7,3,3,34.094517939627885,34.0729352593394
les_neck_fing18__d7t4__00039.wav,lsp-sine,les_neck_fing18,0.0011048317,les_neck_pick14__d6t4__00034.wav,lsp-arctan,7,6,4,4,34.094517939627885,29.91872954355242
les_neck_pick06__d0t0__00000.wav,lsp-sine,les_neck_pick06,0.005389571,les_neck_pick12__d0t0__00000.wav,pedalboard-tanh,0,0,0,0,5.041347474059023,5.0
les_neck_pick06__d0t1__00001.wav,lsp-sine,les_neck_pick06,0.001280129,les_bridge_pick16__d2t0__00010.wav,lsp-arctan,0,2,1,0,5.041347474059023,13.270071970821393
les_neck_pick06__d0t2__00002.wav,lsp-sine,les_neck_pick06,0.0007417798,les_bridge_pick16__d2t1__00011.wav,lsp-arctan,0,2,2,1,5.041347474059023,13.270071970821393
les_neck_pick06__d0t3__00003.wav,lsp-sine,les_neck_pick06,0.00087326765,les_bridge_pick16__d1t2__00007.wav,lsp-arctan,0,1,3,2,5.041347474059023,9.170316408518453
les_neck_pick06__d0t4__00004.wav,lsp-sine,les_neck_pick06,0.0018165708,les_bridge_pick16__d1t3__00008.wav,lsp-arctan,0,1,4,3,5.041347474059023,9.170316408518453
les_neck_pick06__d1t0__00005.wav,lsp-sine,les_neck_pick06,0.005422592,les_neck_pick12__d0t0__00000.wav,lsp-tanh,1,0,0,0,9.202349861352678,5.0
les_neck_pick06__d1t1__00006.wav,lsp-sine,les_neck_pick06,0.0014573336,les_bridge_pick16__d0t0__00000.wav,lsp-hardclip,1,0,1,0,9.202349861352678,5.063331073032135
les_neck_pick06__d1t2__00007.wav,lsp-sine,les_neck_pick06,0.0006673336,les_bridge_pick16__d2t1__00011.wav,pedalboard-tanh,1,2,2,1,9.202349861352678,13.296816138037473
les_neck_pick06__d1t3__00008.wav,lsp-sine,les_neck_pick06,0.0014214516,les_neck_pick21__d2t0__00010.wav,byod-mxr,1,2,3,0,9.202349861352678,13.292365801948186
les_neck_pick06__d1t4__00009.wav,lsp-sine,les_neck_pick06,0.0029895306,les_neck_pick14__d3t0__00015.wav,byod-mxr,1,3,4,0,9.202349861352678,17.452308155418716
les_neck_pick06__d2t0__00010.wav,lsp-sine,les_neck_pick06,0.0035906434,les_neck_pick12__d0t0__00000.wav,lsp-tanh,2,0,0,0,13.251366385956809,5.0
les_neck_pick06__d2t1__00011.wav,lsp-sine,les_neck_pick06,0.0030958652,les_neck_pick07__d5t0__00025.wav,lsp-arctan,2,5,1,0,13.251366385956809,25.788497067568912
les_neck_pick06__d2t2__00012.wav,lsp-sine,les_neck_pick06,0.002317071,les_bridge_fing24__d2t1__00011.wav,lsp-arctan,2,2,2,1,13.251366385956809,13.270071970821393
les_neck_pick06__d2t3__00013.wav,lsp-sine,les_neck_pick06,0.0019114017,les_neck_pick05__d3t0__00015.wav,lsp-hardclip,2,3,3,0,13.251366385956809,17.563088337099366
les_neck_pick06__d2t4__00014.wav,lsp-sine,les_neck_pick06,0.0060947537,les_bridge_pick16__d3t2__00017.wav,byod-mxr,2,3,4,2,13.251366385956809,17.452308155418716
les_neck_pick06__d3t0__00015.wav,lsp-sine,les_neck_pick06,0.0048401356,les_neck_pick12__d0t0__00000.wav,byod-bigmuff,3,0,0,0,17.46073355198249,5.044777586688817
les_neck_pick06__d3t1__00016.wav,lsp-sine,les_neck_pick06,0.0022529364,les_bridge_fing24__d3t0__00015.wav,lsp-tanh,3,3,1,0,17.46073355198249,17.426284440144894
les_neck_pick06__d3t2__00017.wav,lsp-sine,les_neck_pick06,0.002792418,les_neck_pick03__d3t0__00015.wav,pedalboard-tanh,3,3,2,0,17.46073355198249,17.454399305827287
les_neck_pick06__d3t3__00018.wav,lsp-sine,les_neck_pick06,0.0035899282,les_neck_pick21__d4t0__00020.wav,lsp-arctan,3,4,3,0,17.46073355198249,21.613326710488973
les_neck_pick06__d3t4__00019.wav,lsp-sine,les_neck_pick06,0.0064926147,les_bridge_pick16__d4t2__00022.wav,lsp-arctan,3,4,4,2,17.46073355198249,21.613326710488973
les_neck_pick06__d4t0__00020.wav,lsp-sine,les_neck_pick06,0.0016605854,les_bridge_fing24__d0t0__00000.wav,byod-bigmuff,4,0,0,0,21.652716208419097,5.044777586688817
les_neck_pick06__d4t1__00021.wav,lsp-sine,les_neck_pick06,0.0015454292,les_bridge_fing24__d4t0__00020.wav,byod-mxr,4,4,1,0,21.652716208419097,21.62039317761596
les_neck_pick06__d4t2__00022.wav,lsp-sine,les_neck_pick06,0.0037739873,les_bridge_pick22__d4t1__00021.wav,lsp-tanh,4,4,2,1,21.652716208419097,21.61115826291455
les_neck_pick06__d4t3__00023.wav,lsp-sine,les_neck_pick06,0.0061345696,les_bridge_pick22__d4t2__00022.wav,pedalboard-tanh,4,4,3,2,21.652716208419097,21.61638024087312
les_neck_pick06__d4t4__00024.wav,lsp-sine,les_neck_pick06,0.0063501596,les_bridge_pick25__d5t2__00027.wav,byod-mxr,4,5,4,2,21.652716208419097,25.779078975465445
les_neck_pick06__d5t0__00025.wav,lsp-sine,les_neck_pick06,0.0014312267,les_bridge_fing24__d0t1__00001.wav,byod-bigmuff,5,0,0,1,25.7855895742644,5.044777586688817
les_neck_pick06__d5t1__00026.wav,lsp-sine,les_neck_pick06,0.0065365434,les_bridge_fing21__d5t1__00026.wav,lsp-hardclip,5,5,1,1,25.7855895742644,25.79865436059077
les_neck_pick06__d5t2__00027.wav,lsp-sine,les_neck_pick06,0.012527049,les_neck_pick02__d6t0__00030.wav,lsp-hardclip,5,6,2,0,25.7855895742644,29.908667593492765
les_neck_pick06__d5t3__00028.wav,lsp-sine,les_neck_pick06,0.009290218,les_neck_pick04__d6t1__00031.wav,lsp-hardclip,5,6,3,1,25.7855895742644,29.908667593492765
les_neck_pick06__d5t4__00029.wav,lsp-sine,les_neck_pick06,0.0035911202,les_neck_pick21__d6t1__00031.wav,lsp-arctan,5,6,4,1,25.7855895742644,29.91872954355242
les_neck_pick06__d6t0__00030.wav,lsp-sine,les_neck_pick06,0.0032211542,les_bridge_fing24__d3t1__00016.wav,byod-bigmuff,6,3,0,1,29.915327656251563,17.442946393617085
les_neck_pick06__d6t1__00031.wav,lsp-sine,les_neck_pick06,0.0052466393,les_bridge_fing21__d6t1__00031.wav,lsp-hardclip,6,6,1,1,29.915327656251563,29.908667593492765
les_neck_pick06__d6t2__00032.wav,lsp-sine,les_neck_pick06,0.0047558546,les_neck_pick03__d7t0__00035.wav,lsp-hardclip,6,7,2,0,29.915327656251563,34.07942205160116
les_neck_pick06__d6t3__00033.wav,lsp-sine,les_neck_pick06,0.004695952,les_neck_pick09__d7t1__00036.wav,pedalboard-tanh,6,7,3,1,29.915327656251563,34.075823464139134
les_neck_pick06__d6t4__00034.wav,lsp-sine,les_neck_pick06,0.003905654,les_neck_pick12__d7t2__00037.wav,byod-bigmuff,6,7,4,2,29.915327656251563,34.074932620854284
les_neck_pick06__d7t0__00035.wav,lsp-sine,les_neck_pick06,0.007540107,les_neck_pick07__d7t1__00036.wav,pedalboard-tanh,7,7,0,1,34.094517939627885,34.075823464139134
les_neck_pick06__d7t1__00036.wav,lsp-sine,les_neck_pick06,0.0059209466,les_bridge_pick25__d7t0__00035.wav,lsp-hardclip,7,7,1,0,34.094517939627885,34.07942205160116
les_neck_pick06__d7t2__00037.wav,lsp-sine,les_neck_pick06,0.0027785897,les_neck_pick02__d7t1__00036.wav,lsp-hardclip,7,7,2,1,34.094517939627885,34.07942205160116
les_neck_pick06__d7t3__00038.wav,lsp-sine,les_neck_pick06,0.0040138364,les_neck_pick09__d7t2__00037.wav,lsp-hardclip,7,7,3,2,34.094517939627885,34.07942205160116
les_neck_pick06__d7t4__00039.wav,lsp-sine,les_neck_pick06,0.0014154911,les_bridge_fing20__d5t4__00029.wav,byod-bigmuff,7,5,4,4,34.094517939627885,25.77210742134771
les_neck_pick17__d0t0__00000.wav,lsp-sine,les_neck_pick17,0.00029444695,les_neck_pick12__d1t1__00006.wav,pedalboard-tanh,0,1,0,1,5.041347474059023,9.146047429418331
les_neck_pick17__d0t1__00001.wav,lsp-sine,les_neck_pick17,0.00046175718,les_neck_pick02__d1t0__00005.wav,lsp-tanh,0,1,1,0,5.041347474059023,9.088421535688989
les_neck_pick17__d0t2__00002.wav,lsp-sine,les_neck_pick17,0.0007901788,les_neck_pick02__d0t1__00001.wav,lsp-arctan,0,0,2,1,5.041347474059023,5.005872107125804
les_neck_pick17__d0t3__00003.wav,lsp-sine,les_neck_pick17,0.004022777,les_neck_fing15__d0t4__00004.wav,pedalboard-tanh,0,0,3,4,5.041347474059023,5.0
les_neck_pick17__d0t4__00004.wav,lsp-sine,les_neck_pick17,0.001301825,les_neck_pick21__d0t2__00002.wav,lsp-arctan,0,0,4,2,5.041347474059023,5.005872107125804
les_neck_pick17__d1t0__00005.wav,lsp-sine,les_neck_pick17,0.000516057,les_bridge_pick16__d3t0__00015.wav,lsp-tanh,1,3,0,0,9.202349861352678,17.426284440144894
les_neck_pick17__d1t1__00006.wav,lsp-sine,les_neck_pick17,0.00026541948,les_neck_pick02__d1t0__00005.wav,pedalboard-tanh,1,1,1,0,9.202349861352678,9.146047429418331
les_neck_pick17__d1t2__00007.wav,lsp-sine,les_neck_pick17,0.00091433525,les_neck_pick02__d0t1__00001.wav,byod-mxr,1,0,2,1,9.202349861352678,5.0
les_neck_pick17__d1t3__00008.wav,lsp-sine,les_neck_pick17,0.0018043518,les_neck_pick14__d0t1__00001.wav,lsp-hardclip,1,0,3,1,9.202349861352678,5.063331073032135
les_neck_pick17__d1t4__00009.wav,lsp-sine,les_neck_pick17,0.0013768673,les_neck_pick21__d1t2__00007.wav,lsp-arctan,1,1,4,2,9.202349861352678,9.170316408518453
les_neck_pick17__d2t0__00010.wav,lsp-sine,les_neck_pick17,0.00043463707,les_bridge_pick16__d3t0__00015.wav,pedalboard-tanh,2,3,0,0,13.251366385956809,17.454399305827287
les_neck_pick17__d2t1__00011.wav,lsp-sine,les_neck_pick17,0.00044077635,les_bridge_pick16__d3t1__00016.wav,lsp-tanh,2,3,1,1,13.251366385956809,17.426284440144894
les_neck_pick17__d2t2__00012.wav,lsp-sine,les_neck_pick17,0.0014468431,les_neck_pick02__d1t1__00006.wav,byod-mxr,2,1,2,1,13.251366385956809,9.107670514338215
les_neck_pick17__d2t3__00013.wav,lsp-sine,les_neck_pick17,0.002153933,les_neck_pick14__d2t1__00011.wav,lsp-tanh,2,2,3,1,13.251366385956809,13.297259315581634
les_neck_pick17__d2t4__00014.wav,lsp-sine,les_neck_pick17,0.0023819804,les_neck_pick21__d2t2__00012.wav,lsp-hardclip,2,2,4,2,13.251366385956809,13.55142968534178
les_neck_pick17__d3t0__00015.wav,lsp-sine,les_neck_pick17,0.0018451214,les_bridge_fing24__d3t0__00015.wav,lsp-tanh,3,3,0,0,17.46073355198249,17.426284440144894
les_neck_pick17__d3t1__00016.wav,lsp-sine,les_neck_pick17,0.0008330941,les_neck_pick02__d3t0__00015.wav,pedalboard-tanh,3,3,1,0,17.46073355198249,17.454399305827287
les_neck_pick17__d3t2__00017.wav,lsp-sine,les_neck_pick17,0.0028515458,les_neck_pick12__d3t3__00018.wav,pedalboard-tanh,3,3,2,3,17.46073355198249,17.454399305827287
les_neck_pick17__d3t3__00018.wav,lsp-sine,les_neck_pick17,0.004026532,les_bridge_pick17__d3t3__00018.wav,lsp-arctan,3,3,3,3,17.46073355198249,17.436825605717576
les_neck_pick17__d3t4__00019.wav,lsp-sine,les_neck_pick17,0.0053538084,les_neck_pick04__d3t3__00018.wav,lsp-tanh,3,3,4,3,17.46073355198249,17.426284440144894
les_neck_pick17__d4t0__00020.wav,lsp-sine,les_neck_pick17,0.0017877221,les_neck_pick11__d4t0__00020.wav,pedalboard-tanh,4,4,0,0,21.652716208419097,21.61638024087312
les_neck_pick17__d4t1__00021.wav,lsp-sine,les_neck_pick17,0.0015844703,les_neck_pick05__d4t0__00020.wav,lsp-arctan,4,4,1,0,21.652716208419097,21.613326710488973
les_neck_pick17__d4t2__00022.wav,lsp-sine,les_neck_pick17,0.0016117692,les_neck_pick05__d4t1__00021.wav,lsp-arctan,4,4,2,1,21.652716208419097,21.613326710488973
les_neck_pick17__d4t3__00023.wav,lsp-sine,les_neck_pick17,0.0018934011,les_neck_pick03__d5t2__00027.wav,byod-mxr,4,5,3,2,21.652716208419097,25.779078975465445
les_neck_pick17__d4t4__00024.wav,lsp-sine,les_neck_pick17,0.0028135777,les_neck_pick11__d4t4__00024.wav,lsp-arctan,4,4,4,4,21.652716208419097,21.613326710488973
les_neck_pick17__d5t0__00025.wav,lsp-sine,les_neck_pick17,0.0027104616,les_bridge_fing21__d5t0__00025.wav,pedalboard-tanh,5,5,0,0,25.7855895742644,25.782351420955937
les_neck_pick17__d5t1__00026.wav,lsp-sine,les_neck_pick17,0.005455792,les_bridge_fing21__d5t1__00026.wav,lsp-arctan,5,5,1,1,25.7855895742644,25.788497067568912
les_neck_pick17__d5t2__00027.wav,lsp-sine,les_neck_pick17,0.0044363737,les_neck_pick05__d5t1__00026.wav,lsp-tanh,5,5,2,1,25.7855895742644,25.766463780707188
les_neck_pick17__d5t3__00028.wav,lsp-sine,les_neck_pick17,0.0036883354,les_bridge_pick25__d4t3__00023.wav,byod-bigmuff,5,4,3,3,25.7855895742644,21.5884141303546
les_neck_pick17__d5t4__00029.wav,lsp-sine,les_neck_pick17,0.0050684214,les_neck_pick21__d6t2__00032.wav,byod-mxr,5,6,4,2,25.7855895742644,29.91150927100104
les_neck_pick17__d6t0__00030.wav,lsp-sine,les_neck_pick17,0.0022597313,les_bridge_fing24__d6t0__00030.wav,lsp-hardclip,6,6,0,0,29.915327656251563,29.908667593492765
les_neck_pick17__d6t1__00031.wav,lsp-sine,les_neck_pick17,0.0021960735,les_bridge_fing24__d6t1__00031.wav,byod-mxr,6,6,1,1,29.915327656251563,29.91150927100104
les_neck_pick17__d6t2__00032.wav,lsp-sine,les_neck_pick17,0.0042567253,les_bridge_fing24__d6t2__00032.wav,byod-mxr,6,6,2,2,29.915327656251563,29.91150927100104
les_neck_pick17__d6t3__00033.wav,lsp-sine,les_neck_pick17,0.0038762689,les_neck_pick09__d6t3__00033.wav,lsp-arctan,6,6,3,3,29.915327656251563,29.91872954355242
les_neck_pick17__d6t4__00034.wav,lsp-sine,les_neck_pick17,0.0019347668,les_neck_pick03__d6t4__00034.wav,pedalboard-tanh,6,6,4,4,29.915327656251563,29.92239131554786
les_neck_pick17__d7t0__00035.wav,lsp-sine,les_neck_pick17,0.0039966702,les_bridge_fing24__d7t0__00035.wav,byod-mxr,7,7,0,0,34.094517939627885,34.08156088036171
les_neck_pick17__d7t1__00036.wav,lsp-sine,les_neck_pick17,0.0012539625,les_neck_pick12__d7t1__00036.wav,lsp-hardclip,7,7,1,1,34.094517939627885,34.07942205160116
les_neck_pick17__d7t2__00037.wav,lsp-sine,les_neck_pick17,0.002891302,les_neck_pick09__d7t2__00037.wav,lsp-arctan,7,7,2,2,34.094517939627885,34.09435618625095
les_neck_pick17__d7t3__00038.wav,lsp-sine,les_neck_pick17,0.0017834902,les_neck_pick09__d7t3__00038.wav,lsp-tanh,7,7,3,3,34.094517939627885,34.0729352593394
les_neck_pick17__d7t4__00039.wav,lsp-sine,les_neck_pick17,0.00200063,les_neck_pick21__d7t3__00038.wav,lsp-hardclip,7,7,4,3,34.094517939627885,34.07942205160116
les_bridge_fing02__d0t0__00000.wav,lsp-tanh,les_bridge_fing02,0.00074994564,les_bridge_pick16__d1t1__00006.wav,pedalboard-tanh,0,1,0,1,5.0,9.146047429418331
les_bridge_fing02__d0t1__00001.wav,lsp-tanh,les_bridge_fing02,0.0008688569,les_neck_pick02__d0t0__00000.wav,pedalboard-tanh,0,0,1,0,5.0,5.0
les_bridge_fing02__d0t2__00002.wav,lsp-tanh,les_bridge_fing02,0.0011906028,les_neck_pick14__d3t0__00015.wav,lsp-hardclip,0,3,2,0,5.0,17.563088337099366
les_bridge_fing02__d0t3__00003.wav,lsp-tanh,les_bridge_fing02,0.0012483001,les_bridge_fing24__d0t4__00004.wav,lsp-sine,0,0,3,4,5.0,5.041347474059023
les_bridge_fing02__d0t4__00004.wav,lsp-tanh,les_bridge_fing02,0.0019129515,les_bridge_pick22__d0t4__00004.wav,byod-mxr,0,0,4,4,5.0,5.0
les_bridge_fing02__d1t0__00005.wav,lsp-tanh,les_bridge_fing02,0.00055897236,les_bridge_pick16__d1t1__00006.wav,lsp-sine,1,1,0,1,9.088421535688989,9.202349861352678
les_bridge_fing02__d1t1__00006.wav,lsp-tanh,les_bridge_fing02,0.0010613799,les_neck_pick21__d2t0__00010.wav,lsp-arctan,1,2,1,0,9.088421535688989,13.270071970821393
les_bridge_fing02__d1t2__00007.wav,lsp-tanh,les_bridge_fing02,0.001354456,les_bridge_fing17__d0t1__00001.wav,lsp-sine,1,0,2,1,9.088421535688989,5.041347474059023
les_bridge_fing02__d1t3__00008.wav,lsp-tanh,les_bridge_fing02,0.0017086267,les_bridge_fing24__d1t4__00009.wav,lsp-arctan,1,1,3,4,9.088421535688989,9.170316408518453
les_bridge_fing02__d1t4__00009.wav,lsp-tanh,les_bridge_fing02,0.0017656088,les_bridge_pick25__d1t4__00009.wav,lsp-arctan,1,1,4,4,9.088421535688989,9.170316408518453
les_bridge_fing02__d2t0__00010.wav,lsp-tanh,les_bridge_fing02,0.0015601516,les_neck_pick12__d2t1__00011.wav,lsp-hardclip,2,2,0,1,13.297259315581634,13.55142968534178
les_bridge_fing02__d2t1__00011.wav,lsp-tanh,les_bridge_fing02,0.0008711815,les_bridge_fing17__d2t0__00010.wav,lsp-sine,2,2,1,0,13.297259315581634,13.251366385956809
les_bridge_fing02__d2t2__00012.wav,lsp-tanh,les_bridge_fing02,0.0010325909,les_bridge_fing17__d1t1__00006.wav,lsp-hardclip,2,1,2,1,13.297259315581634,9.35456396552498
les_bridge_fing02__d2t3__00013.wav,lsp-tanh,les_bridge_fing02,0.0024535656,les_bridge_fing24__d1t4__00009.wav,byod-mxr,2,1,3,4,13.297259315581634,9.107670514338215
les_bridge_fing02__d2t4__00014.wav,lsp-tanh,les_bridge_fing02,0.0029318929,les_neck_fing01__d2t2__00012.wav,lsp-sine,2,2,4,2,13.297259315581634,13.251366385956809
les_bridge_fing02__d3t0__00015.wav,lsp-tanh,les_bridge_fing02,0.0014870167,les_bridge_fing24__d2t1__00011.wav,lsp-sine,3,2,0,1,17.426284440144894,13.251366385956809
les_bridge_fing02__d3t1__00016.wav,lsp-tanh,les_bridge_fing02,0.0021045804,les_neck_pick12__d3t2__00017.wav,pedalboard-tanh,3,3,1,2,17.426284440144894,17.454399305827287
les_bridge_fing02__d3t2__00017.wav,lsp-tanh,les_bridge_fing02,0.001146555,les_bridge_pick17__d3t2__00017.wav,lsp-arctan,3,3,2,2,17.426284440144894,17.436825605717576
les_bridge_fing02__d3t3__00018.wav,lsp-tanh,les_bridge_fing02,0.0014820695,les_bridge_pick17__d3t3__00018.wav,pedalboard-tanh,3,3,3,3,17.426284440144894,17.454399305827287
les_bridge_fing02__d3t4__00019.wav,lsp-tanh,les_bridge_fing02,0.0016725659,les_bridge_pick25__d3t4__00019.wav,pedalboard-tanh,3,3,4,4,17.426284440144894,17.454399305827287
les_bridge_fing02__d4t0__00020.wav,lsp-tanh,les_bridge_fing02,0.0019932985,les_neck_pick12__d4t1__00021.wav,lsp-arctan,4,4,0,1,21.61115826291455,21.613326710488973
les_bridge_fing02__d4t1__00021.wav,lsp-tanh,les_bridge_fing02,0.0020123124,les_neck_pick12__d4t2__00022.wav,lsp-sine,4,4,1,2,21.61115826291455,21.652716208419097
les_bridge_fing02__d4t2__00022.wav,lsp-tanh,les_bridge_fing02,0.0029324293,les_neck_pick11__d4t2__00022.wav,lsp-sine,4,4,2,2,21.61115826291455,21.652716208419097
les_bridge_fing02__d4t3__00023.wav,lsp-tanh,les_bridge_fing02,0.0031247735,les_bridge_fing17__d4t2__00022.wav,lsp-sine,4,4,3,2,21.61115826291455,21.652716208419097
les_bridge_fing02__d4t4__00024.wav,lsp-tanh,les_bridge_fing02,0.0026422143,les_bridge_pick17__d4t3__00023.wav,lsp-sine,4,4,4,3,21.61115826291455,21.652716208419097
les_bridge_fing02__d5t0__00025.wav,lsp-tanh,les_bridge_fing02,0.0038454533,les_bridge_pick25__d4t1__00021.wav,byod-mxr,5,4,0,1,25.766463780707188,21.62039317761596
les_bridge_fing02__d5t1__00026.wav,lsp-tanh,les_bridge_fing02,0.0034042,les_bridge_pick22__d4t2__00022.wav,lsp-arctan,5,4,1,2,25.766463780707188,21.613326710488973
les_bridge_fing02__d5t2__00027.wav,lsp-tanh,les_bridge_fing02,0.0052860975,les_bridge_fing24__d4t4__00024.wav,lsp-sine,5,4,2,4,25.766463780707188,21.652716208419097
les_bridge_fing02__d5t3__00028.wav,lsp-tanh,les_bridge_fing02,0.0047295094,les_bridge_fing21__d5t4__00029.wav,lsp-sine,5,5,3,4,25.766463780707188,25.7855895742644
les_bridge_fing02__d5t4__00029.wav,lsp-tanh,les_bridge_fing02,0.0033958554,les_neck_pick11__d5t4__00029.wav,byod-mxr,5,5,4,4,25.766463780707188,25.779078975465445
les_bridge_fing02__d6t0__00030.wav,lsp-tanh,les_bridge_fing02,0.0061371326,les_neck_pick04__d3t2__00017.wav,byod-bigmuff,6,3,0,2,29.89601395521624,17.442946393617085
les_bridge_fing02__d6t1__00031.wav,lsp-tanh,les_bridge_fing02,0.005566597,les_bridge_pick22__d5t2__00027.wav,lsp-arctan,6,5,1,2,29.89601395521624,25.788497067568912
les_bridge_fing02__d6t2__00032.wav,lsp-tanh,les_bridge_fing02,0.0028559566,les_bridge_fing17__d6t1__00031.wav,lsp-arctan,6,6,2,1,29.89601395521624,29.91872954355242
les_bridge_fing02__d6t3__00033.wav,lsp-tanh,les_bridge_fing02,0.004030645,les_bridge_fing20__d6t2__00032.wav,lsp-sine,6,6,3,2,29.89601395521624,29.915327656251563
les_bridge_fing02__d6t4__00034.wav,lsp-tanh,les_bridge_fing02,0.002282679,les_neck_pick14__d5t4__00029.wav,byod-bigmuff,6,5,4,4,29.89601395521624,25.77210742134771
les_bridge_fing02__d7t0__00035.wav,lsp-tanh,les_bridge_fing02,0.009924233,les_neck_pick11__d2t4__00014.wav,byod-bigmuff,7,2,0,4,34.0729352593394,13.312631977514853
les_bridge_fing02__d7t1__00036.wav,lsp-tanh,les_bridge_fing02,0.0035107732,les_bridge_pick22__d6t2__00032.wav,pedalboard-tanh,7,6,1,2,34.0729352593394,29.92239131554786
les_bridge_fing02__d7t2__00037.wav,lsp-tanh,les_bridge_fing02,0.0057018995,les_bridge_pick25__d5t4__00029.wav,lsp-arctan,7,5,2,4,34.0729352593394,25.788497067568912
les_bridge_fing02__d7t3__00038.wav,lsp-tanh,les_bridge_fing02,0.0018181801,les_neck_pick14__d7t2__00037.wav,byod-mxr,7,7,3,2,34.0729352593394,34.08156088036171
les_bridge_fing02__d7t4__00039.wav,lsp-tanh,les_bridge_fing02,0.0021994114,les_neck_pick14__d7t3__00038.wav,byod-mxr,7,7,4,3,34.0729352593394,34.08156088036171
les_bridge_fing05__d0t0__00000.wav,lsp-tanh,les_bridge_fing05,0.0020450354,les_bridge_pick22__d0t2__00002.wav,pedalboard-tanh,0,0,0,2,5.0,5.0
les_bridge_fing05__d0t1__00001.wav,lsp-tanh,les_bridge_fing05,0.00201267,les_neck_pick05__d0t1__00001.wav,lsp-arctan,0,0,1,1,5.0,5.005872107125804
les_bridge_fing05__d0t2__00002.wav,lsp-tanh,les_bridge_fing05,0.0015351772,les_neck_pick21__d0t2__00002.wav,lsp-sine,0,0,2,2,5.0,5.041347474059023
les_bridge_fing05__d0t3__00003.wav,lsp-tanh,les_bridge_fing05,0.00073349476,les_neck_fing01__d1t3__00008.wav,pedalboard-tanh,0,1,3,3,5.0,9.146047429418331
les_bridge_fing05__d0t4__00004.wav,lsp-tanh,les_bridge_fing05,0.00077193975,les_neck_fing01__d0t4__00004.wav,lsp-arctan,0,0,4,4,5.0,5.005872107125804
les_bridge_fing05__d1t0__00005.wav,lsp-tanh,les_bridge_fing05,0.0013566017,les_bridge_pick22__d0t2__00002.wav,pedalboard-tanh,1,0,0,2,9.088421535688989,5.0
les_bridge_fing05__d1t1__00006.wav,lsp-tanh,les_bridge_fing05,0.0012904406,les_neck_pick05__d0t1__00001.wav,lsp-arctan,1,0,1,1,9.088421535688989,5.005872107125804
les_bridge_fing05__d1t2__00007.wav,lsp-tanh,les_bridge_fing05,0.0021397471,les_neck_fing01__d2t2__00012.wav,pedalboard-tanh,1,2,2,2,9.088421535688989,13.296816138037473
les_bridge_fing05__d1t3__00008.wav,lsp-tanh,les_bridge_fing05,0.001079917,les_neck_fing01__d1t3__00008.wav,lsp-sine,1,1,3,3,9.088421535688989,9.202349861352678
les_bridge_fing05__d1t4__00009.wav,lsp-tanh,les_bridge_fing05,0.0014731288,les_neck_fing01__d1t4__00009.wav,lsp-arctan,1,1,4,4,9.088421535688989,9.170316408518453
les_bridge_fing05__d2t0__00010.wav,lsp-tanh,les_bridge_fing05,0.000834465,les_bridge_pick17__d1t1__00006.wav,byod-mxr,2,1,0,1,13.297259315581634,9.107670514338215
les_bridge_fing05__d2t1__00011.wav,lsp-tanh,les_bridge_fing05,0.0014508963,les_bridge_pick22__d1t3__00008.wav,byod-mxr,2,1,1,3,13.297259315581634,9.107670514338215
les_bridge_fing05__d2t2__00012.wav,lsp-tanh,les_bridge_fing05,0.002427578,les_neck_fing01__d0t2__00002.wav,lsp-hardclip,2,0,2,2,13.297259315581634,5.063331073032135
les_bridge_fing05__d2t3__00013.wav,lsp-tanh,les_bridge_fing05,0.0019456744,les_bridge_fing17__d0t4__00004.wav,byod-mxr,2,0,3,4,13.297259315581634,5.0
les_bridge_fing05__d2t4__00014.wav,lsp-tanh,les_bridge_fing05,0.0027132034,les_neck_fing01__d2t4__00014.wav,pedalboard-tanh,2,2,4,4,13.297259315581634,13.296816138037473
les_bridge_fing05__d3t0__00015.wav,lsp-tanh,les_bridge_fing05,0.0010265112,les_bridge_pick22__d2t2__00012.wav,pedalboard-tanh,3,2,0,2,17.426284440144894,13.296816138037473
les_bridge_fing05__d3t1__00016.wav,lsp-tanh,les_bridge_fing05,0.000959754,les_bridge_pick22__d2t3__00013.wav,lsp-sine,3,2,1,3,17.426284440144894,13.251366385956809
les_bridge_fing05__d3t2__00017.wav,lsp-tanh,les_bridge_fing05,0.0030286908,les_bridge_pick17__d2t4__00014.wav,lsp-sine,3,2,2,4,17.426284440144894,13.251366385956809
les_bridge_fing05__d3t3__00018.wav,lsp-tanh,les_bridge_fing05,0.0030293465,les_neck_pick03__d3t4__00019.wav,lsp-sine,3,3,3,4,17.426284440144894,17.46073355198249
les_bridge_fing05__d3t4__00019.wav,lsp-tanh,les_bridge_fing05,0.004678905,les_neck_pick21__d3t3__00018.wav,pedalboard-tanh,3,3,4,3,17.426284440144894,17.454399305827287
les_bridge_fing05__d4t0__00020.wav,lsp-tanh,les_bridge_fing05,0.0051649213,les_bridge_pick17__d3t1__00016.wav,lsp-sine,4,3,0,1,21.61115826291455,17.46073355198249
les_bridge_fing05__d4t1__00021.wav,lsp-tanh,les_bridge_fing05,0.0024374127,les_bridge_fing20__d3t3__00018.wav,lsp-sine,4,3,1,3,21.61115826291455,17.46073355198249
les_bridge_fing05__d4t2__00022.wav,lsp-tanh,les_bridge_fing05,0.0038499236,les_bridge_pick17__d3t4__00019.wav,lsp-sine,4,3,2,4,21.61115826291455,17.46073355198249
les_bridge_fing05__d4t3__00023.wav,lsp-tanh,les_bridge_fing05,0.0044656396,les_neck_fing01__d3t4__00019.wav,lsp-sine,4,3,3,4,21.61115826291455,17.46073355198249
les_bridge_fing05__d4t4__00024.wav,lsp-tanh,les_bridge_fing05,0.0037033558,les_neck_pick21__d4t4__00024.wav,byod-mxr,4,4,4,4,21.61115826291455,21.62039317761596
les_bridge_fing05__d5t0__00025.wav,lsp-tanh,les_bridge_fing05,0.0044508576,les_bridge_pick22__d4t2__00022.wav,byod-mxr,5,4,0,2,25.766463780707188,21.62039317761596
les_bridge_fing05__d5t1__00026.wav,lsp-tanh,les_bridge_fing05,0.004380107,les_bridge_pick22__d4t3__00023.wav,lsp-arctan,5,4,1,3,25.766463780707188,21.613326710488973
les_bridge_fing05__d5t2__00027.wav,lsp-tanh,les_bridge_fing05,0.0041570663,les_bridge_pick17__d4t4__00024.wav,pedalboard-tanh,5,4,2,4,25.766463780707188,21.61638024087312
les_bridge_fing05__d5t3__00028.wav,lsp-tanh,les_bridge_fing05,0.0032373667,les_neck_pick02__d5t4__00029.wav,lsp-sine,5,5,3,4,25.766463780707188,25.7855895742644
les_bridge_fing05__d5t4__00029.wav,lsp-tanh,les_bridge_fing05,0.0052190423,les_neck_pick14__d6t3__00033.wav,lsp-hardclip,5,6,4,3,25.766463780707188,29.908667593492765
les_bridge_fing05__d6t0__00030.wav,lsp-tanh,les_bridge_fing05,0.0021727085,les_neck_pick04__d5t2__00027.wav,byod-bigmuff,6,5,0,2,29.89601395521624,25.77210742134771
les_bridge_fing05__d6t1__00031.wav,lsp-tanh,les_bridge_fing05,0.0036610365,les_bridge_pick17__d6t2__00032.wav,lsp-hardclip,6,6,1,2,29.89601395521624,29.908667593492765
les_bridge_fing05__d6t2__00032.wav,lsp-tanh,les_bridge_fing05,0.0022622347,les_bridge_fing21__d6t4__00034.wav,lsp-sine,6,6,2,4,29.89601395521624,29.915327656251563
les_bridge_fing05__d6t3__00033.wav,lsp-tanh,les_bridge_fing05,0.0015339851,les_neck_pick04__d7t3__00038.wav,lsp-sine,6,7,3,3,29.89601395521624,34.094517939627885
les_bridge_fing05__d6t4__00034.wav,lsp-tanh,les_bridge_fing05,0.00059610605,les_bridge_fing17__d7t4__00039.wav,pedalboard-tanh,6,7,4,4,29.89601395521624,34.075823464139134
les_bridge_fing05__d7t0__00035.wav,lsp-tanh,les_bridge_fing05,0.0042220354,les_bridge_pick22__d7t2__00037.wav,lsp-hardclip,7,7,0,2,34.0729352593394,34.07942205160116
les_bridge_fing05__d7t1__00036.wav,lsp-tanh,les_bridge_fing05,0.0028486848,les_bridge_pick22__d7t3__00038.wav,lsp-arctan,7,7,1,3,34.0729352593394,34.09435618625095
les_bridge_fing05__d7t2__00037.wav,lsp-tanh,les_bridge_fing05,0.0010740161,les_bridge_fing17__d7t3__00038.wav,byod-mxr,7,7,2,3,34.0729352593394,34.08156088036171
les_bridge_fing05__d7t3__00038.wav,lsp-tanh,les_bridge_fing05,0.0011029243,les_bridge_pick25__d7t4__00039.wav,lsp-sine,7,7,3,4,34.0729352593394,34.094517939627885
les_bridge_fing05__d7t4__00039.wav,lsp-tanh,les_bridge_fing05,0.001172483,les_bridge_fing20__d7t4__00039.wav,lsp-hardclip,7,7,4,4,34.0729352593394,34.07942205160116
les_bridge_fing07__d0t0__00000.wav,lsp-tanh,les_bridge_fing07,0.0011210442,les_bridge_pick16__d1t1__00006.wav,lsp-arctan,0,1,0,1,5.0,9.170316408518453
les_bridge_fing07__d0t1__00001.wav,lsp-tanh,les_bridge_fing07,0.0012639761,les_neck_fing15__d4t0__00020.wav,lsp-arctan,0,4,1,0,5.0,21.613326710488973
les_bridge_fing07__d0t2__00002.wav,lsp-tanh,les_bridge_fing07,0.00096046925,les_bridge_pick17__d0t2__00002.wav,lsp-arctan,0,0,2,2,5.0,5.005872107125804
les_bridge_fing07__d0t3__00003.wav,lsp-tanh,les_bridge_fing07,0.001591742,les_bridge_fing17__d0t2__00002.wav,pedalboard-tanh,0,0,3,2,5.0,5.0
les_bridge_fing07__d0t4__00004.wav,lsp-tanh,les_bridge_fing07,0.003914535,les_neck_pick05__d1t2__00007.wav,lsp-sine,0,1,4,2,5.0,9.202349861352678
les_bridge_fing07__d1t0__00005.wav,lsp-tanh,les_bridge_fing07,0.0013943911,les_bridge_pick16__d1t1__00006.wav,lsp-arctan,1,1,0,1,9.088421535688989,9.170316408518453
les_bridge_fing07__d1t1__00006.wav,lsp-tanh,les_bridge_fing07,0.00057148933,les_bridge_fing17__d0t0__00000.wav,pedalboard-tanh,1,0,1,0,9.088421535688989,5.0
les_bridge_fing07__d1t2__00007.wav,lsp-tanh,les_bridge_fing07,0.00046807528,les_bridge_pick17__d0t2__00002.wav,byod-mxr,1,0,2,2,9.088421535688989,5.0
les_bridge_fing07__d1t3__00008.wav,lsp-tanh,les_bridge_fing07,0.002210319,les_bridge_fing17__d0t2__00002.wav,lsp-hardclip,1,0,3,2,9.088421535688989,5.063331073032135
les_bridge_fing07__d1t4__00009.wav,lsp-tanh,les_bridge_fing07,0.0033774376,les_neck_pick05__d1t2__00007.wav,lsp-hardclip,1,1,4,2,9.088421535688989,9.35456396552498
les_bridge_fing07__d2t0__00010.wav,lsp-tanh,les_bridge_fing07,0.0027246475,les_bridge_fing24__d1t1__00006.wav,pedalboard-tanh,2,1,0,1,13.297259315581634,9.146047429418331
les_bridge_fing07__d2t1__00011.wav,lsp-tanh,les_bridge_fing07,0.0008544922,les_bridge_fing17__d2t0__00010.wav,lsp-hardclip,2,2,1,0,13.297259315581634,13.55142968534178
les_bridge_fing07__d2t2__00012.wav,lsp-tanh,les_bridge_fing07,0.0013499856,les_bridge_pick17__d2t2__00012.wav,lsp-arctan,2,2,2,2,13.297259315581634,13.270071970821393
les_bridge_fing07__d2t3__00013.wav,lsp-tanh,les_bridge_fing07,0.0030323267,les_bridge_pick17__d2t3__00013.wav,lsp-sine,2,2,3,3,13.297259315581634,13.251366385956809
les_bridge_fing07__d2t4__00014.wav,lsp-tanh,les_bridge_fing07,0.0032366514,les_neck_fing01__d3t2__00017.wav,lsp-arctan,2,3,4,2,13.297259315581634,17.436825605717576
les_bridge_fing07__d3t0__00015.wav,lsp-tanh,les_bridge_fing07,0.0015780926,les_neck_pick09__d1t0__00005.wav,lsp-hardclip,3,1,0,0,17.426284440144894,9.35456396552498
les_bridge_fing07__d3t1__00016.wav,lsp-tanh,les_bridge_fing07,0.0012212992,les_bridge_fing17__d3t0__00015.wav,byod-mxr,3,3,1,0,17.426284440144894,17.452308155418716
les_bridge_fing07__d3t2__00017.wav,lsp-tanh,les_bridge_fing07,0.0033489466,les_bridge_pick17__d3t2__00017.wav,pedalboard-tanh,3,3,2,2,17.426284440144894,17.454399305827287
les_bridge_fing07__d3t3__00018.wav,lsp-tanh,les_bridge_fing07,0.002873242,les_bridge_fing17__d3t2__00017.wav,byod-mxr,3,3,3,2,17.426284440144894,17.452308155418716
les_bridge_fing07__d3t4__00019.wav,lsp-tanh,les_bridge_fing07,0.0035523176,les_bridge_fing17__d3t3__00018.wav,lsp-arctan,3,3,4,3,17.426284440144894,17.436825605717576
les_bridge_fing07__d4t0__00020.wav,lsp-tanh,les_bridge_fing07,0.0035848022,les_bridge_fing24__d4t1__00021.wav,lsp-hardclip,4,4,0,1,21.61115826291455,21.54643860361127
les_bridge_fing07__d4t1__00021.wav,lsp-tanh,les_bridge_fing07,0.0012170672,les_bridge_fing17__d5t0__00025.wav,lsp-sine,4,5,1,0,21.61115826291455,25.7855895742644
les_bridge_fing07__d4t2__00022.wav,lsp-tanh,les_bridge_fing07,0.0044367313,les_neck_pick12__d4t4__00024.wav,lsp-sine,4,4,2,4,21.61115826291455,21.652716208419097
les_bridge_fing07__d4t3__00023.wav,lsp-tanh,les_bridge_fing07,0.0050834417,les_bridge_pick17__d4t3__00023.wav,pedalboard-tanh,4,4,3,3,21.61115826291455,21.61638024087312
les_bridge_fing07__d4t4__00024.wav,lsp-tanh,les_bridge_fing07,0.0035309792,les_neck_pick11__d4t4__00024.wav,byod-mxr,4,4,4,4,21.61115826291455,21.62039317761596
les_bridge_fing07__d5t0__00025.wav,lsp-tanh,les_bridge_fing07,0.0029955506,les_neck_pick12__d6t0__00030.wav,pedalboard-tanh,5,6,0,0,25.766463780707188,29.92239131554786
les_bridge_fing07__d5t1__00026.wav,lsp-tanh,les_bridge_fing07,0.0041818023,les_neck_pick04__d5t1__00026.wav,lsp-sine,5,5,1,1,25.766463780707188,25.7855895742644
les_bridge_fing07__d5t2__00027.wav,lsp-tanh,les_bridge_fing07,0.005041659,les_bridge_fing21__d5t3__00028.wav,lsp-arctan,5,5,2,3,25.766463780707188,25.788497067568912
les_bridge_fing07__d5t3__00028.wav,lsp-tanh,les_bridge_fing07,0.0066580772,les_neck_pick12__d7t2__00037.wav,lsp-arctan,5,7,3,2,25.766463780707188,34.09435618625095
les_bridge_fing07__d5t4__00029.wav,lsp-tanh,les_bridge_fing07,0.0030698776,les_neck_pick02__d6t3__00033.wav,pedalboard-tanh,5,6,4,3,25.766463780707188,29.92239131554786
les_bridge_fing07__d6t0__00030.wav,lsp-tanh,les_bridge_fing07,0.007361889,les_bridge_fing20__d5t1__00026.wav,lsp-arctan,6,5,0,1,29.89601395521624,25.788497067568912
les_bridge_fing07__d6t1__00031.wav,lsp-tanh,les_bridge_fing07,0.0057129264,les_neck_pick11__d6t2__00032.wav,byod-mxr,6,6,1,2,29.89601395521624,29.91150927100104
les_bridge_fing07__d6t2__00032.wav,lsp-tanh,les_bridge_fing07,0.0046424866,les_neck_pick11__d6t3__00033.wav,lsp-hardclip,6,6,2,3,29.89601395521624,29.908667593492765
les_bridge_fing07__d6t3__00033.wav,lsp-tanh,les_bridge_fing07,0.001716733,les_bridge_pick25__d6t4__00034.wav,lsp-sine,6,6,3,4,29.89601395521624,29.915327656251563
les_bridge_fing07__d6t4__00034.wav,lsp-tanh,les_bridge_fing07,0.0009765029,les_bridge_fing20__d6t4__00034.wav,lsp-arctan,6,6,4,4,29.89601395521624,29.91872954355242
les_bridge_fing07__d7t0__00035.wav,lsp-tanh,les_bridge_fing07,0.0016759038,les_bridge_fing17__d7t0__00035.wav,pedalboard-tanh,7,7,0,0,34.0729352593394,34.075823464139134
les_bridge_fing07__d7t1__00036.wav,lsp-tanh,les_bridge_fing07,0.0038013458,les_bridge_fing24__d7t2__00037.wav,byod-mxr,7,7,1,2,34.0729352593394,34.08156088036171
les_bridge_fing07__d7t2__00037.wav,lsp-tanh,les_bridge_fing07,0.0019680262,les_bridge_fing20__d7t2__00037.wav,lsp-hardclip,7,7,2,2,34.0729352593394,34.07942205160116
les_bridge_fing07__d7t3__00038.wav,lsp-tanh,les_bridge_fing07,0.0013441443,les_bridge_pick25__d7t4__00039.wav,pedalboard-tanh,7,7,3,4,34.0729352593394,34.075823464139134
les_bridge_fing07__d7t4__00039.wav,lsp-tanh,les_bridge_fing07,0.0012191534,les_bridge_pick25__d7t4__00039.wav,lsp-sine,7,7,4,4,34.0729352593394,34.094517939627885
les_bridge_fing09__d0t0__00000.wav,lsp-tanh,les_bridge_fing09,0.004436612,les_neck_pick12__d0t4__00004.wav,lsp-arctan,0,0,0,4,5.0,5.005872107125804
les_bridge_fing09__d0t1__00001.wav,lsp-tanh,les_bridge_fing09,0.0016016364,les_neck_fing01__d0t2__00002.wav,pedalboard-tanh,0,0,1,2,5.0,5.0
les_bridge_fing09__d0t2__00002.wav,lsp-tanh,les_bridge_fing09,0.0038648248,les_neck_fing01__d0t3__00003.wav,pedalboard-tanh,0,0,2,3,5.0,5.0
les_bridge_fing09__d0t3__00003.wav,lsp-tanh,les_bridge_fing09,0.0021953583,les_neck_pick21__d1t3__00008.wav,pedalboard-tanh,0,1,3,3,5.0,9.146047429418331
les_bridge_fing09__d0t4__00004.wav,lsp-tanh,les_bridge_fing09,0.0016720295,les_neck_pick21__d0t4__00004.wav,pedalboard-tanh,0,0,4,4,5.0,5.0
les_bridge_fing09__d1t0__00005.wav,lsp-tanh,les_bridge_fing09,0.0020798445,les_neck_fing15__d0t3__00003.wav,pedalboard-tanh,1,0,0,3,9.088421535688989,5.0
les_bridge_fing09__d1t1__00006.wav,lsp-tanh,les_bridge_fing09,0.0020639896,les_neck_fing01__d1t2__00007.wav,pedalboard-tanh,1,1,1,2,9.088421535688989,9.146047429418331
les_bridge_fing09__d1t2__00007.wav,lsp-tanh,les_bridge_fing09,0.002845347,les_neck_fing01__d0t3__00003.wav,lsp-sine,1,0,2,3,9.088421535688989,5.041347474059023
les_bridge_fing09__d1t3__00008.wav,lsp-tanh,les_bridge_fing09,0.0032111406,les_neck_pick21__d0t3__00003.wav,byod-mxr,1,0,3,3,9.088421535688989,5.0
les_bridge_fing09__d1t4__00009.wav,lsp-tanh,les_bridge_fing09,0.0015900135,les_neck_pick21__d1t4__00009.wav,pedalboard-tanh,1,1,4,4,9.088421535688989,9.146047429418331
les_bridge_fing09__d2t0__00010.wav,lsp-tanh,les_bridge_fing09,0.002990663,les_neck_fing15__d1t3__00008.wav,pedalboard-tanh,2,1,0,3,13.297259315581634,9.146047429418331
les_bridge_fing09__d2t1__00011.wav,lsp-tanh,les_bridge_fing09,0.0011348724,les_neck_pick21__d1t2__00007.wav,lsp-sine,2,1,1,2,13.297259315581634,9.202349861352678
les_bridge_fing09__d2t2__00012.wav,lsp-tanh,les_bridge_fing09,0.0014994144,les_neck_pick21__d0t3__00003.wav,lsp-hardclip,2,0,2,3,13.297259315581634,5.063331073032135
les_bridge_fing09__d2t3__00013.wav,lsp-tanh,les_bridge_fing09,0.0023562908,les_neck_pick21__d0t4__00004.wav,lsp-hardclip,2,0,3,4,13.297259315581634,5.063331073032135
les_bridge_fing09__d2t4__00014.wav,lsp-tanh,les_bridge_fing09,0.0030489564,les_neck_pick14__d1t4__00009.wav,lsp-sine,2,1,4,4,13.297259315581634,9.202349861352678
les_bridge_fing09__d3t0__00015.wav,lsp-tanh,les_bridge_fing09,0.0015302896,les_bridge_fing24__d0t4__00004.wav,lsp-arctan,3,0,0,4,17.426284440144894,5.005872107125804
les_bridge_fing09__d3t1__00016.wav,lsp-tanh,les_bridge_fing09,0.0007531643,les_neck_pick05__d0t2__00002.wav,lsp-hardclip,3,0,1,2,17.426284440144894,5.063331073032135
les_bridge_fing09__d3t2__00017.wav,lsp-tanh,les_bridge_fing09,0.0012168288,les_neck_pick05__d1t3__00008.wav,byod-mxr,3,1,2,3,17.426284440144894,9.107670514338215
les_bridge_fing09__d3t3__00018.wav,lsp-tanh,les_bridge_fing09,0.0022009015,les_neck_pick21__d3t4__00019.wav,lsp-hardclip,3,3,3,4,17.426284440144894,17.563088337099366
les_bridge_fing09__d3t4__00019.wav,lsp-tanh,les_bridge_fing09,0.0040580034,les_neck_pick21__d3t4__00019.wav,lsp-sine,3,3,4,4,17.426284440144894,17.46073355198249
les_bridge_fing09__d4t0__00020.wav,lsp-tanh,les_bridge_fing09,0.007512629,les_neck_pick03__d1t3__00008.wav,byod-bigmuff,4,1,0,3,21.61115826291455,9.126662172709777
les_bridge_fing09__d4t1__00021.wav,lsp-tanh,les_bridge_fing09,0.004443407,les_neck_pick05__d4t2__00022.wav,lsp-hardclip,4,4,1,2,21.61115826291455,21.54643860361127
les_bridge_fing09__d4t2__00022.wav,lsp-tanh,les_bridge_fing09,0.00214684,les_neck_pick02__d4t4__00024.wav,byod-mxr,4,4,2,4,21.61115826291455,21.62039317761596
les_bridge_fing09__d4t3__00023.wav,lsp-tanh,les_bridge_fing09,0.0046914816,les_bridge_pick16__d5t4__00029.wav,lsp-sine,4,5,3,4,21.61115826291455,25.7855895742644
les_bridge_fing09__d4t4__00024.wav,lsp-tanh,les_bridge_fing09,0.006990671,les_neck_pick14__d5t3__00028.wav,lsp-sine,4,5,4,3,21.61115826291455,25.7855895742644
les_bridge_fing09__d5t0__00025.wav,lsp-tanh,les_bridge_fing09,0.010848045,les_neck_pick07__d5t3__00028.wav,lsp-hardclip,5,5,0,3,25.766463780707188,25.79865436059077
les_bridge_fing09__d5t1__00026.wav,lsp-tanh,les_bridge_fing09,0.0077825785,les_bridge_pick17__d5t3__00028.wav,byod-mxr,5,5,1,3,25.766463780707188,25.779078975465445
les_bridge_fing09__d5t2__00027.wav,lsp-tanh,les_bridge_fing09,0.0018793344,les_neck_fing01__d5t4__00029.wav,lsp-hardclip,5,5,2,4,25.766463780707188,25.79865436059077
les_bridge_fing09__d5t3__00028.wav,lsp-tanh,les_bridge_fing09,0.002404809,les_neck_pick04__d6t4__00034.wav,byod-mxr,5,6,3,4,25.766463780707188,29.91150927100104
les_bridge_fing09__d5t4__00029.wav,lsp-tanh,les_bridge_fing09,0.002640009,les_bridge_fing20__d6t4__00034.wav,pedalboard-tanh,5,6,4,4,25.766463780707188,29.92239131554786
les_bridge_fing09__d6t0__00030.wav,lsp-tanh,les_bridge_fing09,0.0065365434,les_neck_pick02__d3t4__00019.wav,byod-bigmuff,6,3,0,4,29.89601395521624,17.442946393617085
les_bridge_fing09__d6t1__00031.wav,lsp-tanh,les_bridge_fing09,0.003043294,les_bridge_pick16__d7t2__00037.wav,pedalboard-tanh,6,7,1,2,29.89601395521624,34.075823464139134
les_bridge_fing09__d6t2__00032.wav,lsp-tanh,les_bridge_fing09,0.001598537,les_neck_pick04__d7t3__00038.wav,lsp-arctan,6,7,2,3,29.89601395521624,34.09435618625095
les_bridge_fing09__d6t3__00033.wav,lsp-tanh,les_bridge_fing09,0.00077807903,les_neck_pick04__d7t4__00039.wav,pedalboard-tanh,6,7,3,4,29.89601395521624,34.075823464139134
les_bridge_fing09__d6t4__00034.wav,lsp-tanh,les_bridge_fing09,0.0013548732,les_neck_pick14__d7t4__00039.wav,pedalboard-tanh,6,7,4,4,29.89601395521624,34.075823464139134
les_bridge_fing09__d7t0__00035.wav,lsp-tanh,les_bridge_fing09,0.009539247,les_neck_pick07__d7t3__00038.wav,byod-mxr,7,7,0,3,34.0729352593394,34.08156088036171
les_bridge_fing09__d7t1__00036.wav,lsp-tanh,les_bridge_fing09,0.0024603605,les_bridge_pick17__d6t4__00034.wav,byod-mxr,7,6,1,4,34.0729352593394,29.91150927100104
les_bridge_fing09__d7t2__00037.wav,lsp-tanh,les_bridge_fing09,0.001095295,les_neck_pick14__d7t3__00038.wav,lsp-arctan,7,7,2,3,34.0729352593394,34.09435618625095
les_bridge_fing09__d7t3__00038.wav,lsp-tanh,les_bridge_fing09,0.0018577576,les_neck_pick14__d7t4__00039.wav,pedalboard-tanh,7,7,3,4,34.0729352593394,34.075823464139134
les_bridge_fing09__d7t4__00039.wav,lsp-tanh,les_bridge_fing09,0.0049449205,les_neck_pick14__d7t4__00039.wav,lsp-sine,7,7,4,4,34.0729352593394,34.094517939627885
les_bridge_fing11__d0t0__00000.wav,lsp-tanh,les_bridge_fing11,0.00032240152,les_bridge_fing20__d2t0__00010.wav,lsp-hardclip,0,2,0,0,5.0,13.55142968534178
les_bridge_fing11__d0t1__00001.wav,lsp-tanh,les_bridge_fing11,0.0010612011,les_bridge_pick17__d0t0__00000.wav,lsp-hardclip,0,0,1,0,5.0,5.063331073032135
les_bridge_fing11__d0t2__00002.wav,lsp-tanh,les_bridge_fing11,0.0015257001,les_bridge_pick25__d1t2__00007.wav,lsp-sine,0,1,2,2,5.0,9.202349861352678
les_bridge_fing11__d0t3__00003.wav,lsp-tanh,les_bridge_fing11,0.0018423796,les_neck_pick05__d1t1__00006.wav,byod-mxr,0,1,3,1,5.0,9.107670514338215
les_bridge_fing11__d0t4__00004.wav,lsp-tanh,les_bridge_fing11,0.0030667186,les_bridge_fing20__d1t4__00009.wav,byod-mxr,0,1,4,4,5.0,9.107670514338215
les_bridge_fing11__d1t0__00005.wav,lsp-tanh,les_bridge_fing11,0.00033777952,les_bridge_pick25__d2t0__00010.wav,lsp-arctan,1,2,0,0,9.088421535688989,13.270071970821393
les_bridge_fing11__d1t1__00006.wav,lsp-tanh,les_bridge_fing11,0.0013214946,les_bridge_pick25__d2t1__00011.wav,lsp-arctan,1,2,1,1,9.088421535688989,13.270071970821393
les_bridge_fing11__d1t2__00007.wav,lsp-tanh,les_bridge_fing11,0.001621902,les_bridge_pick22__d1t2__00007.wav,byod-mxr,1,1,2,2,9.088421535688989,9.107670514338215
les_bridge_fing11__d1t3__00008.wav,lsp-tanh,les_bridge_fing11,0.001924336,les_bridge_pick22__d1t3__00008.wav,byod-mxr,1,1,3,3,9.088421535688989,9.107670514338215
les_bridge_fing11__d1t4__00009.wav,lsp-tanh,les_bridge_fing11,0.0022308826,les_bridge_pick22__d1t4__00009.wav,byod-mxr,1,1,4,4,9.088421535688989,9.107670514338215
les_bridge_fing11__d2t0__00010.wav,lsp-tanh,les_bridge_fing11,0.0007086396,les_bridge_fing24__d2t0__00010.wav,byod-mxr,2,2,0,0,13.297259315581634,13.292365801948186
les_bridge_fing11__d2t1__00011.wav,lsp-tanh,les_bridge_fing11,0.00086677074,les_bridge_pick22__d2t1__00011.wav,lsp-arctan,2,2,1,1,13.297259315581634,13.270071970821393
les_bridge_fing11__d2t2__00012.wav,lsp-tanh,les_bridge_fing11,0.0018931627,les_bridge_pick22__d2t2__00012.wav,lsp-sine,2,2,2,2,13.297259315581634,13.251366385956809
les_bridge_fing11__d2t3__00013.wav,lsp-tanh,les_bridge_fing11,0.001657486,les_bridge_fing20__d2t3__00013.wav,pedalboard-tanh,2,2,3,3,13.297259315581634,13.296816138037473
les_bridge_fing11__d2t4__00014.wav,lsp-tanh,les_bridge_fing11,0.0025402308,les_bridge_fing20__d2t4__00014.wav,lsp-sine,2,2,4,4,13.297259315581634,13.251366385956809
les_bridge_fing11__d3t0__00015.wav,lsp-tanh,les_bridge_fing11,0.0006290078,les_bridge_pick22__d2t0__00010.wav,lsp-sine,3,2,0,0,17.426284440144894,13.251366385956809
les_bridge_fing11__d3t1__00016.wav,lsp-tanh,les_bridge_fing11,0.0016049147,les_bridge_pick22__d3t1__00016.wav,lsp-sine,3,3,1,1,17.426284440144894,17.46073355198249
les_bridge_fing11__d3t2__00017.wav,lsp-tanh,les_bridge_fing11,0.0024745464,les_bridge_pick22__d3t2__00017.wav,lsp-sine,3,3,2,2,17.426284440144894,17.46073355198249
les_bridge_fing11__d3t3__00018.wav,lsp-tanh,les_bridge_fing11,0.0032497644,les_bridge_pick22__d3t3__00018.wav,pedalboard-tanh,3,3,3,3,17.426284440144894,17.454399305827287
les_bridge_fing11__d3t4__00019.wav,lsp-tanh,les_bridge_fing11,0.006686628,les_neck_pick11__d3t3__00018.wav,pedalboard-tanh,3,3,4,3,17.426284440144894,17.454399305827287
les_bridge_fing11__d4t0__00020.wav,lsp-tanh,les_bridge_fing11,0.0015946627,les_neck_pick11__d4t0__00020.wav,pedalboard-tanh,4,4,0,0,21.61115826291455,21.61638024087312
les_bridge_fing11__d4t1__00021.wav,lsp-tanh,les_bridge_fing11,0.006872058,les_neck_pick12__d5t1__00026.wav,lsp-arctan,4,5,1,1,21.61115826291455,25.788497067568912
les_bridge_fing11__d4t2__00022.wav,lsp-tanh,les_bridge_fing11,0.0025374293,les_bridge_fing17__d4t1__00021.wav,byod-mxr,4,4,2,1,21.61115826291455,21.62039317761596
les_bridge_fing11__d4t3__00023.wav,lsp-tanh,les_bridge_fing11,0.0016456842,les_bridge_fing17__d4t2__00022.wav,lsp-arctan,4,4,3,2,21.61115826291455,21.613326710488973
les_bridge_fing11__d4t4__00024.wav,lsp-tanh,les_bridge_fing11,0.0035777092,les_neck_pick21__d5t2__00027.wav,lsp-hardclip,4,5,4,2,21.61115826291455,25.79865436059077
les_bridge_fing11__d5t0__00025.wav,lsp-tanh,les_bridge_fing11,0.003170073,les_bridge_fing24__d5t0__00025.wav,pedalboard-tanh,5,5,0,0,25.766463780707188,25.782351420955937
les_bridge_fing11__d5t1__00026.wav,lsp-tanh,les_bridge_fing11,0.0026604533,les_bridge_fing17__d5t0__00025.wav,byod-mxr,5,5,1,0,25.766463780707188,25.779078975465445
les_bridge_fing11__d5t2__00027.wav,lsp-tanh,les_bridge_fing11,0.004672408,les_bridge_fing24__d4t4__00024.wav,lsp-sine,5,4,2,4,25.766463780707188,21.652716208419097
les_bridge_fing11__d5t3__00028.wav,lsp-tanh,les_bridge_fing11,0.0036922693,les_neck_pick12__d6t3__00033.wav,pedalboard-tanh,5,6,3,3,25.766463780707188,29.92239131554786
les_bridge_fing11__d5t4__00029.wav,lsp-tanh,les_bridge_fing11,0.0026543736,les_neck_pick03__d6t3__00033.wav,lsp-sine,5,6,4,3,25.766463780707188,29.915327656251563
les_bridge_fing11__d6t0__00030.wav,lsp-tanh,les_bridge_fing11,0.0024386644,les_bridge_pick25__d6t0__00030.wav,byod-mxr,6,6,0,0,29.89601395521624,29.91150927100104
les_bridge_fing11__d6t1__00031.wav,lsp-tanh,les_bridge_fing11,0.0028908253,les_bridge_pick17__d6t1__00031.wav,lsp-hardclip,6,6,1,1,29.89601395521624,29.908667593492765
les_bridge_fing11__d6t2__00032.wav,lsp-tanh,les_bridge_fing11,0.003365755,les_bridge_fing21__d6t3__00033.wav,pedalboard-tanh,6,6,2,3,29.89601395521624,29.92239131554786
les_bridge_fing11__d6t3__00033.wav,lsp-tanh,les_bridge_fing11,0.0018957257,les_neck_pick04__d7t2__00037.wav,pedalboard-tanh,6,7,3,2,29.89601395521624,34.075823464139134
les_bridge_fing11__d6t4__00034.wav,lsp-tanh,les_bridge_fing11,0.0016822219,les_neck_pick21__d7t3__00038.wav,pedalboard-tanh,6,7,4,3,29.89601395521624,34.075823464139134
les_bridge_fing11__d7t0__00035.wav,lsp-tanh,les_bridge_fing11,0.0019362569,les_bridge_pick22__d7t1__00036.wav,byod-mxr,7,7,0,1,34.0729352593394,34.08156088036171
les_bridge_fing11__d7t1__00036.wav,lsp-tanh,les_bridge_fing11,0.0018863082,les_bridge_pick22__d7t2__00037.wav,pedalboard-tanh,7,7,1,2,34.0729352593394,34.075823464139134
les_bridge_fing11__d7t2__00037.wav,lsp-tanh,les_bridge_fing11,0.002529502,les_bridge_pick22__d7t3__00038.wav,lsp-sine,7,7,2,3,34.0729352593394,34.094517939627885
les_bridge_fing11__d7t3__00038.wav,lsp-tanh,les_bridge_fing11,0.0012396574,les_bridge_pick25__d7t4__00039.wav,byod-mxr,7,7,3,4,34.0729352593394,34.08156088036171
les_bridge_fing11__d7t4__00039.wav,lsp-tanh,les_bridge_fing11,0.0011500716,les_bridge_pick25__d7t4__00039.wav,lsp-sine,7,7,4,4,34.0729352593394,34.094517939627885
les_bridge_fing16__d0t0__00000.wav,lsp-tanh,les_bridge_fing16,0.0022735,les_neck_pick12__d0t3__00003.wav,lsp-sine,0,0,0,3,5.0,5.041347474059023
les_bridge_fing16__d0t1__00001.wav,lsp-tanh,les_bridge_fing16,0.002206564,les_neck_fing15__d1t3__00008.wav,pedalboard-tanh,0,1,1,3,5.0,9.146047429418331
les_bridge_fing16__d0t2__00002.wav,lsp-tanh,les_bridge_fing16,0.0031623244,les_neck_fing01__d0t3__00003.wav,pedalboard-tanh,0,0,2,3,5.0,5.0
les_bridge_fing16__d0t3__00003.wav,lsp-tanh,les_bridge_fing16,0.00064867735,les_neck_pick02__d1t4__00009.wav,pedalboard-tanh,0,1,3,4,5.0,9.146047429418331
les_bridge_fing16__d0t4__00004.wav,lsp-tanh,les_bridge_fing16,0.003308475,les_neck_fing01__d1t4__00009.wav,lsp-arctan,0,1,4,4,5.0,9.170316408518453
les_bridge_fing16__d1t0__00005.wav,lsp-tanh,les_bridge_fing16,0.001232624,les_bridge_pick25__d0t2__00002.wav,pedalboard-tanh,1,0,0,2,9.088421535688989,5.0
les_bridge_fing16__d1t1__00006.wav,lsp-tanh,les_bridge_fing16,0.0029686093,les_bridge_fing24__d0t4__00004.wav,pedalboard-tanh,1,0,1,4,9.088421535688989,5.0
les_bridge_fing16__d1t2__00007.wav,lsp-tanh,les_bridge_fing16,0.0012530088,les_neck_pick02__d0t3__00003.wav,lsp-sine,1,0,2,3,9.088421535688989,5.041347474059023
les_bridge_fing16__d1t3__00008.wav,lsp-tanh,les_bridge_fing16,0.00063073635,les_neck_pick02__d0t4__00004.wav,byod-mxr,1,0,3,4,9.088421535688989,5.0
les_bridge_fing16__d1t4__00009.wav,lsp-tanh,les_bridge_fing16,0.002161622,les_neck_pick05__d0t4__00004.wav,lsp-sine,1,0,4,4,9.088421535688989,5.041347474059023
les_bridge_fing16__d2t0__00010.wav,lsp-tanh,les_bridge_fing16,0.0011459589,les_neck_pick04__d2t1__00011.wav,lsp-arctan,2,2,0,1,13.297259315581634,13.270071970821393
les_bridge_fing16__d2t1__00011.wav,lsp-tanh,les_bridge_fing16,0.0011598468,les_bridge_fing17__d0t2__00002.wav,lsp-arctan,2,0,1,2,13.297259315581634,5.005872107125804
les_bridge_fing16__d2t2__00012.wav,lsp-tanh,les_bridge_fing16,0.0013369918,les_neck_fing01__d1t3__00008.wav,lsp-sine,2,1,2,3,13.297259315581634,9.202349861352678
les_bridge_fing16__d2t3__00013.wav,lsp-tanh,les_bridge_fing16,0.0013080239,les_neck_fing01__d2t4__00014.wav,lsp-arctan,2,2,3,4,13.297259315581634,13.270071970821393
les_bridge_fing16__d2t4__00014.wav,lsp-tanh,les_bridge_fing16,0.0029836893,les_neck_pick21__d1t4__00009.wav,byod-mxr,2,1,4,4,13.297259315581634,9.107670514338215
les_bridge_fing16__d3t0__00015.wav,lsp-tanh,les_bridge_fing16,0.00092864037,les_bridge_fing24__d1t3__00008.wav,lsp-arctan,3,1,0,3,17.426284440144894,9.170316408518453
les_bridge_fing16__d3t1__00016.wav,lsp-tanh,les_bridge_fing16,0.0027959347,les_bridge_pick17__d1t4__00009.wav,lsp-arctan,3,1,1,4,17.426284440144894,9.170316408518453
les_bridge_fing16__d3t2__00017.wav,lsp-tanh,les_bridge_fing16,0.0018030405,les_neck_pick05__d2t3__00013.wav,lsp-sine,3,2,2,3,17.426284440144894,13.251366385956809
les_bridge_fing16__d3t3__00018.wav,lsp-tanh,les_bridge_fing16,0.0018250346,les_neck_pick05__d2t4__00014.wav,lsp-sine,3,2,3,4,17.426284440144894,13.251366385956809
les_bridge_fing16__d3t4__00019.wav,lsp-tanh,les_bridge_fing16,0.0036033392,les_neck_pick21__d3t4__00019.wav,lsp-arctan,3,3,4,4,17.426284440144894,17.436825605717576
les_bridge_fing16__d4t0__00020.wav,lsp-tanh,les_bridge_fing16,0.0025597215,les_bridge_fing24__d2t4__00014.wav,pedalboard-tanh,4,2,0,4,21.61115826291455,13.296816138037473
les_bridge_fing16__d4t1__00021.wav,lsp-tanh,les_bridge_fing16,0.003228128,les_neck_pick05__d3t2__00017.wav,byod-mxr,4,3,1,2,21.61115826291455,17.452308155418716
les_bridge_fing16__d4t2__00022.wav,lsp-tanh,les_bridge_fing16,0.0017313361,les_neck_pick02__d3t4__00019.wav,byod-mxr,4,3,2,4,21.61115826291455,17.452308155418716
les_bridge_fing16__d4t3__00023.wav,lsp-tanh,les_bridge_fing16,0.0031121373,les_neck_pick05__d4t4__00024.wav,byod-mxr,4,4,3,4,21.61115826291455,21.62039317761596
les_bridge_fing16__d4t4__00024.wav,lsp-tanh,les_bridge_fing16,0.005472243,les_neck_pick04__d5t4__00029.wav,byod-mxr,4,5,4,4,21.61115826291455,25.779078975465445
les_bridge_fing16__d5t0__00025.wav,lsp-tanh,les_bridge_fing16,0.013111591,les_neck_fing01__d1t3__00008.wav,byod-bigmuff,5,1,0,3,25.766463780707188,9.126662172709777
les_bridge_fing16__d5t1__00026.wav,lsp-tanh,les_bridge_fing16,0.012277365,les_neck_pick03__d4t4__00024.wav,pedalboard-tanh,5,4,1,4,25.766463780707188,21.61638024087312
les_bridge_fing16__d5t2__00027.wav,lsp-tanh,les_bridge_fing16,0.0025657415,les_neck_pick05__d4t4__00024.wav,lsp-arctan,5,4,2,4,25.766463780707188,21.613326710488973
les_bridge_fing16__d5t3__00028.wav,lsp-tanh,les_bridge_fing16,0.0047599673,les_neck_pick05__d5t4__00029.wav,byod-mxr,5,5,3,4,25.766463780707188,25.779078975465445
les_bridge_fing16__d5t4__00029.wav,lsp-tanh,les_bridge_fing16,0.005874157,les_neck_pick14__d5t4__00029.wav,lsp-sine,5,5,4,4,25.766463780707188,25.7855895742644
les_bridge_fing16__d6t0__00030.wav,lsp-tanh,les_bridge_fing16,0.012543857,les_neck_pick07__d5t4__00029.wav,lsp-hardclip,6,5,0,4,29.89601395521624,25.79865436059077
les_bridge_fing16__d6t1__00031.wav,lsp-tanh,les_bridge_fing16,0.0068228245,les_neck_pick05__d6t2__00032.wav,byod-mxr,6,6,1,2,29.89601395521624,29.91150927100104
les_bridge_fing16__d6t2__00032.wav,lsp-tanh,les_bridge_fing16,0.0034599304,les_neck_pick05__d5t4__00029.wav,lsp-arctan,6,5,2,4,29.89601395521624,25.788497067568912
les_bridge_fing16__d6t3__00033.wav,lsp-tanh,les_bridge_fing16,0.0019022822,les_neck_fing01__d6t4__00034.wav,byod-mxr,6,6,3,4,29.89601395521624,29.91150927100104
les_bridge_fing16__d6t4__00034.wav,lsp-tanh,les_bridge_fing16,0.002852857,les_neck_pick04__d7t4__00039.wav,byod-mxr,6,7,4,4,29.89601395521624,34.08156088036171
les_bridge_fing16__d7t0__00035.wav,lsp-tanh,les_bridge_fing16,0.008128464,les_bridge_pick22__d6t3__00033.wav,lsp-hardclip,7,6,0,3,34.0729352593394,29.908667593492765
les_bridge_fing16__d7t1__00036.wav,lsp-tanh,les_bridge_fing16,0.0016342998,les_neck_pick05__d6t3__00033.wav,lsp-sine,7,6,1,3,34.0729352593394,29.915327656251563
les_bridge_fing16__d7t2__00037.wav,lsp-tanh,les_bridge_fing16,0.0021579266,les_neck_fing01__d6t4__00034.wav,lsp-arctan,7,6,2,4,34.0729352593394,29.91872954355242
les_bridge_fing16__d7t3__00038.wav,lsp-tanh,les_bridge_fing16,0.002169907,les_neck_pick04__d7t4__00039.wav,pedalboard-tanh,7,7,3,4,34.0729352593394,34.075823464139134
les_bridge_fing16__d7t4__00039.wav,lsp-tanh,les_bridge_fing16,0.00609529,les_neck_pick14__d7t4__00039.wav,pedalboard-tanh,7,7,4,4,34.0729352593394,34.075823464139134
les_bridge_fing18__d0t0__00000.wav,lsp-tanh,les_bridge_fing18,0.0005284548,les_bridge_pick25__d1t0__00005.wav,lsp-hardclip,0,1,0,0,5.0,9.35456396552498
les_bridge_fing18__d0t1__00001.wav,lsp-tanh,les_bridge_fing18,0.0009034276,les_bridge_pick25__d1t1__00006.wav,pedalboard-tanh,0,1,1,1,5.0,9.146047429418331
les_bridge_fing18__d0t2__00002.wav,lsp-tanh,les_bridge_fing18,0.001666367,les_bridge_pick25__d1t2__00007.wav,pedalboard-tanh,0,1,2,2,5.0,9.146047429418331
les_bridge_fing18__d0t3__00003.wav,lsp-tanh,les_bridge_fing18,0.0024462342,les_neck_pick05__d0t1__00001.wav,lsp-hardclip,0,0,3,1,5.0,5.063331073032135
les_bridge_fing18__d0t4__00004.wav,lsp-tanh,les_bridge_fing18,0.0032109618,les_bridge_pick16__d2t4__00014.wav,lsp-arctan,0,2,4,4,5.0,13.270071970821393
les_bridge_fing18__d1t0__00005.wav,lsp-tanh,les_bridge_fing18,0.0006836653,les_bridge_fing21__d1t1__00006.wav,byod-mxr,1,1,0,1,9.088421535688989,9.107670514338215
les_bridge_fing18__d1t1__00006.wav,lsp-tanh,les_bridge_fing18,0.00090390444,les_bridge_pick25__d2t1__00011.wav,lsp-arctan,1,2,1,1,9.088421535688989,13.270071970821393
les_bridge_fing18__d1t2__00007.wav,lsp-tanh,les_bridge_fing18,0.0015836954,les_bridge_pick25__d1t2__00007.wav,lsp-hardclip,1,1,2,2,9.088421535688989,9.35456396552498
les_bridge_fing18__d1t3__00008.wav,lsp-tanh,les_bridge_fing18,0.0020875335,les_bridge_fing24__d0t4__00004.wav,byod-mxr,1,0,3,4,9.088421535688989,5.0
les_bridge_fing18__d1t4__00009.wav,lsp-tanh,les_bridge_fing18,0.0036575794,les_bridge_pick17__d1t4__00009.wav,lsp-arctan,1,1,4,4,9.088421535688989,9.170316408518453
les_bridge_fing18__d2t0__00010.wav,lsp-tanh,les_bridge_fing18,0.0028734803,les_bridge_fing21__d2t1__00011.wav,byod-mxr,2,2,0,1,13.297259315581634,13.292365801948186
les_bridge_fing18__d2t1__00011.wav,lsp-tanh,les_bridge_fing18,0.002885878,les_bridge_fing21__d1t2__00007.wav,byod-mxr,2,1,1,2,13.297259315581634,9.107670514338215
les_bridge_fing18__d2t2__00012.wav,lsp-tanh,les_bridge_fing18,0.00239861,les_bridge_fing17__d2t1__00011.wav,pedalboard-tanh,2,2,2,1,13.297259315581634,13.296816138037473
les_bridge_fing18__d2t3__00013.wav,lsp-tanh,les_bridge_fing18,0.0022717118,les_bridge_pick17__d2t3__00013.wav,pedalboard-tanh,2,2,3,3,13.297259315581634,13.296816138037473
les_bridge_fing18__d2t4__00014.wav,lsp-tanh,les_bridge_fing18,0.0035518408,les_bridge_pick25__d2t4__00014.wav,pedalboard-tanh,2,2,4,4,13.297259315581634,13.296816138037473
les_bridge_fing18__d3t0__00015.wav,lsp-tanh,les_bridge_fing18,0.0023084283,les_neck_pick07__d2t2__00012.wav,pedalboard-tanh,3,2,0,2,17.426284440144894,13.296816138037473
les_bridge_fing18__d3t1__00016.wav,lsp-tanh,les_bridge_fing18,0.003622353,les_neck_pick11__d2t1__00011.wav,lsp-sine,3,2,1,1,17.426284440144894,13.251366385956809
les_bridge_fing18__d3t2__00017.wav,lsp-tanh,les_bridge_fing18,0.0018008351,les_bridge_pick17__d3t2__00017.wav,lsp-arctan,3,3,2,2,17.426284440144894,17.436825605717576
les_bridge_fing18__d3t3__00018.wav,lsp-tanh,les_bridge_fing18,0.0016313791,les_bridge_pick17__d3t3__00018.wav,lsp-arctan,3,3,3,3,17.426284440144894,17.436825605717576
les_bridge_fing18__d3t4__00019.wav,lsp-tanh,les_bridge_fing18,0.0033587813,les_bridge_pick25__d3t4__00019.wav,byod-mxr,3,3,4,4,17.426284440144894,17.452308155418716
les_bridge_fing18__d4t0__00020.wav,lsp-tanh,les_bridge_fing18,0.0029261708,les_bridge_fing17__d0t1__00001.wav,byod-bigmuff,4,0,0,1,21.61115826291455,5.044777586688817
les_bridge_fing18__d4t1__00021.wav,lsp-tanh,les_bridge_fing18,0.0042609572,les_bridge_fing20__d4t1__00021.wav,lsp-sine,4,4,1,1,21.61115826291455,21.652716208419097
les_bridge_fing18__d4t2__00022.wav,lsp-tanh,les_bridge_fing18,0.003016591,les_bridge_fing20__d4t2__00022.wav,lsp-sine,4,4,2,2,21.61115826291455,21.652716208419097
les_bridge_fing18__d4t3__00023.wav,lsp-tanh,les_bridge_fing18,0.002747655,les_bridge_fing20__d4t3__00023.wav,lsp-sine,4,4,3,3,21.61115826291455,21.652716208419097
les_bridge_fing18__d4t4__00024.wav,lsp-tanh,les_bridge_fing18,0.0030084252,les_bridge_fing20__d4t4__00024.wav,lsp-sine,4,4,4,4,21.61115826291455,21.652716208419097
les_bridge_fing18__d5t0__00025.wav,lsp-tanh,les_bridge_fing18,0.007593453,les_bridge_fing20__d2t1__00011.wav,byod-bigmuff,5,2,0,1,25.766463780707188,13.312631977514853
les_bridge_fing18__d5t1__00026.wav,lsp-tanh,les_bridge_fing18,0.0065426826,les_neck_pick09__d3t3__00018.wav,byod-bigmuff,5,3,1,3,25.766463780707188,17.442946393617085
les_bridge_fing18__d5t2__00027.wav,lsp-tanh,les_bridge_fing18,0.005737722,les_neck_pick02__d5t2__00027.wav,lsp-sine,5,5,2,2,25.766463780707188,25.7855895742644
les_bridge_fing18__d5t3__00028.wav,lsp-tanh,les_bridge_fing18,0.0036737323,les_neck_pick04__d5t3__00028.wav,lsp-sine,5,5,3,3,25.766463780707188,25.7855895742644
les_bridge_fing18__d5t4__00029.wav,lsp-tanh,les_bridge_fing18,0.004160166,les_bridge_pick22__d6t4__00034.wav,lsp-sine,5,6,4,4,25.766463780707188,29.915327656251563
les_bridge_fing18__d6t0__00030.wav,lsp-tanh,les_bridge_fing18,0.006490886,les_bridge_pick17__d5t1__00026.wav,lsp-arctan,6,5,0,1,29.89601395521624,25.788497067568912
les_bridge_fing18__d6t1__00031.wav,lsp-tanh,les_bridge_fing18,0.008529842,les_bridge_pick17__d5t2__00027.wav,lsp-arctan,6,5,1,2,29.89601395521624,25.788497067568912
les_bridge_fing18__d6t2__00032.wav,lsp-tanh,les_bridge_fing18,0.0035395622,les_neck_pick04__d6t2__00032.wav,pedalboard-tanh,6,6,2,2,29.89601395521624,29.92239131554786
les_bridge_fing18__d6t3__00033.wav,lsp-tanh,les_bridge_fing18,0.0035367608,les_neck_pick02__d6t4__00034.wav,lsp-hardclip,6,6,3,4,29.89601395521624,29.908667593492765
les_bridge_fing18__d6t4__00034.wav,lsp-tanh,les_bridge_fing18,0.0012066364,les_neck_fing01__d7t3__00038.wav,lsp-arctan,6,7,4,3,29.89601395521624,34.09435618625095
les_bridge_fing18__d7t0__00035.wav,lsp-tanh,les_bridge_fing18,0.0042362213,les_neck_pick05__d6t1__00031.wav,lsp-arctan,7,6,0,1,34.0729352593394,29.91872954355242
les_bridge_fing18__d7t1__00036.wav,lsp-tanh,les_bridge_fing18,0.004369855,les_neck_fing01__d7t1__00036.wav,pedalboard-tanh,7,7,1,1,34.0729352593394,34.075823464139134
les_bridge_fing18__d7t2__00037.wav,lsp-tanh,les_bridge_fing18,0.0015422106,les_neck_fing01__d7t2__00037.wav,lsp-arctan,7,7,2,2,34.0729352593394,34.09435618625095
les_bridge_fing18__d7t3__00038.wav,lsp-tanh,les_bridge_fing18,0.0015614033,les_bridge_fing20__d7t3__00038.wav,lsp-arctan,7,7,3,3,34.0729352593394,34.09435618625095
les_bridge_fing18__d7t4__00039.wav,lsp-tanh,les_bridge_fing18,0.0022169948,les_bridge_pick25__d7t4__00039.wav,lsp-hardclip,7,7,4,4,34.0729352593394,34.07942205160116
les_bridge_fing23__d0t0__00000.wav,lsp-tanh,les_bridge_fing23,0.0013943315,les_neck_pick12__d0t3__00003.wav,pedalboard-tanh,0,0,0,3,5.0,5.0
les_bridge_fing23__d0t1__00001.wav,lsp-tanh,les_bridge_fing23,0.0009481907,les_neck_fing15__d0t3__00003.wav,pedalboard-tanh,0,0,1,3,5.0,5.0
les_bridge_fing23__d0t2__00002.wav,lsp-tanh,les_bridge_fing23,0.0035651922,les_neck_pick04__d0t2__00002.wav,byod-mxr,0,0,2,2,5.0,5.0
les_bridge_fing23__d0t3__00003.wav,lsp-tanh,les_bridge_fing23,0.0037215948,les_neck_fing01__d0t3__00003.wav,pedalboard-tanh,0,0,3,3,5.0,5.0
les_bridge_fing23__d0t4__00004.wav,lsp-tanh,les_bridge_fing23,0.0041795373,les_neck_pick21__d0t3__00003.wav,pedalboard-tanh,0,0,4,3,5.0,5.0
les_bridge_fing23__d1t0__00005.wav,lsp-tanh,les_bridge_fing23,0.002203405,les_neck_pick12__d0t3__00003.wav,lsp-sine,1,0,0,3,9.088421535688989,5.041347474059023
les_bridge_fing23__d1t1__00006.wav,lsp-tanh,les_bridge_fing23,0.0013563633,les_neck_fing15__d0t3__00003.wav,lsp-sine,1,0,1,3,9.088421535688989,5.041347474059023
les_bridge_fing23__d1t2__00007.wav,lsp-tanh,les_bridge_fing23,0.0032739043,les_neck_pick21__d0t2__00002.wav,pedalboard-tanh,1,0,2,2,9.088421535688989,5.0
les_bridge_fing23__d1t3__00008.wav,lsp-tanh,les_bridge_fing23,0.003605485,les_neck_pick14__d0t2__00002.wav,pedalboard-tanh,1,0,3,2,9.088421535688989,5.0
les_bridge_fing23__d1t4__00009.wav,lsp-tanh,les_bridge_fing23,0.004107535,les_neck_pick21__d1t3__00008.wav,pedalboard-tanh,1,1,4,3,9.088421535688989,9.146047429418331
les_bridge_fing23__d2t0__00010.wav,lsp-tanh,les_bridge_fing23,0.0023452044,les_neck_pick14__d2t0__00010.wav,lsp-hardclip,2,2,0,0,13.297259315581634,13.55142968534178
les_bridge_fing23__d2t1__00011.wav,lsp-tanh,les_bridge_fing23,0.0015332103,les_neck_pick05__d0t1__00001.wav,lsp-arctan,2,0,1,1,13.297259315581634,5.005872107125804
les_bridge_fing23__d2t2__00012.wav,lsp-tanh,les_bridge_fing23,0.0031777024,les_neck_pick21__d1t2__00007.wav,byod-mxr,2,1,2,2,13.297259315581634,9.107670514338215
les_bridge_fing23__d2t3__00013.wav,lsp-tanh,les_bridge_fing23,0.0039948225,les_bridge_fing17__d0t4__00004.wav,pedalboard-tanh,2,0,3,4,13.297259315581634,5.0
les_bridge_fing23__d2t4__00014.wav,lsp-tanh,les_bridge_fing23,0.0040849447,les_neck_pick21__d2t3__00013.wav,lsp-arctan,2,2,4,3,13.297259315581634,13.270071970821393
les_bridge_fing23__d3t0__00015.wav,lsp-tanh,les_bridge_fing23,0.0005713701,les_bridge_pick25__d0t2__00002.wav,byod-mxr,3,0,0,2,17.426284440144894,5.0
les_bridge_fing23__d3t1__00016.wav,lsp-tanh,les_bridge_fing23,0.0042441487,les_neck_pick09__d0t2__00002.wav,byod-mxr,3,0,1,2,17.426284440144894,5.0
les_bridge_fing23__d3t2__00017.wav,lsp-tanh,les_bridge_fing23,0.0016040802,les_neck_pick03__d2t3__00013.wav,pedalboard-tanh,3,2,2,3,17.426284440144894,13.296816138037473
les_bridge_fing23__d3t3__00018.wav,lsp-tanh,les_bridge_fing23,0.0026903152,les_bridge_fing17__d2t4__00014.wav,byod-mxr,3,2,3,4,17.426284440144894,13.292365801948186
les_bridge_fing23__d3t4__00019.wav,lsp-tanh,les_bridge_fing23,0.0032645464,les_neck_fing01__d3t4__00019.wav,lsp-arctan,3,3,4,4,17.426284440144894,17.436825605717576
les_bridge_fing23__d4t0__00020.wav,lsp-tanh,les_bridge_fing23,0.0021211505,les_bridge_pick25__d2t2__00012.wav,lsp-arctan,4,2,0,2,21.61115826291455,13.270071970821393
les_bridge_fing23__d4t1__00021.wav,lsp-tanh,les_bridge_fing23,0.0026451945,les_bridge_pick22__d3t3__00018.wav,pedalboard-tanh,4,3,1,3,21.61115826291455,17.454399305827287
les_bridge_fing23__d4t2__00022.wav,lsp-tanh,les_bridge_fing23,0.0056197643,les_neck_pick03__d4t3__00023.wav,lsp-sine,4,4,2,3,21.61115826291455,21.652716208419097
les_bridge_fing23__d4t3__00023.wav,lsp-tanh,les_bridge_fing23,0.0061204433,les_neck_pick05__d5t3__00028.wav,lsp-hardclip,4,5,3,3,21.61115826291455,25.79865436059077
les_bridge_fing23__d4t4__00024.wav,lsp-tanh,les_bridge_fing23,0.0029141903,les_neck_pick05__d5t4__00029.wav,lsp-hardclip,4,5,4,4,21.61115826291455,25.79865436059077
les_bridge_fing23__d5t0__00025.wav,lsp-tanh,les_bridge_fing23,0.011001468,les_neck_pick07__d5t3__00028.wav,byod-mxr,5,5,0,3,25.766463780707188,25.779078975465445
les_bridge_fing23__d5t1__00026.wav,lsp-tanh,les_bridge_fing23,0.0034832358,les_bridge_pick17__d5t2__00027.wav,byod-mxr,5,5,1,2,25.766463780707188,25.779078975465445
les_bridge_fing23__d5t2__00027.wav,lsp-tanh,les_bridge_fing23,0.0038809776,les_neck_pick09__d5t3__00028.wav,lsp-arctan,5,5,2,3,25.766463780707188,25.788497067568912
les_bridge_fing23__d5t3__00028.wav,lsp-tanh,les_bridge_fing23,0.0028757453,les_neck_fing01__d5t4__00029.wav,lsp-sine,5,5,3,4,25.766463780707188,25.7855895742644
les_bridge_fing23__d5t4__00029.wav,lsp-tanh,les_bridge_fing23,0.0033565164,les_neck_pick14__d6t3__00033.wav,lsp-hardclip,5,6,4,3,25.766463780707188,29.908667593492765
les_bridge_fing23__d6t0__00030.wav,lsp-tanh,les_bridge_fing23,0.010651171,les_neck_fing15__d7t0__00035.wav,lsp-hardclip,6,7,0,0,29.89601395521624,34.07942205160116
les_bridge_fing23__d6t1__00031.wav,lsp-tanh,les_bridge_fing23,0.005596578,les_neck_pick07__d6t3__00033.wav,lsp-hardclip,6,6,1,3,29.89601395521624,29.908667593492765
les_bridge_fing23__d6t2__00032.wav,lsp-tanh,les_bridge_fing23,0.0032670498,les_bridge_pick25__d6t3__00033.wav,pedalboard-tanh,6,6,2,3,29.89601395521624,29.92239131554786
les_bridge_fing23__d6t3__00033.wav,lsp-tanh,les_bridge_fing23,0.002182722,les_bridge_pick17__d6t4__00034.wav,lsp-sine,6,6,3,4,29.89601395521624,29.915327656251563
les_bridge_fing23__d6t4__00034.wav,lsp-tanh,les_bridge_fing23,0.0018916726,les_neck_pick14__d7t3__00038.wav,pedalboard-tanh,6,7,4,3,29.89601395521624,34.075823464139134
les_bridge_fing23__d7t0__00035.wav,lsp-tanh,les_bridge_fing23,0.009645164,les_neck_pick07__d7t2__00037.wav,lsp-hardclip,7,7,0,2,34.0729352593394,34.07942205160116
les_bridge_fing23__d7t1__00036.wav,lsp-tanh,les_bridge_fing23,0.0026558042,les_bridge_pick17__d5t4__00029.wav,byod-bigmuff,7,5,1,4,34.0729352593394,25.77210742134771
les_bridge_fing23__d7t2__00037.wav,lsp-tanh,les_bridge_fing23,0.001829207,les_bridge_pick17__d7t4__00039.wav,byod-mxr,7,7,2,4,34.0729352593394,34.08156088036171
les_bridge_fing23__d7t3__00038.wav,lsp-tanh,les_bridge_fing23,0.0020434856,les_bridge_fing17__d7t4__00039.wav,lsp-arctan,7,7,3,4,34.0729352593394,34.09435618625095
les_bridge_fing23__d7t4__00039.wav,lsp-tanh,les_bridge_fing23,0.0026655197,les_neck_pick14__d7t4__00039.wav,lsp-arctan,7,7,4,4,34.0729352593394,34.09435618625095
les_bridge_pick04__d0t0__00000.wav,lsp-tanh,les_bridge_pick04,0.0029351711,les_neck_fing15__d0t3__00003.wav,pedalboard-tanh,0,0,0,3,5.0,5.0
les_bridge_pick04__d0t1__00001.wav,lsp-tanh,les_bridge_pick04,0.0012544394,les_neck_pick04__d0t2__00002.wav,byod-mxr,0,0,1,2,5.0,5.0
les_bridge_pick04__d0t2__00002.wav,lsp-tanh,les_bridge_pick04,0.0015306473,les_neck_fing01__d1t3__00008.wav,pedalboard-tanh,0,1,2,3,5.0,9.146047429418331
les_bridge_pick04__d0t3__00003.wav,lsp-tanh,les_bridge_pick04,0.00084239244,les_neck_pick05__d0t3__00003.wav,lsp-sine,0,0,3,3,5.0,5.041347474059023
les_bridge_pick04__d0t4__00004.wav,lsp-tanh,les_bridge_pick04,0.0021318793,les_neck_pick21__d2t3__00013.wav,lsp-arctan,0,2,4,3,5.0,13.270071970821393
les_bridge_pick04__d1t0__00005.wav,lsp-tanh,les_bridge_pick04,0.0030949712,les_bridge_fing24__d0t4__00004.wav,pedalboard-tanh,1,0,0,4,9.088421535688989,5.0
les_bridge_pick04__d1t1__00006.wav,lsp-tanh,les_bridge_pick04,0.0020856857,les_neck_fing01__d1t2__00007.wav,byod-mxr,1,1,1,2,9.088421535688989,9.107670514338215
les_bridge_pick04__d1t2__00007.wav,lsp-tanh,les_bridge_pick04,0.0017969012,les_neck_fing01__d1t3__00008.wav,lsp-sine,1,1,2,3,9.088421535688989,9.202349861352678
les_bridge_pick04__d1t3__00008.wav,lsp-tanh,les_bridge_pick04,0.0010681152,les_neck_pick02__d1t4__00009.wav,byod-mxr,1,1,3,4,9.088421535688989,9.107670514338215
les_bridge_pick04__d1t4__00009.wav,lsp-tanh,les_bridge_pick04,0.0012040138,les_neck_pick05__d0t4__00004.wav,pedalboard-tanh,1,0,4,4,9.088421535688989,5.0
les_bridge_pick04__d2t0__00010.wav,lsp-tanh,les_bridge_pick04,0.0022318363,les_bridge_fing17__d0t2__00002.wav,lsp-arctan,2,0,0,2,13.297259315581634,5.005872107125804
les_bridge_pick04__d2t1__00011.wav,lsp-tanh,les_bridge_pick04,0.0010766983,les_neck_pick05__d0t2__00002.wav,lsp-hardclip,2,0,1,2,13.297259315581634,5.063331073032135
les_bridge_pick04__d2t2__00012.wav,lsp-tanh,les_bridge_pick04,0.0015153289,les_neck_pick05__d1t3__00008.wav,lsp-hardclip,2,1,2,3,13.297259315581634,9.35456396552498
les_bridge_pick04__d2t3__00013.wav,lsp-tanh,les_bridge_pick04,0.0019053817,les_neck_fing01__d2t4__00014.wav,byod-mxr,2,2,3,4,13.297259315581634,13.292365801948186
les_bridge_pick04__d2t4__00014.wav,lsp-tanh,les_bridge_pick04,0.0019777417,les_neck_pick21__d2t4__00014.wav,lsp-hardclip,2,2,4,4,13.297259315581634,13.55142968534178
les_bridge_pick04__d3t0__00015.wav,lsp-tanh,les_bridge_pick04,0.0030521154,les_neck_pick04__d2t2__00012.wav,lsp-sine,3,2,0,2,17.426284440144894,13.251366385956809
les_bridge_pick04__d3t1__00016.wav,lsp-tanh,les_bridge_pick04,0.0025337934,les_bridge_fing17__d2t3__00013.wav,lsp-sine,3,2,1,3,17.426284440144894,13.251366385956809
les_bridge_pick04__d3t2__00017.wav,lsp-tanh,les_bridge_pick04,0.0021663308,les_bridge_fing17__d2t4__00014.wav,byod-mxr,3,2,2,4,17.426284440144894,13.292365801948186
les_bridge_pick04__d3t3__00018.wav,lsp-tanh,les_bridge_pick04,0.0040541887,les_neck_fing01__d3t4__00019.wav,lsp-arctan,3,3,3,4,17.426284440144894,17.436825605717576
les_bridge_pick04__d3t4__00019.wav,lsp-tanh,les_bridge_pick04,0.0023623705,les_neck_pick21__d3t4__00019.wav,pedalboard-tanh,3,3,4,4,17.426284440144894,17.454399305827287
les_bridge_pick04__d4t0__00020.wav,lsp-tanh,les_bridge_pick04,0.006944537,les_bridge_pick22__d3t3__00018.wav,byod-mxr,4,3,0,3,21.61115826291455,17.452308155418716
les_bridge_pick04__d4t1__00021.wav,lsp-tanh,les_bridge_pick04,0.003627956,les_bridge_pick17__d3t4__00019.wav,lsp-sine,4,3,1,4,21.61115826291455,17.46073355198249
les_bridge_pick04__d4t2__00022.wav,lsp-tanh,les_bridge_pick04,0.0060819983,les_neck_pick09__d4t4__00024.wav,byod-mxr,4,4,2,4,21.61115826291455,21.62039317761596
les_bridge_pick04__d4t3__00023.wav,lsp-tanh,les_bridge_pick04,0.003342867,les_neck_pick05__d5t4__00029.wav,lsp-hardclip,4,5,3,4,21.61115826291455,25.79865436059077
les_bridge_pick04__d4t4__00024.wav,lsp-tanh,les_bridge_pick04,0.005587399,les_neck_pick14__d5t4__00029.wav,lsp-hardclip,4,5,4,4,21.61115826291455,25.79865436059077
les_bridge_pick04__d5t0__00025.wav,lsp-tanh,les_bridge_pick04,0.006856978,les_bridge_pick16__d5t2__00027.wav,lsp-arctan,5,5,0,2,25.766463780707188,25.788497067568912
les_bridge_pick04__d5t1__00026.wav,lsp-tanh,les_bridge_pick04,0.00437212,les_bridge_fing20__d4t4__00024.wav,lsp-arctan,5,4,1,4,25.766463780707188,21.613326710488973
les_bridge_pick04__d5t2__00027.wav,lsp-tanh,les_bridge_pick04,0.0030921698,les_bridge_fing20__d5t3__00028.wav,pedalboard-tanh,5,5,2,3,25.766463780707188,25.782351420955937
les_bridge_pick04__d5t3__00028.wav,lsp-tanh,les_bridge_pick04,0.0013160706,les_neck_pick21__d5t4__00029.wav,pedalboard-tanh,5,5,3,4,25.766463780707188,25.782351420955937
les_bridge_pick04__d5t4__00029.wav,lsp-tanh,les_bridge_pick04,0.0035831332,les_neck_pick14__d5t4__00029.wav,lsp-sine,5,5,4,4,25.766463780707188,25.7855895742644
les_bridge_pick04__d6t0__00030.wav,lsp-tanh,les_bridge_pick04,0.011133492,les_bridge_pick22__d4t4__00024.wav,byod-bigmuff,6,4,0,4,29.89601395521624,21.5884141303546
les_bridge_pick04__d6t1__00031.wav,lsp-tanh,les_bridge_pick04,0.0054826736,les_bridge_pick25__d5t4__00029.wav,byod-mxr,6,5,1,4,29.89601395521624,25.779078975465445
les_bridge_pick04__d6t2__00032.wav,lsp-tanh,les_bridge_pick04,0.0042850375,les_bridge_pick22__d6t4__00034.wav,lsp-sine,6,6,2,4,29.89601395521624,29.915327656251563
les_bridge_pick04__d6t3__00033.wav,lsp-tanh,les_bridge_pick04,0.0037929416,les_bridge_pick16__d6t4__00034.wav,pedalboard-tanh,6,6,3,4,29.89601395521624,29.92239131554786
les_bridge_pick04__d6t4__00034.wav,lsp-tanh,les_bridge_pick04,0.0055294633,les_neck_pick14__d6t4__00034.wav,lsp-sine,6,6,4,4,29.89601395521624,29.915327656251563
les_bridge_pick04__d7t0__00035.wav,lsp-tanh,les_bridge_pick04,0.007963657,les_bridge_pick22__d6t3__00033.wav,byod-mxr,7,6,0,3,34.0729352593394,29.91150927100104
les_bridge_pick04__d7t1__00036.wav,lsp-tanh,les_bridge_pick04,0.0044665337,les_bridge_pick25__d6t3__00033.wav,lsp-sine,7,6,1,3,34.0729352593394,29.915327656251563
les_bridge_pick04__d7t2__00037.wav,lsp-tanh,les_bridge_pick04,0.0036560893,les_bridge_pick16__d7t3__00038.wav,pedalboard-tanh,7,7,2,3,34.0729352593394,34.075823464139134
les_bridge_pick04__d7t3__00038.wav,lsp-tanh,les_bridge_pick04,0.0027929544,les_neck_fing01__d7t3__00038.wav,pedalboard-tanh,7,7,3,3,34.0729352593394,34.075823464139134
les_bridge_pick04__d7t4__00039.wav,lsp-tanh,les_bridge_pick04,0.0039072633,les_neck_fing01__d7t4__00039.wav,pedalboard-tanh,7,7,4,4,34.0729352593394,34.075823464139134
les_bridge_pick09__d0t0__00000.wav,lsp-tanh,les_bridge_pick09,0.0018826723,les_bridge_fing21__d2t0__00010.wav,byod-mxr,0,2,0,0,5.0,13.292365801948186
les_bridge_pick09__d0t1__00001.wav,lsp-tanh,les_bridge_pick09,0.002168417,les_bridge_fing21__d1t1__00006.wav,byod-mxr,0,1,1,1,5.0,9.107670514338215
les_bridge_pick09__d0t2__00002.wav,lsp-tanh,les_bridge_pick09,0.0004964471,les_bridge_fing17__d2t0__00010.wav,lsp-arctan,0,2,2,0,5.0,13.270071970821393
les_bridge_pick09__d0t3__00003.wav,lsp-tanh,les_bridge_pick09,0.0016942024,les_bridge_pick22__d1t2__00007.wav,byod-mxr,0,1,3,2,5.0,9.107670514338215
les_bridge_pick09__d0t4__00004.wav,lsp-tanh,les_bridge_pick09,0.0010281205,les_bridge_fing24__d0t3__00003.wav,byod-mxr,0,0,4,3,5.0,5.0
les_bridge_pick09__d1t0__00005.wav,lsp-tanh,les_bridge_pick09,0.0010429025,les_bridge_fing21__d2t0__00010.wav,byod-mxr,1,2,0,0,9.088421535688989,13.292365801948186
les_bridge_pick09__d1t1__00006.wav,lsp-tanh,les_bridge_pick09,0.001950562,les_bridge_fing21__d1t1__00006.wav,byod-mxr,1,1,1,1,9.088421535688989,9.107670514338215
les_bridge_pick09__d1t2__00007.wav,lsp-tanh,les_bridge_pick09,0.0006799102,les_bridge_fing17__d2t0__00010.wav,pedalboard-tanh,1,2,2,0,9.088421535688989,13.296816138037473
les_bridge_pick09__d1t3__00008.wav,lsp-tanh,les_bridge_pick09,0.0014382601,les_neck_pick03__d1t1__00006.wav,byod-mxr,1,1,3,1,9.088421535688989,9.107670514338215
les_bridge_pick09__d1t4__00009.wav,lsp-tanh,les_bridge_pick09,0.0010762811,les_bridge_fing24__d2t3__00013.wav,pedalboard-tanh,1,2,4,3,9.088421535688989,13.296816138037473
les_bridge_pick09__d2t0__00010.wav,lsp-tanh,les_bridge_pick09,0.0011633039,les_neck_pick12__d2t0__00010.wav,lsp-sine,2,2,0,0,13.297259315581634,13.251366385956809
les_bridge_pick09__d2t1__00011.wav,lsp-tanh,les_bridge_pick09,0.0010873675,les_bridge_fing21__d2t1__00011.wav,byod-mxr,2,2,1,1,13.297259315581634,13.292365801948186
les_bridge_pick09__d2t2__00012.wav,lsp-tanh,les_bridge_pick09,0.0021214485,les_neck_pick11__d0t1__00001.wav,lsp-arctan,2,0,2,1,13.297259315581634,5.005872107125804
les_bridge_pick09__d2t3__00013.wav,lsp-tanh,les_bridge_pick09,0.002757132,les_bridge_fing21__d2t3__00013.wav,byod-mxr,2,2,3,3,13.297259315581634,13.292365801948186
les_bridge_pick09__d2t4__00014.wav,lsp-tanh,les_bridge_pick09,0.0029529333,les_bridge_fing20__d2t3__00013.wav,lsp-sine,2,2,4,3,13.297259315581634,13.251366385956809
les_bridge_pick09__d3t0__00015.wav,lsp-tanh,les_bridge_pick09,0.0010610223,les_bridge_fing21__d0t0__00000.wav,lsp-hardclip,3,0,0,0,17.426284440144894,5.063331073032135
les_bridge_pick09__d3t1__00016.wav,lsp-tanh,les_bridge_pick09,0.0027600527,les_bridge_fing24__d3t1__00016.wav,lsp-arctan,3,3,1,1,17.426284440144894,17.436825605717576
les_bridge_pick09__d3t2__00017.wav,lsp-tanh,les_bridge_pick09,0.0026888251,les_bridge_fing24__d3t2__00017.wav,lsp-sine,3,3,2,2,17.426284440144894,17.46073355198249
les_bridge_pick09__d3t3__00018.wav,lsp-tanh,les_bridge_pick09,0.0019720793,les_bridge_fing24__d3t3__00018.wav,lsp-sine,3,3,3,3,17.426284440144894,17.46073355198249
les_bridge_pick09__d3t4__00019.wav,lsp-tanh,les_bridge_pick09,0.004355848,les_neck_fing01__d4t1__00021.wav,lsp-arctan,3,4,4,1,17.426284440144894,21.613326710488973
les_bridge_pick09__d4t0__00020.wav,lsp-tanh,les_bridge_pick09,0.00085514784,les_bridge_fing24__d3t0__00015.wav,byod-mxr,4,3,0,0,21.61115826291455,17.452308155418716
les_bridge_pick09__d4t1__00021.wav,lsp-tanh,les_bridge_pick09,0.0014962554,les_neck_pick03__d4t0__00020.wav,pedalboard-tanh,4,4,1,0,21.61115826291455,21.61638024087312
les_bridge_pick09__d4t2__00022.wav,lsp-tanh,les_bridge_pick09,0.006371081,les_bridge_fing24__d4t2__00022.wav,pedalboard-tanh,4,4,2,2,21.61115826291455,21.61638024087312
les_bridge_pick09__d4t3__00023.wav,lsp-tanh,les_bridge_pick09,0.0024421215,les_neck_pick12__d4t4__00024.wav,lsp-sine,4,4,3,4,21.61115826291455,21.652716208419097
les_bridge_pick09__d4t4__00024.wav,lsp-tanh,les_bridge_pick09,0.00376904,les_bridge_pick25__d4t3__00023.wav,lsp-arctan,4,4,4,3,21.61115826291455,21.613326710488973
les_bridge_pick09__d5t0__00025.wav,lsp-tanh,les_bridge_pick09,0.0020461679,les_neck_pick03__d1t1__00006.wav,byod-bigmuff,5,1,0,1,25.766463780707188,9.126662172709777
les_bridge_pick09__d5t1__00026.wav,lsp-tanh,les_bridge_pick09,0.004867494,les_neck_pick12__d4t1__00021.wav,byod-bigmuff,5,4,1,1,25.766463780707188,21.5884141303546
les_bridge_pick09__d5t2__00027.wav,lsp-tanh,les_bridge_pick09,0.0060070753,les_neck_pick09__d3t3__00018.wav,byod-bigmuff,5,3,2,3,25.766463780707188,17.442946393617085
les_bridge_pick09__d5t3__00028.wav,lsp-tanh,les_bridge_pick09,0.005833566,les_neck_pick12__d6t2__00032.wav,byod-mxr,5,6,3,2,25.766463780707188,29.91150927100104
les_bridge_pick09__d5t4__00029.wav,lsp-tanh,les_bridge_pick09,0.0077372193,les_bridge_fing21__d5t4__00029.wav,pedalboard-tanh,5,5,4,4,25.766463780707188,25.782351420955937
les_bridge_pick09__d6t0__00030.wav,lsp-tanh,les_bridge_pick09,0.0022934675,les_bridge_pick17__d3t1__00016.wav,byod-bigmuff,6,3,0,1,29.89601395521624,17.442946393617085
les_bridge_pick09__d6t1__00031.wav,lsp-tanh,les_bridge_pick09,0.004009545,les_bridge_fing21__d6t1__00031.wav,byod-mxr,6,6,1,1,29.89601395521624,29.91150927100104
les_bridge_pick09__d6t2__00032.wav,lsp-tanh,les_bridge_pick09,0.0033401847,les_neck_pick11__d6t2__00032.wav,lsp-sine,6,6,2,2,29.89601395521624,29.915327656251563
les_bridge_pick09__d6t3__00033.wav,lsp-tanh,les_bridge_pick09,0.004373491,les_neck_pick02__d6t2__00032.wav,pedalboard-tanh,6,6,3,2,29.89601395521624,29.92239131554786
les_bridge_pick09__d6t4__00034.wav,lsp-tanh,les_bridge_pick09,0.0030180216,les_bridge_pick22__d6t4__00034.wav,lsp-arctan,6,6,4,4,29.89601395521624,29.91872954355242
les_bridge_pick09__d7t0__00035.wav,lsp-tanh,les_bridge_pick09,0.003048122,les_bridge_fing21__d7t0__00035.wav,lsp-hardclip,7,7,0,0,34.0729352593394,34.07942205160116
les_bridge_pick09__d7t1__00036.wav,lsp-tanh,les_bridge_pick09,0.003138423,les_bridge_fing24__d7t1__00036.wav,byod-mxr,7,7,1,1,34.0729352593394,34.08156088036171
les_bridge_pick09__d7t2__00037.wav,lsp-tanh,les_bridge_pick09,0.0034720898,les_neck_pick09__d7t2__00037.wav,lsp-arctan,7,7,2,2,34.0729352593394,34.09435618625095
les_bridge_pick09__d7t3__00038.wav,lsp-tanh,les_bridge_pick09,0.0038203597,les_bridge_pick17__d6t3__00033.wav,lsp-arctan,7,6,3,3,34.0729352593394,29.91872954355242
les_bridge_pick09__d7t4__00039.wav,lsp-tanh,les_bridge_pick09,0.0016282797,les_bridge_pick22__d7t4__00039.wav,lsp-sine,7,7,4,4,34.0729352593394,34.094517939627885
les_bridge_pick12__d0t0__00000.wav,lsp-tanh,les_bridge_pick12,0.0014080405,les_neck_pick12__d0t0__00000.wav,pedalboard-tanh,0,0,0,0,5.0,5.0
les_bridge_pick12__d0t1__00001.wav,lsp-tanh,les_bridge_pick12,0.0015954971,les_bridge_fing20__d1t0__00005.wav,pedalboard-tanh,0,1,1,0,5.0,9.146047429418331
les_bridge_pick12__d0t2__00002.wav,lsp-tanh,les_bridge_pick12,0.0014384389,les_bridge_pick16__d1t1__00006.wav,lsp-sine,0,1,2,1,5.0,9.202349861352678
les_bridge_pick12__d0t3__00003.wav,lsp-tanh,les_bridge_pick12,0.00032317638,les_bridge_pick25__d0t1__00001.wav,pedalboard-tanh,0,0,3,1,5.0,5.0
les_bridge_pick12__d0t4__00004.wav,lsp-tanh,les_bridge_pick12,0.00026327372,les_neck_fing15__d4t0__00020.wav,lsp-arctan,0,4,4,0,5.0,21.613326710488973
les_bridge_pick12__d1t0__00005.wav,lsp-tanh,les_bridge_pick12,0.0019053817,les_neck_pick12__d0t0__00000.wav,byod-mxr,1,0,0,0,9.088421535688989,5.0
les_bridge_pick12__d1t1__00006.wav,lsp-tanh,les_bridge_pick12,0.00085282326,les_bridge_fing20__d2t0__00010.wav,pedalboard-tanh,1,2,1,0,9.088421535688989,13.296816138037473
les_bridge_pick12__d1t2__00007.wav,lsp-tanh,les_bridge_pick12,0.0021354556,les_bridge_fing21__d0t1__00001.wav,byod-mxr,1,0,2,1,9.088421535688989,5.0
les_bridge_pick12__d1t3__00008.wav,lsp-tanh,les_bridge_pick12,0.00033652782,les_bridge_pick22__d0t1__00001.wav,byod-mxr,1,0,3,1,9.088421535688989,5.0
les_bridge_pick12__d1t4__00009.wav,lsp-tanh,les_bridge_pick12,0.0006469488,les_bridge_fing17__d0t0__00000.wav,lsp-hardclip,1,0,4,0,9.088421535688989,5.063331073032135
les_bridge_pick12__d2t0__00010.wav,lsp-tanh,les_bridge_pick12,0.0032323003,les_neck_pick12__d1t0__00005.wav,byod-mxr,2,1,0,0,13.297259315581634,9.107670514338215
les_bridge_pick12__d2t1__00011.wav,lsp-tanh,les_bridge_pick12,0.000824213,les_neck_pick07__d1t1__00006.wav,lsp-hardclip,2,1,1,1,13.297259315581634,9.35456396552498
les_bridge_pick12__d2t2__00012.wav,lsp-tanh,les_bridge_pick12,0.00335145,les_neck_pick07__d0t2__00002.wav,lsp-sine,2,0,2,2,13.297259315581634,5.041347474059023
les_bridge_pick12__d2t3__00013.wav,lsp-tanh,les_bridge_pick12,0.0010498166,les_bridge_fing21__d1t2__00007.wav,lsp-sine,2,1,3,2,13.297259315581634,9.202349861352678
les_bridge_pick12__d2t4__00014.wav,lsp-tanh,les_bridge_pick12,0.0012869239,les_bridge_fing17__d2t0__00010.wav,byod-mxr,2,2,4,0,13.297259315581634,13.292365801948186
les_bridge_pick12__d3t0__00015.wav,lsp-tanh,les_bridge_pick12,0.00042116642,les_neck_pick07__d5t0__00025.wav,lsp-hardclip,3,5,0,0,17.426284440144894,25.79865436059077
les_bridge_pick12__d3t1__00016.wav,lsp-tanh,les_bridge_pick12,0.0012809634,les_neck_pick07__d4t1__00021.wav,lsp-sine,3,4,1,1,17.426284440144894,21.652716208419097
les_bridge_pick12__d3t2__00017.wav,lsp-tanh,les_bridge_pick12,0.0018734932,les_bridge_fing24__d3t1__00016.wav,lsp-arctan,3,3,2,1,17.426284440144894,17.436825605717576
les_bridge_pick12__d3t3__00018.wav,lsp-tanh,les_bridge_pick12,0.0021676421,les_neck_pick11__d2t1__00011.wav,byod-mxr,3,2,3,1,17.426284440144894,13.292365801948186
les_bridge_pick12__d3t4__00019.wav,lsp-tanh,les_bridge_pick12,0.001386106,les_bridge_pick22__d3t2__00017.wav,lsp-arctan,3,3,4,2,17.426284440144894,17.436825605717576
les_bridge_pick12__d4t0__00020.wav,lsp-tanh,les_bridge_pick12,0.00045585632,les_neck_pick07__d3t1__00016.wav,byod-mxr,4,3,0,1,21.61115826291455,17.452308155418716
les_bridge_pick12__d4t1__00021.wav,lsp-tanh,les_bridge_pick12,0.0033255816,les_bridge_fing21__d3t1__00016.wav,lsp-hardclip,4,3,1,1,21.61115826291455,17.563088337099366
les_bridge_pick12__d4t2__00022.wav,lsp-tanh,les_bridge_pick12,0.0034139752,les_neck_pick11__d4t1__00021.wav,byod-mxr,4,4,2,1,21.61115826291455,21.62039317761596
les_bridge_pick12__d4t3__00023.wav,lsp-tanh,les_bridge_pick12,0.004549265,les_bridge_pick22__d4t2__00022.wav,lsp-sine,4,4,3,2,21.61115826291455,21.652716208419097
les_bridge_pick12__d4t4__00024.wav,lsp-tanh,les_bridge_pick12,0.002582252,les_bridge_pick25__d5t2__00027.wav,lsp-sine,4,5,4,2,21.61115826291455,25.7855895742644
les_bridge_pick12__d5t0__00025.wav,lsp-tanh,les_bridge_pick12,0.0018869638,les_neck_pick11__d5t0__00025.wav,pedalboard-tanh,5,5,0,0,25.766463780707188,25.782351420955937
les_bridge_pick12__d5t1__00026.wav,lsp-tanh,les_bridge_pick12,0.00182724,les_neck_pick11__d5t1__00026.wav,lsp-sine,5,5,1,1,25.766463780707188,25.7855895742644
les_bridge_pick12__d5t2__00027.wav,lsp-tanh,les_bridge_pick12,0.0066548586,les_bridge_fing24__d5t2__00027.wav,byod-mxr,5,5,2,2,25.766463780707188,25.779078975465445
les_bridge_pick12__d5t3__00028.wav,lsp-tanh,les_bridge_pick12,0.008343101,les_bridge_fing21__d5t3__00028.wav,lsp-arctan,5,5,3,3,25.766463780707188,25.788497067568912
les_bridge_pick12__d5t4__00029.wav,lsp-tanh,les_bridge_pick12,0.0060604215,les_neck_pick12__d6t3__00033.wav,lsp-arctan,5,6,4,3,25.766463780707188,29.91872954355242
les_bridge_pick12__d6t0__00030.wav,lsp-tanh,les_bridge_pick12,0.0030928254,les_bridge_fing24__d6t0__00030.wav,pedalboard-tanh,6,6,0,0,29.89601395521624,29.92239131554786
les_bridge_pick12__d6t1__00031.wav,lsp-tanh,les_bridge_pick12,0.002437532,les_bridge_fing24__d6t1__00031.wav,pedalboard-tanh,6,6,1,1,29.89601395521624,29.92239131554786
les_bridge_pick12__d6t2__00032.wav,lsp-tanh,les_bridge_pick12,0.0024740696,les_bridge_pick25__d6t2__00032.wav,lsp-hardclip,6,6,2,2,29.89601395521624,29.908667593492765
les_bridge_pick12__d6t3__00033.wav,lsp-tanh,les_bridge_pick12,0.0040180683,les_bridge_pick17__d6t3__00033.wav,lsp-hardclip,6,6,3,3,29.89601395521624,29.908667593492765
les_bridge_pick12__d6t4__00034.wav,lsp-tanh,les_bridge_pick12,0.0025497675,les_neck_pick12__d7t4__00039.wav,byod-mxr,6,7,4,4,29.89601395521624,34.08156088036171
les_bridge_pick12__d7t0__00035.wav,lsp-tanh,les_bridge_pick12,0.004727721,les_bridge_pick22__d7t1__00036.wav,byod-mxr,7,7,0,1,34.0729352593394,34.08156088036171
les_bridge_pick12__d7t1__00036.wav,lsp-tanh,les_bridge_pick12,0.0036244988,les_bridge_pick22__d7t2__00037.wav,lsp-hardclip,7,7,1,2,34.0729352593394,34.07942205160116
les_bridge_pick12__d7t2__00037.wav,lsp-tanh,les_bridge_pick12,0.0045850873,les_bridge_fing24__d7t2__00037.wav,lsp-sine,7,7,2,2,34.0729352593394,34.094517939627885
les_bridge_pick12__d7t3__00038.wav,lsp-tanh,les_bridge_pick12,0.0018166304,les_bridge_fing24__d7t3__00038.wav,pedalboard-tanh,7,7,3,3,34.0729352593394,34.075823464139134
les_bridge_pick12__d7t4__00039.wav,lsp-tanh,les_bridge_pick12,0.0021336079,les_neck_pick02__d7t4__00039.wav,lsp-sine,7,7,4,4,34.0729352593394,34.094517939627885
les_bridge_pick21__d0t0__00000.wav,lsp-tanh,les_bridge_pick21,0.00312531,les_neck_fing01__d0t0__00000.wav,byod-mxr,0,0,0,0,5.0,5.0
les_bridge_pick21__d0t1__00001.wav,lsp-tanh,les_bridge_pick21,0.0017571449,les_neck_pick12__d0t4__00004.wav,pedalboard-tanh,0,0,1,4,5.0,5.0
les_bridge_pick21__d0t2__00002.wav,lsp-tanh,les_bridge_pick21,0.00067442656,les_neck_pick04__d0t2__00002.wav,lsp-arctan,0,0,2,2,5.0,5.005872107125804
les_bridge_pick21__d0t3__00003.wav,lsp-tanh,les_bridge_pick21,0.00089007616,les_neck_pick02__d0t3__00003.wav,lsp-sine,0,0,3,3,5.0,5.041347474059023
les_bridge_pick21__d0t4__00004.wav,lsp-tanh,les_bridge_pick21,0.0014266372,les_neck_fing01__d1t3__00008.wav,lsp-arctan,0,1,4,3,5.0,9.170316408518453
les_bridge_pick21__d1t0__00005.wav,lsp-tanh,les_bridge_pick21,0.003445208,les_neck_fing01__d0t0__00000.wav,byod-mxr,1,0,0,0,9.088421535688989,5.0
les_bridge_pick21__d1t1__00006.wav,lsp-tanh,les_bridge_pick21,0.0033549666,les_neck_pick12__d0t4__00004.wav,byod-mxr,1,0,1,4,9.088421535688989,5.0
les_bridge_pick21__d1t2__00007.wav,lsp-tanh,les_bridge_pick21,0.001242578,les_neck_fing01__d1t2__00007.wav,byod-mxr,1,1,2,2,9.088421535688989,9.107670514338215
les_bridge_pick21__d1t3__00008.wav,lsp-tanh,les_bridge_pick21,0.0008407235,les_neck_pick02__d0t3__00003.wav,byod-mxr,1,0,3,3,9.088421535688989,5.0
les_bridge_pick21__d1t4__00009.wav,lsp-tanh,les_bridge_pick21,0.0018166304,les_neck_pick02__d1t4__00009.wav,pedalboard-tanh,1,1,4,4,9.088421535688989,9.146047429418331
les_bridge_pick21__d2t0__00010.wav,lsp-tanh,les_bridge_pick21,0.0049285293,les_neck_fing15__d1t1__00006.wav,byod-mxr,2,1,0,1,13.297259315581634,9.107670514338215
les_bridge_pick21__d2t1__00011.wav,lsp-tanh,les_bridge_pick21,0.0029730797,les_bridge_pick25__d0t3__00003.wav,lsp-arctan,2,0,1,3,13.297259315581634,5.005872107125804
les_bridge_pick21__d2t2__00012.wav,lsp-tanh,les_bridge_pick21,0.0024836063,les_neck_fing01__d2t2__00012.wav,lsp-arctan,2,2,2,2,13.297259315581634,13.270071970821393
les_bridge_pick21__d2t3__00013.wav,lsp-tanh,les_bridge_pick21,0.0014576912,les_neck_fing01__d1t3__00008.wav,byod-mxr,2,1,3,3,13.297259315581634,9.107670514338215
les_bridge_pick21__d2t4__00014.wav,lsp-tanh,les_bridge_pick21,0.0017949343,les_neck_pick21__d2t3__00013.wav,lsp-arctan,2,2,4,3,13.297259315581634,13.270071970821393
les_bridge_pick21__d3t0__00015.wav,lsp-tanh,les_bridge_pick21,0.003841579,les_bridge_fing21__d0t3__00003.wav,pedalboard-tanh,3,0,0,3,17.426284440144894,5.0
les_bridge_pick21__d3t1__00016.wav,lsp-tanh,les_bridge_pick21,0.0045113564,les_bridge_pick17__d1t3__00008.wav,lsp-sine,3,1,1,3,17.426284440144894,9.202349861352678
les_bridge_pick21__d3t2__00017.wav,lsp-tanh,les_bridge_pick21,0.0023013353,les_neck_pick09__d0t3__00003.wav,byod-mxr,3,0,2,3,17.426284440144894,5.0
les_bridge_pick21__d3t3__00018.wav,lsp-tanh,les_bridge_pick21,0.0044744015,les_neck_fing01__d2t3__00013.wav,lsp-sine,3,2,3,3,17.426284440144894,13.251366385956809
les_bridge_pick21__d3t4__00019.wav,lsp-tanh,les_bridge_pick21,0.003010869,les_neck_fing01__d2t4__00014.wav,lsp-sine,3,2,4,4,17.426284440144894,13.251366385956809
les_bridge_pick21__d4t0__00020.wav,lsp-tanh,les_bridge_pick21,0.0107139945,les_neck_pick04__d2t1__00011.wav,byod-mxr,4,2,0,1,21.61115826291455,13.292365801948186
les_bridge_pick21__d4t1__00021.wav,lsp-tanh,les_bridge_pick21,0.0045151114,les_neck_pick21__d3t3__00018.wav,byod-bigmuff,4,3,1,3,21.61115826291455,17.442946393617085
les_bridge_pick21__d4t2__00022.wav,lsp-tanh,les_bridge_pick21,0.005466819,les_neck_pick11__d1t4__00009.wav,byod-mxr,4,1,2,4,21.61115826291455,9.107670514338215
les_bridge_pick21__d4t3__00023.wav,lsp-tanh,les_bridge_pick21,0.0052418113,les_neck_pick05__d3t4__00019.wav,lsp-hardclip,4,3,3,4,21.61115826291455,17.563088337099366
les_bridge_pick21__d4t4__00024.wav,lsp-tanh,les_bridge_pick21,0.0057803392,les_neck_pick21__d3t4__00019.wav,lsp-sine,4,3,4,4,21.61115826291455,17.46073355198249
les_bridge_pick21__d5t0__00025.wav,lsp-tanh,les_bridge_pick21,0.008792043,les_bridge_fing21__d1t4__00009.wav,lsp-hardclip,5,1,0,4,25.766463780707188,9.35456396552498
les_bridge_pick21__d5t1__00026.wav,lsp-tanh,les_bridge_pick21,0.005469799,les_bridge_pick22__d3t4__00019.wav,byod-mxr,5,3,1,4,25.766463780707188,17.452308155418716
les_bridge_pick21__d5t2__00027.wav,lsp-tanh,les_bridge_pick21,0.004456222,les_neck_pick05__d4t3__00023.wav,lsp-hardclip,5,4,2,3,25.766463780707188,21.54643860361127
les_bridge_pick21__d5t3__00028.wav,lsp-tanh,les_bridge_pick21,0.004032612,les_neck_pick21__d4t4__00024.wav,pedalboard-tanh,5,4,3,4,25.766463780707188,21.61638024087312
les_bridge_pick21__d5t4__00029.wav,lsp-tanh,les_bridge_pick21,0.013595462,les_neck_pick14__d4t4__00024.wav,lsp-arctan,5,4,4,4,25.766463780707188,21.613326710488973
les_bridge_pick21__d6t0__00030.wav,lsp-tanh,les_bridge_pick21,0.006902814,les_neck_pick05__d2t4__00014.wav,byod-bigmuff,6,2,0,4,29.89601395521624,13.312631977514853
les_bridge_pick21__d6t1__00031.wav,lsp-tanh,les_bridge_pick21,0.0048172474,les_bridge_pick17__d4t3__00023.wav,lsp-hardclip,6,4,1,3,29.89601395521624,21.54643860361127
les_bridge_pick21__d6t2__00032.wav,lsp-tanh,les_bridge_pick21,0.004288554,les_neck_pick05__d5t4__00029.wav,lsp-hardclip,6,5,2,4,29.89601395521624,25.79865436059077
les_bridge_pick21__d6t3__00033.wav,lsp-tanh,les_bridge_pick21,0.008488655,les_neck_pick14__d5t4__00029.wav,lsp-sine,6,5,3,4,29.89601395521624,25.7855895742644
les_bridge_pick21__d6t4__00034.wav,lsp-tanh,les_bridge_pick21,0.0064541698,les_neck_pick14__d7t3__00038.wav,lsp-hardclip,6,7,4,3,29.89601395521624,34.07942205160116
les_bridge_pick21__d7t0__00035.wav,lsp-tanh,les_bridge_pick21,0.0093538165,les_neck_pick14__d6t0__00030.wav,lsp-sine,7,6,0,0,34.0729352593394,29.915327656251563
les_bridge_pick21__d7t1__00036.wav,lsp-tanh,les_bridge_pick21,0.004578471,les_bridge_fing20__d6t2__00032.wav,byod-mxr,7,6,1,2,34.0729352593394,29.91150927100104
les_bridge_pick21__d7t2__00037.wav,lsp-tanh,les_bridge_pick21,0.0035347939,les_neck_pick02__d6t4__00034.wav,lsp-hardclip,7,6,2,4,34.0729352593394,29.908667593492765
les_bridge_pick21__d7t3__00038.wav,lsp-tanh,les_bridge_pick21,0.0009151101,les_neck_fing01__d7t3__00038.wav,lsp-arctan,7,7,3,3,34.0729352593394,34.09435618625095
les_bridge_pick21__d7t4__00039.wav,lsp-tanh,les_bridge_pick21,0.0014945269,les_neck_fing01__d7t4__00039.wav,lsp-arctan,7,7,4,4,34.0729352593394,34.09435618625095
les_neck_fing03__d0t0__00000.wav,lsp-tanh,les_neck_fing03,0.00042426586,les_bridge_pick16__d1t1__00006.wav,lsp-arctan,0,1,0,1,5.0,9.170316408518453
les_neck_fing03__d0t1__00001.wav,lsp-tanh,les_neck_fing03,0.0013601184,les_bridge_fing24__d0t2__00002.wav,pedalboard-tanh,0,0,1,2,5.0,5.0
les_neck_fing03__d0t2__00002.wav,lsp-tanh,les_neck_fing03,0.0012388825,les_bridge_pick17__d0t3__00003.wav,pedalboard-tanh,0,0,2,3,5.0,5.0
les_neck_fing03__d0t3__00003.wav,lsp-tanh,les_neck_fing03,0.0026990771,les_neck_fing01__d2t2__00012.wav,lsp-arctan,0,2,3,2,5.0,13.270071970821393
les_neck_fing03__d0t4__00004.wav,lsp-tanh,les_neck_fing03,0.0020819902,les_neck_fing01__d0t4__00004.wav,pedalboard-tanh,0,0,4,4,5.0,5.0
les_neck_fing03__d1t0__00005.wav,lsp-tanh,les_neck_fing03,0.00089901686,les_neck_pick12__d2t1__00011.wav,lsp-hardclip,1,2,0,1,9.088421535688989,13.55142968534178
les_neck_fing03__d1t1__00006.wav,lsp-tanh,les_neck_fing03,0.0003823042,les_bridge_pick16__d1t2__00007.wav,byod-mxr,1,1,1,2,9.088421535688989,9.107670514338215
les_neck_fing03__d1t2__00007.wav,lsp-tanh,les_neck_fing03,0.0012564063,les_bridge_pick17__d0t3__00003.wav,lsp-arctan,1,0,2,3,9.088421535688989,5.005872107125804
les_neck_fing03__d1t3__00008.wav,lsp-tanh,les_neck_fing03,0.0031473637,les_neck_pick05__d1t2__00007.wav,lsp-sine,1,1,3,2,9.088421535688989,9.202349861352678
les_neck_fing03__d1t4__00009.wav,lsp-tanh,les_neck_fing03,0.0020877123,les_neck_fing01__d0t4__00004.wav,pedalboard-tanh,1,0,4,4,9.088421535688989,5.0
les_neck_fing03__d2t0__00010.wav,lsp-tanh,les_neck_fing03,0.0013217926,les_neck_pick12__d3t1__00016.wav,lsp-hardclip,2,3,0,1,13.297259315581634,17.563088337099366
les_neck_fing03__d2t1__00011.wav,lsp-tanh,les_neck_fing03,0.0015484095,les_bridge_pick16__d2t2__00012.wav,lsp-sine,2,2,1,2,13.297259315581634,13.251366385956809
les_neck_fing03__d2t2__00012.wav,lsp-tanh,les_neck_fing03,0.001839459,les_bridge_pick17__d1t3__00008.wav,lsp-sine,2,1,2,3,13.297259315581634,9.202349861352678
les_neck_fing03__d2t3__00013.wav,lsp-tanh,les_neck_fing03,0.0024490356,les_neck_pick09__d0t3__00003.wav,byod-mxr,2,0,3,3,13.297259315581634,5.0
les_neck_fing03__d2t4__00014.wav,lsp-tanh,les_neck_fing03,0.0022628903,les_neck_pick02__d2t4__00014.wav,pedalboard-tanh,2,2,4,4,13.297259315581634,13.296816138037473
les_neck_fing03__d3t0__00015.wav,lsp-tanh,les_neck_fing03,0.0011544824,les_neck_pick03__d4t0__00020.wav,lsp-hardclip,3,4,0,0,17.426284440144894,21.54643860361127
les_neck_fing03__d3t1__00016.wav,lsp-tanh,les_neck_fing03,0.0028723478,les_neck_pick02__d3t1__00016.wav,lsp-arctan,3,3,1,1,17.426284440144894,17.436825605717576
les_neck_fing03__d3t2__00017.wav,lsp-tanh,les_neck_fing03,0.0016491413,les_neck_pick04__d3t2__00017.wav,lsp-sine,3,3,2,2,17.426284440144894,17.46073355198249
les_neck_fing03__d3t3__00018.wav,lsp-tanh,les_neck_fing03,0.0014566183,les_neck_pick04__d3t3__00018.wav,lsp-sine,3,3,3,3,17.426284440144894,17.46073355198249
les_neck_fing03__d3t4__00019.wav,lsp-tanh,les_neck_fing03,0.0015967488,les_neck_pick02__d3t4__00019.wav,pedalboard-tanh,3,3,4,4,17.426284440144894,17.454399305827287
les_neck_fing03__d4t0__00020.wav,lsp-tanh,les_neck_fing03,0.001029253,les_neck_pick02__d4t0__00020.wav,lsp-arctan,4,4,0,0,21.61115826291455,21.613326710488973
les_neck_fing03__d4t1__00021.wav,lsp-tanh,les_neck_fing03,0.0031015277,les_neck_pick03__d5t1__00026.wav,byod-mxr,4,5,1,1,21.61115826291455,25.779078975465445
les_neck_fing03__d4t2__00022.wav,lsp-tanh,les_neck_fing03,0.0031514168,les_bridge_fing17__d4t2__00022.wav,byod-mxr,4,4,2,2,21.61115826291455,21.62039317761596
les_neck_fing03__d4t3__00023.wav,lsp-tanh,les_neck_fing03,0.0037555695,les_neck_pick03__d4t4__00024.wav,lsp-arctan,4,4,3,4,21.61115826291455,21.613326710488973
les_neck_fing03__d4t4__00024.wav,lsp-tanh,les_neck_fing03,0.0028225183,les_neck_pick05__d4t4__00024.wav,lsp-sine,4,4,4,4,21.61115826291455,21.652716208419097
les_neck_fing03__d5t0__00025.wav,lsp-tanh,les_neck_fing03,0.003890276,les_neck_pick11__d5t1__00026.wav,lsp-hardclip,5,5,0,1,25.766463780707188,25.79865436059077
les_neck_fing03__d5t1__00026.wav,lsp-tanh,les_neck_fing03,0.009730637,les_bridge_fing24__d5t3__00028.wav,lsp-sine,5,5,1,3,25.766463780707188,25.7855895742644
les_neck_fing03__d5t2__00027.wav,lsp-tanh,les_neck_fing03,0.0024440289,les_neck_pick05__d5t2__00027.wav,lsp-sine,5,5,2,2,25.766463780707188,25.7855895742644
les_neck_fing03__d5t3__00028.wav,lsp-tanh,les_neck_fing03,0.0012397766,les_neck_pick05__d5t3__00028.wav,lsp-sine,5,5,3,3,25.766463780707188,25.7855895742644
les_neck_fing03__d5t4__00029.wav,lsp-tanh,les_neck_fing03,0.0007390976,les_neck_pick05__d5t4__00029.wav,lsp-sine,5,5,4,4,25.766463780707188,25.7855895742644
les_neck_fing03__d6t0__00030.wav,lsp-tanh,les_neck_fing03,0.0042455792,les_neck_pick03__d7t0__00035.wav,lsp-hardclip,6,7,0,0,29.89601395521624,34.07942205160116
les_neck_fing03__d6t1__00031.wav,lsp-tanh,les_neck_fing03,0.004025936,les_neck_pick04__d7t1__00036.wav,lsp-hardclip,6,7,1,1,29.89601395521624,34.07942205160116
les_neck_fing03__d6t2__00032.wav,lsp-tanh,les_neck_fing03,0.0041565895,les_neck_pick21__d7t2__00037.wav,lsp-arctan,6,7,2,2,29.89601395521624,34.09435618625095
les_neck_fing03__d6t3__00033.wav,lsp-tanh,les_neck_fing03,0.0015056133,les_neck_pick05__d6t3__00033.wav,pedalboard-tanh,6,6,3,3,29.89601395521624,29.92239131554786
les_neck_fing03__d6t4__00034.wav,lsp-tanh,les_neck_fing03,0.00060743093,les_neck_pick05__d6t4__00034.wav,pedalboard-tanh,6,6,4,4,29.89601395521624,29.92239131554786
les_neck_fing03__d7t0__00035.wav,lsp-tanh,les_neck_fing03,0.004559934,les_neck_pick05__d7t1__00036.wav,lsp-arctan,7,7,0,1,34.0729352593394,34.09435618625095
les_neck_fing03__d7t1__00036.wav,lsp-tanh,les_neck_fing03,0.004554391,les_bridge_fing20__d7t1__00036.wav,lsp-sine,7,7,1,1,34.0729352593394,34.094517939627885
les_neck_fing03__d7t2__00037.wav,lsp-tanh,les_neck_fing03,0.0007212162,les_neck_pick03__d7t3__00038.wav,lsp-arctan,7,7,2,3,34.0729352593394,34.09435618625095
les_neck_fing03__d7t3__00038.wav,lsp-tanh,les_neck_fing03,0.00076538324,les_neck_pick03__d7t4__00039.wav,pedalboard-tanh,7,7,3,4,34.0729352593394,34.075823464139134
les_neck_fing03__d7t4__00039.wav,lsp-tanh,les_neck_fing03,0.0015125871,les_bridge_fing24__d7t4__00039.wav,pedalboard-tanh,7,7,4,4,34.0729352593394,34.075823464139134
les_neck_fing04__d0t0__00000.wav,lsp-tanh,les_neck_fing04,0.0018821359,les_bridge_fing24__d2t0__00010.wav,byod-mxr,0,2,0,0,5.0,13.292365801948186
les_neck_fing04__d0t1__00001.wav,lsp-tanh,les_neck_fing04,0.0013566017,les_bridge_pick17__d3t0__00015.wav,lsp-sine,0,3,1,0,5.0,17.46073355198249
les_neck_fing04__d0t2__00002.wav,lsp-tanh,les_neck_fing04,0.0039355755,les_bridge_fing20__d1t3__00008.wav,lsp-arctan,0,1,2,3,5.0,9.170316408518453
les_neck_fing04__d0t3__00003.wav,lsp-tanh,les_neck_fing04,0.004286289,les_neck_pick02__d1t2__00007.wav,byod-mxr,0,1,3,2,5.0,9.107670514338215
les_neck_fing04__d0t4__00004.wav,lsp-tanh,les_neck_fing04,0.0042480826,les_neck_pick02__d2t3__00013.wav,lsp-arctan,0,2,4,3,5.0,13.270071970821393
les_neck_fing04__d1t0__00005.wav,lsp-tanh,les_neck_fing04,0.0015568137,les_neck_pick12__d3t0__00015.wav,byod-mxr,1,3,0,0,9.088421535688989,17.452308155418716
les_neck_fing04__d1t1__00006.wav,lsp-tanh,les_neck_fing04,0.0012874603,les_bridge_pick17__d3t0__00015.wav,lsp-sine,1,3,1,0,9.088421535688989,17.46073355198249
les_neck_fing04__d1t2__00007.wav,lsp-tanh,les_neck_fing04,0.003999114,les_bridge_pick17__d2t2__00012.wav,pedalboard-tanh,1,2,2,2,9.088421535688989,13.296816138037473
les_neck_fing04__d1t3__00008.wav,lsp-tanh,les_neck_fing04,0.0034291744,les_bridge_pick22__d1t4__00009.wav,byod-mxr,1,1,3,4,9.088421535688989,9.107670514338215
les_neck_fing04__d1t4__00009.wav,lsp-tanh,les_neck_fing04,0.0046136975,les_neck_pick02__d2t3__00013.wav,lsp-arctan,1,2,4,3,9.088421535688989,13.270071970821393
les_neck_fing04__d2t0__00010.wav,lsp-tanh,les_neck_fing04,0.0013360381,les_bridge_fing24__d3t0__00015.wav,lsp-arctan,2,3,0,0,13.297259315581634,17.436825605717576
les_neck_fing04__d2t1__00011.wav,lsp-tanh,les_neck_fing04,0.002878368,les_bridge_pick22__d2t1__00011.wav,lsp-sine,2,2,1,1,13.297259315581634,13.251366385956809
les_neck_fing04__d2t2__00012.wav,lsp-tanh,les_neck_fing04,0.0061432123,les_bridge_fing24__d2t3__00013.wav,lsp-sine,2,2,2,3,13.297259315581634,13.251366385956809
les_neck_fing04__d2t3__00013.wav,lsp-tanh,les_neck_fing04,0.0048322678,les_bridge_pick17__d2t4__00014.wav,pedalboard-tanh,2,2,3,4,13.297259315581634,13.296816138037473
les_neck_fing04__d2t4__00014.wav,lsp-tanh,les_neck_fing04,0.00431329,les_bridge_pick16__d2t4__00014.wav,byod-bigmuff,2,2,4,4,13.297259315581634,13.312631977514853
les_neck_fing04__d3t0__00015.wav,lsp-tanh,les_neck_fing04,0.0010693669,les_bridge_fing24__d3t0__00015.wav,byod-mxr,3,3,0,0,17.426284440144894,17.452308155418716
les_neck_fing04__d3t1__00016.wav,lsp-tanh,les_neck_fing04,0.0027057528,les_neck_pick03__d4t0__00020.wav,byod-mxr,3,4,1,0,17.426284440144894,21.62039317761596
les_neck_fing04__d3t2__00017.wav,lsp-tanh,les_neck_fing04,0.0068762302,les_neck_pick11__d2t2__00012.wav,pedalboard-tanh,3,2,2,2,17.426284440144894,13.296816138037473
les_neck_fing04__d3t3__00018.wav,lsp-tanh,les_neck_fing04,0.0033628345,les_neck_pick11__d4t3__00023.wav,lsp-hardclip,3,4,3,3,17.426284440144894,21.54643860361127
les_neck_fing04__d3t4__00019.wav,lsp-tanh,les_neck_fing04,0.0030105114,les_neck_pick11__d3t4__00019.wav,lsp-sine,3,3,4,4,17.426284440144894,17.46073355198249
les_neck_fing04__d4t0__00020.wav,lsp-tanh,les_neck_fing04,0.0018392801,les_bridge_pick22__d4t0__00020.wav,lsp-sine,4,4,0,0,21.61115826291455,21.652716208419097
les_neck_fing04__d4t1__00021.wav,lsp-tanh,les_neck_fing04,0.00428164,les_neck_pick03__d5t0__00025.wav,pedalboard-tanh,4,5,1,0,21.61115826291455,25.782351420955937
les_neck_fing04__d4t2__00022.wav,lsp-tanh,les_neck_fing04,0.0050773025,les_neck_pick12__d4t4__00024.wav,lsp-sine,4,4,2,4,21.61115826291455,21.652716208419097
les_neck_fing04__d4t3__00023.wav,lsp-tanh,les_neck_fing04,0.0032100677,les_neck_pick05__d5t2__00027.wav,lsp-hardclip,4,5,3,2,21.61115826291455,25.79865436059077
les_neck_fing04__d4t4__00024.wav,lsp-tanh,les_neck_fing04,0.0029881,les_neck_pick05__d4t3__00023.wav,lsp-arctan,4,4,4,3,21.61115826291455,21.613326710488973
les_neck_fing04__d5t0__00025.wav,lsp-tanh,les_neck_fing04,0.005429864,les_bridge_pick25__d5t0__00025.wav,byod-mxr,5,5,0,0,25.766463780707188,25.779078975465445
les_neck_fing04__d5t1__00026.wav,lsp-tanh,les_neck_fing04,0.0042955875,les_neck_pick12__d7t0__00035.wav,pedalboard-tanh,5,7,1,0,25.766463780707188,34.075823464139134
les_neck_fing04__d5t2__00027.wav,lsp-tanh,les_neck_fing04,0.0037195086,les_bridge_fing21__d5t3__00028.wav,lsp-arctan,5,5,2,3,25.766463780707188,25.788497067568912
les_neck_fing04__d5t3__00028.wav,lsp-tanh,les_neck_fing04,0.0030591488,les_bridge_pick17__d5t3__00028.wav,lsp-sine,5,5,3,3,25.766463780707188,25.7855895742644
les_neck_fing04__d5t4__00029.wav,lsp-tanh,les_neck_fing04,0.0021659732,les_neck_pick02__d5t4__00029.wav,lsp-arctan,5,5,4,4,25.766463780707188,25.788497067568912
les_neck_fing04__d6t0__00030.wav,lsp-tanh,les_neck_fing04,0.0022940636,les_bridge_fing24__d6t0__00030.wav,pedalboard-tanh,6,6,0,0,29.89601395521624,29.92239131554786
les_neck_fing04__d6t1__00031.wav,lsp-tanh,les_neck_fing04,0.0020780563,les_bridge_fing24__d6t1__00031.wav,pedalboard-tanh,6,6,1,1,29.89601395521624,29.92239131554786
les_neck_fing04__d6t2__00032.wav,lsp-tanh,les_neck_fing04,0.0025526881,les_bridge_pick25__d6t2__00032.wav,pedalboard-tanh,6,6,2,2,29.89601395521624,29.92239131554786
les_neck_fing04__d6t3__00033.wav,lsp-tanh,les_neck_fing04,0.0033012033,les_neck_pick04__d7t2__00037.wav,lsp-hardclip,6,7,3,2,29.89601395521624,34.07942205160116
les_neck_fing04__d6t4__00034.wav,lsp-tanh,les_neck_fing04,0.0021359324,les_neck_pick12__d7t4__00039.wav,lsp-arctan,6,7,4,4,29.89601395521624,34.09435618625095
les_neck_fing04__d7t0__00035.wav,lsp-tanh,les_neck_fing04,0.0013503432,les_bridge_fing21__d7t0__00035.wav,lsp-arctan,7,7,0,0,34.0729352593394,34.09435618625095
les_neck_fing04__d7t1__00036.wav,lsp-tanh,les_neck_fing04,0.0048669577,les_neck_pick02__d6t2__00032.wav,byod-bigmuff,7,6,1,2,34.0729352593394,29.9151414217934
les_neck_fing04__d7t2__00037.wav,lsp-tanh,les_neck_fing04,0.0026307702,les_bridge_pick22__d7t3__00038.wav,byod-mxr,7,7,2,3,34.0729352593394,34.08156088036171
les_neck_fing04__d7t3__00038.wav,lsp-tanh,les_neck_fing04,0.0027842522,les_neck_pick03__d7t3__00038.wav,lsp-arctan,7,7,3,3,34.0729352593394,34.09435618625095
les_neck_fing04__d7t4__00039.wav,lsp-tanh,les_neck_fing04,0.0018271804,les_bridge_fing17__d7t3__00038.wav,lsp-arctan,7,7,4,3,34.0729352593394,34.09435618625095
les_neck_fing09__d0t0__00000.wav,lsp-tanh,les_neck_fing09,0.0016164184,les_neck_fing15__d1t0__00005.wav,byod-bigmuff,0,1,0,0,5.0,9.126662172709777
les_neck_fing09__d0t1__00001.wav,lsp-tanh,les_neck_fing09,0.0009108186,les_bridge_pick16__d2t1__00011.wav,lsp-arctan,0,2,1,1,5.0,13.270071970821393
les_neck_fing09__d0t2__00002.wav,lsp-tanh,les_neck_fing09,0.0034184456,les_bridge_pick22__d0t2__00002.wav,pedalboard-tanh,0,0,2,2,5.0,5.0
les_neck_fing09__d0t3__00003.wav,lsp-tanh,les_neck_fing09,0.0013111234,les_bridge_pick16__d0t4__00004.wav,lsp-arctan,0,0,3,4,5.0,5.005872107125804
les_neck_fing09__d0t4__00004.wav,lsp-tanh,les_neck_fing09,0.0038841367,les_neck_pick04__d0t3__00003.wav,pedalboard-tanh,0,0,4,3,5.0,5.0
les_neck_fing09__d1t0__00005.wav,lsp-tanh,les_neck_fing09,0.0018092394,les_neck_fing15__d1t0__00005.wav,byod-bigmuff,1,1,0,0,9.088421535688989,9.126662172709777
les_neck_fing09__d1t1__00006.wav,lsp-tanh,les_neck_fing09,0.0009531975,les_bridge_pick16__d2t1__00011.wav,lsp-arctan,1,2,1,1,9.088421535688989,13.270071970821393
les_neck_fing09__d1t2__00007.wav,lsp-tanh,les_neck_fing09,0.0024050474,les_bridge_pick25__d0t2__00002.wav,pedalboard-tanh,1,0,2,2,9.088421535688989,5.0
les_neck_fing09__d1t3__00008.wav,lsp-tanh,les_neck_fing09,0.0018991828,les_neck_pick02__d1t2__00007.wav,pedalboard-tanh,1,1,3,2,9.088421535688989,9.146047429418331
les_neck_fing09__d1t4__00009.wav,lsp-tanh,les_neck_fing09,0.0043362975,les_neck_pick04__d0t3__00003.wav,lsp-sine,1,0,4,3,9.088421535688989,5.041347474059023
les_neck_fing09__d2t0__00010.wav,lsp-tanh,les_neck_fing09,0.002726376,les_neck_fing15__d2t0__00010.wav,byod-bigmuff,2,2,0,0,13.297259315581634,13.312631977514853
les_neck_fing09__d2t1__00011.wav,lsp-tanh,les_neck_fing09,0.0026083589,les_neck_pick12__d3t1__00016.wav,lsp-hardclip,2,3,1,1,13.297259315581634,17.563088337099366
les_neck_fing09__d2t2__00012.wav,lsp-tanh,les_neck_fing09,0.0018359423,les_neck_pick02__d2t1__00011.wav,lsp-arctan,2,2,2,1,13.297259315581634,13.270071970821393
les_neck_fing09__d2t3__00013.wav,lsp-tanh,les_neck_fing09,0.0032829642,les_neck_pick02__d2t2__00012.wav,lsp-arctan,2,2,3,2,13.297259315581634,13.270071970821393
les_neck_fing09__d2t4__00014.wav,lsp-tanh,les_neck_fing09,0.0035176873,les_neck_pick04__d2t3__00013.wav,pedalboard-tanh,2,2,4,3,13.297259315581634,13.296816138037473
les_neck_fing09__d3t0__00015.wav,lsp-tanh,les_neck_fing09,0.00077807903,les_neck_pick12__d3t0__00015.wav,pedalboard-tanh,3,3,0,0,17.426284440144894,17.454399305827287
les_neck_fing09__d3t1__00016.wav,lsp-tanh,les_neck_fing09,0.002415359,les_neck_pick03__d3t0__00015.wav,pedalboard-tanh,3,3,1,0,17.426284440144894,17.454399305827287
les_neck_fing09__d3t2__00017.wav,lsp-tanh,les_neck_fing09,0.0028851628,les_neck_pick12__d3t3__00018.wav,lsp-sine,3,3,2,3,17.426284440144894,17.46073355198249
les_neck_fing09__d3t3__00018.wav,lsp-tanh,les_neck_fing09,0.003937006,les_bridge_pick17__d3t3__00018.wav,lsp-arctan,3,3,3,3,17.426284440144894,17.436825605717576
les_neck_fing09__d3t4__00019.wav,lsp-tanh,les_neck_fing09,0.0044491887,les_neck_pick04__d3t3__00018.wav,lsp-arctan,3,3,4,3,17.426284440144894,17.436825605717576
les_neck_fing09__d4t0__00020.wav,lsp-tanh,les_neck_fing09,0.0016718507,les_bridge_fing24__d0t1__00001.wav,byod-bigmuff,4,0,0,1,21.61115826291455,5.044777586688817
les_neck_fing09__d4t1__00021.wav,lsp-tanh,les_neck_fing09,0.004699111,les_bridge_pick22__d4t1__00021.wav,lsp-arctan,4,4,1,1,21.61115826291455,21.613326710488973
les_neck_fing09__d4t2__00022.wav,lsp-tanh,les_neck_fing09,0.0017538071,les_neck_pick12__d5t2__00027.wav,byod-mxr,4,5,2,2,21.61115826291455,25.779078975465445
les_neck_fing09__d4t3__00023.wav,lsp-tanh,les_neck_fing09,0.003347814,les_bridge_pick25__d4t3__00023.wav,byod-mxr,4,4,3,3,21.61115826291455,21.62039317761596
les_neck_fing09__d4t4__00024.wav,lsp-tanh,les_neck_fing09,0.0059232116,les_neck_pick04__d4t3__00023.wav,lsp-arctan,4,4,4,3,21.61115826291455,21.613326710488973
les_neck_fing09__d5t0__00025.wav,lsp-tanh,les_neck_fing09,0.0018164515,les_neck_pick02__d4t0__00020.wav,byod-bigmuff,5,4,0,0,25.766463780707188,21.5884141303546
les_neck_fing09__d5t1__00026.wav,lsp-tanh,les_neck_fing09,0.0052971244,les_bridge_pick22__d5t1__00026.wav,pedalboard-tanh,5,5,1,1,25.766463780707188,25.782351420955937
les_neck_fing09__d5t2__00027.wav,lsp-tanh,les_neck_fing09,0.005802572,les_neck_pick11__d5t2__00027.wav,lsp-arctan,5,5,2,2,25.766463780707188,25.788497067568912
les_neck_fing09__d5t3__00028.wav,lsp-tanh,les_neck_fing09,0.0045725107,les_bridge_fing20__d5t2__00027.wav,pedalboard-tanh,5,5,3,2,25.766463780707188,25.782351420955937
les_neck_fing09__d5t4__00029.wav,lsp-tanh,les_neck_fing09,0.004648328,les_neck_pick09__d5t3__00028.wav,pedalboard-tanh,5,5,4,3,25.766463780707188,25.782351420955937
les_neck_fing09__d6t0__00030.wav,lsp-tanh,les_neck_fing09,0.0026021004,les_neck_pick07__d7t0__00035.wav,pedalboard-tanh,6,7,0,0,29.89601395521624,34.075823464139134
les_neck_fing09__d6t1__00031.wav,lsp-tanh,les_neck_fing09,0.0046641827,les_neck_pick11__d5t1__00026.wav,byod-bigmuff,6,5,1,1,29.89601395521624,25.77210742134771
les_neck_fing09__d6t2__00032.wav,lsp-tanh,les_neck_fing09,0.004825175,les_neck_pick02__d6t1__00031.wav,lsp-arctan,6,6,2,1,29.89601395521624,29.91872954355242
les_neck_fing09__d6t3__00033.wav,lsp-tanh,les_neck_fing09,0.007045388,les_bridge_fing21__d6t3__00033.wav,byod-mxr,6,6,3,3,29.89601395521624,29.91150927100104
les_neck_fing09__d6t4__00034.wav,lsp-tanh,les_neck_fing09,0.004983425,les_bridge_pick22__d5t4__00029.wav,lsp-hardclip,6,5,4,4,29.89601395521624,25.79865436059077
les_neck_fing09__d7t0__00035.wav,lsp-tanh,les_neck_fing09,0.010280311,les_bridge_pick16__d6t0__00030.wav,byod-bigmuff,7,6,0,0,34.0729352593394,29.9151414217934
les_neck_fing09__d7t1__00036.wav,lsp-tanh,les_neck_fing09,0.0035755634,les_neck_pick02__d7t0__00035.wav,lsp-arctan,7,7,1,0,34.0729352593394,34.09435618625095
les_neck_fing09__d7t2__00037.wav,lsp-tanh,les_neck_fing09,0.0038013458,les_neck_fing01__d7t0__00035.wav,lsp-sine,7,7,2,0,34.0729352593394,34.094517939627885
les_neck_fing09__d7t3__00038.wav,lsp-tanh,les_neck_fing09,0.0025402904,les_bridge_pick16__d7t2__00037.wav,lsp-sine,7,7,3,2,34.0729352593394,34.094517939627885
les_neck_fing09__d7t4__00039.wav,lsp-tanh,les_neck_fing09,0.0036467314,les_neck_pick05__d6t3__00033.wav,pedalboard-tanh,7,6,4,3,34.0729352593394,29.92239131554786
les_neck_fing11__d0t0__00000.wav,lsp-tanh,les_neck_fing11,0.00084400177,les_neck_fing15__d0t0__00000.wav,byod-bigmuff,0,0,0,0,5.0,5.044777586688817
les_neck_fing11__d0t1__00001.wav,lsp-tanh,les_neck_fing11,0.00031352043,les_bridge_pick16__d1t0__00005.wav,lsp-arctan,0,1,1,0,5.0,9.170316408518453
les_neck_fing11__d0t2__00002.wav,lsp-tanh,les_neck_fing11,0.0012295246,les_neck_pick04__d1t0__00005.wav,lsp-sine,0,1,2,0,5.0,9.202349861352678
les_neck_fing11__d0t3__00003.wav,lsp-tanh,les_neck_fing11,0.0010368824,les_neck_pick12__d0t3__00003.wav,pedalboard-tanh,0,0,3,3,5.0,5.0
les_neck_fing11__d0t4__00004.wav,lsp-tanh,les_neck_fing11,0.005183518,les_bridge_pick16__d0t4__00004.wav,pedalboard-tanh,0,0,4,4,5.0,5.0
les_neck_fing11__d1t0__00005.wav,lsp-tanh,les_neck_fing11,0.0010424852,les_neck_fing15__d0t0__00000.wav,byod-bigmuff,1,0,0,0,9.088421535688989,5.044777586688817
les_neck_fing11__d1t1__00006.wav,lsp-tanh,les_neck_fing11,0.00025373697,les_bridge_pick16__d2t0__00010.wav,lsp-sine,1,2,1,0,9.088421535688989,13.251366385956809
les_neck_fing11__d1t2__00007.wav,lsp-tanh,les_neck_fing11,0.000869751,les_bridge_pick16__d2t1__00011.wav,byod-mxr,1,2,2,1,9.088421535688989,13.292365801948186
les_neck_fing11__d1t3__00008.wav,lsp-tanh,les_neck_fing11,0.00079905987,les_neck_pick14__d0t0__00000.wav,byod-mxr,1,0,3,0,9.088421535688989,5.0
les_neck_fing11__d1t4__00009.wav,lsp-tanh,les_neck_fing11,0.0013604164,les_bridge_pick16__d0t4__00004.wav,pedalboard-tanh,1,0,4,4,9.088421535688989,5.0
les_neck_fing11__d2t0__00010.wav,lsp-tanh,les_neck_fing11,0.0006355047,les_neck_fing15__d1t0__00005.wav,byod-bigmuff,2,1,0,0,13.297259315581634,9.126662172709777
les_neck_fing11__d2t1__00011.wav,lsp-tanh,les_neck_fing11,0.0005286336,les_bridge_pick16__d3t0__00015.wav,lsp-arctan,2,3,1,0,13.297259315581634,17.436825605717576
les_neck_fing11__d2t2__00012.wav,lsp-tanh,les_neck_fing11,0.00073081255,les_neck_pick21__d2t0__00010.wav,byod-mxr,2,2,2,0,13.297259315581634,13.292365801948186
les_neck_fing11__d2t3__00013.wav,lsp-tanh,les_neck_fing11,0.0012390018,les_neck_pick21__d0t1__00001.wav,lsp-hardclip,2,0,3,1,13.297259315581634,5.063331073032135
les_neck_fing11__d2t4__00014.wav,lsp-tanh,les_neck_fing11,0.0018081069,les_bridge_pick16__d1t4__00009.wav,lsp-sine,2,1,4,4,13.297259315581634,9.202349861352678
les_neck_fing11__d3t0__00015.wav,lsp-tanh,les_neck_fing11,0.0024492145,les_bridge_fing21__d1t0__00005.wav,lsp-arctan,3,1,0,0,17.426284440144894,9.170316408518453
les_neck_fing11__d3t1__00016.wav,lsp-tanh,les_neck_fing11,0.0013945103,les_bridge_pick22__d2t0__00010.wav,lsp-hardclip,3,2,1,0,17.426284440144894,13.55142968534178
les_neck_fing11__d3t2__00017.wav,lsp-tanh,les_neck_fing11,0.0007529855,les_neck_pick12__d3t2__00017.wav,byod-mxr,3,3,2,2,17.426284440144894,17.452308155418716
les_neck_fing11__d3t3__00018.wav,lsp-tanh,les_neck_fing11,0.0038882494,les_neck_pick09__d1t2__00007.wav,pedalboard-tanh,3,1,3,2,17.426284440144894,9.146047429418331
les_neck_fing11__d3t4__00019.wav,lsp-tanh,les_neck_fing11,0.00586313,les_bridge_pick22__d2t4__00014.wav,lsp-sine,3,2,4,4,17.426284440144894,13.251366385956809
les_neck_fing11__d4t0__00020.wav,lsp-tanh,les_neck_fing11,0.0024084449,les_bridge_fing21__d4t0__00020.wav,lsp-hardclip,4,4,0,0,21.61115826291455,21.54643860361127
les_neck_fing11__d4t1__00021.wav,lsp-tanh,les_neck_fing11,0.0033159256,les_neck_pick11__d4t0__00020.wav,byod-mxr,4,4,1,0,21.61115826291455,21.62039317761596
les_neck_fing11__d4t2__00022.wav,lsp-tanh,les_neck_fing11,0.0015659928,les_neck_pick12__d4t2__00022.wav,pedalboard-tanh,4,4,2,2,21.61115826291455,21.61638024087312
les_neck_fing11__d4t3__00023.wav,lsp-tanh,les_neck_fing11,0.0023584962,les_neck_pick12__d4t4__00024.wav,byod-mxr,4,4,3,4,21.61115826291455,21.62039317761596
les_neck_fing11__d4t4__00024.wav,lsp-tanh,les_neck_fing11,0.004729271,les_bridge_pick16__d4t3__00023.wav,lsp-sine,4,4,4,3,21.61115826291455,21.652716208419097
les_neck_fing11__d5t0__00025.wav,lsp-tanh,les_neck_fing11,0.0014959574,les_bridge_fing24__d5t0__00025.wav,lsp-hardclip,5,5,0,0,25.766463780707188,25.79865436059077
les_neck_fing11__d5t1__00026.wav,lsp-tanh,les_neck_fing11,0.0035616755,les_neck_pick12__d6t0__00030.wav,lsp-arctan,5,6,1,0,25.766463780707188,29.91872954355242
les_neck_fing11__d5t2__00027.wav,lsp-tanh,les_neck_fing11,0.0055647492,les_bridge_pick25__d4t2__00022.wav,lsp-arctan,5,4,2,2,25.766463780707188,21.613326710488973
les_neck_fing11__d5t3__00028.wav,lsp-tanh,les_neck_fing11,0.0067197084,les_bridge_fing17__d3t3__00018.wav,byod-bigmuff,5,3,3,3,25.766463780707188,17.442946393617085
les_neck_fing11__d5t4__00029.wav,lsp-tanh,les_neck_fing11,0.0052654743,les_bridge_pick16__d5t3__00028.wav,pedalboard-tanh,5,5,4,3,25.766463780707188,25.782351420955937
les_neck_fing11__d6t0__00030.wav,lsp-tanh,les_neck_fing11,0.0035023093,les_neck_pick02__d1t2__00007.wav,byod-bigmuff,6,1,0,2,29.89601395521624,9.126662172709777
les_neck_fing11__d6t1__00031.wav,lsp-tanh,les_neck_fing11,0.0073381662,les_neck_pick09__d5t1__00026.wav,byod-mxr,6,5,1,1,29.89601395521624,25.779078975465445
les_neck_fing11__d6t2__00032.wav,lsp-tanh,les_neck_fing11,0.004270017,les_neck_pick09__d5t2__00027.wav,byod-mxr,6,5,2,2,29.89601395521624,25.779078975465445
les_neck_fing11__d6t3__00033.wav,lsp-tanh,les_neck_fing11,0.0027980804,les_neck_pick09__d5t3__00028.wav,lsp-sine,6,5,3,3,29.89601395521624,25.7855895742644
les_neck_fing11__d6t4__00034.wav,lsp-tanh,les_neck_fing11,0.0020565987,les_neck_pick09__d5t4__00029.wav,lsp-arctan,6,5,4,4,29.89601395521624,25.788497067568912
les_neck_fing11__d7t0__00035.wav,lsp-tanh,les_neck_fing11,0.009770453,les_bridge_pick22__d4t2__00022.wav,byod-bigmuff,7,4,0,2,34.0729352593394,21.5884141303546
les_neck_fing11__d7t1__00036.wav,lsp-tanh,les_neck_fing11,0.005770564,les_bridge_pick22__d5t2__00027.wav,lsp-hardclip,7,5,1,2,34.0729352593394,25.79865436059077
les_neck_fing11__d7t2__00037.wav,lsp-tanh,les_neck_fing11,0.0046446323,les_bridge_fing21__d5t4__00029.wav,lsp-arctan,7,5,2,4,34.0729352593394,25.788497067568912
les_neck_fing11__d7t3__00038.wav,lsp-tanh,les_neck_fing11,0.0033320189,les_neck_fing01__d5t4__00029.wav,lsp-sine,7,5,3,4,34.0729352593394,25.7855895742644
les_neck_fing11__d7t4__00039.wav,lsp-tanh,les_neck_fing11,0.005906582,les_neck_pick14__d5t3__00028.wav,pedalboard-tanh,7,5,4,3,34.0729352593394,25.782351420955937
les_neck_fing16__d0t0__00000.wav,lsp-tanh,les_neck_fing16,0.007932961,les_neck_pick12__d0t0__00000.wav,lsp-sine,0,0,0,0,5.0,5.041347474059023
les_neck_fing16__d0t1__00001.wav,lsp-tanh,les_neck_fing16,0.0021261573,les_bridge_pick16__d0t0__00000.wav,byod-mxr,0,0,1,0,5.0,5.0
les_neck_fing16__d0t2__00002.wav,lsp-tanh,les_neck_fing16,0.0032212138,les_neck_fing15__d2t0__00010.wav,lsp-arctan,0,2,2,0,5.0,13.270071970821393
les_neck_fing16__d0t3__00003.wav,lsp-tanh,les_neck_fing16,0.0018875599,les_neck_fing01__d0t0__00000.wav,pedalboard-tanh,0,0,3,0,5.0,5.0
les_neck_fing16__d0t4__00004.wav,lsp-tanh,les_neck_fing16,0.0014662147,les_neck_fing01__d1t0__00005.wav,lsp-arctan,0,1,4,0,5.0,9.170316408518453
les_neck_fing16__d1t0__00005.wav,lsp-tanh,les_neck_fing16,0.005249977,les_neck_pick12__d0t0__00000.wav,lsp-sine,1,0,0,0,9.088421535688989,5.041347474059023
les_neck_fing16__d1t1__00006.wav,lsp-tanh,les_neck_fing16,0.0011182427,les_bridge_pick16__d0t0__00000.wav,pedalboard-tanh,1,0,1,0,9.088421535688989,5.0
les_neck_fing16__d1t2__00007.wav,lsp-tanh,les_neck_fing16,0.0020076632,les_bridge_pick16__d0t1__00001.wav,pedalboard-tanh,1,0,2,1,9.088421535688989,5.0
les_neck_fing16__d1t3__00008.wav,lsp-tanh,les_neck_fing16,0.0016129613,les_bridge_pick16__d0t1__00001.wav,byod-mxr,1,0,3,1,9.088421535688989,5.0
les_neck_fing16__d1t4__00009.wav,lsp-tanh,les_neck_fing16,0.001406014,les_neck_pick04__d1t0__00005.wav,lsp-arctan,1,1,4,0,9.088421535688989,9.170316408518453
les_neck_fing16__d2t0__00010.wav,lsp-tanh,les_neck_fing16,0.0030782819,les_neck_pick12__d0t0__00000.wav,lsp-sine,2,0,0,0,13.297259315581634,5.041347474059023
les_neck_fing16__d2t1__00011.wav,lsp-tanh,les_neck_fing16,0.001400888,les_neck_pick12__d1t0__00005.wav,lsp-arctan,2,1,1,0,13.297259315581634,9.170316408518453
les_neck_fing16__d2t2__00012.wav,lsp-tanh,les_neck_fing16,0.0005071163,les_neck_pick12__d1t1__00006.wav,lsp-sine,2,1,2,1,13.297259315581634,9.202349861352678
les_neck_fing16__d2t3__00013.wav,lsp-tanh,les_neck_fing16,0.0012435913,les_neck_pick12__d2t1__00011.wav,lsp-hardclip,2,2,3,1,13.297259315581634,13.55142968534178
les_neck_fing16__d2t4__00014.wav,lsp-tanh,les_neck_fing16,0.0022323728,les_bridge_pick16__d2t1__00011.wav,lsp-sine,2,2,4,1,13.297259315581634,13.251366385956809
les_neck_fing16__d3t0__00015.wav,lsp-tanh,les_neck_fing16,0.0039820075,les_neck_pick12__d0t0__00000.wav,byod-mxr,3,0,0,0,17.426284440144894,5.0
les_neck_fing16__d3t1__00016.wav,lsp-tanh,les_neck_fing16,0.0015093684,les_neck_pick12__d2t0__00010.wav,pedalboard-tanh,3,2,1,0,17.426284440144894,13.296816138037473
les_neck_fing16__d3t2__00017.wav,lsp-tanh,les_neck_fing16,0.0012689829,les_neck_pick12__d4t0__00020.wav,lsp-sine,3,4,2,0,17.426284440144894,21.652716208419097
les_neck_fing16__d3t3__00018.wav,lsp-tanh,les_neck_fing16,0.0020424724,les_neck_pick11__d2t0__00010.wav,lsp-sine,3,2,3,0,17.426284440144894,13.251366385956809
les_neck_fing16__d3t4__00019.wav,lsp-tanh,les_neck_fing16,0.004511833,les_bridge_fing20__d4t0__00020.wav,pedalboard-tanh,3,4,4,0,17.426284440144894,21.61638024087312
les_neck_fing16__d4t0__00020.wav,lsp-tanh,les_neck_fing16,0.0012299418,les_neck_pick07__d4t0__00020.wav,lsp-sine,4,4,0,0,21.61115826291455,21.652716208419097
les_neck_fing16__d4t1__00021.wav,lsp-tanh,les_neck_fing16,0.0010531545,les_neck_pick21__d3t0__00015.wav,byod-bigmuff,4,3,1,0,21.61115826291455,17.442946393617085
les_neck_fing16__d4t2__00022.wav,lsp-tanh,les_neck_fing16,0.0010975003,les_neck_pick03__d0t1__00001.wav,byod-bigmuff,4,0,2,1,21.61115826291455,5.044777586688817
les_neck_fing16__d4t3__00023.wav,lsp-tanh,les_neck_fing16,0.0015704036,les_neck_pick12__d5t0__00025.wav,lsp-arctan,4,5,3,0,21.61115826291455,25.788497067568912
les_neck_fing16__d4t4__00024.wav,lsp-tanh,les_neck_fing16,0.0038593411,les_bridge_fing20__d4t1__00021.wav,lsp-hardclip,4,4,4,1,21.61115826291455,21.54643860361127
les_neck_fing16__d5t0__00025.wav,lsp-tanh,les_neck_fing16,0.0014861226,les_neck_pick21__d3t0__00015.wav,byod-bigmuff,5,3,0,0,25.766463780707188,17.442946393617085
les_neck_fing16__d5t1__00026.wav,lsp-tanh,les_neck_fing16,0.0025990605,les_bridge_pick22__d3t0__00015.wav,lsp-hardclip,5,3,1,0,25.766463780707188,17.563088337099366
les_neck_fing16__d5t2__00027.wav,lsp-tanh,les_neck_fing16,0.0033982396,les_neck_pick07__d6t1__00031.wav,pedalboard-tanh,5,6,2,1,25.766463780707188,29.92239131554786
les_neck_fing16__d5t3__00028.wav,lsp-tanh,les_neck_fing16,0.004295528,les_neck_pick09__d6t0__00030.wav,lsp-hardclip,5,6,3,0,25.766463780707188,29.908667593492765
les_neck_fing16__d5t4__00029.wav,lsp-tanh,les_neck_fing16,0.0038244128,les_neck_pick07__d6t2__00032.wav,lsp-arctan,5,6,4,2,25.766463780707188,29.91872954355242
les_neck_fing16__d6t0__00030.wav,lsp-tanh,les_neck_fing16,0.0030807257,les_neck_pick02__d3t0__00015.wav,byod-bigmuff,6,3,0,0,29.89601395521624,17.442946393617085
les_neck_fing16__d6t1__00031.wav,lsp-tanh,les_neck_fing16,0.0019581914,les_bridge_fing24__d0t2__00002.wav,byod-bigmuff,6,0,1,2,29.89601395521624,5.044777586688817
les_neck_fing16__d6t2__00032.wav,lsp-tanh,les_neck_fing16,0.0036833286,les_bridge_fing24__d6t0__00030.wav,pedalboard-tanh,6,6,2,0,29.89601395521624,29.92239131554786
les_neck_fing16__d6t3__00033.wav,lsp-tanh,les_neck_fing16,0.006511688,les_bridge_fing24__d6t1__00031.wav,lsp-arctan,6,6,3,1,29.89601395521624,29.91872954355242
les_neck_fing16__d6t4__00034.wav,lsp-tanh,les_neck_fing16,0.0060272217,les_bridge_pick16__d7t1__00036.wav,lsp-hardclip,6,7,4,1,29.89601395521624,34.07942205160116
les_neck_fing16__d7t0__00035.wav,lsp-tanh,les_neck_fing16,0.003807485,les_neck_pick02__d2t1__00011.wav,byod-bigmuff,7,2,0,1,34.0729352593394,13.312631977514853
les_neck_fing16__d7t1__00036.wav,lsp-tanh,les_neck_fing16,0.007009506,les_bridge_fing21__d6t0__00030.wav,pedalboard-tanh,7,6,1,0,34.0729352593394,29.92239131554786
les_neck_fing16__d7t2__00037.wav,lsp-tanh,les_neck_fing16,0.006336987,les_bridge_pick17__d4t2__00022.wav,byod-bigmuff,7,4,2,2,34.0729352593394,21.5884141303546
les_neck_fing16__d7t3__00038.wav,lsp-tanh,les_neck_fing16,0.005533457,les_bridge_pick17__d4t3__00023.wav,byod-bigmuff,7,4,3,3,34.0729352593394,21.5884141303546
les_neck_fing16__d7t4__00039.wav,lsp-tanh,les_neck_fing16,0.0037926435,les_neck_pick07__d7t4__00039.wav,pedalboard-tanh,7,7,4,4,34.0729352593394,34.075823464139134
les_neck_fing18__d0t0__00000.wav,lsp-tanh,les_neck_fing18,0.0010966063,les_neck_pick12__d2t1__00011.wav,byod-mxr,0,2,0,1,5.0,13.292365801948186
les_neck_fing18__d0t1__00001.wav,lsp-tanh,les_neck_fing18,0.0005581379,les_bridge_pick16__d2t2__00012.wav,pedalboard-tanh,0,2,1,2,5.0,13.296816138037473
les_neck_fing18__d0t2__00002.wav,lsp-tanh,les_neck_fing18,0.0015940666,les_bridge_pick25__d0t3__00003.wav,lsp-sine,0,0,2,3,5.0,5.041347474059023
les_neck_fing18__d0t3__00003.wav,lsp-tanh,les_neck_fing18,0.002821982,les_neck_pick21__d1t2__00007.wav,pedalboard-tanh,0,1,3,2,5.0,9.146047429418331
les_neck_fing18__d0t4__00004.wav,lsp-tanh,les_neck_fing18,0.0026339889,les_neck_fing01__d0t3__00003.wav,lsp-sine,0,0,4,3,5.0,5.041347474059023
les_neck_fing18__d1t0__00005.wav,lsp-tanh,les_neck_fing18,0.0014186502,les_neck_pick12__d3t1__00016.wav,lsp-hardclip,1,3,0,1,9.088421535688989,17.563088337099366
les_neck_fing18__d1t1__00006.wav,lsp-tanh,les_neck_fing18,0.0009455085,les_neck_pick05__d0t0__00000.wav,byod-mxr,1,0,1,0,9.088421535688989,5.0
les_neck_fing18__d1t2__00007.wav,lsp-tanh,les_neck_fing18,0.0018383861,les_bridge_pick17__d0t3__00003.wav,pedalboard-tanh,1,0,2,3,9.088421535688989,5.0
les_neck_fing18__d1t3__00008.wav,lsp-tanh,les_neck_fing18,0.0031057,les_neck_pick21__d1t2__00007.wav,lsp-sine,1,1,3,2,9.088421535688989,9.202349861352678
les_neck_fing18__d1t4__00009.wav,lsp-tanh,les_neck_fing18,0.0029533505,les_neck_fing01__d0t3__00003.wav,byod-mxr,1,0,4,3,9.088421535688989,5.0
les_neck_fing18__d2t0__00010.wav,lsp-tanh,les_neck_fing18,0.0007764697,les_neck_pick12__d3t1__00016.wav,byod-mxr,2,3,0,1,13.297259315581634,17.452308155418716
les_neck_fing18__d2t1__00011.wav,lsp-tanh,les_neck_fing18,0.0015268326,les_bridge_fing24__d1t2__00007.wav,byod-mxr,2,1,1,2,13.297259315581634,9.107670514338215
les_neck_fing18__d2t2__00012.wav,lsp-tanh,les_neck_fing18,0.0028402805,les_neck_pick09__d0t2__00002.wav,byod-mxr,2,0,2,2,13.297259315581634,5.0
les_neck_fing18__d2t3__00013.wav,lsp-tanh,les_neck_fing18,0.0039023757,les_neck_fing01__d2t2__00012.wav,byod-mxr,2,2,3,2,13.297259315581634,13.292365801948186
les_neck_fing18__d2t4__00014.wav,lsp-tanh,les_neck_fing18,0.004253149,les_bridge_fing17__d1t4__00009.wav,lsp-sine,2,1,4,4,13.297259315581634,9.202349861352678
les_neck_fing18__d3t0__00015.wav,lsp-tanh,les_neck_fing18,0.0028303862,les_neck_pick09__d3t0__00015.wav,byod-mxr,3,3,0,0,17.426284440144894,17.452308155418716
les_neck_fing18__d3t1__00016.wav,lsp-tanh,les_neck_fing18,0.0019832253,les_neck_pick09__d3t1__00016.wav,lsp-arctan,3,3,1,1,17.426284440144894,17.436825605717576
les_neck_fing18__d3t2__00017.wav,lsp-tanh,les_neck_fing18,0.0027554631,les_neck_pick09__d3t2__00017.wav,lsp-sine,3,3,2,2,17.426284440144894,17.46073355198249
les_neck_fing18__d3t3__00018.wav,lsp-tanh,les_neck_fing18,0.0046244264,les_neck_pick09__d3t3__00018.wav,lsp-sine,3,3,3,3,17.426284440144894,17.46073355198249
les_neck_fing18__d3t4__00019.wav,lsp-tanh,les_neck_fing18,0.0025788546,les_neck_pick09__d3t4__00019.wav,lsp-sine,3,3,4,4,17.426284440144894,17.46073355198249
les_neck_fing18__d4t0__00020.wav,lsp-tanh,les_neck_fing18,0.0030469894,les_bridge_pick17__d4t0__00020.wav,lsp-arctan,4,4,0,0,21.61115826291455,21.613326710488973
les_neck_fing18__d4t1__00021.wav,lsp-tanh,les_neck_fing18,0.002900064,les_neck_pick09__d4t1__00021.wav,pedalboard-tanh,4,4,1,1,21.61115826291455,21.61638024087312
les_neck_fing18__d4t2__00022.wav,lsp-tanh,les_neck_fing18,0.0025612116,les_neck_pick09__d4t2__00022.wav,pedalboard-tanh,4,4,2,2,21.61115826291455,21.61638024087312
les_neck_fing18__d4t3__00023.wav,lsp-tanh,les_neck_fing18,0.003143251,les_bridge_pick17__d4t3__00023.wav,lsp-sine,4,4,3,3,21.61115826291455,21.652716208419097
les_neck_fing18__d4t4__00024.wav,lsp-tanh,les_neck_fing18,0.0024117827,les_neck_pick09__d4t4__00024.wav,byod-mxr,4,4,4,4,21.61115826291455,21.62039317761596
les_neck_fing18__d5t0__00025.wav,lsp-tanh,les_neck_fing18,0.0045568347,les_neck_pick07__d5t2__00027.wav,lsp-hardclip,5,5,0,2,25.766463780707188,25.79865436059077
les_neck_fing18__d5t1__00026.wav,lsp-tanh,les_neck_fing18,0.004445672,les_neck_pick12__d6t1__00031.wav,lsp-sine,5,6,1,1,25.766463780707188,29.915327656251563
les_neck_fing18__d5t2__00027.wav,lsp-tanh,les_neck_fing18,0.002488196,les_bridge_fing21__d5t3__00028.wav,byod-mxr,5,5,2,3,25.766463780707188,25.779078975465445
les_neck_fing18__d5t3__00028.wav,lsp-tanh,les_neck_fing18,0.0033462644,les_neck_pick09__d5t3__00028.wav,lsp-arctan,5,5,3,3,25.766463780707188,25.788497067568912
les_neck_fing18__d5t4__00029.wav,lsp-tanh,les_neck_fing18,0.0026131868,les_neck_pick09__d5t4__00029.wav,lsp-arctan,5,5,4,4,25.766463780707188,25.788497067568912
les_neck_fing18__d6t0__00030.wav,lsp-tanh,les_neck_fing18,0.0039134026,les_bridge_fing20__d4t1__00021.wav,byod-bigmuff,6,4,0,1,29.89601395521624,21.5884141303546
les_neck_fing18__d6t1__00031.wav,lsp-tanh,les_neck_fing18,0.0031962395,les_bridge_pick25__d6t1__00031.wav,pedalboard-tanh,6,6,1,1,29.89601395521624,29.92239131554786
les_neck_fing18__d6t2__00032.wav,lsp-tanh,les_neck_fing18,0.0072624683,les_neck_pick14__d6t2__00032.wav,byod-bigmuff,6,6,2,2,29.89601395521624,29.9151414217934
les_neck_fing18__d6t3__00033.wav,lsp-tanh,les_neck_fing18,0.0036448836,les_neck_pick12__d7t3__00038.wav,lsp-sine,6,7,3,3,29.89601395521624,34.094517939627885
les_neck_fing18__d6t4__00034.wav,lsp-tanh,les_neck_fing18,0.0021232367,les_neck_pick12__d7t4__00039.wav,byod-mxr,6,7,4,4,29.89601395521624,34.08156088036171
les_neck_fing18__d7t0__00035.wav,lsp-tanh,les_neck_fing18,0.0029560924,les_bridge_fing21__d7t1__00036.wav,byod-mxr,7,7,0,1,34.0729352593394,34.08156088036171
les_neck_fing18__d7t1__00036.wav,lsp-tanh,les_neck_fing18,0.0053828955,les_neck_pick21__d7t1__00036.wav,lsp-arctan,7,7,1,1,34.0729352593394,34.09435618625095
les_neck_fing18__d7t2__00037.wav,lsp-tanh,les_neck_fing18,0.0030218363,les_bridge_pick25__d6t3__00033.wav,pedalboard-tanh,7,6,2,3,34.0729352593394,29.92239131554786
les_neck_fing18__d7t3__00038.wav,lsp-tanh,les_neck_fing18,0.001604259,les_neck_pick04__d7t3__00038.wav,lsp-arctan,7,7,3,3,34.0729352593394,34.09435618625095
les_neck_fing18__d7t4__00039.wav,lsp-tanh,les_neck_fing18,0.0010436177,les_neck_pick04__d7t4__00039.wav,lsp-arctan,7,7,4,4,34.0729352593394,34.09435618625095
les_neck_pick06__d0t0__00000.wav,lsp-tanh,les_neck_pick06,0.0050474405,les_neck_pick12__d0t0__00000.wav,lsp-sine,0,0,0,0,5.0,5.041347474059023
les_neck_pick06__d0t1__00001.wav,lsp-tanh,les_neck_pick06,0.0004940033,les_bridge_pick16__d2t0__00010.wav,pedalboard-tanh,0,2,1,0,5.0,13.296816138037473
les_neck_pick06__d0t2__00002.wav,lsp-tanh,les_neck_pick06,0.00087463856,les_bridge_pick16__d2t1__00011.wav,lsp-arctan,0,2,2,1,5.0,13.270071970821393
les_neck_pick06__d0t3__00003.wav,lsp-tanh,les_neck_pick06,0.00069737434,les_bridge_pick16__d1t2__00007.wav,lsp-sine,0,1,3,2,5.0,9.202349861352678
les_neck_pick06__d0t4__00004.wav,lsp-tanh,les_neck_pick06,0.001747787,les_bridge_pick16__d1t3__00008.wav,lsp-arctan,0,1,4,3,5.0,9.170316408518453
les_neck_pick06__d1t0__00005.wav,lsp-tanh,les_neck_pick06,0.0033339262,les_neck_pick12__d0t0__00000.wav,lsp-sine,1,0,0,0,9.088421535688989,5.041347474059023
les_neck_pick06__d1t1__00006.wav,lsp-tanh,les_neck_pick06,0.0019163489,les_bridge_pick16__d0t0__00000.wav,lsp-hardclip,1,0,1,0,9.088421535688989,5.063331073032135
les_neck_pick06__d1t2__00007.wav,lsp-tanh,les_neck_pick06,0.0010243058,les_bridge_pick16__d2t1__00011.wav,pedalboard-tanh,1,2,2,1,9.088421535688989,13.296816138037473
les_neck_pick06__d1t3__00008.wav,lsp-tanh,les_neck_pick06,0.0014839768,les_neck_pick05__d0t0__00000.wav,pedalboard-tanh,1,0,3,0,9.088421535688989,5.0
les_neck_pick06__d1t4__00009.wav,lsp-tanh,les_neck_pick06,0.0033566356,les_neck_pick14__d3t0__00015.wav,byod-mxr,1,3,4,0,9.088421535688989,17.452308155418716
les_neck_pick06__d2t0__00010.wav,lsp-tanh,les_neck_pick06,0.006371498,les_neck_pick12__d0t0__00000.wav,pedalboard-tanh,2,0,0,0,13.297259315581634,5.0
les_neck_pick06__d2t1__00011.wav,lsp-tanh,les_neck_pick06,0.0028775334,les_neck_pick12__d2t0__00010.wav,lsp-hardclip,2,2,1,0,13.297259315581634,13.55142968534178
les_neck_pick06__d2t2__00012.wav,lsp-tanh,les_neck_pick06,0.0023707747,les_bridge_fing24__d2t1__00011.wav,lsp-arctan,2,2,2,1,13.297259315581634,13.270071970821393
les_neck_pick06__d2t3__00013.wav,lsp-tanh,les_neck_pick06,0.0021741986,les_neck_pick21__d3t0__00015.wav,byod-mxr,2,3,3,0,13.297259315581634,17.452308155418716
les_neck_pick06__d2t4__00014.wav,lsp-tanh,les_neck_pick06,0.0068562627,les_bridge_fing24__d2t3__00013.wav,pedalboard-tanh,2,2,4,3,13.297259315581634,13.296816138037473
les_neck_pick06__d3t0__00015.wav,lsp-tanh,les_neck_pick06,0.0038281083,les_neck_pick12__d0t0__00000.wav,byod-bigmuff,3,0,0,0,17.426284440144894,5.044777586688817
les_neck_pick06__d3t1__00016.wav,lsp-tanh,les_neck_pick06,0.0024728775,les_bridge_fing24__d3t0__00015.wav,pedalboard-tanh,3,3,1,0,17.426284440144894,17.454399305827287
les_neck_pick06__d3t2__00017.wav,lsp-tanh,les_neck_pick06,0.002656877,les_bridge_fing24__d3t1__00016.wav,lsp-arctan,3,3,2,1,17.426284440144894,17.436825605717576
les_neck_pick06__d3t3__00018.wav,lsp-tanh,les_neck_pick06,0.0030986667,les_neck_pick21__d4t0__00020.wav,lsp-arctan,3,4,3,0,17.426284440144894,21.613326710488973
les_neck_pick06__d3t4__00019.wav,lsp-tanh,les_neck_pick06,0.006420672,les_bridge_pick16__d4t2__00022.wav,lsp-arctan,3,4,4,2,17.426284440144894,21.613326710488973
les_neck_pick06__d4t0__00020.wav,lsp-tanh,les_neck_pick06,0.001719892,les_bridge_fing21__d4t0__00020.wav,lsp-hardclip,4,4,0,0,21.61115826291455,21.54643860361127
les_neck_pick06__d4t1__00021.wav,lsp-tanh,les_neck_pick06,0.0032579899,les_neck_pick11__d4t0__00020.wav,byod-mxr,4,4,1,0,21.61115826291455,21.62039317761596
les_neck_pick06__d4t2__00022.wav,lsp-tanh,les_neck_pick06,0.0058332086,les_neck_pick03__d5t0__00025.wav,lsp-sine,4,5,2,0,21.61115826291455,25.7855895742644
les_neck_pick06__d4t3__00023.wav,lsp-tanh,les_neck_pick06,0.0072897673,les_neck_pick12__d5t2__00027.wav,lsp-hardclip,4,5,3,2,21.61115826291455,25.79865436059077
les_neck_pick06__d4t4__00024.wav,lsp-tanh,les_neck_pick06,0.0064451694,les_bridge_pick25__d5t2__00027.wav,byod-mxr,4,5,4,2,21.61115826291455,25.779078975465445
les_neck_pick06__d5t0__00025.wav,lsp-tanh,les_neck_pick06,0.001791656,les_neck_pick02__d1t1__00006.wav,byod-bigmuff,5,1,0,1,25.766463780707188,9.126662172709777
les_neck_pick06__d5t1__00026.wav,lsp-tanh,les_neck_pick06,0.0072264075,les_bridge_fing24__d1t2__00007.wav,byod-bigmuff,5,1,1,2,25.766463780707188,9.126662172709777
les_neck_pick06__d5t2__00027.wav,lsp-tanh,les_neck_pick06,0.009080708,les_neck_pick02__d6t0__00030.wav,lsp-sine,5,6,2,0,25.766463780707188,29.915327656251563
les_neck_pick06__d5t3__00028.wav,lsp-tanh,les_neck_pick06,0.0065101385,les_neck_pick03__d6t1__00031.wav,lsp-hardclip,5,6,3,1,25.766463780707188,29.908667593492765
les_neck_pick06__d5t4__00029.wav,lsp-tanh,les_neck_pick06,0.0050548315,les_bridge_pick17__d5t2__00027.wav,lsp-arctan,5,5,4,2,25.766463780707188,25.788497067568912
les_neck_pick06__d6t0__00030.wav,lsp-tanh,les_neck_pick06,0.002693832,les_bridge_fing24__d3t1__00016.wav,byod-bigmuff,6,3,0,1,29.89601395521624,17.442946393617085
les_neck_pick06__d6t1__00031.wav,lsp-tanh,les_neck_pick06,0.006031573,les_bridge_fing21__d6t1__00031.wav,lsp-hardclip,6,6,1,1,29.89601395521624,29.908667593492765
les_neck_pick06__d6t2__00032.wav,lsp-tanh,les_neck_pick06,0.0076150894,les_neck_pick03__d7t0__00035.wav,lsp-hardclip,6,7,2,0,29.89601395521624,34.07942205160116
les_neck_pick06__d6t3__00033.wav,lsp-tanh,les_neck_pick06,0.0042132735,les_bridge_fing21__d5t3__00028.wav,byod-bigmuff,6,5,3,3,29.89601395521624,25.77210742134771
les_neck_pick06__d6t4__00034.wav,lsp-tanh,les_neck_pick06,0.0027787685,les_neck_pick12__d7t2__00037.wav,byod-bigmuff,6,7,4,2,29.89601395521624,34.074932620854284
les_neck_pick06__d7t0__00035.wav,lsp-tanh,les_neck_pick06,0.003563404,les_neck_pick02__d5t1__00026.wav,byod-bigmuff,7,5,0,1,34.0729352593394,25.77210742134771
les_neck_pick06__d7t1__00036.wav,lsp-tanh,les_neck_pick06,0.006124556,les_bridge_fing24__d7t0__00035.wav,lsp-sine,7,7,1,0,34.0729352593394,34.094517939627885
les_neck_pick06__d7t2__00037.wav,lsp-tanh,les_neck_pick06,0.0040750504,les_neck_pick09__d7t1__00036.wav,pedalboard-tanh,7,7,2,1,34.0729352593394,34.075823464139134
les_neck_pick06__d7t3__00038.wav,lsp-tanh,les_neck_pick06,0.0019373894,les_bridge_pick25__d7t2__00037.wav,byod-mxr,7,7,3,2,34.0729352593394,34.08156088036171
les_neck_pick06__d7t4__00039.wav,lsp-tanh,les_neck_pick06,0.0037039518,les_bridge_fing24__d6t4__00034.wav,pedalboard-tanh,7,6,4,4,34.0729352593394,29.92239131554786
les_neck_pick17__d0t0__00000.wav,lsp-tanh,les_neck_pick17,0.00035524368,les_neck_pick12__d1t1__00006.wav,byod-mxr,0,1,0,1,5.0,9.107670514338215
les_neck_pick17__d0t1__00001.wav,lsp-tanh,les_neck_pick17,0.00031507015,les_neck_pick02__d0t0__00000.wav,pedalboard-tanh,0,0,1,0,5.0,5.0
les_neck_pick17__d0t2__00002.wav,lsp-tanh,les_neck_pick17,0.0010406971,les_neck_pick02__d0t1__00001.wav,lsp-arctan,0,0,2,1,5.0,5.005872107125804
les_neck_pick17__d0t3__00003.wav,lsp-tanh,les_neck_pick17,0.002774775,les_neck_fing15__d1t3__00008.wav,lsp-arctan,0,1,3,3,5.0,9.170316408518453
les_neck_pick17__d0t4__00004.wav,lsp-tanh,les_neck_pick17,0.0013344288,les_neck_pick21__d0t2__00002.wav,lsp-arctan,0,0,4,2,5.0,5.005872107125804
les_neck_pick17__d1t0__00005.wav,lsp-tanh,les_neck_pick17,0.00023251772,les_bridge_pick16__d3t0__00015.wav,lsp-sine,1,3,0,0,9.088421535688989,17.46073355198249
les_neck_pick17__d1t1__00006.wav,lsp-tanh,les_neck_pick17,0.00041735172,les_neck_pick02__d1t0__00005.wav,pedalboard-tanh,1,1,1,0,9.088421535688989,9.146047429418331
les_neck_pick17__d1t2__00007.wav,lsp-tanh,les_neck_pick17,0.0009755492,les_neck_pick02__d0t1__00001.wav,byod-mxr,1,0,2,1,9.088421535688989,5.0
les_neck_pick17__d1t3__00008.wav,lsp-tanh,les_neck_pick17,0.0023409128,les_neck_pick14__d0t1__00001.wav,lsp-hardclip,1,0,3,1,9.088421535688989,5.063331073032135
les_neck_pick17__d1t4__00009.wav,lsp-tanh,les_neck_pick17,0.0011933446,les_neck_pick21__d1t2__00007.wav,lsp-sine,1,1,4,2,9.088421535688989,9.202349861352678
les_neck_pick17__d2t0__00010.wav,lsp-tanh,les_neck_pick17,0.00033468008,les_bridge_pick16__d3t0__00015.wav,pedalboard-tanh,2,3,0,0,13.297259315581634,17.454399305827287
les_neck_pick17__d2t1__00011.wav,lsp-tanh,les_neck_pick17,0.00066274405,les_neck_pick02__d2t0__00010.wav,pedalboard-tanh,2,2,1,0,13.297259315581634,13.296816138037473
les_neck_pick17__d2t2__00012.wav,lsp-tanh,les_neck_pick17,0.0008227825,les_neck_pick02__d1t1__00006.wav,byod-mxr,2,1,2,1,13.297259315581634,9.107670514338215
les_neck_pick17__d2t3__00013.wav,lsp-tanh,les_neck_pick17,0.001647532,les_neck_pick14__d2t1__00011.wav,lsp-arctan,2,2,3,1,13.297259315581634,13.270071970821393
les_neck_pick17__d2t4__00014.wav,lsp-tanh,les_neck_pick17,0.0018256307,les_neck_pick21__d2t2__00012.wav,pedalboard-tanh,2,2,4,2,13.297259315581634,13.296816138037473
les_neck_pick17__d3t0__00015.wav,lsp-tanh,les_neck_pick17,0.0018726587,les_bridge_fing24__d3t0__00015.wav,lsp-sine,3,3,0,0,17.426284440144894,17.46073355198249
les_neck_pick17__d3t1__00016.wav,lsp-tanh,les_neck_pick17,0.0006541014,les_neck_pick02__d3t0__00015.wav,lsp-arctan,3,3,1,0,17.426284440144894,17.436825605717576
les_neck_pick17__d3t2__00017.wav,lsp-tanh,les_neck_pick17,0.0023890138,les_neck_pick03__d3t1__00016.wav,byod-mxr,3,3,2,1,17.426284440144894,17.452308155418716
les_neck_pick17__d3t3__00018.wav,lsp-tanh,les_neck_pick17,0.0031093955,les_neck_pick02__d3t2__00017.wav,lsp-arctan,3,3,3,2,17.426284440144894,17.436825605717576
les_neck_pick17__d3t4__00019.wav,lsp-tanh,les_neck_pick17,0.003905356,les_neck_pick21__d3t2__00017.wav,lsp-sine,3,3,4,2,17.426284440144894,17.46073355198249
les_neck_pick17__d4t0__00020.wav,lsp-tanh,les_neck_pick17,0.0017550588,les_neck_pick11__d4t0__00020.wav,pedalboard-tanh,4,4,0,0,21.61115826291455,21.61638024087312
les_neck_pick17__d4t1__00021.wav,lsp-tanh,les_neck_pick17,0.0021579266,les_neck_pick05__d4t0__00020.wav,lsp-arctan,4,4,1,0,21.61115826291455,21.613326710488973
les_neck_pick17__d4t2__00022.wav,lsp-tanh,les_neck_pick17,0.0022878647,les_neck_pick05__d4t1__00021.wav,lsp-arctan,4,4,2,1,21.61115826291455,21.613326710488973
les_neck_pick17__d4t3__00023.wav,lsp-tanh,les_neck_pick17,0.005048275,les_neck_pick11__d4t3__00023.wav,lsp-sine,4,4,3,3,21.61115826291455,21.652716208419097
les_neck_pick17__d4t4__00024.wav,lsp-tanh,les_neck_pick17,0.0054876804,les_neck_pick11__d4t4__00024.wav,lsp-arctan,4,4,4,4,21.61115826291455,21.613326710488973
les_neck_pick17__d5t0__00025.wav,lsp-tanh,les_neck_pick17,0.0018957257,les_bridge_fing24__d5t0__00025.wav,lsp-arctan,5,5,0,0,25.766463780707188,25.788497067568912
les_neck_pick17__d5t1__00026.wav,lsp-tanh,les_neck_pick17,0.0036515594,les_bridge_fing24__d5t1__00026.wav,lsp-arctan,5,5,1,1,25.766463780707188,25.788497067568912
les_neck_pick17__d5t2__00027.wav,lsp-tanh,les_neck_pick17,0.0062980056,les_neck_pick03__d6t1__00031.wav,byod-mxr,5,6,2,1,25.766463780707188,29.91150927100104
les_neck_pick17__d5t3__00028.wav,lsp-tanh,les_neck_pick17,0.0038930178,les_neck_pick05__d5t2__00027.wav,lsp-sine,5,5,3,2,25.766463780707188,25.7855895742644
les_neck_pick17__d5t4__00029.wav,lsp-tanh,les_neck_pick17,0.004750252,les_neck_pick14__d5t2__00027.wav,lsp-arctan,5,5,4,2,25.766463780707188,25.788497067568912
les_neck_pick17__d6t0__00030.wav,lsp-tanh,les_neck_pick17,0.0028606653,les_bridge_fing24__d6t0__00030.wav,lsp-hardclip,6,6,0,0,29.89601395521624,29.908667593492765
les_neck_pick17__d6t1__00031.wav,lsp-tanh,les_neck_pick17,0.0021331906,les_bridge_fing24__d6t1__00031.wav,byod-mxr,6,6,1,1,29.89601395521624,29.91150927100104
les_neck_pick17__d6t2__00032.wav,lsp-tanh,les_neck_pick17,0.0063575506,les_bridge_fing24__d6t2__00032.wav,byod-mxr,6,6,2,2,29.89601395521624,29.91150927100104
les_neck_pick17__d6t3__00033.wav,lsp-tanh,les_neck_pick17,0.0037495494,les_neck_pick09__d6t3__00033.wav,lsp-arctan,6,6,3,3,29.89601395521624,29.91872954355242
les_neck_pick17__d6t4__00034.wav,lsp-tanh,les_neck_pick17,0.002316177,les_neck_pick03__d6t4__00034.wav,pedalboard-tanh,6,6,4,4,29.89601395521624,29.92239131554786
les_neck_pick17__d7t0__00035.wav,lsp-tanh,les_neck_pick17,0.0026367307,les_bridge_fing24__d7t0__00035.wav,byod-mxr,7,7,0,0,34.0729352593394,34.08156088036171
les_neck_pick17__d7t1__00036.wav,lsp-tanh,les_neck_pick17,0.0026519895,les_neck_pick12__d7t1__00036.wav,lsp-hardclip,7,7,1,1,34.0729352593394,34.07942205160116
les_neck_pick17__d7t2__00037.wav,lsp-tanh,les_neck_pick17,0.0047356486,les_bridge_fing21__d7t2__00037.wav,lsp-sine,7,7,2,2,34.0729352593394,34.094517939627885
les_neck_pick17__d7t3__00038.wav,lsp-tanh,les_neck_pick17,0.004138291,les_neck_pick09__d7t3__00038.wav,pedalboard-tanh,7,7,3,3,34.0729352593394,34.075823464139134
les_neck_pick17__d7t4__00039.wav,lsp-tanh,les_neck_pick17,0.0020861626,les_neck_pick21__d7t3__00038.wav,lsp-sine,7,7,4,3,34.0729352593394,34.094517939627885
les_bridge_fing02__d0t0__00000.wav,pedalboard-tanh,les_bridge_fing02,0.0011348724,les_bridge_pick16__d1t1__00006.wav,lsp-sine,0,1,0,1,5.0,9.202349861352678
les_bridge_fing02__d0t1__00001.wav,pedalboard-tanh,les_bridge_fing02,0.0007227659,les_neck_pick21__d1t0__00005.wav,lsp-arctan,0,1,1,0,5.0,9.170316408518453
les_bridge_fing02__d0t2__00002.wav,pedalboard-tanh,les_bridge_fing02,0.0012679696,les_neck_pick14__d2t0__00010.wav,byod-mxr,0,2,2,0,5.0,13.292365801948186
les_bridge_fing02__d0t3__00003.wav,pedalboard-tanh,les_bridge_fing02,0.0017727613,les_bridge_pick17__d0t3__00003.wav,lsp-tanh,0,0,3,3,5.0,5.0
les_bridge_fing02__d0t4__00004.wav,pedalboard-tanh,les_bridge_fing02,0.0013659,les_bridge_pick25__d0t4__00004.wav,lsp-arctan,0,0,4,4,5.0,5.005872107125804
les_bridge_fing02__d1t0__00005.wav,pedalboard-tanh,les_bridge_fing02,0.0006304383,les_bridge_pick16__d1t1__00006.wav,lsp-sine,1,1,0,1,9.146047429418331,9.202349861352678
les_bridge_fing02__d1t1__00006.wav,pedalboard-tanh,les_bridge_fing02,0.0008227825,les_neck_pick21__d2t0__00010.wav,lsp-arctan,1,2,1,0,9.146047429418331,13.270071970821393
les_bridge_fing02__d1t2__00007.wav,pedalboard-tanh,les_bridge_fing02,0.0013422966,les_bridge_pick16__d1t3__00008.wav,lsp-sine,1,1,2,3,9.146047429418331,9.202349861352678
les_bridge_fing02__d1t3__00008.wav,pedalboard-tanh,les_bridge_fing02,0.0024507046,les_bridge_fing24__d1t4__00009.wav,lsp-arctan,1,1,3,4,9.146047429418331,9.170316408518453
les_bridge_fing02__d1t4__00009.wav,pedalboard-tanh,les_bridge_fing02,0.001870811,les_bridge_pick22__d1t4__00009.wav,lsp-sine,1,1,4,4,9.146047429418331,9.202349861352678
les_bridge_fing02__d2t0__00010.wav,pedalboard-tanh,les_bridge_fing02,0.0016389489,les_neck_pick12__d2t1__00011.wav,lsp-hardclip,2,2,0,1,13.296816138037473,13.55142968534178
les_bridge_fing02__d2t1__00011.wav,pedalboard-tanh,les_bridge_fing02,0.00063204765,les_bridge_fing17__d2t0__00010.wav,lsp-tanh,2,2,1,0,13.296816138037473,13.297259315581634
les_bridge_fing02__d2t2__00012.wav,pedalboard-tanh,les_bridge_fing02,0.0015921593,les_bridge_fing24__d0t3__00003.wav,byod-mxr,2,0,2,3,13.296816138037473,5.0
les_bridge_fing02__d2t3__00013.wav,pedalboard-tanh,les_bridge_fing02,0.0033029318,les_bridge_fing24__d1t4__00009.wav,byod-mxr,2,1,3,4,13.296816138037473,9.107670514338215
les_bridge_fing02__d2t4__00014.wav,pedalboard-tanh,les_bridge_fing02,0.0027685165,les_neck_fing01__d2t2__00012.wav,lsp-sine,2,2,4,2,13.296816138037473,13.251366385956809
les_bridge_fing02__d3t0__00015.wav,pedalboard-tanh,les_bridge_fing02,0.001276195,les_bridge_fing24__d2t1__00011.wav,lsp-sine,3,2,0,1,17.454399305827287,13.251366385956809
les_bridge_fing02__d3t1__00016.wav,pedalboard-tanh,les_bridge_fing02,0.001745522,les_bridge_pick17__d3t1__00016.wav,lsp-tanh,3,3,1,1,17.454399305827287,17.426284440144894
les_bridge_fing02__d3t2__00017.wav,pedalboard-tanh,les_bridge_fing02,0.0011433363,les_bridge_pick17__d3t2__00017.wav,lsp-tanh,3,3,2,2,17.454399305827287,17.426284440144894
les_bridge_fing02__d3t3__00018.wav,pedalboard-tanh,les_bridge_fing02,0.0024902225,les_neck_pick02__d3t2__00017.wav,lsp-arctan,3,3,3,2,17.454399305827287,17.436825605717576
les_bridge_fing02__d3t4__00019.wav,pedalboard-tanh,les_bridge_fing02,0.0037855506,les_bridge_pick25__d3t4__00019.wav,lsp-tanh,3,3,4,4,17.454399305827287,17.426284440144894
les_bridge_fing02__d4t0__00020.wav,pedalboard-tanh,les_bridge_fing02,0.001789391,les_bridge_pick17__d4t0__00020.wav,lsp-sine,4,4,0,0,21.61638024087312,21.652716208419097
les_bridge_fing02__d4t1__00021.wav,pedalboard-tanh,les_bridge_fing02,0.0023984313,les_neck_pick12__d4t2__00022.wav,lsp-tanh,4,4,1,2,21.61638024087312,21.61115826291455
les_bridge_fing02__d4t2__00022.wav,pedalboard-tanh,les_bridge_fing02,0.0023015738,les_neck_pick11__d4t2__00022.wav,lsp-sine,4,4,2,2,21.61638024087312,21.652716208419097
les_bridge_fing02__d4t3__00023.wav,pedalboard-tanh,les_bridge_fing02,0.0037137866,les_bridge_fing17__d4t2__00022.wav,lsp-sine,4,4,3,2,21.61638024087312,21.652716208419097
les_bridge_fing02__d4t4__00024.wav,pedalboard-tanh,les_bridge_fing02,0.0034009814,les_neck_pick09__d4t3__00023.wav,lsp-arctan,4,4,4,3,21.61638024087312,21.613326710488973
les_bridge_fing02__d5t0__00025.wav,pedalboard-tanh,les_bridge_fing02,0.0036316514,les_neck_pick14__d1t2__00007.wav,byod-bigmuff,5,1,0,2,25.782351420955937,9.126662172709777
les_bridge_fing02__d5t1__00026.wav,pedalboard-tanh,les_bridge_fing02,0.004652798,les_neck_pick09__d5t1__00026.wav,lsp-tanh,5,5,1,1,25.782351420955937,25.766463780707188
les_bridge_fing02__d5t2__00027.wav,pedalboard-tanh,les_bridge_fing02,0.0057229996,les_bridge_pick22__d5t2__00027.wav,lsp-sine,5,5,2,2,25.782351420955937,25.7855895742644
les_bridge_fing02__d5t3__00028.wav,pedalboard-tanh,les_bridge_fing02,0.004802048,les_bridge_pick22__d5t3__00028.wav,lsp-tanh,5,5,3,3,25.782351420955937,25.766463780707188
les_bridge_fing02__d5t4__00029.wav,pedalboard-tanh,les_bridge_fing02,0.0034484863,les_bridge_pick17__d5t3__00028.wav,lsp-sine,5,5,4,3,25.782351420955937,25.7855895742644
les_bridge_fing02__d6t0__00030.wav,pedalboard-tanh,les_bridge_fing02,0.0079984665,les_neck_pick11__d2t3__00013.wav,byod-bigmuff,6,2,0,3,29.92239131554786,13.312631977514853
les_bridge_fing02__d6t1__00031.wav,pedalboard-tanh,les_bridge_fing02,0.008976221,les_bridge_fing17__d6t0__00030.wav,lsp-arctan,6,6,1,0,29.92239131554786,29.91872954355242
les_bridge_fing02__d6t2__00032.wav,pedalboard-tanh,les_bridge_fing02,0.0074068904,les_bridge_fing17__d6t1__00031.wav,lsp-arctan,6,6,2,1,29.92239131554786,29.91872954355242
les_bridge_fing02__d6t3__00033.wav,pedalboard-tanh,les_bridge_fing02,0.0038114786,les_bridge_fing20__d5t3__00028.wav,lsp-arctan,6,5,3,3,29.92239131554786,25.788497067568912
les_bridge_fing02__d6t4__00034.wav,pedalboard-tanh,les_bridge_fing02,0.0025820732,les_bridge_fing20__d5t4__00029.wav,lsp-arctan,6,5,4,4,29.92239131554786,25.788497067568912
les_bridge_fing02__d7t0__00035.wav,pedalboard-tanh,les_bridge_fing02,0.007971227,les_neck_pick21__d6t1__00031.wav,byod-bigmuff,7,6,0,1,34.075823464139134,29.9151414217934
les_bridge_fing02__d7t1__00036.wav,pedalboard-tanh,les_bridge_fing02,0.004375994,les_bridge_pick22__d6t2__00032.wav,lsp-tanh,7,6,1,2,34.075823464139134,29.89601395521624
les_bridge_fing02__d7t2__00037.wav,pedalboard-tanh,les_bridge_fing02,0.0057085156,les_neck_pick21__d6t3__00033.wav,byod-bigmuff,7,6,2,3,34.075823464139134,29.9151414217934
les_bridge_fing02__d7t3__00038.wav,pedalboard-tanh,les_bridge_fing02,0.002874136,les_neck_pick14__d7t2__00037.wav,byod-mxr,7,7,3,2,34.075823464139134,34.08156088036171
les_bridge_fing02__d7t4__00039.wav,pedalboard-tanh,les_bridge_fing02,0.0025117993,les_neck_pick14__d7t3__00038.wav,byod-mxr,7,7,4,3,34.075823464139134,34.08156088036171
les_bridge_fing05__d0t0__00000.wav,pedalboard-tanh,les_bridge_fing05,0.0026826859,les_neck_fing15__d1t1__00006.wav,byod-mxr,0,1,0,1,5.0,9.107670514338215
les_bridge_fing05__d0t1__00001.wav,pedalboard-tanh,les_bridge_fing05,0.0020005703,les_bridge_pick22__d0t3__00003.wav,lsp-arctan,0,0,1,3,5.0,5.005872107125804
les_bridge_fing05__d0t2__00002.wav,pedalboard-tanh,les_bridge_fing05,0.0013775826,les_neck_pick21__d0t2__00002.wav,lsp-tanh,0,0,2,2,5.0,5.0
les_bridge_fing05__d0t3__00003.wav,pedalboard-tanh,les_bridge_fing05,0.0006619692,les_neck_fing01__d0t3__00003.wav,lsp-arctan,0,0,3,3,5.0,5.005872107125804
les_bridge_fing05__d0t4__00004.wav,pedalboard-tanh,les_bridge_fing05,0.0008173585,les_neck_fing01__d0t4__00004.wav,lsp-tanh,0,0,4,4,5.0,5.0
les_bridge_fing05__d1t0__00005.wav,pedalboard-tanh,les_bridge_fing05,0.0015668869,les_neck_fing15__d2t1__00011.wav,lsp-sine,1,2,0,1,9.146047429418331,13.251366385956809
les_bridge_fing05__d1t1__00006.wav,pedalboard-tanh,les_bridge_fing05,0.0012603998,les_neck_pick05__d0t1__00001.wav,lsp-arctan,1,0,1,1,9.146047429418331,5.005872107125804
les_bridge_fing05__d1t2__00007.wav,pedalboard-tanh,les_bridge_fing05,0.0016793609,les_neck_fing01__d1t2__00007.wav,byod-mxr,1,1,2,2,9.146047429418331,9.107670514338215
les_bridge_fing05__d1t3__00008.wav,pedalboard-tanh,les_bridge_fing05,0.00087815523,les_neck_fing01__d1t3__00008.wav,lsp-tanh,1,1,3,3,9.146047429418331,9.088421535688989
les_bridge_fing05__d1t4__00009.wav,pedalboard-tanh,les_bridge_fing05,0.0009482503,les_neck_fing01__d0t4__00004.wav,byod-mxr,1,0,4,4,9.146047429418331,5.0
les_bridge_fing05__d2t0__00010.wav,pedalboard-tanh,les_bridge_fing05,0.00042182207,les_bridge_pick17__d1t1__00006.wav,byod-mxr,2,1,0,1,13.296816138037473,9.107670514338215
les_bridge_fing05__d2t1__00011.wav,pedalboard-tanh,les_bridge_fing05,0.0011472702,les_bridge_pick22__d1t3__00008.wav,byod-mxr,2,1,1,3,13.296816138037473,9.107670514338215
les_bridge_fing05__d2t2__00012.wav,pedalboard-tanh,les_bridge_fing05,0.002375424,les_neck_fing01__d2t2__00012.wav,byod-mxr,2,2,2,2,13.296816138037473,13.292365801948186
les_bridge_fing05__d2t3__00013.wav,pedalboard-tanh,les_bridge_fing05,0.002137363,les_neck_fing01__d2t3__00013.wav,lsp-arctan,2,2,3,3,13.296816138037473,13.270071970821393
les_bridge_fing05__d2t4__00014.wav,pedalboard-tanh,les_bridge_fing05,0.0024977326,les_neck_fing01__d2t4__00014.wav,lsp-arctan,2,2,4,4,13.296816138037473,13.270071970821393
les_bridge_fing05__d3t0__00015.wav,pedalboard-tanh,les_bridge_fing05,0.0010638237,les_bridge_fing20__d2t2__00012.wav,lsp-tanh,3,2,0,2,17.454399305827287,13.297259315581634
les_bridge_fing05__d3t1__00016.wav,pedalboard-tanh,les_bridge_fing05,0.0017578006,les_bridge_pick22__d2t3__00013.wav,lsp-sine,3,2,1,3,17.454399305827287,13.251366385956809
les_bridge_fing05__d3t2__00017.wav,pedalboard-tanh,les_bridge_fing05,0.0036101937,les_neck_pick03__d3t3__00018.wav,lsp-sine,3,3,2,3,17.454399305827287,17.46073355198249
les_bridge_fing05__d3t3__00018.wav,pedalboard-tanh,les_bridge_fing05,0.0036059618,les_neck_pick03__d3t4__00019.wav,byod-mxr,3,3,3,4,17.454399305827287,17.452308155418716
les_bridge_fing05__d3t4__00019.wav,pedalboard-tanh,les_bridge_fing05,0.0034563541,les_neck_fing01__d3t4__00019.wav,lsp-arctan,3,3,4,4,17.454399305827287,17.436825605717576
les_bridge_fing05__d4t0__00020.wav,pedalboard-tanh,les_bridge_fing05,0.0041884184,les_bridge_fing24__d3t2__00017.wav,lsp-hardclip,4,3,0,2,21.61638024087312,17.563088337099366
les_bridge_fing05__d4t1__00021.wav,pedalboard-tanh,les_bridge_fing05,0.0025941133,les_bridge_fing20__d3t3__00018.wav,lsp-sine,4,3,1,3,21.61638024087312,17.46073355198249
les_bridge_fing05__d4t2__00022.wav,pedalboard-tanh,les_bridge_fing05,0.002485633,les_bridge_fing17__d3t3__00018.wav,byod-mxr,4,3,2,3,21.61638024087312,17.452308155418716
les_bridge_fing05__d4t3__00023.wav,pedalboard-tanh,les_bridge_fing05,0.002286613,les_neck_fing01__d3t4__00019.wav,lsp-sine,4,3,3,4,21.61638024087312,17.46073355198249
les_bridge_fing05__d4t4__00024.wav,pedalboard-tanh,les_bridge_fing05,0.0021285415,les_neck_pick21__d4t4__00024.wav,byod-mxr,4,4,4,4,21.61638024087312,21.62039317761596
les_bridge_fing05__d5t0__00025.wav,pedalboard-tanh,les_bridge_fing05,0.004172623,les_neck_pick09__d5t1__00026.wav,byod-mxr,5,5,0,1,25.782351420955937,25.779078975465445
les_bridge_fing05__d5t1__00026.wav,pedalboard-tanh,les_bridge_fing05,0.005582392,les_neck_pick09__d5t2__00027.wav,byod-mxr,5,5,1,2,25.782351420955937,25.779078975465445
les_bridge_fing05__d5t2__00027.wav,pedalboard-tanh,les_bridge_fing05,0.0043714643,les_bridge_fing17__d5t3__00028.wav,lsp-sine,5,5,2,3,25.782351420955937,25.7855895742644
les_bridge_fing05__d5t3__00028.wav,pedalboard-tanh,les_bridge_fing05,0.0028451085,les_bridge_fing20__d5t4__00029.wav,lsp-sine,5,5,3,4,25.782351420955937,25.7855895742644
les_bridge_fing05__d5t4__00029.wav,pedalboard-tanh,les_bridge_fing05,0.0052239895,les_neck_pick14__d6t3__00033.wav,lsp-hardclip,5,6,4,3,25.782351420955937,29.908667593492765
les_bridge_fing05__d6t0__00030.wav,pedalboard-tanh,les_bridge_fing05,0.004059136,les_neck_pick07__d6t3__00033.wav,lsp-arctan,6,6,0,3,29.92239131554786,29.91872954355242
les_bridge_fing05__d6t1__00031.wav,pedalboard-tanh,les_bridge_fing05,0.002110362,les_bridge_fing24__d5t4__00029.wav,lsp-arctan,6,5,1,4,29.92239131554786,25.788497067568912
les_bridge_fing05__d6t2__00032.wav,pedalboard-tanh,les_bridge_fing05,0.0039741397,les_neck_pick03__d6t4__00034.wav,lsp-arctan,6,6,2,4,29.92239131554786,29.91872954355242
les_bridge_fing05__d6t3__00033.wav,pedalboard-tanh,les_bridge_fing05,0.0013278127,les_neck_pick03__d7t4__00039.wav,lsp-hardclip,6,7,3,4,29.92239131554786,34.07942205160116
les_bridge_fing05__d6t4__00034.wav,pedalboard-tanh,les_bridge_fing05,0.0007041693,les_bridge_fing17__d7t4__00039.wav,lsp-tanh,6,7,4,4,29.92239131554786,34.0729352593394
les_bridge_fing05__d7t0__00035.wav,pedalboard-tanh,les_bridge_fing05,0.0048699975,les_bridge_pick17__d7t1__00036.wav,lsp-arctan,7,7,0,1,34.075823464139134,34.09435618625095
les_bridge_fing05__d7t1__00036.wav,pedalboard-tanh,les_bridge_fing05,0.003209412,les_bridge_pick22__d7t3__00038.wav,lsp-hardclip,7,7,1,3,34.075823464139134,34.07942205160116
les_bridge_fing05__d7t2__00037.wav,pedalboard-tanh,les_bridge_fing05,0.001660645,les_bridge_fing17__d7t3__00038.wav,byod-mxr,7,7,2,3,34.075823464139134,34.08156088036171
les_bridge_fing05__d7t3__00038.wav,pedalboard-tanh,les_bridge_fing05,0.0011239052,les_bridge_fing20__d7t4__00039.wav,lsp-hardclip,7,7,3,4,34.075823464139134,34.07942205160116
les_bridge_fing05__d7t4__00039.wav,pedalboard-tanh,les_bridge_fing05,0.0016418695,les_neck_pick14__d7t4__00039.wav,lsp-arctan,7,7,4,4,34.075823464139134,34.09435618625095
les_bridge_fing07__d0t0__00000.wav,pedalboard-tanh,les_bridge_fing07,0.0011644363,les_bridge_pick16__d1t1__00006.wav,lsp-sine,0,1,0,1,5.0,9.202349861352678
les_bridge_fing07__d0t1__00001.wav,pedalboard-tanh,les_bridge_fing07,0.001090467,les_neck_fing15__d4t0__00020.wav,lsp-sine,0,4,1,0,5.0,21.652716208419097
les_bridge_fing07__d0t2__00002.wav,pedalboard-tanh,les_bridge_fing07,0.0007418394,les_bridge_pick17__d0t2__00002.wav,lsp-arctan,0,0,2,2,5.0,5.005872107125804
les_bridge_fing07__d0t3__00003.wav,pedalboard-tanh,les_bridge_fing07,0.001598239,les_bridge_fing17__d0t2__00002.wav,lsp-tanh,0,0,3,2,5.0,5.0
les_bridge_fing07__d0t4__00004.wav,pedalboard-tanh,les_bridge_fing07,0.0039978623,les_neck_fing01__d2t2__00012.wav,lsp-arctan,0,2,4,2,5.0,13.270071970821393
les_bridge_fing07__d1t0__00005.wav,pedalboard-tanh,les_bridge_fing07,0.0014336109,les_bridge_pick16__d1t1__00006.wav,lsp-sine,1,1,0,1,9.146047429418331,9.202349861352678
les_bridge_fing07__d1t1__00006.wav,pedalboard-tanh,les_bridge_fing07,0.0005927682,les_neck_fing15__d4t0__00020.wav,lsp-sine,1,4,1,0,9.146047429418331,21.652716208419097
les_bridge_fing07__d1t2__00007.wav,pedalboard-tanh,les_bridge_fing07,0.00052666664,les_bridge_pick17__d1t2__00007.wav,lsp-sine,1,1,2,2,9.146047429418331,9.202349861352678
les_bridge_fing07__d1t3__00008.wav,pedalboard-tanh,les_bridge_fing07,0.0013634562,les_bridge_pick17__d1t3__00008.wav,lsp-arctan,1,1,3,3,9.146047429418331,9.170316408518453
les_bridge_fing07__d1t4__00009.wav,pedalboard-tanh,les_bridge_fing07,0.0029146671,les_neck_fing01__d0t2__00002.wav,lsp-hardclip,1,0,4,2,9.146047429418331,5.063331073032135
les_bridge_fing07__d2t0__00010.wav,pedalboard-tanh,les_bridge_fing07,0.002471447,les_neck_pick12__d2t1__00011.wav,lsp-hardclip,2,2,0,1,13.296816138037473,13.55142968534178
les_bridge_fing07__d2t1__00011.wav,pedalboard-tanh,les_bridge_fing07,0.0013021231,les_bridge_fing17__d2t0__00010.wav,lsp-sine,2,2,1,0,13.296816138037473,13.251366385956809
les_bridge_fing07__d2t2__00012.wav,pedalboard-tanh,les_bridge_fing07,0.0022688508,les_bridge_pick17__d2t2__00012.wav,lsp-tanh,2,2,2,2,13.296816138037473,13.297259315581634
les_bridge_fing07__d2t3__00013.wav,pedalboard-tanh,les_bridge_fing07,0.0035759807,les_bridge_fing17__d2t2__00012.wav,byod-mxr,2,2,3,2,13.296816138037473,13.292365801948186
les_bridge_fing07__d2t4__00014.wav,pedalboard-tanh,les_bridge_fing07,0.0032758117,les_neck_fing01__d3t2__00017.wav,byod-mxr,2,3,4,2,13.296816138037473,17.452308155418716
les_bridge_fing07__d3t0__00015.wav,pedalboard-tanh,les_bridge_fing07,0.0016736984,les_neck_pick09__d2t0__00010.wav,lsp-hardclip,3,2,0,0,17.454399305827287,13.55142968534178
les_bridge_fing07__d3t1__00016.wav,pedalboard-tanh,les_bridge_fing07,0.0023977757,les_neck_pick11__d2t1__00011.wav,byod-mxr,3,2,1,1,17.454399305827287,13.292365801948186
les_bridge_fing07__d3t2__00017.wav,pedalboard-tanh,les_bridge_fing07,0.002318263,les_bridge_fing24__d3t3__00018.wav,lsp-tanh,3,3,2,3,17.454399305827287,17.426284440144894
les_bridge_fing07__d3t3__00018.wav,pedalboard-tanh,les_bridge_fing07,0.0042903423,les_bridge_fing17__d3t2__00017.wav,byod-mxr,3,3,3,2,17.454399305827287,17.452308155418716
les_bridge_fing07__d3t4__00019.wav,pedalboard-tanh,les_bridge_fing07,0.004777074,les_neck_pick05__d4t2__00022.wav,lsp-hardclip,3,4,4,2,17.454399305827287,21.54643860361127
les_bridge_fing07__d4t0__00020.wav,pedalboard-tanh,les_bridge_fing07,0.0035589933,les_bridge_pick17__d4t0__00020.wav,lsp-arctan,4,4,0,0,21.61638024087312,21.613326710488973
les_bridge_fing07__d4t1__00021.wav,pedalboard-tanh,les_bridge_fing07,0.0008690953,les_bridge_fing17__d5t0__00025.wav,lsp-sine,4,5,1,0,21.61638024087312,25.7855895742644
les_bridge_fing07__d4t2__00022.wav,pedalboard-tanh,les_bridge_fing07,0.002026558,les_bridge_pick17__d4t2__00022.wav,lsp-tanh,4,4,2,2,21.61638024087312,21.61115826291455
les_bridge_fing07__d4t3__00023.wav,pedalboard-tanh,les_bridge_fing07,0.0023109913,les_bridge_pick17__d4t3__00023.wav,lsp-tanh,4,4,3,3,21.61638024087312,21.61115826291455
les_bridge_fing07__d4t4__00024.wav,pedalboard-tanh,les_bridge_fing07,0.002485752,les_bridge_pick17__d4t4__00024.wav,lsp-sine,4,4,4,4,21.61638024087312,21.652716208419097
les_bridge_fing07__d5t0__00025.wav,pedalboard-tanh,les_bridge_fing07,0.0064742565,les_bridge_pick22__d5t1__00026.wav,lsp-sine,5,5,0,1,25.782351420955937,25.7855895742644
les_bridge_fing07__d5t1__00026.wav,pedalboard-tanh,les_bridge_fing07,0.0053691864,les_neck_pick04__d5t1__00026.wav,lsp-tanh,5,5,1,1,25.782351420955937,25.766463780707188
les_bridge_fing07__d5t2__00027.wav,pedalboard-tanh,les_bridge_fing07,0.006489992,les_bridge_pick17__d5t2__00027.wav,lsp-sine,5,5,2,2,25.782351420955937,25.7855895742644
les_bridge_fing07__d5t3__00028.wav,pedalboard-tanh,les_bridge_fing07,0.0038902164,les_bridge_fing20__d5t3__00028.wav,lsp-arctan,5,5,3,3,25.782351420955937,25.788497067568912
les_bridge_fing07__d5t4__00029.wav,pedalboard-tanh,les_bridge_fing07,0.0020409226,les_bridge_fing20__d5t4__00029.wav,lsp-arctan,5,5,4,4,25.782351420955937,25.788497067568912
les_bridge_fing07__d6t0__00030.wav,pedalboard-tanh,les_bridge_fing07,0.005739033,les_neck_pick02__d3t3__00018.wav,byod-bigmuff,6,3,0,3,29.92239131554786,17.442946393617085
les_bridge_fing07__d6t1__00031.wav,pedalboard-tanh,les_bridge_fing07,0.0035588741,les_bridge_fing20__d6t1__00031.wav,lsp-tanh,6,6,1,1,29.92239131554786,29.89601395521624
les_bridge_fing07__d6t2__00032.wav,pedalboard-tanh,les_bridge_fing07,0.0032180548,les_bridge_pick16__d7t2__00037.wav,lsp-sine,6,7,2,2,29.92239131554786,34.094517939627885
les_bridge_fing07__d6t3__00033.wav,pedalboard-tanh,les_bridge_fing07,0.001583457,les_neck_pick02__d7t3__00038.wav,lsp-tanh,6,7,3,3,29.92239131554786,34.0729352593394
les_bridge_fing07__d6t4__00034.wav,pedalboard-tanh,les_bridge_fing07,0.0011031628,les_neck_pick02__d7t4__00039.wav,lsp-tanh,6,7,4,4,29.92239131554786,34.0729352593394
les_bridge_fing07__d7t0__00035.wav,pedalboard-tanh,les_bridge_fing07,0.0016970038,les_bridge_fing17__d7t0__00035.wav,lsp-arctan,7,7,0,0,34.075823464139134,34.09435618625095
les_bridge_fing07__d7t1__00036.wav,pedalboard-tanh,les_bridge_fing07,0.004808128,les_bridge_fing24__d7t2__00037.wav,byod-mxr,7,7,1,2,34.075823464139134,34.08156088036171
les_bridge_fing07__d7t2__00037.wav,pedalboard-tanh,les_bridge_fing07,0.0018673539,les_bridge_fing20__d7t2__00037.wav,lsp-hardclip,7,7,2,2,34.075823464139134,34.07942205160116
les_bridge_fing07__d7t3__00038.wav,pedalboard-tanh,les_bridge_fing07,0.0013182759,les_bridge_pick25__d7t4__00039.wav,lsp-arctan,7,7,3,4,34.075823464139134,34.09435618625095
les_bridge_fing07__d7t4__00039.wav,pedalboard-tanh,les_bridge_fing07,0.0016182661,les_bridge_pick25__d7t4__00039.wav,lsp-sine,7,7,4,4,34.075823464139134,34.094517939627885
les_bridge_fing09__d0t0__00000.wav,pedalboard-tanh,les_bridge_fing09,0.0042163134,les_neck_pick12__d0t4__00004.wav,lsp-arctan,0,0,0,4,5.0,5.005872107125804
les_bridge_fing09__d0t1__00001.wav,pedalboard-tanh,les_bridge_fing09,0.0052330494,les_neck_fing15__d0t4__00004.wav,lsp-tanh,0,0,1,4,5.0,5.0
les_bridge_fing09__d0t2__00002.wav,pedalboard-tanh,les_bridge_fing09,0.0063096285,les_neck_pick04__d0t3__00003.wav,lsp-tanh,0,0,2,3,5.0,5.0
les_bridge_fing09__d0t3__00003.wav,pedalboard-tanh,les_bridge_fing09,0.002285421,les_neck_pick21__d0t3__00003.wav,lsp-tanh,0,0,3,3,5.0,5.0
les_bridge_fing09__d0t4__00004.wav,pedalboard-tanh,les_bridge_fing09,0.004921794,les_neck_pick21__d0t4__00004.wav,lsp-sine,0,0,4,4,5.0,5.041347474059023
les_bridge_fing09__d1t0__00005.wav,pedalboard-tanh,les_bridge_fing09,0.005045712,les_neck_pick12__d0t4__00004.wav,lsp-arctan,1,0,0,4,9.146047429418331,5.005872107125804
les_bridge_fing09__d1t1__00006.wav,pedalboard-tanh,les_bridge_fing09,0.0015241504,les_neck_fing01__d0t2__00002.wav,lsp-tanh,1,0,1,2,9.146047429418331,5.0
les_bridge_fing09__d1t2__00007.wav,pedalboard-tanh,les_bridge_fing09,0.0031374097,les_neck_pick04__d0t3__00003.wav,byod-mxr,1,0,2,3,9.146047429418331,5.0
les_bridge_fing09__d1t3__00008.wav,pedalboard-tanh,les_bridge_fing09,0.0023614764,les_neck_pick21__d1t3__00008.wav,lsp-tanh,1,1,3,3,9.146047429418331,9.088421535688989
les_bridge_fing09__d1t4__00009.wav,pedalboard-tanh,les_bridge_fing09,0.0012105107,les_neck_pick21__d0t4__00004.wav,lsp-tanh,1,0,4,4,9.146047429418331,5.0
les_bridge_fing09__d2t0__00010.wav,pedalboard-tanh,les_bridge_fing09,0.0034113526,les_neck_fing15__d0t3__00003.wav,lsp-tanh,2,0,0,3,13.296816138037473,5.0
les_bridge_fing09__d2t1__00011.wav,pedalboard-tanh,les_bridge_fing09,0.0017493963,les_neck_pick21__d1t2__00007.wav,lsp-tanh,2,1,1,2,13.296816138037473,9.088421535688989
les_bridge_fing09__d2t2__00012.wav,pedalboard-tanh,les_bridge_fing09,0.0020317435,les_neck_pick21__d0t3__00003.wav,lsp-arctan,2,0,2,3,13.296816138037473,5.005872107125804
les_bridge_fing09__d2t3__00013.wav,pedalboard-tanh,les_bridge_fing09,0.003400743,les_neck_pick21__d0t4__00004.wav,lsp-hardclip,2,0,3,4,13.296816138037473,5.063331073032135
les_bridge_fing09__d2t4__00014.wav,pedalboard-tanh,les_bridge_fing09,0.0018208623,les_neck_pick21__d1t4__00009.wav,byod-mxr,2,1,4,4,13.296816138037473,9.107670514338215
les_bridge_fing09__d3t0__00015.wav,pedalboard-tanh,les_bridge_fing09,0.001440227,les_bridge_fing24__d0t4__00004.wav,lsp-arctan,3,0,0,4,17.454399305827287,5.005872107125804
les_bridge_fing09__d3t1__00016.wav,pedalboard-tanh,les_bridge_fing09,0.0008023977,les_neck_pick05__d0t2__00002.wav,lsp-hardclip,3,0,1,2,17.454399305827287,5.063331073032135
les_bridge_fing09__d3t2__00017.wav,pedalboard-tanh,les_bridge_fing09,0.0009250045,les_neck_pick05__d1t3__00008.wav,byod-mxr,3,1,2,3,17.454399305827287,9.107670514338215
les_bridge_fing09__d3t3__00018.wav,pedalboard-tanh,les_bridge_fing09,0.0030633807,les_neck_pick05__d2t4__00014.wav,byod-mxr,3,2,3,4,17.454399305827287,13.292365801948186
les_bridge_fing09__d3t4__00019.wav,pedalboard-tanh,les_bridge_fing09,0.006527722,les_neck_pick21__d3t4__00019.wav,lsp-sine,3,3,4,4,17.454399305827287,17.46073355198249
les_bridge_fing09__d4t0__00020.wav,pedalboard-tanh,les_bridge_fing09,0.008505523,les_bridge_pick16__d1t3__00008.wav,lsp-hardclip,4,1,0,3,21.61638024087312,9.35456396552498
les_bridge_fing09__d4t1__00021.wav,pedalboard-tanh,les_bridge_fing09,0.0068659782,les_neck_pick05__d4t2__00022.wav,lsp-hardclip,4,4,1,2,21.61638024087312,21.54643860361127
les_bridge_fing09__d4t2__00022.wav,pedalboard-tanh,les_bridge_fing09,0.0017479658,les_neck_pick02__d4t4__00024.wav,byod-mxr,4,4,2,4,21.61638024087312,21.62039317761596
les_bridge_fing09__d4t3__00023.wav,pedalboard-tanh,les_bridge_fing09,0.0058286786,les_bridge_pick16__d5t4__00029.wav,lsp-sine,4,5,3,4,21.61638024087312,25.7855895742644
les_bridge_fing09__d4t4__00024.wav,pedalboard-tanh,les_bridge_fing09,0.006664276,les_neck_pick14__d5t4__00029.wav,lsp-sine,4,5,4,4,21.61638024087312,25.7855895742644
les_bridge_fing09__d5t0__00025.wav,pedalboard-tanh,les_bridge_fing09,0.011776507,les_neck_pick07__d5t3__00028.wav,lsp-hardclip,5,5,0,3,25.782351420955937,25.79865436059077
les_bridge_fing09__d5t1__00026.wav,pedalboard-tanh,les_bridge_fing09,0.0073159933,les_neck_pick03__d5t3__00028.wav,byod-bigmuff,5,5,1,3,25.782351420955937,25.77210742134771
les_bridge_fing09__d5t2__00027.wav,pedalboard-tanh,les_bridge_fing09,0.0024414659,les_neck_fing01__d5t4__00029.wav,lsp-hardclip,5,5,2,4,25.782351420955937,25.79865436059077
les_bridge_fing09__d5t3__00028.wav,pedalboard-tanh,les_bridge_fing09,0.0018178225,les_neck_fing01__d6t4__00034.wav,byod-mxr,5,6,3,4,25.782351420955937,29.91150927100104
les_bridge_fing09__d5t4__00029.wav,pedalboard-tanh,les_bridge_fing09,0.001699686,les_neck_fing01__d7t4__00039.wav,byod-mxr,5,7,4,4,25.782351420955937,34.08156088036171
les_bridge_fing09__d6t0__00030.wav,pedalboard-tanh,les_bridge_fing09,0.0064606667,les_neck_pick02__d3t4__00019.wav,byod-bigmuff,6,3,0,4,29.92239131554786,17.442946393617085
les_bridge_fing09__d6t1__00031.wav,pedalboard-tanh,les_bridge_fing09,0.0036448836,les_bridge_pick22__d6t4__00034.wav,byod-mxr,6,6,1,4,29.92239131554786,29.91150927100104
les_bridge_fing09__d6t2__00032.wav,pedalboard-tanh,les_bridge_fing09,0.002294004,les_neck_pick04__d7t3__00038.wav,lsp-tanh,6,7,2,3,29.92239131554786,34.0729352593394
les_bridge_fing09__d6t3__00033.wav,pedalboard-tanh,les_bridge_fing09,0.0007683039,les_neck_fing01__d7t4__00039.wav,lsp-sine,6,7,3,4,29.92239131554786,34.094517939627885
les_bridge_fing09__d6t4__00034.wav,pedalboard-tanh,les_bridge_fing09,0.0027863383,les_neck_fing01__d7t4__00039.wav,lsp-tanh,6,7,4,4,29.92239131554786,34.0729352593394
les_bridge_fing09__d7t0__00035.wav,pedalboard-tanh,les_bridge_fing09,0.010222793,les_neck_pick07__d7t3__00038.wav,byod-mxr,7,7,0,3,34.075823464139134,34.08156088036171
les_bridge_fing09__d7t1__00036.wav,pedalboard-tanh,les_bridge_fing09,0.002795577,les_bridge_pick17__d6t4__00034.wav,byod-mxr,7,6,1,4,34.075823464139134,29.91150927100104
les_bridge_fing09__d7t2__00037.wav,pedalboard-tanh,les_bridge_fing09,0.0015550852,les_neck_pick04__d7t4__00039.wav,lsp-arctan,7,7,2,4,34.075823464139134,34.09435618625095
les_bridge_fing09__d7t3__00038.wav,pedalboard-tanh,les_bridge_fing09,0.0014580488,les_neck_pick14__d7t4__00039.wav,lsp-tanh,7,7,3,4,34.075823464139134,34.0729352593394
les_bridge_fing09__d7t4__00039.wav,pedalboard-tanh,les_bridge_fing09,0.0041032434,les_neck_pick14__d7t4__00039.wav,lsp-sine,7,7,4,4,34.075823464139134,34.094517939627885
les_bridge_fing11__d0t0__00000.wav,pedalboard-tanh,les_bridge_fing11,0.00026583672,les_bridge_fing20__d2t0__00010.wav,lsp-hardclip,0,2,0,0,5.0,13.55142968534178
les_bridge_fing11__d0t1__00001.wav,pedalboard-tanh,les_bridge_fing11,0.0007968545,les_bridge_fing20__d0t1__00001.wav,lsp-hardclip,0,0,1,1,5.0,5.063331073032135
les_bridge_fing11__d0t2__00002.wav,pedalboard-tanh,les_bridge_fing11,0.0012842417,les_bridge_pick25__d1t2__00007.wav,lsp-sine,0,1,2,2,5.0,9.202349861352678
les_bridge_fing11__d0t3__00003.wav,pedalboard-tanh,les_bridge_fing11,0.0022767186,les_neck_pick05__d0t1__00001.wav,lsp-hardclip,0,0,3,1,5.0,5.063331073032135
les_bridge_fing11__d0t4__00004.wav,pedalboard-tanh,les_bridge_fing11,0.003434062,les_bridge_pick22__d1t4__00009.wav,lsp-arctan,0,1,4,4,5.0,9.170316408518453
les_bridge_fing11__d1t0__00005.wav,pedalboard-tanh,les_bridge_fing11,0.00034618378,les_bridge_pick25__d2t0__00010.wav,lsp-arctan,1,2,0,0,9.146047429418331,13.270071970821393
les_bridge_fing11__d1t1__00006.wav,pedalboard-tanh,les_bridge_fing11,0.00083673,les_bridge_fing20__d1t1__00006.wav,lsp-hardclip,1,1,1,1,9.146047429418331,9.35456396552498
les_bridge_fing11__d1t2__00007.wav,pedalboard-tanh,les_bridge_fing11,0.0015192628,les_bridge_pick22__d1t2__00007.wav,byod-mxr,1,1,2,2,9.146047429418331,9.107670514338215
les_bridge_fing11__d1t3__00008.wav,pedalboard-tanh,les_bridge_fing11,0.0017626286,les_bridge_pick22__d1t3__00008.wav,byod-mxr,1,1,3,3,9.146047429418331,9.107670514338215
les_bridge_fing11__d1t4__00009.wav,pedalboard-tanh,les_bridge_fing11,0.0032104254,les_bridge_pick22__d1t4__00009.wav,byod-mxr,1,1,4,4,9.146047429418331,9.107670514338215
les_bridge_fing11__d2t0__00010.wav,pedalboard-tanh,les_bridge_fing11,0.00055515766,les_bridge_fing24__d2t0__00010.wav,byod-mxr,2,2,0,0,13.296816138037473,13.292365801948186
les_bridge_fing11__d2t1__00011.wav,pedalboard-tanh,les_bridge_fing11,0.0008779764,les_bridge_pick22__d2t1__00011.wav,lsp-arctan,2,2,1,1,13.296816138037473,13.270071970821393
les_bridge_fing11__d2t2__00012.wav,pedalboard-tanh,les_bridge_fing11,0.0019113421,les_bridge_pick22__d2t2__00012.wav,lsp-sine,2,2,2,2,13.296816138037473,13.251366385956809
les_bridge_fing11__d2t3__00013.wav,pedalboard-tanh,les_bridge_fing11,0.0020589828,les_bridge_pick22__d2t3__00013.wav,lsp-tanh,2,2,3,3,13.296816138037473,13.297259315581634
les_bridge_fing11__d2t4__00014.wav,pedalboard-tanh,les_bridge_fing11,0.0026973486,les_bridge_fing20__d2t4__00014.wav,lsp-tanh,2,2,4,4,13.296816138037473,13.297259315581634
les_bridge_fing11__d3t0__00015.wav,pedalboard-tanh,les_bridge_fing11,0.000521183,les_bridge_pick25__d3t0__00015.wav,lsp-sine,3,3,0,0,17.454399305827287,17.46073355198249
les_bridge_fing11__d3t1__00016.wav,pedalboard-tanh,les_bridge_fing11,0.0013875961,les_bridge_pick22__d3t1__00016.wav,lsp-tanh,3,3,1,1,17.454399305827287,17.426284440144894
les_bridge_fing11__d3t2__00017.wav,pedalboard-tanh,les_bridge_fing11,0.0027672052,les_bridge_pick22__d3t2__00017.wav,lsp-sine,3,3,2,2,17.454399305827287,17.46073355198249
les_bridge_fing11__d3t3__00018.wav,pedalboard-tanh,les_bridge_fing11,0.004568517,les_bridge_pick22__d3t3__00018.wav,lsp-tanh,3,3,3,3,17.454399305827287,17.426284440144894
les_bridge_fing11__d3t4__00019.wav,pedalboard-tanh,les_bridge_fing11,0.006884277,les_neck_pick11__d3t3__00018.wav,lsp-sine,3,3,4,3,17.454399305827287,17.46073355198249
les_bridge_fing11__d4t0__00020.wav,pedalboard-tanh,les_bridge_fing11,0.0012253523,les_bridge_fing24__d4t0__00020.wav,byod-mxr,4,4,0,0,21.61638024087312,21.62039317761596
les_bridge_fing11__d4t1__00021.wav,pedalboard-tanh,les_bridge_fing11,0.005652666,les_neck_pick11__d4t1__00021.wav,byod-mxr,4,4,1,1,21.61638024087312,21.62039317761596
les_bridge_fing11__d4t2__00022.wav,pedalboard-tanh,les_bridge_fing11,0.0017481446,les_bridge_fing17__d4t1__00021.wav,lsp-arctan,4,4,2,1,21.61638024087312,21.613326710488973
les_bridge_fing11__d4t3__00023.wav,pedalboard-tanh,les_bridge_fing11,0.0026811957,les_bridge_fing17__d4t2__00022.wav,lsp-arctan,4,4,3,2,21.61638024087312,21.613326710488973
les_bridge_fing11__d4t4__00024.wav,pedalboard-tanh,les_bridge_fing11,0.0030449629,les_neck_fing01__d4t2__00022.wav,lsp-tanh,4,4,4,2,21.61638024087312,21.61115826291455
les_bridge_fing11__d5t0__00025.wav,pedalboard-tanh,les_bridge_fing11,0.0033442378,les_bridge_fing24__d5t0__00025.wav,byod-mxr,5,5,0,0,25.782351420955937,25.779078975465445
les_bridge_fing11__d5t1__00026.wav,pedalboard-tanh,les_bridge_fing11,0.0019410849,les_bridge_fing17__d5t0__00025.wav,byod-mxr,5,5,1,0,25.782351420955937,25.779078975465445
les_bridge_fing11__d5t2__00027.wav,pedalboard-tanh,les_bridge_fing11,0.0039520264,les_neck_pick12__d5t3__00028.wav,lsp-tanh,5,5,2,3,25.782351420955937,25.766463780707188
les_bridge_fing11__d5t3__00028.wav,pedalboard-tanh,les_bridge_fing11,0.0031883717,les_neck_pick03__d5t3__00028.wav,lsp-sine,5,5,3,3,25.782351420955937,25.7855895742644
les_bridge_fing11__d5t4__00029.wav,pedalboard-tanh,les_bridge_fing11,0.0028726459,les_neck_pick03__d5t4__00029.wav,lsp-arctan,5,5,4,4,25.782351420955937,25.788497067568912
les_bridge_fing11__d6t0__00030.wav,pedalboard-tanh,les_bridge_fing11,0.0023417473,les_bridge_pick25__d6t0__00030.wav,byod-mxr,6,6,0,0,29.92239131554786,29.91150927100104
les_bridge_fing11__d6t1__00031.wav,pedalboard-tanh,les_bridge_fing11,0.0024283528,les_bridge_pick17__d6t1__00031.wav,lsp-hardclip,6,6,1,1,29.92239131554786,29.908667593492765
les_bridge_fing11__d6t2__00032.wav,pedalboard-tanh,les_bridge_fing11,0.0048279166,les_bridge_fing21__d6t3__00033.wav,lsp-tanh,6,6,2,3,29.92239131554786,29.89601395521624
les_bridge_fing11__d6t3__00033.wav,pedalboard-tanh,les_bridge_fing11,0.0021979213,les_neck_pick03__d6t4__00034.wav,lsp-arctan,6,6,3,4,29.92239131554786,29.91872954355242
les_bridge_fing11__d6t4__00034.wav,pedalboard-tanh,les_bridge_fing11,0.0012620091,les_neck_pick05__d7t3__00038.wav,byod-mxr,6,7,4,3,29.92239131554786,34.08156088036171
les_bridge_fing11__d7t0__00035.wav,pedalboard-tanh,les_bridge_fing11,0.002065599,les_bridge_pick22__d7t1__00036.wav,byod-mxr,7,7,0,1,34.075823464139134,34.08156088036171
les_bridge_fing11__d7t1__00036.wav,pedalboard-tanh,les_bridge_fing11,0.0022756457,les_bridge_pick22__d7t2__00037.wav,lsp-hardclip,7,7,1,2,34.075823464139134,34.07942205160116
les_bridge_fing11__d7t2__00037.wav,pedalboard-tanh,les_bridge_fing11,0.0014078021,les_bridge_pick22__d7t3__00038.wav,lsp-sine,7,7,2,3,34.075823464139134,34.094517939627885
les_bridge_fing11__d7t3__00038.wav,pedalboard-tanh,les_bridge_fing11,0.0010356903,les_neck_pick03__d7t4__00039.wav,lsp-arctan,7,7,3,4,34.075823464139134,34.09435618625095
les_bridge_fing11__d7t4__00039.wav,pedalboard-tanh,les_bridge_fing11,0.0012167692,les_bridge_pick25__d7t4__00039.wav,lsp-sine,7,7,4,4,34.075823464139134,34.094517939627885
les_bridge_fing16__d0t0__00000.wav,pedalboard-tanh,les_bridge_fing16,0.002176702,les_neck_pick12__d0t3__00003.wav,lsp-sine,0,0,0,3,5.0,5.041347474059023
les_bridge_fing16__d0t1__00001.wav,pedalboard-tanh,les_bridge_fing16,0.0023351312,les_neck_fing15__d0t3__00003.wav,lsp-arctan,0,0,1,3,5.0,5.005872107125804
les_bridge_fing16__d0t2__00002.wav,pedalboard-tanh,les_bridge_fing16,0.0042316318,les_neck_pick21__d1t2__00007.wav,lsp-sine,0,1,2,2,5.0,9.202349861352678
les_bridge_fing16__d0t3__00003.wav,pedalboard-tanh,les_bridge_fing16,0.00070798397,les_neck_pick02__d0t4__00004.wav,lsp-sine,0,0,3,4,5.0,5.041347474059023
les_bridge_fing16__d0t4__00004.wav,pedalboard-tanh,les_bridge_fing16,0.0029526353,les_neck_fing01__d1t4__00009.wav,lsp-arctan,0,1,4,4,5.0,9.170316408518453
les_bridge_fing16__d1t0__00005.wav,pedalboard-tanh,les_bridge_fing16,0.0022111535,les_bridge_pick25__d0t2__00002.wav,lsp-sine,1,0,0,2,9.146047429418331,5.041347474059023
les_bridge_fing16__d1t1__00006.wav,pedalboard-tanh,les_bridge_fing16,0.002726853,les_neck_fing15__d1t3__00008.wav,lsp-arctan,1,1,1,3,9.146047429418331,9.170316408518453
les_bridge_fing16__d1t2__00007.wav,pedalboard-tanh,les_bridge_fing16,0.0015276074,les_neck_pick02__d0t3__00003.wav,lsp-tanh,1,0,2,3,9.146047429418331,5.0
les_bridge_fing16__d1t3__00008.wav,pedalboard-tanh,les_bridge_fing16,0.0006735325,les_neck_pick02__d1t4__00009.wav,lsp-sine,1,1,3,4,9.146047429418331,9.202349861352678
les_bridge_fing16__d1t4__00009.wav,pedalboard-tanh,les_bridge_fing16,0.0027981997,les_neck_pick05__d0t4__00004.wav,lsp-sine,1,0,4,4,9.146047429418331,5.041347474059023
les_bridge_fing16__d2t0__00010.wav,pedalboard-tanh,les_bridge_fing16,0.0011809468,les_neck_pick04__d2t1__00011.wav,lsp-arctan,2,2,0,1,13.296816138037473,13.270071970821393
les_bridge_fing16__d2t1__00011.wav,pedalboard-tanh,les_bridge_fing16,0.0012731552,les_bridge_fing17__d0t2__00002.wav,lsp-arctan,2,0,1,2,13.296816138037473,5.005872107125804
les_bridge_fing16__d2t2__00012.wav,pedalboard-tanh,les_bridge_fing16,0.0011255145,les_neck_fing01__d1t3__00008.wav,lsp-sine,2,1,2,3,13.296816138037473,9.202349861352678
les_bridge_fing16__d2t3__00013.wav,pedalboard-tanh,les_bridge_fing16,0.0010693669,les_neck_fing01__d2t4__00014.wav,lsp-arctan,2,2,3,4,13.296816138037473,13.270071970821393
les_bridge_fing16__d2t4__00014.wav,pedalboard-tanh,les_bridge_fing16,0.0027903914,les_neck_pick21__d1t4__00009.wav,byod-mxr,2,1,4,4,13.296816138037473,9.107670514338215
les_bridge_fing16__d3t0__00015.wav,pedalboard-tanh,les_bridge_fing16,0.00087708235,les_bridge_fing24__d0t3__00003.wav,byod-mxr,3,0,0,3,17.454399305827287,5.0
les_bridge_fing16__d3t1__00016.wav,pedalboard-tanh,les_bridge_fing16,0.002358079,les_neck_fing01__d2t2__00012.wav,lsp-sine,3,2,1,2,17.454399305827287,13.251366385956809
les_bridge_fing16__d3t2__00017.wav,pedalboard-tanh,les_bridge_fing16,0.002162695,les_neck_pick05__d2t3__00013.wav,lsp-hardclip,3,2,2,3,17.454399305827287,13.55142968534178
les_bridge_fing16__d3t3__00018.wav,pedalboard-tanh,les_bridge_fing16,0.0014080405,les_neck_pick05__d2t4__00014.wav,byod-mxr,3,2,3,4,17.454399305827287,13.292365801948186
les_bridge_fing16__d3t4__00019.wav,pedalboard-tanh,les_bridge_fing16,0.0029593706,les_neck_pick21__d3t4__00019.wav,lsp-arctan,3,3,4,4,17.454399305827287,17.436825605717576
les_bridge_fing16__d4t0__00020.wav,pedalboard-tanh,les_bridge_fing16,0.0056036115,les_bridge_fing24__d2t4__00014.wav,lsp-tanh,4,2,0,4,21.61638024087312,13.297259315581634
les_bridge_fing16__d4t1__00021.wav,pedalboard-tanh,les_bridge_fing16,0.005497098,les_neck_pick04__d3t3__00018.wav,lsp-tanh,4,3,1,3,21.61638024087312,17.426284440144894
les_bridge_fing16__d4t2__00022.wav,pedalboard-tanh,les_bridge_fing16,0.0015507936,les_neck_pick02__d3t4__00019.wav,byod-mxr,4,3,2,4,21.61638024087312,17.452308155418716
les_bridge_fing16__d4t3__00023.wav,pedalboard-tanh,les_bridge_fing16,0.0036858916,les_neck_pick05__d4t4__00024.wav,byod-mxr,4,4,3,4,21.61638024087312,21.62039317761596
les_bridge_fing16__d4t4__00024.wav,pedalboard-tanh,les_bridge_fing16,0.0051041245,les_neck_pick21__d4t4__00024.wav,lsp-tanh,4,4,4,4,21.61638024087312,21.61115826291455
les_bridge_fing16__d5t0__00025.wav,pedalboard-tanh,les_bridge_fing16,0.012858927,les_bridge_fing24__d4t4__00024.wav,lsp-hardclip,5,4,0,4,25.782351420955937,21.54643860361127
les_bridge_fing16__d5t1__00026.wav,pedalboard-tanh,les_bridge_fing16,0.008471668,les_neck_pick03__d4t4__00024.wav,lsp-arctan,5,4,1,4,25.782351420955937,21.613326710488973
les_bridge_fing16__d5t2__00027.wav,pedalboard-tanh,les_bridge_fing16,0.0025090575,les_neck_fing01__d4t4__00024.wav,byod-mxr,5,4,2,4,25.782351420955937,21.62039317761596
les_bridge_fing16__d5t3__00028.wav,pedalboard-tanh,les_bridge_fing16,0.005877733,les_neck_pick05__d5t4__00029.wav,byod-mxr,5,5,3,4,25.782351420955937,25.779078975465445
les_bridge_fing16__d5t4__00029.wav,pedalboard-tanh,les_bridge_fing16,0.0054780245,les_neck_pick14__d5t4__00029.wav,lsp-sine,5,5,4,4,25.782351420955937,25.7855895742644
les_bridge_fing16__d6t0__00030.wav,pedalboard-tanh,les_bridge_fing16,0.015128136,les_bridge_pick16__d5t3__00028.wav,byod-bigmuff,6,5,0,3,29.92239131554786,25.77210742134771
les_bridge_fing16__d6t1__00031.wav,pedalboard-tanh,les_bridge_fing16,0.0052115917,les_neck_pick05__d6t2__00032.wav,byod-mxr,6,6,1,2,29.92239131554786,29.91150927100104
les_bridge_fing16__d6t2__00032.wav,pedalboard-tanh,les_bridge_fing16,0.0039428473,les_neck_pick05__d5t4__00029.wav,lsp-arctan,6,5,2,4,29.92239131554786,25.788497067568912
les_bridge_fing16__d6t3__00033.wav,pedalboard-tanh,les_bridge_fing16,0.0016852021,les_neck_fing01__d6t4__00034.wav,byod-mxr,6,6,3,4,29.92239131554786,29.91150927100104
les_bridge_fing16__d6t4__00034.wav,pedalboard-tanh,les_bridge_fing16,0.0019901395,les_bridge_fing20__d6t4__00034.wav,lsp-tanh,6,6,4,4,29.92239131554786,29.89601395521624
les_bridge_fing16__d7t0__00035.wav,pedalboard-tanh,les_bridge_fing16,0.008461535,les_neck_pick21__d7t2__00037.wav,byod-mxr,7,7,0,2,34.075823464139134,34.08156088036171
les_bridge_fing16__d7t1__00036.wav,pedalboard-tanh,les_bridge_fing16,0.001539886,les_neck_pick05__d6t3__00033.wav,lsp-sine,7,6,1,3,34.075823464139134,29.915327656251563
les_bridge_fing16__d7t2__00037.wav,pedalboard-tanh,les_bridge_fing16,0.001948595,les_neck_pick21__d7t4__00039.wav,byod-mxr,7,7,2,4,34.075823464139134,34.08156088036171
les_bridge_fing16__d7t3__00038.wav,pedalboard-tanh,les_bridge_fing16,0.0022447705,les_neck_pick04__d7t4__00039.wav,lsp-tanh,7,7,3,4,34.075823464139134,34.0729352593394
les_bridge_fing16__d7t4__00039.wav,pedalboard-tanh,les_bridge_fing16,0.006398022,les_neck_pick14__d7t4__00039.wav,lsp-tanh,7,7,4,4,34.075823464139134,34.0729352593394
les_bridge_fing18__d0t0__00000.wav,pedalboard-tanh,les_bridge_fing18,0.00055497885,les_bridge_pick25__d0t0__00000.wav,byod-mxr,0,0,0,0,5.0,5.0
les_bridge_fing18__d0t1__00001.wav,pedalboard-tanh,les_bridge_fing18,0.0006517172,les_bridge_pick17__d0t0__00000.wav,lsp-tanh,0,0,1,0,5.0,5.0
les_bridge_fing18__d0t2__00002.wav,pedalboard-tanh,les_bridge_fing18,0.0016057491,les_bridge_pick22__d0t2__00002.wav,byod-mxr,0,0,2,2,5.0,5.0
les_bridge_fing18__d0t3__00003.wav,pedalboard-tanh,les_bridge_fing18,0.0020572543,les_bridge_pick22__d0t3__00003.wav,byod-mxr,0,0,3,3,5.0,5.0
les_bridge_fing18__d0t4__00004.wav,pedalboard-tanh,les_bridge_fing18,0.0028588772,les_bridge_pick16__d1t4__00009.wav,lsp-sine,0,1,4,4,5.0,9.202349861352678
les_bridge_fing18__d1t0__00005.wav,pedalboard-tanh,les_bridge_fing18,0.0006546974,les_bridge_pick25__d2t0__00010.wav,lsp-hardclip,1,2,0,0,9.146047429418331,13.55142968534178
les_bridge_fing18__d1t1__00006.wav,pedalboard-tanh,les_bridge_fing18,0.0005443692,les_bridge_pick25__d1t1__00006.wav,byod-mxr,1,1,1,1,9.146047429418331,9.107670514338215
les_bridge_fing18__d1t2__00007.wav,pedalboard-tanh,les_bridge_fing18,0.0018928051,les_bridge_pick25__d0t2__00002.wav,lsp-hardclip,1,0,2,2,9.146047429418331,5.063331073032135
les_bridge_fing18__d1t3__00008.wav,pedalboard-tanh,les_bridge_fing18,0.002916038,les_neck_pick05__d1t1__00006.wav,byod-mxr,1,1,3,1,9.146047429418331,9.107670514338215
les_bridge_fing18__d1t4__00009.wav,pedalboard-tanh,les_bridge_fing18,0.0026800632,les_bridge_pick22__d1t4__00009.wav,lsp-sine,1,1,4,4,9.146047429418331,9.202349861352678
les_bridge_fing18__d2t0__00010.wav,pedalboard-tanh,les_bridge_fing18,0.0021774769,les_bridge_fing21__d2t1__00011.wav,byod-mxr,2,2,0,1,13.296816138037473,13.292365801948186
les_bridge_fing18__d2t1__00011.wav,pedalboard-tanh,les_bridge_fing18,0.0026661158,les_bridge_fing21__d1t2__00007.wav,byod-mxr,2,1,1,2,13.296816138037473,9.107670514338215
les_bridge_fing18__d2t2__00012.wav,pedalboard-tanh,les_bridge_fing18,0.0036753416,les_neck_pick02__d2t1__00011.wav,byod-mxr,2,2,2,1,13.296816138037473,13.292365801948186
les_bridge_fing18__d2t3__00013.wav,pedalboard-tanh,les_bridge_fing18,0.003559649,les_bridge_pick17__d2t3__00013.wav,lsp-arctan,2,2,3,3,13.296816138037473,13.270071970821393
les_bridge_fing18__d2t4__00014.wav,pedalboard-tanh,les_bridge_fing18,0.0038195252,les_bridge_pick17__d1t4__00009.wav,byod-mxr,2,1,4,4,13.296816138037473,9.107670514338215
les_bridge_fing18__d3t0__00015.wav,pedalboard-tanh,les_bridge_fing18,0.0036230683,les_neck_pick09__d2t0__00010.wav,lsp-arctan,3,2,0,0,17.454399305827287,13.270071970821393
les_bridge_fing18__d3t1__00016.wav,pedalboard-tanh,les_bridge_fing18,0.0040584207,les_neck_pick11__d2t1__00011.wav,lsp-tanh,3,2,1,1,17.454399305827287,13.297259315581634
les_bridge_fing18__d3t2__00017.wav,pedalboard-tanh,les_bridge_fing18,0.003252089,les_bridge_pick17__d3t2__00017.wav,lsp-arctan,3,3,2,2,17.454399305827287,17.436825605717576
les_bridge_fing18__d3t3__00018.wav,pedalboard-tanh,les_bridge_fing18,0.0029467344,les_bridge_pick25__d3t3__00018.wav,byod-mxr,3,3,3,3,17.454399305827287,17.452308155418716
les_bridge_fing18__d3t4__00019.wav,pedalboard-tanh,les_bridge_fing18,0.008157313,les_bridge_pick16__d3t4__00019.wav,lsp-sine,3,3,4,4,17.454399305827287,17.46073355198249
les_bridge_fing18__d4t0__00020.wav,pedalboard-tanh,les_bridge_fing18,0.0032237172,les_neck_pick09__d4t0__00020.wav,lsp-tanh,4,4,0,0,21.61638024087312,21.61115826291455
les_bridge_fing18__d4t1__00021.wav,pedalboard-tanh,les_bridge_fing18,0.0051694512,les_neck_pick09__d4t1__00021.wav,lsp-sine,4,4,1,1,21.61638024087312,21.652716208419097
les_bridge_fing18__d4t2__00022.wav,pedalboard-tanh,les_bridge_fing18,0.006104946,les_bridge_pick22__d3t3__00018.wav,lsp-sine,4,3,2,3,21.61638024087312,17.46073355198249
les_bridge_fing18__d4t3__00023.wav,pedalboard-tanh,les_bridge_fing18,0.005781591,les_neck_pick09__d4t3__00023.wav,lsp-sine,4,4,3,3,21.61638024087312,21.652716208419097
les_bridge_fing18__d4t4__00024.wav,pedalboard-tanh,les_bridge_fing18,0.0054399967,les_neck_pick02__d4t3__00023.wav,lsp-tanh,4,4,4,3,21.61638024087312,21.61115826291455
les_bridge_fing18__d5t0__00025.wav,pedalboard-tanh,les_bridge_fing18,0.0033211708,les_neck_pick04__d5t0__00025.wav,lsp-tanh,5,5,0,0,25.782351420955937,25.766463780707188
les_bridge_fing18__d5t1__00026.wav,pedalboard-tanh,les_bridge_fing18,0.00910759,les_neck_pick09__d3t3__00018.wav,byod-bigmuff,5,3,1,3,25.782351420955937,17.442946393617085
les_bridge_fing18__d5t2__00027.wav,pedalboard-tanh,les_bridge_fing18,0.007245779,les_neck_pick02__d5t2__00027.wav,lsp-sine,5,5,2,2,25.782351420955937,25.7855895742644
les_bridge_fing18__d5t3__00028.wav,pedalboard-tanh,les_bridge_fing18,0.0035744905,les_bridge_fing20__d5t3__00028.wav,lsp-sine,5,5,3,3,25.782351420955937,25.7855895742644
les_bridge_fing18__d5t4__00029.wav,pedalboard-tanh,les_bridge_fing18,0.0041600466,les_bridge_fing20__d5t4__00029.wav,lsp-tanh,5,5,4,4,25.782351420955937,25.766463780707188
les_bridge_fing18__d6t0__00030.wav,pedalboard-tanh,les_bridge_fing18,0.005574167,les_bridge_pick17__d5t1__00026.wav,lsp-arctan,6,5,0,1,29.92239131554786,25.788497067568912
les_bridge_fing18__d6t1__00031.wav,pedalboard-tanh,les_bridge_fing18,0.008807242,les_bridge_fing21__d5t3__00028.wav,lsp-arctan,6,5,1,3,29.92239131554786,25.788497067568912
les_bridge_fing18__d6t2__00032.wav,pedalboard-tanh,les_bridge_fing18,0.003952265,les_neck_pick04__d6t2__00032.wav,lsp-tanh,6,6,2,2,29.92239131554786,29.89601395521624
les_bridge_fing18__d6t3__00033.wav,pedalboard-tanh,les_bridge_fing18,0.0038140416,les_neck_pick02__d6t4__00034.wav,lsp-hardclip,6,6,3,4,29.92239131554786,29.908667593492765
les_bridge_fing18__d6t4__00034.wav,pedalboard-tanh,les_bridge_fing18,0.0014280677,les_neck_fing01__d7t3__00038.wav,lsp-arctan,6,7,4,3,29.92239131554786,34.09435618625095
les_bridge_fing18__d7t0__00035.wav,pedalboard-tanh,les_bridge_fing18,0.0057939887,les_neck_pick05__d6t1__00031.wav,lsp-arctan,7,6,0,1,34.075823464139134,29.91872954355242
les_bridge_fing18__d7t1__00036.wav,pedalboard-tanh,les_bridge_fing18,0.0038490891,les_neck_fing01__d7t1__00036.wav,lsp-arctan,7,7,1,1,34.075823464139134,34.09435618625095
les_bridge_fing18__d7t2__00037.wav,pedalboard-tanh,les_bridge_fing18,0.0013810396,les_neck_fing01__d7t2__00037.wav,lsp-arctan,7,7,2,2,34.075823464139134,34.09435618625095
les_bridge_fing18__d7t3__00038.wav,pedalboard-tanh,les_bridge_fing18,0.0015864372,les_bridge_fing20__d7t3__00038.wav,lsp-arctan,7,7,3,3,34.075823464139134,34.09435618625095
les_bridge_fing18__d7t4__00039.wav,pedalboard-tanh,les_bridge_fing18,0.0017490983,les_bridge_pick25__d7t4__00039.wav,lsp-hardclip,7,7,4,4,34.075823464139134,34.07942205160116
les_bridge_fing23__d0t0__00000.wav,pedalboard-tanh,les_bridge_fing23,0.0016538501,les_neck_pick12__d0t3__00003.wav,lsp-sine,0,0,0,3,5.0,5.041347474059023
les_bridge_fing23__d0t1__00001.wav,pedalboard-tanh,les_bridge_fing23,0.0023435354,les_neck_fing15__d0t3__00003.wav,lsp-sine,0,0,1,3,5.0,5.041347474059023
les_bridge_fing23__d0t2__00002.wav,pedalboard-tanh,les_bridge_fing23,0.0033195615,les_neck_pick21__d0t2__00002.wav,lsp-tanh,0,0,2,2,5.0,5.0
les_bridge_fing23__d0t3__00003.wav,pedalboard-tanh,les_bridge_fing23,0.005231619,les_neck_pick02__d0t3__00003.wav,lsp-tanh,0,0,3,3,5.0,5.0
les_bridge_fing23__d0t4__00004.wav,pedalboard-tanh,les_bridge_fing23,0.0048115253,les_neck_pick21__d0t3__00003.wav,lsp-tanh,0,0,4,3,5.0,5.0
les_bridge_fing23__d1t0__00005.wav,pedalboard-tanh,les_bridge_fing23,0.0027483106,les_neck_pick12__d0t3__00003.wav,lsp-sine,1,0,0,3,9.146047429418331,5.041347474059023
les_bridge_fing23__d1t1__00006.wav,pedalboard-tanh,les_bridge_fing23,0.0017517805,les_neck_fing15__d0t3__00003.wav,lsp-sine,1,0,1,3,9.146047429418331,5.041347474059023
les_bridge_fing23__d1t2__00007.wav,pedalboard-tanh,les_bridge_fing23,0.0029765964,les_neck_pick21__d0t2__00002.wav,lsp-tanh,1,0,2,2,9.146047429418331,5.0
les_bridge_fing23__d1t3__00008.wav,pedalboard-tanh,les_bridge_fing23,0.003960252,les_neck_fing01__d0t3__00003.wav,lsp-tanh,1,0,3,3,9.146047429418331,5.0
les_bridge_fing23__d1t4__00009.wav,pedalboard-tanh,les_bridge_fing23,0.004313946,les_neck_pick21__d1t3__00008.wav,lsp-arctan,1,1,4,3,9.146047429418331,9.170316408518453
les_bridge_fing23__d2t0__00010.wav,pedalboard-tanh,les_bridge_fing23,0.0022348166,les_bridge_pick22__d0t2__00002.wav,lsp-arctan,2,0,0,2,13.296816138037473,5.005872107125804
les_bridge_fing23__d2t1__00011.wav,pedalboard-tanh,les_bridge_fing23,0.0015621185,les_neck_pick05__d0t1__00001.wav,lsp-arctan,2,0,1,1,13.296816138037473,5.005872107125804
les_bridge_fing23__d2t2__00012.wav,pedalboard-tanh,les_bridge_fing23,0.0035697222,les_neck_pick21__d0t2__00002.wav,lsp-hardclip,2,0,2,2,13.296816138037473,5.063331073032135
les_bridge_fing23__d2t3__00013.wav,pedalboard-tanh,les_bridge_fing23,0.00411731,les_neck_pick14__d1t2__00007.wav,lsp-tanh,2,1,3,2,13.296816138037473,9.088421535688989
les_bridge_fing23__d2t4__00014.wav,pedalboard-tanh,les_bridge_fing23,0.004138291,les_neck_pick21__d2t3__00013.wav,lsp-arctan,2,2,4,3,13.296816138037473,13.270071970821393
les_bridge_fing23__d3t0__00015.wav,pedalboard-tanh,les_bridge_fing23,0.0008813739,les_bridge_pick16__d2t2__00012.wav,byod-mxr,3,2,0,2,17.454399305827287,13.292365801948186
les_bridge_fing23__d3t1__00016.wav,pedalboard-tanh,les_bridge_fing23,0.0028569698,les_bridge_pick22__d2t3__00013.wav,lsp-tanh,3,2,1,3,17.454399305827287,13.297259315581634
les_bridge_fing23__d3t2__00017.wav,pedalboard-tanh,les_bridge_fing23,0.003922701,les_neck_pick03__d2t3__00013.wav,lsp-tanh,3,2,2,3,17.454399305827287,13.297259315581634
les_bridge_fing23__d3t3__00018.wav,pedalboard-tanh,les_bridge_fing23,0.0027291179,les_bridge_fing17__d2t4__00014.wav,byod-mxr,3,2,3,4,17.454399305827287,13.292365801948186
les_bridge_fing23__d3t4__00019.wav,pedalboard-tanh,les_bridge_fing23,0.0040993094,les_neck_pick05__d2t4__00014.wav,lsp-hardclip,3,2,4,4,17.454399305827287,13.55142968534178
les_bridge_fing23__d4t0__00020.wav,pedalboard-tanh,les_bridge_fing23,0.0040497184,les_neck_pick02__d2t1__00011.wav,lsp-hardclip,4,2,0,1,21.61638024087312,13.55142968534178
les_bridge_fing23__d4t1__00021.wav,pedalboard-tanh,les_bridge_fing23,0.003304243,les_bridge_pick22__d3t3__00018.wav,lsp-tanh,4,3,1,3,21.61638024087312,17.426284440144894
les_bridge_fing23__d4t2__00022.wav,pedalboard-tanh,les_bridge_fing23,0.0039117336,les_bridge_pick17__d3t4__00019.wav,lsp-sine,4,3,2,4,21.61638024087312,17.46073355198249
les_bridge_fing23__d4t3__00023.wav,pedalboard-tanh,les_bridge_fing23,0.0031525493,les_neck_fing01__d3t4__00019.wav,lsp-sine,4,3,3,4,21.61638024087312,17.46073355198249
les_bridge_fing23__d4t4__00024.wav,pedalboard-tanh,les_bridge_fing23,0.0016597509,les_neck_pick21__d4t4__00024.wav,lsp-sine,4,4,4,4,21.61638024087312,21.652716208419097
les_bridge_fing23__d5t0__00025.wav,pedalboard-tanh,les_bridge_fing23,0.010980368,les_bridge_pick16__d4t2__00022.wav,lsp-hardclip,5,4,0,2,25.782351420955937,21.54643860361127
les_bridge_fing23__d5t1__00026.wav,pedalboard-tanh,les_bridge_fing23,0.002583146,les_bridge_pick17__d5t2__00027.wav,byod-mxr,5,5,1,2,25.782351420955937,25.779078975465445
les_bridge_fing23__d5t2__00027.wav,pedalboard-tanh,les_bridge_fing23,0.0034449697,les_neck_pick09__d5t3__00028.wav,lsp-tanh,5,5,2,3,25.782351420955937,25.766463780707188
les_bridge_fing23__d5t3__00028.wav,pedalboard-tanh,les_bridge_fing23,0.0029093027,les_neck_pick14__d6t2__00032.wav,lsp-hardclip,5,6,3,2,25.782351420955937,29.908667593492765
les_bridge_fing23__d5t4__00029.wav,pedalboard-tanh,les_bridge_fing23,0.0025268793,les_neck_pick14__d6t3__00033.wav,lsp-hardclip,5,6,4,3,25.782351420955937,29.908667593492765
les_bridge_fing23__d6t0__00030.wav,pedalboard-tanh,les_bridge_fing23,0.0048002005,les_neck_pick21__d7t0__00035.wav,byod-mxr,6,7,0,0,29.92239131554786,34.08156088036171
les_bridge_fing23__d6t1__00031.wav,pedalboard-tanh,les_bridge_fing23,0.0036515594,les_bridge_fing21__d7t2__00037.wav,byod-mxr,6,7,1,2,29.92239131554786,34.08156088036171
les_bridge_fing23__d6t2__00032.wav,pedalboard-tanh,les_bridge_fing23,0.0036866665,les_bridge_fing21__d6t4__00034.wav,lsp-arctan,6,6,2,4,29.92239131554786,29.91872954355242
les_bridge_fing23__d6t3__00033.wav,pedalboard-tanh,les_bridge_fing23,0.0011257529,les_neck_pick14__d6t4__00034.wav,byod-bigmuff,6,6,3,4,29.92239131554786,29.9151414217934
les_bridge_fing23__d6t4__00034.wav,pedalboard-tanh,les_bridge_fing23,0.002026081,les_neck_pick14__d7t3__00038.wav,byod-mxr,6,7,4,3,29.92239131554786,34.08156088036171
les_bridge_fing23__d7t0__00035.wav,pedalboard-tanh,les_bridge_fing23,0.012017608,les_bridge_pick17__d7t1__00036.wav,byod-mxr,7,7,0,1,34.075823464139134,34.08156088036171
les_bridge_fing23__d7t1__00036.wav,pedalboard-tanh,les_bridge_fing23,0.0025407672,les_bridge_pick17__d5t4__00029.wav,byod-bigmuff,7,5,1,4,34.075823464139134,25.77210742134771
les_bridge_fing23__d7t2__00037.wav,pedalboard-tanh,les_bridge_fing23,0.0017269254,les_bridge_pick17__d6t4__00034.wav,lsp-tanh,7,6,2,4,34.075823464139134,29.89601395521624
les_bridge_fing23__d7t3__00038.wav,pedalboard-tanh,les_bridge_fing23,0.0020431876,les_bridge_fing20__d7t4__00039.wav,lsp-hardclip,7,7,3,4,34.075823464139134,34.07942205160116
les_bridge_fing23__d7t4__00039.wav,pedalboard-tanh,les_bridge_fing23,0.0027198792,les_neck_pick14__d7t4__00039.wav,lsp-arctan,7,7,4,4,34.075823464139134,34.09435618625095
les_bridge_pick04__d0t0__00000.wav,pedalboard-tanh,les_bridge_pick04,0.0027926564,les_neck_pick12__d0t4__00004.wav,lsp-arctan,0,0,0,4,5.0,5.005872107125804
les_bridge_pick04__d0t1__00001.wav,pedalboard-tanh,les_bridge_pick04,0.0015279055,les_neck_pick04__d0t2__00002.wav,lsp-tanh,0,0,1,2,5.0,5.0
les_bridge_pick04__d0t2__00002.wav,pedalboard-tanh,les_bridge_pick04,0.0015330911,les_neck_pick02__d0t3__00003.wav,lsp-tanh,0,0,2,3,5.0,5.0
les_bridge_pick04__d0t3__00003.wav,pedalboard-tanh,les_bridge_pick04,0.0014287829,les_neck_pick02__d0t4__00004.wav,lsp-sine,0,0,3,4,5.0,5.041347474059023
les_bridge_pick04__d0t4__00004.wav,pedalboard-tanh,les_bridge_pick04,0.0013837218,les_neck_fing01__d1t4__00009.wav,lsp-arctan,0,1,4,4,5.0,9.170316408518453
les_bridge_pick04__d1t0__00005.wav,pedalboard-tanh,les_bridge_pick04,0.0025657415,les_bridge_pick25__d0t3__00003.wav,lsp-sine,1,0,0,3,9.146047429418331,5.041347474059023
les_bridge_pick04__d1t1__00006.wav,pedalboard-tanh,les_bridge_pick04,0.0016251206,les_neck_fing01__d1t2__00007.wav,lsp-tanh,1,1,1,2,9.146047429418331,9.088421535688989
les_bridge_pick04__d1t2__00007.wav,pedalboard-tanh,les_bridge_pick04,0.0010346174,les_neck_pick02__d0t3__00003.wav,byod-mxr,1,0,2,3,9.146047429418331,5.0
les_bridge_pick04__d1t3__00008.wav,pedalboard-tanh,les_bridge_pick04,0.0009998679,les_neck_pick05__d0t3__00003.wav,lsp-arctan,1,0,3,3,9.146047429418331,5.005872107125804
les_bridge_pick04__d1t4__00009.wav,pedalboard-tanh,les_bridge_pick04,0.0030949712,les_neck_fing01__d1t4__00009.wav,lsp-sine,1,1,4,4,9.146047429418331,9.202349861352678
les_bridge_pick04__d2t0__00010.wav,pedalboard-tanh,les_bridge_pick04,0.0024554133,les_bridge_pick17__d0t3__00003.wav,lsp-arctan,2,0,0,3,13.296816138037473,5.005872107125804
les_bridge_pick04__d2t1__00011.wav,pedalboard-tanh,les_bridge_pick04,0.0018969774,les_neck_pick05__d1t2__00007.wav,lsp-sine,2,1,1,2,13.296816138037473,9.202349861352678
les_bridge_pick04__d2t2__00012.wav,pedalboard-tanh,les_bridge_pick04,0.0016880631,les_neck_fing01__d2t3__00013.wav,lsp-arctan,2,2,2,3,13.296816138037473,13.270071970821393
les_bridge_pick04__d2t3__00013.wav,pedalboard-tanh,les_bridge_pick04,0.0012412667,les_neck_fing01__d2t4__00014.wav,byod-mxr,2,2,3,4,13.296816138037473,13.292365801948186
les_bridge_pick04__d2t4__00014.wav,pedalboard-tanh,les_bridge_pick04,0.001916647,les_neck_pick21__d2t4__00014.wav,lsp-tanh,2,2,4,4,13.296816138037473,13.297259315581634
les_bridge_pick04__d3t0__00015.wav,pedalboard-tanh,les_bridge_pick04,0.0022010207,les_bridge_fing24__d1t4__00009.wav,byod-mxr,3,1,0,4,17.454399305827287,9.107670514338215
les_bridge_pick04__d3t1__00016.wav,pedalboard-tanh,les_bridge_pick04,0.0031061769,les_neck_pick05__d2t2__00012.wav,lsp-hardclip,3,2,1,2,17.454399305827287,13.55142968534178
les_bridge_pick04__d3t2__00017.wav,pedalboard-tanh,les_bridge_pick04,0.0020602942,les_bridge_fing17__d2t4__00014.wav,byod-mxr,3,2,2,4,17.454399305827287,13.292365801948186
les_bridge_pick04__d3t3__00018.wav,pedalboard-tanh,les_bridge_pick04,0.0025022626,les_neck_fing01__d3t4__00019.wav,lsp-arctan,3,3,3,4,17.454399305827287,17.436825605717576
les_bridge_pick04__d3t4__00019.wav,pedalboard-tanh,les_bridge_pick04,0.0008673072,les_neck_pick21__d3t4__00019.wav,lsp-sine,3,3,4,4,17.454399305827287,17.46073355198249
les_bridge_pick04__d4t0__00020.wav,pedalboard-tanh,les_bridge_pick04,0.0066254735,les_bridge_pick22__d3t3__00018.wav,byod-mxr,4,3,0,3,21.61638024087312,17.452308155418716
les_bridge_pick04__d4t1__00021.wav,pedalboard-tanh,les_bridge_pick04,0.0027666092,les_bridge_pick17__d3t4__00019.wav,lsp-sine,4,3,1,4,21.61638024087312,17.46073355198249
les_bridge_pick04__d4t2__00022.wav,pedalboard-tanh,les_bridge_pick04,0.0038593411,les_neck_fing01__d3t4__00019.wav,lsp-sine,4,3,2,4,21.61638024087312,17.46073355198249
les_bridge_pick04__d4t3__00023.wav,pedalboard-tanh,les_bridge_pick04,0.0039147735,les_neck_pick21__d4t4__00024.wav,byod-mxr,4,4,3,4,21.61638024087312,21.62039317761596
les_bridge_pick04__d4t4__00024.wav,pedalboard-tanh,les_bridge_pick04,0.0055205226,les_neck_pick14__d4t4__00024.wav,lsp-sine,4,4,4,4,21.61638024087312,21.652716208419097
les_bridge_pick04__d5t0__00025.wav,pedalboard-tanh,les_bridge_pick04,0.006885469,les_bridge_pick16__d5t2__00027.wav,lsp-arctan,5,5,0,2,25.782351420955937,25.788497067568912
les_bridge_pick04__d5t1__00026.wav,pedalboard-tanh,les_bridge_pick04,0.003437996,les_bridge_pick22__d4t4__00024.wav,lsp-tanh,5,4,1,4,25.782351420955937,21.61115826291455
les_bridge_pick04__d5t2__00027.wav,pedalboard-tanh,les_bridge_pick04,0.004529953,les_neck_fing01__d4t4__00024.wav,lsp-sine,5,4,2,4,25.782351420955937,21.652716208419097
les_bridge_pick04__d5t3__00028.wav,pedalboard-tanh,les_bridge_pick04,0.0012952685,les_neck_pick21__d5t4__00029.wav,lsp-tanh,5,5,3,4,25.782351420955937,25.766463780707188
les_bridge_pick04__d5t4__00029.wav,pedalboard-tanh,les_bridge_pick04,0.004749775,les_neck_pick14__d5t4__00029.wav,lsp-sine,5,5,4,4,25.782351420955937,25.7855895742644
les_bridge_pick04__d6t0__00030.wav,pedalboard-tanh,les_bridge_pick04,0.0112995505,les_neck_pick12__d5t4__00029.wav,lsp-hardclip,6,5,0,4,29.92239131554786,25.79865436059077
les_bridge_pick04__d6t1__00031.wav,pedalboard-tanh,les_bridge_pick04,0.007568598,les_bridge_pick25__d5t4__00029.wav,byod-mxr,6,5,1,4,29.92239131554786,25.779078975465445
les_bridge_pick04__d6t2__00032.wav,pedalboard-tanh,les_bridge_pick04,0.005013168,les_bridge_pick22__d6t4__00034.wav,lsp-sine,6,6,2,4,29.92239131554786,29.915327656251563
les_bridge_pick04__d6t3__00033.wav,pedalboard-tanh,les_bridge_pick04,0.0034986138,les_bridge_pick16__d6t4__00034.wav,lsp-tanh,6,6,3,4,29.92239131554786,29.89601395521624
les_bridge_pick04__d6t4__00034.wav,pedalboard-tanh,les_bridge_pick04,0.004774034,les_neck_pick14__d7t3__00038.wav,lsp-hardclip,6,7,4,3,29.92239131554786,34.07942205160116
les_bridge_pick04__d7t0__00035.wav,pedalboard-tanh,les_bridge_pick04,0.006773412,les_bridge_pick16__d7t2__00037.wav,byod-bigmuff,7,7,0,2,34.075823464139134,34.074932620854284
les_bridge_pick04__d7t1__00036.wav,pedalboard-tanh,les_bridge_pick04,0.004071176,les_bridge_pick25__d6t3__00033.wav,lsp-sine,7,6,1,3,34.075823464139134,29.915327656251563
les_bridge_pick04__d7t2__00037.wav,pedalboard-tanh,les_bridge_pick04,0.0032026172,les_bridge_fing20__d6t3__00033.wav,lsp-arctan,7,6,2,3,34.075823464139134,29.91872954355242
les_bridge_pick04__d7t3__00038.wav,pedalboard-tanh,les_bridge_pick04,0.0026746988,les_neck_pick21__d7t4__00039.wav,lsp-arctan,7,7,3,4,34.075823464139134,34.09435618625095
les_bridge_pick04__d7t4__00039.wav,pedalboard-tanh,les_bridge_pick04,0.0034906864,les_neck_fing01__d7t4__00039.wav,lsp-tanh,7,7,4,4,34.075823464139134,34.0729352593394
les_bridge_pick09__d0t0__00000.wav,pedalboard-tanh,les_bridge_pick09,0.0013960004,les_bridge_fing21__d2t0__00010.wav,byod-mxr,0,2,0,0,5.0,13.292365801948186
les_bridge_pick09__d0t1__00001.wav,pedalboard-tanh,les_bridge_pick09,0.0017908812,les_bridge_fing21__d1t1__00006.wav,byod-mxr,0,1,1,1,5.0,9.107670514338215
les_bridge_pick09__d0t2__00002.wav,pedalboard-tanh,les_bridge_pick09,0.00092071295,les_bridge_fing17__d1t0__00005.wav,lsp-sine,0,1,2,0,5.0,9.202349861352678
les_bridge_pick09__d0t3__00003.wav,pedalboard-tanh,les_bridge_pick09,0.0016906857,les_bridge_pick22__d1t2__00007.wav,byod-mxr,0,1,3,2,5.0,9.107670514338215
les_bridge_pick09__d0t4__00004.wav,pedalboard-tanh,les_bridge_pick09,0.00091421604,les_bridge_fing24__d0t3__00003.wav,byod-mxr,0,0,4,3,5.0,5.0
les_bridge_pick09__d1t0__00005.wav,pedalboard-tanh,les_bridge_pick09,0.0012343526,les_neck_pick12__d2t0__00010.wav,lsp-sine,1,2,0,0,9.146047429418331,13.251366385956809
les_bridge_pick09__d1t1__00006.wav,pedalboard-tanh,les_bridge_pick09,0.0013911128,les_bridge_fing21__d1t1__00006.wav,byod-mxr,1,1,1,1,9.146047429418331,9.107670514338215
les_bridge_pick09__d1t2__00007.wav,pedalboard-tanh,les_bridge_pick09,0.0016641021,les_bridge_fing21__d1t2__00007.wav,byod-mxr,1,1,2,2,9.146047429418331,9.107670514338215
les_bridge_pick09__d1t3__00008.wav,pedalboard-tanh,les_bridge_pick09,0.0015041828,les_neck_pick03__d0t1__00001.wav,lsp-tanh,1,0,3,1,9.146047429418331,5.0
les_bridge_pick09__d1t4__00009.wav,pedalboard-tanh,les_bridge_pick09,0.001742363,les_bridge_fing24__d2t3__00013.wav,lsp-arctan,1,2,4,3,9.146047429418331,13.270071970821393
les_bridge_pick09__d2t0__00010.wav,pedalboard-tanh,les_bridge_pick09,0.0013713241,les_neck_pick12__d2t0__00010.wav,lsp-tanh,2,2,0,0,13.296816138037473,13.297259315581634
les_bridge_pick09__d2t1__00011.wav,pedalboard-tanh,les_bridge_pick09,0.0014400482,les_bridge_fing21__d2t1__00011.wav,byod-mxr,2,2,1,1,13.296816138037473,13.292365801948186
les_bridge_pick09__d2t2__00012.wav,pedalboard-tanh,les_bridge_pick09,0.0024235249,les_neck_pick11__d1t1__00006.wav,lsp-sine,2,1,2,1,13.296816138037473,9.202349861352678
les_bridge_pick09__d2t3__00013.wav,pedalboard-tanh,les_bridge_pick09,0.0032849312,les_neck_pick03__d3t1__00016.wav,lsp-sine,2,3,3,1,13.296816138037473,17.46073355198249
les_bridge_pick09__d2t4__00014.wav,pedalboard-tanh,les_bridge_pick09,0.00412333,les_bridge_pick17__d3t2__00017.wav,lsp-tanh,2,3,4,2,13.296816138037473,17.426284440144894
les_bridge_pick09__d3t0__00015.wav,pedalboard-tanh,les_bridge_pick09,0.00096297264,les_bridge_fing21__d1t0__00005.wav,lsp-hardclip,3,1,0,0,17.454399305827287,9.35456396552498
les_bridge_pick09__d3t1__00016.wav,pedalboard-tanh,les_bridge_pick09,0.0042375326,les_bridge_fing24__d3t1__00016.wav,lsp-sine,3,3,1,1,17.454399305827287,17.46073355198249
les_bridge_pick09__d3t2__00017.wav,pedalboard-tanh,les_bridge_pick09,0.0062071085,les_neck_pick11__d3t1__00016.wav,byod-mxr,3,3,2,1,17.454399305827287,17.452308155418716
les_bridge_pick09__d3t3__00018.wav,pedalboard-tanh,les_bridge_pick09,0.003039956,les_neck_pick03__d4t1__00021.wav,byod-mxr,3,4,3,1,17.454399305827287,21.62039317761596
les_bridge_pick09__d3t4__00019.wav,pedalboard-tanh,les_bridge_pick09,0.00511539,les_neck_fing01__d4t1__00021.wav,lsp-arctan,3,4,4,1,17.454399305827287,21.613326710488973
les_bridge_pick09__d4t0__00020.wav,pedalboard-tanh,les_bridge_pick09,0.0009751916,les_neck_pick12__d4t0__00020.wav,lsp-tanh,4,4,0,0,21.61638024087312,21.61115826291455
les_bridge_pick09__d4t1__00021.wav,pedalboard-tanh,les_bridge_pick09,0.002052784,les_neck_pick03__d4t0__00020.wav,lsp-arctan,4,4,1,0,21.61638024087312,21.613326710488973
les_bridge_pick09__d4t2__00022.wav,pedalboard-tanh,les_bridge_pick09,0.0026209354,les_bridge_fing17__d5t0__00025.wav,lsp-sine,4,5,2,0,21.61638024087312,25.7855895742644
les_bridge_pick09__d4t3__00023.wav,pedalboard-tanh,les_bridge_pick09,0.0042090416,les_bridge_fing20__d4t2__00022.wav,lsp-tanh,4,4,3,2,21.61638024087312,21.61115826291455
les_bridge_pick09__d4t4__00024.wav,pedalboard-tanh,les_bridge_pick09,0.0032952428,les_bridge_pick25__d4t3__00023.wav,lsp-tanh,4,4,4,3,21.61638024087312,21.61115826291455
les_bridge_pick09__d5t0__00025.wav,pedalboard-tanh,les_bridge_pick09,0.001983285,les_neck_pick21__d5t0__00025.wav,byod-bigmuff,5,5,0,0,25.782351420955937,25.77210742134771
les_bridge_pick09__d5t1__00026.wav,pedalboard-tanh,les_bridge_pick09,0.0027863383,les_bridge_fing21__d4t1__00021.wav,byod-bigmuff,5,4,1,1,25.782351420955937,21.5884141303546
les_bridge_pick09__d5t2__00027.wav,pedalboard-tanh,les_bridge_pick09,0.0059006214,les_neck_pick09__d3t3__00018.wav,byod-bigmuff,5,3,2,3,25.782351420955937,17.442946393617085
les_bridge_pick09__d5t3__00028.wav,pedalboard-tanh,les_bridge_pick09,0.0070019364,les_bridge_fing21__d4t4__00024.wav,lsp-arctan,5,4,3,4,25.782351420955937,21.613326710488973
les_bridge_pick09__d5t4__00029.wav,pedalboard-tanh,les_bridge_pick09,0.00728935,les_bridge_fing17__d3t4__00019.wav,byod-bigmuff,5,3,4,4,25.782351420955937,17.442946393617085
les_bridge_pick09__d6t0__00030.wav,pedalboard-tanh,les_bridge_pick09,0.002145648,les_bridge_pick17__d3t1__00016.wav,byod-bigmuff,6,3,0,1,29.92239131554786,17.442946393617085
les_bridge_pick09__d6t1__00031.wav,pedalboard-tanh,les_bridge_pick09,0.0039562583,les_bridge_fing21__d6t1__00031.wav,byod-mxr,6,6,1,1,29.92239131554786,29.91150927100104
les_bridge_pick09__d6t2__00032.wav,pedalboard-tanh,les_bridge_pick09,0.0029512048,les_neck_pick11__d6t2__00032.wav,lsp-sine,6,6,2,2,29.92239131554786,29.915327656251563
les_bridge_pick09__d6t3__00033.wav,pedalboard-tanh,les_bridge_pick09,0.0051344633,les_neck_pick02__d6t2__00032.wav,lsp-sine,6,6,3,2,29.92239131554786,29.915327656251563
les_bridge_pick09__d6t4__00034.wav,pedalboard-tanh,les_bridge_pick09,0.005421877,les_neck_pick09__d6t3__00033.wav,lsp-tanh,6,6,4,3,29.92239131554786,29.89601395521624
les_bridge_pick09__d7t0__00035.wav,pedalboard-tanh,les_bridge_pick09,0.003041923,les_bridge_fing21__d7t0__00035.wav,lsp-hardclip,7,7,0,0,34.075823464139134,34.07942205160116
les_bridge_pick09__d7t1__00036.wav,pedalboard-tanh,les_bridge_pick09,0.0040811896,les_bridge_fing24__d7t1__00036.wav,byod-mxr,7,7,1,1,34.075823464139134,34.08156088036171
les_bridge_pick09__d7t2__00037.wav,pedalboard-tanh,les_bridge_pick09,0.003977835,les_bridge_fing21__d7t2__00037.wav,lsp-sine,7,7,2,2,34.075823464139134,34.094517939627885
les_bridge_pick09__d7t3__00038.wav,pedalboard-tanh,les_bridge_pick09,0.003390193,les_bridge_pick17__d6t3__00033.wav,lsp-arctan,7,6,3,3,34.075823464139134,29.91872954355242
les_bridge_pick09__d7t4__00039.wav,pedalboard-tanh,les_bridge_pick09,0.0019200444,les_bridge_fing17__d7t3__00038.wav,byod-mxr,7,7,4,3,34.075823464139134,34.08156088036171
les_bridge_pick12__d0t0__00000.wav,pedalboard-tanh,les_bridge_pick12,0.0018286705,les_neck_pick12__d0t0__00000.wav,lsp-tanh,0,0,0,0,5.0,5.0
les_bridge_pick12__d0t1__00001.wav,pedalboard-tanh,les_bridge_pick12,0.0023223162,les_neck_pick12__d2t0__00010.wav,lsp-hardclip,0,2,1,0,5.0,13.55142968534178
les_bridge_pick12__d0t2__00002.wav,pedalboard-tanh,les_bridge_pick12,0.0012971163,les_bridge_pick16__d1t1__00006.wav,lsp-sine,0,1,2,1,5.0,9.202349861352678
les_bridge_pick12__d0t3__00003.wav,pedalboard-tanh,les_bridge_pick12,0.0009409785,les_bridge_pick25__d0t1__00001.wav,lsp-sine,0,0,3,1,5.0,5.041347474059023
les_bridge_pick12__d0t4__00004.wav,pedalboard-tanh,les_bridge_pick12,0.00060498714,les_neck_fing15__d4t0__00020.wav,lsp-arctan,0,4,4,0,5.0,21.613326710488973
les_bridge_pick12__d1t0__00005.wav,pedalboard-tanh,les_bridge_pick12,0.001785934,les_neck_pick12__d0t0__00000.wav,lsp-tanh,1,0,0,0,9.146047429418331,5.0
les_bridge_pick12__d1t1__00006.wav,pedalboard-tanh,les_bridge_pick12,0.0010851622,les_bridge_fing20__d2t0__00010.wav,lsp-sine,1,2,1,0,9.146047429418331,13.251366385956809
les_bridge_pick12__d1t2__00007.wav,pedalboard-tanh,les_bridge_pick12,0.0016791224,les_bridge_fing21__d0t1__00001.wav,byod-mxr,1,0,2,1,9.146047429418331,5.0
les_bridge_pick12__d1t3__00008.wav,pedalboard-tanh,les_bridge_pick12,0.00017124414,les_bridge_pick22__d0t1__00001.wav,byod-mxr,1,0,3,1,9.146047429418331,5.0
les_bridge_pick12__d1t4__00009.wav,pedalboard-tanh,les_bridge_pick12,0.0005377531,les_bridge_fing17__d1t0__00005.wav,lsp-sine,1,1,4,0,9.146047429418331,9.202349861352678
les_bridge_pick12__d2t0__00010.wav,pedalboard-tanh,les_bridge_pick12,0.0033222437,les_neck_pick12__d1t0__00005.wav,byod-mxr,2,1,0,0,13.296816138037473,9.107670514338215
les_bridge_pick12__d2t1__00011.wav,pedalboard-tanh,les_bridge_pick12,0.0009135008,les_neck_pick07__d2t1__00011.wav,lsp-hardclip,2,2,1,1,13.296816138037473,13.55142968534178
les_bridge_pick12__d2t2__00012.wav,pedalboard-tanh,les_bridge_pick12,0.002779603,les_neck_pick07__d0t2__00002.wav,lsp-sine,2,0,2,2,13.296816138037473,5.041347474059023
les_bridge_pick12__d2t3__00013.wav,pedalboard-tanh,les_bridge_pick12,0.0012837648,les_bridge_fing21__d1t2__00007.wav,lsp-sine,2,1,3,2,13.296816138037473,9.202349861352678
les_bridge_pick12__d2t4__00014.wav,pedalboard-tanh,les_bridge_pick12,0.0014081001,les_bridge_pick17__d2t1__00011.wav,lsp-tanh,2,2,4,1,13.296816138037473,13.297259315581634
les_bridge_pick12__d3t0__00015.wav,pedalboard-tanh,les_bridge_pick12,0.0005955696,les_bridge_fing21__d2t0__00010.wav,lsp-tanh,3,2,0,0,17.454399305827287,13.297259315581634
les_bridge_pick12__d3t1__00016.wav,pedalboard-tanh,les_bridge_pick12,0.0017026663,les_neck_pick07__d4t1__00021.wav,lsp-sine,3,4,1,1,17.454399305827287,21.652716208419097
les_bridge_pick12__d3t2__00017.wav,pedalboard-tanh,les_bridge_pick12,0.00094270706,les_bridge_fing24__d3t1__00016.wav,lsp-tanh,3,3,2,1,17.454399305827287,17.426284440144894
les_bridge_pick12__d3t3__00018.wav,pedalboard-tanh,les_bridge_pick12,0.0028185248,les_bridge_fing17__d4t0__00020.wav,lsp-sine,3,4,3,0,17.454399305827287,21.652716208419097
les_bridge_pick12__d3t4__00019.wav,pedalboard-tanh,les_bridge_pick12,0.001247406,les_bridge_pick22__d3t2__00017.wav,lsp-tanh,3,3,4,2,17.454399305827287,17.426284440144894
les_bridge_pick12__d4t0__00020.wav,pedalboard-tanh,les_bridge_pick12,0.00068211555,les_neck_pick07__d4t1__00021.wav,lsp-sine,4,4,0,1,21.61638024087312,21.652716208419097
les_bridge_pick12__d4t1__00021.wav,pedalboard-tanh,les_bridge_pick12,0.0056434274,les_neck_pick07__d3t2__00017.wav,byod-mxr,4,3,1,2,21.61638024087312,17.452308155418716
les_bridge_pick12__d4t2__00022.wav,pedalboard-tanh,les_bridge_pick12,0.00738889,les_neck_pick12__d5t1__00026.wav,lsp-arctan,4,5,2,1,21.61638024087312,25.788497067568912
les_bridge_pick12__d4t3__00023.wav,pedalboard-tanh,les_bridge_pick12,0.0021476746,les_neck_pick11__d4t2__00022.wav,lsp-arctan,4,4,3,2,21.61638024087312,21.613326710488973
les_bridge_pick12__d4t4__00024.wav,pedalboard-tanh,les_bridge_pick12,0.0056561828,les_neck_pick12__d4t4__00024.wav,lsp-tanh,4,4,4,4,21.61638024087312,21.61115826291455
les_bridge_pick12__d5t0__00025.wav,pedalboard-tanh,les_bridge_pick12,0.0025687814,les_neck_pick14__d2t1__00011.wav,byod-bigmuff,5,2,0,1,25.782351420955937,13.312631977514853
les_bridge_pick12__d5t1__00026.wav,pedalboard-tanh,les_bridge_pick12,0.0015326738,les_neck_pick11__d5t1__00026.wav,byod-mxr,5,5,1,1,25.782351420955937,25.779078975465445
les_bridge_pick12__d5t2__00027.wav,pedalboard-tanh,les_bridge_pick12,0.0054100156,les_neck_pick11__d5t2__00027.wav,lsp-tanh,5,5,2,2,25.782351420955937,25.766463780707188
les_bridge_pick12__d5t3__00028.wav,pedalboard-tanh,les_bridge_pick12,0.005402565,les_bridge_pick17__d5t2__00027.wav,lsp-sine,5,5,3,2,25.782351420955937,25.7855895742644
les_bridge_pick12__d5t4__00029.wav,pedalboard-tanh,les_bridge_pick12,0.0066567063,les_bridge_fing21__d5t4__00029.wav,lsp-tanh,5,5,4,4,25.782351420955937,25.766463780707188
les_bridge_pick12__d6t0__00030.wav,pedalboard-tanh,les_bridge_pick12,0.005355656,les_bridge_pick22__d6t1__00031.wav,byod-mxr,6,6,0,1,29.92239131554786,29.91150927100104
les_bridge_pick12__d6t1__00031.wav,pedalboard-tanh,les_bridge_pick12,0.0023821592,les_bridge_pick25__d6t1__00031.wav,lsp-tanh,6,6,1,1,29.92239131554786,29.89601395521624
les_bridge_pick12__d6t2__00032.wav,pedalboard-tanh,les_bridge_pick12,0.0029184222,les_neck_pick09__d6t2__00032.wav,lsp-arctan,6,6,2,2,29.92239131554786,29.91872954355242
les_bridge_pick12__d6t3__00033.wav,pedalboard-tanh,les_bridge_pick12,0.005735159,les_bridge_fing21__d6t4__00034.wav,byod-mxr,6,6,3,4,29.92239131554786,29.91150927100104
les_bridge_pick12__d6t4__00034.wav,pedalboard-tanh,les_bridge_pick12,0.0030243397,les_neck_pick21__d6t4__00034.wav,byod-mxr,6,6,4,4,29.92239131554786,29.91150927100104
les_bridge_pick12__d7t0__00035.wav,pedalboard-tanh,les_bridge_pick12,0.0054482818,les_neck_pick03__d7t0__00035.wav,lsp-tanh,7,7,0,0,34.075823464139134,34.0729352593394
les_bridge_pick12__d7t1__00036.wav,pedalboard-tanh,les_bridge_pick12,0.0026216507,les_bridge_pick22__d7t2__00037.wav,byod-mxr,7,7,1,2,34.075823464139134,34.08156088036171
les_bridge_pick12__d7t2__00037.wav,pedalboard-tanh,les_bridge_pick12,0.0035028458,les_bridge_fing24__d7t2__00037.wav,lsp-arctan,7,7,2,2,34.075823464139134,34.09435618625095
les_bridge_pick12__d7t3__00038.wav,pedalboard-tanh,les_bridge_pick12,0.0015553236,les_bridge_pick25__d6t4__00034.wav,lsp-tanh,7,6,3,4,34.075823464139134,29.89601395521624
les_bridge_pick12__d7t4__00039.wav,pedalboard-tanh,les_bridge_pick12,0.0012715459,les_neck_pick05__d7t4__00039.wav,byod-mxr,7,7,4,4,34.075823464139134,34.08156088036171
les_bridge_pick21__d0t0__00000.wav,pedalboard-tanh,les_bridge_pick21,0.0038480163,les_neck_fing15__d0t1__00001.wav,lsp-tanh,0,0,0,1,5.0,5.0
les_bridge_pick21__d0t1__00001.wav,pedalboard-tanh,les_bridge_pick21,0.0024219751,les_neck_fing01__d0t1__00001.wav,lsp-arctan,0,0,1,1,5.0,5.005872107125804
les_bridge_pick21__d0t2__00002.wav,pedalboard-tanh,les_bridge_pick21,0.0022963285,les_neck_pick04__d0t2__00002.wav,lsp-sine,0,0,2,2,5.0,5.041347474059023
les_bridge_pick21__d0t3__00003.wav,pedalboard-tanh,les_bridge_pick21,0.0037167072,les_neck_pick04__d0t3__00003.wav,lsp-tanh,0,0,3,3,5.0,5.0
les_bridge_pick21__d0t4__00004.wav,pedalboard-tanh,les_bridge_pick21,0.0011023283,les_neck_pick04__d0t3__00003.wav,byod-mxr,0,0,4,3,5.0,5.0
les_bridge_pick21__d1t0__00005.wav,pedalboard-tanh,les_bridge_pick21,0.0021921396,les_neck_fing01__d0t0__00000.wav,byod-mxr,1,0,0,0,9.146047429418331,5.0
les_bridge_pick21__d1t1__00006.wav,pedalboard-tanh,les_bridge_pick21,0.0015855432,les_neck_pick12__d0t4__00004.wav,lsp-arctan,1,0,1,4,9.146047429418331,5.005872107125804
les_bridge_pick21__d1t2__00007.wav,pedalboard-tanh,les_bridge_pick21,0.0006586313,les_neck_pick04__d0t2__00002.wav,byod-mxr,1,0,2,2,9.146047429418331,5.0
les_bridge_pick21__d1t3__00008.wav,pedalboard-tanh,les_bridge_pick21,0.00072288513,les_neck_pick04__d1t3__00008.wav,lsp-sine,1,1,3,3,9.146047429418331,9.202349861352678
les_bridge_pick21__d1t4__00009.wav,pedalboard-tanh,les_bridge_pick21,0.0020024776,les_neck_fing01__d1t3__00008.wav,lsp-arctan,1,1,4,3,9.146047429418331,9.170316408518453
les_bridge_pick21__d2t0__00010.wav,pedalboard-tanh,les_bridge_pick21,0.0031148195,les_neck_fing15__d0t1__00001.wav,byod-mxr,2,0,0,1,13.296816138037473,5.0
les_bridge_pick21__d2t1__00011.wav,pedalboard-tanh,les_bridge_pick21,0.001584053,les_bridge_pick25__d0t3__00003.wav,lsp-tanh,2,0,1,3,13.296816138037473,5.0
les_bridge_pick21__d2t2__00012.wav,pedalboard-tanh,les_bridge_pick21,0.0018362999,les_neck_fing01__d2t2__00012.wav,lsp-arctan,2,2,2,2,13.296816138037473,13.270071970821393
les_bridge_pick21__d2t3__00013.wav,pedalboard-tanh,les_bridge_pick21,0.0013561249,les_neck_fing01__d1t3__00008.wav,byod-mxr,2,1,3,3,13.296816138037473,9.107670514338215
les_bridge_pick21__d2t4__00014.wav,pedalboard-tanh,les_bridge_pick21,0.0018916726,les_neck_pick02__d0t4__00004.wav,byod-mxr,2,0,4,4,13.296816138037473,5.0
les_bridge_pick21__d3t0__00015.wav,pedalboard-tanh,les_bridge_pick21,0.0045359135,les_bridge_fing21__d0t3__00003.wav,lsp-sine,3,0,0,3,17.454399305827287,5.041347474059023
les_bridge_pick21__d3t1__00016.wav,pedalboard-tanh,les_bridge_pick21,0.0039820075,les_bridge_pick17__d1t3__00008.wav,lsp-tanh,3,1,1,3,17.454399305827287,9.088421535688989
les_bridge_pick21__d3t2__00017.wav,pedalboard-tanh,les_bridge_pick21,0.0037831068,les_neck_pick02__d1t3__00008.wav,lsp-hardclip,3,1,2,3,17.454399305827287,9.35456396552498
les_bridge_pick21__d3t3__00018.wav,pedalboard-tanh,les_bridge_pick21,0.00257653,les_neck_pick02__d2t4__00014.wav,lsp-tanh,3,2,3,4,17.454399305827287,13.297259315581634
les_bridge_pick21__d3t4__00019.wav,pedalboard-tanh,les_bridge_pick21,0.00390923,les_neck_pick05__d1t4__00009.wav,byod-mxr,3,1,4,4,17.454399305827287,9.107670514338215
les_bridge_pick21__d4t0__00020.wav,pedalboard-tanh,les_bridge_pick21,0.010839343,les_neck_pick04__d2t1__00011.wav,byod-mxr,4,2,0,1,21.61638024087312,13.292365801948186
les_bridge_pick21__d4t1__00021.wav,pedalboard-tanh,les_bridge_pick21,0.0058497787,les_neck_pick21__d3t3__00018.wav,byod-bigmuff,4,3,1,3,21.61638024087312,17.442946393617085
les_bridge_pick21__d4t2__00022.wav,pedalboard-tanh,les_bridge_pick21,0.0042415857,les_neck_pick09__d2t4__00014.wav,byod-mxr,4,2,2,4,21.61638024087312,13.292365801948186
les_bridge_pick21__d4t3__00023.wav,pedalboard-tanh,les_bridge_pick21,0.0061115026,les_neck_pick21__d3t4__00019.wav,lsp-hardclip,4,3,3,4,21.61638024087312,17.563088337099366
les_bridge_pick21__d4t4__00024.wav,pedalboard-tanh,les_bridge_pick21,0.008552313,les_neck_pick21__d3t4__00019.wav,lsp-tanh,4,3,4,4,21.61638024087312,17.426284440144894
les_bridge_pick21__d5t0__00025.wav,pedalboard-tanh,les_bridge_pick21,0.00969702,les_bridge_fing21__d1t4__00009.wav,lsp-hardclip,5,1,0,4,25.782351420955937,9.35456396552498
les_bridge_pick21__d5t1__00026.wav,pedalboard-tanh,les_bridge_pick21,0.006937623,les_neck_pick03__d3t3__00018.wav,byod-bigmuff,5,3,1,3,25.782351420955937,17.442946393617085
les_bridge_pick21__d5t2__00027.wav,pedalboard-tanh,les_bridge_pick21,0.0047253966,les_neck_pick05__d4t3__00023.wav,lsp-hardclip,5,4,2,3,25.782351420955937,21.54643860361127
les_bridge_pick21__d5t3__00028.wav,pedalboard-tanh,les_bridge_pick21,0.004330516,les_neck_pick21__d4t4__00024.wav,lsp-tanh,5,4,3,4,25.782351420955937,21.61115826291455
les_bridge_pick21__d5t4__00029.wav,pedalboard-tanh,les_bridge_pick21,0.013922274,les_neck_pick14__d4t4__00024.wav,lsp-arctan,5,4,4,4,25.782351420955937,21.613326710488973
les_bridge_pick21__d6t0__00030.wav,pedalboard-tanh,les_bridge_pick21,0.00565958,les_neck_pick05__d3t3__00018.wav,byod-bigmuff,6,3,0,3,29.92239131554786,17.442946393617085
les_bridge_pick21__d6t1__00031.wav,pedalboard-tanh,les_bridge_pick21,0.0050116777,les_bridge_pick22__d4t4__00024.wav,lsp-arctan,6,4,1,4,29.92239131554786,21.613326710488973
les_bridge_pick21__d6t2__00032.wav,pedalboard-tanh,les_bridge_pick21,0.0046313405,les_neck_pick21__d5t3__00028.wav,lsp-tanh,6,5,2,3,29.92239131554786,25.766463780707188
les_bridge_pick21__d6t3__00033.wav,pedalboard-tanh,les_bridge_pick21,0.008577526,les_neck_pick14__d5t4__00029.wav,byod-mxr,6,5,3,4,29.92239131554786,25.779078975465445
les_bridge_pick21__d6t4__00034.wav,pedalboard-tanh,les_bridge_pick21,0.0053581595,les_neck_pick14__d7t3__00038.wav,lsp-hardclip,6,7,4,3,29.92239131554786,34.07942205160116
les_bridge_pick21__d7t0__00035.wav,pedalboard-tanh,les_bridge_pick21,0.008544266,les_neck_pick14__d6t0__00030.wav,lsp-sine,7,6,0,0,34.075823464139134,29.915327656251563
les_bridge_pick21__d7t1__00036.wav,pedalboard-tanh,les_bridge_pick21,0.004250765,les_bridge_fing20__d6t2__00032.wav,byod-mxr,7,6,1,2,34.075823464139134,29.91150927100104
les_bridge_pick21__d7t2__00037.wav,pedalboard-tanh,les_bridge_pick21,0.0030114055,les_neck_pick02__d6t4__00034.wav,lsp-hardclip,7,6,2,4,34.075823464139134,29.908667593492765
les_bridge_pick21__d7t3__00038.wav,pedalboard-tanh,les_bridge_pick21,0.00076556206,les_neck_fing01__d7t3__00038.wav,lsp-arctan,7,7,3,3,34.075823464139134,34.09435618625095
les_bridge_pick21__d7t4__00039.wav,pedalboard-tanh,les_bridge_pick21,0.001563251,les_bridge_fing20__d7t4__00039.wav,byod-mxr,7,7,4,4,34.075823464139134,34.08156088036171
les_neck_fing03__d0t0__00000.wav,pedalboard-tanh,les_neck_fing03,0.00033915043,les_bridge_pick16__d1t1__00006.wav,lsp-arctan,0,1,0,1,5.0,9.170316408518453
les_neck_fing03__d0t1__00001.wav,pedalboard-tanh,les_neck_fing03,0.001511395,les_neck_fing15__d2t1__00011.wav,lsp-arctan,0,2,1,1,5.0,13.270071970821393
les_neck_fing03__d0t2__00002.wav,pedalboard-tanh,les_neck_fing03,0.0018560886,les_bridge_pick17__d0t3__00003.wav,lsp-tanh,0,0,2,3,5.0,5.0
les_neck_fing03__d0t3__00003.wav,pedalboard-tanh,les_neck_fing03,0.0026071072,les_neck_fing01__d2t2__00012.wav,lsp-arctan,0,2,3,2,5.0,13.270071970821393
les_neck_fing03__d0t4__00004.wav,pedalboard-tanh,les_neck_fing03,0.0020532608,les_neck_fing01__d0t3__00003.wav,byod-mxr,0,0,4,3,5.0,5.0
les_neck_fing03__d1t0__00005.wav,pedalboard-tanh,les_neck_fing03,0.00056385994,les_neck_pick12__d2t1__00011.wav,lsp-hardclip,1,2,0,1,9.146047429418331,13.55142968534178
les_neck_fing03__d1t1__00006.wav,pedalboard-tanh,les_neck_fing03,0.00060236454,les_bridge_pick16__d1t2__00007.wav,byod-mxr,1,1,1,2,9.146047429418331,9.107670514338215
les_neck_fing03__d1t2__00007.wav,pedalboard-tanh,les_neck_fing03,0.0012412667,les_bridge_pick17__d0t3__00003.wav,lsp-arctan,1,0,2,3,9.146047429418331,5.005872107125804
les_neck_fing03__d1t3__00008.wav,pedalboard-tanh,les_neck_fing03,0.0029171705,les_neck_fing01__d2t2__00012.wav,lsp-arctan,1,2,3,2,9.146047429418331,13.270071970821393
les_neck_fing03__d1t4__00009.wav,pedalboard-tanh,les_neck_fing03,0.002373755,les_neck_fing01__d1t3__00008.wav,lsp-arctan,1,1,4,3,9.146047429418331,9.170316408518453
les_neck_fing03__d2t0__00010.wav,pedalboard-tanh,les_neck_fing03,0.0012639761,les_neck_pick12__d3t1__00016.wav,lsp-hardclip,2,3,0,1,13.296816138037473,17.563088337099366
les_neck_fing03__d2t1__00011.wav,pedalboard-tanh,les_neck_fing03,0.00097084045,les_bridge_pick16__d2t2__00012.wav,lsp-sine,2,2,1,2,13.296816138037473,13.251366385956809
les_neck_fing03__d2t2__00012.wav,pedalboard-tanh,les_neck_fing03,0.0012564659,les_bridge_pick17__d1t3__00008.wav,lsp-sine,2,1,2,3,13.296816138037473,9.202349861352678
les_neck_fing03__d2t3__00013.wav,pedalboard-tanh,les_neck_fing03,0.002462864,les_neck_pick09__d0t3__00003.wav,lsp-tanh,2,0,3,3,13.296816138037473,5.0
les_neck_fing03__d2t4__00014.wav,pedalboard-tanh,les_neck_fing03,0.0022132397,les_neck_fing01__d2t3__00013.wav,byod-mxr,2,2,4,3,13.296816138037473,13.292365801948186
les_neck_fing03__d3t0__00015.wav,pedalboard-tanh,les_neck_fing03,0.0013711452,les_neck_pick03__d3t0__00015.wav,lsp-tanh,3,3,0,0,17.454399305827287,17.426284440144894
les_neck_fing03__d3t1__00016.wav,pedalboard-tanh,les_neck_fing03,0.0011860132,les_neck_pick02__d3t1__00016.wav,lsp-tanh,3,3,1,1,17.454399305827287,17.426284440144894
les_neck_fing03__d3t2__00017.wav,pedalboard-tanh,les_neck_fing03,0.0023909807,les_bridge_fing17__d3t2__00017.wav,lsp-tanh,3,3,2,2,17.454399305827287,17.426284440144894
les_neck_fing03__d3t3__00018.wav,pedalboard-tanh,les_neck_fing03,0.0014675856,les_neck_pick02__d3t3__00018.wav,lsp-tanh,3,3,3,3,17.454399305827287,17.426284440144894
les_neck_fing03__d3t4__00019.wav,pedalboard-tanh,les_neck_fing03,0.0026171207,les_neck_pick02__d3t4__00019.wav,lsp-tanh,3,3,4,4,17.454399305827287,17.426284440144894
les_neck_fing03__d4t0__00020.wav,pedalboard-tanh,les_neck_fing03,0.00060647726,les_neck_pick02__d4t0__00020.wav,lsp-arctan,4,4,0,0,21.61638024087312,21.613326710488973
les_neck_fing03__d4t1__00021.wav,pedalboard-tanh,les_neck_fing03,0.0024422407,les_neck_pick03__d5t1__00026.wav,byod-mxr,4,5,1,1,21.61638024087312,25.779078975465445
les_neck_fing03__d4t2__00022.wav,pedalboard-tanh,les_neck_fing03,0.0036059022,les_neck_pick03__d5t2__00027.wav,lsp-hardclip,4,5,2,2,21.61638024087312,25.79865436059077
les_neck_fing03__d4t3__00023.wav,pedalboard-tanh,les_neck_fing03,0.0020425916,les_neck_fing01__d4t3__00023.wav,lsp-arctan,4,4,3,3,21.61638024087312,21.613326710488973
les_neck_fing03__d4t4__00024.wav,pedalboard-tanh,les_neck_fing03,0.0035883188,les_neck_pick05__d4t4__00024.wav,lsp-sine,4,4,4,4,21.61638024087312,21.652716208419097
les_neck_fing03__d5t0__00025.wav,pedalboard-tanh,les_neck_fing03,0.0032208562,les_neck_pick02__d6t0__00030.wav,lsp-hardclip,5,6,0,0,25.782351420955937,29.908667593492765
les_neck_fing03__d5t1__00026.wav,pedalboard-tanh,les_neck_fing03,0.010740817,les_neck_pick03__d6t1__00031.wav,byod-mxr,5,6,1,1,25.782351420955937,29.91150927100104
les_neck_fing03__d5t2__00027.wav,pedalboard-tanh,les_neck_fing03,0.0035066605,les_neck_pick12__d6t3__00033.wav,byod-mxr,5,6,2,3,25.782351420955937,29.91150927100104
les_neck_fing03__d5t3__00028.wav,pedalboard-tanh,les_neck_fing03,0.0019675493,les_neck_fing01__d5t3__00028.wav,lsp-tanh,5,5,3,3,25.782351420955937,25.766463780707188
les_neck_fing03__d5t4__00029.wav,pedalboard-tanh,les_neck_fing03,0.0015252233,les_neck_pick05__d5t4__00029.wav,lsp-tanh,5,5,4,4,25.782351420955937,25.766463780707188
les_neck_fing03__d6t0__00030.wav,pedalboard-tanh,les_neck_fing03,0.0051621795,les_neck_pick02__d5t2__00027.wav,byod-bigmuff,6,5,0,2,29.92239131554786,25.77210742134771
les_neck_fing03__d6t1__00031.wav,pedalboard-tanh,les_neck_fing03,0.003930211,les_neck_pick04__d7t1__00036.wav,lsp-hardclip,6,7,1,1,29.92239131554786,34.07942205160116
les_neck_fing03__d6t2__00032.wav,pedalboard-tanh,les_neck_fing03,0.003158927,les_neck_pick04__d7t2__00037.wav,lsp-hardclip,6,7,2,2,29.92239131554786,34.07942205160116
les_neck_fing03__d6t3__00033.wav,pedalboard-tanh,les_neck_fing03,0.001653552,les_neck_pick05__d6t3__00033.wav,lsp-sine,6,6,3,3,29.92239131554786,29.915327656251563
les_neck_fing03__d6t4__00034.wav,pedalboard-tanh,les_neck_fing03,0.0008906722,les_neck_pick05__d6t4__00034.wav,lsp-tanh,6,6,4,4,29.92239131554786,29.89601395521624
les_neck_fing03__d7t0__00035.wav,pedalboard-tanh,les_neck_fing03,0.004446864,les_neck_pick05__d7t1__00036.wav,lsp-arctan,7,7,0,1,34.075823464139134,34.09435618625095
les_neck_fing03__d7t1__00036.wav,pedalboard-tanh,les_neck_fing03,0.004530251,les_bridge_fing24__d7t2__00037.wav,byod-mxr,7,7,1,2,34.075823464139134,34.08156088036171
les_neck_fing03__d7t2__00037.wav,pedalboard-tanh,les_neck_fing03,0.00069504976,les_neck_pick03__d7t3__00038.wav,lsp-arctan,7,7,2,3,34.075823464139134,34.09435618625095
les_neck_fing03__d7t3__00038.wav,pedalboard-tanh,les_neck_fing03,0.0012568831,les_neck_pick03__d7t4__00039.wav,lsp-sine,7,7,3,4,34.075823464139134,34.094517939627885
les_neck_fing03__d7t4__00039.wav,pedalboard-tanh,les_neck_fing03,0.0015094876,les_neck_pick04__d7t4__00039.wav,lsp-tanh,7,7,4,4,34.075823464139134,34.0729352593394
les_neck_fing04__d0t0__00000.wav,pedalboard-tanh,les_neck_fing04,0.0014331341,les_neck_pick12__d3t0__00015.wav,byod-mxr,0,3,0,0,5.0,17.452308155418716
les_neck_fing04__d0t1__00001.wav,pedalboard-tanh,les_neck_fing04,0.0014209151,les_bridge_pick17__d3t0__00015.wav,lsp-sine,0,3,1,0,5.0,17.46073355198249
les_neck_fing04__d0t2__00002.wav,pedalboard-tanh,les_neck_fing04,0.0045870543,les_bridge_fing20__d1t3__00008.wav,lsp-arctan,0,1,2,3,5.0,9.170316408518453
les_neck_fing04__d0t3__00003.wav,pedalboard-tanh,les_neck_fing04,0.0041252375,les_bridge_pick22__d1t4__00009.wav,byod-mxr,0,1,3,4,5.0,9.107670514338215
les_neck_fing04__d0t4__00004.wav,pedalboard-tanh,les_neck_fing04,0.0041618347,les_neck_pick02__d2t3__00013.wav,lsp-arctan,0,2,4,3,5.0,13.270071970821393
les_neck_fing04__d1t0__00005.wav,pedalboard-tanh,les_neck_fing04,0.0016697049,les_neck_pick12__d3t0__00015.wav,byod-mxr,1,3,0,0,9.146047429418331,17.452308155418716
les_neck_fing04__d1t1__00006.wav,pedalboard-tanh,les_neck_fing04,0.0018907189,les_bridge_pick22__d2t1__00011.wav,lsp-tanh,1,2,1,1,9.146047429418331,13.297259315581634
les_neck_fing04__d1t2__00007.wav,pedalboard-tanh,les_neck_fing04,0.0057443976,les_bridge_pick17__d2t2__00012.wav,lsp-arctan,1,2,2,2,9.146047429418331,13.270071970821393
les_neck_fing04__d1t3__00008.wav,pedalboard-tanh,les_neck_fing04,0.005318165,les_neck_fing15__d2t4__00014.wav,lsp-sine,1,2,3,4,9.146047429418331,13.251366385956809
les_neck_fing04__d1t4__00009.wav,pedalboard-tanh,les_neck_fing04,0.004719794,les_neck_pick02__d2t3__00013.wav,lsp-tanh,1,2,4,3,9.146047429418331,13.297259315581634
les_neck_fing04__d2t0__00010.wav,pedalboard-tanh,les_neck_fing04,0.0011371374,les_bridge_fing24__d3t0__00015.wav,lsp-arctan,2,3,0,0,13.296816138037473,17.436825605717576
les_neck_fing04__d2t1__00011.wav,pedalboard-tanh,les_neck_fing04,0.0017918348,les_neck_pick03__d3t0__00015.wav,byod-mxr,2,3,1,0,13.296816138037473,17.452308155418716
les_neck_fing04__d2t2__00012.wav,pedalboard-tanh,les_neck_fing04,0.005764723,les_bridge_fing24__d2t3__00013.wav,lsp-sine,2,2,2,3,13.296816138037473,13.251366385956809
les_neck_fing04__d2t3__00013.wav,pedalboard-tanh,les_neck_fing04,0.00539881,les_neck_pick03__d2t3__00013.wav,byod-bigmuff,2,2,3,3,13.296816138037473,13.312631977514853
les_neck_fing04__d2t4__00014.wav,pedalboard-tanh,les_neck_fing04,0.0031346083,les_neck_pick09__d3t4__00019.wav,lsp-hardclip,2,3,4,4,13.296816138037473,17.563088337099366
les_neck_fing04__d3t0__00015.wav,pedalboard-tanh,les_neck_fing04,0.0012142062,les_neck_pick12__d4t0__00020.wav,lsp-arctan,3,4,0,0,17.454399305827287,21.613326710488973
les_neck_fing04__d3t1__00016.wav,pedalboard-tanh,les_neck_fing04,0.0016131997,les_neck_pick03__d4t0__00020.wav,byod-mxr,3,4,1,0,17.454399305827287,21.62039317761596
les_neck_fing04__d3t2__00017.wav,pedalboard-tanh,les_neck_fing04,0.0042647123,les_neck_pick12__d3t4__00019.wav,lsp-sine,3,3,2,4,17.454399305827287,17.46073355198249
les_neck_fing04__d3t3__00018.wav,pedalboard-tanh,les_neck_fing04,0.0032829046,les_bridge_pick22__d3t4__00019.wav,lsp-tanh,3,3,3,4,17.454399305827287,17.426284440144894
les_neck_fing04__d3t4__00019.wav,pedalboard-tanh,les_neck_fing04,0.0037995577,les_neck_pick11__d3t4__00019.wav,lsp-tanh,3,3,4,4,17.454399305827287,17.426284440144894
les_neck_fing04__d4t0__00020.wav,pedalboard-tanh,les_neck_fing04,0.002138853,les_neck_pick11__d4t0__00020.wav,byod-mxr,4,4,0,0,21.61638024087312,21.62039317761596
les_neck_fing04__d4t1__00021.wav,pedalboard-tanh,les_neck_fing04,0.006951213,les_neck_pick12__d5t1__00026.wav,lsp-tanh,4,5,1,1,21.61638024087312,25.766463780707188
les_neck_fing04__d4t2__00022.wav,pedalboard-tanh,les_neck_fing04,0.0058535337,les_bridge_pick25__d5t2__00027.wav,lsp-sine,4,5,2,2,21.61638024087312,25.7855895742644
les_neck_fing04__d4t3__00023.wav,pedalboard-tanh,les_neck_fing04,0.0037463307,les_bridge_pick22__d4t4__00024.wav,lsp-tanh,4,4,3,4,21.61638024087312,21.61115826291455
les_neck_fing04__d4t4__00024.wav,pedalboard-tanh,les_neck_fing04,0.001906991,les_neck_pick02__d4t4__00024.wav,lsp-arctan,4,4,4,4,21.61638024087312,21.613326710488973
les_neck_fing04__d5t0__00025.wav,pedalboard-tanh,les_neck_fing04,0.004685402,les_bridge_pick25__d5t0__00025.wav,byod-mxr,5,5,0,0,25.782351420955937,25.779078975465445
les_neck_fing04__d5t1__00026.wav,pedalboard-tanh,les_neck_fing04,0.0039946437,les_neck_pick12__d7t0__00035.wav,lsp-tanh,5,7,1,0,25.782351420955937,34.0729352593394
les_neck_fing04__d5t2__00027.wav,pedalboard-tanh,les_neck_fing04,0.0043466687,les_bridge_fing21__d5t3__00028.wav,lsp-arctan,5,5,2,3,25.782351420955937,25.788497067568912
les_neck_fing04__d5t3__00028.wav,pedalboard-tanh,les_neck_fing04,0.004822314,les_bridge_pick17__d5t3__00028.wav,lsp-sine,5,5,3,3,25.782351420955937,25.7855895742644
les_neck_fing04__d5t4__00029.wav,pedalboard-tanh,les_neck_fing04,0.0026151538,les_neck_pick02__d5t4__00029.wav,lsp-arctan,5,5,4,4,25.782351420955937,25.788497067568912
les_neck_fing04__d6t0__00030.wav,pedalboard-tanh,les_neck_fing04,0.0026091933,les_bridge_fing24__d6t0__00030.wav,lsp-arctan,6,6,0,0,29.92239131554786,29.91872954355242
les_neck_fing04__d6t1__00031.wav,pedalboard-tanh,les_neck_fing04,0.0029303432,les_bridge_fing24__d6t1__00031.wav,lsp-tanh,6,6,1,1,29.92239131554786,29.89601395521624
les_neck_fing04__d6t2__00032.wav,pedalboard-tanh,les_neck_fing04,0.0031039715,les_bridge_pick25__d6t2__00032.wav,lsp-sine,6,6,2,2,29.92239131554786,29.915327656251563
les_neck_fing04__d6t3__00033.wav,pedalboard-tanh,les_neck_fing04,0.00354141,les_bridge_fing20__d6t2__00032.wav,lsp-tanh,6,6,3,2,29.92239131554786,29.89601395521624
les_neck_fing04__d6t4__00034.wav,pedalboard-tanh,les_neck_fing04,0.0018473268,les_neck_pick12__d7t4__00039.wav,lsp-tanh,6,7,4,4,29.92239131554786,34.0729352593394
les_neck_fing04__d7t0__00035.wav,pedalboard-tanh,les_neck_fing04,0.0026504397,les_neck_pick09__d7t0__00035.wav,byod-mxr,7,7,0,0,34.075823464139134,34.08156088036171
les_neck_fing04__d7t1__00036.wav,pedalboard-tanh,les_neck_fing04,0.0038164258,les_neck_pick02__d6t2__00032.wav,byod-bigmuff,7,6,1,2,34.075823464139134,29.9151414217934
les_neck_fing04__d7t2__00037.wav,pedalboard-tanh,les_neck_fing04,0.0036579967,les_neck_pick09__d7t2__00037.wav,lsp-sine,7,7,2,2,34.075823464139134,34.094517939627885
les_neck_fing04__d7t3__00038.wav,pedalboard-tanh,les_neck_fing04,0.0019906163,les_neck_pick03__d7t3__00038.wav,lsp-arctan,7,7,3,3,34.075823464139134,34.09435618625095
les_neck_fing04__d7t4__00039.wav,pedalboard-tanh,les_neck_fing04,0.0014833808,les_neck_pick14__d7t2__00037.wav,lsp-tanh,7,7,4,2,34.075823464139134,34.0729352593394
les_neck_fing09__d0t0__00000.wav,pedalboard-tanh,les_neck_fing09,0.0013353229,les_neck_fing15__d1t0__00005.wav,byod-bigmuff,0,1,0,0,5.0,9.126662172709777
les_neck_fing09__d0t1__00001.wav,pedalboard-tanh,les_neck_fing09,0.00095307827,les_bridge_pick16__d1t1__00006.wav,lsp-arctan,0,1,1,1,5.0,9.170316408518453
les_neck_fing09__d0t2__00002.wav,pedalboard-tanh,les_neck_fing09,0.0036791563,les_neck_pick12__d0t3__00003.wav,lsp-sine,0,0,2,3,5.0,5.041347474059023
les_neck_fing09__d0t3__00003.wav,pedalboard-tanh,les_neck_fing09,0.0013111234,les_bridge_pick16__d0t4__00004.wav,lsp-arctan,0,0,3,4,5.0,5.005872107125804
les_neck_fing09__d0t4__00004.wav,pedalboard-tanh,les_neck_fing09,0.004209876,les_neck_pick04__d0t3__00003.wav,lsp-tanh,0,0,4,3,5.0,5.0
les_neck_fing09__d1t0__00005.wav,pedalboard-tanh,les_neck_fing09,0.002108872,les_neck_pick12__d0t0__00000.wav,lsp-sine,1,0,0,0,9.146047429418331,5.041347474059023
les_neck_fing09__d1t1__00006.wav,pedalboard-tanh,les_neck_fing09,0.0012110472,les_neck_pick12__d2t1__00011.wav,lsp-hardclip,1,2,1,1,9.146047429418331,13.55142968534178
les_neck_fing09__d1t2__00007.wav,pedalboard-tanh,les_neck_fing09,0.0024690628,les_bridge_pick22__d0t2__00002.wav,lsp-arctan,1,0,2,2,9.146047429418331,5.005872107125804
les_neck_fing09__d1t3__00008.wav,pedalboard-tanh,les_neck_fing09,0.0022287965,les_neck_pick02__d1t2__00007.wav,lsp-tanh,1,1,3,2,9.146047429418331,9.088421535688989
les_neck_fing09__d1t4__00009.wav,pedalboard-tanh,les_neck_fing09,0.0037657619,les_neck_pick04__d0t3__00003.wav,lsp-tanh,1,0,4,3,9.146047429418331,5.0
les_neck_fing09__d2t0__00010.wav,pedalboard-tanh,les_neck_fing09,0.0027438402,les_neck_pick12__d1t0__00005.wav,lsp-hardclip,2,1,0,0,13.296816138037473,9.35456396552498
les_neck_fing09__d2t1__00011.wav,pedalboard-tanh,les_neck_fing09,0.0022284985,les_neck_pick12__d3t1__00016.wav,lsp-hardclip,2,3,1,1,13.296816138037473,17.563088337099366
les_neck_fing09__d2t2__00012.wav,pedalboard-tanh,les_neck_fing09,0.0019478798,les_bridge_pick16__d2t2__00012.wav,byod-mxr,2,2,2,2,13.296816138037473,13.292365801948186
les_neck_fing09__d2t3__00013.wav,pedalboard-tanh,les_neck_fing09,0.0026302934,les_bridge_pick17__d0t3__00003.wav,lsp-hardclip,2,0,3,3,13.296816138037473,5.063331073032135
les_neck_fing09__d2t4__00014.wav,pedalboard-tanh,les_neck_fing09,0.0036908388,les_neck_pick04__d2t3__00013.wav,lsp-arctan,2,2,4,3,13.296816138037473,13.270071970821393
les_neck_fing09__d3t0__00015.wav,pedalboard-tanh,les_neck_fing09,0.0016484857,les_neck_pick12__d0t1__00001.wav,byod-bigmuff,3,0,0,1,17.454399305827287,5.044777586688817
les_neck_fing09__d3t1__00016.wav,pedalboard-tanh,les_neck_fing09,0.0032589436,les_neck_pick09__d3t0__00015.wav,byod-mxr,3,3,1,0,17.454399305827287,17.452308155418716
les_neck_fing09__d3t2__00017.wav,pedalboard-tanh,les_neck_fing09,0.0031251907,les_neck_pick12__d3t3__00018.wav,lsp-sine,3,3,2,3,17.454399305827287,17.46073355198249
les_neck_fing09__d3t3__00018.wav,pedalboard-tanh,les_neck_fing09,0.0044587255,les_bridge_pick17__d3t3__00018.wav,lsp-arctan,3,3,3,3,17.454399305827287,17.436825605717576
les_neck_fing09__d3t4__00019.wav,pedalboard-tanh,les_neck_fing09,0.0034384727,les_bridge_pick17__d3t4__00019.wav,byod-mxr,3,3,4,4,17.454399305827287,17.452308155418716
les_neck_fing09__d4t0__00020.wav,pedalboard-tanh,les_neck_fing09,0.0013239384,les_bridge_fing24__d0t1__00001.wav,byod-bigmuff,4,0,0,1,21.61638024087312,5.044777586688817
les_neck_fing09__d4t1__00021.wav,pedalboard-tanh,les_neck_fing09,0.0037231445,les_bridge_pick22__d4t1__00021.wav,lsp-arctan,4,4,1,1,21.61638024087312,21.613326710488973
les_neck_fing09__d4t2__00022.wav,pedalboard-tanh,les_neck_fing09,0.0024904013,les_neck_pick12__d5t2__00027.wav,byod-mxr,4,5,2,2,21.61638024087312,25.779078975465445
les_neck_fing09__d4t3__00023.wav,pedalboard-tanh,les_neck_fing09,0.003707409,les_bridge_pick25__d4t3__00023.wav,byod-mxr,4,4,3,3,21.61638024087312,21.62039317761596
les_neck_fing09__d4t4__00024.wav,pedalboard-tanh,les_neck_fing09,0.00637722,les_neck_pick11__d4t4__00024.wav,lsp-tanh,4,4,4,4,21.61638024087312,21.61115826291455
les_neck_fing09__d5t0__00025.wav,pedalboard-tanh,les_neck_fing09,0.001865387,les_neck_pick02__d4t0__00020.wav,byod-bigmuff,5,4,0,0,25.782351420955937,21.5884141303546
les_neck_fing09__d5t1__00026.wav,pedalboard-tanh,les_neck_fing09,0.0023018122,les_bridge_pick22__d5t1__00026.wav,lsp-tanh,5,5,1,1,25.782351420955937,25.766463780707188
les_neck_fing09__d5t2__00027.wav,pedalboard-tanh,les_neck_fing09,0.0063078403,les_neck_pick11__d5t2__00027.wav,lsp-tanh,5,5,2,2,25.782351420955937,25.766463780707188
les_neck_fing09__d5t3__00028.wav,pedalboard-tanh,les_neck_fing09,0.006612897,les_bridge_fing20__d5t2__00027.wav,lsp-tanh,5,5,3,2,25.782351420955937,25.766463780707188
les_neck_fing09__d5t4__00029.wav,pedalboard-tanh,les_neck_fing09,0.00867337,les_neck_fing01__d5t2__00027.wav,byod-mxr,5,5,4,2,25.782351420955937,25.779078975465445
les_neck_fing09__d6t0__00030.wav,pedalboard-tanh,les_neck_fing09,0.0025196671,les_neck_pick02__d5t0__00025.wav,byod-bigmuff,6,5,0,0,29.92239131554786,25.77210742134771
les_neck_fing09__d6t1__00031.wav,pedalboard-tanh,les_neck_fing09,0.003754735,les_neck_pick11__d5t1__00026.wav,byod-bigmuff,6,5,1,1,29.92239131554786,25.77210742134771
les_neck_fing09__d6t2__00032.wav,pedalboard-tanh,les_neck_fing09,0.0029099584,les_bridge_fing21__d4t3__00023.wav,byod-bigmuff,6,4,2,3,29.92239131554786,21.5884141303546
les_neck_fing09__d6t3__00033.wav,pedalboard-tanh,les_neck_fing09,0.0064576864,les_neck_pick02__d6t2__00032.wav,byod-mxr,6,6,3,2,29.92239131554786,29.91150927100104
les_neck_fing09__d6t4__00034.wav,pedalboard-tanh,les_neck_fing09,0.0036896467,les_bridge_pick16__d6t3__00033.wav,lsp-arctan,6,6,4,3,29.92239131554786,29.91872954355242
les_neck_fing09__d7t0__00035.wav,pedalboard-tanh,les_neck_fing09,0.0080577135,les_bridge_pick16__d6t0__00030.wav,byod-bigmuff,7,6,0,0,34.075823464139134,29.9151414217934
les_neck_fing09__d7t1__00036.wav,pedalboard-tanh,les_neck_fing09,0.0025871992,les_neck_pick02__d7t0__00035.wav,lsp-tanh,7,7,1,0,34.075823464139134,34.0729352593394
les_neck_fing09__d7t2__00037.wav,pedalboard-tanh,les_neck_fing09,0.0037757754,les_neck_fing01__d7t0__00035.wav,lsp-sine,7,7,2,0,34.075823464139134,34.094517939627885
les_neck_fing09__d7t3__00038.wav,pedalboard-tanh,les_neck_fing09,0.0034589767,les_bridge_pick16__d7t2__00037.wav,lsp-tanh,7,7,3,2,34.075823464139134,34.0729352593394
les_neck_fing09__d7t4__00039.wav,pedalboard-tanh,les_neck_fing09,0.0045728087,les_neck_pick21__d7t3__00038.wav,byod-mxr,7,7,4,3,34.075823464139134,34.08156088036171
les_neck_fing11__d0t0__00000.wav,pedalboard-tanh,les_neck_fing11,0.0010253191,les_neck_fing15__d0t0__00000.wav,byod-bigmuff,0,0,0,0,5.0,5.044777586688817
les_neck_fing11__d0t1__00001.wav,pedalboard-tanh,les_neck_fing11,0.00026470423,les_bridge_pick16__d1t0__00005.wav,lsp-arctan,0,1,1,0,5.0,9.170316408518453
les_neck_fing11__d0t2__00002.wav,pedalboard-tanh,les_neck_fing11,0.0013062954,les_bridge_pick16__d1t1__00006.wav,byod-mxr,0,1,2,1,5.0,9.107670514338215
les_neck_fing11__d0t3__00003.wav,pedalboard-tanh,les_neck_fing11,0.0025690794,les_neck_pick12__d0t3__00003.wav,lsp-tanh,0,0,3,3,5.0,5.0
les_neck_fing11__d0t4__00004.wav,pedalboard-tanh,les_neck_fing11,0.007463634,les_bridge_pick16__d0t4__00004.wav,lsp-arctan,0,0,4,4,5.0,5.005872107125804
les_neck_fing11__d1t0__00005.wav,pedalboard-tanh,les_neck_fing11,0.0012502074,les_neck_fing15__d1t0__00005.wav,byod-bigmuff,1,1,0,0,9.146047429418331,9.126662172709777
les_neck_fing11__d1t1__00006.wav,pedalboard-tanh,les_neck_fing11,0.00077456236,les_bridge_pick16__d2t0__00010.wav,lsp-tanh,1,2,1,0,9.146047429418331,13.297259315581634
les_neck_fing11__d1t2__00007.wav,pedalboard-tanh,les_neck_fing11,0.0011157393,les_bridge_pick16__d2t1__00011.wav,byod-mxr,1,2,2,1,9.146047429418331,13.292365801948186
les_neck_fing11__d1t3__00008.wav,pedalboard-tanh,les_neck_fing11,0.0012892485,les_neck_pick04__d0t1__00001.wav,lsp-sine,1,0,3,1,9.146047429418331,5.041347474059023
les_neck_fing11__d1t4__00009.wav,pedalboard-tanh,les_neck_fing11,0.0027903914,les_bridge_pick16__d0t4__00004.wav,lsp-arctan,1,0,4,4,9.146047429418331,5.005872107125804
les_neck_fing11__d2t0__00010.wav,pedalboard-tanh,les_neck_fing11,0.0007583499,les_neck_fing15__d1t0__00005.wav,byod-bigmuff,2,1,0,0,13.296816138037473,9.126662172709777
les_neck_fing11__d2t1__00011.wav,pedalboard-tanh,les_neck_fing11,0.000520885,les_bridge_pick16__d3t0__00015.wav,lsp-arctan,2,3,1,0,13.296816138037473,17.436825605717576
les_neck_fing11__d2t2__00012.wav,pedalboard-tanh,les_neck_fing11,0.00085246563,les_neck_pick21__d2t0__00010.wav,lsp-tanh,2,2,2,0,13.296816138037473,13.297259315581634
les_neck_fing11__d2t3__00013.wav,pedalboard-tanh,les_neck_fing11,0.00081938505,les_neck_pick21__d0t1__00001.wav,byod-mxr,2,0,3,1,13.296816138037473,5.0
les_neck_fing11__d2t4__00014.wav,pedalboard-tanh,les_neck_fing11,0.0014954209,les_bridge_pick16__d1t4__00009.wav,lsp-sine,2,1,4,4,13.296816138037473,9.202349861352678
les_neck_fing11__d3t0__00015.wav,pedalboard-tanh,les_neck_fing11,0.0021927953,les_neck_fing15__d3t0__00015.wav,byod-bigmuff,3,3,0,0,17.454399305827287,17.442946393617085
les_neck_fing11__d3t1__00016.wav,pedalboard-tanh,les_neck_fing11,0.001439631,les_bridge_pick22__d2t0__00010.wav,lsp-hardclip,3,2,1,0,17.454399305827287,13.55142968534178
les_neck_fing11__d3t2__00017.wav,pedalboard-tanh,les_neck_fing11,0.00078475475,les_neck_pick12__d3t2__00017.wav,byod-mxr,3,3,2,2,17.454399305827287,17.452308155418716
les_neck_fing11__d3t3__00018.wav,pedalboard-tanh,les_neck_fing11,0.003643155,les_bridge_pick22__d2t3__00013.wav,lsp-sine,3,2,3,3,17.454399305827287,13.251366385956809
les_neck_fing11__d3t4__00019.wav,pedalboard-tanh,les_neck_fing11,0.00430882,les_bridge_pick22__d2t4__00014.wav,lsp-sine,3,2,4,4,17.454399305827287,13.251366385956809
les_neck_fing11__d4t0__00020.wav,pedalboard-tanh,les_neck_fing11,0.0017576218,les_bridge_fing24__d1t0__00005.wav,byod-bigmuff,4,1,0,0,21.61638024087312,9.126662172709777
les_neck_fing11__d4t1__00021.wav,pedalboard-tanh,les_neck_fing11,0.005223274,les_bridge_fing21__d4t1__00021.wav,byod-mxr,4,4,1,1,21.61638024087312,21.62039317761596
les_neck_fing11__d4t2__00022.wav,pedalboard-tanh,les_neck_fing11,0.004924834,les_neck_pick03__d4t1__00021.wav,lsp-arctan,4,4,2,1,21.61638024087312,21.613326710488973
les_neck_fing11__d4t3__00023.wav,pedalboard-tanh,les_neck_fing11,0.0069184303,les_neck_pick02__d4t2__00022.wav,lsp-hardclip,4,4,3,2,21.61638024087312,21.54643860361127
les_neck_fing11__d4t4__00024.wav,pedalboard-tanh,les_neck_fing11,0.006261885,les_bridge_pick22__d4t4__00024.wav,byod-mxr,4,4,4,4,21.61638024087312,21.62039317761596
les_neck_fing11__d5t0__00025.wav,pedalboard-tanh,les_neck_fing11,0.0014094114,les_bridge_fing24__d5t0__00025.wav,lsp-hardclip,5,5,0,0,25.782351420955937,25.79865436059077
les_neck_fing11__d5t1__00026.wav,pedalboard-tanh,les_neck_fing11,0.0023670197,les_neck_pick12__d6t0__00030.wav,lsp-tanh,5,6,1,0,25.782351420955937,29.89601395521624
les_neck_fing11__d5t2__00027.wav,pedalboard-tanh,les_neck_fing11,0.005183041,les_neck_pick09__d2t4__00014.wav,byod-bigmuff,5,2,2,4,25.782351420955937,13.312631977514853
les_neck_fing11__d5t3__00028.wav,pedalboard-tanh,les_neck_fing11,0.007991672,les_neck_fing01__d2t3__00013.wav,byod-bigmuff,5,2,3,3,25.782351420955937,13.312631977514853
les_neck_fing11__d5t4__00029.wav,pedalboard-tanh,les_neck_fing11,0.005632639,les_neck_pick04__d4t3__00023.wav,byod-mxr,5,4,4,3,25.782351420955937,21.62039317761596
les_neck_fing11__d6t0__00030.wav,pedalboard-tanh,les_neck_fing11,0.002963543,les_neck_pick02__d1t2__00007.wav,byod-bigmuff,6,1,0,2,29.92239131554786,9.126662172709777
les_neck_fing11__d6t1__00031.wav,pedalboard-tanh,les_neck_fing11,0.0069547296,les_neck_pick09__d5t1__00026.wav,byod-mxr,6,5,1,1,29.92239131554786,25.779078975465445
les_neck_fing11__d6t2__00032.wav,pedalboard-tanh,les_neck_fing11,0.0037478209,les_bridge_fing17__d4t2__00022.wav,byod-bigmuff,6,4,2,2,29.92239131554786,21.5884141303546
les_neck_fing11__d6t3__00033.wav,pedalboard-tanh,les_neck_fing11,0.0055502653,les_neck_pick11__d4t4__00024.wav,byod-mxr,6,4,3,4,29.92239131554786,21.62039317761596
les_neck_fing11__d6t4__00034.wav,pedalboard-tanh,les_neck_fing11,0.0043359995,les_neck_pick05__d4t4__00024.wav,lsp-sine,6,4,4,4,29.92239131554786,21.652716208419097
les_neck_fing11__d7t0__00035.wav,pedalboard-tanh,les_neck_fing11,0.008998454,les_bridge_fing24__d0t4__00004.wav,byod-bigmuff,7,0,0,4,34.075823464139134,5.044777586688817
les_neck_fing11__d7t1__00036.wav,pedalboard-tanh,les_neck_fing11,0.005181849,les_bridge_pick16__d5t2__00027.wav,lsp-hardclip,7,5,1,2,34.075823464139134,25.79865436059077
les_neck_fing11__d7t2__00037.wav,pedalboard-tanh,les_neck_fing11,0.004465878,les_neck_pick03__d5t3__00028.wav,byod-bigmuff,7,5,2,3,34.075823464139134,25.77210742134771
les_neck_fing11__d7t3__00038.wav,pedalboard-tanh,les_neck_fing11,0.0025425553,les_neck_pick04__d5t4__00029.wav,lsp-sine,7,5,3,4,34.075823464139134,25.7855895742644
les_neck_fing11__d7t4__00039.wav,pedalboard-tanh,les_neck_fing11,0.005473137,les_neck_pick14__d5t3__00028.wav,lsp-tanh,7,5,4,3,34.075823464139134,25.766463780707188
les_neck_fing16__d0t0__00000.wav,pedalboard-tanh,les_neck_fing16,0.007990837,les_neck_fing15__d0t0__00000.wav,byod-bigmuff,0,0,0,0,5.0,5.044777586688817
les_neck_fing16__d0t1__00001.wav,pedalboard-tanh,les_neck_fing16,0.002718687,les_bridge_pick16__d0t0__00000.wav,lsp-tanh,0,0,1,0,5.0,5.0
les_neck_fing16__d0t2__00002.wav,pedalboard-tanh,les_neck_fing16,0.0029073954,les_neck_fing15__d2t0__00010.wav,lsp-arctan,0,2,2,0,5.0,13.270071970821393
les_neck_fing16__d0t3__00003.wav,pedalboard-tanh,les_neck_fing16,0.0027190447,les_neck_fing01__d0t0__00000.wav,lsp-sine,0,0,3,0,5.0,5.041347474059023
les_neck_fing16__d0t4__00004.wav,pedalboard-tanh,les_neck_fing16,0.0012686849,les_neck_fing01__d1t0__00005.wav,lsp-arctan,0,1,4,0,5.0,9.170316408518453
les_neck_fing16__d1t0__00005.wav,pedalboard-tanh,les_neck_fing16,0.0062835813,les_neck_pick12__d0t0__00000.wav,lsp-sine,1,0,0,0,9.146047429418331,5.041347474059023
les_neck_fing16__d1t1__00006.wav,pedalboard-tanh,les_neck_fing16,0.0014008284,les_bridge_pick16__d0t0__00000.wav,byod-mxr,1,0,1,0,9.146047429418331,5.0
les_neck_fing16__d1t2__00007.wav,pedalboard-tanh,les_neck_fing16,0.003750503,les_bridge_pick16__d0t1__00001.wav,lsp-tanh,1,0,2,1,9.146047429418331,5.0
les_neck_fing16__d1t3__00008.wav,pedalboard-tanh,les_neck_fing16,0.0024163127,les_bridge_pick16__d0t1__00001.wav,byod-mxr,1,0,3,1,9.146047429418331,5.0
les_neck_fing16__d1t4__00009.wav,pedalboard-tanh,les_neck_fing16,0.0012928843,les_neck_pick04__d0t0__00000.wav,lsp-sine,1,0,4,0,9.146047429418331,5.041347474059023
les_neck_fing16__d2t0__00010.wav,pedalboard-tanh,les_neck_fing16,0.0033996701,les_neck_pick12__d0t0__00000.wav,lsp-sine,2,0,0,0,13.296816138037473,5.041347474059023
les_neck_fing16__d2t1__00011.wav,pedalboard-tanh,les_neck_fing16,0.00047582388,les_neck_pick12__d0t0__00000.wav,byod-mxr,2,0,1,0,13.296816138037473,5.0
les_neck_fing16__d2t2__00012.wav,pedalboard-tanh,les_neck_fing16,0.0004902482,les_neck_pick12__d1t1__00006.wav,lsp-sine,2,1,2,1,13.296816138037473,9.202349861352678
les_neck_fing16__d2t3__00013.wav,pedalboard-tanh,les_neck_fing16,0.0011097789,les_neck_pick12__d1t1__00006.wav,lsp-hardclip,2,1,3,1,13.296816138037473,9.35456396552498
les_neck_fing16__d2t4__00014.wav,pedalboard-tanh,les_neck_fing16,0.0017784238,les_bridge_pick16__d2t1__00011.wav,lsp-sine,2,2,4,1,13.296816138037473,13.251366385956809
les_neck_fing16__d3t0__00015.wav,pedalboard-tanh,les_neck_fing16,0.0036988854,les_neck_pick12__d1t0__00005.wav,lsp-arctan,3,1,0,0,17.454399305827287,9.170316408518453
les_neck_fing16__d3t1__00016.wav,pedalboard-tanh,les_neck_fing16,0.0013795495,les_neck_pick07__d4t0__00020.wav,byod-mxr,3,4,1,0,17.454399305827287,21.62039317761596
les_neck_fing16__d3t2__00017.wav,pedalboard-tanh,les_neck_fing16,0.0012871027,les_bridge_fing17__d0t0__00000.wav,byod-bigmuff,3,0,2,0,17.454399305827287,5.044777586688817
les_neck_fing16__d3t3__00018.wav,pedalboard-tanh,les_neck_fing16,0.0020706058,les_neck_pick11__d3t0__00015.wav,lsp-sine,3,3,3,0,17.454399305827287,17.46073355198249
les_neck_fing16__d3t4__00019.wav,pedalboard-tanh,les_neck_fing16,0.004361689,les_bridge_pick25__d4t0__00020.wav,lsp-tanh,3,4,4,0,17.454399305827287,21.61115826291455
les_neck_fing16__d4t0__00020.wav,pedalboard-tanh,les_neck_fing16,0.0017068982,les_neck_pick07__d4t0__00020.wav,lsp-tanh,4,4,0,0,21.61638024087312,21.61115826291455
les_neck_fing16__d4t1__00021.wav,pedalboard-tanh,les_neck_fing16,0.0009416938,les_neck_pick21__d3t0__00015.wav,byod-bigmuff,4,3,1,0,21.61638024087312,17.442946393617085
les_neck_fing16__d4t2__00022.wav,pedalboard-tanh,les_neck_fing16,0.0020187497,les_neck_pick03__d0t1__00001.wav,byod-bigmuff,4,0,2,1,21.61638024087312,5.044777586688817
les_neck_fing16__d4t3__00023.wav,pedalboard-tanh,les_neck_fing16,0.0025465488,les_neck_pick09__d4t0__00020.wav,lsp-arctan,4,4,3,0,21.61638024087312,21.613326710488973
les_neck_fing16__d4t4__00024.wav,pedalboard-tanh,les_neck_fing16,0.003522694,les_neck_pick02__d1t2__00007.wav,byod-bigmuff,4,1,4,2,21.61638024087312,9.126662172709777
les_neck_fing16__d5t0__00025.wav,pedalboard-tanh,les_neck_fing16,0.0010364056,les_neck_pick21__d3t0__00015.wav,byod-bigmuff,5,3,0,0,25.782351420955937,17.442946393617085
les_neck_fing16__d5t1__00026.wav,pedalboard-tanh,les_neck_fing16,0.0027151704,les_neck_pick02__d1t1__00006.wav,byod-bigmuff,5,1,1,1,25.782351420955937,9.126662172709777
les_neck_fing16__d5t2__00027.wav,pedalboard-tanh,les_neck_fing16,0.0033214092,les_neck_pick11__d3t1__00016.wav,byod-bigmuff,5,3,2,1,25.782351420955937,17.442946393617085
les_neck_fing16__d5t3__00028.wav,pedalboard-tanh,les_neck_fing16,0.005733609,les_neck_pick11__d5t1__00026.wav,lsp-arctan,5,5,3,1,25.782351420955937,25.788497067568912
les_neck_fing16__d5t4__00029.wav,pedalboard-tanh,les_neck_fing16,0.0043435693,les_neck_pick07__d6t2__00032.wav,byod-mxr,5,6,4,2,25.782351420955937,29.91150927100104
les_neck_fing16__d6t0__00030.wav,pedalboard-tanh,les_neck_fing16,0.003076315,les_neck_pick07__d6t0__00030.wav,lsp-tanh,6,6,0,0,29.92239131554786,29.89601395521624
les_neck_fing16__d6t1__00031.wav,pedalboard-tanh,les_neck_fing16,0.0016230941,les_bridge_fing24__d0t2__00002.wav,byod-bigmuff,6,0,1,2,29.92239131554786,5.044777586688817
les_neck_fing16__d6t2__00032.wav,pedalboard-tanh,les_neck_fing16,0.005193174,les_bridge_fing24__d2t2__00012.wav,byod-bigmuff,6,2,2,2,29.92239131554786,13.312631977514853
les_neck_fing16__d6t3__00033.wav,pedalboard-tanh,les_neck_fing16,0.0036242604,les_neck_pick11__d2t4__00014.wav,byod-bigmuff,6,2,3,4,29.92239131554786,13.312631977514853
les_neck_fing16__d6t4__00034.wav,pedalboard-tanh,les_neck_fing16,0.006664157,les_neck_pick07__d6t3__00033.wav,byod-mxr,6,6,4,3,29.92239131554786,29.91150927100104
les_neck_fing16__d7t0__00035.wav,pedalboard-tanh,les_neck_fing16,0.0033091903,les_neck_pick02__d2t1__00011.wav,byod-bigmuff,7,2,0,1,34.075823464139134,13.312631977514853
les_neck_fing16__d7t1__00036.wav,pedalboard-tanh,les_neck_fing16,0.0027154684,les_neck_pick11__d6t0__00030.wav,byod-mxr,7,6,1,0,34.075823464139134,29.91150927100104
les_neck_fing16__d7t2__00037.wav,pedalboard-tanh,les_neck_fing16,0.008338749,les_neck_pick21__d6t1__00031.wav,byod-bigmuff,7,6,2,1,34.075823464139134,29.9151414217934
les_neck_fing16__d7t3__00038.wav,pedalboard-tanh,les_neck_fing16,0.011838496,les_bridge_pick16__d6t2__00032.wav,byod-bigmuff,7,6,3,2,34.075823464139134,29.9151414217934
les_neck_fing16__d7t4__00039.wav,pedalboard-tanh,les_neck_fing16,0.0064758062,les_neck_pick14__d7t1__00036.wav,byod-mxr,7,7,4,1,34.075823464139134,34.08156088036171
les_neck_fing18__d0t0__00000.wav,pedalboard-tanh,les_neck_fing18,0.00083881617,les_neck_pick12__d3t1__00016.wav,lsp-hardclip,0,3,0,1,5.0,17.563088337099366
les_neck_fing18__d0t1__00001.wav,pedalboard-tanh,les_neck_fing18,0.00066047907,les_bridge_pick16__d2t2__00012.wav,lsp-tanh,0,2,1,2,5.0,13.297259315581634
les_neck_fing18__d0t2__00002.wav,pedalboard-tanh,les_neck_fing18,0.0015865564,les_bridge_pick25__d0t3__00003.wav,lsp-arctan,0,0,2,3,5.0,5.005872107125804
les_neck_fing18__d0t3__00003.wav,pedalboard-tanh,les_neck_fing18,0.0029603243,les_neck_pick21__d1t2__00007.wav,lsp-tanh,0,1,3,2,5.0,9.088421535688989
les_neck_fing18__d0t4__00004.wav,pedalboard-tanh,les_neck_fing18,0.0025868416,les_neck_fing01__d0t3__00003.wav,lsp-sine,0,0,4,3,5.0,5.041347474059023
les_neck_fing18__d1t0__00005.wav,pedalboard-tanh,les_neck_fing18,0.0016572475,les_neck_pick12__d3t1__00016.wav,lsp-hardclip,1,3,0,1,9.146047429418331,17.563088337099366
les_neck_fing18__d1t1__00006.wav,pedalboard-tanh,les_neck_fing18,0.0006839037,les_neck_pick05__d0t0__00000.wav,byod-mxr,1,0,1,0,9.146047429418331,5.0
les_neck_fing18__d1t2__00007.wav,pedalboard-tanh,les_neck_fing18,0.0016414523,les_neck_pick05__d0t1__00001.wav,byod-mxr,1,0,2,1,9.146047429418331,5.0
les_neck_fing18__d1t3__00008.wav,pedalboard-tanh,les_neck_fing18,0.003117621,les_neck_fing01__d1t2__00007.wav,byod-mxr,1,1,3,2,9.146047429418331,9.107670514338215
les_neck_fing18__d1t4__00009.wav,pedalboard-tanh,les_neck_fing18,0.0028005838,les_neck_fing01__d0t3__00003.wav,byod-mxr,1,0,4,3,9.146047429418331,5.0
les_neck_fing18__d2t0__00010.wav,pedalboard-tanh,les_neck_fing18,0.0010417104,les_neck_pick09__d4t0__00020.wav,lsp-hardclip,2,4,0,0,13.296816138037473,21.54643860361127
les_neck_fing18__d2t1__00011.wav,pedalboard-tanh,les_neck_fing18,0.0017504096,les_bridge_fing20__d2t2__00012.wav,lsp-arctan,2,2,1,2,13.296816138037473,13.270071970821393
les_neck_fing18__d2t2__00012.wav,pedalboard-tanh,les_neck_fing18,0.0028256774,les_neck_pick09__d0t2__00002.wav,byod-mxr,2,0,2,2,13.296816138037473,5.0
les_neck_fing18__d2t3__00013.wav,pedalboard-tanh,les_neck_fing18,0.0039504766,les_bridge_pick17__d1t4__00009.wav,byod-mxr,2,1,3,4,13.296816138037473,9.107670514338215
les_neck_fing18__d2t4__00014.wav,pedalboard-tanh,les_neck_fing18,0.003534913,les_neck_pick09__d0t4__00004.wav,byod-mxr,2,0,4,4,13.296816138037473,5.0
les_neck_fing18__d3t0__00015.wav,pedalboard-tanh,les_neck_fing18,0.0029223561,les_bridge_fing24__d3t1__00016.wav,byod-mxr,3,3,0,1,17.454399305827287,17.452308155418716
les_neck_fing18__d3t1__00016.wav,pedalboard-tanh,les_neck_fing18,0.002452314,les_neck_pick09__d3t1__00016.wav,byod-mxr,3,3,1,1,17.454399305827287,17.452308155418716
les_neck_fing18__d3t2__00017.wav,pedalboard-tanh,les_neck_fing18,0.002166748,les_neck_pick09__d3t2__00017.wav,lsp-sine,3,3,2,2,17.454399305827287,17.46073355198249
les_neck_fing18__d3t3__00018.wav,pedalboard-tanh,les_neck_fing18,0.0034484863,les_neck_pick09__d3t3__00018.wav,lsp-sine,3,3,3,3,17.454399305827287,17.46073355198249
les_neck_fing18__d3t4__00019.wav,pedalboard-tanh,les_neck_fing18,0.002542138,les_neck_pick09__d3t4__00019.wav,lsp-sine,3,3,4,4,17.454399305827287,17.46073355198249
les_neck_fing18__d4t0__00020.wav,pedalboard-tanh,les_neck_fing18,0.004469216,les_neck_pick12__d5t1__00026.wav,lsp-hardclip,4,5,0,1,21.61638024087312,25.79865436059077
les_neck_fing18__d4t1__00021.wav,pedalboard-tanh,les_neck_fing18,0.004731953,les_bridge_pick17__d4t1__00021.wav,lsp-arctan,4,4,1,1,21.61638024087312,21.613326710488973
les_neck_fing18__d4t2__00022.wav,pedalboard-tanh,les_neck_fing18,0.0028514266,les_bridge_pick17__d4t2__00022.wav,lsp-sine,4,4,2,2,21.61638024087312,21.652716208419097
les_neck_fing18__d4t3__00023.wav,pedalboard-tanh,les_neck_fing18,0.0021286607,les_bridge_pick17__d4t3__00023.wav,lsp-sine,4,4,3,3,21.61638024087312,21.652716208419097
les_neck_fing18__d4t4__00024.wav,pedalboard-tanh,les_neck_fing18,0.0028626919,les_neck_pick09__d4t4__00024.wav,byod-mxr,4,4,4,4,21.61638024087312,21.62039317761596
les_neck_fing18__d5t0__00025.wav,pedalboard-tanh,les_neck_fing18,0.002368331,les_bridge_fing21__d4t1__00021.wav,byod-bigmuff,5,4,0,1,25.782351420955937,21.5884141303546
les_neck_fing18__d5t1__00026.wav,pedalboard-tanh,les_neck_fing18,0.0053579807,les_bridge_fing24__d5t2__00027.wav,lsp-hardclip,5,5,1,2,25.782351420955937,25.79865436059077
les_neck_fing18__d5t2__00027.wav,pedalboard-tanh,les_neck_fing18,0.0050576925,les_bridge_fing24__d5t3__00028.wav,byod-mxr,5,5,2,3,25.782351420955937,25.779078975465445
les_neck_fing18__d5t3__00028.wav,pedalboard-tanh,les_neck_fing18,0.0023282766,les_neck_pick09__d5t3__00028.wav,lsp-arctan,5,5,3,3,25.782351420955937,25.788497067568912
les_neck_fing18__d5t4__00029.wav,pedalboard-tanh,les_neck_fing18,0.0024935603,les_neck_pick02__d5t4__00029.wav,lsp-sine,5,5,4,4,25.782351420955937,25.7855895742644
les_neck_fing18__d6t0__00030.wav,pedalboard-tanh,les_neck_fing18,0.0038645864,les_bridge_fing20__d4t1__00021.wav,byod-bigmuff,6,4,0,1,29.92239131554786,21.5884141303546
les_neck_fing18__d6t1__00031.wav,pedalboard-tanh,les_neck_fing18,0.0042580366,les_neck_pick07__d6t3__00033.wav,lsp-arctan,6,6,1,3,29.92239131554786,29.91872954355242
les_neck_fing18__d6t2__00032.wav,pedalboard-tanh,les_neck_fing18,0.005959213,les_bridge_fing21__d6t3__00033.wav,lsp-arctan,6,6,2,3,29.92239131554786,29.91872954355242
les_neck_fing18__d6t3__00033.wav,pedalboard-tanh,les_neck_fing18,0.0035743713,les_neck_pick12__d7t3__00038.wav,lsp-arctan,6,7,3,3,29.92239131554786,34.09435618625095
les_neck_fing18__d6t4__00034.wav,pedalboard-tanh,les_neck_fing18,0.001991272,les_neck_pick04__d6t4__00034.wav,lsp-tanh,6,6,4,4,29.92239131554786,29.89601395521624
les_neck_fing18__d7t0__00035.wav,pedalboard-tanh,les_neck_fing18,0.0032163858,les_bridge_pick17__d6t1__00031.wav,lsp-sine,7,6,0,1,34.075823464139134,29.915327656251563
les_neck_fing18__d7t1__00036.wav,pedalboard-tanh,les_neck_fing18,0.004942596,les_neck_pick21__d7t1__00036.wav,lsp-arctan,7,7,1,1,34.075823464139134,34.09435618625095
les_neck_fing18__d7t2__00037.wav,pedalboard-tanh,les_neck_fing18,0.0022662282,les_bridge_pick25__d6t3__00033.wav,lsp-tanh,7,6,2,3,34.075823464139134,29.89601395521624
les_neck_fing18__d7t3__00038.wav,pedalboard-tanh,les_neck_fing18,0.0015580654,les_neck_pick04__d7t3__00038.wav,lsp-arctan,7,7,3,3,34.075823464139134,34.09435618625095
les_neck_fing18__d7t4__00039.wav,pedalboard-tanh,les_neck_fing18,0.001386404,les_neck_fing01__d7t3__00038.wav,lsp-tanh,7,7,4,3,34.075823464139134,34.0729352593394
les_neck_pick06__d0t0__00000.wav,pedalboard-tanh,les_neck_pick06,0.0036970377,les_neck_pick12__d0t0__00000.wav,lsp-sine,0,0,0,0,5.0,5.041347474059023
les_neck_pick06__d0t1__00001.wav,pedalboard-tanh,les_neck_pick06,0.000839293,les_bridge_pick16__d2t0__00010.wav,lsp-sine,0,2,1,0,5.0,13.251366385956809
les_neck_pick06__d0t2__00002.wav,pedalboard-tanh,les_neck_pick06,0.0007418394,les_bridge_pick16__d2t1__00011.wav,lsp-arctan,0,2,2,1,5.0,13.270071970821393
les_neck_pick06__d0t3__00003.wav,pedalboard-tanh,les_neck_pick06,0.0006594062,les_bridge_pick16__d1t2__00007.wav,lsp-sine,0,1,3,2,5.0,9.202349861352678
les_neck_pick06__d0t4__00004.wav,pedalboard-tanh,les_neck_pick06,0.001465559,les_bridge_pick16__d1t3__00008.wav,lsp-arctan,0,1,4,3,5.0,9.170316408518453
les_neck_pick06__d1t0__00005.wav,pedalboard-tanh,les_neck_pick06,0.004038036,les_neck_pick12__d0t0__00000.wav,lsp-sine,1,0,0,0,9.146047429418331,5.041347474059023
les_neck_pick06__d1t1__00006.wav,pedalboard-tanh,les_neck_pick06,0.0014653206,les_neck_pick12__d1t0__00005.wav,byod-mxr,1,1,1,0,9.146047429418331,9.107670514338215
les_neck_pick06__d1t2__00007.wav,pedalboard-tanh,les_neck_pick06,0.0010778904,les_bridge_pick16__d2t1__00011.wav,lsp-tanh,1,2,2,1,9.146047429418331,13.297259315581634
les_neck_pick06__d1t3__00008.wav,pedalboard-tanh,les_neck_pick06,0.0015197992,les_neck_pick12__d2t2__00012.wav,lsp-tanh,1,2,3,2,9.146047429418331,13.297259315581634
les_neck_pick06__d1t4__00009.wav,pedalboard-tanh,les_neck_pick06,0.0031254888,les_bridge_pick16__d0t3__00003.wav,byod-mxr,1,0,4,3,9.146047429418331,5.0
les_neck_pick06__d2t0__00010.wav,pedalboard-tanh,les_neck_pick06,0.006531,les_neck_pick12__d0t0__00000.wav,lsp-tanh,2,0,0,0,13.296816138037473,5.0
les_neck_pick06__d2t1__00011.wav,pedalboard-tanh,les_neck_pick06,0.0026003122,les_neck_pick07__d5t0__00025.wav,lsp-arctan,2,5,1,0,13.296816138037473,25.788497067568912
les_neck_pick06__d2t2__00012.wav,pedalboard-tanh,les_neck_pick06,0.0028156042,les_bridge_fing24__d2t1__00011.wav,lsp-tanh,2,2,2,1,13.296816138037473,13.297259315581634
les_neck_pick06__d2t3__00013.wav,pedalboard-tanh,les_neck_pick06,0.0017234087,les_neck_pick21__d3t0__00015.wav,byod-mxr,2,3,3,0,13.296816138037473,17.452308155418716
les_neck_pick06__d2t4__00014.wav,pedalboard-tanh,les_neck_pick06,0.0071561933,les_bridge_fing24__d0t3__00003.wav,lsp-hardclip,2,0,4,3,13.296816138037473,5.063331073032135
les_neck_pick06__d3t0__00015.wav,pedalboard-tanh,les_neck_pick06,0.00384593,les_neck_pick12__d0t0__00000.wav,byod-bigmuff,3,0,0,0,17.454399305827287,5.044777586688817
les_neck_pick06__d3t1__00016.wav,pedalboard-tanh,les_neck_pick06,0.001722157,les_bridge_fing24__d3t0__00015.wav,byod-mxr,3,3,1,0,17.454399305827287,17.452308155418716
les_neck_pick06__d3t2__00017.wav,pedalboard-tanh,les_neck_pick06,0.0029953718,les_bridge_fing24__d3t1__00016.wav,lsp-arctan,3,3,2,1,17.454399305827287,17.436825605717576
les_neck_pick06__d3t3__00018.wav,pedalboard-tanh,les_neck_pick06,0.0031055212,les_neck_pick05__d4t0__00020.wav,byod-mxr,3,4,3,0,17.454399305827287,21.62039317761596
les_neck_pick06__d3t4__00019.wav,pedalboard-tanh,les_neck_pick06,0.008794904,les_bridge_pick16__d4t2__00022.wav,lsp-arctan,3,4,4,2,17.454399305827287,21.613326710488973
les_neck_pick06__d4t0__00020.wav,pedalboard-tanh,les_neck_pick06,0.0009611249,les_bridge_fing24__d1t0__00005.wav,byod-bigmuff,4,1,0,0,21.61638024087312,9.126662172709777
les_neck_pick06__d4t1__00021.wav,pedalboard-tanh,les_neck_pick06,0.0044544935,les_bridge_fing24__d5t0__00025.wav,lsp-hardclip,4,5,1,0,21.61638024087312,25.79865436059077
les_neck_pick06__d4t2__00022.wav,pedalboard-tanh,les_neck_pick06,0.005686462,les_neck_pick03__d5t0__00025.wav,lsp-sine,4,5,2,0,21.61638024087312,25.7855895742644
les_neck_pick06__d4t3__00023.wav,pedalboard-tanh,les_neck_pick06,0.0053605437,les_neck_pick03__d5t1__00026.wav,lsp-sine,4,5,3,1,21.61638024087312,25.7855895742644
les_neck_pick06__d4t4__00024.wav,pedalboard-tanh,les_neck_pick06,0.010086477,les_neck_fing15__d6t1__00031.wav,lsp-sine,4,6,4,1,21.61638024087312,29.915327656251563
les_neck_pick06__d5t0__00025.wav,pedalboard-tanh,les_neck_pick06,0.0022553205,les_bridge_fing21__d5t0__00025.wav,byod-mxr,5,5,0,0,25.782351420955937,25.779078975465445
les_neck_pick06__d5t1__00026.wav,pedalboard-tanh,les_neck_pick06,0.006176591,les_bridge_fing24__d1t2__00007.wav,byod-bigmuff,5,1,1,2,25.782351420955937,9.126662172709777
les_neck_pick06__d5t2__00027.wav,pedalboard-tanh,les_neck_pick06,0.008876741,les_neck_pick02__d6t0__00030.wav,lsp-sine,5,6,2,0,25.782351420955937,29.915327656251563
les_neck_pick06__d5t3__00028.wav,pedalboard-tanh,les_neck_pick06,0.0066675544,les_neck_pick04__d6t1__00031.wav,lsp-hardclip,5,6,3,1,25.782351420955937,29.908667593492765
les_neck_pick06__d5t4__00029.wav,pedalboard-tanh,les_neck_pick06,0.0046511292,les_bridge_pick17__d5t2__00027.wav,lsp-arctan,5,5,4,2,25.782351420955937,25.788497067568912
les_neck_pick06__d6t0__00030.wav,pedalboard-tanh,les_neck_pick06,0.0030421615,les_bridge_fing24__d3t1__00016.wav,byod-bigmuff,6,3,0,1,29.92239131554786,17.442946393617085
les_neck_pick06__d6t1__00031.wav,pedalboard-tanh,les_neck_pick06,0.0036913157,les_bridge_fing21__d6t1__00031.wav,lsp-hardclip,6,6,1,1,29.92239131554786,29.908667593492765
les_neck_pick06__d6t2__00032.wav,pedalboard-tanh,les_neck_pick06,0.0024621487,les_bridge_fing24__d6t1__00031.wav,lsp-tanh,6,6,2,1,29.92239131554786,29.89601395521624
les_neck_pick06__d6t3__00033.wav,pedalboard-tanh,les_neck_pick06,0.008514464,les_bridge_fing24__d6t2__00032.wav,byod-bigmuff,6,6,3,2,29.92239131554786,29.9151414217934
les_neck_pick06__d6t4__00034.wav,pedalboard-tanh,les_neck_pick06,0.0063842535,les_neck_pick14__d6t2__00032.wav,byod-bigmuff,6,6,4,2,29.92239131554786,29.9151414217934
les_neck_pick06__d7t0__00035.wav,pedalboard-tanh,les_neck_pick06,0.0032577515,les_neck_pick02__d5t1__00026.wav,byod-bigmuff,7,5,0,1,34.075823464139134,25.77210742134771
les_neck_pick06__d7t1__00036.wav,pedalboard-tanh,les_neck_pick06,0.0046014786,les_neck_pick02__d7t0__00035.wav,lsp-hardclip,7,7,1,0,34.075823464139134,34.07942205160116
les_neck_pick06__d7t2__00037.wav,pedalboard-tanh,les_neck_pick06,0.004475236,les_bridge_fing24__d7t1__00036.wav,lsp-arctan,7,7,2,1,34.075823464139134,34.09435618625095
les_neck_pick06__d7t3__00038.wav,pedalboard-tanh,les_neck_pick06,0.001462698,les_bridge_fing21__d7t2__00037.wav,lsp-sine,7,7,3,2,34.075823464139134,34.094517939627885
les_neck_pick06__d7t4__00039.wav,pedalboard-tanh,les_neck_pick06,0.0028256178,les_bridge_fing20__d5t4__00029.wav,byod-bigmuff,7,5,4,4,34.075823464139134,25.77210742134771
les_neck_pick17__d0t0__00000.wav,pedalboard-tanh,les_neck_pick17,0.00024801493,les_neck_pick12__d0t1__00001.wav,byod-mxr,0,0,0,1,5.0,5.0
les_neck_pick17__d0t1__00001.wav,pedalboard-tanh,les_neck_pick17,0.00030869246,les_neck_pick02__d0t0__00000.wav,lsp-sine,0,0,1,0,5.0,5.041347474059023
les_neck_pick17__d0t2__00002.wav,pedalboard-tanh,les_neck_pick17,0.0005940199,les_neck_pick02__d0t1__00001.wav,lsp-arctan,0,0,2,1,5.0,5.005872107125804
les_neck_pick17__d0t3__00003.wav,pedalboard-tanh,les_neck_pick17,0.00350976,les_neck_fing15__d1t3__00008.wav,lsp-arctan,0,1,3,3,5.0,9.170316408518453
les_neck_pick17__d0t4__00004.wav,pedalboard-tanh,les_neck_pick17,0.0015157461,les_neck_pick21__d0t2__00002.wav,lsp-arctan,0,0,4,2,5.0,5.005872107125804
les_neck_pick17__d1t0__00005.wav,pedalboard-tanh,les_neck_pick17,0.00022506714,les_bridge_pick16__d3t0__00015.wav,lsp-sine,1,3,0,0,9.146047429418331,17.46073355198249
les_neck_pick17__d1t1__00006.wav,pedalboard-tanh,les_neck_pick17,0.00029468536,les_neck_pick02__d1t0__00005.wav,lsp-sine,1,1,1,0,9.146047429418331,9.202349861352678
les_neck_pick17__d1t2__00007.wav,pedalboard-tanh,les_neck_pick17,0.0009177327,les_neck_pick12__d1t3__00008.wav,byod-mxr,1,1,2,3,9.146047429418331,9.107670514338215
les_neck_pick17__d1t3__00008.wav,pedalboard-tanh,les_neck_pick17,0.0024626255,les_neck_fing15__d1t3__00008.wav,lsp-arctan,1,1,3,3,9.146047429418331,9.170316408518453
les_neck_pick17__d1t4__00009.wav,pedalboard-tanh,les_neck_pick17,0.0014821887,les_neck_pick21__d1t2__00007.wav,lsp-tanh,1,1,4,2,9.146047429418331,9.088421535688989
les_neck_pick17__d2t0__00010.wav,pedalboard-tanh,les_neck_pick17,0.00058299303,les_bridge_pick16__d3t0__00015.wav,lsp-tanh,2,3,0,0,13.296816138037473,17.426284440144894
les_neck_pick17__d2t1__00011.wav,pedalboard-tanh,les_neck_pick17,0.0005310178,les_bridge_pick16__d3t1__00016.wav,lsp-arctan,2,3,1,1,13.296816138037473,17.436825605717576
les_neck_pick17__d2t2__00012.wav,pedalboard-tanh,les_neck_pick17,0.0015514493,les_neck_pick02__d1t1__00006.wav,byod-mxr,2,1,2,1,13.296816138037473,9.107670514338215
les_neck_pick17__d2t3__00013.wav,pedalboard-tanh,les_neck_pick17,0.0017496943,les_neck_pick14__d2t1__00011.wav,lsp-hardclip,2,2,3,1,13.296816138037473,13.55142968534178
les_neck_pick17__d2t4__00014.wav,pedalboard-tanh,les_neck_pick17,0.001695931,les_neck_pick21__d2t2__00012.wav,lsp-arctan,2,2,4,2,13.296816138037473,13.270071970821393
les_neck_pick17__d3t0__00015.wav,pedalboard-tanh,les_neck_pick17,0.001624465,les_bridge_fing24__d3t0__00015.wav,lsp-tanh,3,3,0,0,17.454399305827287,17.426284440144894
les_neck_pick17__d3t1__00016.wav,pedalboard-tanh,les_neck_pick17,0.0011988878,les_neck_pick02__d3t0__00015.wav,lsp-arctan,3,3,1,0,17.454399305827287,17.436825605717576
les_neck_pick17__d3t2__00017.wav,pedalboard-tanh,les_neck_pick17,0.0019164085,les_neck_pick03__d3t1__00016.wav,byod-mxr,3,3,2,1,17.454399305827287,17.452308155418716
les_neck_pick17__d3t3__00018.wav,pedalboard-tanh,les_neck_pick17,0.00404191,les_neck_pick02__d3t2__00017.wav,lsp-arctan,3,3,3,2,17.454399305827287,17.436825605717576
les_neck_pick17__d3t4__00019.wav,pedalboard-tanh,les_neck_pick17,0.0037115216,les_neck_pick05__d3t2__00017.wav,lsp-hardclip,3,3,4,2,17.454399305827287,17.563088337099366
les_neck_pick17__d4t0__00020.wav,pedalboard-tanh,les_neck_pick17,0.0018216372,les_bridge_fing24__d4t0__00020.wav,lsp-sine,4,4,0,0,21.61638024087312,21.652716208419097
les_neck_pick17__d4t1__00021.wav,pedalboard-tanh,les_neck_pick17,0.0025512576,les_neck_pick05__d4t0__00020.wav,lsp-arctan,4,4,1,0,21.61638024087312,21.613326710488973
les_neck_pick17__d4t2__00022.wav,pedalboard-tanh,les_neck_pick17,0.0021172166,les_neck_pick05__d4t1__00021.wav,lsp-arctan,4,4,2,1,21.61638024087312,21.613326710488973
les_neck_pick17__d4t3__00023.wav,pedalboard-tanh,les_neck_pick17,0.0062704682,les_neck_pick03__d5t2__00027.wav,byod-mxr,4,5,3,2,21.61638024087312,25.779078975465445
les_neck_pick17__d4t4__00024.wav,pedalboard-tanh,les_neck_pick17,0.0047904253,les_neck_pick11__d4t4__00024.wav,lsp-arctan,4,4,4,4,21.61638024087312,21.613326710488973
les_neck_pick17__d5t0__00025.wav,pedalboard-tanh,les_neck_pick17,0.0014206767,les_bridge_fing24__d5t0__00025.wav,lsp-arctan,5,5,0,0,25.782351420955937,25.788497067568912
les_neck_pick17__d5t1__00026.wav,pedalboard-tanh,les_neck_pick17,0.004071951,les_bridge_fing24__d5t1__00026.wav,lsp-arctan,5,5,1,1,25.782351420955937,25.788497067568912
les_neck_pick17__d5t2__00027.wav,pedalboard-tanh,les_neck_pick17,0.0066598654,les_neck_pick12__d5t3__00028.wav,lsp-hardclip,5,5,2,3,25.782351420955937,25.79865436059077
les_neck_pick17__d5t3__00028.wav,pedalboard-tanh,les_neck_pick17,0.0046105385,les_neck_pick05__d5t2__00027.wav,lsp-sine,5,5,3,2,25.782351420955937,25.7855895742644
les_neck_pick17__d5t4__00029.wav,pedalboard-tanh,les_neck_pick17,0.004408598,les_neck_pick04__d5t3__00028.wav,lsp-arctan,5,5,4,3,25.782351420955937,25.788497067568912
les_neck_pick17__d6t0__00030.wav,pedalboard-tanh,les_neck_pick17,0.0029102564,les_bridge_fing24__d6t0__00030.wav,lsp-hardclip,6,6,0,0,29.92239131554786,29.908667593492765
les_neck_pick17__d6t1__00031.wav,pedalboard-tanh,les_neck_pick17,0.0020441413,les_bridge_fing24__d6t1__00031.wav,byod-mxr,6,6,1,1,29.92239131554786,29.91150927100104
les_neck_pick17__d6t2__00032.wav,pedalboard-tanh,les_neck_pick17,0.0041944385,les_neck_fing01__d6t1__00031.wav,lsp-hardclip,6,6,2,1,29.92239131554786,29.908667593492765
les_neck_pick17__d6t3__00033.wav,pedalboard-tanh,les_neck_pick17,0.0025979877,les_neck_pick12__d6t4__00034.wav,lsp-tanh,6,6,3,4,29.92239131554786,29.89601395521624
les_neck_pick17__d6t4__00034.wav,pedalboard-tanh,les_neck_pick17,0.0018461943,les_neck_pick02__d6t3__00033.wav,lsp-tanh,6,6,4,3,29.92239131554786,29.89601395521624
les_neck_pick17__d7t0__00035.wav,pedalboard-tanh,les_neck_pick17,0.0026424527,les_bridge_fing24__d7t0__00035.wav,byod-mxr,7,7,0,0,34.075823464139134,34.08156088036171
les_neck_pick17__d7t1__00036.wav,pedalboard-tanh,les_neck_pick17,0.0032285452,les_neck_pick12__d7t1__00036.wav,lsp-hardclip,7,7,1,1,34.075823464139134,34.07942205160116
les_neck_pick17__d7t2__00037.wav,pedalboard-tanh,les_neck_pick17,0.0041804314,les_neck_pick12__d7t2__00037.wav,byod-bigmuff,7,7,2,2,34.075823464139134,34.074932620854284
les_neck_pick17__d7t3__00038.wav,pedalboard-tanh,les_neck_pick17,0.0029800534,les_neck_pick05__d6t3__00033.wav,lsp-arctan,7,6,3,3,34.075823464139134,29.91872954355242
les_neck_pick17__d7t4__00039.wav,pedalboard-tanh,les_neck_pick17,0.0017579794,les_neck_pick02__d7t3__00038.wav,lsp-tanh,7,7,4,3,34.075823464139134,34.0729352593394
