file_name,y_true_reverb_room_size,y_pred_reverb_room_size
strat_bridge_fing12__00000001__s0014.wav,0.4964218735694885,0.539479672908783
prs_neck_fing04__00000001__s0005.wav,0.22802869975566864,0.24236035346984863
prs_bridge_fing18__00000001__s0034.wav,0.22148874402046204,0.5640519857406616
prs_neck_fing15__00000001__s0050.wav,0.23973287642002106,0.13816823065280914
strat_neck_pick21__00000001__s0050.wav,0.7335246801376343,0.6812162399291992
prs_neck_pick10__00000001__s0015.wav,0.025562407448887825,0.13799113035202026
prs_neck_fing04__00000001__s0002.wav,0.8552446961402893,0.7296881079673767
tele_neck_pick09__00000001__s0001.wav,0.5959221720695496,0.6327106356620789
tele_neck_pick24__00000001__s0034.wav,0.5005844831466675,0.4673249423503876
prs_neck_pick13__00000001__s0008.wav,0.2241753786802292,0.5734371542930603
prs_bridge_pick21__00000001__s0023.wav,0.247280091047287,0.3806649446487427
strat_bridge_pick21__00000001__s0035.wav,0.7081509232521057,0.5387554168701172
strat_neck_pick09__00000001__s0014.wav,0.20222578942775726,0.7421948313713074
strat_bridge_fing20__00000001__s0039.wav,0.838969886302948,0.655795693397522
prs_neck_pick04__00000001__s0007.wav,0.11544522643089294,0.524940013885498
prs_bridge_fing14__00000001__s0049.wav,0.9569304585456848,0.7927192449569702
prs_neck_fing25__00000001__s0034.wav,0.2564057409763336,0.31776463985443115
strat_bridge_pick05__00000001__s0021.wav,0.512018084526062,0.48695555329322815
les_neck_pick18__00000001__s0030.wav,0.11155206710100174,0.27659088373184204
strat_neck_fing11__00000001__s0055.wav,0.07260271906852722,0.3086942434310913
tele_bridge_fing02__00000001__s0048.wav,0.985877275466919,0.8780235648155212
strat_neck_fing24__00000001__s0036.wav,0.07868116348981857,0.45695340633392334
les_bridge_pick22__00000001__s0003.wav,0.3785492181777954,0.6042013168334961
strat_bridge_fing13__00000001__s0051.wav,0.7667093873023987,0.8035849332809448
tele_bridge_fing21__00000001__s0023.wav,0.6697103977203369,0.37055233120918274
prs_neck_pick10__00000001__s0012.wav,0.9114201664924622,0.7463148236274719
prs_bridge_pick13__00000001__s0041.wav,0.3170244097709656,0.53705894947052
tele_neck_fing02__00000001__s0007.wav,0.8256153464317322,0.5999600291252136
les_bridge_fing06__00000001__s0003.wav,0.8165327906608582,0.8552627563476562
les_neck_fing23__00000001__s0053.wav,0.5209677815437317,0.6477447152137756
les_neck_pick08__00000001__s0008.wav,0.647453248500824,0.3691577613353729
prs_bridge_fing21__00000001__s0020.wav,0.5843740701675415,0.41303345561027527
tele_bridge_fing08__00000001__s0013.wav,0.7413640022277832,0.8048428893089294
strat_neck_fing02__00000001__s0017.wav,0.589309573173523,0.7285116910934448
prs_neck_pick07__00000001__s0039.wav,0.5963262319564819,0.5556020140647888
tele_neck_fing02__00000001__s0015.wav,0.7032697200775146,0.6705536246299744
strat_neck_fing23__00000001__s0009.wav,0.40807342529296875,0.22200095653533936
prs_neck_fing11__00000001__s0040.wav,0.00010393511183792725,0.7304388880729675
les_neck_pick24__00000001__s0039.wav,0.9217886924743652,0.9446584582328796
prs_neck_pick03__00000001__s0014.wav,0.7557364106178284,0.43226155638694763
tele_neck_fing15__00000001__s0013.wav,0.3135211765766144,0.2131042182445526
les_neck_pick25__00000001__s0001.wav,0.02030453458428383,0.4052499234676361
les_neck_pick06__00000001__s0039.wav,0.2317841649055481,0.3081821799278259
les_bridge_fing19__00000001__s0055.wav,0.5198847055435181,0.65436851978302
prs_neck_fing09__00000001__s0020.wav,0.5214030146598816,0.2664248049259186
prs_neck_fing23__00000001__s0014.wav,0.6953932046890259,0.5992357134819031
strat_bridge_fing12__00000001__s0001.wav,0.040212489664554596,0.15334689617156982
prs_neck_fing02__00000001__s0052.wav,0.2960156798362732,0.44179558753967285
prs_neck_fing25__00000001__s0048.wav,0.771946370601654,0.26797357201576233
tele_bridge_pick22__00000001__s0041.wav,0.49457746744155884,0.38806840777397156
les_neck_pick08__00000001__s0013.wav,0.5108742117881775,0.47626182436943054
prs_neck_fing20__00000001__s0034.wav,0.14394338428974152,0.28321129083633423
tele_neck_pick04__00000001__s0047.wav,0.07822981476783752,0.4374190866947174
les_neck_pick21__00000001__s0017.wav,0.9189686179161072,0.8321664929389954
prs_bridge_fing03__00000001__s0034.wav,0.04471442848443985,0.20537123084068298
prs_neck_fing17__00000001__s0003.wav,0.19914470613002777,0.2714124619960785
tele_bridge_pick13__00000001__s0039.wav,0.9047751426696777,0.7251193523406982
tele_neck_fing10__00000001__s0032.wav,0.1732008159160614,0.38080722093582153
prs_bridge_fing20__00000001__s0042.wav,0.09176274389028549,0.2039462774991989
prs_bridge_pick04__00000001__s0007.wav,0.008779207244515419,0.18046462535858154
prs_bridge_pick12__00000001__s0030.wav,0.07603634893894196,0.4295238256454468
strat_neck_pick19__00000001__s0044.wav,0.6207040548324585,0.6219786405563354
les_bridge_pick16__00000001__s0050.wav,0.08375760167837143,0.2585436999797821
tele_bridge_pick06__00000001__s0047.wav,0.7562636733055115,0.6630076169967651
prs_bridge_pick11__00000001__s0018.wav,0.09103270620107651,0.36774954199790955
strat_neck_fing18__00000001__s0048.wav,0.26400256156921387,0.18392005562782288
tele_neck_fing06__00000001__s0023.wav,0.024692311882972717,0.3742721676826477
prs_neck_fing01__00000001__s0007.wav,0.2847483158111572,0.3928525745868683
prs_bridge_pick17__00000001__s0004.wav,0.12928472459316254,0.2911313474178314
tele_bridge_fing17__00000001__s0039.wav,0.21097935736179352,0.505455493927002
les_neck_fing15__00000001__s0001.wav,0.6108887195587158,0.27563753724098206
prs_bridge_fing17__00000001__s0054.wav,0.19957348704338074,0.24631814658641815
les_neck_fing05__00000001__s0029.wav,0.29449138045310974,0.33179518580436707
prs_neck_pick22__00000001__s0049.wav,0.40076351165771484,0.4353511929512024
prs_bridge_pick25__00000001__s0036.wav,0.3608628213405609,0.28902044892311096
prs_neck_pick09__00000001__s0021.wav,0.193680539727211,0.3234856426715851
strat_neck_pick18__00000001__s0027.wav,0.3838716447353363,0.45395269989967346
prs_bridge_pick03__00000001__s0026.wav,0.4184899628162384,0.506011426448822
les_bridge_fing10__00000001__s0012.wav,0.6538716554641724,0.7527930736541748
prs_neck_fing18__00000001__s0046.wav,0.014524204656481743,0.4512465298175812
les_bridge_fing07__00000001__s0047.wav,0.8199077248573303,0.7317625880241394
strat_neck_fing19__00000001__s0008.wav,0.5324239134788513,0.43053996562957764
tele_neck_pick17__00000001__s0034.wav,0.16100561618804932,0.46659478545188904
les_neck_fing04__00000001__s0055.wav,0.7933019995689392,0.7699233889579773
strat_bridge_pick07__00000001__s0033.wav,0.5100246071815491,0.5718625783920288
prs_neck_fing22__00000001__s0038.wav,0.03284669667482376,0.20103953778743744
prs_bridge_pick25__00000001__s0051.wav,0.3030199408531189,0.28909581899642944
strat_neck_pick21__00000001__s0044.wav,0.3882805407047272,0.48260414600372314
strat_bridge_fing23__00000001__s0055.wav,0.24745877087116241,0.7082567811012268
prs_bridge_pick09__00000001__s0021.wav,0.8201476335525513,0.8337863683700562
strat_bridge_pick11__00000001__s0037.wav,0.1632966846227646,0.19828934967517853
les_neck_fing09__00000001__s0008.wav,0.8523730039596558,0.3512852191925049
tele_bridge_pick21__00000001__s0044.wav,0.6597450375556946,0.8648922443389893
strat_bridge_fing03__00000001__s0052.wav,0.4504415988922119,0.3769996166229248
les_neck_fing08__00000001__s0019.wav,0.11353737115859985,0.33914315700531006
les_bridge_fing08__00000001__s0055.wav,0.19463761150836945,0.2642498016357422
tele_neck_pick03__00000001__s0031.wav,0.3036258816719055,0.3860284388065338
les_bridge_fing05__00000001__s0035.wav,0.36625203490257263,0.28021320700645447
tele_neck_fing06__00000001__s0042.wav,0.6948685646057129,0.6913705468177795
strat_neck_pick07__00000001__s0052.wav,0.5526027679443359,0.5506296157836914
tele_bridge_fing17__00000001__s0022.wav,0.27201762795448303,0.3775782883167267
strat_bridge_fing09__00000001__s0034.wav,0.8695987462997437,0.6511799097061157
les_bridge_fing04__00000001__s0053.wav,0.1444825679063797,0.5139103531837463
prs_bridge_fing16__00000001__s0054.wav,0.03042006306350231,0.2543756663799286
les_bridge_pick17__00000001__s0050.wav,0.9406341314315796,0.8534361124038696
prs_bridge_fing22__00000001__s0003.wav,0.566323459148407,0.5481131076812744
tele_neck_pick17__00000001__s0039.wav,0.0403113067150116,0.20621617138385773
prs_neck_fing11__00000001__s0020.wav,0.9269787669181824,0.8604671359062195
prs_bridge_fing24__00000001__s0032.wav,0.7478027939796448,0.3734935224056244
prs_neck_pick13__00000001__s0033.wav,0.5578203797340393,0.831149160861969
les_neck_fing08__00000001__s0030.wav,0.6877549290657043,0.7374255657196045
prs_neck_fing23__00000001__s0028.wav,0.9207053780555725,0.826625406742096
les_bridge_fing05__00000001__s0023.wav,0.9576609134674072,0.6910246014595032
les_neck_fing25__00000001__s0042.wav,0.9240094423294067,0.8856704235076904
tele_neck_pick03__00000001__s0030.wav,0.39632856845855713,0.2497912049293518
tele_bridge_pick20__00000001__s0052.wav,0.926026463508606,0.9351123571395874
prs_bridge_fing15__00000001__s0054.wav,0.947009265422821,0.8320388197898865
les_bridge_fing09__00000001__s0026.wav,0.813743531703949,0.6016077399253845
prs_bridge_pick06__00000001__s0035.wav,0.8876613974571228,0.9186466336250305
strat_neck_fing03__00000001__s0014.wav,0.02571890875697136,0.34258535504341125
strat_neck_fing24__00000001__s0014.wav,0.35552364587783813,0.6104478240013123
tele_neck_pick21__00000001__s0014.wav,0.2242497056722641,0.25730618834495544
les_bridge_fing03__00000001__s0022.wav,0.32703304290771484,0.5514289736747742
les_neck_fing17__00000001__s0008.wav,0.9739875793457031,0.802010715007782
strat_neck_fing08__00000001__s0019.wav,0.7088261246681213,0.6336514353752136
strat_neck_fing01__00000001__s0053.wav,0.8244239687919617,0.8611342906951904
prs_neck_pick04__00000001__s0042.wav,0.5511941313743591,0.352839857339859
prs_neck_fing21__00000001__s0006.wav,0.1598311960697174,0.20917031168937683
les_neck_fing13__00000001__s0001.wav,0.7794248461723328,0.8298105001449585
strat_bridge_pick09__00000001__s0053.wav,0.248474583029747,0.2156190276145935
strat_neck_fing13__00000001__s0053.wav,0.660950779914856,0.2519075274467468
prs_bridge_fing05__00000001__s0019.wav,0.43958958983421326,0.6222015023231506
strat_neck_pick04__00000001__s0046.wav,0.4466445744037628,0.4885042607784271
prs_neck_pick08__00000001__s0043.wav,0.6417677402496338,0.2914773225784302
les_neck_fing02__00000001__s0048.wav,0.4394040107727051,0.4001096785068512
tele_bridge_pick05__00000001__s0005.wav,0.732542097568512,0.7180448174476624
prs_neck_pick25__00000001__s0034.wav,0.44071629643440247,0.30691760778427124
tele_bridge_pick07__00000001__s0054.wav,0.3235485553741455,0.387609601020813
prs_bridge_pick06__00000001__s0021.wav,0.1014406830072403,0.18975822627544403
tele_bridge_pick04__00000001__s0037.wav,0.16755890846252441,0.37901538610458374
tele_bridge_pick25__00000001__s0011.wav,0.15731017291545868,0.25324541330337524
les_neck_pick18__00000001__s0031.wav,0.3566034734249115,0.6497489809989929
strat_bridge_fing15__00000001__s0004.wav,0.11110386997461319,0.6598081588745117
prs_bridge_pick17__00000001__s0021.wav,0.9524385333061218,0.8275461792945862
prs_neck_fing19__00000001__s0029.wav,0.08445277065038681,0.17288750410079956
tele_bridge_pick06__00000001__s0048.wav,0.329720675945282,0.2504243552684784
tele_bridge_pick12__00000001__s0014.wav,0.013997714035212994,0.1976688802242279
les_bridge_fing10__00000001__s0043.wav,0.0062028029933571815,0.28649455308914185
les_neck_fing09__00000001__s0038.wav,0.5848357677459717,0.22620148956775665
prs_bridge_fing12__00000001__s0008.wav,0.05223900452256203,0.16947923600673676
tele_neck_fing11__00000001__s0033.wav,0.5468013286590576,0.2758825123310089
les_bridge_fing16__00000001__s0016.wav,0.8356249332427979,0.558163583278656
tele_bridge_fing20__00000001__s0042.wav,0.08923866599798203,0.41220542788505554
prs_bridge_fing08__00000001__s0047.wav,0.5726727247238159,0.2347918599843979
les_neck_pick23__00000001__s0042.wav,0.9476240873336792,0.6935957074165344
strat_bridge_pick03__00000001__s0046.wav,0.9406298398971558,0.938202440738678
les_neck_fing13__00000001__s0046.wav,0.4741414785385132,0.4911143481731415
prs_neck_pick10__00000001__s0052.wav,0.8628360629081726,0.8733585476875305
strat_bridge_pick24__00000001__s0023.wav,0.6723321080207825,0.23540131747722626
strat_bridge_pick11__00000001__s0000.wav,0.6672573089599609,0.3163684606552124
strat_neck_pick20__00000001__s0022.wav,0.4043767750263214,0.45175841450691223
strat_neck_pick24__00000001__s0024.wav,0.5071738958358765,0.6125050187110901
strat_neck_pick03__00000001__s0054.wav,0.570478618144989,0.6879982948303223
prs_neck_pick04__00000001__s0039.wav,0.6785542368888855,0.6809015274047852
prs_neck_pick21__00000001__s0039.wav,0.5703892707824707,0.21688291430473328
les_neck_fing16__00000001__s0022.wav,0.2518804967403412,0.20341803133487701
strat_neck_fing14__00000001__s0033.wav,0.8313283324241638,0.7786333560943604
prs_bridge_fing22__00000001__s0034.wav,0.9766948223114014,0.9260786175727844
tele_bridge_pick22__00000001__s0046.wav,0.29397323727607727,0.1657998114824295
prs_bridge_fing05__00000001__s0017.wav,0.04039976745843887,0.6296276450157166
les_bridge_fing13__00000001__s0016.wav,0.8948665261268616,0.8665777444839478
prs_neck_pick19__00000001__s0026.wav,0.6562627553939819,0.6156972646713257
les_bridge_fing04__00000001__s0031.wav,0.2698340117931366,0.4516541659832001
prs_bridge_fing06__00000001__s0020.wav,0.03842312842607498,0.5039125084877014
les_neck_pick22__00000001__s0001.wav,0.19436390697956085,0.49529552459716797
les_bridge_pick22__00000001__s0007.wav,0.6081399321556091,0.5447091460227966
tele_bridge_pick13__00000001__s0030.wav,0.9179203510284424,0.9165621399879456
tele_bridge_pick12__00000001__s0011.wav,0.6141138076782227,0.3087082803249359
tele_bridge_fing04__00000001__s0035.wav,0.4255903959274292,0.5046735405921936
tele_bridge_fing17__00000001__s0050.wav,0.10035452991724014,0.18188978731632233
tele_bridge_fing05__00000001__s0013.wav,0.03631453961133957,0.723278820514679
strat_bridge_pick12__00000001__s0033.wav,0.15986323356628418,0.4234718382358551
strat_bridge_fing07__00000001__s0026.wav,0.38572877645492554,0.5767357349395752
tele_bridge_pick06__00000001__s0003.wav,0.964607834815979,0.778264045715332
tele_neck_pick16__00000001__s0036.wav,0.09897170960903168,0.20187990367412567
strat_neck_fing24__00000001__s0037.wav,0.9649698734283447,0.9014788866043091
strat_bridge_pick11__00000001__s0005.wav,0.6046371459960938,0.5007777214050293
tele_bridge_fing18__00000001__s0015.wav,0.8464942574501038,0.7304816246032715
prs_neck_pick24__00000001__s0031.wav,0.17876292765140533,0.30307361483573914
les_bridge_fing24__00000001__s0009.wav,0.5018289685249329,0.358083575963974
tele_neck_fing05__00000001__s0036.wav,0.049917638301849365,0.25202780961990356
prs_bridge_pick24__00000001__s0049.wav,0.8727620840072632,0.7377670407295227
les_neck_pick13__00000001__s0031.wav,0.4229411780834198,0.2708958685398102
strat_neck_fing12__00000001__s0004.wav,0.6460574269294739,0.6179209351539612
tele_bridge_pick14__00000001__s0035.wav,0.39005470275878906,0.46156734228134155
tele_neck_pick11__00000001__s0055.wav,0.08831485360860825,0.5135678648948669
les_neck_pick06__00000001__s0045.wav,0.06742735207080841,0.21252752840518951
strat_neck_fing15__00000001__s0002.wav,0.6870397925376892,0.29267531633377075
strat_neck_fing12__00000001__s0016.wav,0.10493671894073486,0.19454163312911987
prs_bridge_fing05__00000001__s0040.wav,0.23690184950828552,0.40218842029571533
prs_neck_fing04__00000001__s0008.wav,0.1573382169008255,0.29044386744499207
strat_neck_pick08__00000001__s0011.wav,0.6798117160797119,0.47947660088539124
strat_bridge_fing23__00000001__s0007.wav,0.4634086489677429,0.6998160481452942
prs_bridge_fing23__00000001__s0010.wav,0.4188724756240845,0.3667144179344177
strat_neck_fing10__00000001__s0007.wav,0.34479424357414246,0.29207077622413635
prs_bridge_pick04__00000001__s0053.wav,0.39980772137641907,0.28072676062583923
les_neck_pick07__00000001__s0038.wav,0.580644965171814,0.446491539478302
les_bridge_fing19__00000001__s0048.wav,0.8635912537574768,0.7994142770767212
prs_neck_pick16__00000001__s0008.wav,0.31699952483177185,0.28531885147094727
strat_bridge_pick12__00000001__s0013.wav,0.4085901379585266,0.3118806779384613
strat_neck_fing23__00000001__s0011.wav,0.20712563395500183,0.3656877875328064
tele_bridge_pick24__00000001__s0026.wav,0.9427025318145752,0.9683588743209839
les_neck_fing19__00000001__s0036.wav,0.22189606726169586,0.42445749044418335
prs_bridge_fing23__00000001__s0031.wav,0.5515341758728027,0.8813656568527222
tele_neck_fing07__00000001__s0001.wav,0.2201550453901291,0.28590336441993713
strat_bridge_pick12__00000001__s0020.wav,0.3136709928512573,0.29301735758781433
prs_neck_pick04__00000001__s0033.wav,0.6566562056541443,0.571739912033081
prs_bridge_fing13__00000001__s0035.wav,0.9752426743507385,0.8081157207489014
les_bridge_fing05__00000001__s0054.wav,0.5600864291191101,0.26397573947906494
les_bridge_pick16__00000001__s0005.wav,0.18518002331256866,0.3511226177215576
prs_bridge_fing09__00000001__s0052.wav,0.37413400411605835,0.6033381819725037
strat_neck_fing13__00000001__s0018.wav,0.30450549721717834,0.321110337972641
prs_bridge_fing10__00000001__s0022.wav,0.3605956435203552,0.24735793471336365
les_bridge_pick22__00000001__s0041.wav,0.035390980541706085,0.443655401468277
prs_neck_pick04__00000001__s0027.wav,0.4082351624965668,0.5780714154243469
tele_neck_fing24__00000001__s0015.wav,0.6562275886535645,0.6745985150337219
prs_bridge_fing11__00000001__s0055.wav,0.5874571204185486,0.4118494689464569
tele_bridge_fing04__00000001__s0006.wav,0.6516160368919373,0.7210343480110168
prs_bridge_pick17__00000001__s0011.wav,0.4545620381832123,0.4105575382709503
prs_neck_pick03__00000001__s0020.wav,0.2970988154411316,0.31249457597732544
les_neck_fing19__00000001__s0012.wav,0.28846973180770874,0.6930044889450073
prs_bridge_fing12__00000001__s0009.wav,0.8116975426673889,0.5940836071968079
tele_neck_fing20__00000001__s0020.wav,0.339391827583313,0.2708716094493866
strat_neck_pick21__00000001__s0052.wav,0.45058122277259827,0.4594092071056366
prs_neck_pick15__00000001__s0013.wav,0.9541476368904114,0.7668738961219788
strat_bridge_pick17__00000001__s0044.wav,0.09169500321149826,0.5659081339836121
les_bridge_pick06__00000001__s0030.wav,0.7599194645881653,0.6010642051696777
prs_bridge_fing02__00000001__s0007.wav,0.3980785310268402,0.42810747027397156
strat_bridge_fing19__00000001__s0038.wav,0.3899456858634949,0.2907800078392029
les_neck_fing11__00000001__s0033.wav,0.913112223148346,0.8350706100463867
les_neck_pick16__00000001__s0010.wav,0.841294527053833,0.6210175156593323
tele_neck_fing06__00000001__s0052.wav,0.9566724896430969,0.8937654495239258
prs_neck_pick25__00000001__s0006.wav,0.56215900182724,0.5348796248435974
strat_neck_fing06__00000001__s0040.wav,0.3452184200286865,0.493862122297287
strat_bridge_fing10__00000001__s0054.wav,0.8402793407440186,0.8064174056053162
strat_neck_pick05__00000001__s0042.wav,0.9588528871536255,0.9296177625656128
strat_neck_fing13__00000001__s0038.wav,0.6107121706008911,0.39296984672546387
les_bridge_fing09__00000001__s0055.wav,0.9546307921409607,0.7903711795806885
tele_bridge_pick20__00000001__s0032.wav,0.7118237018585205,0.7664229869842529
strat_neck_pick19__00000001__s0006.wav,0.3376813232898712,0.3631223440170288
prs_bridge_fing16__00000001__s0044.wav,0.6819949150085449,0.4389302134513855
les_bridge_fing21__00000001__s0011.wav,0.02538050338625908,0.4656268060207367
strat_bridge_pick07__00000001__s0052.wav,0.5455793738365173,0.42484667897224426
prs_bridge_fing08__00000001__s0044.wav,0.722419023513794,0.8077391982078552
prs_bridge_pick05__00000001__s0043.wav,0.3067040741443634,0.22879411280155182
strat_bridge_fing24__00000001__s0054.wav,0.28256019949913025,0.3075835704803467
strat_neck_fing01__00000001__s0006.wav,0.415717750787735,0.6530905365943909
prs_bridge_pick23__00000001__s0053.wav,0.09078507125377655,0.4020605683326721
tele_neck_pick17__00000001__s0011.wav,0.7980243563652039,0.5675589442253113
strat_neck_pick17__00000001__s0009.wav,0.5055378079414368,0.576549232006073
les_bridge_pick12__00000001__s0027.wav,0.7950007915496826,0.3818981945514679
prs_bridge_fing12__00000001__s0014.wav,0.4392615854740143,0.44793033599853516
les_bridge_pick04__00000001__s0012.wav,0.08088036626577377,0.20225881040096283
les_neck_fing04__00000001__s0050.wav,0.26161497831344604,0.6313092708587646
prs_bridge_pick06__00000001__s0042.wav,0.13069409132003784,0.5125923752784729
prs_bridge_fing16__00000001__s0026.wav,0.1408742070198059,0.4261912703514099
les_bridge_pick21__00000001__s0014.wav,0.07002478837966919,0.3257383704185486
les_bridge_fing01__00000001__s0044.wav,0.09301415830850601,0.5223079919815063
les_neck_pick08__00000001__s0047.wav,0.8151237368583679,0.41476675868034363
strat_bridge_fing11__00000001__s0008.wav,0.6375547647476196,0.5970411896705627
strat_neck_fing03__00000001__s0005.wav,0.3523608148097992,0.21630270779132843
strat_neck_pick01__00000001__s0048.wav,0.02924402244389057,0.17246894538402557
les_bridge_pick12__00000001__s0037.wav,0.9118390083312988,0.7393187284469604
prs_bridge_pick22__00000001__s0006.wav,0.9308761954307556,0.776733934879303
les_bridge_pick05__00000001__s0011.wav,0.628760814666748,0.4188345670700073
strat_neck_pick19__00000001__s0053.wav,0.98313307762146,0.8876299262046814
tele_neck_fing25__00000001__s0007.wav,0.5742883086204529,0.3092179596424103
les_bridge_fing24__00000001__s0023.wav,0.6641233563423157,0.5193931460380554
strat_neck_fing13__00000001__s0042.wav,0.9279760718345642,0.8216794729232788
tele_neck_fing21__00000001__s0036.wav,0.9000568389892578,0.8834258317947388
prs_neck_fing20__00000001__s0031.wav,0.8710519075393677,0.7060563564300537
strat_neck_fing09__00000001__s0035.wav,0.07398055493831635,0.2268988937139511
les_bridge_pick08__00000001__s0035.wav,0.6508479714393616,0.7911220788955688
prs_neck_fing24__00000001__s0045.wav,0.314214825630188,0.25612372159957886
les_neck_pick16__00000001__s0030.wav,0.969003438949585,0.9009392261505127
strat_neck_pick17__00000001__s0021.wav,0.04118307679891586,0.5602297782897949
prs_neck_fing10__00000001__s0028.wav,0.32132628560066223,0.18709276616573334
prs_bridge_pick20__00000001__s0041.wav,0.2892494201660156,0.5025940537452698
prs_bridge_pick15__00000001__s0037.wav,0.5001898407936096,0.13517329096794128
prs_bridge_fing03__00000001__s0042.wav,0.13101239502429962,0.5645430088043213
strat_neck_pick17__00000001__s0043.wav,0.590704083442688,0.6593695878982544
prs_neck_fing03__00000001__s0038.wav,0.41696566343307495,0.4661100208759308
tele_neck_pick03__00000001__s0021.wav,0.8188700675964355,0.9356971383094788
les_neck_fing21__00000001__s0002.wav,0.7223055958747864,0.6228778958320618
strat_bridge_fing06__00000001__s0040.wav,0.16169552505016327,0.18298257887363434
tele_neck_fing16__00000001__s0021.wav,0.31652936339378357,0.14453504979610443
les_neck_fing10__00000001__s0037.wav,0.9340921640396118,0.7331067323684692
les_bridge_pick25__00000001__s0037.wav,0.798450767993927,0.8452098369598389
strat_bridge_pick17__00000001__s0010.wav,0.7512264251708984,0.8333150148391724
tele_bridge_fing10__00000001__s0012.wav,0.9009832143783569,0.9094512462615967
les_bridge_fing03__00000001__s0007.wav,0.8609687685966492,0.7437410354614258
les_neck_pick02__00000001__s0053.wav,0.1837865263223648,0.3320992887020111
strat_neck_pick13__00000001__s0024.wav,0.10377956181764603,0.25592219829559326
tele_bridge_pick23__00000001__s0012.wav,0.12240048497915268,0.29351454973220825
tele_neck_fing18__00000001__s0020.wav,0.032233476638793945,0.22566795349121094
tele_bridge_pick11__00000001__s0030.wav,0.05016249418258667,0.37128663063049316
les_bridge_fing12__00000001__s0024.wav,0.8087568283081055,0.663392186164856
les_neck_pick25__00000001__s0006.wav,0.4650646448135376,0.4637242257595062
tele_neck_fing14__00000001__s0014.wav,0.37520745396614075,0.2688066363334656
strat_neck_pick06__00000001__s0013.wav,0.9669480919837952,0.9300931692123413
les_bridge_fing15__00000001__s0044.wav,0.9245907068252563,0.5659075975418091
les_bridge_pick13__00000001__s0055.wav,0.4247639775276184,0.4027053415775299
prs_bridge_pick12__00000001__s0042.wav,0.37787893414497375,0.6858121156692505
les_bridge_fing01__00000001__s0034.wav,0.4493856728076935,0.5949137806892395
tele_bridge_pick11__00000001__s0011.wav,0.006875131744891405,0.22516706585884094
tele_bridge_fing11__00000001__s0046.wav,0.5710473656654358,0.47291192412376404
tele_neck_pick20__00000001__s0010.wav,0.048416245728731155,0.2064131498336792
strat_neck_fing08__00000001__s0024.wav,0.8466952443122864,0.8908234238624573
tele_neck_fing14__00000001__s0024.wav,0.7537865042686462,0.6831801533699036
les_neck_fing08__00000001__s0015.wav,0.6809841990470886,0.5433059930801392
les_neck_fing21__00000001__s0001.wav,0.7481923699378967,0.4193132817745209
les_bridge_pick19__00000001__s0017.wav,0.5057363510131836,0.5523943305015564
tele_bridge_pick04__00000001__s0046.wav,0.5362532138824463,0.4495704770088196
les_bridge_pick16__00000001__s0015.wav,0.6963180899620056,0.7642192840576172
les_neck_pick08__00000001__s0053.wav,0.6448447108268738,0.4629669487476349
les_bridge_pick20__00000001__s0037.wav,0.11775045841932297,0.4681362211704254
strat_bridge_fing19__00000001__s0053.wav,0.15499740839004517,0.11058641970157623
strat_bridge_pick24__00000001__s0037.wav,0.6467714905738831,0.5080054998397827
strat_bridge_pick08__00000001__s0006.wav,0.5998302102088928,0.6685600280761719
strat_bridge_fing17__00000001__s0005.wav,0.9923620820045471,0.8549137115478516
les_neck_pick25__00000001__s0020.wav,0.26484715938568115,0.4717547297477722
les_bridge_fing25__00000001__s0039.wav,0.8362172842025757,0.805776059627533
prs_bridge_pick18__00000001__s0046.wav,0.22175323963165283,0.3348999619483948
tele_neck_fing14__00000001__s0040.wav,0.740337073802948,0.7451387047767639
strat_neck_pick08__00000001__s0047.wav,0.3196715712547302,0.40313440561294556
prs_bridge_pick11__00000001__s0028.wav,0.28907108306884766,0.404269814491272
prs_bridge_pick01__00000001__s0030.wav,0.3636181652545929,0.17218269407749176
les_neck_fing04__00000001__s0032.wav,0.13088667392730713,0.47522881627082825
tele_neck_pick20__00000001__s0031.wav,0.9895891547203064,0.8759644627571106
prs_neck_fing12__00000001__s0027.wav,0.39094915986061096,0.31841400265693665
strat_neck_fing12__00000001__s0031.wav,0.662257969379425,0.46892139315605164
les_bridge_pick01__00000001__s0048.wav,0.22904913127422333,0.7448750138282776
les_neck_pick25__00000001__s0023.wav,0.2458454966545105,0.27298760414123535
les_bridge_fing20__00000001__s0028.wav,0.4476547837257385,0.6778255701065063
les_neck_pick17__00000001__s0020.wav,0.9560196995735168,0.8877022862434387
strat_neck_fing14__00000001__s0048.wav,0.36103883385658264,0.11641944944858551
prs_neck_fing10__00000001__s0048.wav,0.9396578073501587,0.6421154141426086
les_neck_pick23__00000001__s0021.wav,0.7608884572982788,0.47154247760772705
strat_neck_fing21__00000001__s0030.wav,0.39856189489364624,0.17087432742118835
tele_neck_pick12__00000001__s0031.wav,0.36770862340927124,0.41866999864578247
prs_bridge_pick06__00000001__s0036.wav,0.25649404525756836,0.40557992458343506
prs_neck_fing24__00000001__s0023.wav,0.09813069552183151,0.3091403543949127
les_bridge_fing11__00000001__s0003.wav,0.633919358253479,0.6002047657966614
tele_neck_pick20__00000001__s0015.wav,0.003583510871976614,0.10395149886608124
strat_neck_pick15__00000001__s0022.wav,0.22122681140899658,0.35145333409309387
les_bridge_pick16__00000001__s0030.wav,0.44953563809394836,0.3064960241317749
les_neck_fing22__00000001__s0017.wav,0.9800636172294617,0.8835850358009338
les_bridge_pick13__00000001__s0013.wav,0.7410544157028198,0.5353794097900391
strat_bridge_pick17__00000001__s0033.wav,0.4255872070789337,0.36460080742836
prs_bridge_pick06__00000001__s0013.wav,0.7831293344497681,0.6988809108734131
tele_neck_pick15__00000001__s0049.wav,0.7440698742866516,0.8102236390113831
prs_bridge_fing25__00000001__s0012.wav,0.31875067949295044,0.3375559151172638
tele_neck_fing25__00000001__s0040.wav,0.2587619125843048,0.23302268981933594
les_bridge_fing25__00000001__s0054.wav,0.8083227872848511,0.7060260772705078
prs_neck_fing08__00000001__s0035.wav,0.7779263854026794,0.4300011098384857
les_bridge_fing04__00000001__s0049.wav,0.8664055466651917,0.8708344101905823
les_neck_pick14__00000001__s0045.wav,0.7024121880531311,0.5610312223434448
les_neck_pick03__00000001__s0026.wav,0.8758642673492432,0.7999224066734314
strat_bridge_fing03__00000001__s0043.wav,0.8282934427261353,0.7508306503295898
strat_neck_fing12__00000001__s0011.wav,0.22227536141872406,0.4051178991794586
prs_neck_fing06__00000001__s0014.wav,0.9258936643600464,0.6636916399002075
prs_bridge_pick24__00000001__s0018.wav,0.8378279805183411,0.9063701629638672
tele_neck_fing01__00000001__s0019.wav,0.8931148648262024,0.6812567710876465
les_neck_fing04__00000001__s0046.wav,0.5622594356536865,0.5317818522453308
strat_bridge_pick16__00000001__s0007.wav,0.45479056239128113,0.4215207099914551
strat_neck_pick13__00000001__s0029.wav,0.20032775402069092,0.5894494652748108
prs_bridge_pick21__00000001__s0006.wav,0.4741486608982086,0.643937349319458
tele_bridge_pick09__00000001__s0016.wav,0.3023538887500763,0.24319101870059967
strat_neck_fing25__00000001__s0006.wav,0.1726303994655609,0.19559626281261444
prs_bridge_fing07__00000001__s0039.wav,0.06001347675919533,0.30600568652153015
prs_neck_pick17__00000001__s0030.wav,0.8911872506141663,0.7544484734535217
les_bridge_pick09__00000001__s0053.wav,0.3796958029270172,0.3185496926307678
prs_bridge_fing12__00000001__s0018.wav,0.16724026203155518,0.35788291692733765
prs_neck_fing06__00000001__s0020.wav,0.7606015205383301,0.6513375043869019
strat_bridge_fing21__00000001__s0011.wav,0.8541515469551086,0.695730984210968
strat_bridge_pick19__00000001__s0024.wav,0.20843267440795898,0.5729212760925293
strat_bridge_pick11__00000001__s0007.wav,0.5205619931221008,0.6254231333732605
les_neck_pick13__00000001__s0005.wav,0.502531111240387,0.5298203229904175
les_neck_pick09__00000001__s0005.wav,0.30205589532852173,0.7585569024085999
prs_bridge_pick08__00000001__s0025.wav,0.04362141340970993,0.3881823420524597
prs_bridge_pick20__00000001__s0045.wav,0.2707917392253876,0.6014553904533386
les_neck_fing02__00000001__s0002.wav,0.31470710039138794,0.35589203238487244
prs_neck_fing12__00000001__s0031.wav,0.6603436470031738,0.4583403766155243
tele_bridge_pick22__00000001__s0028.wav,0.3057626783847809,0.2918283939361572
les_neck_fing12__00000001__s0054.wav,0.6140717267990112,0.6139499545097351
strat_neck_fing19__00000001__s0038.wav,0.08603841811418533,0.17369432747364044
les_neck_fing02__00000001__s0029.wav,0.20993350446224213,0.245480477809906
prs_bridge_pick06__00000001__s0026.wav,0.4070624113082886,0.38994261622428894
tele_neck_pick09__00000001__s0005.wav,0.48868194222450256,0.3464915156364441
tele_bridge_pick16__00000001__s0026.wav,0.944953978061676,0.9171319603919983
prs_bridge_pick21__00000001__s0019.wav,0.9284799098968506,0.8575494885444641
prs_bridge_pick23__00000001__s0030.wav,0.6213179230690002,0.6660351753234863
tele_bridge_pick01__00000001__s0035.wav,0.650811493396759,0.4975621700286865
les_bridge_pick13__00000001__s0018.wav,0.7998434901237488,0.6971511840820312
prs_neck_fing02__00000001__s0048.wav,0.47498032450675964,0.49789872765541077
tele_bridge_pick16__00000001__s0042.wav,0.7757120728492737,0.889718234539032
les_bridge_fing11__00000001__s0025.wav,0.9939817786216736,0.883040189743042
prs_neck_fing09__00000001__s0013.wav,0.03498128801584244,0.22058644890785217
strat_neck_fing21__00000001__s0011.wav,0.26397985219955444,0.1566103845834732
les_bridge_pick15__00000001__s0038.wav,0.14843975007534027,0.36079537868499756
les_neck_fing19__00000001__s0005.wav,0.2319640815258026,0.18524141609668732
strat_bridge_pick23__00000001__s0043.wav,0.8899155855178833,0.7284155488014221
les_neck_fing22__00000001__s0027.wav,0.5021968483924866,0.4533943235874176
les_neck_fing21__00000001__s0038.wav,0.4334203898906708,0.39246147871017456
prs_bridge_fing12__00000001__s0027.wav,0.4018612205982208,0.5233967900276184
les_neck_pick20__00000001__s0018.wav,0.454923152923584,0.3094022572040558
tele_neck_fing19__00000001__s0036.wav,0.7238652110099792,0.6174042224884033
les_bridge_pick11__00000001__s0002.wav,0.7027226686477661,0.7633457779884338
strat_bridge_fing03__00000001__s0021.wav,0.7230778932571411,0.3059316575527191
les_bridge_pick19__00000001__s0000.wav,0.8712460398674011,0.8123712539672852
prs_bridge_pick05__00000001__s0054.wav,0.438789039850235,0.32086703181266785
tele_bridge_pick18__00000001__s0015.wav,0.8187869787216187,0.7311429977416992
tele_neck_fing17__00000001__s0005.wav,0.3986043930053711,0.29933643341064453
les_bridge_pick02__00000001__s0018.wav,0.23728550970554352,0.6041641235351562
prs_bridge_fing03__00000001__s0024.wav,0.24912327527999878,0.6139587759971619
les_bridge_pick15__00000001__s0011.wav,0.6187596917152405,0.6008090972900391
tele_bridge_pick05__00000001__s0031.wav,0.658462643623352,0.6665785908699036
tele_neck_pick14__00000001__s0041.wav,0.8134013414382935,0.7381329536437988
prs_neck_fing13__00000001__s0047.wav,0.1558009535074234,0.35895031690597534
tele_bridge_pick10__00000001__s0038.wav,0.7742445468902588,0.6120463609695435
prs_bridge_pick25__00000001__s0007.wav,0.6696051359176636,0.44630205631256104
les_neck_fing23__00000001__s0026.wav,0.17462681233882904,0.5008502006530762
strat_neck_pick09__00000001__s0005.wav,0.03856590390205383,0.38813289999961853
tele_neck_fing24__00000001__s0041.wav,0.8588388562202454,0.8685587644577026
les_neck_fing13__00000001__s0035.wav,0.9725538492202759,0.8391153216362
strat_bridge_fing21__00000001__s0015.wav,0.14358775317668915,0.4678178131580353
prs_neck_fing11__00000001__s0048.wav,0.4306440055370331,0.2892387807369232
strat_bridge_pick25__00000001__s0010.wav,0.04501690715551376,0.21113979816436768
prs_bridge_pick11__00000001__s0032.wav,0.9975712895393372,0.7688782215118408
prs_bridge_pick14__00000001__s0005.wav,0.7649145722389221,0.36772310733795166
tele_bridge_pick17__00000001__s0015.wav,0.44222068786621094,0.2192448526620865
strat_neck_fing03__00000001__s0035.wav,0.7216218709945679,0.47847387194633484
tele_bridge_fing15__00000001__s0025.wav,0.05803187936544418,0.22014577686786652
prs_bridge_fing14__00000001__s0032.wav,0.3295314610004425,0.27176129817962646
tele_neck_fing25__00000001__s0027.wav,0.5078175067901611,0.40754374861717224
les_neck_pick08__00000001__s0037.wav,0.8226951360702515,0.8188316822052002
les_bridge_pick19__00000001__s0042.wav,0.5705239772796631,0.5774502158164978
prs_neck_pick05__00000001__s0015.wav,0.767845869064331,0.7366256713867188
strat_neck_pick08__00000001__s0050.wav,0.7830997109413147,0.6976421475410461
tele_neck_fing01__00000001__s0004.wav,0.8194655179977417,0.5803617835044861
strat_neck_fing14__00000001__s0043.wav,0.58005291223526,0.5354403853416443
prs_bridge_fing18__00000001__s0038.wav,0.5788441300392151,0.585229754447937
les_neck_pick16__00000001__s0005.wav,0.5770601034164429,0.5147826075553894
prs_neck_fing18__00000001__s0054.wav,0.09687329828739166,0.30104291439056396
tele_bridge_fing06__00000001__s0025.wav,0.49059122800827026,0.6517102122306824
strat_neck_pick21__00000001__s0009.wav,0.7287366390228271,0.6557832956314087
tele_bridge_pick20__00000001__s0034.wav,0.3584158718585968,0.4288705289363861
tele_neck_fing21__00000001__s0015.wav,0.49525803327560425,0.4211333096027374
strat_neck_fing05__00000001__s0026.wav,0.2799109220504761,0.347523957490921
les_neck_fing06__00000001__s0033.wav,0.03877875953912735,0.33237335085868835
les_bridge_fing16__00000001__s0026.wav,0.4273471236228943,0.4800000786781311
tele_neck_pick14__00000001__s0021.wav,0.4092329740524292,0.5200550556182861
prs_bridge_pick15__00000001__s0002.wav,0.252949982881546,0.11593718081712723
les_bridge_pick25__00000001__s0045.wav,0.6048462986946106,0.492064893245697
tele_neck_fing09__00000001__s0009.wav,0.034739863127470016,0.2972162365913391
les_bridge_fing06__00000001__s0011.wav,0.07083291560411453,0.3193078935146332
tele_neck_fing23__00000001__s0041.wav,0.9820265769958496,0.892855703830719
tele_bridge_pick09__00000001__s0009.wav,0.7233536243438721,0.7568519711494446
les_neck_fing21__00000001__s0044.wav,0.7711149454116821,0.551807701587677
tele_bridge_fing02__00000001__s0033.wav,0.45572808384895325,0.7111144065856934
les_neck_fing11__00000001__s0036.wav,0.38658201694488525,0.5357130765914917
tele_bridge_pick02__00000001__s0004.wav,0.836386501789093,0.8566218614578247
strat_bridge_fing25__00000001__s0015.wav,0.8736172318458557,0.8471483588218689
prs_bridge_fing20__00000001__s0035.wav,0.5370112657546997,0.3625410795211792
tele_neck_pick16__00000001__s0015.wav,0.2551462650299072,0.4736497402191162
tele_neck_pick05__00000001__s0014.wav,0.9049683213233948,0.7442560195922852
prs_bridge_fing11__00000001__s0028.wav,0.6243587732315063,0.5627252459526062
les_bridge_fing08__00000001__s0031.wav,0.10452034324407578,0.37306392192840576
strat_neck_fing19__00000001__s0031.wav,0.009711072780191898,0.2390337437391281
strat_neck_pick10__00000001__s0010.wav,0.9735288619995117,0.9223175048828125
strat_bridge_fing25__00000001__s0049.wav,0.32450568675994873,0.18615150451660156
prs_bridge_fing11__00000001__s0001.wav,0.8657522797584534,0.8440502882003784
tele_bridge_pick15__00000001__s0048.wav,0.5288562774658203,0.426686555147171
les_neck_fing15__00000001__s0039.wav,0.14979934692382812,0.2848878800868988
prs_neck_pick06__00000001__s0024.wav,0.03335192799568176,0.3320567309856415
tele_neck_pick08__00000001__s0021.wav,0.7543357610702515,0.6914045214653015
tele_neck_fing20__00000001__s0039.wav,0.8666231632232666,0.8514787554740906
tele_neck_pick04__00000001__s0003.wav,0.4630914330482483,0.3432020843029022
strat_bridge_pick15__00000001__s0043.wav,0.44312459230422974,0.6651991009712219
prs_neck_fing06__00000001__s0012.wav,0.7084212899208069,0.5352426171302795
prs_bridge_fing08__00000001__s0023.wav,0.09003381431102753,0.326231986284256
tele_bridge_pick01__00000001__s0001.wav,0.2967262864112854,0.3425005376338959
strat_neck_pick16__00000001__s0008.wav,0.5012418031692505,0.6461108326911926
les_neck_fing12__00000001__s0042.wav,0.8571211695671082,0.8113107681274414
strat_bridge_fing15__00000001__s0013.wav,0.14758212864398956,0.6624763607978821
prs_bridge_fing24__00000001__s0026.wav,0.7017471194267273,0.4006427526473999
les_neck_fing18__00000001__s0000.wav,0.7394757866859436,0.541675329208374
prs_bridge_fing06__00000001__s0036.wav,0.05144964158535004,0.23028646409511566
les_bridge_fing18__00000001__s0018.wav,0.7959017157554626,0.6943212151527405
prs_neck_pick23__00000001__s0011.wav,0.36480027437210083,0.23030972480773926
strat_bridge_pick13__00000001__s0018.wav,0.31940293312072754,0.22862794995307922
strat_bridge_pick09__00000001__s0025.wav,0.6131525039672852,0.4665934443473816
strat_neck_pick09__00000001__s0020.wav,0.4224643111228943,0.4341737627983093
strat_bridge_fing22__00000001__s0006.wav,0.9930307269096375,0.9285430312156677
strat_bridge_pick15__00000001__s0028.wav,0.6258123517036438,0.336813747882843
strat_bridge_pick05__00000001__s0032.wav,0.15717382729053497,0.14938673377037048
prs_neck_pick19__00000001__s0032.wav,0.5870447158813477,0.47007307410240173
tele_bridge_fing05__00000001__s0012.wav,0.12325932830572128,0.46716004610061646
prs_neck_pick17__00000001__s0045.wav,0.4658634066581726,0.22868219017982483
les_neck_pick21__00000001__s0037.wav,0.05948605015873909,0.4247761070728302
tele_neck_fing03__00000001__s0051.wav,0.9744898676872253,0.8530742526054382
tele_neck_pick09__00000001__s0029.wav,0.4704536497592926,0.44226330518722534
tele_neck_fing10__00000001__s0045.wav,0.925406277179718,0.7897968888282776
tele_bridge_pick16__00000001__s0013.wav,0.7071956396102905,0.6673364639282227
les_neck_fing10__00000001__s0049.wav,0.36845168471336365,0.1595710963010788
tele_bridge_pick15__00000001__s0027.wav,0.9257500171661377,0.7910383939743042
les_bridge_fing19__00000001__s0044.wav,0.682421088218689,0.6148934960365295
strat_bridge_pick06__00000001__s0005.wav,0.233490452170372,0.35936102271080017
les_neck_fing10__00000001__s0048.wav,0.5411909818649292,0.40298476815223694
tele_bridge_fing08__00000001__s0029.wav,0.4754040539264679,0.6799684762954712
tele_neck_pick19__00000001__s0040.wav,0.6728014349937439,0.6792128682136536
strat_bridge_fing12__00000001__s0004.wav,0.26925912499427795,0.552335798740387
les_bridge_fing14__00000001__s0007.wav,0.8853330016136169,0.7717567086219788
prs_bridge_fing01__00000001__s0001.wav,0.6208253502845764,0.6612622737884521
prs_bridge_fing02__00000001__s0015.wav,0.5021515488624573,0.33945801854133606
strat_bridge_fing02__00000001__s0029.wav,0.38408082723617554,0.35654398798942566
tele_neck_fing04__00000001__s0017.wav,0.34385788440704346,0.4049170911312103
prs_neck_fing03__00000001__s0034.wav,0.9312238693237305,0.9626238346099854
strat_bridge_fing22__00000001__s0008.wav,0.6277962923049927,0.4586217403411865
prs_neck_pick06__00000001__s0009.wav,0.18308885395526886,0.49157994985580444
les_neck_fing18__00000001__s0032.wav,0.7131514549255371,0.5432739853858948
les_neck_fing11__00000001__s0002.wav,0.07354354113340378,0.3148488402366638
tele_neck_fing01__00000001__s0003.wav,0.7010912895202637,0.7774052023887634
tele_bridge_pick03__00000001__s0002.wav,0.5148009657859802,0.679989755153656
prs_bridge_pick17__00000001__s0002.wav,0.17140492796897888,0.26529771089553833
les_bridge_fing13__00000001__s0046.wav,0.06044194847345352,0.21501360833644867
tele_neck_pick10__00000001__s0000.wav,0.4309351146221161,0.5530663132667542
prs_neck_fing23__00000001__s0055.wav,0.10537730157375336,0.41777634620666504
strat_bridge_pick11__00000001__s0009.wav,0.08036932349205017,0.39884936809539795
strat_neck_fing25__00000001__s0052.wav,0.7966951727867126,0.6104449033737183
tele_bridge_pick11__00000001__s0025.wav,0.6432197093963623,0.3595990240573883
tele_neck_fing18__00000001__s0052.wav,0.6633157134056091,0.5253835320472717
tele_bridge_fing04__00000001__s0037.wav,0.5172083377838135,0.41150957345962524
les_bridge_pick18__00000001__s0036.wav,0.0554196797311306,0.5220569372177124
les_neck_fing13__00000001__s0031.wav,0.7716195583343506,0.42989006638526917
strat_bridge_fing05__00000001__s0004.wav,0.9070637226104736,0.7527018189430237
strat_neck_fing25__00000001__s0045.wav,0.2849004566669464,0.3369273841381073
strat_neck_fing03__00000001__s0053.wav,0.2040828913450241,0.1426297277212143
tele_bridge_pick15__00000001__s0020.wav,0.19672483205795288,0.33253592252731323
strat_neck_pick06__00000001__s0010.wav,0.18862250447273254,0.23364125192165375
prs_bridge_fing13__00000001__s0053.wav,0.9668858647346497,0.8557780981063843
tele_bridge_fing15__00000001__s0026.wav,0.40502145886421204,0.4818999469280243
tele_neck_pick05__00000001__s0002.wav,0.690909743309021,0.6344721913337708
prs_bridge_pick21__00000001__s0016.wav,0.02813035063445568,0.5298336744308472
les_neck_pick11__00000001__s0019.wav,0.9785071015357971,0.9127464294433594
prs_neck_pick02__00000001__s0012.wav,0.9306468367576599,0.9472414255142212
les_bridge_fing07__00000001__s0033.wav,0.9173464775085449,0.8931910991668701
tele_bridge_fing20__00000001__s0016.wav,0.716204047203064,0.17436589300632477
strat_bridge_pick21__00000001__s0019.wav,0.4611400067806244,0.6263348460197449
strat_bridge_pick11__00000001__s0034.wav,0.8251088857650757,0.7145195007324219
les_bridge_fing17__00000001__s0040.wav,0.23432329297065735,0.23813413083553314
tele_bridge_pick15__00000001__s0054.wav,0.4792678952217102,0.6302204132080078
strat_neck_fing04__00000001__s0008.wav,0.7125459909439087,0.7821283340454102
tele_neck_pick25__00000001__s0044.wav,0.6584378480911255,0.677497148513794
prs_neck_pick03__00000001__s0049.wav,0.048403169959783554,0.40082457661628723
tele_neck_fing10__00000001__s0023.wav,0.2562263309955597,0.21223916113376617
prs_neck_fing05__00000001__s0049.wav,0.8905544877052307,0.7900227308273315
tele_neck_pick24__00000001__s0053.wav,0.5555456280708313,0.41420048475265503
tele_neck_pick07__00000001__s0036.wav,0.3215045630931854,0.6632369756698608
strat_neck_fing20__00000001__s0002.wav,0.10244453698396683,0.5624954700469971
strat_neck_pick19__00000001__s0052.wav,0.7205559611320496,0.7129733562469482
strat_neck_fing12__00000001__s0020.wav,0.8381088972091675,0.6813458800315857
strat_neck_pick03__00000001__s0025.wav,0.6060424447059631,0.40526509284973145
strat_neck_fing08__00000001__s0013.wav,0.5451616644859314,0.6639465689659119
prs_bridge_pick02__00000001__s0037.wav,0.5823571681976318,0.3711123466491699
les_neck_pick02__00000001__s0037.wav,0.15409360826015472,0.573980987071991
strat_neck_fing17__00000001__s0010.wav,0.8706988096237183,0.7188544273376465
tele_bridge_pick08__00000001__s0018.wav,0.6311083436012268,0.5709022283554077
prs_bridge_fing03__00000001__s0030.wav,0.6079180240631104,0.6577674150466919
strat_bridge_pick10__00000001__s0050.wav,0.9741612076759338,0.5491794347763062
tele_bridge_fing14__00000001__s0033.wav,0.7119499444961548,0.3959617018699646
strat_neck_pick06__00000001__s0015.wav,0.5721272826194763,0.6879081726074219
les_neck_fing09__00000001__s0006.wav,0.5037022233009338,0.21059270203113556
tele_neck_fing08__00000001__s0045.wav,0.6513149738311768,0.47839364409446716
les_neck_pick06__00000001__s0024.wav,0.39138516783714294,0.21512657403945923
prs_bridge_pick02__00000001__s0038.wav,0.16540315747261047,0.29380977153778076
tele_bridge_pick11__00000001__s0023.wav,0.43955984711647034,0.22632354497909546
prs_neck_fing20__00000001__s0028.wav,0.9198644757270813,0.9263579845428467
prs_neck_fing06__00000001__s0006.wav,0.12915238738059998,0.30321961641311646
prs_bridge_pick13__00000001__s0047.wav,0.5141322612762451,0.4571613371372223
tele_neck_pick11__00000001__s0024.wav,0.8432844877243042,0.5079083442687988
strat_neck_fing13__00000001__s0001.wav,0.3655276894569397,0.1880633533000946
prs_bridge_fing15__00000001__s0041.wav,0.5837277770042419,0.6686426997184753
strat_neck_fing05__00000001__s0017.wav,0.6388775706291199,0.6523233652114868
tele_bridge_pick12__00000001__s0000.wav,0.6261858940124512,0.3382149934768677
les_neck_fing16__00000001__s0028.wav,0.6961568593978882,0.4428172707557678
strat_neck_fing02__00000001__s0039.wav,0.44009730219841003,0.472951740026474
tele_neck_pick16__00000001__s0002.wav,0.36590495705604553,0.240050807595253
prs_neck_fing08__00000001__s0024.wav,0.4982578754425049,0.24513740837574005
prs_bridge_fing20__00000001__s0028.wav,0.6179303526878357,0.5148022174835205
les_bridge_pick03__00000001__s0022.wav,0.6770347356796265,0.48653465509414673
les_neck_fing23__00000001__s0011.wav,0.42276129126548767,0.5281679034233093
les_neck_pick24__00000001__s0040.wav,0.42627638578414917,0.35405582189559937
tele_neck_pick22__00000001__s0037.wav,0.8139370679855347,0.6341081857681274
prs_neck_pick11__00000001__s0005.wav,0.7331784963607788,0.4764084219932556
prs_bridge_pick02__00000001__s0021.wav,0.5535879135131836,0.28425613045692444
prs_neck_pick21__00000001__s0025.wav,0.9021162390708923,0.7383096814155579
tele_bridge_fing08__00000001__s0019.wav,0.24614617228507996,0.3861011564731598
prs_neck_pick24__00000001__s0047.wav,0.10590202361345291,0.26243266463279724
strat_neck_fing22__00000001__s0006.wav,0.2806750535964966,0.4230479300022125
strat_bridge_fing20__00000001__s0038.wav,0.7437660098075867,0.761353611946106
tele_neck_pick13__00000001__s0039.wav,0.01195923425257206,0.4164431691169739
les_neck_fing02__00000001__s0028.wav,0.8614364862442017,0.8410676121711731
les_neck_fing10__00000001__s0024.wav,0.3845972418785095,0.36979493498802185
strat_neck_pick02__00000001__s0040.wav,0.9170666933059692,0.8881047964096069
tele_bridge_pick19__00000001__s0052.wav,0.41068050265312195,0.613339364528656
tele_bridge_fing18__00000001__s0000.wav,0.7152553200721741,0.4796532690525055
prs_neck_pick21__00000001__s0013.wav,0.22711589932441711,0.3809962868690491
prs_neck_pick04__00000001__s0008.wav,0.499222993850708,0.5616582632064819
strat_bridge_fing08__00000001__s0004.wav,0.8802341818809509,0.8920522928237915
strat_bridge_pick16__00000001__s0009.wav,0.5200864672660828,0.694423496723175
les_neck_pick10__00000001__s0003.wav,0.623059093952179,0.3193588852882385
prs_neck_fing05__00000001__s0020.wav,0.8959105014801025,0.6891211271286011
strat_neck_pick24__00000001__s0018.wav,0.4478255808353424,0.24345515668392181
strat_bridge_fing06__00000001__s0000.wav,0.21929101645946503,0.15289542078971863
prs_bridge_fing18__00000001__s0050.wav,0.4917818307876587,0.5991987586021423
prs_neck_fing23__00000001__s0034.wav,0.4063153564929962,0.5176311731338501
prs_neck_pick04__00000001__s0026.wav,0.8898770809173584,0.39622747898101807
tele_neck_pick08__00000001__s0029.wav,0.5152727365493774,0.7308213114738464
tele_bridge_pick16__00000001__s0009.wav,0.8583707213401794,0.8221561312675476
les_neck_fing24__00000001__s0027.wav,0.9096810221672058,0.7986330389976501
les_neck_fing07__00000001__s0006.wav,0.35969260334968567,0.3483474552631378
prs_bridge_pick17__00000001__s0016.wav,0.35072019696235657,0.4818364083766937
strat_neck_fing15__00000001__s0025.wav,0.23147574067115784,0.2449840009212494
les_bridge_pick05__00000001__s0038.wav,0.3501441478729248,0.4149034023284912
prs_neck_fing02__00000001__s0010.wav,0.667465090751648,0.357153981924057
strat_bridge_pick16__00000001__s0055.wav,0.856505274772644,0.9390667080879211
les_neck_pick03__00000001__s0033.wav,0.4339987635612488,0.3689327538013458
tele_neck_fing13__00000001__s0046.wav,0.09771090000867844,0.4381747245788574
les_neck_fing11__00000001__s0028.wav,0.48278525471687317,0.39575159549713135
les_neck_pick22__00000001__s0036.wav,0.1764211803674698,0.3342294991016388
les_bridge_fing09__00000001__s0043.wav,0.4378613233566284,0.6229314804077148
prs_neck_pick13__00000001__s0047.wav,0.22433778643608093,0.6903522610664368
strat_bridge_pick24__00000001__s0028.wav,0.246600940823555,0.6023097634315491
les_bridge_pick18__00000001__s0009.wav,0.7232117056846619,0.7067124247550964
prs_neck_fing15__00000001__s0025.wav,0.16360069811344147,0.12128520756959915
tele_neck_fing16__00000001__s0046.wav,0.2431168258190155,0.36293846368789673
tele_neck_pick17__00000001__s0036.wav,0.47008779644966125,0.21411505341529846
tele_bridge_fing06__00000001__s0022.wav,0.31316816806793213,0.4405992329120636
strat_neck_fing11__00000001__s0017.wav,0.9387678503990173,0.8980838656425476
tele_neck_fing01__00000001__s0027.wav,0.6519280672073364,0.3702784478664398
strat_bridge_pick24__00000001__s0007.wav,0.5414701700210571,0.38695812225341797
les_bridge_pick06__00000001__s0018.wav,0.2264062762260437,0.2848331332206726
prs_bridge_fing25__00000001__s0006.wav,0.14080990850925446,0.14987091720104218
les_neck_pick19__00000001__s0045.wav,0.2512120306491852,0.5014997720718384
strat_bridge_fing01__00000001__s0012.wav,0.2350282222032547,0.5426400899887085
tele_bridge_pick15__00000001__s0017.wav,0.9006684422492981,0.7464800477027893
prs_neck_fing24__00000001__s0035.wav,0.5974934697151184,0.39232081174850464
les_neck_pick14__00000001__s0027.wav,0.2680407762527466,0.377820760011673
strat_bridge_pick12__00000001__s0022.wav,0.8708512187004089,0.8046755194664001
tele_bridge_pick04__00000001__s0045.wav,0.21859930455684662,0.21572719514369965
les_bridge_fing22__00000001__s0016.wav,0.6425960659980774,0.1516123116016388
prs_neck_pick03__00000001__s0036.wav,0.7082047462463379,0.761802613735199
les_bridge_pick02__00000001__s0037.wav,0.15154772996902466,0.35952436923980713
prs_neck_pick15__00000001__s0025.wav,0.9357105493545532,0.7505897879600525
tele_bridge_pick14__00000001__s0052.wav,0.09124516695737839,0.5924222469329834
strat_bridge_fing11__00000001__s0049.wav,0.49094438552856445,0.34387704730033875
les_bridge_pick04__00000001__s0027.wav,0.15642184019088745,0.4750998318195343
prs_neck_pick09__00000001__s0013.wav,0.5321543216705322,0.3103463053703308
prs_neck_pick19__00000001__s0028.wav,0.8016074299812317,0.37752068042755127
tele_neck_fing22__00000001__s0012.wav,0.7751192450523376,0.8245239853858948
les_neck_pick11__00000001__s0012.wav,0.8202311396598816,0.766718864440918
les_neck_fing14__00000001__s0001.wav,0.569182813167572,0.4252013862133026
tele_neck_fing11__00000001__s0054.wav,0.7088420987129211,0.5215373039245605
prs_neck_pick14__00000001__s0051.wav,0.9059963822364807,0.8510932326316833
prs_bridge_fing22__00000001__s0050.wav,0.1376941204071045,0.16259413957595825
les_bridge_pick25__00000001__s0008.wav,0.5060157775878906,0.3811296224594116
strat_neck_fing08__00000001__s0014.wav,0.6536999940872192,0.6586179137229919
tele_bridge_fing21__00000001__s0047.wav,0.4751887321472168,0.4623189866542816
tele_bridge_fing07__00000001__s0036.wav,0.22597137093544006,0.605149507522583
tele_bridge_pick13__00000001__s0015.wav,0.4923476576805115,0.32878702878952026
prs_neck_pick17__00000001__s0051.wav,0.4027571976184845,0.252218633890152
strat_neck_fing13__00000001__s0022.wav,0.7025173306465149,0.7034347057342529
prs_neck_pick01__00000001__s0035.wav,0.6116488575935364,0.4961387813091278
prs_neck_fing10__00000001__s0009.wav,0.12795937061309814,0.23975639045238495
strat_bridge_fing10__00000001__s0023.wav,0.837822437286377,0.62151038646698
strat_bridge_fing13__00000001__s0028.wav,0.46606358885765076,0.39282160997390747
les_bridge_pick01__00000001__s0029.wav,0.38163697719573975,0.43493062257766724
strat_bridge_pick09__00000001__s0006.wav,0.392037957906723,0.6734544634819031
les_neck_fing14__00000001__s0005.wav,0.6923889517784119,0.8752975463867188
strat_neck_fing24__00000001__s0007.wav,0.44571882486343384,0.39387041330337524
prs_bridge_fing06__00000001__s0005.wav,0.048239242285490036,0.3284362256526947
tele_bridge_fing17__00000001__s0009.wav,0.6339764595031738,0.45386165380477905
strat_neck_pick20__00000001__s0051.wav,0.09295152872800827,0.19538046419620514
les_bridge_fing19__00000001__s0026.wav,0.7173054218292236,0.7624795436859131
prs_neck_fing21__00000001__s0015.wav,0.14831943809986115,0.3069004714488983
les_bridge_pick15__00000001__s0018.wav,0.8968652486801147,0.8200409412384033
les_neck_pick20__00000001__s0042.wav,0.945122241973877,0.9920907020568848
tele_bridge_pick06__00000001__s0038.wav,0.6723242998123169,0.4076446294784546
les_bridge_pick19__00000001__s0004.wav,0.551781415939331,0.539297342300415
tele_bridge_pick05__00000001__s0012.wav,0.594753086566925,0.5866027474403381
strat_neck_pick16__00000001__s0037.wav,0.4798000156879425,0.532008171081543
prs_neck_fing16__00000001__s0014.wav,0.16069284081459045,0.18743911385536194
les_neck_fing13__00000001__s0007.wav,0.7440075278282166,0.8259153962135315
tele_bridge_pick03__00000001__s0013.wav,0.02731931209564209,0.21951188147068024
strat_bridge_pick22__00000001__s0015.wav,0.7107666730880737,0.6697982549667358
les_neck_fing20__00000001__s0035.wav,0.4281323552131653,0.22317193448543549
tele_neck_pick11__00000001__s0054.wav,0.07558899372816086,0.6466010808944702
prs_neck_fing01__00000001__s0010.wav,0.8830611109733582,0.6732414364814758
tele_neck_fing02__00000001__s0036.wav,0.8165154457092285,0.7187631130218506
les_neck_pick11__00000001__s0007.wav,0.4011007845401764,0.5562698245048523
tele_bridge_pick14__00000001__s0036.wav,0.2599550783634186,0.29859083890914917
les_bridge_pick14__00000001__s0040.wav,0.38617604970932007,0.480694055557251
tele_neck_pick23__00000001__s0055.wav,0.18027493357658386,0.3466683328151703
strat_neck_pick16__00000001__s0031.wav,0.08089355379343033,0.3587205410003662
tele_neck_fing11__00000001__s0030.wav,0.11457125842571259,0.27164164185523987
strat_neck_fing01__00000001__s0050.wav,0.564032793045044,0.36534953117370605
tele_neck_fing04__00000001__s0022.wav,0.540564775466919,0.5661262273788452
tele_neck_pick24__00000001__s0000.wav,0.5034529566764832,0.6466420888900757
prs_neck_pick13__00000001__s0023.wav,0.5363847613334656,0.6341189742088318
les_neck_fing21__00000001__s0009.wav,0.9946666955947876,0.6952641606330872
strat_neck_fing01__00000001__s0015.wav,0.42450839281082153,0.7114447355270386
tele_neck_fing05__00000001__s0055.wav,0.1062968447804451,0.42694470286369324
tele_neck_pick18__00000001__s0025.wav,0.7294920086860657,0.7004583477973938
strat_bridge_pick20__00000001__s0017.wav,0.8382058143615723,0.8169904351234436
strat_neck_pick01__00000001__s0026.wav,0.013718340545892715,0.372883677482605
les_neck_fing17__00000001__s0015.wav,0.2880478501319885,0.5030978918075562
prs_neck_fing23__00000001__s0013.wav,0.05814550817012787,0.21999089419841766
prs_bridge_pick06__00000001__s0006.wav,0.46729564666748047,0.3161255717277527
les_neck_pick23__00000001__s0034.wav,0.033178430050611496,0.34822672605514526
tele_neck_fing02__00000001__s0021.wav,0.49480700492858887,0.42660391330718994
les_neck_pick16__00000001__s0008.wav,0.9304766654968262,0.9042111039161682
strat_neck_pick12__00000001__s0017.wav,0.24765194952487946,0.4537290632724762
tele_neck_fing09__00000001__s0030.wav,0.7186799049377441,0.5655388236045837
les_bridge_fing11__00000001__s0046.wav,0.3764325678348541,0.21209211647510529
tele_neck_fing25__00000001__s0044.wav,0.4587935209274292,0.2424658089876175
tele_bridge_pick21__00000001__s0036.wav,0.9167577624320984,0.5831388831138611
tele_bridge_pick25__00000001__s0007.wav,0.07502450793981552,0.23663274943828583
strat_bridge_fing15__00000001__s0044.wav,0.6447782516479492,0.8171038627624512
tele_bridge_fing23__00000001__s0027.wav,0.03142830356955528,0.185294970870018
les_bridge_fing22__00000001__s0014.wav,0.8241274952888489,0.9050151705741882
les_bridge_pick20__00000001__s0012.wav,0.6476664543151855,0.6831743717193604
prs_bridge_fing06__00000001__s0048.wav,0.4499224126338959,0.6799951791763306
tele_neck_pick09__00000001__s0045.wav,0.3316151797771454,0.3005364239215851
les_bridge_pick15__00000001__s0048.wav,0.7381610870361328,0.8081868886947632
prs_neck_pick19__00000001__s0012.wav,0.4605238437652588,0.26602187752723694
les_neck_pick20__00000001__s0029.wav,0.42689797282218933,0.3047730028629303
tele_bridge_fing23__00000001__s0031.wav,0.14348866045475006,0.22990782558918
strat_neck_fing20__00000001__s0040.wav,0.37412431836128235,0.5245682001113892
tele_neck_pick16__00000001__s0042.wav,0.7445584535598755,0.812045156955719
strat_bridge_pick18__00000001__s0007.wav,0.35531216859817505,0.7653645277023315
prs_neck_fing22__00000001__s0008.wav,0.28270429372787476,0.23038770258426666
les_bridge_pick17__00000001__s0036.wav,0.1278625875711441,0.4933863878250122
prs_bridge_fing25__00000001__s0015.wav,0.06349349021911621,0.3402889668941498
prs_bridge_fing25__00000001__s0003.wav,0.2008359730243683,0.5662939548492432
tele_bridge_fing25__00000001__s0000.wav,0.0119648901745677,0.4128190279006958
strat_neck_pick15__00000001__s0052.wav,0.3843157887458801,0.15584002435207367
tele_bridge_pick06__00000001__s0044.wav,0.12871763110160828,0.18854555487632751
strat_bridge_pick15__00000001__s0026.wav,0.7440905570983887,0.4756125211715698
les_bridge_pick07__00000001__s0032.wav,0.3912367522716522,0.3134567439556122
tele_neck_fing01__00000001__s0005.wav,0.3817279636859894,0.29395151138305664
les_neck_pick07__00000001__s0027.wav,0.5078367590904236,0.3972002863883972
tele_bridge_pick19__00000001__s0029.wav,0.48161613941192627,0.6595906615257263
prs_neck_fing25__00000001__s0029.wav,0.21838222444057465,0.23576606810092926
prs_neck_pick12__00000001__s0030.wav,0.1865675151348114,0.363457590341568
les_bridge_fing19__00000001__s0019.wav,0.2333867847919464,0.4858168661594391
prs_bridge_pick23__00000001__s0036.wav,0.14969541132450104,0.25053438544273376
les_neck_pick02__00000001__s0034.wav,0.8119301199913025,0.7934141755104065
strat_neck_pick05__00000001__s0024.wav,0.19934231042861938,0.21205437183380127
strat_bridge_pick22__00000001__s0005.wav,0.7488548159599304,0.8030241131782532
strat_bridge_pick25__00000001__s0040.wav,0.3703370690345764,0.12454245239496231
prs_bridge_pick03__00000001__s0037.wav,0.18348799645900726,0.3669322729110718
tele_bridge_pick14__00000001__s0009.wav,0.7085616588592529,0.7040309906005859
les_bridge_pick01__00000001__s0043.wav,0.06764455139636993,0.2793101668357849
prs_bridge_pick16__00000001__s0001.wav,0.9382147192955017,0.9117499589920044
strat_bridge_fing06__00000001__s0019.wav,0.1829656958580017,0.296707421541214
prs_bridge_fing11__00000001__s0038.wav,0.6380337476730347,0.5922018885612488
prs_neck_pick02__00000001__s0014.wav,0.768827497959137,0.8199248313903809
tele_bridge_fing25__00000001__s0047.wav,0.21327583491802216,0.5352036356925964
strat_neck_pick06__00000001__s0023.wav,0.4638414680957794,0.6472753286361694
strat_neck_fing17__00000001__s0002.wav,0.16401039063930511,0.2172747105360031
prs_neck_fing07__00000001__s0007.wav,0.7694196701049805,0.809085488319397
tele_neck_fing20__00000001__s0029.wav,0.07181490212678909,0.21541017293930054
prs_bridge_fing10__00000001__s0024.wav,0.6467170715332031,0.35158398747444153
les_neck_pick08__00000001__s0018.wav,0.2617611289024353,0.44019752740859985
prs_neck_pick02__00000001__s0030.wav,0.003799195634201169,0.18683964014053345
tele_bridge_fing14__00000001__s0045.wav,0.2445605993270874,0.3286740183830261
les_neck_fing23__00000001__s0012.wav,0.3953956067562103,0.6343361139297485
les_neck_pick01__00000001__s0052.wav,0.18460507690906525,0.21562066674232483
tele_bridge_fing24__00000001__s0051.wav,0.18466942012310028,0.3295471966266632
strat_neck_fing07__00000001__s0042.wav,0.4013296961784363,0.6097085475921631
les_bridge_pick03__00000001__s0015.wav,0.6469029784202576,0.6195793151855469
les_neck_pick10__00000001__s0035.wav,0.10834942758083344,0.2934938371181488
les_neck_pick07__00000001__s0010.wav,0.9759951829910278,0.9272474050521851
les_neck_fing21__00000001__s0027.wav,0.02289048209786415,0.26614391803741455
tele_bridge_fing13__00000001__s0038.wav,0.9164520502090454,0.545150637626648
les_neck_fing08__00000001__s0005.wav,0.19761919975280762,0.3823336362838745
les_bridge_pick21__00000001__s0026.wav,0.3939749002456665,0.4545317590236664
tele_neck_fing09__00000001__s0010.wav,0.3179069459438324,0.24411514401435852
les_neck_fing02__00000001__s0037.wav,0.2823036313056946,0.4228416681289673
strat_neck_pick24__00000001__s0012.wav,0.6167255640029907,0.6392574310302734
strat_neck_pick06__00000001__s0033.wav,0.9122733473777771,0.8614175915718079
strat_bridge_fing18__00000001__s0036.wav,0.8905452489852905,0.8463948369026184
tele_neck_pick04__00000001__s0005.wav,0.795733630657196,0.8136467337608337
tele_neck_pick19__00000001__s0010.wav,0.18738731741905212,0.48785102367401123
prs_bridge_fing02__00000001__s0027.wav,0.8002943396568298,0.6978515386581421
strat_neck_pick11__00000001__s0007.wav,0.4659530818462372,0.2819090187549591
strat_neck_fing12__00000001__s0014.wav,0.6190495491027832,0.5816303491592407
strat_bridge_pick19__00000001__s0047.wav,0.12845832109451294,0.3955596387386322
prs_neck_pick24__00000001__s0055.wav,0.7961007952690125,0.587544322013855
tele_neck_fing16__00000001__s0026.wav,0.5570287704467773,0.4518408477306366
tele_bridge_pick21__00000001__s0041.wav,0.1258043795824051,0.23702937364578247
strat_bridge_pick22__00000001__s0009.wav,0.5770320892333984,0.5509257316589355
les_bridge_fing07__00000001__s0049.wav,0.739704966545105,0.5149043202400208
les_bridge_pick10__00000001__s0039.wav,0.2845638394355774,0.25763967633247375
tele_neck_pick08__00000001__s0028.wav,0.31076958775520325,0.45056429505348206
les_neck_fing25__00000001__s0021.wav,0.041390713304281235,0.2796039581298828
tele_bridge_fing21__00000001__s0016.wav,0.2606455087661743,0.331574946641922
strat_neck_fing12__00000001__s0008.wav,0.016386186704039574,0.13631270825862885
les_neck_fing16__00000001__s0003.wav,0.3724161982536316,0.43652594089508057
les_bridge_pick12__00000001__s0004.wav,0.39114272594451904,0.2664931118488312
tele_bridge_pick23__00000001__s0011.wav,0.43600907921791077,0.25003254413604736
prs_bridge_fing20__00000001__s0018.wav,0.1857168972492218,0.6532307863235474
prs_neck_pick11__00000001__s0013.wav,0.33619627356529236,0.30415987968444824
prs_bridge_fing12__00000001__s0007.wav,0.5843380689620972,0.2590163052082062
prs_neck_pick20__00000001__s0035.wav,0.07839344441890717,0.19947490096092224
tele_bridge_fing17__00000001__s0038.wav,0.4966597557067871,0.5400859117507935
strat_neck_fing13__00000001__s0035.wav,0.25047120451927185,0.2768646776676178
les_bridge_fing17__00000001__s0002.wav,0.6034525036811829,0.31496065855026245
les_neck_pick25__00000001__s0031.wav,0.5699363946914673,0.3837951123714447
strat_neck_pick19__00000001__s0039.wav,0.8538694381713867,0.8810868263244629
les_bridge_pick18__00000001__s0051.wav,0.11469266563653946,0.3948709964752197
tele_neck_fing16__00000001__s0012.wav,0.8685171604156494,0.599579930305481
tele_neck_fing11__00000001__s0019.wav,0.8901039958000183,0.8248645663261414
les_bridge_pick11__00000001__s0044.wav,0.39043235778808594,0.4423537254333496
prs_neck_pick20__00000001__s0018.wav,0.03267167881131172,0.2777975797653198
prs_neck_pick21__00000001__s0023.wav,0.4520937204360962,0.2663053572177887
strat_neck_pick24__00000001__s0034.wav,0.765915036201477,0.81266850233078
prs_neck_fing02__00000001__s0030.wav,0.7803274393081665,0.6737523674964905
tele_neck_fing07__00000001__s0034.wav,0.22745893895626068,0.2812556326389313
tele_bridge_pick01__00000001__s0039.wav,0.5484416484832764,0.5113904476165771
strat_bridge_fing01__00000001__s0053.wav,0.19997762143611908,0.5412629246711731
les_neck_fing07__00000001__s0029.wav,0.6444447636604309,0.307188481092453
strat_bridge_fing18__00000001__s0005.wav,0.02767254039645195,0.5481829643249512
prs_bridge_pick14__00000001__s0044.wav,0.7889040112495422,0.6955673694610596
tele_neck_fing24__00000001__s0025.wav,0.05656995251774788,0.26874327659606934
prs_bridge_fing21__00000001__s0005.wav,0.611937403678894,0.48097747564315796
les_neck_fing21__00000001__s0030.wav,0.23732909560203552,0.3767453730106354
prs_bridge_fing01__00000001__s0035.wav,0.3066772222518921,0.5333366394042969
tele_bridge_pick09__00000001__s0023.wav,0.7146090269088745,0.8759947419166565
strat_neck_fing23__00000001__s0020.wav,0.5383903384208679,0.26818299293518066
prs_bridge_pick08__00000001__s0035.wav,0.2603631913661957,0.5072532296180725
prs_neck_pick11__00000001__s0006.wav,0.7893933057785034,0.6611009240150452
strat_neck_pick08__00000001__s0002.wav,0.25241580605506897,0.5136815905570984
strat_bridge_pick10__00000001__s0006.wav,0.008296213112771511,0.3371559679508209
les_bridge_fing18__00000001__s0028.wav,0.3786293864250183,0.3045717179775238
les_neck_pick18__00000001__s0043.wav,0.335874080657959,0.49889108538627625
les_bridge_pick19__00000001__s0049.wav,0.28573888540267944,0.24393634498119354
les_neck_pick23__00000001__s0005.wav,0.9812607169151306,0.8211413621902466
prs_neck_pick10__00000001__s0033.wav,0.9207710027694702,0.8608481287956238
strat_neck_pick18__00000001__s0049.wav,0.4028293192386627,0.6920691728591919
prs_bridge_fing06__00000001__s0045.wav,0.42180556058883667,0.6836804151535034
tele_bridge_pick04__00000001__s0014.wav,0.7964948415756226,0.7613527774810791
tele_neck_pick17__00000001__s0030.wav,0.9472213983535767,0.8571498990058899
strat_neck_pick05__00000001__s0019.wav,0.6247951984405518,0.6633815169334412
strat_neck_pick07__00000001__s0002.wav,0.14932185411453247,0.5747476816177368
les_neck_fing03__00000001__s0015.wav,0.13708633184432983,0.3925301432609558
tele_neck_pick17__00000001__s0033.wav,0.5010760426521301,0.5585418939590454
prs_neck_fing10__00000001__s0014.wav,0.11120698601007462,0.20088844001293182
prs_bridge_fing10__00000001__s0004.wav,0.5536993741989136,0.5741075873374939
les_neck_pick06__00000001__s0004.wav,0.2741754949092865,0.47249436378479004
prs_bridge_pick23__00000001__s0047.wav,0.35187986493110657,0.3885684907436371
tele_neck_pick10__00000001__s0032.wav,0.19026947021484375,0.4592483937740326
tele_bridge_fing20__00000001__s0012.wav,0.9451457858085632,0.7206622958183289
prs_neck_fing06__00000001__s0024.wav,0.8698420524597168,0.5067635774612427
les_neck_fing13__00000001__s0010.wav,0.21809490025043488,0.30452942848205566
prs_bridge_fing10__00000001__s0047.wav,0.7488688230514526,0.3660173714160919
strat_neck_fing22__00000001__s0025.wav,0.5069853067398071,0.2172471433877945
les_bridge_pick18__00000001__s0028.wav,0.38415494561195374,0.6742544174194336
prs_bridge_fing07__00000001__s0017.wav,0.9423628449440002,0.9120518565177917
prs_neck_fing16__00000001__s0039.wav,0.47520092129707336,0.42581817507743835
tele_neck_pick18__00000001__s0039.wav,0.5335690379142761,0.6751523613929749
prs_neck_fing09__00000001__s0035.wav,0.6429786682128906,0.5078127980232239
tele_neck_pick22__00000001__s0043.wav,0.47443145513534546,0.16452893614768982
les_neck_pick04__00000001__s0052.wav,0.2590687870979309,0.46417340636253357
strat_neck_pick14__00000001__s0034.wav,0.1435527205467224,0.3586543798446655
prs_neck_fing11__00000001__s0000.wav,0.11726786196231842,0.34093722701072693
prs_bridge_fing03__00000001__s0037.wav,0.5018921494483948,0.3706275522708893
strat_neck_fing17__00000001__s0048.wav,0.9260067343711853,0.7768206000328064
les_neck_pick02__00000001__s0026.wav,0.02823808416724205,0.2536607086658478
les_neck_pick20__00000001__s0013.wav,0.39544981718063354,0.2857407033443451
prs_neck_fing25__00000001__s0054.wav,0.8721465468406677,0.666822612285614
prs_neck_pick05__00000001__s0012.wav,0.8404755592346191,0.6008910536766052
tele_bridge_pick19__00000001__s0016.wav,0.8578842282295227,0.8891225457191467
tele_bridge_pick24__00000001__s0027.wav,0.9114587306976318,0.9460343718528748
strat_bridge_pick24__00000001__s0026.wav,0.014019196853041649,0.37655705213546753
prs_bridge_fing09__00000001__s0047.wav,0.9254964590072632,0.8424572348594666
prs_bridge_fing13__00000001__s0036.wav,0.2382863610982895,0.5274145603179932
prs_neck_pick04__00000001__s0024.wav,0.1232168897986412,0.3456895053386688
tele_bridge_pick16__00000001__s0019.wav,0.3761039078235626,0.5912309885025024
prs_bridge_fing17__00000001__s0012.wav,0.984296441078186,0.9263543486595154
strat_bridge_fing22__00000001__s0046.wav,0.2715080976486206,0.4527120292186737
prs_bridge_fing17__00000001__s0053.wav,0.7975940704345703,0.7588407397270203
prs_neck_fing19__00000001__s0010.wav,0.6094114184379578,0.6690751910209656
strat_bridge_fing19__00000001__s0009.wav,0.7644498944282532,0.7384973168373108
les_bridge_fing19__00000001__s0027.wav,0.2310929149389267,0.4083646237850189
strat_neck_fing05__00000001__s0031.wav,0.7055147886276245,0.7786896824836731
tele_bridge_pick05__00000001__s0048.wav,0.30207082629203796,0.6129036545753479
strat_bridge_fing03__00000001__s0010.wav,0.31011882424354553,0.2878005802631378
strat_bridge_pick10__00000001__s0011.wav,0.2935866713523865,0.3096502423286438
les_bridge_pick23__00000001__s0051.wav,0.5354370474815369,0.38543856143951416
prs_bridge_fing23__00000001__s0055.wav,0.6858597993850708,0.848318874835968
strat_neck_pick08__00000001__s0040.wav,0.64613938331604,0.6017558574676514
strat_neck_fing11__00000001__s0020.wav,0.5206259489059448,0.5847460627555847
prs_neck_fing13__00000001__s0026.wav,0.2909795641899109,0.33700990676879883
tele_neck_fing11__00000001__s0020.wav,0.6150856614112854,0.5674638748168945
les_bridge_pick14__00000001__s0022.wav,0.343244343996048,0.16464953124523163
tele_bridge_fing20__00000001__s0054.wav,0.07575418800115585,0.2297731637954712
strat_bridge_fing01__00000001__s0006.wav,0.7634866237640381,0.5780113935470581
les_neck_fing22__00000001__s0037.wav,0.06285040825605392,0.24171021580696106
tele_neck_pick11__00000001__s0051.wav,0.44059380888938904,0.49329638481140137
les_neck_fing20__00000001__s0010.wav,0.5999013781547546,0.5446614623069763
tele_neck_fing07__00000001__s0007.wav,0.16141270101070404,0.2903705835342407
les_bridge_fing06__00000001__s0046.wav,0.15322387218475342,0.45501473546028137
tele_neck_pick15__00000001__s0035.wav,0.5307152271270752,0.7456808090209961
strat_bridge_pick11__00000001__s0025.wav,0.6865773797035217,0.5250217318534851
tele_neck_fing05__00000001__s0019.wav,0.9748446941375732,0.7887192368507385
tele_bridge_pick02__00000001__s0020.wav,0.14348204433918,0.31099745631217957
prs_bridge_pick17__00000001__s0053.wav,0.5408387184143066,0.2973375916481018
strat_neck_fing01__00000001__s0034.wav,0.18193596601486206,0.35716667771339417
tele_neck_pick01__00000001__s0044.wav,0.7902625799179077,0.7004488110542297
tele_neck_pick22__00000001__s0039.wav,0.5948241949081421,0.5802910923957825
les_neck_pick24__00000001__s0020.wav,0.35282400250434875,0.43199586868286133
prs_bridge_pick13__00000001__s0040.wav,0.8963200449943542,0.9632027745246887
prs_bridge_pick25__00000001__s0010.wav,0.657904863357544,0.7058575749397278
strat_neck_pick07__00000001__s0033.wav,0.5171513557434082,0.704954206943512
prs_neck_pick02__00000001__s0016.wav,0.8813681602478027,0.849977970123291
prs_bridge_fing09__00000001__s0021.wav,0.9420532584190369,0.8606262803077698
les_neck_fing24__00000001__s0022.wav,0.37387731671333313,0.6349075436592102
strat_bridge_fing10__00000001__s0036.wav,0.25403091311454773,0.2860843241214752
tele_bridge_fing19__00000001__s0017.wav,0.641133725643158,0.4816189706325531
strat_bridge_fing13__00000001__s0025.wav,0.46085596084594727,0.5264614820480347
tele_neck_fing10__00000001__s0002.wav,0.7466935515403748,0.8013278841972351
les_bridge_fing04__00000001__s0032.wav,0.1319788545370102,0.7139227986335754
les_neck_fing12__00000001__s0045.wav,0.12067307531833649,0.31961682438850403
tele_bridge_fing11__00000001__s0044.wav,0.8369925618171692,0.8732442855834961
prs_bridge_fing14__00000001__s0000.wav,0.8005373477935791,0.7367947101593018
strat_bridge_fing23__00000001__s0025.wav,0.24122560024261475,0.29768380522727966
tele_bridge_pick08__00000001__s0002.wav,0.8290404677391052,0.7696935534477234
tele_neck_pick13__00000001__s0049.wav,0.11309210956096649,0.2516244351863861
les_bridge_fing07__00000001__s0009.wav,0.745902419090271,0.547339916229248
tele_bridge_fing08__00000001__s0025.wav,0.43050456047058105,0.6294382214546204
les_neck_fing05__00000001__s0023.wav,0.7335977554321289,0.6575974822044373
les_neck_pick10__00000001__s0000.wav,0.5459316968917847,0.28838226199150085
strat_neck_fing17__00000001__s0030.wav,0.20916594564914703,0.38152188062667847
tele_bridge_pick04__00000001__s0012.wav,0.9856396913528442,0.8950743079185486
les_neck_fing06__00000001__s0045.wav,0.9647953510284424,0.9058546423912048
tele_bridge_pick22__00000001__s0008.wav,0.6818487644195557,0.750392496585846
tele_neck_fing12__00000001__s0032.wav,0.7232537269592285,0.563788652420044
tele_neck_fing07__00000001__s0044.wav,0.6852649450302124,0.7180885076522827
strat_bridge_pick06__00000001__s0010.wav,0.7321513891220093,0.7269768714904785
prs_bridge_pick03__00000001__s0041.wav,0.16858536005020142,0.438407301902771
prs_bridge_fing11__00000001__s0021.wav,0.2766478359699249,0.19345282018184662
les_neck_pick12__00000001__s0035.wav,0.5351752638816833,0.14595875144004822
les_bridge_fing13__00000001__s0053.wav,0.44006380438804626,0.40542349219322205
tele_neck_pick07__00000001__s0027.wav,0.9990589618682861,0.9119709730148315
prs_bridge_fing16__00000001__s0015.wav,0.5522295832633972,0.4645234942436218
tele_bridge_fing15__00000001__s0000.wav,0.9764882326126099,0.8233619928359985
strat_bridge_pick14__00000001__s0050.wav,0.695908784866333,0.7134414911270142
tele_bridge_pick11__00000001__s0012.wav,0.44549810886383057,0.2905532419681549
prs_bridge_pick22__00000001__s0002.wav,0.41048720479011536,0.7011283040046692
les_neck_fing09__00000001__s0017.wav,0.8081353306770325,0.709709882736206
strat_neck_fing25__00000001__s0013.wav,0.8589284420013428,0.7947909832000732
strat_bridge_fing14__00000001__s0054.wav,0.2799395024776459,0.18014110624790192
tele_bridge_pick20__00000001__s0007.wav,0.999430775642395,0.8649096488952637
tele_neck_pick19__00000001__s0028.wav,0.2856381833553314,0.34260281920433044
prs_bridge_pick07__00000001__s0010.wav,0.38794001936912537,0.46616849303245544
tele_neck_fing16__00000001__s0022.wav,0.1979399025440216,0.1608809530735016
prs_bridge_fing19__00000001__s0039.wav,0.5116976499557495,0.48076435923576355
strat_neck_fing14__00000001__s0051.wav,0.9886748194694519,0.7806189656257629
les_neck_fing05__00000001__s0011.wav,0.35078418254852295,0.3331032991409302
prs_neck_pick19__00000001__s0049.wav,0.2564980685710907,0.24634216725826263
tele_bridge_pick08__00000001__s0016.wav,0.9693499803543091,0.8232747316360474
prs_bridge_fing15__00000001__s0034.wav,0.6359267234802246,0.5399726033210754
les_bridge_pick04__00000001__s0031.wav,0.5387109518051147,0.5853400826454163
strat_neck_fing13__00000001__s0050.wav,0.9096494317054749,0.7029622793197632
prs_neck_pick14__00000001__s0000.wav,0.08679290860891342,0.3079017698764801
strat_neck_fing25__00000001__s0031.wav,0.05087948590517044,0.15558689832687378
prs_bridge_pick15__00000001__s0000.wav,0.7261845469474792,0.6453651189804077
tele_neck_fing05__00000001__s0024.wav,0.010882635600864887,0.2490595281124115
les_neck_fing12__00000001__s0005.wav,0.5184133648872375,0.43597692251205444
strat_bridge_pick06__00000001__s0007.wav,0.6741232872009277,0.6102457642555237
les_neck_pick06__00000001__s0048.wav,0.7309452295303345,0.319692999124527
strat_bridge_pick20__00000001__s0031.wav,0.0020856456831097603,0.3128897547721863
les_neck_pick25__00000001__s0028.wav,0.1240936741232872,0.3636421859264374
les_neck_fing02__00000001__s0020.wav,0.132381409406662,0.45070767402648926
tele_neck_pick10__00000001__s0043.wav,0.4340762495994568,0.6060490608215332
les_neck_pick02__00000001__s0002.wav,0.8446498513221741,0.7805627584457397
prs_bridge_fing21__00000001__s0040.wav,0.13679085671901703,0.29075124859809875
tele_neck_pick18__00000001__s0013.wav,0.06648188084363937,0.24539464712142944
strat_bridge_fing24__00000001__s0051.wav,0.08365011215209961,0.21450097858905792
tele_bridge_pick03__00000001__s0023.wav,0.7697578072547913,0.7199434041976929
strat_bridge_pick13__00000001__s0037.wav,0.5174074769020081,0.5683495402336121
tele_neck_pick11__00000001__s0007.wav,0.012130457907915115,0.34941089153289795
les_neck_fing12__00000001__s0002.wav,0.05860523134469986,0.2611056864261627
strat_bridge_fing19__00000001__s0039.wav,0.32675036787986755,0.36453577876091003
strat_bridge_fing04__00000001__s0050.wav,0.7322876453399658,0.74936842918396
prs_bridge_fing06__00000001__s0030.wav,0.6676439642906189,0.6794329285621643
strat_neck_pick06__00000001__s0012.wav,0.9240751266479492,0.9169737696647644
tele_neck_fing23__00000001__s0004.wav,0.1232612282037735,0.524948000907898
strat_bridge_fing06__00000001__s0025.wav,0.866263747215271,0.5801321864128113
prs_bridge_fing10__00000001__s0028.wav,0.09687180072069168,0.19795002043247223
strat_neck_fing14__00000001__s0020.wav,0.23438896238803864,0.2814517617225647
les_bridge_pick08__00000001__s0015.wav,0.43762627243995667,0.28644654154777527
les_neck_fing18__00000001__s0026.wav,0.8651043772697449,0.6522523164749146
strat_bridge_fing20__00000001__s0046.wav,0.623759388923645,0.5854653120040894
strat_bridge_pick20__00000001__s0036.wav,0.039537906646728516,0.2940424382686615
les_bridge_fing21__00000001__s0002.wav,0.9973064064979553,0.8192248940467834
les_bridge_fing07__00000001__s0005.wav,0.6166800260543823,0.4430750012397766
prs_neck_pick20__00000001__s0005.wav,0.8654001951217651,0.723483145236969
strat_bridge_pick13__00000001__s0035.wav,0.7781817317008972,0.8234984278678894
les_neck_fing17__00000001__s0007.wav,0.17662568390369415,0.31320881843566895
les_bridge_fing13__00000001__s0024.wav,0.7986716628074646,0.565260648727417
tele_bridge_fing11__00000001__s0034.wav,0.2642093896865845,0.2861541211605072
les_neck_fing11__00000001__s0009.wav,0.8973346948623657,0.7834240794181824
tele_neck_pick17__00000001__s0000.wav,0.023796670138835907,0.3747904300689697
prs_neck_fing21__00000001__s0039.wav,0.20520363748073578,0.2466089278459549
tele_bridge_pick04__00000001__s0002.wav,0.3829691410064697,0.6042699217796326
strat_bridge_fing21__00000001__s0044.wav,0.9822069406509399,0.8270749449729919
strat_bridge_fing24__00000001__s0011.wav,0.6902811527252197,0.5963950753211975
les_bridge_fing04__00000001__s0040.wav,0.11471202224493027,0.24827222526073456
les_bridge_fing20__00000001__s0023.wav,0.07065418362617493,0.2655334770679474
tele_neck_pick19__00000001__s0009.wav,0.4661652147769928,0.49126654863357544
strat_neck_fing07__00000001__s0010.wav,0.546888530254364,0.40832868218421936
tele_neck_pick24__00000001__s0042.wav,0.5046373605728149,0.437809020280838
prs_bridge_fing05__00000001__s0024.wav,0.45441266894340515,0.4764673709869385
strat_neck_fing06__00000001__s0033.wav,0.40317338705062866,0.39518141746520996
tele_neck_fing13__00000001__s0045.wav,0.06253483146429062,0.17630839347839355
tele_bridge_pick15__00000001__s0011.wav,0.6676520705223083,0.4819023907184601
strat_bridge_fing09__00000001__s0032.wav,0.35072270035743713,0.4455588161945343
prs_bridge_fing13__00000001__s0014.wav,0.951288640499115,0.8124563694000244
prs_neck_pick19__00000001__s0055.wav,0.5842166543006897,0.6179627180099487
prs_bridge_pick21__00000001__s0051.wav,0.015504337847232819,0.14079546928405762
strat_bridge_fing24__00000001__s0043.wav,0.38568276166915894,0.34596166014671326
tele_bridge_fing16__00000001__s0015.wav,0.5331322550773621,0.5094084143638611
strat_neck_fing18__00000001__s0025.wav,0.39433297514915466,0.5378434658050537
les_neck_fing20__00000001__s0023.wav,0.9124265909194946,0.7575629949569702
tele_bridge_fing09__00000001__s0042.wav,0.3106967806816101,0.1941564530134201
prs_neck_fing12__00000001__s0023.wav,0.048001546412706375,0.2048468142747879
les_neck_fing22__00000001__s0052.wav,0.936811625957489,0.8568957448005676
tele_bridge_pick12__00000001__s0021.wav,0.7101522088050842,0.6698687672615051
tele_bridge_fing19__00000001__s0012.wav,0.2687445282936096,0.32551541924476624
les_bridge_fing22__00000001__s0051.wav,0.3820764422416687,0.33187946677207947
les_neck_fing12__00000001__s0047.wav,0.5665439963340759,0.4348858892917633
tele_bridge_fing22__00000001__s0042.wav,0.5766635537147522,0.6961405873298645
les_neck_fing13__00000001__s0029.wav,0.3533547818660736,0.5964696407318115
prs_neck_pick15__00000001__s0014.wav,0.5377982258796692,0.33262890577316284
tele_bridge_pick24__00000001__s0047.wav,0.4437076449394226,0.40985116362571716
prs_neck_fing20__00000001__s0048.wav,0.4932824373245239,0.35232895612716675
strat_neck_pick25__00000001__s0002.wav,0.19599956274032593,0.2816263735294342
tele_bridge_pick12__00000001__s0041.wav,0.2919834852218628,0.6056302785873413
strat_bridge_fing19__00000001__s0008.wav,0.47600701451301575,0.17930525541305542
strat_neck_pick04__00000001__s0053.wav,0.6855142712593079,0.5358108282089233
strat_neck_fing21__00000001__s0017.wav,0.0034901017788797617,0.25685179233551025
prs_bridge_pick19__00000001__s0000.wav,0.8992217779159546,0.8913951516151428
strat_bridge_pick23__00000001__s0039.wav,0.4545482099056244,0.4062774181365967
les_neck_pick05__00000001__s0038.wav,0.49963319301605225,0.44639936089515686
les_neck_pick22__00000001__s0015.wav,0.7573993802070618,0.7450441122055054
strat_bridge_pick16__00000001__s0037.wav,0.37295424938201904,0.2910884618759155
les_neck_pick23__00000001__s0053.wav,0.7155086994171143,0.5911155343055725
prs_bridge_fing06__00000001__s0013.wav,0.39171287417411804,0.5754725933074951
prs_bridge_fing01__00000001__s0010.wav,0.16667112708091736,0.4203619956970215
prs_neck_pick01__00000001__s0006.wav,0.03636810556054115,0.35124441981315613
prs_bridge_pick09__00000001__s0029.wav,0.6832608580589294,0.5535172820091248
tele_bridge_pick17__00000001__s0038.wav,0.48323148488998413,0.295587956905365
les_bridge_pick17__00000001__s0012.wav,0.8981611132621765,0.8268815279006958
les_neck_fing24__00000001__s0009.wav,0.5036702156066895,0.25136950612068176
strat_neck_fing11__00000001__s0032.wav,0.059041913598775864,0.2626420855522156
tele_neck_fing03__00000001__s0013.wav,0.3879817724227905,0.4785161316394806
tele_neck_fing16__00000001__s0032.wav,0.6478924751281738,0.6639962196350098
prs_bridge_pick22__00000001__s0019.wav,0.9483765959739685,0.9528201222419739
tele_bridge_pick02__00000001__s0054.wav,0.8582422137260437,0.8462886810302734
les_neck_pick07__00000001__s0055.wav,0.2544313073158264,0.4358530640602112
les_neck_fing09__00000001__s0013.wav,0.34226158261299133,0.278339684009552
tele_neck_pick13__00000001__s0054.wav,0.3866991102695465,0.4321664571762085
les_bridge_pick17__00000001__s0027.wav,0.8853316307067871,0.7483625411987305
les_neck_fing02__00000001__s0006.wav,0.5056010484695435,0.3519331216812134
les_neck_pick19__00000001__s0019.wav,0.027903037145733833,0.5003958940505981
tele_bridge_pick21__00000001__s0055.wav,0.8451606035232544,0.8897449374198914
tele_bridge_fing23__00000001__s0044.wav,0.06255540251731873,0.14933645725250244
les_neck_pick13__00000001__s0012.wav,0.5634849667549133,0.4504476487636566
strat_neck_fing03__00000001__s0011.wav,0.14016632735729218,0.26401132345199585
tele_bridge_fing02__00000001__s0015.wav,0.0767032653093338,0.2831491529941559
prs_neck_pick17__00000001__s0004.wav,0.5564377903938293,0.43699461221694946
tele_neck_fing07__00000001__s0005.wav,0.43215128779411316,0.20766907930374146
tele_bridge_pick10__00000001__s0042.wav,0.9727962613105774,0.8823412656784058
les_bridge_fing22__00000001__s0025.wav,0.2550356090068817,0.16085287928581238
tele_bridge_fing22__00000001__s0045.wav,0.6504340767860413,0.5973302125930786
tele_bridge_pick01__00000001__s0054.wav,0.8342581987380981,0.914115846157074
les_bridge_fing22__00000001__s0006.wav,0.8256593346595764,0.7742961049079895
strat_bridge_fing04__00000001__s0010.wav,0.5054106116294861,0.46889927983283997
les_bridge_pick24__00000001__s0010.wav,0.793048620223999,0.8861268162727356
les_bridge_fing18__00000001__s0019.wav,0.09341035783290863,0.29675808548927307
prs_bridge_pick14__00000001__s0052.wav,0.6442517042160034,0.22998890280723572
les_bridge_fing04__00000001__s0042.wav,0.4333435595035553,0.5974010229110718
les_neck_fing19__00000001__s0039.wav,0.5080249905586243,0.3979043960571289
strat_neck_fing02__00000001__s0005.wav,0.49851128458976746,0.426264226436615
prs_bridge_pick17__00000001__s0018.wav,0.29930412769317627,0.19306723773479462
strat_neck_pick02__00000001__s0026.wav,0.9381774067878723,0.8780809640884399
les_bridge_fing08__00000001__s0032.wav,0.8570607304573059,0.9394840598106384
les_neck_fing06__00000001__s0048.wav,0.6697565913200378,0.6927658915519714
strat_bridge_fing04__00000001__s0021.wav,0.4052942097187042,0.49760928750038147
les_bridge_pick10__00000001__s0036.wav,0.08710432052612305,0.2988963723182678
prs_neck_pick01__00000001__s0029.wav,0.44429171085357666,0.22038297355175018
strat_neck_fing14__00000001__s0008.wav,0.9719346165657043,0.89955073595047
prs_bridge_fing13__00000001__s0034.wav,0.0509469248354435,0.391430526971817
tele_neck_fing22__00000001__s0031.wav,0.39619675278663635,0.3658501207828522
prs_bridge_pick22__00000001__s0022.wav,0.49885332584381104,0.6596709489822388
les_bridge_pick02__00000001__s0033.wav,0.5012684464454651,0.3419238328933716
tele_bridge_fing06__00000001__s0040.wav,0.7666295766830444,0.462049275636673
strat_bridge_pick25__00000001__s0051.wav,0.951621413230896,0.8725894093513489
tele_bridge_fing06__00000001__s0033.wav,0.5439319014549255,0.3902444839477539
les_bridge_fing15__00000001__s0028.wav,0.8597564101219177,0.6477749347686768
strat_bridge_fing13__00000001__s0024.wav,0.942295253276825,0.828372597694397
strat_bridge_pick22__00000001__s0025.wav,0.14723151922225952,0.520534098148346
strat_neck_fing09__00000001__s0023.wav,0.1722601354122162,0.15263989567756653
prs_bridge_fing05__00000001__s0022.wav,0.06406988203525543,0.6464669108390808
strat_neck_pick08__00000001__s0021.wav,0.8917983174324036,0.8920450806617737
prs_bridge_fing11__00000001__s0005.wav,0.0512458011507988,0.41834357380867004
les_bridge_fing17__00000001__s0049.wav,0.508531928062439,0.28067857027053833
prs_bridge_fing21__00000001__s0030.wav,0.22908525168895721,0.3830259144306183
les_neck_fing19__00000001__s0013.wav,0.2019694745540619,0.24419772624969482
prs_neck_pick03__00000001__s0019.wav,0.9300029277801514,0.586097002029419
prs_bridge_pick07__00000001__s0040.wav,0.0241834819316864,0.16630204021930695
tele_neck_fing14__00000001__s0035.wav,0.9602535367012024,0.7523450255393982
les_neck_pick25__00000001__s0026.wav,0.04548411816358566,0.4139416813850403
strat_bridge_pick04__00000001__s0009.wav,0.7316449284553528,0.2875552475452423
les_bridge_pick16__00000001__s0012.wav,0.9730496406555176,0.819912850856781
tele_bridge_pick14__00000001__s0033.wav,0.2524135410785675,0.2720828652381897
prs_neck_pick15__00000001__s0021.wav,0.6826711893081665,0.675366222858429
tele_neck_pick04__00000001__s0021.wav,0.7466633915901184,0.7440343499183655
les_bridge_pick14__00000001__s0043.wav,0.2069101482629776,0.4080190062522888
les_neck_fing15__00000001__s0004.wav,0.20390655100345612,0.7270584106445312
strat_bridge_fing18__00000001__s0034.wav,0.5551681518554688,0.7089188098907471
strat_neck_pick22__00000001__s0008.wav,0.17421294748783112,0.15538963675498962
prs_neck_fing14__00000001__s0044.wav,0.6558936834335327,0.6871746182441711
strat_neck_fing01__00000001__s0024.wav,0.7727401256561279,0.7716742157936096
tele_neck_fing05__00000001__s0015.wav,0.6463631987571716,0.49784910678863525
tele_neck_pick07__00000001__s0018.wav,0.5308336019515991,0.6764289140701294
tele_neck_pick17__00000001__s0050.wav,0.744958758354187,0.5076724886894226
prs_neck_pick05__00000001__s0038.wav,0.9091164469718933,0.7684873342514038
tele_neck_fing09__00000001__s0022.wav,0.9847732782363892,0.7626447677612305
prs_neck_pick16__00000001__s0016.wav,0.9967998266220093,0.8700442910194397
tele_bridge_fing04__00000001__s0049.wav,0.7900310754776001,0.4108429253101349
les_neck_pick17__00000001__s0032.wav,0.7043103575706482,0.8028305172920227
strat_neck_pick15__00000001__s0019.wav,0.9951237440109253,0.9388879537582397
les_neck_pick15__00000001__s0001.wav,0.25566354393959045,0.4345676004886627
tele_bridge_fing06__00000001__s0049.wav,0.4624423086643219,0.16072633862495422
les_bridge_fing10__00000001__s0008.wav,0.032874494791030884,0.3225463926792145
tele_bridge_fing16__00000001__s0036.wav,0.04246038571000099,0.37574368715286255
tele_neck_fing21__00000001__s0003.wav,0.1710587739944458,0.34992021322250366
les_neck_pick09__00000001__s0030.wav,0.2316041886806488,0.4622396230697632
strat_bridge_fing05__00000001__s0040.wav,0.9379299283027649,0.8549030423164368
tele_bridge_fing12__00000001__s0010.wav,0.41212019324302673,0.29832199215888977
prs_bridge_pick18__00000001__s0017.wav,0.35701727867126465,0.4069576561450958
prs_neck_fing02__00000001__s0014.wav,0.629318356513977,0.7064093351364136
strat_bridge_pick23__00000001__s0004.wav,0.9406747221946716,0.7460968494415283
tele_neck_fing18__00000001__s0014.wav,0.047094009816646576,0.11288569122552872
tele_neck_pick04__00000001__s0038.wav,0.11534403264522552,0.21672706305980682
tele_neck_fing05__00000001__s0047.wav,0.27982476353645325,0.5648149847984314
tele_neck_pick02__00000001__s0030.wav,0.5146628022193909,0.38505005836486816
prs_neck_fing10__00000001__s0021.wav,0.9463036060333252,0.7245311141014099
strat_bridge_fing16__00000001__s0041.wav,0.8590097427368164,0.7941717505455017
prs_neck_fing02__00000001__s0027.wav,0.13636332750320435,0.46837329864501953
strat_neck_fing20__00000001__s0047.wav,0.4139504134654999,0.38034793734550476
tele_bridge_pick09__00000001__s0048.wav,0.5007912516593933,0.4365215301513672
tele_bridge_pick01__00000001__s0052.wav,0.9288393259048462,0.867866039276123
prs_bridge_fing07__00000001__s0044.wav,0.9630535244941711,0.9123022556304932
prs_bridge_pick20__00000001__s0024.wav,0.395813912153244,0.4485880732536316
les_bridge_pick12__00000001__s0045.wav,0.35630351305007935,0.41435205936431885
les_bridge_fing14__00000001__s0048.wav,0.7216504216194153,0.5509155988693237
tele_bridge_pick08__00000001__s0020.wav,0.6847824454307556,0.571546196937561
strat_bridge_fing10__00000001__s0006.wav,0.6484768390655518,0.45448756217956543
les_neck_fing25__00000001__s0012.wav,0.387801855802536,0.27543771266937256
prs_bridge_fing12__00000001__s0012.wav,0.15143342316150665,0.29588279128074646
tele_bridge_fing25__00000001__s0001.wav,0.19202080368995667,0.19139161705970764
prs_bridge_fing17__00000001__s0019.wav,0.6418496370315552,0.889462411403656
strat_neck_fing10__00000001__s0022.wav,0.9251064658164978,0.9404743313789368
prs_neck_fing19__00000001__s0050.wav,0.005686508025974035,0.23434114456176758
strat_neck_pick12__00000001__s0004.wav,0.02703136019408703,0.22554446756839752
strat_neck_fing08__00000001__s0054.wav,0.6811074018478394,0.6337097883224487
les_neck_fing01__00000001__s0012.wav,0.8888818621635437,0.8591910600662231
strat_bridge_pick12__00000001__s0051.wav,0.6672066450119019,0.6580312848091125
prs_bridge_pick09__00000001__s0033.wav,0.9820513725280762,0.9148644208908081
strat_bridge_fing13__00000001__s0004.wav,0.9235981702804565,0.8953697085380554
les_bridge_fing08__00000001__s0016.wav,0.7251878976821899,0.562657356262207
les_neck_pick12__00000001__s0005.wav,0.9832921028137207,0.8492825031280518
strat_bridge_pick10__00000001__s0014.wav,0.4093457758426666,0.2893223464488983
les_neck_fing17__00000001__s0011.wav,0.27321746945381165,0.32375016808509827
les_bridge_fing22__00000001__s0021.wav,0.3144215941429138,0.1497492641210556
les_bridge_pick09__00000001__s0043.wav,0.05632415786385536,0.41788449883461
les_neck_fing14__00000001__s0050.wav,0.6045486330986023,0.6108187437057495
strat_neck_fing02__00000001__s0010.wav,0.024686383083462715,0.16405197978019714
les_neck_fing06__00000001__s0035.wav,0.14055970311164856,0.3732035458087921
les_neck_fing01__00000001__s0051.wav,0.0722513496875763,0.32007503509521484
strat_neck_fing21__00000001__s0039.wav,0.8026507496833801,0.7957993745803833
tele_bridge_fing03__00000001__s0036.wav,0.4225897490978241,0.680625319480896
les_bridge_fing10__00000001__s0050.wav,0.6395626068115234,0.45979931950569153
strat_neck_pick07__00000001__s0016.wav,0.714915931224823,0.8102841973304749
tele_neck_fing09__00000001__s0051.wav,0.45225363969802856,0.2860225439071655
strat_neck_pick01__00000001__s0000.wav,0.8820897936820984,0.7146583795547485
tele_bridge_pick16__00000001__s0039.wav,0.6214773058891296,0.7546922564506531
prs_neck_fing06__00000001__s0047.wav,0.6243759393692017,0.718597948551178
les_bridge_pick14__00000001__s0024.wav,0.844053328037262,0.6167339086532593
strat_neck_fing20__00000001__s0007.wav,0.13830487430095673,0.2247031182050705
les_bridge_pick02__00000001__s0054.wav,0.63687664270401,0.7207731008529663
les_bridge_fing19__00000001__s0037.wav,0.7818349599838257,0.7841813564300537
les_neck_fing08__00000001__s0054.wav,0.29913410544395447,0.4843039810657501
les_neck_fing07__00000001__s0033.wav,0.5160570740699768,0.3342384696006775
les_bridge_pick24__00000001__s0036.wav,0.9576683640480042,0.9321205019950867
tele_bridge_pick15__00000001__s0016.wav,0.7728267908096313,0.45352622866630554
strat_neck_pick16__00000001__s0014.wav,0.613703191280365,0.4061766564846039
strat_neck_fing24__00000001__s0030.wav,0.7872400283813477,0.7839395999908447
strat_neck_pick18__00000001__s0048.wav,0.3584594428539276,0.4910757541656494
strat_neck_pick15__00000001__s0044.wav,0.7348090410232544,0.8071984648704529
tele_bridge_fing06__00000001__s0008.wav,0.6391880512237549,0.6627203226089478
tele_neck_pick22__00000001__s0029.wav,0.23767785727977753,0.5156438946723938
les_neck_fing10__00000001__s0006.wav,0.6162917613983154,0.22168764472007751
prs_neck_pick21__00000001__s0033.wav,0.6002852916717529,0.42439377307891846
prs_neck_pick02__00000001__s0008.wav,0.3921736180782318,0.2973206043243408
strat_neck_pick17__00000001__s0037.wav,0.649588942527771,0.693562388420105
prs_bridge_fing12__00000001__s0026.wav,0.8668735027313232,0.5513173937797546
tele_bridge_pick06__00000001__s0049.wav,0.8465994000434875,0.7226235270500183
strat_neck_fing17__00000001__s0013.wav,0.5830776691436768,0.3115086853504181
strat_neck_fing10__00000001__s0021.wav,0.08946593850851059,0.35004574060440063
les_neck_pick17__00000001__s0011.wav,0.6856014728546143,0.38810819387435913
les_bridge_pick06__00000001__s0039.wav,0.6768410205841064,0.5195627212524414
les_neck_fing11__00000001__s0006.wav,0.8681393265724182,0.778864324092865
tele_neck_fing17__00000001__s0030.wav,0.8970034122467041,0.7085011005401611
tele_bridge_pick02__00000001__s0036.wav,0.020989999175071716,0.27926763892173767
prs_neck_pick25__00000001__s0014.wav,0.6745375990867615,0.8122686147689819
strat_bridge_fing06__00000001__s0028.wav,0.35444676876068115,0.5846244692802429
tele_neck_pick25__00000001__s0041.wav,0.31336861848831177,0.3297141194343567
strat_bridge_pick06__00000001__s0029.wav,0.729484498500824,0.7188414335250854
prs_bridge_pick07__00000001__s0012.wav,0.9805455803871155,0.9394638538360596
strat_bridge_fing15__00000001__s0035.wav,0.799401581287384,0.8400883674621582
tele_bridge_pick20__00000001__s0000.wav,0.523303747177124,0.7173960208892822
les_bridge_pick14__00000001__s0025.wav,0.2508437931537628,0.33894214034080505
les_bridge_fing06__00000001__s0042.wav,0.6995378732681274,0.678272008895874
strat_bridge_fing11__00000001__s0006.wav,0.6363857984542847,0.5327379107475281
strat_neck_fing10__00000001__s0031.wav,0.36907079815864563,0.3003378212451935
prs_bridge_pick20__00000001__s0018.wav,0.014232137240469456,0.34822821617126465
tele_bridge_fing12__00000001__s0026.wav,0.27181002497673035,0.3853113055229187
prs_neck_pick16__00000001__s0024.wav,0.4910765290260315,0.49635499715805054
prs_neck_pick22__00000001__s0006.wav,0.5832087993621826,0.6373339891433716
tele_neck_fing23__00000001__s0049.wav,0.8727544546127319,0.7280476689338684
strat_bridge_fing24__00000001__s0036.wav,0.023970769718289375,0.38454318046569824
prs_bridge_fing07__00000001__s0001.wav,0.36502742767333984,0.40385955572128296
tele_neck_pick13__00000001__s0015.wav,0.08222348988056183,0.25879165530204773
les_neck_fing08__00000001__s0034.wav,0.3197115659713745,0.3723343014717102
les_neck_fing07__00000001__s0048.wav,0.3385496437549591,0.3626047372817993
les_neck_pick04__00000001__s0045.wav,0.34713271260261536,0.3060165345668793
prs_bridge_fing11__00000001__s0042.wav,0.928443431854248,0.6890687346458435
strat_bridge_fing13__00000001__s0000.wav,0.8216603994369507,0.7610974907875061
les_bridge_pick13__00000001__s0012.wav,0.30678051710128784,0.4590465724468231
prs_neck_pick09__00000001__s0046.wav,0.31230437755584717,0.3007320165634155
les_neck_pick21__00000001__s0005.wav,0.4668439030647278,0.4247150421142578
prs_bridge_fing17__00000001__s0005.wav,0.2064947634935379,0.5309363007545471
tele_neck_fing09__00000001__s0007.wav,0.5683308243751526,0.36556652188301086
strat_neck_fing01__00000001__s0055.wav,0.9715015292167664,0.9185483455657959
prs_neck_fing16__00000001__s0024.wav,0.3005596399307251,0.3395707607269287
strat_bridge_fing20__00000001__s0021.wav,0.7171259522438049,0.46250268816947937
les_neck_pick08__00000001__s0042.wav,0.7512938380241394,0.6921226978302002
tele_bridge_pick20__00000001__s0013.wav,0.7638179659843445,0.8873040676116943
prs_neck_fing08__00000001__s0050.wav,0.4490799307823181,0.40588778257369995
strat_bridge_pick13__00000001__s0006.wav,0.6078893542289734,0.5685206055641174
prs_bridge_pick03__00000001__s0047.wav,0.8493351340293884,0.902595579624176
tele_neck_fing15__00000001__s0038.wav,0.5400804877281189,0.42326775193214417
strat_neck_fing04__00000001__s0016.wav,0.3035808801651001,0.2724000811576843
tele_neck_pick03__00000001__s0051.wav,0.1516704261302948,0.405719518661499
strat_bridge_fing19__00000001__s0022.wav,0.40215662121772766,0.4844571352005005
strat_bridge_fing20__00000001__s0005.wav,0.4140259921550751,0.39320337772369385
tele_bridge_pick24__00000001__s0016.wav,0.17582356929779053,0.32768532633781433
strat_neck_pick02__00000001__s0053.wav,0.395435094833374,0.6069313287734985
prs_neck_pick02__00000001__s0020.wav,0.7055670022964478,0.6899911165237427
tele_neck_fing23__00000001__s0054.wav,0.5869390964508057,0.4397697448730469
strat_neck_fing16__00000001__s0010.wav,0.8441298604011536,0.7421618700027466
strat_bridge_pick22__00000001__s0047.wav,0.2786937654018402,0.3735889792442322
strat_neck_fing10__00000001__s0018.wav,0.019627859815955162,0.2729588449001312
les_neck_pick23__00000001__s0028.wav,0.5630667209625244,0.3148518204689026
les_bridge_pick16__00000001__s0026.wav,0.08367068320512772,0.24498961865901947
tele_neck_pick01__00000001__s0028.wav,0.18665309250354767,0.43013763427734375
strat_bridge_fing14__00000001__s0045.wav,0.18310266733169556,0.44735726714134216
tele_neck_pick20__00000001__s0025.wav,0.027190612629055977,0.2701936662197113
strat_neck_fing11__00000001__s0004.wav,0.01329307071864605,0.3328292667865753
prs_bridge_pick13__00000001__s0005.wav,0.7604522705078125,0.7821799516677856
tele_neck_fing13__00000001__s0038.wav,0.8611049652099609,0.6742771863937378
tele_neck_pick15__00000001__s0018.wav,0.4879515469074249,0.5431779623031616
les_neck_pick18__00000001__s0028.wav,0.9278538823127747,0.7856549024581909
les_neck_fing15__00000001__s0054.wav,0.47246474027633667,0.3607100546360016
tele_bridge_fing06__00000001__s0012.wav,0.9021067023277283,0.7970644235610962
les_bridge_pick20__00000001__s0003.wav,0.33287513256073,0.4908292889595032
strat_neck_pick09__00000001__s0043.wav,0.747228741645813,0.8456991910934448
strat_neck_pick02__00000001__s0006.wav,0.3601139783859253,0.5485595464706421
tele_neck_pick21__00000001__s0001.wav,0.5298020839691162,0.5857182741165161
tele_neck_fing20__00000001__s0035.wav,0.47354215383529663,0.3709220588207245
strat_bridge_pick06__00000001__s0020.wav,0.40000128746032715,0.25295624136924744
tele_bridge_fing25__00000001__s0007.wav,0.5013944506645203,0.7080539464950562
tele_bridge_pick11__00000001__s0044.wav,0.9450681805610657,0.8909066915512085
tele_neck_fing23__00000001__s0035.wav,0.17929965257644653,0.48143067955970764
prs_neck_fing05__00000001__s0055.wav,0.12850165367126465,0.2524900734424591
strat_bridge_pick12__00000001__s0043.wav,0.17870493233203888,0.5235810875892639
les_bridge_pick21__00000001__s0013.wav,0.5128263831138611,0.7270551919937134
les_bridge_pick16__00000001__s0010.wav,0.5803542733192444,0.5467398166656494
tele_bridge_fing23__00000001__s0053.wav,0.6350163221359253,0.5998610258102417
prs_neck_pick08__00000001__s0031.wav,0.17360840737819672,0.30676355957984924
les_neck_pick25__00000001__s0053.wav,0.5201905369758606,0.47861558198928833
prs_bridge_pick14__00000001__s0007.wav,0.1676228791475296,0.48473507165908813
prs_bridge_pick14__00000001__s0032.wav,0.7312602996826172,0.5010829567909241
les_bridge_pick25__00000001__s0023.wav,0.7339891791343689,0.7662340402603149
prs_neck_fing03__00000001__s0045.wav,0.13796789944171906,0.4114362597465515
strat_neck_pick25__00000001__s0033.wav,0.29751262068748474,0.4065791666507721
strat_neck_fing20__00000001__s0055.wav,0.17868365347385406,0.1934586763381958
strat_neck_pick22__00000001__s0017.wav,0.25959908962249756,0.4205412268638611
tele_bridge_fing03__00000001__s0025.wav,0.6559376120567322,0.5712378025054932
tele_neck_pick13__00000001__s0055.wav,0.39123210310935974,0.5067238211631775
tele_bridge_pick09__00000001__s0053.wav,0.9061503410339355,0.7904969453811646
prs_neck_pick06__00000001__s0046.wav,0.23908939957618713,0.30269575119018555
strat_bridge_fing24__00000001__s0025.wav,0.04363473504781723,0.38023054599761963
strat_bridge_pick11__00000001__s0031.wav,0.09125331044197083,0.16997796297073364
les_neck_pick02__00000001__s0040.wav,0.4706922173500061,0.5345945954322815
tele_neck_fing21__00000001__s0017.wav,0.8440107107162476,0.846209704875946
prs_neck_fing13__00000001__s0043.wav,0.6954852342605591,0.48567062616348267
tele_neck_pick25__00000001__s0007.wav,0.43601325154304504,0.637109100818634
tele_bridge_fing22__00000001__s0014.wav,0.9819044470787048,0.8513247966766357
tele_bridge_fing11__00000001__s0012.wav,0.12334465980529785,0.16592448949813843
les_bridge_fing07__00000001__s0008.wav,0.44349557161331177,0.37365517020225525
strat_bridge_fing17__00000001__s0039.wav,0.5678584575653076,0.753291666507721
tele_neck_fing18__00000001__s0012.wav,0.2560274004936218,0.27101537585258484
tele_bridge_fing18__00000001__s0016.wav,0.7213642001152039,0.38084957003593445
strat_neck_fing22__00000001__s0008.wav,0.9000726938247681,0.8386459946632385
strat_neck_fing15__00000001__s0028.wav,0.0646170973777771,0.27100154757499695
les_bridge_pick09__00000001__s0014.wav,0.4551985561847687,0.48683175444602966
tele_neck_fing01__00000001__s0042.wav,0.9292215704917908,0.6954771280288696
strat_bridge_fing05__00000001__s0012.wav,0.32674461603164673,0.3579522371292114
strat_bridge_pick10__00000001__s0029.wav,0.3985652029514313,0.5264398455619812
strat_neck_fing02__00000001__s0032.wav,0.23724380135536194,0.49588707089424133
les_neck_pick14__00000001__s0050.wav,7.698911213083193e-05,0.5612248182296753
prs_neck_pick12__00000001__s0008.wav,0.7708684206008911,0.8520539999008179
les_bridge_pick02__00000001__s0047.wav,0.23349718749523163,0.1902303248643875
les_bridge_pick01__00000001__s0012.wav,0.2333511859178543,0.06872976571321487
prs_bridge_fing08__00000001__s0032.wav,0.9314493536949158,0.777236819267273
tele_neck_pick10__00000001__s0033.wav,0.8607922196388245,0.8046967387199402
strat_neck_pick23__00000001__s0024.wav,0.15463395416736603,0.596521258354187
prs_neck_pick10__00000001__s0049.wav,0.1502966582775116,0.3348875343799591
les_neck_fing23__00000001__s0005.wav,0.8282947540283203,0.7857603430747986
strat_bridge_fing12__00000001__s0002.wav,0.571536660194397,0.4035305380821228
prs_bridge_pick20__00000001__s0050.wav,0.36090001463890076,0.5804455876350403
prs_bridge_fing16__00000001__s0008.wav,0.38063883781433105,0.24908432364463806
prs_neck_pick25__00000001__s0031.wav,0.6119444966316223,0.6864323019981384
strat_bridge_pick23__00000001__s0005.wav,0.13106803596019745,0.1799802929162979
prs_neck_pick01__00000001__s0049.wav,0.4797126352787018,0.16500499844551086
tele_neck_pick09__00000001__s0015.wav,0.037450797855854034,0.19762158393859863
strat_bridge_pick21__00000001__s0022.wav,0.09334133565425873,0.15727868676185608
les_neck_pick16__00000001__s0050.wav,0.08034810423851013,0.2716928720474243
les_bridge_pick20__00000001__s0054.wav,0.3137008249759674,0.426827609539032
strat_bridge_pick02__00000001__s0024.wav,0.5397014617919922,0.5385507345199585
strat_neck_fing20__00000001__s0030.wav,0.8638986945152283,0.6039342284202576
prs_neck_fing06__00000001__s0051.wav,0.3010464310646057,0.7244032621383667
prs_bridge_pick08__00000001__s0036.wav,0.8525923490524292,0.7710623741149902
les_bridge_fing24__00000001__s0040.wav,0.42423883080482483,0.5367235541343689
prs_bridge_fing20__00000001__s0008.wav,0.3062390685081482,0.5323957800865173
tele_neck_fing09__00000001__s0027.wav,0.5176718831062317,0.5414285063743591
les_bridge_pick03__00000001__s0000.wav,0.8811014890670776,0.8604668378829956
strat_neck_fing08__00000001__s0033.wav,0.5554113984107971,0.5361666679382324
strat_bridge_pick12__00000001__s0004.wav,0.10537127405405045,0.200203999876976
les_bridge_pick06__00000001__s0033.wav,0.81379634141922,0.7606578469276428
prs_bridge_fing23__00000001__s0048.wav,0.10742566734552383,0.6307141184806824
prs_bridge_pick09__00000001__s0054.wav,0.5667904615402222,0.2581518888473511
prs_neck_pick21__00000001__s0021.wav,0.44878053665161133,0.21564050018787384
tele_bridge_pick07__00000001__s0049.wav,0.47460541129112244,0.5536773204803467
strat_neck_fing16__00000001__s0002.wav,0.5056652426719666,0.2916790246963501
tele_neck_pick11__00000001__s0011.wav,0.5372053384780884,0.5879560708999634
strat_bridge_fing13__00000001__s0052.wav,0.5859753489494324,0.4494430422782898
prs_neck_pick08__00000001__s0027.wav,0.05970552936196327,0.24798932671546936
strat_neck_pick02__00000001__s0044.wav,0.5602964758872986,0.44133520126342773
tele_bridge_pick15__00000001__s0026.wav,0.405979722738266,0.5847932696342468
les_neck_pick05__00000001__s0051.wav,0.5425655245780945,0.502678632736206
prs_bridge_pick19__00000001__s0011.wav,0.8525479435920715,0.7969192862510681
tele_neck_pick22__00000001__s0044.wav,0.024478854611516,0.24932190775871277
tele_bridge_pick25__00000001__s0035.wav,0.2323383092880249,0.35463473200798035
prs_bridge_pick15__00000001__s0047.wav,0.8208213448524475,0.6240622401237488
prs_neck_pick14__00000001__s0044.wav,0.3466653525829315,0.6138044595718384
les_neck_fing12__00000001__s0018.wav,0.6302511692047119,0.6532897353172302
strat_bridge_fing02__00000001__s0048.wav,0.1631460040807724,0.7813142538070679
prs_neck_fing08__00000001__s0041.wav,0.3197948634624481,0.19578036665916443
strat_neck_pick05__00000001__s0023.wav,0.5102143287658691,0.6245229840278625
tele_bridge_fing21__00000001__s0054.wav,0.5154180526733398,0.4612124562263489
tele_neck_pick24__00000001__s0018.wav,0.3867379426956177,0.23812267184257507
les_bridge_pick13__00000001__s0039.wav,0.38020721077919006,0.46597805619239807
les_bridge_pick23__00000001__s0015.wav,0.9678363800048828,0.7569230794906616
prs_neck_pick10__00000001__s0042.wav,0.5832599997520447,0.29409804940223694
tele_bridge_pick23__00000001__s0023.wav,0.9001782536506653,0.8113234043121338
les_neck_fing14__00000001__s0044.wav,0.732866644859314,0.4281938970088959
prs_neck_pick12__00000001__s0047.wav,0.3744964599609375,0.4630153477191925
les_neck_fing17__00000001__s0003.wav,0.45846447348594666,0.35580024123191833
prs_neck_fing24__00000001__s0002.wav,0.6347156167030334,0.6625550389289856
prs_bridge_pick24__00000001__s0003.wav,0.18741177022457123,0.2518574297428131
strat_bridge_pick08__00000001__s0032.wav,0.5914571285247803,0.3554469645023346
tele_neck_fing01__00000001__s0009.wav,0.6310012340545654,0.4029330313205719
les_neck_pick04__00000001__s0042.wav,0.35989442467689514,0.4472716748714447
les_bridge_pick09__00000001__s0032.wav,0.6774375438690186,0.7774907946586609
strat_neck_fing17__00000001__s0007.wav,0.6043729782104492,0.3870791494846344
prs_neck_fing02__00000001__s0029.wav,0.8728542923927307,0.7642017602920532
tele_neck_pick12__00000001__s0002.wav,0.9208120703697205,0.8892441391944885
prs_neck_pick12__00000001__s0039.wav,0.4643729329109192,0.5540458559989929
les_neck_pick19__00000001__s0051.wav,0.39663317799568176,0.7009323239326477
tele_neck_pick09__00000001__s0021.wav,0.8673263192176819,0.8675881028175354
les_neck_fing04__00000001__s0047.wav,0.6112054586410522,0.48708856105804443
strat_bridge_fing16__00000001__s0026.wav,0.3808734714984894,0.30407530069351196
tele_bridge_fing02__00000001__s0043.wav,0.6652818918228149,0.35357046127319336
strat_neck_fing23__00000001__s0053.wav,0.7347325086593628,0.4192587435245514
strat_neck_fing23__00000001__s0006.wav,0.41246089339256287,0.2783069908618927
tele_neck_fing23__00000001__s0050.wav,0.17173723876476288,0.3458710014820099
les_neck_fing13__00000001__s0030.wav,0.0910215824842453,0.48742571473121643
les_neck_fing10__00000001__s0030.wav,0.9810735583305359,0.46723416447639465
tele_bridge_pick09__00000001__s0013.wav,0.44223934412002563,0.37099382281303406
les_bridge_pick06__00000001__s0004.wav,0.7618545293807983,0.6382152438163757
tele_bridge_fing16__00000001__s0033.wav,0.20801888406276703,0.5832427144050598
prs_neck_fing21__00000001__s0007.wav,0.8961493968963623,0.7460445761680603
prs_neck_pick04__00000001__s0017.wav,0.2045406699180603,0.15974675118923187
strat_neck_fing15__00000001__s0024.wav,0.41848671436309814,0.2895531952381134
les_bridge_fing09__00000001__s0036.wav,0.05293021723628044,0.38858288526535034
prs_bridge_fing17__00000001__s0031.wav,0.07648412138223648,0.5217804312705994
prs_bridge_pick12__00000001__s0022.wav,0.845380961894989,0.6352195739746094
les_bridge_fing16__00000001__s0003.wav,0.5476120114326477,0.5302959680557251
prs_neck_pick22__00000001__s0017.wav,0.9241774082183838,0.7439256310462952
strat_neck_pick17__00000001__s0044.wav,0.557669460773468,0.7433758974075317
strat_neck_fing15__00000001__s0048.wav,0.4155774712562561,0.2363796830177307
prs_bridge_pick24__00000001__s0000.wav,0.8384480476379395,0.858586311340332
tele_neck_pick24__00000001__s0016.wav,0.059633173048496246,0.29464709758758545
les_neck_fing23__00000001__s0052.wav,0.7026597261428833,0.8210485577583313
tele_bridge_pick20__00000001__s0025.wav,0.4442301094532013,0.37878432869911194
les_neck_pick25__00000001__s0005.wav,0.046567514538764954,0.3398858308792114
les_neck_fing11__00000001__s0038.wav,0.026439234614372253,0.43016645312309265
les_bridge_fing18__00000001__s0044.wav,0.9284723401069641,0.9283269047737122
les_bridge_pick07__00000001__s0029.wav,0.29505977034568787,0.3665311634540558
prs_bridge_pick18__00000001__s0022.wav,0.5259503722190857,0.4793149530887604
prs_bridge_fing09__00000001__s0019.wav,0.9911307096481323,0.9131410121917725
tele_bridge_pick10__00000001__s0031.wav,0.2548656165599823,0.34517648816108704
prs_neck_pick14__00000001__s0047.wav,0.6180058717727661,0.4084116220474243
prs_bridge_pick22__00000001__s0037.wav,0.9992883801460266,0.9875288009643555
strat_bridge_fing07__00000001__s0034.wav,0.2816634774208069,0.32839253544807434
les_bridge_fing14__00000001__s0010.wav,0.7480822801589966,0.756984531879425
prs_bridge_fing04__00000001__s0002.wav,0.046459369361400604,0.14770253002643585
les_bridge_fing23__00000001__s0029.wav,0.47479093074798584,0.5565057992935181
tele_bridge_fing19__00000001__s0003.wav,0.8675718307495117,0.731410026550293
les_bridge_pick02__00000001__s0019.wav,0.6779134273529053,0.5559419393539429
tele_bridge_pick23__00000001__s0000.wav,0.795090913772583,0.7175625562667847
strat_bridge_pick15__00000001__s0014.wav,0.622714638710022,0.25073373317718506
les_bridge_pick14__00000001__s0013.wav,0.0016670143231749535,0.18739040195941925
prs_neck_fing18__00000001__s0028.wav,0.788985550403595,0.8137701153755188
strat_bridge_pick13__00000001__s0025.wav,0.9603398442268372,0.8979079723358154
prs_bridge_fing25__00000001__s0034.wav,0.8364922404289246,0.7835788130760193
tele_neck_fing08__00000001__s0015.wav,0.8085922002792358,0.6270946264266968
les_neck_fing17__00000001__s0006.wav,0.9710309505462646,0.8078750967979431
prs_bridge_pick13__00000001__s0049.wav,0.8370444178581238,0.9449825286865234
les_neck_fing06__00000001__s0042.wav,0.2413189709186554,0.13869205117225647
strat_neck_pick03__00000001__s0021.wav,0.050441861152648926,0.24872222542762756
les_neck_fing10__00000001__s0011.wav,0.6727157235145569,0.5034114718437195
prs_bridge_fing23__00000001__s0044.wav,0.9799996018409729,0.8885829448699951
strat_bridge_fing02__00000001__s0045.wav,0.7070578336715698,0.7992363572120667
tele_neck_fing02__00000001__s0048.wav,0.8978235125541687,0.7495447993278503
les_neck_fing09__00000001__s0047.wav,0.33457839488983154,0.2036442756652832
prs_neck_pick17__00000001__s0026.wav,0.7406162023544312,0.31631094217300415
strat_bridge_pick17__00000001__s0036.wav,0.033731237053871155,0.3454452455043793
strat_bridge_pick15__00000001__s0053.wav,0.07984719425439835,0.7378785014152527
strat_bridge_fing25__00000001__s0030.wav,0.9418590664863586,0.73606938123703
prs_neck_fing22__00000001__s0001.wav,0.6263608336448669,0.37734565138816833
strat_neck_pick02__00000001__s0038.wav,0.573150634765625,0.524009644985199
strat_bridge_fing05__00000001__s0008.wav,0.9216925501823425,0.9485862255096436
tele_bridge_fing02__00000001__s0050.wav,0.48121020197868347,0.21238182485103607
strat_bridge_pick22__00000001__s0007.wav,0.7359029650688171,0.6548576354980469
strat_neck_fing07__00000001__s0032.wav,0.037906769663095474,0.6246777772903442
les_neck_pick05__00000001__s0025.wav,0.5823901295661926,0.6492690443992615
tele_bridge_fing14__00000001__s0034.wav,0.13473787903785706,0.34412437677383423
prs_bridge_pick04__00000001__s0031.wav,0.6269769072532654,0.48563846945762634
les_neck_fing21__00000001__s0006.wav,0.5679054856300354,0.33706122636795044
prs_neck_pick14__00000001__s0008.wav,0.40561535954475403,0.46503305435180664
prs_neck_fing05__00000001__s0034.wav,0.44794467091560364,0.27584999799728394
prs_neck_fing16__00000001__s0010.wav,0.08592726290225983,0.24106641113758087
les_bridge_fing09__00000001__s0003.wav,0.6480425000190735,0.581563413143158
strat_bridge_fing07__00000001__s0031.wav,0.07615841180086136,0.3970314860343933
tele_bridge_pick16__00000001__s0044.wav,0.5905457735061646,0.6671233773231506
strat_bridge_fing17__00000001__s0037.wav,0.550132691860199,0.2932143211364746
prs_neck_pick17__00000001__s0000.wav,0.6869328618049622,0.6649414896965027
tele_bridge_fing12__00000001__s0011.wav,0.5067513585090637,0.3715050220489502
les_neck_pick03__00000001__s0016.wav,0.542072594165802,0.7037185430526733
les_neck_fing11__00000001__s0026.wav,0.5535956621170044,0.33475005626678467
prs_bridge_fing19__00000001__s0005.wav,0.5089023113250732,0.5095909237861633
les_bridge_fing17__00000001__s0015.wav,0.23368731141090393,0.2030513882637024
strat_bridge_fing11__00000001__s0013.wav,0.8286392688751221,0.7739482522010803
strat_bridge_fing21__00000001__s0052.wav,0.5005931854248047,0.6630383133888245
tele_bridge_pick24__00000001__s0046.wav,0.6153285503387451,0.5380964875221252
strat_neck_fing17__00000001__s0034.wav,0.7627421617507935,0.4779725670814514
strat_neck_fing04__00000001__s0046.wav,0.8527613282203674,0.8258702754974365
les_neck_pick12__00000001__s0028.wav,0.7126736044883728,0.774610698223114
tele_neck_fing12__00000001__s0031.wav,0.8945039510726929,0.818909227848053
les_bridge_pick24__00000001__s0052.wav,0.8650632500648499,0.8787798881530762
les_bridge_pick05__00000001__s0018.wav,0.2078687846660614,0.31186920404434204
tele_bridge_pick20__00000001__s0040.wav,0.5926878452301025,0.704573392868042
prs_neck_pick25__00000001__s0021.wav,0.12331308424472809,0.20091496407985687
les_neck_pick13__00000001__s0032.wav,0.28081047534942627,0.3313744366168976
strat_bridge_pick02__00000001__s0038.wav,0.8329060077667236,0.8642401695251465
tele_neck_pick09__00000001__s0043.wav,0.563819408416748,0.6309183239936829
les_neck_fing04__00000001__s0034.wav,0.5273309946060181,0.6900911331176758
les_bridge_fing03__00000001__s0021.wav,0.6395829319953918,0.547829270362854
prs_bridge_fing20__00000001__s0051.wav,0.4624372124671936,0.6462491154670715
prs_bridge_pick15__00000001__s0025.wav,0.12791794538497925,0.1262386292219162
les_neck_fing06__00000001__s0016.wav,0.5199615955352783,0.3580208718776703
prs_bridge_fing10__00000001__s0016.wav,0.2794688642024994,0.28798940777778625
les_bridge_fing01__00000001__s0035.wav,0.9264079928398132,0.8222975134849548
tele_neck_fing23__00000001__s0019.wav,0.5264427065849304,0.453610897064209
tele_neck_fing16__00000001__s0016.wav,0.9035945534706116,0.8121640682220459
tele_bridge_pick22__00000001__s0004.wav,0.07376350462436676,0.2797706425189972
les_bridge_pick12__00000001__s0025.wav,0.15903909504413605,0.3850870430469513
prs_bridge_pick10__00000001__s0023.wav,0.7997189164161682,0.5438929200172424
prs_neck_pick14__00000001__s0006.wav,0.41714683175086975,0.44292229413986206
prs_neck_fing04__00000001__s0014.wav,0.31510788202285767,0.3158818781375885
les_neck_fing09__00000001__s0026.wav,0.8387335538864136,0.3966204524040222
les_neck_fing05__00000001__s0021.wav,0.9660395383834839,0.8274447917938232
tele_bridge_pick17__00000001__s0052.wav,0.3857649266719818,0.38708460330963135
strat_bridge_fing03__00000001__s0013.wav,0.3972384035587311,0.5414521098136902
tele_neck_pick15__00000001__s0052.wav,0.7233057618141174,0.7761524319648743
strat_neck_pick17__00000001__s0032.wav,0.29457417130470276,0.5262964963912964
strat_bridge_fing01__00000001__s0044.wav,0.7393024563789368,0.7885124087333679
tele_bridge_fing19__00000001__s0000.wav,0.41594189405441284,0.4017028510570526
strat_neck_fing23__00000001__s0004.wav,0.306043416261673,0.303950697183609
strat_neck_fing16__00000001__s0043.wav,0.6243622303009033,0.4776589274406433
prs_neck_pick18__00000001__s0032.wav,0.2988964915275574,0.3425447940826416
strat_bridge_fing22__00000001__s0032.wav,0.713294267654419,0.39935916662216187
prs_neck_fing21__00000001__s0055.wav,0.49237939715385437,0.536846399307251
strat_neck_fing23__00000001__s0055.wav,0.612707257270813,0.6928916573524475
prs_bridge_fing23__00000001__s0014.wav,0.16462253034114838,0.27802911400794983
les_neck_pick15__00000001__s0035.wav,0.9277731776237488,0.6857416033744812
les_bridge_fing18__00000001__s0008.wav,0.07996335625648499,0.2809392809867859
strat_neck_pick03__00000001__s0039.wav,0.49901989102363586,0.350203275680542
strat_neck_pick23__00000001__s0039.wav,0.8467337489128113,0.8061046600341797
prs_bridge_fing17__00000001__s0010.wav,0.1986093968153,0.4374008774757385
strat_neck_fing03__00000001__s0025.wav,0.003009065752848983,0.41539639234542847
strat_neck_fing09__00000001__s0014.wav,0.5525178909301758,0.7931944727897644
les_neck_pick06__00000001__s0040.wav,0.5984488725662231,0.3985136151313782
strat_bridge_fing17__00000001__s0044.wav,0.21840418875217438,0.345016747713089
tele_bridge_fing08__00000001__s0052.wav,0.6005864143371582,0.6274737119674683
tele_neck_fing09__00000001__s0006.wav,0.38250917196273804,0.38131359219551086
strat_neck_pick20__00000001__s0001.wav,0.15524552762508392,0.14906355738639832
strat_neck_fing06__00000001__s0024.wav,0.03154205158352852,0.5145353078842163
strat_bridge_fing08__00000001__s0025.wav,0.8681321144104004,0.8446842432022095
prs_bridge_pick23__00000001__s0009.wav,0.9950104355812073,0.9014831185340881
strat_bridge_pick17__00000001__s0052.wav,0.8454597592353821,0.8948060274124146
strat_bridge_pick18__00000001__s0025.wav,0.10780960321426392,0.26499292254447937
strat_neck_fing22__00000001__s0009.wav,0.8061890006065369,0.6971657872200012
les_bridge_pick07__00000001__s0011.wav,0.23787635564804077,0.24985232949256897
tele_bridge_fing02__00000001__s0032.wav,0.19633135199546814,0.6404539942741394
strat_bridge_fing08__00000001__s0018.wav,0.7164402008056641,0.5961264371871948
prs_bridge_pick08__00000001__s0010.wav,0.24887016415596008,0.39941510558128357
tele_bridge_pick05__00000001__s0055.wav,0.08457017689943314,0.21281476318836212
strat_bridge_fing01__00000001__s0047.wav,0.7623206973075867,0.8154402375221252
strat_bridge_pick16__00000001__s0022.wav,0.9916185140609741,0.8665295243263245
prs_neck_fing11__00000001__s0002.wav,0.2959021329879761,0.32194390892982483
prs_neck_fing09__00000001__s0034.wav,0.04879581183195114,0.27558350563049316
prs_neck_pick13__00000001__s0017.wav,0.29017290472984314,0.3232692778110504
prs_neck_pick18__00000001__s0009.wav,0.21909767389297485,0.5063888430595398
les_neck_pick21__00000001__s0012.wav,0.31988030672073364,0.256406307220459
strat_bridge_pick17__00000001__s0038.wav,0.10422645509243011,0.4054621458053589
strat_bridge_fing20__00000001__s0015.wav,0.3600039482116699,0.6444144248962402
strat_neck_pick11__00000001__s0050.wav,0.779207706451416,0.6013426184654236
prs_neck_fing24__00000001__s0016.wav,0.25290948152542114,0.2720218300819397
prs_bridge_fing05__00000001__s0029.wav,0.0725598931312561,0.26430875062942505
les_neck_fing04__00000001__s0013.wav,0.5375824570655823,0.6274051070213318
prs_bridge_pick20__00000001__s0005.wav,0.1567850559949875,0.23188893496990204
tele_bridge_pick04__00000001__s0008.wav,0.9006009697914124,0.8064396381378174
strat_neck_pick04__00000001__s0025.wav,0.8335556387901306,0.7107956409454346
les_bridge_pick18__00000001__s0052.wav,0.81769859790802,0.7137151956558228
prs_neck_fing12__00000001__s0043.wav,0.7137435674667358,0.4074152112007141
prs_bridge_pick16__00000001__s0048.wav,0.9355931878089905,0.8140227794647217
strat_bridge_pick12__00000001__s0027.wav,0.9689907431602478,0.8995887041091919
prs_neck_pick19__00000001__s0034.wav,0.6229223608970642,0.7097802758216858
tele_neck_fing21__00000001__s0021.wav,0.37094828486442566,0.5970560908317566
prs_bridge_fing02__00000001__s0045.wav,0.5798524022102356,0.4395695924758911
prs_bridge_fing04__00000001__s0043.wav,0.3135330080986023,0.23813515901565552
prs_neck_fing07__00000001__s0050.wav,0.16826917231082916,0.33897775411605835
tele_neck_pick13__00000001__s0021.wav,0.4733622074127197,0.49599742889404297
strat_bridge_fing20__00000001__s0030.wav,0.009860442019999027,0.29975301027297974
tele_neck_pick19__00000001__s0034.wav,0.62527996301651,0.5944942235946655
prs_neck_fing08__00000001__s0040.wav,0.672909677028656,0.3990151882171631
tele_bridge_pick07__00000001__s0048.wav,0.07782836258411407,0.4294595718383789
les_neck_pick19__00000001__s0008.wav,0.9685233235359192,0.9067007899284363
les_neck_fing24__00000001__s0055.wav,0.8395947217941284,0.669905424118042
tele_neck_fing15__00000001__s0014.wav,0.18686220049858093,0.1577485054731369
prs_neck_pick09__00000001__s0049.wav,0.9027931094169617,0.8721121549606323
les_neck_fing20__00000001__s0037.wav,0.2595115303993225,0.208760604262352
les_neck_pick23__00000001__s0045.wav,0.05573355406522751,0.17701101303100586
les_neck_pick22__00000001__s0029.wav,0.4154968559741974,0.32357126474380493
strat_bridge_fing18__00000001__s0042.wav,0.18993473052978516,0.24705010652542114
prs_neck_fing06__00000001__s0035.wav,0.9353460073471069,0.7095879912376404
strat_neck_pick04__00000001__s0011.wav,0.003226934000849724,0.15287098288536072
tele_neck_pick02__00000001__s0052.wav,0.7496472001075745,0.8264634013175964
prs_neck_pick08__00000001__s0007.wav,0.5638805031776428,0.40667724609375
tele_bridge_pick11__00000001__s0055.wav,0.28961285948753357,0.23461537063121796
prs_bridge_pick12__00000001__s0009.wav,0.18642275035381317,0.2998599410057068
les_neck_pick08__00000001__s0026.wav,0.48112067580223083,0.5827612280845642
strat_bridge_pick24__00000001__s0021.wav,0.7904337644577026,0.7510415315628052
tele_neck_fing14__00000001__s0043.wav,0.18396557867527008,0.33857643604278564
strat_bridge_fing16__00000001__s0050.wav,0.9735356569290161,0.863477349281311
strat_bridge_fing23__00000001__s0029.wav,0.4383869171142578,0.5297316312789917
prs_neck_pick07__00000001__s0004.wav,0.1635485589504242,0.5202327370643616
les_bridge_fing24__00000001__s0050.wav,0.9013851284980774,0.7521790862083435
les_neck_pick07__00000001__s0043.wav,0.14497223496437073,0.20917798578739166
strat_neck_fing04__00000001__s0055.wav,0.7211810350418091,0.7029601335525513
les_bridge_fing07__00000001__s0017.wav,0.25347962975502014,0.2068036049604416
prs_bridge_fing14__00000001__s0024.wav,0.043782394379377365,0.25992709398269653
prs_neck_fing08__00000001__s0026.wav,0.8576228618621826,0.6420925855636597
prs_neck_fing21__00000001__s0041.wav,0.5406150221824646,0.4396733045578003
prs_neck_pick21__00000001__s0032.wav,0.3258762061595917,0.30007320642471313
prs_bridge_pick08__00000001__s0001.wav,0.8286475539207458,0.7512025833129883
prs_neck_fing04__00000001__s0050.wav,0.3079170286655426,0.33387574553489685
les_neck_pick23__00000001__s0051.wav,0.22263886034488678,0.5578626990318298
tele_neck_pick12__00000001__s0010.wav,0.7259923815727234,0.5236950516700745
tele_bridge_pick10__00000001__s0052.wav,0.17204350233078003,0.2743353247642517
prs_neck_fing01__00000001__s0032.wav,0.2807998061180115,0.22140732407569885
les_bridge_pick11__00000001__s0008.wav,0.08985452353954315,0.6741344332695007
les_neck_fing08__00000001__s0018.wav,0.8692249059677124,0.5819947123527527
tele_neck_pick22__00000001__s0049.wav,0.20688503980636597,0.6400018334388733
strat_bridge_fing22__00000001__s0030.wav,0.7515503764152527,0.7271009683609009
prs_bridge_pick23__00000001__s0019.wav,0.9960710406303406,0.9291008114814758
strat_bridge_pick08__00000001__s0026.wav,0.5998761057853699,0.6483132243156433
prs_bridge_fing22__00000001__s0036.wav,0.5554256439208984,0.5365232229232788
prs_bridge_pick13__00000001__s0054.wav,0.9750615954399109,0.9150183200836182
prs_bridge_fing07__00000001__s0009.wav,0.19405844807624817,0.23740099370479584
les_neck_fing12__00000001__s0021.wav,0.7773127555847168,0.3333968222141266
tele_bridge_fing08__00000001__s0001.wav,0.14697253704071045,0.4942260682582855
prs_neck_fing15__00000001__s0017.wav,0.6413741707801819,0.3667373061180115
les_neck_pick21__00000001__s0039.wav,0.3885834217071533,0.5772154927253723
prs_bridge_pick11__00000001__s0049.wav,0.5924437642097473,0.4463981091976166
tele_neck_pick10__00000001__s0022.wav,0.6055660843849182,0.6576483249664307
les_bridge_pick16__00000001__s0025.wav,0.9459241628646851,0.7749782800674438
strat_neck_pick05__00000001__s0035.wav,0.4944107234477997,0.44648104906082153
prs_bridge_fing19__00000001__s0017.wav,0.22087416052818298,0.4004111588001251
tele_bridge_fing08__00000001__s0047.wav,0.05380454659461975,0.5382989645004272
les_neck_fing14__00000001__s0004.wav,0.711026668548584,0.6123337745666504
les_bridge_fing09__00000001__s0034.wav,0.6500652432441711,0.7750512957572937
les_bridge_pick23__00000001__s0003.wav,0.2837143540382385,0.4647730886936188
les_neck_fing23__00000001__s0016.wav,0.07968930900096893,0.25422292947769165
les_bridge_pick21__00000001__s0008.wav,0.3731658458709717,0.4783460795879364
tele_bridge_fing07__00000001__s0002.wav,0.42475467920303345,0.5910888910293579
tele_neck_pick12__00000001__s0008.wav,0.9511784315109253,0.918947160243988
prs_neck_pick06__00000001__s0050.wav,0.8021693229675293,0.7654381394386292
les_bridge_pick11__00000001__s0021.wav,0.198372483253479,0.7238712310791016
prs_bridge_pick19__00000001__s0046.wav,0.8511967062950134,0.773289680480957
les_neck_fing01__00000001__s0042.wav,0.543801486492157,0.580109179019928
prs_bridge_pick13__00000001__s0028.wav,0.8607193827629089,0.7760151028633118
strat_neck_fing01__00000001__s0003.wav,0.4432147741317749,0.4320671558380127
strat_neck_fing23__00000001__s0044.wav,0.8072540760040283,0.2645648419857025
tele_neck_fing01__00000001__s0008.wav,0.8320474028587341,0.8269891142845154
les_neck_pick21__00000001__s0045.wav,0.45110800862312317,0.4567877948284149
les_bridge_fing03__00000001__s0027.wav,0.2895835041999817,0.5270322561264038
strat_bridge_pick02__00000001__s0004.wav,0.28191620111465454,0.4818723201751709
prs_neck_fing22__00000001__s0044.wav,0.4476332664489746,0.3938705623149872
tele_neck_fing06__00000001__s0002.wav,0.4138675034046173,0.3140066862106323
les_bridge_fing10__00000001__s0016.wav,0.5784922242164612,0.4818488657474518
les_bridge_pick15__00000001__s0037.wav,0.8233397006988525,0.6394934058189392
tele_neck_fing15__00000001__s0011.wav,0.6423655152320862,0.5229254961013794
tele_bridge_pick01__00000001__s0006.wav,0.33494439721107483,0.343707799911499
strat_bridge_pick14__00000001__s0009.wav,0.014332828111946583,0.19008511304855347
strat_neck_pick25__00000001__s0014.wav,0.7691212296485901,0.5651669502258301
tele_bridge_fing04__00000001__s0033.wav,0.07623392343521118,0.2599467933177948
prs_bridge_pick24__00000001__s0007.wav,0.3382009267807007,0.5058313608169556
les_bridge_fing05__00000001__s0041.wav,0.9100364446640015,0.6469769477844238
prs_neck_pick21__00000001__s0048.wav,0.740362286567688,0.5044248104095459
strat_bridge_pick17__00000001__s0053.wav,0.34574079513549805,0.6232210993766785
prs_neck_fing04__00000001__s0042.wav,0.5477403402328491,0.7417309284210205
strat_neck_pick19__00000001__s0046.wav,0.2887372076511383,0.21932858228683472
prs_neck_pick23__00000001__s0036.wav,0.9004702568054199,0.6027835607528687
strat_neck_fing10__00000001__s0010.wav,0.31795769929885864,0.44132116436958313
tele_neck_fing02__00000001__s0016.wav,0.5583580732345581,0.4098646640777588
les_neck_fing21__00000001__s0026.wav,0.5798273682594299,0.5438257455825806
strat_neck_pick14__00000001__s0008.wav,0.9965880513191223,0.9591270089149475
strat_bridge_pick23__00000001__s0010.wav,0.7085464596748352,0.7062948942184448
strat_neck_pick15__00000001__s0045.wav,0.726839005947113,0.7705695629119873
les_bridge_pick04__00000001__s0043.wav,0.8943307399749756,0.7375640869140625
prs_neck_fing20__00000001__s0025.wav,0.5681800842285156,0.6315515041351318
prs_neck_fing21__00000001__s0035.wav,0.9594514966011047,0.8298775553703308
prs_bridge_fing09__00000001__s0022.wav,0.9325640797615051,0.8328512907028198
les_bridge_fing16__00000001__s0012.wav,0.05509393289685249,0.2609286308288574
strat_neck_fing15__00000001__s0042.wav,0.35182130336761475,0.21273189783096313
prs_neck_fing24__00000001__s0040.wav,0.4933052659034729,0.5868092775344849
tele_bridge_fing17__00000001__s0020.wav,0.9230509996414185,0.9048050045967102
les_bridge_pick15__00000001__s0054.wav,0.8386515378952026,0.8894760012626648
tele_neck_pick05__00000001__s0048.wav,0.042472220957279205,0.21902590990066528
prs_bridge_pick02__00000001__s0032.wav,0.3659707009792328,0.12092748284339905
tele_neck_pick09__00000001__s0038.wav,0.1315724402666092,0.2554578483104706
prs_bridge_fing18__00000001__s0010.wav,0.14899709820747375,0.2671765685081482
tele_bridge_fing16__00000001__s0053.wav,0.6086498498916626,0.5560522079467773
tele_neck_pick22__00000001__s0013.wav,0.42940399050712585,0.37345948815345764
les_bridge_pick02__00000001__s0001.wav,0.8534743189811707,0.7645558714866638
strat_bridge_fing18__00000001__s0029.wav,0.32728585600852966,0.3842148184776306
tele_bridge_fing08__00000001__s0050.wav,0.9769231081008911,0.7741563320159912
prs_bridge_fing11__00000001__s0027.wav,0.8504881262779236,0.674828290939331
tele_neck_fing17__00000001__s0021.wav,0.6840780973434448,0.7886155843734741
prs_bridge_pick25__00000001__s0016.wav,0.6557900309562683,0.738161563873291
les_neck_pick08__00000001__s0038.wav,0.0019031688570976257,0.2984136641025543
tele_neck_fing20__00000001__s0048.wav,0.8840903639793396,0.7268012762069702
tele_neck_fing24__00000001__s0002.wav,0.9961295127868652,0.9422839879989624
les_neck_fing02__00000001__s0008.wav,0.7087488174438477,0.5789667963981628
tele_neck_fing06__00000001__s0054.wav,0.7980093955993652,0.6946576833724976
strat_neck_pick15__00000001__s0040.wav,0.5001776814460754,0.5510353446006775
les_neck_pick25__00000001__s0049.wav,0.16381128132343292,0.24119195342063904
les_bridge_fing24__00000001__s0002.wav,0.6422933340072632,0.7328306436538696
prs_bridge_pick07__00000001__s0017.wav,0.42681899666786194,0.6112203598022461
prs_neck_pick02__00000001__s0036.wav,0.35130080580711365,0.40863174200057983
tele_neck_fing16__00000001__s0013.wav,0.17207291722297668,0.18899960815906525
tele_bridge_pick24__00000001__s0012.wav,0.1511995941400528,0.17908427119255066
strat_neck_fing08__00000001__s0049.wav,0.0818156749010086,0.5424038171768188
les_neck_fing22__00000001__s0034.wav,0.8641089200973511,0.8758981823921204
tele_bridge_fing16__00000001__s0044.wav,0.003958059474825859,0.5197080969810486
tele_bridge_fing06__00000001__s0047.wav,0.8559661507606506,0.7591973543167114
strat_bridge_pick20__00000001__s0008.wav,0.9356088042259216,0.8186885714530945
prs_neck_pick12__00000001__s0007.wav,0.5583516359329224,0.7266524434089661
prs_neck_pick05__00000001__s0051.wav,0.538135826587677,0.2669059634208679
tele_bridge_fing25__00000001__s0030.wav,0.6147114038467407,0.44031795859336853
prs_neck_fing17__00000001__s0024.wav,0.45902836322784424,0.4728167951107025
tele_neck_fing05__00000001__s0017.wav,0.5172550082206726,0.41253146529197693
strat_bridge_fing09__00000001__s0039.wav,0.3764835298061371,0.21500523388385773
prs_bridge_fing01__00000001__s0017.wav,0.7406962513923645,0.7916442155838013
les_bridge_fing05__00000001__s0050.wav,0.4815935790538788,0.44248026609420776
les_bridge_fing23__00000001__s0011.wav,0.6099778413772583,0.7876250147819519
les_bridge_pick16__00000001__s0027.wav,0.3488387167453766,0.15183164179325104
prs_neck_pick16__00000001__s0050.wav,0.10782189667224884,0.4277305603027344
les_neck_pick07__00000001__s0011.wav,0.11483895778656006,0.4591059684753418
prs_neck_pick25__00000001__s0008.wav,0.8092789649963379,0.6871705055236816
les_bridge_fing15__00000001__s0019.wav,0.716236412525177,0.5684818625450134
les_neck_fing01__00000001__s0030.wav,0.8712816834449768,0.7231309413909912
tele_bridge_pick13__00000001__s0054.wav,0.577130913734436,0.5115681886672974
prs_bridge_pick11__00000001__s0015.wav,0.516468346118927,0.6954529285430908
les_bridge_pick23__00000001__s0006.wav,0.26578786969184875,0.4013100862503052
tele_bridge_fing05__00000001__s0028.wav,0.3880312740802765,0.5626272559165955
les_bridge_pick13__00000001__s0043.wav,0.9051284193992615,0.8611769080162048
strat_bridge_fing06__00000001__s0009.wav,0.45411601662635803,0.7280099987983704
prs_bridge_pick10__00000001__s0038.wav,0.35895639657974243,0.6828989386558533
prs_neck_fing15__00000001__s0040.wav,0.9393594861030579,0.8006951212882996
tele_bridge_pick02__00000001__s0017.wav,0.5084774494171143,0.5778021812438965
tele_bridge_pick25__00000001__s0016.wav,0.15036028623580933,0.16756513714790344
tele_neck_fing24__00000001__s0012.wav,0.10623985528945923,0.3165448307991028
strat_bridge_fing15__00000001__s0010.wav,0.48459720611572266,0.29857996106147766
tele_neck_fing22__00000001__s0039.wav,0.8349699974060059,0.49456197023391724
prs_bridge_pick01__00000001__s0020.wav,0.7765056490898132,0.7227597236633301
les_neck_pick04__00000001__s0029.wav,0.4196666181087494,0.508569061756134
prs_neck_fing21__00000001__s0012.wav,0.3993527293205261,0.2526434063911438
strat_neck_pick20__00000001__s0013.wav,0.01306263729929924,0.2030603438615799
tele_bridge_fing03__00000001__s0029.wav,0.26459378004074097,0.30440226197242737
strat_neck_pick05__00000001__s0052.wav,0.9048484563827515,0.8987820744514465
les_bridge_fing06__00000001__s0043.wav,0.6729066967964172,0.6220008134841919
strat_bridge_fing02__00000001__s0003.wav,0.18983612954616547,0.8586113452911377
les_neck_fing14__00000001__s0043.wav,0.9072415232658386,0.6910334825515747
les_neck_fing13__00000001__s0039.wav,0.6914080381393433,0.30319902300834656
tele_bridge_fing13__00000001__s0044.wav,0.858386754989624,0.7366132140159607
prs_bridge_pick01__00000001__s0007.wav,0.98438960313797,0.6878871917724609
prs_neck_fing18__00000001__s0053.wav,0.1453479677438736,0.22677667438983917
tele_neck_fing01__00000001__s0011.wav,0.7379972338676453,0.6707817912101746
prs_neck_pick07__00000001__s0008.wav,0.8705384731292725,0.7216965556144714
les_neck_fing13__00000001__s0020.wav,0.9213667511940002,0.7346441745758057
strat_bridge_fing03__00000001__s0053.wav,0.7705144286155701,0.5870705842971802
strat_neck_fing01__00000001__s0002.wav,0.47571930289268494,0.49786174297332764
strat_neck_pick05__00000001__s0004.wav,0.33506545424461365,0.6551327705383301
strat_bridge_fing11__00000001__s0018.wav,0.1459045261144638,0.3379206657409668
strat_neck_pick19__00000001__s0019.wav,0.8539997339248657,0.8453521132469177
strat_bridge_fing14__00000001__s0027.wav,0.18601246178150177,0.43329301476478577
prs_neck_pick04__00000001__s0043.wav,0.8691338300704956,0.7744333744049072
strat_neck_fing19__00000001__s0000.wav,0.3416956663131714,0.4052068293094635
tele_bridge_pick03__00000001__s0006.wav,0.49219396710395813,0.2621140778064728
les_bridge_pick02__00000001__s0027.wav,0.3768582046031952,0.23607133328914642
strat_bridge_pick19__00000001__s0032.wav,0.5228147506713867,0.527084469795227
prs_neck_fing06__00000001__s0029.wav,0.7683154940605164,0.6429616212844849
tele_bridge_fing10__00000001__s0024.wav,0.5810035467147827,0.6778759360313416
les_bridge_pick24__00000001__s0026.wav,0.06888290494680405,0.5031079649925232
prs_neck_pick15__00000001__s0029.wav,0.3751785457134247,0.37370437383651733
les_neck_fing25__00000001__s0005.wav,0.6868001222610474,0.6527543663978577
tele_bridge_fing03__00000001__s0048.wav,0.7660939693450928,0.8159908652305603
les_bridge_pick04__00000001__s0004.wav,0.06168462708592415,0.2111647129058838
tele_neck_pick03__00000001__s0028.wav,0.45658227801322937,0.4154060482978821
prs_neck_pick16__00000001__s0006.wav,0.8270081877708435,0.5307306051254272
strat_bridge_fing11__00000001__s0001.wav,0.8846144080162048,0.5182709097862244
tele_neck_pick01__00000001__s0005.wav,0.5633962750434875,0.6525630354881287
strat_neck_fing21__00000001__s0043.wav,0.5966421961784363,0.21162593364715576
les_bridge_pick17__00000001__s0004.wav,0.6664267182350159,0.8139697313308716
les_neck_fing23__00000001__s0027.wav,0.4189194440841675,0.5648446083068848
tele_bridge_pick22__00000001__s0035.wav,0.8540298938751221,0.9143728613853455
les_bridge_fing20__00000001__s0050.wav,0.6401013731956482,0.6634383201599121
strat_bridge_pick23__00000001__s0020.wav,0.7695924043655396,0.4248526096343994
tele_neck_pick09__00000001__s0016.wav,0.38881057500839233,0.23197488486766815
les_neck_pick17__00000001__s0055.wav,0.18480736017227173,0.41685640811920166
prs_neck_fing06__00000001__s0007.wav,0.6964957118034363,0.7118128538131714
strat_neck_pick24__00000001__s0000.wav,0.7300912737846375,0.7025426030158997
tele_bridge_pick19__00000001__s0036.wav,0.6098827719688416,0.7234591841697693
strat_neck_fing09__00000001__s0006.wav,0.9746317863464355,0.835774302482605
les_neck_fing03__00000001__s0017.wav,0.8241205215454102,0.7316226959228516
prs_bridge_pick02__00000001__s0014.wav,0.5448106527328491,0.6066731810569763
les_neck_fing25__00000001__s0016.wav,0.4718235731124878,0.4281288683414459
les_neck_pick24__00000001__s0026.wav,0.7065101265907288,0.6110132336616516
tele_neck_fing16__00000001__s0037.wav,0.9742538332939148,0.7407275438308716
tele_bridge_fing03__00000001__s0000.wav,0.22432903945446014,0.4731496274471283
prs_bridge_pick06__00000001__s0004.wav,0.9907915592193604,0.9791263341903687
prs_bridge_pick09__00000001__s0003.wav,0.7754088044166565,0.643095850944519
les_bridge_fing20__00000001__s0013.wav,0.041609518229961395,0.13415449857711792
les_bridge_pick24__00000001__s0046.wav,0.9488691091537476,0.9056829214096069
les_bridge_pick21__00000001__s0041.wav,0.9925554394721985,0.8074399828910828
strat_neck_fing19__00000001__s0049.wav,0.8337260484695435,0.7993320226669312
strat_bridge_fing16__00000001__s0055.wav,0.02613990195095539,0.5032799243927002
les_neck_fing08__00000001__s0041.wav,0.6325546503067017,0.4640655815601349
les_neck_pick11__00000001__s0034.wav,0.6653343439102173,0.6894192695617676
les_bridge_fing08__00000001__s0005.wav,0.07698983699083328,0.48889026045799255
tele_neck_fing25__00000001__s0038.wav,0.2098720371723175,0.4543599486351013
strat_neck_pick12__00000001__s0008.wav,0.6353814601898193,0.675520658493042
tele_bridge_pick01__00000001__s0042.wav,0.8889363408088684,0.6771384477615356
les_neck_pick09__00000001__s0031.wav,0.778687596321106,0.7169182896614075
prs_neck_fing25__00000001__s0023.wav,0.6383824348449707,0.3358096480369568
prs_neck_fing13__00000001__s0009.wav,0.7454155087471008,0.5852547287940979
prs_bridge_pick13__00000001__s0009.wav,0.7478626370429993,0.5446364879608154
prs_neck_fing13__00000001__s0012.wav,0.9460839629173279,0.825505256652832
strat_neck_fing23__00000001__s0026.wav,0.10481002181768417,0.27915915846824646
strat_neck_pick19__00000001__s0055.wav,0.18065805733203888,0.6126982569694519
strat_neck_pick14__00000001__s0040.wav,0.17673154175281525,0.32504820823669434
tele_neck_pick21__00000001__s0025.wav,0.3644038140773773,0.4581237733364105
prs_neck_pick17__00000001__s0016.wav,0.994532585144043,0.8489014506340027
prs_neck_pick09__00000001__s0004.wav,0.17739252746105194,0.2093847393989563
prs_neck_pick17__00000001__s0001.wav,0.3867323100566864,0.1804802566766739
les_bridge_pick17__00000001__s0029.wav,0.5407963991165161,0.44500216841697693
les_neck_fing15__00000001__s0031.wav,0.8233364224433899,0.6429798007011414
strat_bridge_pick05__00000001__s0026.wav,0.8341074585914612,0.6632812023162842
tele_neck_pick10__00000001__s0007.wav,0.7165449857711792,0.7662556171417236
prs_neck_pick24__00000001__s0054.wav,0.8478277325630188,0.579675555229187
prs_bridge_pick19__00000001__s0017.wav,0.021446093916893005,0.18231819570064545
prs_neck_pick16__00000001__s0004.wav,0.3399672508239746,0.6849830150604248
les_neck_pick04__00000001__s0036.wav,0.3615115284919739,0.4093269109725952
prs_neck_fing04__00000001__s0007.wav,0.08295522630214691,0.33539608120918274
tele_neck_fing12__00000001__s0027.wav,0.891974151134491,0.7317664623260498
prs_bridge_fing14__00000001__s0034.wav,0.22370509803295135,0.4745616316795349
les_neck_pick12__00000001__s0031.wav,0.5290566682815552,0.4065089225769043
strat_neck_pick02__00000001__s0030.wav,0.25053536891937256,0.4444330334663391
prs_neck_fing10__00000001__s0033.wav,0.6856024265289307,0.3500623404979706
strat_bridge_pick21__00000001__s0034.wav,0.47727203369140625,0.22804032266139984
tele_neck_fing07__00000001__s0037.wav,0.5278465151786804,0.2309349775314331
tele_neck_pick04__00000001__s0046.wav,0.9407978653907776,0.8186244964599609
strat_neck_fing07__00000001__s0004.wav,0.8650897145271301,0.8680163621902466
strat_bridge_fing02__00000001__s0051.wav,0.9255632162094116,0.842577338218689
les_bridge_fing18__00000001__s0041.wav,0.21870462596416473,0.5214874744415283
strat_bridge_fing04__00000001__s0001.wav,0.2297339141368866,0.48303812742233276
les_bridge_fing16__00000001__s0035.wav,0.7958660125732422,0.38755959272384644
tele_bridge_pick07__00000001__s0023.wav,0.3701004981994629,0.1973949670791626
tele_neck_fing04__00000001__s0053.wav,0.4263491630554199,0.5757808089256287
tele_bridge_fing24__00000001__s0049.wav,0.7096080780029297,0.3242489695549011
prs_neck_fing05__00000001__s0002.wav,0.0009378904942423105,0.1706482172012329
tele_bridge_fing17__00000001__s0033.wav,0.32716619968414307,0.21726372838020325
tele_bridge_pick10__00000001__s0008.wav,0.2949013113975525,0.3164486289024353
tele_neck_fing23__00000001__s0031.wav,0.6390184164047241,0.8668653964996338
prs_neck_fing03__00000001__s0018.wav,0.9187639951705933,0.7652584314346313
prs_neck_fing19__00000001__s0004.wav,0.39267706871032715,0.35267549753189087
tele_bridge_pick06__00000001__s0050.wav,0.7515197396278381,0.6440396308898926
strat_bridge_pick12__00000001__s0052.wav,0.7340829372406006,0.7645142078399658
prs_neck_pick08__00000001__s0029.wav,0.4813481271266937,0.37418290972709656
prs_neck_pick23__00000001__s0005.wav,0.17565564811229706,0.4601558446884155
strat_neck_pick18__00000001__s0007.wav,0.24452365934848785,0.28707337379455566
strat_bridge_pick10__00000001__s0046.wav,0.6633679866790771,0.4315590262413025
prs_bridge_pick12__00000001__s0044.wav,0.593657374382019,0.5431474447250366
tele_bridge_pick12__00000001__s0013.wav,0.4286700487136841,0.4010242819786072
tele_neck_pick18__00000001__s0052.wav,0.8099385499954224,0.764118492603302
tele_neck_fing23__00000001__s0029.wav,0.5811404585838318,0.2670198976993561
tele_bridge_pick13__00000001__s0000.wav,0.5053764581680298,0.3570554852485657
les_neck_fing21__00000001__s0051.wav,0.6546578407287598,0.46794161200523376
prs_neck_fing13__00000001__s0045.wav,0.39205706119537354,0.6030046343803406
strat_bridge_pick17__00000001__s0030.wav,0.4538845121860504,0.600276529788971
tele_neck_pick18__00000001__s0029.wav,0.8630477786064148,0.8297755122184753
les_neck_pick22__00000001__s0042.wav,0.8743470907211304,0.5425308346748352
tele_bridge_fing04__00000001__s0008.wav,0.5599470734596252,0.563036322593689
tele_bridge_pick09__00000001__s0020.wav,0.46538984775543213,0.5480374693870544
tele_bridge_fing03__00000001__s0015.wav,0.14371968805789948,0.3646107017993927
tele_neck_pick04__00000001__s0018.wav,0.5561636686325073,0.6142615079879761
les_bridge_fing17__00000001__s0011.wav,0.35855385661125183,0.26715052127838135
prs_neck_pick03__00000001__s0051.wav,0.24093037843704224,0.4025522768497467
les_bridge_fing07__00000001__s0010.wav,0.5447994470596313,0.5174016952514648
prs_neck_pick19__00000001__s0004.wav,0.21572643518447876,0.44511038064956665
strat_neck_pick05__00000001__s0053.wav,0.5849913954734802,0.5823635458946228
strat_neck_pick20__00000001__s0000.wav,0.04739105701446533,0.20022854208946228
strat_bridge_fing22__00000001__s0036.wav,0.4045420289039612,0.6963979601860046
les_neck_fing18__00000001__s0024.wav,0.3169311285018921,0.3576599657535553
prs_bridge_fing08__00000001__s0003.wav,0.04715829715132713,0.5387842655181885
prs_bridge_fing09__00000001__s0043.wav,0.9776765704154968,0.7744499444961548
strat_bridge_fing08__00000001__s0031.wav,0.4447348117828369,0.20513039827346802
strat_neck_fing11__00000001__s0021.wav,0.33352139592170715,0.20212125778198242
tele_neck_fing09__00000001__s0047.wav,0.25026294589042664,0.45804065465927124
prs_bridge_fing24__00000001__s0011.wav,0.3793400824069977,0.2549112141132355
les_bridge_pick23__00000001__s0009.wav,0.39839428663253784,0.2887282073497772
strat_neck_pick23__00000001__s0050.wav,0.5267490148544312,0.5969669222831726
les_neck_fing23__00000001__s0017.wav,0.402201771736145,0.5680679678916931
les_neck_fing20__00000001__s0013.wav,0.7584436535835266,0.6564832925796509
strat_neck_fing07__00000001__s0017.wav,0.6605366468429565,0.5338282585144043
tele_bridge_pick24__00000001__s0011.wav,0.7481265068054199,0.777640163898468
strat_neck_pick02__00000001__s0003.wav,0.8194584846496582,0.7758876085281372
prs_neck_pick05__00000001__s0013.wav,0.6456924080848694,0.6126146912574768
strat_neck_pick11__00000001__s0026.wav,0.9292789697647095,0.6690815091133118
tele_bridge_pick15__00000001__s0030.wav,0.8558964133262634,0.8223584294319153
les_bridge_fing10__00000001__s0005.wav,0.2554257810115814,0.40781211853027344
strat_bridge_pick23__00000001__s0032.wav,0.005602540913969278,0.2172689437866211
tele_bridge_pick06__00000001__s0025.wav,0.20815710723400116,0.4080198109149933
strat_bridge_fing17__00000001__s0025.wav,0.8387132287025452,0.6941509246826172
prs_neck_fing21__00000001__s0016.wav,0.9854202270507812,0.8196372985839844
prs_neck_fing10__00000001__s0054.wav,0.6486170887947083,0.5831543803215027
les_neck_fing02__00000001__s0003.wav,0.4481697380542755,0.43177536129951477
tele_neck_pick10__00000001__s0029.wav,0.4255201518535614,0.6072508096694946
tele_bridge_fing05__00000001__s0054.wav,0.6448848843574524,0.8494858741760254
les_neck_pick16__00000001__s0028.wav,0.20259365439414978,0.37443023920059204
les_neck_fing03__00000001__s0018.wav,0.6583167314529419,0.5841467380523682
tele_bridge_fing16__00000001__s0049.wav,0.4986094534397125,0.7169196605682373
les_bridge_fing14__00000001__s0016.wav,0.8971967697143555,0.8466439843177795
prs_neck_fing11__00000001__s0017.wav,0.48454058170318604,0.18655073642730713
tele_neck_fing03__00000001__s0039.wav,0.0012186055537313223,0.20113970339298248
prs_neck_fing24__00000001__s0032.wav,0.769359290599823,0.8603909015655518
strat_bridge_fing20__00000001__s0019.wav,0.11090465635061264,0.41823112964630127
strat_bridge_pick13__00000001__s0045.wav,0.767022430896759,0.7679567337036133
les_neck_pick11__00000001__s0014.wav,0.6571556329727173,0.7141679525375366
les_bridge_pick08__00000001__s0013.wav,0.13321305811405182,0.2633053958415985
les_bridge_fing12__00000001__s0033.wav,0.7902402281761169,0.7830389738082886
les_bridge_fing08__00000001__s0046.wav,0.14895954728126526,0.4664686918258667
tele_bridge_pick23__00000001__s0053.wav,0.8709921836853027,0.7674344182014465
strat_neck_fing25__00000001__s0055.wav,0.7008300423622131,0.4377688467502594
strat_neck_fing07__00000001__s0048.wav,0.5323472619056702,0.6306228637695312
tele_bridge_pick24__00000001__s0023.wav,0.3706376552581787,0.29420387744903564
strat_neck_pick02__00000001__s0035.wav,0.6527704000473022,0.5534057021141052
prs_bridge_pick05__00000001__s0004.wav,0.21626797318458557,0.1460626721382141
prs_bridge_fing06__00000001__s0049.wav,0.5036450028419495,0.30772557854652405
les_bridge_pick11__00000001__s0052.wav,0.7471944689750671,0.6123007535934448
tele_bridge_pick11__00000001__s0053.wav,0.33146700263023376,0.3635130524635315
les_bridge_pick21__00000001__s0044.wav,0.7464150786399841,0.7362181544303894
tele_bridge_pick25__00000001__s0006.wav,0.20015881955623627,0.08893729001283646
les_bridge_pick02__00000001__s0000.wav,0.8802966475486755,0.7978460788726807
strat_neck_fing10__00000001__s0000.wav,0.3218693435192108,0.2973763644695282
prs_bridge_fing21__00000001__s0033.wav,0.5875911116600037,0.6505748629570007
prs_bridge_fing09__00000001__s0049.wav,0.9129874110221863,0.7270600199699402
les_neck_fing13__00000001__s0033.wav,0.7000906467437744,0.5231078267097473
les_bridge_pick17__00000001__s0054.wav,0.2849371135234833,0.3926190137863159
strat_neck_pick01__00000001__s0010.wav,0.6265525221824646,0.2888171374797821
strat_bridge_pick07__00000001__s0011.wav,0.0442444309592247,0.19980047643184662
les_bridge_pick17__00000001__s0046.wav,0.9318875670433044,0.8722937703132629
strat_neck_fing20__00000001__s0038.wav,0.36609140038490295,0.330081582069397
strat_bridge_pick25__00000001__s0043.wav,0.32417258620262146,0.24672549962997437
strat_bridge_fing23__00000001__s0002.wav,0.06205030903220177,0.47778940200805664
prs_bridge_fing07__00000001__s0024.wav,0.28568553924560547,0.533836305141449
les_neck_pick10__00000001__s0034.wav,0.5894747376441956,0.32724782824516296
les_neck_fing09__00000001__s0054.wav,0.08873172104358673,0.1825208067893982
prs_neck_fing02__00000001__s0009.wav,0.36446961760520935,0.2782728374004364
tele_neck_fing22__00000001__s0018.wav,0.05221816897392273,0.1082443818449974
tele_bridge_fing21__00000001__s0027.wav,0.0823657289147377,0.18452522158622742
prs_bridge_fing09__00000001__s0020.wav,0.7635659575462341,0.6814985871315002
les_bridge_fing22__00000001__s0039.wav,0.5131743550300598,0.5039518475532532
les_bridge_pick25__00000001__s0022.wav,0.013473373837769032,0.34853148460388184
prs_neck_fing15__00000001__s0011.wav,0.6566885709762573,0.40272751450538635
tele_neck_fing08__00000001__s0032.wav,0.7671138048171997,0.6540828347206116
strat_bridge_pick08__00000001__s0022.wav,0.11404387652873993,0.27653318643569946
tele_bridge_fing08__00000001__s0037.wav,0.8567846417427063,0.6470664143562317
tele_neck_pick08__00000001__s0027.wav,0.7620779871940613,0.4694906771183014
les_bridge_pick11__00000001__s0018.wav,0.7396860122680664,0.5150836706161499
les_bridge_fing13__00000001__s0002.wav,0.11499587446451187,0.2846643030643463
les_bridge_pick01__00000001__s0053.wav,0.08066649734973907,0.17636169493198395
strat_neck_fing14__00000001__s0012.wav,0.10144825279712677,0.23027624189853668
prs_neck_pick13__00000001__s0035.wav,0.6826877593994141,0.4046536982059479
les_bridge_fing05__00000001__s0027.wav,0.9387832880020142,0.8823050856590271
strat_neck_fing21__00000001__s0016.wav,0.7317514419555664,0.25670185685157776
tele_neck_pick03__00000001__s0040.wav,0.8985636234283447,0.8873501420021057
prs_bridge_fing17__00000001__s0008.wav,0.9894049763679504,0.6958007216453552
tele_bridge_pick01__00000001__s0053.wav,0.9936814904212952,0.9667028188705444
prs_bridge_pick24__00000001__s0006.wav,0.002319814171642065,0.19501329958438873
les_bridge_pick01__00000001__s0050.wav,0.5042085647583008,0.532248318195343
les_bridge_pick01__00000001__s0027.wav,0.5740561485290527,0.49948471784591675
tele_neck_pick17__00000001__s0015.wav,0.8767657279968262,0.8152933120727539
prs_neck_pick20__00000001__s0013.wav,0.25116392970085144,0.4077222943305969
les_neck_pick05__00000001__s0055.wav,0.4891968369483948,0.4734402894973755
tele_neck_fing17__00000001__s0014.wav,0.1779506653547287,0.38032665848731995
strat_neck_pick02__00000001__s0021.wav,0.5710451006889343,0.7669855356216431
les_neck_pick10__00000001__s0016.wav,0.5702812671661377,0.5142026543617249
strat_bridge_pick04__00000001__s0024.wav,0.31580549478530884,0.13906614482402802
tele_bridge_pick04__00000001__s0039.wav,0.41990333795547485,0.3387768864631653
prs_neck_fing19__00000001__s0005.wav,0.7447304129600525,0.5097872018814087
strat_bridge_pick01__00000001__s0006.wav,0.6756311058998108,0.6226097941398621
tele_neck_fing11__00000001__s0051.wav,0.7546378374099731,0.7020313739776611
les_bridge_pick15__00000001__s0045.wav,0.20014706254005432,0.24938873946666718
tele_neck_fing20__00000001__s0033.wav,0.3283213973045349,0.4621494710445404
tele_neck_pick17__00000001__s0028.wav,0.3380749523639679,0.27830636501312256
strat_bridge_pick11__00000001__s0015.wav,0.8831226229667664,0.7597070932388306
les_neck_fing13__00000001__s0037.wav,0.6139757633209229,0.6452698111534119
les_bridge_pick17__00000001__s0038.wav,0.668357789516449,0.6404009461402893
strat_neck_fing19__00000001__s0006.wav,0.9474431872367859,0.8877602219581604
prs_bridge_pick24__00000001__s0004.wav,0.6493025422096252,0.4553714096546173
prs_neck_fing25__00000001__s0014.wav,0.5168076753616333,0.2206488996744156
strat_neck_pick10__00000001__s0006.wav,0.45288339257240295,0.6236267685890198
les_neck_pick06__00000001__s0030.wav,0.7168014049530029,0.46895086765289307
les_bridge_fing05__00000001__s0039.wav,0.8395352363586426,0.6572927832603455
strat_bridge_pick10__00000001__s0051.wav,0.01692473329603672,0.34045255184173584
strat_neck_fing25__00000001__s0048.wav,0.29951420426368713,0.3459183871746063
prs_bridge_fing06__00000001__s0003.wav,0.9625762104988098,0.7305004000663757
tele_neck_fing11__00000001__s0021.wav,0.003833287162706256,0.2756744921207428
les_bridge_fing20__00000001__s0033.wav,0.502882719039917,0.343425989151001
prs_neck_fing15__00000001__s0052.wav,0.4485864043235779,0.398311972618103
prs_neck_pick03__00000001__s0022.wav,0.6793621778488159,0.3491838276386261
tele_neck_fing09__00000001__s0023.wav,0.016855884343385696,0.21546761691570282
strat_neck_pick15__00000001__s0006.wav,0.5167219638824463,0.38125503063201904
strat_bridge_pick13__00000001__s0041.wav,0.9058679342269897,0.8290444016456604
tele_bridge_fing15__00000001__s0043.wav,0.05196034163236618,0.7104480266571045
les_bridge_fing24__00000001__s0000.wav,0.7613335847854614,0.7030373811721802
strat_bridge_pick24__00000001__s0047.wav,0.8830801844596863,0.786013126373291
tele_neck_fing04__00000001__s0039.wav,0.363867849111557,0.5013741254806519
tele_bridge_fing01__00000001__s0052.wav,0.6074527502059937,0.41579121351242065
les_neck_pick24__00000001__s0008.wav,0.7771585583686829,0.7073308825492859
tele_bridge_fing21__00000001__s0007.wav,0.44240355491638184,0.4114784002304077
les_bridge_fing14__00000001__s0005.wav,0.9503375291824341,0.6837748885154724
les_bridge_fing20__00000001__s0001.wav,0.6378836035728455,0.45253482460975647
strat_bridge_fing08__00000001__s0044.wav,0.3897596001625061,0.6247372031211853
prs_neck_fing08__00000001__s0002.wav,0.7913982272148132,0.6699861884117126
tele_bridge_fing08__00000001__s0011.wav,0.25197428464889526,0.21637143194675446
tele_neck_pick03__00000001__s0033.wav,0.2560690939426422,0.3717621862888336
strat_bridge_fing17__00000001__s0011.wav,0.8968859314918518,0.9579324722290039
tele_bridge_fing07__00000001__s0029.wav,0.24457760155200958,0.46139830350875854
strat_bridge_pick08__00000001__s0023.wav,0.9613987803459167,0.5906131267547607
tele_bridge_fing12__00000001__s0029.wav,0.666405975818634,0.39226576685905457
tele_neck_fing01__00000001__s0032.wav,0.5854306221008301,0.5357397794723511
tele_neck_pick13__00000001__s0044.wav,0.4932158589363098,0.28076279163360596
les_neck_pick19__00000001__s0044.wav,0.054201144725084305,0.3312128484249115
prs_neck_pick17__00000001__s0043.wav,0.18617744743824005,0.16563118994235992
strat_neck_fing25__00000001__s0020.wav,0.9390479922294617,0.7196511626243591
prs_bridge_fing24__00000001__s0004.wav,0.6556046009063721,0.4281056523323059
prs_bridge_pick12__00000001__s0034.wav,0.3536197543144226,0.29945704340934753
strat_bridge_fing08__00000001__s0030.wav,0.04497790336608887,0.23363102972507477
tele_bridge_fing23__00000001__s0054.wav,0.836000382900238,0.7491450905799866
strat_neck_fing17__00000001__s0046.wav,0.284674733877182,0.4733552634716034
strat_bridge_fing20__00000001__s0017.wav,0.14092354476451874,0.4436744153499603
tele_bridge_pick08__00000001__s0013.wav,0.6497613191604614,0.4375610947608948
les_bridge_fing10__00000001__s0034.wav,0.9486138224601746,0.7742688059806824
strat_neck_fing10__00000001__s0050.wav,0.6703569889068604,0.5439352989196777
prs_bridge_pick03__00000001__s0024.wav,0.4679429531097412,0.6489062309265137
prs_neck_pick12__00000001__s0050.wav,0.7894954085350037,0.7855116724967957
strat_neck_pick02__00000001__s0010.wav,0.4060204029083252,0.5161859393119812
strat_bridge_fing06__00000001__s0033.wav,0.3687562942504883,0.2761012017726898
les_bridge_pick19__00000001__s0012.wav,0.5424659848213196,0.6741133332252502
les_neck_fing24__00000001__s0052.wav,0.08143451064825058,0.36313024163246155
les_neck_pick06__00000001__s0029.wav,0.717643678188324,0.5637570023536682
strat_neck_pick05__00000001__s0013.wav,0.14528653025627136,0.13748224079608917
prs_bridge_pick23__00000001__s0042.wav,0.2574079632759094,0.5697903037071228
prs_bridge_fing12__00000001__s0032.wav,0.5433683395385742,0.42790624499320984
prs_neck_pick11__00000001__s0054.wav,0.7146982550621033,0.469186395406723
strat_neck_pick12__00000001__s0050.wav,0.8524344563484192,0.37279102206230164
prs_neck_fing23__00000001__s0008.wav,0.4010530710220337,0.2652575969696045
strat_neck_pick11__00000001__s0027.wav,0.17033907771110535,0.40888914465904236
tele_bridge_pick21__00000001__s0037.wav,0.4342723488807678,0.39564186334609985
les_bridge_pick08__00000001__s0023.wav,0.5582579374313354,0.5071308016777039
prs_neck_fing03__00000001__s0001.wav,0.8558550477027893,0.8147496581077576
tele_bridge_fing03__00000001__s0042.wav,0.44920429587364197,0.5382056832313538
tele_bridge_pick03__00000001__s0022.wav,0.9000137448310852,0.9011302590370178
les_bridge_fing06__00000001__s0010.wav,0.17008113861083984,0.23327016830444336
strat_neck_pick22__00000001__s0007.wav,0.33524245023727417,0.24305342137813568
prs_neck_pick20__00000001__s0044.wav,0.09548556059598923,0.22434097528457642
strat_bridge_pick19__00000001__s0055.wav,0.09959901124238968,0.34113073348999023
strat_neck_pick19__00000001__s0021.wav,0.6462899446487427,0.6772333383560181
strat_neck_fing20__00000001__s0017.wav,0.4705210030078888,0.3127765953540802
prs_neck_pick05__00000001__s0028.wav,0.994464099407196,0.8129453659057617
les_neck_pick01__00000001__s0026.wav,0.9120065569877625,0.7675824165344238
les_neck_pick19__00000001__s0009.wav,0.5111334919929504,0.5072683095932007
prs_bridge_fing09__00000001__s0013.wav,0.33198434114456177,0.3820663392543793
prs_neck_fing25__00000001__s0010.wav,0.9673448204994202,0.5922440886497498
les_bridge_pick02__00000001__s0048.wav,0.33671098947525024,0.3423362672328949
les_neck_fing05__00000001__s0003.wav,0.7323161363601685,0.8118579387664795
tele_neck_pick21__00000001__s0015.wav,0.6295033097267151,0.4127269685268402
strat_bridge_pick02__00000001__s0014.wav,0.6586787104606628,0.7183344960212708
strat_bridge_fing24__00000001__s0046.wav,0.8760581016540527,0.7874099016189575
les_bridge_pick13__00000001__s0047.wav,0.7152188420295715,0.6212525963783264
prs_neck_fing16__00000001__s0038.wav,0.4617502689361572,0.5577701926231384
tele_neck_pick11__00000001__s0021.wav,0.6472410559654236,0.6152836680412292
les_bridge_pick22__00000001__s0019.wav,0.5127817392349243,0.40348824858665466
tele_neck_fing13__00000001__s0049.wav,0.37463727593421936,0.3513011634349823
tele_bridge_fing11__00000001__s0023.wav,0.00012165051157353446,0.17909954488277435
prs_neck_pick05__00000001__s0032.wav,0.8558461666107178,0.7690731883049011
strat_neck_pick17__00000001__s0027.wav,0.41897130012512207,0.39010557532310486
prs_bridge_fing19__00000001__s0016.wav,0.2773189842700958,0.2155945897102356
strat_neck_pick09__00000001__s0003.wav,0.5743815302848816,0.4972993731498718
prs_bridge_pick13__00000001__s0013.wav,0.8380407094955444,0.7645635008811951
strat_neck_pick13__00000001__s0008.wav,0.1960769146680832,0.2939803898334503
strat_neck_fing11__00000001__s0022.wav,0.4083087742328644,0.43922579288482666
les_neck_pick22__00000001__s0038.wav,0.22737479209899902,0.25963637232780457
les_bridge_pick25__00000001__s0004.wav,0.8356024026870728,0.8428271412849426
prs_neck_pick10__00000001__s0018.wav,0.04308111220598221,0.19786439836025238
strat_neck_fing15__00000001__s0016.wav,0.5754070281982422,0.45634108781814575
strat_bridge_pick20__00000001__s0043.wav,0.23221798241138458,0.7044960260391235
prs_bridge_pick01__00000001__s0014.wav,0.5603930950164795,0.6113966703414917
tele_neck_fing20__00000001__s0050.wav,0.9549998641014099,0.8236299753189087
prs_bridge_pick09__00000001__s0038.wav,0.6109758615493774,0.5185394883155823
prs_bridge_fing05__00000001__s0035.wav,0.8694707751274109,0.6678383350372314
les_bridge_fing08__00000001__s0041.wav,0.20751336216926575,0.42252442240715027
tele_neck_pick24__00000001__s0051.wav,0.1934816986322403,0.5118681788444519
les_neck_fing24__00000001__s0018.wav,0.16024285554885864,0.5771274566650391
tele_bridge_fing24__00000001__s0043.wav,0.08610671758651733,0.19078141450881958
prs_bridge_fing08__00000001__s0019.wav,0.19321876764297485,0.285576194524765
les_bridge_pick03__00000001__s0023.wav,0.002109220717102289,0.34946176409721375
prs_bridge_pick21__00000001__s0021.wav,0.8818058967590332,0.6015070080757141
les_bridge_fing23__00000001__s0040.wav,0.20965072512626648,0.30564746260643005
prs_neck_pick24__00000001__s0009.wav,0.40009644627571106,0.3402065336704254
prs_neck_fing19__00000001__s0032.wav,0.5879300832748413,0.5293644070625305
prs_neck_pick16__00000001__s0013.wav,0.9135419130325317,0.7803962230682373
prs_neck_pick16__00000001__s0044.wav,0.026897070929408073,0.402572363615036
les_neck_fing05__00000001__s0044.wav,0.19055096805095673,0.1281154453754425
les_neck_fing09__00000001__s0034.wav,0.7985541224479675,0.4544563889503479
les_bridge_pick14__00000001__s0017.wav,0.386381596326828,0.28907230496406555
strat_neck_fing22__00000001__s0036.wav,0.36870691180229187,0.5248832702636719
strat_neck_pick23__00000001__s0011.wav,0.8332823514938354,0.8647662997245789
tele_neck_pick13__00000001__s0048.wav,0.014541654847562313,0.28985559940338135
prs_bridge_fing12__00000001__s0041.wav,0.34415146708488464,0.6272464394569397
tele_neck_fing09__00000001__s0038.wav,0.5012636780738831,0.6370697021484375
strat_neck_fing14__00000001__s0024.wav,0.9376509785652161,0.7413118481636047
tele_bridge_fing19__00000001__s0029.wav,0.174229234457016,0.5934037566184998
prs_neck_pick12__00000001__s0045.wav,0.7704027891159058,0.6242053508758545
prs_bridge_fing03__00000001__s0050.wav,0.39005741477012634,0.4047855734825134
prs_neck_pick20__00000001__s0021.wav,0.38552242517471313,0.39921247959136963
strat_neck_pick17__00000001__s0028.wav,0.3529198169708252,0.4865334928035736
les_neck_fing03__00000001__s0035.wav,0.1787932962179184,0.3638332188129425
strat_bridge_fing21__00000001__s0042.wav,0.2886798679828644,0.7969017028808594
strat_bridge_fing15__00000001__s0038.wav,0.020930519327521324,0.14927241206169128
prs_bridge_fing15__00000001__s0037.wav,0.9673880338668823,0.956963837146759
prs_bridge_fing17__00000001__s0021.wav,0.08026203513145447,0.6033737063407898
les_neck_pick07__00000001__s0024.wav,0.5289912223815918,0.5366054177284241
strat_bridge_fing20__00000001__s0028.wav,0.7415555715560913,0.6184675097465515
prs_bridge_pick06__00000001__s0025.wav,0.834601104259491,0.5525116920471191
les_neck_fing19__00000001__s0009.wav,0.7081971168518066,0.4866320490837097
prs_bridge_fing09__00000001__s0003.wav,0.5020986199378967,0.3685896396636963
les_bridge_pick18__00000001__s0041.wav,0.8243404030799866,0.8548638224601746
strat_bridge_pick20__00000001__s0055.wav,0.9045865535736084,0.8606854677200317
prs_neck_pick22__00000001__s0004.wav,0.18742422759532928,0.4874204397201538
prs_bridge_fing12__00000001__s0019.wav,0.4626990854740143,0.5634196996688843
les_neck_pick18__00000001__s0011.wav,0.11382011324167252,0.4865702986717224
prs_bridge_fing20__00000001__s0005.wav,0.5192680358886719,0.6280161142349243
tele_neck_fing02__00000001__s0020.wav,0.7151217460632324,0.595402181148529
strat_neck_fing10__00000001__s0044.wav,0.8314759731292725,0.6685346364974976
tele_bridge_pick17__00000001__s0044.wav,0.026081014424562454,0.19825683534145355
prs_bridge_fing06__00000001__s0007.wav,0.16553618013858795,0.6280200481414795
strat_neck_pick23__00000001__s0055.wav,0.9182850122451782,0.8001953959465027
prs_bridge_fing09__00000001__s0039.wav,0.7836602926254272,0.3081202507019043
les_bridge_fing06__00000001__s0028.wav,0.8315644860267639,0.7960197329521179
les_neck_pick23__00000001__s0032.wav,0.12660692632198334,0.17689691483974457
prs_neck_pick06__00000001__s0021.wav,0.42424118518829346,0.4091365337371826
les_neck_fing21__00000001__s0011.wav,0.7274620532989502,0.5596266984939575
strat_bridge_pick21__00000001__s0002.wav,0.9578934907913208,0.9497764706611633
strat_bridge_pick20__00000001__s0038.wav,0.23491881787776947,0.2321121096611023
prs_bridge_pick08__00000001__s0003.wav,0.3172227740287781,0.5223411917686462
les_neck_fing05__00000001__s0049.wav,0.8572845458984375,0.9241227507591248
strat_bridge_pick05__00000001__s0005.wav,0.7598923444747925,0.8834581971168518
tele_bridge_fing19__00000001__s0020.wav,0.5516272783279419,0.5876725316047668
prs_bridge_pick25__00000001__s0017.wav,0.12140966951847076,0.2822611331939697
prs_bridge_fing01__00000001__s0027.wav,0.08462968468666077,0.5847510099411011
les_neck_pick23__00000001__s0046.wav,0.1383245438337326,0.6039734482765198
les_neck_fing13__00000001__s0017.wav,0.37738603353500366,0.280784010887146
strat_bridge_pick06__00000001__s0052.wav,0.06918127834796906,0.29727479815483093
strat_neck_fing05__00000001__s0029.wav,0.42128825187683105,0.38299593329429626
les_neck_pick24__00000001__s0044.wav,0.8158044815063477,0.7940552234649658
les_bridge_fing07__00000001__s0015.wav,0.16674430668354034,0.3479153513908386
strat_bridge_pick19__00000001__s0001.wav,0.8050886988639832,0.7817426323890686
strat_neck_pick08__00000001__s0046.wav,0.7314198613166809,0.6390140056610107
strat_neck_fing13__00000001__s0017.wav,0.14299197494983673,0.26012760400772095
strat_neck_pick25__00000001__s0016.wav,0.9785057902336121,0.7406927943229675
prs_bridge_fing21__00000001__s0049.wav,0.4179622232913971,0.2838987708091736
les_neck_pick06__00000001__s0007.wav,0.1578252911567688,0.2728976309299469
tele_bridge_fing20__00000001__s0002.wav,0.8574813008308411,0.6324432492256165
les_bridge_fing21__00000001__s0046.wav,0.5661774277687073,0.4576060473918915
strat_bridge_pick04__00000001__s0016.wav,0.5437023043632507,0.4715902507305145
les_bridge_pick17__00000001__s0055.wav,0.7229961156845093,0.680952250957489
prs_bridge_fing15__00000001__s0010.wav,0.8319816589355469,0.5197568535804749
les_neck_fing16__00000001__s0054.wav,0.853219747543335,0.8149303197860718
prs_bridge_fing24__00000001__s0042.wav,0.8179097771644592,0.29503750801086426
strat_neck_fing08__00000001__s0001.wav,0.6464870572090149,0.47932350635528564
prs_bridge_fing24__00000001__s0008.wav,0.3862835466861725,0.15704748034477234
prs_neck_fing09__00000001__s0022.wav,0.5729860663414001,0.6452450156211853
strat_bridge_pick02__00000001__s0016.wav,0.43441614508628845,0.5557639598846436
strat_bridge_fing16__00000001__s0029.wav,0.31788137555122375,0.32086196541786194
les_bridge_fing13__00000001__s0048.wav,0.2452598214149475,0.33338162302970886
les_neck_fing13__00000001__s0000.wav,0.40095001459121704,0.6300494074821472
les_bridge_fing01__00000001__s0054.wav,0.4609028398990631,0.5878704786300659
strat_neck_pick19__00000001__s0037.wav,0.5388068556785583,0.5893653035163879
prs_bridge_pick12__00000001__s0032.wav,0.3838464915752411,0.6765772700309753
prs_neck_pick18__00000001__s0046.wav,0.3755224943161011,0.5598725080490112
prs_bridge_pick18__00000001__s0033.wav,0.22371603548526764,0.40096354484558105
tele_neck_pick18__00000001__s0005.wav,0.8572403192520142,0.7377208471298218
tele_neck_fing14__00000001__s0004.wav,0.20953117311000824,0.17592762410640717
tele_neck_pick02__00000001__s0055.wav,0.09262679517269135,0.2192579209804535
prs_bridge_pick16__00000001__s0045.wav,0.4801812767982483,0.9133884906768799
strat_neck_fing21__00000001__s0007.wav,0.3014853894710541,0.31295788288116455
les_neck_fing13__00000001__s0022.wav,0.12277191877365112,0.27074700593948364
les_neck_pick07__00000001__s0044.wav,0.8062222599983215,0.4925687909126282
tele_bridge_pick06__00000001__s0002.wav,0.3285093605518341,0.3599119782447815
les_bridge_fing09__00000001__s0030.wav,0.451208233833313,0.7311447262763977
les_bridge_fing25__00000001__s0027.wav,0.5990603566169739,0.570421040058136
tele_bridge_pick19__00000001__s0032.wav,0.9704678058624268,0.8598223924636841
les_bridge_fing05__00000001__s0006.wav,0.7606219053268433,0.7258956432342529
tele_neck_pick25__00000001__s0043.wav,0.942002534866333,0.8087369799613953
les_neck_fing02__00000001__s0022.wav,0.9447152614593506,0.7584720253944397
les_neck_pick03__00000001__s0035.wav,0.4403247535228729,0.36219504475593567
strat_neck_pick06__00000001__s0034.wav,0.36974549293518066,0.4656815230846405
strat_bridge_fing18__00000001__s0043.wav,0.7555431723594666,0.6263893842697144
les_neck_fing12__00000001__s0013.wav,0.16550199687480927,0.4301058053970337
les_bridge_pick23__00000001__s0055.wav,0.10046206414699554,0.32259559631347656
strat_neck_pick10__00000001__s0022.wav,0.20921579003334045,0.1712893843650818
strat_bridge_fing21__00000001__s0023.wav,0.5367779731750488,0.9011305570602417
prs_neck_fing09__00000001__s0052.wav,0.7103219032287598,0.7084174752235413
prs_bridge_fing10__00000001__s0039.wav,0.7260312438011169,0.26024121046066284
prs_neck_fing15__00000001__s0005.wav,0.7501334547996521,0.6516085863113403
strat_bridge_fing16__00000001__s0046.wav,0.8482071757316589,0.6572263836860657
prs_neck_pick10__00000001__s0045.wav,0.2985510528087616,0.17096483707427979
les_bridge_fing04__00000001__s0026.wav,0.5107279419898987,0.6073954105377197
tele_neck_fing19__00000001__s0046.wav,0.7935422658920288,0.7408567667007446
tele_neck_fing15__00000001__s0008.wav,0.5517670512199402,0.5945854187011719
prs_neck_pick20__00000001__s0009.wav,0.7078506350517273,0.6465601921081543
strat_neck_fing07__00000001__s0019.wav,0.21400855481624603,0.43391990661621094
strat_neck_pick16__00000001__s0013.wav,0.3839511573314667,0.37165847420692444
strat_bridge_pick02__00000001__s0033.wav,0.564517080783844,0.7485498785972595
tele_bridge_pick19__00000001__s0038.wav,0.12290093302726746,0.368033230304718
les_bridge_pick09__00000001__s0022.wav,0.9732674360275269,0.7852180004119873
strat_neck_fing10__00000001__s0042.wav,0.44305524230003357,0.46895745396614075
prs_bridge_fing17__00000001__s0007.wav,0.2736724019050598,0.3324466943740845
strat_neck_fing06__00000001__s0052.wav,0.19784420728683472,0.5111429691314697
strat_neck_pick03__00000001__s0049.wav,0.26306867599487305,0.34414243698120117
les_bridge_fing11__00000001__s0026.wav,0.1600807160139084,0.3083004951477051
strat_bridge_fing03__00000001__s0047.wav,0.0868019238114357,0.3712734878063202
prs_bridge_fing18__00000001__s0048.wav,0.9614540338516235,0.8924838304519653
tele_neck_pick08__00000001__s0048.wav,0.814089834690094,0.5713565349578857
strat_neck_fing10__00000001__s0053.wav,0.7784022092819214,0.538352906703949
prs_bridge_pick14__00000001__s0053.wav,0.4413640797138214,0.2797330915927887
strat_neck_pick08__00000001__s0007.wav,0.7916548848152161,0.8068394660949707
les_bridge_fing10__00000001__s0009.wav,0.15046149492263794,0.34316420555114746
prs_neck_fing02__00000001__s0040.wav,0.920050323009491,0.7132808566093445
tele_bridge_fing01__00000001__s0045.wav,0.13784264028072357,0.2413872331380844
strat_bridge_pick05__00000001__s0039.wav,0.6680118441581726,0.5376850962638855
les_bridge_pick10__00000001__s0007.wav,0.5365160703659058,0.5797958374023438
tele_bridge_pick06__00000001__s0030.wav,0.7696132659912109,0.6819840669631958
prs_neck_fing08__00000001__s0018.wav,0.7249668836593628,0.8027442097663879
les_bridge_fing06__00000001__s0031.wav,0.8546333909034729,0.8101321458816528
strat_bridge_fing07__00000001__s0037.wav,0.9806641340255737,0.8752690553665161
les_bridge_fing22__00000001__s0011.wav,0.8745904564857483,0.7098883986473083
strat_bridge_pick18__00000001__s0043.wav,0.4298989474773407,0.5899595022201538
strat_bridge_pick20__00000001__s0000.wav,0.24496689438819885,0.2738973796367645
strat_neck_fing11__00000001__s0000.wav,0.5052952766418457,0.6101332306861877
les_bridge_fing25__00000001__s0003.wav,0.13435915112495422,0.14704948663711548
strat_neck_pick21__00000001__s0038.wav,0.705719530582428,0.6187267899513245
tele_neck_pick18__00000001__s0037.wav,0.5813761949539185,0.5042392015457153
strat_bridge_pick11__00000001__s0030.wav,0.7532815337181091,0.7513904571533203
tele_neck_pick12__00000001__s0050.wav,0.06999588012695312,0.2629660367965698
tele_neck_pick16__00000001__s0001.wav,0.2367144674062729,0.31908026337623596
strat_neck_fing16__00000001__s0044.wav,0.9644711017608643,0.7392047643661499
tele_bridge_pick05__00000001__s0038.wav,0.7476681470870972,0.6813448071479797
strat_bridge_pick04__00000001__s0020.wav,0.7887678742408752,0.7988188862800598
les_neck_fing17__00000001__s0014.wav,0.711574912071228,0.8754734396934509
prs_bridge_fing09__00000001__s0004.wav,0.5014059543609619,0.29438504576683044
strat_neck_pick05__00000001__s0038.wav,0.6159853339195251,0.7971612215042114
tele_neck_fing15__00000001__s0042.wav,0.9364047646522522,0.8512992262840271
prs_neck_fing11__00000001__s0013.wav,0.899511456489563,0.6785577535629272
prs_neck_pick23__00000001__s0039.wav,0.3198798596858978,0.40592172741889954
strat_bridge_pick13__00000001__s0040.wav,0.17494045197963715,0.3281901180744171
strat_bridge_pick18__00000001__s0052.wav,0.796494722366333,0.7736726999282837
les_bridge_fing15__00000001__s0042.wav,0.21092359721660614,0.3342253267765045
les_neck_fing06__00000001__s0026.wav,0.7126482129096985,0.6843073964118958
les_neck_fing03__00000001__s0038.wav,0.34345653653144836,0.6812436580657959
strat_bridge_pick07__00000001__s0017.wav,0.6156782507896423,0.5305508971214294
strat_neck_pick20__00000001__s0047.wav,0.927940309047699,0.65049147605896
tele_neck_fing07__00000001__s0055.wav,0.8253265619277954,0.705437421798706
tele_neck_fing06__00000001__s0027.wav,0.13327215611934662,0.22302791476249695
prs_bridge_fing19__00000001__s0020.wav,0.49490317702293396,0.40320736169815063
strat_neck_fing01__00000001__s0014.wav,0.956487774848938,0.8252992033958435
prs_bridge_fing09__00000001__s0029.wav,0.5472673177719116,0.3305431008338928
strat_neck_pick14__00000001__s0027.wav,0.8580746650695801,0.8969037532806396
prs_bridge_fing01__00000001__s0054.wav,0.5035334825515747,0.7199227809906006
tele_bridge_fing03__00000001__s0017.wav,0.3130682408809662,0.4326119124889374
les_neck_pick14__00000001__s0054.wav,0.47364628314971924,0.6252229809761047
les_neck_fing25__00000001__s0055.wav,0.1328519880771637,0.2655757665634155
prs_neck_fing10__00000001__s0046.wav,0.26886916160583496,0.520084023475647
tele_neck_pick09__00000001__s0035.wav,0.4299260675907135,0.3271828591823578
strat_bridge_fing06__00000001__s0039.wav,0.7421442270278931,0.5951909422874451
strat_neck_fing17__00000001__s0006.wav,0.7996646761894226,0.6175946593284607
tele_bridge_fing01__00000001__s0010.wav,0.26219215989112854,0.3735699951648712
prs_neck_pick23__00000001__s0019.wav,0.8580357432365417,0.8205676674842834
tele_neck_pick19__00000001__s0004.wav,0.794691264629364,0.8587672114372253
tele_bridge_fing02__00000001__s0047.wav,0.08637472242116928,0.5898202657699585
prs_bridge_pick14__00000001__s0035.wav,0.3933875858783722,0.15951065719127655
les_neck_fing11__00000001__s0023.wav,0.7219011187553406,0.7393484711647034
les_bridge_pick05__00000001__s0016.wav,0.34186071157455444,0.3777971863746643
prs_bridge_fing22__00000001__s0032.wav,0.556266725063324,0.5125644207000732
les_neck_pick24__00000001__s0017.wav,0.9314743280410767,0.7739449143409729
strat_neck_fing20__00000001__s0028.wav,0.2614474892616272,0.33057355880737305
les_neck_fing24__00000001__s0013.wav,0.2725672423839569,0.1982632428407669
tele_neck_pick16__00000001__s0018.wav,0.17377133667469025,0.552435576915741
strat_bridge_fing16__00000001__s0007.wav,0.7624682188034058,0.7038341760635376
prs_neck_pick20__00000001__s0038.wav,0.24526675045490265,0.41062045097351074
strat_neck_pick16__00000001__s0049.wav,0.12441128492355347,0.3872934877872467
tele_bridge_pick07__00000001__s0022.wav,0.73032546043396,0.6520256996154785
strat_bridge_pick21__00000001__s0042.wav,0.06412220001220703,0.24092547595500946
les_neck_pick09__00000001__s0054.wav,0.3136042654514313,0.4725019633769989
les_bridge_pick06__00000001__s0049.wav,0.3933351933956146,0.20714496076107025
tele_neck_pick18__00000001__s0041.wav,0.703808069229126,0.7995198965072632
prs_neck_fing23__00000001__s0010.wav,0.2985214293003082,0.38401922583580017
tele_neck_pick10__00000001__s0047.wav,0.144851416349411,0.327971875667572
strat_neck_fing18__00000001__s0010.wav,0.9577274322509766,0.9094725251197815
strat_neck_pick07__00000001__s0047.wav,0.3023291230201721,0.7081311941146851
tele_neck_pick03__00000001__s0002.wav,0.29865556955337524,0.2278570979833603
strat_neck_pick02__00000001__s0028.wav,0.6045780181884766,0.3876921534538269
tele_neck_fing08__00000001__s0055.wav,0.17236344516277313,0.11631295830011368
les_bridge_fing04__00000001__s0050.wav,0.7931181192398071,0.8455123901367188
prs_neck_pick12__00000001__s0016.wav,0.6284401416778564,0.48929375410079956
tele_bridge_fing09__00000001__s0043.wav,0.12587903439998627,0.24780507385730743
prs_bridge_fing02__00000001__s0001.wav,0.4881696403026581,0.5509717464447021
prs_bridge_fing09__00000001__s0028.wav,0.3630004823207855,0.41063958406448364
les_neck_pick01__00000001__s0002.wav,0.07902257889509201,0.38389724493026733
les_neck_fing19__00000001__s0021.wav,0.9023014307022095,0.7856541275978088
prs_neck_pick18__00000001__s0043.wav,0.5326100587844849,0.33726856112480164
strat_bridge_fing20__00000001__s0003.wav,0.6443945169448853,0.8264912366867065
les_neck_pick07__00000001__s0004.wav,0.7107513546943665,0.6719772815704346
strat_bridge_pick17__00000001__s0028.wav,0.8843811750411987,0.8962175250053406
les_bridge_pick20__00000001__s0052.wav,0.8886646032333374,0.6053597331047058
les_neck_pick12__00000001__s0018.wav,0.24397511780261993,0.14905788004398346
prs_neck_pick16__00000001__s0047.wav,0.4558040201663971,0.7080157995223999
tele_bridge_fing17__00000001__s0040.wav,0.15417887270450592,0.25181156396865845
tele_neck_pick21__00000001__s0009.wav,0.5629593133926392,0.44021591544151306
prs_neck_pick11__00000001__s0029.wav,0.08125139027833939,0.5254489183425903
les_neck_pick24__00000001__s0035.wav,0.8224866390228271,0.6596981287002563
strat_bridge_pick09__00000001__s0031.wav,0.8998597860336304,0.884939432144165
prs_neck_fing04__00000001__s0055.wav,0.18889720737934113,0.2247357964515686
tele_bridge_fing09__00000001__s0006.wav,0.5823239684104919,0.5726118683815002
prs_bridge_pick19__00000001__s0041.wav,0.03383012115955353,0.24910657107830048
tele_neck_pick13__00000001__s0002.wav,0.9161034822463989,0.7666661739349365
les_neck_pick07__00000001__s0003.wav,0.8209207057952881,0.7619120478630066
tele_neck_fing03__00000001__s0034.wav,0.4500359892845154,0.4209398925304413
tele_bridge_pick07__00000001__s0044.wav,0.6316751837730408,0.5139394998550415
strat_neck_fing11__00000001__s0016.wav,0.27426815032958984,0.6692886352539062
prs_bridge_fing08__00000001__s0011.wav,0.4764271676540375,0.2102876752614975
strat_bridge_fing09__00000001__s0003.wav,0.24757778644561768,0.28920412063598633
tele_neck_pick15__00000001__s0054.wav,0.5454738736152649,0.6852459907531738
tele_bridge_fing15__00000001__s0004.wav,0.14268526434898376,0.39131441712379456
strat_neck_pick14__00000001__s0016.wav,0.7669345140457153,0.7784876227378845
tele_bridge_fing21__00000001__s0051.wav,0.9735485315322876,0.9147192239761353
strat_bridge_fing02__00000001__s0030.wav,0.7379113435745239,0.6844250559806824
les_bridge_fing25__00000001__s0049.wav,0.8537048101425171,0.6892042756080627
tele_bridge_fing18__00000001__s0007.wav,0.286969929933548,0.5410447120666504
les_bridge_fing18__00000001__s0010.wav,0.08174299448728561,0.5880088210105896
les_bridge_fing12__00000001__s0048.wav,0.0657164677977562,0.2679767906665802
les_neck_pick13__00000001__s0002.wav,0.3621100187301636,0.1980387568473816
les_neck_pick05__00000001__s0018.wav,0.3245311379432678,0.2934618294239044
les_bridge_fing06__00000001__s0047.wav,0.12581974267959595,0.48478683829307556
prs_neck_fing20__00000001__s0045.wav,0.9250159859657288,0.8705310821533203
strat_bridge_fing02__00000001__s0053.wav,0.6517043113708496,0.8780258297920227
tele_bridge_fing21__00000001__s0024.wav,0.59377121925354,0.300177663564682
strat_bridge_pick12__00000001__s0012.wav,0.4984034299850464,0.5706194043159485
les_neck_fing24__00000001__s0051.wav,0.20959323644638062,0.2282523810863495
tele_neck_pick05__00000001__s0017.wav,0.2711917757987976,0.3703545928001404
tele_bridge_pick14__00000001__s0045.wav,0.4515141546726227,0.5166707634925842
les_bridge_pick21__00000001__s0034.wav,0.8254610896110535,0.6968872547149658
tele_neck_pick17__00000001__s0004.wav,0.5743119716644287,0.32524293661117554
tele_neck_pick15__00000001__s0023.wav,0.9865974187850952,0.8248319625854492
prs_bridge_pick13__00000001__s0036.wav,0.4790887236595154,0.5920590162277222
strat_neck_pick10__00000001__s0004.wav,0.304296612739563,0.16126753389835358
tele_neck_fing17__00000001__s0015.wav,0.17962412536144257,0.5156290531158447
prs_neck_fing25__00000001__s0041.wav,0.5185908079147339,0.3100056052207947
les_neck_fing25__00000001__s0026.wav,0.5645043849945068,0.6784816980361938
strat_neck_pick04__00000001__s0037.wav,0.45044681429862976,0.36891528964042664
strat_bridge_fing21__00000001__s0030.wav,0.687829852104187,0.8116788268089294
les_neck_fing05__00000001__s0026.wav,0.946734607219696,0.8136725425720215
prs_neck_pick20__00000001__s0033.wav,0.6429228186607361,0.8178123831748962
prs_neck_fing02__00000001__s0004.wav,0.790694534778595,0.7372050285339355
prs_bridge_pick03__00000001__s0055.wav,0.5886405110359192,0.5695031881332397
les_neck_pick11__00000001__s0053.wav,0.32922816276550293,0.551254391670227
tele_bridge_pick04__00000001__s0043.wav,0.7755207419395447,0.8417149186134338
prs_bridge_pick24__00000001__s0016.wav,0.13505087792873383,0.3702085018157959
tele_neck_pick01__00000001__s0036.wav,0.36884769797325134,0.5927003026008606
les_bridge_fing02__00000001__s0045.wav,0.17949441075325012,0.6208968758583069
les_neck_fing02__00000001__s0042.wav,0.4583156108856201,0.32337430119514465
tele_neck_fing13__00000001__s0027.wav,0.8969305753707886,0.7624897360801697
tele_bridge_pick12__00000001__s0038.wav,0.1932152807712555,0.3185763955116272
tele_neck_fing11__00000001__s0011.wav,0.13582298159599304,0.3555338680744171
tele_bridge_fing24__00000001__s0038.wav,0.17922861874103546,0.24802710115909576
les_neck_pick04__00000001__s0016.wav,0.8987033367156982,0.9116207361221313
prs_neck_fing04__00000001__s0021.wav,0.5980173349380493,0.38993966579437256
tele_bridge_pick06__00000001__s0031.wav,0.5608728528022766,0.47298720479011536
prs_neck_fing02__00000001__s0018.wav,0.2194080799818039,0.23577821254730225
strat_bridge_pick25__00000001__s0047.wav,0.11401136219501495,0.23262202739715576
les_neck_fing03__00000001__s0025.wav,0.6235615611076355,0.547355055809021
prs_bridge_pick01__00000001__s0040.wav,0.21589666604995728,0.2364187389612198
prs_neck_pick19__00000001__s0027.wav,0.9655181765556335,0.9523481130599976
les_neck_fing04__00000001__s0020.wav,0.4174056351184845,0.6043897271156311
les_bridge_pick13__00000001__s0037.wav,0.6351205706596375,0.30192697048187256
tele_neck_fing08__00000001__s0041.wav,0.25082623958587646,0.417673259973526
tele_neck_pick21__00000001__s0008.wav,0.04581616818904877,0.196619912981987
tele_bridge_pick17__00000001__s0031.wav,0.4595513343811035,0.2649019956588745
les_bridge_fing08__00000001__s0018.wav,0.4112720489501953,0.40367671847343445
strat_bridge_fing12__00000001__s0023.wav,0.2921544313430786,0.1446780264377594
strat_bridge_fing20__00000001__s0050.wav,0.7215686440467834,0.7218729257583618
les_neck_fing21__00000001__s0021.wav,0.8468016386032104,0.6960158348083496
les_bridge_pick15__00000001__s0005.wav,0.7619220018386841,0.6037706136703491
tele_neck_fing09__00000001__s0043.wav,0.5562172532081604,0.3018820583820343
tele_bridge_pick25__00000001__s0013.wav,0.25175151228904724,0.12352548539638519
prs_neck_pick01__00000001__s0012.wav,0.54835444688797,0.4251425266265869
les_neck_fing17__00000001__s0029.wav,0.4848984479904175,0.32310208678245544
les_neck_pick05__00000001__s0048.wav,0.09599793702363968,0.1901419460773468
prs_neck_pick13__00000001__s0005.wav,0.12965127825737,0.4201671779155731
prs_bridge_pick21__00000001__s0009.wav,0.9483634829521179,0.7973774671554565
prs_neck_pick22__00000001__s0042.wav,0.8910291790962219,0.8248716592788696
les_bridge_fing06__00000001__s0033.wav,0.24294038116931915,0.4810999035835266
strat_neck_fing09__00000001__s0052.wav,0.3646128475666046,0.31365448236465454
les_neck_fing13__00000001__s0014.wav,0.7866178154945374,0.6605755686759949
tele_neck_fing18__00000001__s0042.wav,0.46494442224502563,0.4161687195301056
les_neck_fing25__00000001__s0008.wav,0.007631270680576563,0.1295885443687439
les_bridge_pick07__00000001__s0052.wav,0.226629376411438,0.3114248812198639
tele_neck_pick21__00000001__s0002.wav,0.9431858062744141,0.9250762462615967
tele_bridge_fing12__00000001__s0042.wav,0.5991373658180237,0.48944541811943054
strat_neck_pick15__00000001__s0021.wav,0.6747228503227234,0.5862648487091064
prs_neck_pick15__00000001__s0044.wav,0.5243517160415649,0.4767037034034729
les_neck_pick25__00000001__s0054.wav,0.8887473344802856,0.8577578067779541
strat_bridge_pick08__00000001__s0031.wav,0.2979026734828949,0.2812294065952301
prs_neck_pick20__00000001__s0050.wav,0.7743650674819946,0.7197327613830566
strat_bridge_fing18__00000001__s0018.wav,0.5667278170585632,0.4019048511981964
les_bridge_pick24__00000001__s0022.wav,0.6780579686164856,0.6932117342948914
strat_neck_pick22__00000001__s0019.wav,0.5368486642837524,0.4825234115123749
tele_neck_fing01__00000001__s0002.wav,0.4325511157512665,0.43648409843444824
tele_bridge_fing13__00000001__s0004.wav,0.39536502957344055,0.6465118527412415
strat_neck_fing14__00000001__s0007.wav,0.3531554043292999,0.4796733558177948
prs_neck_fing21__00000001__s0005.wav,0.0536026768386364,0.19676153361797333
tele_neck_pick03__00000001__s0022.wav,0.5319223999977112,0.46011751890182495
tele_neck_fing15__00000001__s0001.wav,0.9249247908592224,0.9734567403793335
tele_neck_fing16__00000001__s0036.wav,0.7487026453018188,0.5793382525444031
prs_neck_fing04__00000001__s0049.wav,0.371444970369339,0.5122186541557312
prs_bridge_fing23__00000001__s0012.wav,0.15865391492843628,0.41051769256591797
prs_neck_pick13__00000001__s0027.wav,0.5327303409576416,0.4996495842933655
strat_bridge_fing16__00000001__s0037.wav,0.8327071070671082,0.8331099152565002
strat_bridge_pick09__00000001__s0016.wav,0.5881844162940979,0.7735685110092163
tele_neck_fing02__00000001__s0047.wav,0.13166993856430054,0.30563884973526
tele_neck_fing19__00000001__s0007.wav,0.3457249104976654,0.344719260931015
les_neck_fing13__00000001__s0050.wav,0.7918413877487183,0.5548697113990784
tele_neck_pick07__00000001__s0015.wav,0.7549256086349487,0.9005467295646667
les_bridge_fing18__00000001__s0054.wav,0.7277168035507202,0.6894515752792358
prs_bridge_pick25__00000001__s0054.wav,0.7282961010932922,0.3922998905181885
tele_bridge_fing02__00000001__s0031.wav,0.6296542286872864,0.5135806202888489
strat_neck_pick09__00000001__s0037.wav,0.46932607889175415,0.7123163342475891
strat_bridge_pick10__00000001__s0028.wav,0.42242953181266785,0.5595311522483826
prs_neck_fing05__00000001__s0044.wav,0.05892834812402725,0.4764653146266937
les_neck_fing08__00000001__s0008.wav,0.5455062985420227,0.33674079179763794
tele_bridge_fing04__00000001__s0027.wav,0.5008100271224976,0.24645031988620758
les_bridge_pick25__00000001__s0007.wav,0.1150166466832161,0.3363867998123169
les_bridge_pick16__00000001__s0007.wav,0.9853907227516174,0.8306628465652466
strat_bridge_fing11__00000001__s0032.wav,0.1568564623594284,0.41669368743896484
les_neck_fing23__00000001__s0002.wav,0.7166234254837036,0.820476233959198
les_neck_fing23__00000001__s0040.wav,0.7008354067802429,0.7199888229370117
prs_neck_pick25__00000001__s0026.wav,0.7600873112678528,0.8131420016288757
strat_neck_pick15__00000001__s0007.wav,0.47126707434654236,0.34123605489730835
prs_neck_fing24__00000001__s0029.wav,0.3655804991722107,0.4229832887649536
tele_neck_fing01__00000001__s0029.wav,0.7189061045646667,0.42597711086273193
les_neck_fing21__00000001__s0054.wav,0.7357419729232788,0.43888750672340393
strat_neck_fing23__00000001__s0010.wav,0.7897142767906189,0.3953671455383301
prs_neck_fing24__00000001__s0046.wav,0.676670491695404,0.7616298198699951
tele_neck_pick08__00000001__s0039.wav,0.45081472396850586,0.3981691896915436
les_neck_fing18__00000001__s0049.wav,0.7350048422813416,0.7078770995140076
les_bridge_fing03__00000001__s0015.wav,0.6846373081207275,0.6489810943603516
les_bridge_fing25__00000001__s0011.wav,0.2709383964538574,0.4356307089328766
strat_bridge_fing03__00000001__s0042.wav,0.3216409981250763,0.2619699239730835
strat_neck_fing01__00000001__s0048.wav,0.7136171460151672,0.7417421340942383
strat_neck_pick07__00000001__s0000.wav,0.21432314813137054,0.44424960017204285
strat_bridge_pick05__00000001__s0036.wav,0.4744303226470947,0.24304285645484924
strat_bridge_fing01__00000001__s0055.wav,0.9545100927352905,0.8662669062614441
prs_bridge_fing19__00000001__s0041.wav,0.970982551574707,0.8768209218978882
strat_bridge_pick13__00000001__s0049.wav,0.9343423247337341,0.8631361722946167
les_neck_pick04__00000001__s0023.wav,0.5905163288116455,0.5593422651290894
prs_bridge_fing06__00000001__s0035.wav,0.8775506615638733,0.61003178358078
strat_neck_fing06__00000001__s0049.wav,0.18056347966194153,0.24138909578323364
tele_neck_pick25__00000001__s0026.wav,0.9715375900268555,0.6264458298683167
prs_neck_fing23__00000001__s0020.wav,0.9743079543113708,0.8570247888565063
les_neck_fing15__00000001__s0051.wav,0.5392345786094666,0.653960108757019
strat_neck_fing15__00000001__s0006.wav,0.24519629776477814,0.175564244389534
prs_bridge_fing19__00000001__s0055.wav,0.10888954997062683,0.35486575961112976
les_bridge_fing02__00000001__s0003.wav,0.9600302577018738,0.8851280212402344
strat_bridge_fing15__00000001__s0001.wav,0.1930622160434723,0.8771225214004517
les_neck_pick20__00000001__s0020.wav,0.7155954837799072,0.5897064208984375
tele_neck_fing06__00000001__s0055.wav,0.9428536891937256,0.6917935609817505
tele_bridge_fing02__00000001__s0044.wav,0.4413212835788727,0.7018946409225464
tele_bridge_fing09__00000001__s0038.wav,0.32337984442710876,0.27464622259140015
tele_bridge_pick13__00000001__s0027.wav,0.020685214549303055,0.17212431132793427
les_bridge_fing21__00000001__s0043.wav,0.8871330618858337,0.7710728049278259
les_bridge_pick19__00000001__s0050.wav,0.40860843658447266,0.33899831771850586
tele_bridge_fing08__00000001__s0003.wav,0.43179085850715637,0.5640683770179749
prs_neck_pick23__00000001__s0024.wav,0.2531711161136627,0.3484923541545868
prs_neck_fing02__00000001__s0026.wav,0.1662280261516571,0.2775252163410187
strat_bridge_pick22__00000001__s0019.wav,0.5647880434989929,0.7817302346229553
prs_neck_pick24__00000001__s0026.wav,0.10075824707746506,0.306367963552475
tele_bridge_pick10__00000001__s0037.wav,0.18633216619491577,0.29172924160957336
tele_bridge_pick18__00000001__s0053.wav,0.522686779499054,0.48265573382377625
tele_bridge_fing19__00000001__s0002.wav,0.34292662143707275,0.27891337871551514
tele_bridge_pick01__00000001__s0018.wav,0.0732492133975029,0.18009091913700104
les_neck_pick10__00000001__s0026.wav,0.7689871191978455,0.7089618444442749
prs_bridge_fing09__00000001__s0005.wav,0.31814855337142944,0.2011522352695465
les_neck_pick05__00000001__s0014.wav,0.5106008648872375,0.42619600892066956
strat_neck_fing23__00000001__s0031.wav,0.12551042437553406,0.24444547295570374
tele_bridge_fing12__00000001__s0039.wav,0.5981995463371277,0.29475918412208557
prs_bridge_pick02__00000001__s0029.wav,0.5425302982330322,0.45943838357925415
strat_neck_fing05__00000001__s0027.wav,0.9539403319358826,0.8080544471740723
les_neck_pick04__00000001__s0025.wav,0.0710701048374176,0.3764035403728485
tele_neck_pick17__00000001__s0025.wav,0.4144948422908783,0.6887498497962952
strat_bridge_pick23__00000001__s0024.wav,0.7892457842826843,0.6148946285247803
prs_bridge_fing07__00000001__s0012.wav,0.46363919973373413,0.508989691734314
tele_bridge_fing21__00000001__s0043.wav,0.6388855576515198,0.38977643847465515
les_neck_pick19__00000001__s0037.wav,0.7274831533432007,0.7224395275115967
les_bridge_pick14__00000001__s0012.wav,0.00896479468792677,0.22486639022827148
tele_bridge_pick22__00000001__s0025.wav,0.4959641098976135,0.3096037209033966
prs_neck_pick21__00000001__s0026.wav,0.08796407282352448,0.157026469707489
prs_neck_pick04__00000001__s0044.wav,0.9446176290512085,0.8308382034301758
prs_neck_pick19__00000001__s0030.wav,0.06010505184531212,0.21087037026882172
tele_neck_pick06__00000001__s0018.wav,0.036934398114681244,0.3996870517730713
prs_bridge_pick21__00000001__s0050.wav,0.999859631061554,0.8875805735588074
les_neck_fing08__00000001__s0021.wav,0.8103492856025696,0.8294655084609985
prs_bridge_pick11__00000001__s0039.wav,0.5315739512443542,0.35213595628738403
les_neck_fing22__00000001__s0002.wav,0.07400466501712799,0.6471067667007446
tele_neck_pick13__00000001__s0035.wav,0.6175780892372131,0.6517051458358765
les_bridge_fing12__00000001__s0027.wav,0.7252206802368164,0.5335466861724854
tele_neck_pick22__00000001__s0009.wav,0.4731261730194092,0.275532066822052
prs_neck_fing24__00000001__s0051.wav,0.6494030356407166,0.7337692379951477
les_neck_fing24__00000001__s0016.wav,0.49542349576950073,0.685541570186615
tele_bridge_fing19__00000001__s0011.wav,0.6522327065467834,0.6441336274147034
tele_bridge_fing22__00000001__s0017.wav,0.6297051310539246,0.6096252202987671
strat_bridge_pick25__00000001__s0052.wav,0.7306857705116272,0.7102023959159851
les_neck_fing19__00000001__s0052.wav,0.15296585857868195,0.1712287962436676
les_neck_fing14__00000001__s0031.wav,0.4856303632259369,0.6896507143974304
tele_neck_fing04__00000001__s0018.wav,0.08022748678922653,0.260050892829895
strat_bridge_fing21__00000001__s0005.wav,0.8507174849510193,0.7247029542922974
les_neck_fing08__00000001__s0016.wav,0.6324281096458435,0.6895185112953186
tele_bridge_fing20__00000001__s0038.wav,0.4339148700237274,0.42189085483551025
prs_bridge_fing01__00000001__s0021.wav,0.6863023042678833,0.6862180829048157
strat_bridge_pick15__00000001__s0046.wav,0.5623273253440857,0.3354518413543701
tele_neck_pick18__00000001__s0004.wav,0.533003032207489,0.6470608115196228
tele_neck_pick11__00000001__s0039.wav,0.28947147727012634,0.2545347511768341
les_bridge_pick21__00000001__s0007.wav,0.7145467400550842,0.6769300699234009
les_neck_fing11__00000001__s0015.wav,0.02082831971347332,0.16441752016544342
les_bridge_pick14__00000001__s0046.wav,0.8163750171661377,0.6291031837463379
tele_bridge_fing02__00000001__s0027.wav,0.6070625185966492,0.45785605907440186
strat_bridge_fing17__00000001__s0014.wav,0.6671032309532166,0.5966466069221497
strat_neck_pick02__00000001__s0011.wav,0.6450133323669434,0.858599841594696
les_neck_pick05__00000001__s0017.wav,0.13376954197883606,0.26226064562797546
prs_neck_pick06__00000001__s0053.wav,0.7625461220741272,0.7865846753120422
les_neck_pick25__00000001__s0032.wav,0.08470069617033005,0.3493608832359314
tele_neck_pick25__00000001__s0023.wav,0.35861656069755554,0.441820353269577
prs_neck_pick05__00000001__s0005.wav,0.9771023988723755,0.8423823714256287
prs_neck_fing23__00000001__s0036.wav,0.7774077653884888,0.3912079632282257
tele_neck_pick20__00000001__s0039.wav,0.8454539179801941,0.7765470743179321
prs_bridge_fing18__00000001__s0009.wav,0.5232062339782715,0.5967851877212524
les_bridge_pick23__00000001__s0044.wav,0.6430605053901672,0.6491578221321106
les_bridge_pick04__00000001__s0038.wav,0.5739260911941528,0.4620145559310913
prs_bridge_fing21__00000001__s0003.wav,0.7475131154060364,0.6693020462989807
tele_bridge_pick06__00000001__s0032.wav,0.5643553733825684,0.37405282258987427
prs_bridge_fing13__00000001__s0007.wav,0.3441477417945862,0.3264131247997284
strat_neck_pick23__00000001__s0032.wav,0.16862648725509644,0.41684404015541077
les_bridge_fing07__00000001__s0024.wav,0.057743754237890244,0.1949862837791443
strat_bridge_pick06__00000001__s0047.wav,0.9777705669403076,0.7959088683128357
les_neck_pick16__00000001__s0036.wav,0.12030510604381561,0.3266512453556061
tele_bridge_fing14__00000001__s0043.wav,0.3933521509170532,0.27829694747924805
prs_neck_pick20__00000001__s0024.wav,0.9659889340400696,0.8277862668037415
les_bridge_pick15__00000001__s0015.wav,0.40974482893943787,0.23708167672157288
strat_bridge_pick06__00000001__s0051.wav,0.49368590116500854,0.37613043189048767
prs_bridge_pick25__00000001__s0030.wav,0.731476902961731,0.7828468680381775
strat_neck_pick03__00000001__s0017.wav,0.33612117171287537,0.504098117351532
prs_bridge_pick03__00000001__s0022.wav,0.10393093526363373,0.2633044719696045
prs_neck_pick02__00000001__s0015.wav,0.7845273017883301,0.6947796940803528
strat_bridge_fing19__00000001__s0007.wav,0.6591783761978149,0.6084105968475342
strat_neck_pick03__00000001__s0034.wav,0.7552204132080078,0.7190811038017273
les_bridge_fing09__00000001__s0011.wav,0.7156563401222229,0.7329452633857727
prs_neck_fing18__00000001__s0035.wav,0.7245854139328003,0.5720452666282654
prs_bridge_fing12__00000001__s0015.wav,0.5585333704948425,0.3808174431324005
prs_neck_pick25__00000001__s0054.wav,0.27038538455963135,0.26366084814071655
prs_neck_pick02__00000001__s0031.wav,0.6836736798286438,0.5568461418151855
tele_bridge_pick25__00000001__s0030.wav,0.6488032937049866,0.6007728576660156
les_neck_fing22__00000001__s0048.wav,0.2630581855773926,0.7501491904258728
strat_bridge_pick08__00000001__s0018.wav,0.7860820889472961,0.5780802369117737
les_bridge_pick23__00000001__s0013.wav,0.568989634513855,0.5374765992164612
les_bridge_pick03__00000001__s0010.wav,0.8311433792114258,0.7448723316192627
les_neck_fing17__00000001__s0049.wav,0.9064366221427917,0.8385677933692932
les_neck_fing11__00000001__s0021.wav,0.5138104557991028,0.3500295579433441
tele_neck_fing02__00000001__s0040.wav,0.6403571963310242,0.6785991191864014
tele_neck_fing10__00000001__s0029.wav,0.5530364513397217,0.384976327419281
tele_bridge_fing18__00000001__s0043.wav,0.582030713558197,0.3389870822429657
prs_neck_fing10__00000001__s0040.wav,0.2261509746313095,0.2526683807373047
strat_bridge_fing13__00000001__s0015.wav,0.06308353692293167,0.218389093875885
prs_bridge_pick23__00000001__s0038.wav,0.5460035800933838,0.5631548166275024
tele_neck_pick13__00000001__s0003.wav,0.1974206417798996,0.28888311982154846
prs_neck_pick17__00000001__s0050.wav,0.09699870645999908,0.1569371223449707
prs_neck_fing06__00000001__s0055.wav,0.27674373984336853,0.28200629353523254
prs_bridge_pick15__00000001__s0008.wav,0.013263923116028309,0.3882276117801666
les_bridge_pick01__00000001__s0041.wav,0.40426820516586304,0.22924715280532837
prs_bridge_pick22__00000001__s0027.wav,0.4158962666988373,0.4077760875225067
tele_bridge_fing03__00000001__s0002.wav,0.6834427118301392,0.793346643447876
les_neck_fing10__00000001__s0047.wav,0.11522966623306274,0.2875918447971344
prs_neck_pick18__00000001__s0000.wav,0.7644385695457458,0.5260549783706665
les_bridge_pick08__00000001__s0016.wav,0.15244466066360474,0.5386255979537964
strat_bridge_fing02__00000001__s0031.wav,0.7633017301559448,0.5846757888793945
les_neck_pick16__00000001__s0002.wav,0.20872488617897034,0.4391694962978363
strat_neck_fing14__00000001__s0001.wav,0.3463056683540344,0.34270957112312317
tele_neck_pick06__00000001__s0012.wav,0.8555898070335388,0.896999716758728
tele_bridge_fing19__00000001__s0010.wav,0.004322204273194075,0.41823527216911316
strat_bridge_fing09__00000001__s0050.wav,0.24109867215156555,0.18508850038051605
prs_bridge_fing05__00000001__s0023.wav,0.2005349099636078,0.6855354309082031
prs_bridge_fing08__00000001__s0035.wav,0.5440868139266968,0.5211355686187744
tele_neck_fing22__00000001__s0036.wav,0.4213133752346039,0.27512118220329285
tele_neck_pick12__00000001__s0024.wav,0.5377970933914185,0.6706678867340088
strat_bridge_fing18__00000001__s0037.wav,0.882735013961792,0.7689339518547058
les_bridge_fing04__00000001__s0012.wav,0.9356608390808105,0.7765398621559143
tele_neck_fing16__00000001__s0039.wav,0.9500313401222229,0.8472141027450562
tele_neck_pick01__00000001__s0045.wav,0.0871858075261116,0.27084270119667053
strat_neck_pick06__00000001__s0025.wav,0.49003148078918457,0.47349095344543457
tele_neck_pick21__00000001__s0010.wav,0.9096294641494751,0.8957580924034119
prs_neck_pick03__00000001__s0023.wav,0.37908968329429626,0.1500413715839386
les_bridge_fing25__00000001__s0002.wav,0.8476092219352722,0.7964667677879333
tele_neck_pick09__00000001__s0000.wav,0.22206421196460724,0.44365841150283813
strat_neck_fing11__00000001__s0014.wav,0.6440633535385132,0.704909086227417
les_neck_fing18__00000001__s0042.wav,0.7460650205612183,0.7292978167533875
tele_bridge_pick02__00000001__s0045.wav,0.6558482646942139,0.7419938445091248
tele_bridge_fing13__00000001__s0019.wav,0.703635036945343,0.46761998534202576
les_neck_fing17__00000001__s0037.wav,0.885901927947998,0.8813484907150269
les_neck_fing25__00000001__s0034.wav,0.6861632466316223,0.7287608981132507
prs_bridge_pick04__00000001__s0004.wav,0.12795564532279968,0.29259324073791504
strat_bridge_pick25__00000001__s0041.wav,0.15908436477184296,0.32947325706481934
prs_bridge_pick25__00000001__s0020.wav,0.7053586840629578,0.5723384618759155
prs_bridge_pick15__00000001__s0022.wav,0.2724435329437256,0.16932542622089386
prs_neck_fing21__00000001__s0025.wav,0.11217556893825531,0.3176043629646301
strat_neck_fing18__00000001__s0033.wav,0.4861714839935303,0.3741554915904999
prs_neck_pick03__00000001__s0016.wav,0.5290688872337341,0.5736013054847717
strat_neck_fing24__00000001__s0048.wav,0.9769063591957092,0.7609199285507202
les_neck_fing25__00000001__s0045.wav,0.5006000995635986,0.3280352056026459
les_bridge_fing01__00000001__s0017.wav,0.49698615074157715,0.39398351311683655
strat_neck_fing19__00000001__s0050.wav,0.15360486507415771,0.1967676877975464
les_bridge_fing12__00000001__s0039.wav,0.9333016276359558,0.7891602516174316
strat_neck_fing12__00000001__s0051.wav,0.7722201347351074,0.6614965200424194
strat_neck_fing14__00000001__s0037.wav,0.9606256484985352,0.790912926197052
les_neck_pick06__00000001__s0038.wav,0.7018424868583679,0.40672820806503296
strat_bridge_fing08__00000001__s0012.wav,0.5857370495796204,0.406619131565094
les_bridge_fing08__00000001__s0017.wav,0.08415751904249191,0.20211736857891083
prs_bridge_pick07__00000001__s0039.wav,0.9819188117980957,0.8714292049407959
tele_bridge_pick05__00000001__s0042.wav,0.9358943104743958,0.8451743125915527
les_neck_fing04__00000001__s0024.wav,0.23406890034675598,0.45383420586586
prs_neck_fing16__00000001__s0002.wav,0.4017401933670044,0.3267173767089844
strat_bridge_fing05__00000001__s0009.wav,0.5150263905525208,0.4609546661376953
prs_bridge_pick23__00000001__s0016.wav,0.06034739315509796,0.38599684834480286
les_bridge_pick15__00000001__s0051.wav,0.6029133796691895,0.3098745346069336
les_neck_pick09__00000001__s0040.wav,0.3583439290523529,0.4303629994392395
les_neck_fing12__00000001__s0010.wav,0.36118632555007935,0.16465622186660767
les_neck_fing11__00000001__s0034.wav,0.8134537935256958,0.725410521030426
les_bridge_pick25__00000001__s0053.wav,0.05707303807139397,0.7425844073295593
strat_neck_fing03__00000001__s0036.wav,0.6982219815254211,0.40931281447410583
strat_bridge_fing12__00000001__s0022.wav,0.08014292269945145,0.2872484028339386
strat_neck_pick17__00000001__s0029.wav,0.2810536026954651,0.5855042934417725
prs_bridge_fing24__00000001__s0016.wav,0.48941200971603394,0.17290140688419342
tele_neck_pick20__00000001__s0008.wav,0.574489414691925,0.5220025777816772
strat_neck_fing13__00000001__s0004.wav,0.8491402864456177,0.6985146999359131
prs_bridge_fing17__00000001__s0033.wav,0.7359797358512878,0.7285603880882263
prs_bridge_fing06__00000001__s0053.wav,0.7315889596939087,0.7417808771133423
tele_bridge_pick03__00000001__s0011.wav,0.7531242966651917,0.6053950786590576
prs_neck_fing04__00000001__s0040.wav,0.9264724254608154,0.8094912767410278
strat_neck_pick24__00000001__s0017.wav,0.8933704495429993,0.7494248747825623
les_neck_pick14__00000001__s0049.wav,0.6023142337799072,0.4879765808582306
strat_bridge_fing19__00000001__s0010.wav,0.5147630572319031,0.6481193900108337
tele_bridge_fing04__00000001__s0036.wav,0.08689571917057037,0.3393431603908539
tele_bridge_pick18__00000001__s0013.wav,0.1696867048740387,0.21774113178253174
tele_neck_pick06__00000001__s0052.wav,0.03521057590842247,0.358904093503952
les_bridge_pick22__00000001__s0043.wav,0.42348265647888184,0.5855370163917542
tele_neck_fing03__00000001__s0025.wav,0.47620445489883423,0.3676152229309082
les_bridge_pick20__00000001__s0055.wav,0.980155348777771,0.8426969051361084
strat_neck_fing17__00000001__s0031.wav,0.27021464705467224,0.5108357667922974
strat_neck_fing23__00000001__s0017.wav,0.3817656636238098,0.39430588483810425
tele_neck_fing25__00000001__s0055.wav,0.7333143353462219,0.5462602972984314
prs_neck_pick18__00000001__s0030.wav,0.23698236048221588,0.21180319786071777
les_neck_pick12__00000001__s0003.wav,0.2092035412788391,0.4170643091201782
prs_bridge_pick21__00000001__s0018.wav,0.048397596925497055,0.3282611072063446
tele_neck_pick03__00000001__s0044.wav,0.8709099888801575,0.8170334100723267
les_bridge_pick07__00000001__s0012.wav,0.9917722344398499,0.8904101252555847
tele_bridge_pick16__00000001__s0030.wav,0.3510996401309967,0.38917630910873413
les_neck_fing18__00000001__s0017.wav,0.7066247463226318,0.6824923753738403
les_neck_fing10__00000001__s0012.wav,0.7158895134925842,0.48059386014938354
strat_bridge_pick23__00000001__s0025.wav,0.8700369596481323,0.64471834897995
tele_bridge_pick23__00000001__s0013.wav,0.1753285527229309,0.21305511891841888
strat_bridge_pick14__00000001__s0000.wav,0.08647705614566803,0.2561999261379242
tele_bridge_fing02__00000001__s0026.wav,0.6826894879341125,0.301120400428772
les_neck_pick22__00000001__s0006.wav,0.6977958679199219,0.47092944383621216
les_neck_pick05__00000001__s0045.wav,0.6867989301681519,0.7923145890235901
prs_neck_fing09__00000001__s0017.wav,0.6264101266860962,0.45900338888168335
tele_bridge_fing15__00000001__s0040.wav,0.9586323499679565,0.8717002272605896
strat_bridge_pick25__00000001__s0023.wav,0.13214679062366486,0.4658125638961792
strat_bridge_pick03__00000001__s0037.wav,0.5592301487922668,0.493105947971344
les_bridge_pick23__00000001__s0012.wav,0.9669023752212524,0.8156861066818237
les_bridge_pick17__00000001__s0019.wav,0.8977877497673035,0.8502057790756226
tele_neck_pick18__00000001__s0034.wav,0.7058160901069641,0.7221390008926392
les_bridge_pick13__00000001__s0002.wav,0.19980758428573608,0.14882124960422516
prs_bridge_pick04__00000001__s0023.wav,0.8963692784309387,0.8321707844734192
tele_bridge_fing08__00000001__s0021.wav,0.7967943549156189,0.583312451839447
strat_neck_fing13__00000001__s0025.wav,0.819989800453186,0.6337386965751648
tele_bridge_fing12__00000001__s0006.wav,0.9405421018600464,0.8405247926712036
les_bridge_fing13__00000001__s0023.wav,0.22395718097686768,0.3347902297973633
prs_neck_fing20__00000001__s0002.wav,0.9811001420021057,0.6061991453170776
prs_bridge_fing15__00000001__s0035.wav,0.21487674117088318,0.2263273149728775
tele_bridge_fing04__00000001__s0048.wav,0.2636447548866272,0.3585914969444275
tele_neck_fing11__00000001__s0036.wav,0.02202526293694973,0.2691352069377899
les_bridge_fing19__00000001__s0012.wav,0.6115731000900269,0.7260838150978088
strat_neck_fing07__00000001__s0023.wav,0.01622612029314041,0.2724763751029968
strat_bridge_pick07__00000001__s0003.wav,0.5567428469657898,0.5388000011444092
les_neck_pick20__00000001__s0041.wav,0.9114458560943604,0.8617421388626099
prs_bridge_fing03__00000001__s0039.wav,0.49818092584609985,0.7615426182746887
strat_bridge_pick06__00000001__s0018.wav,0.6266802549362183,0.41789084672927856
strat_neck_pick10__00000001__s0044.wav,0.5771680474281311,0.5473586916923523
strat_bridge_fing22__00000001__s0000.wav,0.6512992978096008,0.6685742735862732
prs_neck_fing01__00000001__s0009.wav,0.4086848497390747,0.5204733610153198
strat_neck_pick11__00000001__s0025.wav,0.8898962140083313,0.5467790961265564
les_bridge_pick24__00000001__s0039.wav,0.7232937216758728,0.5219939947128296
strat_neck_pick24__00000001__s0054.wav,0.3957234025001526,0.6726149320602417
tele_neck_fing21__00000001__s0039.wav,0.7799462080001831,0.7351624965667725
les_neck_fing06__00000001__s0028.wav,0.36555516719818115,0.25809869170188904
strat_neck_fing06__00000001__s0042.wav,0.6914487481117249,0.5272285342216492
prs_bridge_pick06__00000001__s0018.wav,0.42804163694381714,0.1820402592420578
prs_bridge_fing15__00000001__s0025.wav,0.5415611863136292,0.3095373809337616
strat_bridge_fing02__00000001__s0001.wav,0.05846380442380905,0.5915527939796448
prs_bridge_fing11__00000001__s0018.wav,0.5977932214736938,0.7001063227653503
strat_neck_pick19__00000001__s0001.wav,0.9783079624176025,0.8878375887870789
prs_bridge_fing23__00000001__s0053.wav,0.8888037204742432,0.8814088106155396
prs_neck_fing21__00000001__s0052.wav,0.5023238658905029,0.3407641649246216
les_neck_fing13__00000001__s0047.wav,0.3883293867111206,0.16400472819805145
les_bridge_pick21__00000001__s0051.wav,0.2624156177043915,0.2177736908197403
strat_neck_fing03__00000001__s0051.wav,0.9663049578666687,0.9419773817062378
prs_neck_fing14__00000001__s0034.wav,0.6041303873062134,0.7907833456993103
les_bridge_fing20__00000001__s0020.wav,0.10552757233381271,0.5617378950119019
strat_bridge_fing24__00000001__s0050.wav,0.890723705291748,0.7624921202659607
prs_neck_fing09__00000001__s0054.wav,0.251524955034256,0.4539168179035187
strat_bridge_fing22__00000001__s0009.wav,0.37014615535736084,0.449319988489151
strat_neck_fing15__00000001__s0032.wav,0.9292080402374268,0.6243466734886169
prs_neck_fing06__00000001__s0052.wav,0.3823803663253784,0.1411195695400238
les_bridge_pick05__00000001__s0000.wav,0.15100467205047607,0.43397021293640137
les_neck_fing23__00000001__s0025.wav,0.2562671899795532,0.4557887315750122
strat_neck_fing02__00000001__s0002.wav,0.5614548921585083,0.5307333469390869
strat_bridge_fing14__00000001__s0005.wav,0.3178465664386749,0.3756321370601654
strat_bridge_pick23__00000001__s0030.wav,0.1898341327905655,0.179464191198349
prs_bridge_fing03__00000001__s0002.wav,0.24206414818763733,0.6447126269340515
les_neck_fing07__00000001__s0011.wav,0.30977216362953186,0.22563186287879944
les_bridge_fing15__00000001__s0006.wav,0.16505569219589233,0.444629967212677
tele_bridge_pick05__00000001__s0027.wav,0.5186330676078796,0.715720534324646
les_bridge_fing09__00000001__s0051.wav,0.9095179438591003,0.883749783039093
prs_bridge_fing18__00000001__s0041.wav,0.5090295672416687,0.5718202590942383
tele_bridge_fing13__00000001__s0037.wav,0.3906610310077667,0.7559100985527039
les_bridge_fing06__00000001__s0055.wav,0.9486660361289978,0.7971968054771423
tele_bridge_pick24__00000001__s0018.wav,0.03900032117962837,0.18422940373420715
les_bridge_pick13__00000001__s0003.wav,0.12890297174453735,0.2179528772830963
les_bridge_pick14__00000001__s0008.wav,0.3563443422317505,0.4207267463207245
prs_bridge_fing07__00000001__s0046.wav,0.19606705009937286,0.3541085422039032
tele_neck_pick14__00000001__s0046.wav,0.7993870973587036,0.7622879147529602
prs_neck_fing23__00000001__s0007.wav,0.9003335237503052,0.619945228099823
strat_bridge_fing02__00000001__s0043.wav,0.04385180026292801,0.3326464593410492
les_neck_fing25__00000001__s0050.wav,0.8867539167404175,0.7497842907905579
strat_neck_fing24__00000001__s0008.wav,0.2851487994194031,0.4047836363315582
prs_bridge_pick24__00000001__s0028.wav,0.5523921847343445,0.752672553062439
les_bridge_pick22__00000001__s0045.wav,0.9837762117385864,0.8986489772796631
les_neck_fing02__00000001__s0054.wav,0.5352956652641296,0.5317466855049133
tele_neck_fing20__00000001__s0001.wav,0.5958932042121887,0.4974360764026642
prs_bridge_pick25__00000001__s0031.wav,0.6204556226730347,0.48357436060905457
prs_neck_pick18__00000001__s0017.wav,0.34400177001953125,0.22556984424591064
prs_bridge_pick14__00000001__s0037.wav,0.07194450497627258,0.19486306607723236
prs_neck_pick22__00000001__s0037.wav,0.0757371038198471,0.21202529966831207
tele_bridge_fing23__00000001__s0011.wav,0.36818718910217285,0.34552210569381714
les_neck_fing08__00000001__s0038.wav,0.4022357165813446,0.2896549105644226
tele_bridge_pick01__00000001__s0034.wav,0.22887445986270905,0.1697060912847519
prs_bridge_fing19__00000001__s0004.wav,0.9288427829742432,0.6574384570121765
les_neck_pick18__00000001__s0016.wav,0.06843800097703934,0.386569619178772
les_bridge_pick11__00000001__s0043.wav,0.4111967384815216,0.6189350485801697
prs_bridge_fing04__00000001__s0024.wav,0.8375640511512756,0.9185236096382141
prs_neck_fing22__00000001__s0026.wav,0.03251710906624794,0.4569568932056427
prs_neck_fing09__00000001__s0004.wav,0.3639233410358429,0.22920484840869904
strat_neck_pick21__00000001__s0034.wav,0.5961321592330933,0.3869805335998535
les_neck_fing17__00000001__s0043.wav,0.35807734727859497,0.6496960520744324
les_neck_pick24__00000001__s0015.wav,0.7658861875534058,0.6999215483665466
strat_neck_fing01__00000001__s0035.wav,0.585680365562439,0.7818981409072876
tele_neck_pick18__00000001__s0014.wav,0.084378182888031,0.11673841625452042
tele_neck_pick12__00000001__s0014.wav,0.4123300015926361,0.5333465933799744
tele_bridge_pick19__00000001__s0035.wav,0.8781275153160095,0.9244603514671326
les_neck_pick21__00000001__s0032.wav,0.04048987850546837,0.3124326467514038
prs_bridge_fing12__00000001__s0051.wav,0.3688105046749115,0.3370664417743683
les_bridge_pick06__00000001__s0023.wav,0.8655352592468262,0.8317657709121704
tele_bridge_fing13__00000001__s0027.wav,0.3850635588169098,0.4136824309825897
strat_neck_pick03__00000001__s0031.wav,0.7263294458389282,0.7009972333908081
tele_neck_fing18__00000001__s0049.wav,0.31200894713401794,0.3615807592868805
strat_neck_fing14__00000001__s0005.wav,0.6058735251426697,0.8234501481056213
prs_neck_pick20__00000001__s0023.wav,0.012091201730072498,0.24329188466072083
les_neck_pick20__00000001__s0048.wav,0.9278807640075684,0.8399375081062317
tele_bridge_pick25__00000001__s0028.wav,0.09949320554733276,0.1376751959323883
les_bridge_fing22__00000001__s0026.wav,0.9967111945152283,0.9108763337135315
tele_bridge_fing25__00000001__s0026.wav,0.6293215751647949,0.8505082130432129
les_bridge_fing01__00000001__s0031.wav,0.8282091617584229,0.8518350124359131
les_bridge_fing13__00000001__s0025.wav,0.5308292508125305,0.6737750768661499
prs_bridge_pick02__00000001__s0048.wav,0.2576548457145691,0.3189440965652466
strat_neck_fing25__00000001__s0050.wav,0.2772800922393799,0.45587438344955444
les_bridge_fing12__00000001__s0015.wav,0.10134261846542358,0.10755173861980438
les_neck_fing25__00000001__s0004.wav,0.5114774107933044,0.496018648147583
strat_neck_pick18__00000001__s0010.wav,0.23198933899402618,0.2303490787744522
prs_neck_fing22__00000001__s0037.wav,0.9359204769134521,0.8852127194404602
strat_bridge_pick09__00000001__s0046.wav,0.4043406546115875,0.6445979475975037
strat_bridge_fing22__00000001__s0022.wav,0.20383036136627197,0.22564540803432465
tele_bridge_pick09__00000001__s0017.wav,0.9700716137886047,0.8442774415016174
les_bridge_fing12__00000001__s0019.wav,0.18772034347057343,0.1832374930381775
les_neck_fing17__00000001__s0018.wav,0.2075505405664444,0.6425538063049316
tele_neck_pick08__00000001__s0030.wav,0.6404203176498413,0.5201098918914795
strat_bridge_fing23__00000001__s0015.wav,0.09559863060712814,0.29061204195022583
prs_bridge_pick04__00000001__s0009.wav,0.9528807401657104,0.9147909283638
les_neck_fing19__00000001__s0040.wav,0.6082050800323486,0.6066776514053345
tele_neck_pick14__00000001__s0030.wav,0.2129092812538147,0.22432465851306915
strat_bridge_fing03__00000001__s0049.wav,0.8454253673553467,0.7629663944244385
strat_neck_pick19__00000001__s0024.wav,0.33437520265579224,0.6057725548744202
tele_neck_fing20__00000001__s0052.wav,0.225333571434021,0.15640892088413239
strat_neck_fing16__00000001__s0013.wav,0.6762797236442566,0.5728368163108826
strat_bridge_fing25__00000001__s0055.wav,0.020889781415462494,0.500402569770813
prs_neck_pick16__00000001__s0035.wav,0.0692770928144455,0.41151607036590576
prs_neck_pick25__00000001__s0016.wav,0.6007620692253113,0.5545286536216736
tele_neck_pick04__00000001__s0024.wav,0.25050315260887146,0.6519967317581177
strat_neck_fing20__00000001__s0034.wav,0.2597160339355469,0.25529471039772034
tele_neck_fing02__00000001__s0028.wav,0.7635208964347839,0.7465651035308838
tele_neck_fing23__00000001__s0000.wav,0.09196408092975616,0.46943777799606323
prs_neck_pick22__00000001__s0015.wav,0.25810736417770386,0.39603832364082336
les_neck_pick07__00000001__s0041.wav,0.7395610213279724,0.476134717464447
les_bridge_pick18__00000001__s0034.wav,0.03305378928780556,0.4125157594680786
les_neck_fing05__00000001__s0046.wav,0.2451714426279068,0.35470399260520935
les_neck_fing19__00000001__s0035.wav,0.6951277256011963,0.6523796319961548
prs_neck_fing15__00000001__s0049.wav,0.8082345128059387,0.49733951687812805
strat_bridge_fing11__00000001__s0044.wav,0.5680105090141296,0.5689403414726257
strat_neck_fing24__00000001__s0026.wav,0.22519883513450623,0.2594854235649109
tele_neck_pick09__00000001__s0049.wav,0.635365903377533,0.3972807824611664
prs_neck_fing09__00000001__s0010.wav,0.029242191463708878,0.5665772557258606
strat_bridge_fing07__00000001__s0042.wav,0.16452017426490784,0.23720675706863403
tele_neck_pick24__00000001__s0039.wav,0.3313981890678406,0.5167101621627808
tele_neck_fing10__00000001__s0042.wav,0.45705580711364746,0.36353111267089844
prs_bridge_fing05__00000001__s0039.wav,0.6221627593040466,0.578550398349762
prs_neck_pick15__00000001__s0026.wav,0.2402641475200653,0.4289332926273346
les_neck_pick15__00000001__s0007.wav,0.5115854144096375,0.39888590574264526
strat_neck_fing06__00000001__s0025.wav,0.9181331992149353,0.3914059102535248
strat_bridge_pick18__00000001__s0041.wav,0.6155263781547546,0.8292151093482971
prs_bridge_pick08__00000001__s0046.wav,0.996462881565094,0.903275728225708
strat_bridge_fing25__00000001__s0035.wav,0.7483240962028503,0.47529733180999756
strat_neck_fing02__00000001__s0025.wav,0.7211949229240417,0.6405625939369202
tele_neck_pick21__00000001__s0003.wav,0.7237380146980286,0.5069023370742798
strat_neck_pick23__00000001__s0036.wav,0.20447340607643127,0.4608878195285797
strat_bridge_pick17__00000001__s0014.wav,0.8010799288749695,0.831753134727478
prs_bridge_pick23__00000001__s0010.wav,0.6556089520454407,0.7118322253227234
tele_bridge_pick08__00000001__s0044.wav,0.9730578064918518,0.712931215763092
les_neck_pick08__00000001__s0017.wav,0.5658213496208191,0.47694188356399536
tele_neck_pick10__00000001__s0017.wav,0.13489246368408203,0.18059751391410828
les_bridge_fing03__00000001__s0003.wav,0.5433682203292847,0.4428473711013794
les_bridge_fing17__00000001__s0032.wav,0.12203669548034668,0.28376418352127075
prs_neck_fing01__00000001__s0039.wav,0.05536651611328125,0.411811500787735
tele_neck_pick16__00000001__s0031.wav,0.300433874130249,0.5092239379882812
prs_bridge_fing21__00000001__s0036.wav,0.8292572498321533,0.7490489482879639
les_bridge_pick20__00000001__s0034.wav,0.6635304689407349,0.47072258591651917
tele_bridge_fing25__00000001__s0018.wav,0.955233633518219,0.8900031447410583
strat_neck_fing11__00000001__s0013.wav,0.664451003074646,0.7295340299606323
strat_bridge_fing18__00000001__s0027.wav,0.5203401446342468,0.6642536520957947
strat_bridge_pick23__00000001__s0048.wav,0.3471671938896179,0.32065367698669434
tele_neck_pick25__00000001__s0022.wav,0.5766834020614624,0.646332323551178
strat_bridge_fing09__00000001__s0011.wav,0.01669207029044628,0.16226600110530853
strat_neck_fing18__00000001__s0019.wav,0.3122034966945648,0.21681329607963562
les_neck_pick14__00000001__s0007.wav,0.1248679906129837,0.4912026822566986
prs_bridge_fing16__00000001__s0043.wav,0.8731308579444885,0.6399002075195312
prs_neck_pick06__00000001__s0030.wav,0.6000999808311462,0.7983808517456055
prs_neck_pick09__00000001__s0026.wav,0.5032441020011902,0.2668486535549164
les_neck_pick19__00000001__s0006.wav,0.4032239317893982,0.4042614996433258
strat_bridge_fing16__00000001__s0043.wav,0.13680924475193024,0.30986306071281433
tele_neck_fing17__00000001__s0041.wav,0.37826138734817505,0.21993492543697357
prs_bridge_pick22__00000001__s0038.wav,0.8824643492698669,0.7708759903907776
les_neck_pick25__00000001__s0040.wav,0.5936759114265442,0.6372972726821899
les_bridge_pick06__00000001__s0012.wav,0.12335868179798126,0.3355185389518738
tele_neck_pick10__00000001__s0012.wav,0.7114211916923523,0.7848455905914307
prs_neck_fing24__00000001__s0041.wav,0.019669534638524055,0.510067343711853
tele_neck_fing13__00000001__s0018.wav,0.7568663358688354,0.49505946040153503
tele_bridge_fing03__00000001__s0004.wav,0.6558197736740112,0.5724338293075562
prs_bridge_pick03__00000001__s0020.wav,0.4565265476703644,0.4723949432373047
prs_bridge_pick24__00000001__s0031.wav,0.8396453261375427,0.7640019655227661
tele_bridge_pick17__00000001__s0050.wav,0.35117658972740173,0.27832600474357605
les_bridge_pick03__00000001__s0042.wav,0.8899628520011902,0.8918954730033875
strat_bridge_pick18__00000001__s0011.wav,0.40908583998680115,0.5595797300338745
prs_bridge_pick13__00000001__s0011.wav,0.7450642585754395,0.5334334373474121
les_neck_fing01__00000001__s0026.wav,0.5338390469551086,0.5496619939804077
tele_neck_pick23__00000001__s0011.wav,0.25506851077079773,0.4533020555973053
prs_bridge_pick15__00000001__s0016.wav,0.8350762128829956,0.5201760530471802
tele_neck_pick19__00000001__s0008.wav,0.5601824522018433,0.6757247447967529
strat_bridge_pick14__00000001__s0024.wav,0.19817239046096802,0.35671305656433105
les_bridge_pick04__00000001__s0040.wav,0.6183710098266602,0.6671119928359985
tele_bridge_fing23__00000001__s0032.wav,0.9285830855369568,0.76585453748703
tele_neck_fing23__00000001__s0009.wav,0.6534960865974426,0.5830082893371582
tele_bridge_pick09__00000001__s0003.wav,0.17509719729423523,0.2807431221008301
prs_neck_fing09__00000001__s0038.wav,0.6015293002128601,0.7393561601638794
tele_bridge_fing04__00000001__s0019.wav,0.9126034379005432,0.8704747557640076
prs_bridge_pick01__00000001__s0015.wav,0.024301230907440186,0.19199036061763763
prs_neck_fing05__00000001__s0018.wav,0.7400095462799072,0.7633811831474304
tele_neck_fing06__00000001__s0007.wav,0.7053428292274475,0.5227828621864319
les_bridge_fing24__00000001__s0049.wav,0.31899896264076233,0.3538951277732849
les_bridge_pick20__00000001__s0016.wav,0.6980289816856384,0.6733108162879944
les_bridge_pick04__00000001__s0036.wav,0.7234283685684204,0.6808074116706848
les_bridge_pick13__00000001__s0040.wav,0.506632387638092,0.5180783867835999
prs_neck_fing20__00000001__s0047.wav,0.031682875007390976,0.26184993982315063
les_neck_fing11__00000001__s0027.wav,0.27421197295188904,0.48233097791671753
les_neck_fing18__00000001__s0046.wav,0.13679687678813934,0.2566940486431122
prs_neck_pick05__00000001__s0006.wav,0.635014533996582,0.5958355069160461
prs_bridge_pick23__00000001__s0024.wav,0.828248918056488,0.7681698203086853
les_bridge_pick01__00000001__s0033.wav,0.7023330330848694,0.4966053366661072
les_bridge_pick15__00000001__s0030.wav,0.26734861731529236,0.32167282700538635
les_neck_pick21__00000001__s0051.wav,0.6987833380699158,0.8193720579147339
prs_neck_pick13__00000001__s0034.wav,0.015295885503292084,0.3302483856678009
prs_bridge_fing23__00000001__s0015.wav,0.40025603771209717,0.7968503832817078
prs_bridge_fing08__00000001__s0037.wav,0.3658401072025299,0.3724249601364136
tele_bridge_pick06__00000001__s0004.wav,0.5533331036567688,0.5326340794563293
prs_bridge_pick21__00000001__s0041.wav,0.9778103828430176,0.9199627637863159
les_neck_pick08__00000001__s0004.wav,0.10807330161333084,0.27129054069519043
les_bridge_pick20__00000001__s0048.wav,0.6144353747367859,0.46837082505226135
strat_neck_pick05__00000001__s0030.wav,0.7046946883201599,0.755241870880127
tele_bridge_fing17__00000001__s0055.wav,0.58766108751297,0.6444610953330994
les_neck_fing05__00000001__s0038.wav,0.6134050488471985,0.45354163646698
strat_bridge_pick21__00000001__s0018.wav,0.3948688209056854,0.3058144152164459
tele_neck_fing20__00000001__s0032.wav,0.7469131350517273,0.728253960609436
les_neck_fing15__00000001__s0033.wav,0.8369027972221375,0.7573952674865723
strat_neck_fing06__00000001__s0035.wav,0.5642060041427612,0.42655569314956665
tele_bridge_pick24__00000001__s0025.wav,0.476368248462677,0.5217141509056091
strat_bridge_fing14__00000001__s0015.wav,0.7187159657478333,0.6298670172691345
prs_neck_pick09__00000001__s0041.wav,0.9162569046020508,0.7911403775215149
tele_bridge_pick08__00000001__s0007.wav,0.559678852558136,0.5722737312316895
les_neck_fing09__00000001__s0029.wav,0.7710300087928772,0.722797691822052
les_neck_pick02__00000001__s0029.wav,0.9904636144638062,0.8809727430343628
prs_bridge_fing17__00000001__s0040.wav,0.17441534996032715,0.5893021821975708
les_neck_pick03__00000001__s0024.wav,0.370522677898407,0.2879730761051178
strat_bridge_pick04__00000001__s0012.wav,0.6251111030578613,0.4727947413921356
strat_neck_pick11__00000001__s0023.wav,0.6947203278541565,0.7222357392311096
prs_bridge_pick19__00000001__s0031.wav,0.9511137008666992,0.8679566383361816
tele_neck_fing11__00000001__s0049.wav,0.4089825749397278,0.21852818131446838
strat_bridge_fing11__00000001__s0047.wav,0.9951916337013245,0.6885180473327637
tele_bridge_fing18__00000001__s0045.wav,0.41848573088645935,0.2613302767276764
les_bridge_pick19__00000001__s0036.wav,0.5961054563522339,0.5518966913223267
prs_bridge_pick01__00000001__s0029.wav,0.6884210109710693,0.586598813533783
les_bridge_fing21__00000001__s0027.wav,0.27153661847114563,0.4207558333873749
strat_bridge_fing06__00000001__s0042.wav,0.026218295097351074,0.3469424843788147
strat_bridge_fing13__00000001__s0030.wav,0.2930848002433777,0.24680569767951965
strat_bridge_fing16__00000001__s0018.wav,0.41225266456604004,0.6416671872138977
prs_neck_fing05__00000001__s0007.wav,0.10927251726388931,0.18649689853191376
tele_bridge_pick18__00000001__s0045.wav,0.11785674095153809,0.1451946347951889
les_neck_pick02__00000001__s0013.wav,0.5860139727592468,0.7493925094604492
prs_neck_pick13__00000001__s0041.wav,0.387370765209198,0.3912489712238312
les_bridge_pick12__00000001__s0010.wav,0.05125368386507034,0.18931348621845245
strat_bridge_pick16__00000001__s0002.wav,0.15964511036872864,0.16719546914100647
prs_bridge_fing18__00000001__s0043.wav,0.8277918100357056,0.6803117990493774
les_neck_pick07__00000001__s0020.wav,0.18196922540664673,0.21202637255191803
prs_neck_fing03__00000001__s0033.wav,0.47666043043136597,0.4271186292171478
strat_bridge_pick01__00000001__s0030.wav,0.6697547435760498,0.3837094306945801
strat_bridge_fing18__00000001__s0015.wav,0.438898503780365,0.7347532510757446
prs_bridge_pick06__00000001__s0023.wav,0.1209588423371315,0.18391364812850952
les_bridge_fing05__00000001__s0015.wav,0.3283979892730713,0.3380790650844574
strat_neck_fing19__00000001__s0045.wav,0.0748884379863739,0.13137102127075195
les_neck_pick25__00000001__s0003.wav,0.9235451221466064,0.8517856001853943
prs_bridge_pick14__00000001__s0024.wav,0.908623218536377,0.7518041729927063
prs_bridge_fing06__00000001__s0043.wav,0.941011905670166,0.792382538318634
prs_neck_fing20__00000001__s0018.wav,0.7255985140800476,0.809395432472229
tele_neck_pick15__00000001__s0005.wav,0.040522512048482895,0.48708704113960266
strat_neck_pick07__00000001__s0028.wav,0.6320478320121765,0.8271481990814209
strat_bridge_pick09__00000001__s0038.wav,0.7197151184082031,0.8742575645446777
tele_neck_fing11__00000001__s0008.wav,0.4805567264556885,0.23103949427604675
strat_bridge_fing14__00000001__s0038.wav,0.35116684436798096,0.3431978225708008
prs_bridge_pick14__00000001__s0001.wav,0.1449536830186844,0.25323668122291565
les_neck_fing06__00000001__s0020.wav,0.15156415104866028,0.23529213666915894
les_bridge_fing13__00000001__s0043.wav,0.905326783657074,0.7371819615364075
strat_neck_fing18__00000001__s0051.wav,0.46295130252838135,0.24482221901416779
tele_bridge_fing25__00000001__s0004.wav,0.12747178971767426,0.6143043041229248
tele_bridge_fing20__00000001__s0009.wav,0.8973972201347351,0.7121081352233887
prs_bridge_pick13__00000001__s0053.wav,0.840489387512207,0.873755156993866
tele_neck_pick11__00000001__s0026.wav,0.993384063243866,0.5705680847167969
les_neck_pick18__00000001__s0018.wav,0.19319087266921997,0.27931803464889526
prs_neck_pick07__00000001__s0021.wav,0.33756282925605774,0.49106329679489136
prs_bridge_pick20__00000001__s0030.wav,0.4537835419178009,0.6534635424613953
strat_neck_fing12__00000001__s0052.wav,0.731065034866333,0.40721824765205383
les_bridge_fing25__00000001__s0006.wav,0.8236271739006042,0.7317386269569397
prs_bridge_fing11__00000001__s0050.wav,0.37960508465766907,0.3461645841598511
strat_neck_fing21__00000001__s0014.wav,0.012402803637087345,0.4184039533138275
strat_neck_fing08__00000001__s0048.wav,0.7673727869987488,0.7605503797531128
prs_bridge_fing05__00000001__s0002.wav,0.9031140208244324,0.806705892086029
prs_neck_pick10__00000001__s0026.wav,0.18016491830348969,0.25290876626968384
prs_neck_fing04__00000001__s0022.wav,0.021288586780428886,0.3000701069831848
les_neck_pick16__00000001__s0054.wav,0.15653875470161438,0.28820401430130005
prs_neck_fing23__00000001__s0040.wav,0.6215327978134155,0.4301730990409851
tele_neck_fing09__00000001__s0015.wav,0.18896135687828064,0.6566978096961975
strat_neck_fing21__00000001__s0021.wav,0.9550285935401917,0.9078237414360046
prs_bridge_pick14__00000001__s0011.wav,0.6998761892318726,0.6778222918510437
strat_neck_pick16__00000001__s0025.wav,0.07485389709472656,0.3310927152633667
strat_neck_pick04__00000001__s0040.wav,0.008340777829289436,0.17870725691318512
prs_neck_fing18__00000001__s0023.wav,0.6112774014472961,0.586799681186676
strat_bridge_pick15__00000001__s0004.wav,0.5932365655899048,0.5483567714691162
les_neck_pick04__00000001__s0043.wav,0.8581147789955139,0.8922032117843628
tele_bridge_fing23__00000001__s0019.wav,0.20301082730293274,0.41042816638946533
tele_bridge_fing07__00000001__s0037.wav,0.8861151933670044,0.7016981244087219
tele_bridge_fing14__00000001__s0052.wav,0.03304274380207062,0.1466303914785385
strat_bridge_fing01__00000001__s0003.wav,0.9637178182601929,0.8510274887084961
prs_neck_fing21__00000001__s0010.wav,0.1804811805486679,0.3409874737262726
les_bridge_fing25__00000001__s0018.wav,0.07193031907081604,0.283965140581131
prs_neck_pick07__00000001__s0002.wav,0.20565275847911835,0.40460482239723206
tele_bridge_fing25__00000001__s0003.wav,0.20648472011089325,0.3166159987449646
les_neck_pick17__00000001__s0000.wav,0.3818284869194031,0.2669297158718109
strat_neck_pick07__00000001__s0035.wav,0.15251456201076508,0.30492207407951355
strat_bridge_fing11__00000001__s0034.wav,0.4127868115901947,0.5188013315200806
strat_neck_pick25__00000001__s0026.wav,0.6360402703285217,0.6664413213729858
strat_bridge_pick03__00000001__s0047.wav,0.23556210100650787,0.4314438998699188
les_bridge_pick16__00000001__s0037.wav,0.431069552898407,0.23248648643493652
strat_bridge_pick22__00000001__s0011.wav,0.5801100730895996,0.5239374041557312
prs_bridge_pick11__00000001__s0003.wav,0.7833632826805115,0.5818605422973633
prs_bridge_fing23__00000001__s0000.wav,0.06041036173701286,0.28135544061660767
prs_bridge_fing15__00000001__s0039.wav,0.4173724055290222,0.3079540729522705
les_bridge_pick06__00000001__s0050.wav,0.5196315050125122,0.38369011878967285
strat_neck_pick01__00000001__s0052.wav,0.13204729557037354,0.346044659614563
tele_neck_pick10__00000001__s0039.wav,0.8067443370819092,0.8700868487358093
les_neck_fing14__00000001__s0048.wav,0.21964403986930847,0.33939939737319946
prs_neck_fing06__00000001__s0016.wav,0.9413269758224487,0.6596759557723999
prs_neck_fing22__00000001__s0046.wav,0.9566572308540344,0.9318872094154358
prs_neck_pick22__00000001__s0050.wav,0.566719114780426,0.43971121311187744
tele_bridge_pick10__00000001__s0009.wav,0.6194095611572266,0.6501035094261169
strat_neck_pick02__00000001__s0015.wav,0.7826355695724487,0.7742061614990234
prs_bridge_fing05__00000001__s0025.wav,0.9998161792755127,0.7515314817428589
les_neck_pick07__00000001__s0036.wav,0.3077932298183441,0.2938687801361084
prs_neck_fing14__00000001__s0019.wav,0.23219192028045654,0.36594364047050476
tele_neck_pick12__00000001__s0044.wav,0.6405262351036072,0.5062650442123413
tele_bridge_pick19__00000001__s0002.wav,0.7317750453948975,0.5584022998809814
strat_bridge_pick12__00000001__s0038.wav,0.22094415128231049,0.4569907486438751
tele_bridge_pick23__00000001__s0040.wav,0.9473607540130615,0.90090411901474
prs_neck_fing17__00000001__s0029.wav,0.42344269156455994,0.22891074419021606
les_bridge_pick18__00000001__s0053.wav,0.698372483253479,0.642973005771637
tele_neck_fing03__00000001__s0018.wav,0.24318087100982666,0.2567354142665863
prs_bridge_fing08__00000001__s0006.wav,0.5876074433326721,0.3186107873916626
les_neck_fing20__00000001__s0055.wav,0.8031447529792786,0.8466362953186035
strat_bridge_pick09__00000001__s0018.wav,0.997310996055603,0.9117574691772461
prs_neck_pick20__00000001__s0008.wav,0.9940561652183533,0.8806622624397278
les_bridge_pick09__00000001__s0025.wav,0.542308509349823,0.6479505896568298
strat_bridge_fing02__00000001__s0039.wav,0.8129014372825623,0.7582337856292725
strat_bridge_fing10__00000001__s0039.wav,0.19781281054019928,0.44749003648757935
prs_neck_fing17__00000001__s0036.wav,0.40671443939208984,0.3567154109477997
strat_bridge_fing25__00000001__s0009.wav,0.39951398968696594,0.3769738972187042
strat_bridge_fing19__00000001__s0027.wav,0.4241526126861572,0.6648305058479309
tele_neck_fing04__00000001__s0042.wav,0.7635675072669983,0.7868847846984863
les_bridge_pick03__00000001__s0018.wav,0.14941298961639404,0.269105464220047
strat_neck_pick19__00000001__s0008.wav,0.49837908148765564,0.5522472262382507
strat_neck_fing20__00000001__s0035.wav,0.5178480744361877,0.8289754390716553
prs_bridge_pick24__00000001__s0012.wav,0.0681891143321991,0.5951402187347412
prs_neck_fing22__00000001__s0040.wav,0.12536707520484924,0.38132166862487793
tele_bridge_pick23__00000001__s0054.wav,0.7658984065055847,0.5606615543365479
tele_neck_pick21__00000001__s0050.wav,0.4666798412799835,0.3127768933773041
tele_bridge_pick06__00000001__s0022.wav,0.7554683685302734,0.5333457589149475
tele_bridge_pick24__00000001__s0030.wav,0.8596941828727722,0.7927138805389404
prs_bridge_fing23__00000001__s0042.wav,0.7623409032821655,0.5780656933784485
les_bridge_fing06__00000001__s0020.wav,0.5877630710601807,0.6484002470970154
prs_neck_pick17__00000001__s0047.wav,0.02503853477537632,0.3376629650592804
les_neck_fing09__00000001__s0020.wav,0.41175007820129395,0.3610849976539612
tele_bridge_pick13__00000001__s0037.wav,0.01327201072126627,0.21311558783054352
les_neck_fing03__00000001__s0003.wav,0.7071823477745056,0.760883629322052
strat_bridge_pick17__00000001__s0016.wav,0.8266757130622864,0.8775069713592529
tele_neck_pick05__00000001__s0007.wav,0.7011592984199524,0.5940579771995544
tele_bridge_pick16__00000001__s0017.wav,0.5509290099143982,0.6525046825408936
strat_bridge_pick13__00000001__s0054.wav,0.6271630525588989,0.5371434092521667
prs_neck_fing01__00000001__s0023.wav,0.08390303701162338,0.18852563202381134
tele_neck_fing04__00000001__s0005.wav,0.6267381906509399,0.8411327004432678
prs_bridge_fing14__00000001__s0007.wav,0.9880735874176025,0.9180927872657776
les_bridge_pick06__00000001__s0032.wav,0.23244893550872803,0.2946082055568695
strat_bridge_pick04__00000001__s0021.wav,0.009434288367629051,0.4839189350605011
strat_bridge_pick07__00000001__s0024.wav,0.47048553824424744,0.493801087141037
prs_neck_fing09__00000001__s0043.wav,0.7497021555900574,0.6439892649650574
prs_neck_fing09__00000001__s0030.wav,0.9917511343955994,0.9198591709136963
les_neck_pick10__00000001__s0038.wav,0.13961538672447205,0.17232058942317963
prs_neck_pick23__00000001__s0044.wav,0.8041661381721497,0.8378618359565735
les_neck_pick18__00000001__s0008.wav,0.500271737575531,0.34745681285858154
prs_bridge_pick08__00000001__s0050.wav,0.06995600461959839,0.20569778978824615
tele_neck_pick13__00000001__s0024.wav,0.4665847420692444,0.6101763248443604
tele_bridge_pick06__00000001__s0010.wav,0.3158634305000305,0.2501401901245117
strat_neck_fing23__00000001__s0025.wav,0.4098671078681946,0.5376442670822144
strat_bridge_pick14__00000001__s0027.wav,0.09701530635356903,0.4249107539653778
prs_neck_pick08__00000001__s0013.wav,0.019950438290834427,0.28654834628105164
prs_neck_pick05__00000001__s0050.wav,0.4538222551345825,0.32625800371170044
les_neck_fing15__00000001__s0025.wav,0.6616670489311218,0.6874617338180542
prs_bridge_pick24__00000001__s0053.wav,0.8515546917915344,0.6504805088043213
strat_neck_pick01__00000001__s0025.wav,0.8848447203636169,0.8372160196304321
les_neck_pick14__00000001__s0008.wav,0.9870048761367798,0.9042332768440247
les_bridge_pick11__00000001__s0048.wav,0.9698829650878906,0.6402173638343811
strat_neck_fing03__00000001__s0016.wav,0.26498085260391235,0.1904361993074417
strat_bridge_fing17__00000001__s0040.wav,0.13401049375534058,0.35799795389175415
les_neck_fing17__00000001__s0010.wav,0.6182927489280701,0.4478086531162262
strat_neck_pick18__00000001__s0004.wav,0.7427083253860474,0.7075232863426208
prs_neck_pick09__00000001__s0031.wav,0.10207623243331909,0.3873811960220337
tele_bridge_fing05__00000001__s0033.wav,0.21661192178726196,0.3878524601459503
tele_neck_pick05__00000001__s0049.wav,0.945730447769165,0.9143619537353516
strat_bridge_fing12__00000001__s0024.wav,0.6793584823608398,0.7226189970970154
prs_bridge_fing20__00000001__s0039.wav,0.867306113243103,0.9052400588989258
prs_bridge_fing18__00000001__s0051.wav,0.9324905276298523,0.8865147829055786
strat_bridge_fing25__00000001__s0043.wav,0.9643152356147766,0.8146246075630188
les_neck_pick17__00000001__s0019.wav,0.9992097020149231,0.8007897734642029
tele_neck_fing10__00000001__s0053.wav,0.8989066481590271,0.8800686001777649
strat_neck_pick07__00000001__s0006.wav,0.8098255395889282,0.7879383563995361
prs_bridge_fing09__00000001__s0050.wav,0.063530832529068,0.35646894574165344
tele_neck_pick13__00000001__s0053.wav,0.6558593511581421,0.7813014984130859
strat_neck_fing12__00000001__s0041.wav,0.4340631365776062,0.3088427484035492
prs_bridge_pick10__00000001__s0006.wav,0.9291677474975586,0.9571009278297424
les_neck_fing12__00000001__s0052.wav,0.5515750646591187,0.191121444106102
tele_neck_fing12__00000001__s0017.wav,0.9986062049865723,0.8801929354667664
les_neck_pick17__00000001__s0003.wav,0.11928293853998184,0.21672266721725464
prs_neck_pick01__00000001__s0018.wav,0.7943444848060608,0.6678005456924438
prs_neck_pick14__00000001__s0017.wav,0.5263801217079163,0.46742671728134155
les_neck_fing12__00000001__s0025.wav,0.45945802330970764,0.5858973264694214
les_neck_pick19__00000001__s0003.wav,0.6669775247573853,0.4678366184234619
prs_bridge_fing07__00000001__s0034.wav,0.539037823677063,0.5336096882820129
strat_bridge_fing17__00000001__s0041.wav,0.8826184272766113,0.8697413802146912
prs_neck_pick05__00000001__s0020.wav,0.9834488034248352,0.83916836977005
tele_neck_fing05__00000001__s0041.wav,0.38535141944885254,0.2212524563074112
prs_neck_pick15__00000001__s0030.wav,0.4550677537918091,0.46908679604530334
prs_bridge_pick21__00000001__s0024.wav,0.9043264389038086,0.9321288466453552
prs_bridge_fing16__00000001__s0040.wav,0.8077401518821716,0.628268301486969
prs_neck_fing22__00000001__s0050.wav,0.5438927412033081,0.4749539792537689
les_neck_pick02__00000001__s0009.wav,0.020361149683594704,0.31508320569992065
les_neck_pick05__00000001__s0022.wav,0.4812794625759125,0.6466400623321533
strat_neck_pick09__00000001__s0017.wav,0.6159712076187134,0.7520714402198792
strat_neck_pick02__00000001__s0022.wav,0.18430358171463013,0.25499486923217773
tele_neck_pick21__00000001__s0021.wav,0.1560673713684082,0.19285094738006592
prs_neck_pick20__00000001__s0000.wav,0.8552584052085876,0.6600567102432251
strat_neck_pick19__00000001__s0035.wav,0.781887412071228,0.6444910168647766
tele_neck_pick12__00000001__s0035.wav,0.5351879596710205,0.7208319306373596
strat_neck_fing21__00000001__s0019.wav,0.8871581554412842,0.912127673625946
tele_bridge_fing01__00000001__s0055.wav,0.3775477707386017,0.6911591291427612
prs_neck_pick25__00000001__s0051.wav,0.0683535635471344,0.14850525557994843
tele_neck_fing14__00000001__s0011.wav,0.3496222496032715,0.18016119301319122
tele_bridge_pick06__00000001__s0000.wav,0.9609331488609314,0.7183123230934143
les_neck_pick09__00000001__s0048.wav,0.11923877894878387,0.1334797441959381
les_bridge_fing18__00000001__s0025.wav,0.6096395254135132,0.5150657892227173
tele_bridge_fing06__00000001__s0013.wav,0.36420080065727234,0.21899443864822388
strat_neck_fing05__00000001__s0000.wav,0.9066020846366882,0.9344972372055054
strat_neck_fing16__00000001__s0003.wav,0.9789355397224426,0.8486946821212769
les_bridge_fing19__00000001__s0053.wav,0.8515648245811462,0.8148878812789917
prs_bridge_pick19__00000001__s0020.wav,0.9541297554969788,0.8385675549507141
strat_bridge_fing15__00000001__s0050.wav,0.40102827548980713,0.6641077399253845
tele_neck_fing20__00000001__s0046.wav,0.9268869757652283,0.8339322805404663
tele_neck_fing03__00000001__s0023.wav,0.873877227306366,0.7927483916282654
tele_bridge_fing19__00000001__s0041.wav,0.16711020469665527,0.43707457184791565
les_neck_fing02__00000001__s0049.wav,0.1952795386314392,0.36657798290252686
tele_neck_fing04__00000001__s0037.wav,0.758789598941803,0.8341770768165588
les_bridge_pick18__00000001__s0023.wav,0.36391472816467285,0.4642431437969208
tele_neck_fing17__00000001__s0054.wav,0.08043315261602402,0.3087370693683624
tele_bridge_fing12__00000001__s0023.wav,0.09369855374097824,0.36272570490837097
strat_bridge_pick05__00000001__s0003.wav,0.5594328045845032,0.4563155770301819
prs_neck_pick22__00000001__s0018.wav,0.9570995569229126,0.8809589147567749
les_neck_fing22__00000001__s0003.wav,0.813029944896698,0.6026964783668518
tele_neck_fing20__00000001__s0024.wav,0.5472567677497864,0.5577577352523804
prs_bridge_fing10__00000001__s0029.wav,0.6444566249847412,0.48964670300483704
prs_neck_fing21__00000001__s0045.wav,0.8749839663505554,0.6620264649391174
tele_neck_fing22__00000001__s0047.wav,0.2483610212802887,0.3626546561717987
les_bridge_fing02__00000001__s0032.wav,0.9507360458374023,0.7611845135688782
strat_bridge_pick18__00000001__s0001.wav,0.677135705947876,0.5352587103843689
prs_neck_fing07__00000001__s0003.wav,0.5418053865432739,0.5659419298171997
prs_neck_pick01__00000001__s0054.wav,0.004903021268546581,0.2631816565990448
tele_neck_pick21__00000001__s0032.wav,0.9670196771621704,0.8402541279792786
prs_bridge_fing15__00000001__s0015.wav,0.9570992588996887,0.8821724653244019
tele_neck_pick25__00000001__s0051.wav,0.4699437618255615,0.6539754271507263
strat_bridge_fing03__00000001__s0034.wav,0.11548113077878952,0.33230242133140564
prs_bridge_pick12__00000001__s0051.wav,0.7261587381362915,0.5323632955551147
tele_bridge_fing14__00000001__s0037.wav,0.762256383895874,0.43898245692253113
strat_neck_fing08__00000001__s0026.wav,0.49820277094841003,0.7538167238235474
strat_bridge_fing11__00000001__s0031.wav,0.5036318302154541,0.6356368660926819
prs_neck_fing20__00000001__s0013.wav,0.809567391872406,0.35325488448143005
tele_bridge_pick01__00000001__s0004.wav,0.8093133568763733,0.5267860293388367
tele_neck_pick17__00000001__s0047.wav,0.207333043217659,0.2204156368970871
strat_bridge_pick07__00000001__s0020.wav,0.6952160000801086,0.7637401223182678
tele_neck_pick21__00000001__s0004.wav,0.16265670955181122,0.4671322703361511
prs_bridge_fing18__00000001__s0055.wav,0.3561834692955017,0.580687403678894
tele_bridge_pick08__00000001__s0045.wav,0.31844714283943176,0.5432257056236267
strat_neck_pick21__00000001__s0049.wav,0.5749268531799316,0.5064865946769714
tele_neck_pick21__00000001__s0052.wav,0.932395339012146,0.760184109210968
les_bridge_fing22__00000001__s0029.wav,0.022842170670628548,0.16106723248958588
strat_neck_fing07__00000001__s0026.wav,0.7716219425201416,0.655029296875
prs_neck_fing24__00000001__s0010.wav,0.7123439311981201,0.7797930240631104
tele_neck_pick06__00000001__s0053.wav,0.9717260003089905,0.8891258239746094
prs_bridge_fing17__00000001__s0051.wav,0.9718917608261108,0.7317466139793396
strat_bridge_pick05__00000001__s0044.wav,0.3234850764274597,0.2190411239862442
prs_bridge_fing23__00000001__s0039.wav,0.600551187992096,0.8908339142799377
strat_bridge_pick07__00000001__s0042.wav,0.8261211514472961,0.9221386909484863
strat_bridge_pick04__00000001__s0053.wav,0.9285991191864014,0.9295948147773743
strat_bridge_pick22__00000001__s0024.wav,0.9739882946014404,0.8184360861778259
les_bridge_fing25__00000001__s0022.wav,0.10952162742614746,0.18268078565597534
prs_bridge_pick09__00000001__s0051.wav,0.3747985064983368,0.29144760966300964
prs_bridge_fing14__00000001__s0018.wav,0.28169333934783936,0.742200493812561
tele_neck_fing16__00000001__s0024.wav,0.8821185231208801,0.7810053825378418
les_bridge_pick17__00000001__s0009.wav,0.5635615587234497,0.6134305000305176
prs_neck_pick25__00000001__s0048.wav,0.9257737398147583,0.7060491442680359
tele_bridge_pick08__00000001__s0024.wav,0.8054662346839905,0.7548852562904358
strat_bridge_pick04__00000001__s0045.wav,0.6141314506530762,0.5560489892959595
prs_neck_fing18__00000001__s0024.wav,0.9011091589927673,0.8399131894111633
tele_neck_pick21__00000001__s0044.wav,0.8277208209037781,0.7029021978378296
prs_neck_pick16__00000001__s0001.wav,0.5587321519851685,0.5584107041358948
prs_bridge_pick20__00000001__s0002.wav,0.03284768387675285,0.45840340852737427
les_bridge_fing07__00000001__s0031.wav,0.010642251931130886,0.21869592368602753
prs_bridge_fing11__00000001__s0002.wav,0.5948752164840698,0.5197523832321167
tele_neck_fing04__00000001__s0051.wav,0.10989754647016525,0.18123674392700195
les_bridge_pick02__00000001__s0032.wav,0.10372023284435272,0.24399544298648834
les_neck_pick12__00000001__s0027.wav,0.3748509883880615,0.34021180868148804
les_bridge_pick21__00000001__s0039.wav,0.7419158816337585,0.39610785245895386
prs_bridge_fing01__00000001__s0053.wav,0.7012138962745667,0.697208046913147
tele_neck_fing12__00000001__s0037.wav,0.05018959939479828,0.14985190331935883
tele_neck_pick05__00000001__s0034.wav,0.3374499976634979,0.39860254526138306
les_neck_fing13__00000001__s0026.wav,0.5216299891471863,0.31158214807510376
prs_bridge_pick24__00000001__s0030.wav,0.8114103674888611,0.718474268913269
les_neck_pick09__00000001__s0037.wav,0.6698379516601562,0.7202062010765076
tele_bridge_fing02__00000001__s0021.wav,0.3868134617805481,0.38749516010284424
prs_bridge_pick13__00000001__s0000.wav,0.014438222162425518,0.2669617235660553
strat_neck_pick20__00000001__s0040.wav,0.5951656103134155,0.4847983121871948
strat_neck_fing12__00000001__s0007.wav,0.10539707541465759,0.20653082430362701
tele_neck_pick06__00000001__s0020.wav,0.47213634848594666,0.6019206643104553
strat_bridge_fing16__00000001__s0023.wav,0.0971047431230545,0.17873531579971313
les_neck_fing05__00000001__s0007.wav,0.060734767466783524,0.39812731742858887
prs_neck_pick04__00000001__s0040.wav,0.41937869787216187,0.8128229975700378
les_bridge_fing11__00000001__s0016.wav,0.05836079269647598,0.2511007487773895
prs_bridge_pick05__00000001__s0040.wav,0.762026846408844,0.7422922253608704
les_neck_pick24__00000001__s0025.wav,0.08027128130197525,0.24911828339099884
prs_bridge_fing24__00000001__s0046.wav,0.6814619898796082,0.36460039019584656
tele_bridge_fing05__00000001__s0021.wav,0.19274133443832397,0.6193744540214539
tele_neck_pick16__00000001__s0045.wav,0.76730877161026,0.3482291102409363
tele_bridge_fing10__00000001__s0015.wav,0.15898846089839935,0.6531582474708557
tele_neck_pick24__00000001__s0007.wav,0.054662346839904785,0.14931628108024597
prs_neck_pick21__00000001__s0007.wav,0.20828549563884735,0.2350090593099594
strat_neck_fing07__00000001__s0003.wav,0.3508443534374237,0.6887575387954712
prs_bridge_pick21__00000001__s0002.wav,0.9890232682228088,0.9068205952644348
strat_bridge_fing19__00000001__s0025.wav,0.38610413670539856,0.28917062282562256
prs_bridge_pick11__00000001__s0048.wav,0.025995610281825066,0.506971538066864
les_bridge_pick14__00000001__s0049.wav,0.32103589177131653,0.5108218789100647
strat_neck_pick22__00000001__s0001.wav,0.2605080008506775,0.3970077633857727
prs_bridge_pick21__00000001__s0012.wav,0.2753424644470215,0.1666160672903061
tele_neck_fing13__00000001__s0026.wav,0.7548113465309143,0.4377458691596985
tele_bridge_fing13__00000001__s0025.wav,0.03159425035119057,0.21741323173046112
tele_bridge_pick10__00000001__s0001.wav,0.1874220073223114,0.6013008952140808
tele_bridge_pick03__00000001__s0036.wav,0.7054088115692139,0.5594730377197266
prs_bridge_fing16__00000001__s0038.wav,0.7091599106788635,0.5322071313858032
les_bridge_pick07__00000001__s0002.wav,0.13645599782466888,0.22924815118312836
prs_neck_fing17__00000001__s0002.wav,0.25100377202033997,0.5532640814781189
les_bridge_pick21__00000001__s0025.wav,0.7228440046310425,0.7082180976867676
les_neck_pick16__00000001__s0007.wav,0.6974455714225769,0.7202893495559692
prs_bridge_fing21__00000001__s0010.wav,0.2534354329109192,0.42861783504486084
strat_neck_fing23__00000001__s0047.wav,0.5193378329277039,0.4101487398147583
tele_bridge_pick22__00000001__s0036.wav,0.1473000943660736,0.44477784633636475
tele_bridge_fing19__00000001__s0051.wav,0.7951107621192932,0.6024034023284912
les_bridge_fing09__00000001__s0018.wav,0.2435879111289978,0.3334540128707886
les_neck_pick24__00000001__s0024.wav,0.6737290620803833,0.43127813935279846
strat_bridge_fing18__00000001__s0014.wav,0.748124361038208,0.687368631362915
les_bridge_fing15__00000001__s0033.wav,0.25714820623397827,0.20517601072788239
tele_bridge_pick01__00000001__s0051.wav,0.6318002343177795,0.30686435103416443
prs_bridge_fing24__00000001__s0033.wav,0.9665062427520752,0.8192097544670105
strat_bridge_pick02__00000001__s0034.wav,0.508344292640686,0.5512604713439941
prs_bridge_fing18__00000001__s0025.wav,0.28258323669433594,0.42539259791374207
tele_bridge_pick12__00000001__s0040.wav,0.6599493622779846,0.32807493209838867
prs_bridge_fing24__00000001__s0031.wav,0.07553888112306595,0.3657086193561554
strat_neck_fing09__00000001__s0016.wav,0.9388381838798523,0.7883518934249878
strat_neck_fing11__00000001__s0054.wav,0.7325969338417053,0.6060996651649475
prs_neck_fing15__00000001__s0018.wav,0.9768187999725342,0.8485362529754639
tele_neck_pick04__00000001__s0055.wav,0.8354596495628357,0.7958291172981262
les_neck_pick13__00000001__s0042.wav,0.7045884728431702,0.49688395857810974
prs_bridge_pick04__00000001__s0030.wav,0.27947643399238586,0.17087607085704803
les_neck_fing22__00000001__s0055.wav,0.792843222618103,0.4353814721107483
strat_bridge_pick09__00000001__s0042.wav,0.7980338931083679,0.792309582233429
les_bridge_pick05__00000001__s0008.wav,0.35414692759513855,0.6177007555961609
tele_neck_pick15__00000001__s0019.wav,0.6455280780792236,0.7220706343650818
prs_bridge_fing02__00000001__s0002.wav,0.034494709223508835,0.1323092132806778
les_bridge_fing16__00000001__s0038.wav,0.41869670152664185,0.6031185388565063
prs_bridge_pick07__00000001__s0051.wav,0.06469342857599258,0.24373483657836914
tele_bridge_pick19__00000001__s0044.wav,0.2962099611759186,0.5180963277816772
tele_neck_pick17__00000001__s0013.wav,0.44590210914611816,0.320747971534729
tele_bridge_pick10__00000001__s0003.wav,0.054441649466753006,0.5068013072013855
strat_neck_pick18__00000001__s0032.wav,0.7133775353431702,0.7293915152549744
les_bridge_pick25__00000001__s0052.wav,0.5910913348197937,0.31046098470687866
strat_neck_fing03__00000001__s0003.wav,0.3505362868309021,0.4413767158985138
tele_bridge_fing03__00000001__s0032.wav,0.25731849670410156,0.5643613338470459
tele_bridge_pick14__00000001__s0044.wav,0.07494287192821503,0.25671955943107605
les_bridge_fing02__00000001__s0016.wav,0.4005430042743683,0.20407187938690186
les_bridge_pick01__00000001__s0002.wav,0.0008671226678416133,0.238617941737175
prs_bridge_fing13__00000001__s0018.wav,0.5168180465698242,0.22187402844429016
tele_neck_fing09__00000001__s0052.wav,0.5532775521278381,0.37225645780563354
prs_bridge_fing05__00000001__s0041.wav,0.07617564499378204,0.611228346824646
tele_bridge_pick18__00000001__s0031.wav,0.8891164660453796,0.8250279426574707
strat_neck_fing14__00000001__s0046.wav,0.9085533022880554,0.7266971468925476
prs_bridge_fing22__00000001__s0014.wav,0.8310514688491821,0.8203146457672119
les_neck_pick13__00000001__s0043.wav,0.5454248189926147,0.3827795088291168
strat_neck_pick22__00000001__s0037.wav,0.9034585952758789,0.8526270389556885
prs_bridge_fing12__00000001__s0029.wav,0.790386974811554,0.5856090188026428
tele_neck_fing25__00000001__s0010.wav,0.13722732663154602,0.17597313225269318
prs_neck_pick23__00000001__s0028.wav,0.25060203671455383,0.2956831455230713
tele_neck_pick18__00000001__s0051.wav,0.9328639507293701,0.8733788132667542
strat_neck_pick11__00000001__s0020.wav,0.29065248370170593,0.39187267422676086
prs_bridge_fing17__00000001__s0055.wav,0.6755474209785461,0.37703344225883484
prs_bridge_pick21__00000001__s0017.wav,0.12555095553398132,0.23610588908195496
tele_neck_pick13__00000001__s0028.wav,0.044508688151836395,0.3709131181240082
prs_neck_fing21__00000001__s0050.wav,0.958824872970581,0.8980733752250671
strat_bridge_fing06__00000001__s0026.wav,0.36604228615760803,0.21929164230823517
strat_neck_fing11__00000001__s0024.wav,0.12127470970153809,0.24287892878055573
strat_bridge_pick01__00000001__s0042.wav,0.67081218957901,0.7122014164924622
prs_bridge_fing16__00000001__s0023.wav,0.9475282430648804,0.8434956073760986
tele_bridge_fing07__00000001__s0028.wav,0.6585671305656433,0.5528309345245361
tele_neck_fing10__00000001__s0048.wav,0.6082252860069275,0.5924625396728516
les_neck_fing03__00000001__s0034.wav,0.6806918382644653,0.41102322936058044
prs_neck_pick10__00000001__s0038.wav,0.4400429129600525,0.39786258339881897
les_neck_pick18__00000001__s0049.wav,0.7255460619926453,0.611009955406189
prs_bridge_fing20__00000001__s0014.wav,0.5817260146141052,0.5893680453300476
tele_bridge_fing23__00000001__s0043.wav,0.6697244048118591,0.24827280640602112
prs_neck_pick18__00000001__s0001.wav,0.006651705596596003,0.34228891134262085
strat_bridge_pick17__00000001__s0029.wav,0.9060491323471069,0.9091895222663879
strat_neck_fing18__00000001__s0032.wav,0.055371157824993134,0.2923319637775421
les_neck_pick22__00000001__s0018.wav,0.32408079504966736,0.522585928440094
strat_bridge_pick13__00000001__s0010.wav,0.36957433819770813,0.21942082047462463
prs_bridge_pick17__00000001__s0048.wav,0.3483784794807434,0.39767247438430786
strat_neck_fing08__00000001__s0034.wav,0.49152442812919617,0.367383748292923
prs_bridge_pick12__00000001__s0052.wav,0.30395078659057617,0.5650843977928162
les_neck_pick15__00000001__s0017.wav,0.9386239051818848,0.8030582070350647
strat_bridge_fing16__00000001__s0016.wav,0.009667763486504555,0.36051124334335327
strat_neck_pick03__00000001__s0045.wav,0.51724773645401,0.26096245646476746
strat_bridge_pick09__00000001__s0040.wav,0.06981046497821808,0.5603557229042053
prs_neck_pick13__00000001__s0026.wav,0.970272421836853,0.7637001872062683
strat_bridge_fing25__00000001__s0052.wav,0.7426646947860718,0.7154437899589539
tele_neck_pick21__00000001__s0049.wav,0.5624884366989136,0.5617411136627197
prs_neck_fing18__00000001__s0011.wav,0.11142254620790482,0.26098474860191345
prs_neck_fing20__00000001__s0050.wav,0.7746737003326416,0.7232601046562195
strat_bridge_pick25__00000001__s0022.wav,0.942578136920929,0.8474124073982239
tele_neck_pick06__00000001__s0014.wav,0.8497322201728821,0.6589877605438232
les_bridge_pick24__00000001__s0037.wav,0.8546271920204163,0.855097234249115
prs_bridge_pick06__00000001__s0020.wav,0.08005548268556595,0.36133697628974915
prs_neck_pick01__00000001__s0000.wav,0.8688161373138428,0.8135820627212524
prs_neck_fing12__00000001__s0045.wav,0.04477624595165253,0.29864776134490967
les_neck_pick08__00000001__s0049.wav,0.21110527217388153,0.2876377999782562
strat_bridge_pick11__00000001__s0049.wav,0.8859381675720215,0.8328118324279785
les_neck_pick18__00000001__s0047.wav,0.8240224123001099,0.7439517378807068
strat_neck_fing18__00000001__s0029.wav,0.6451095938682556,0.5361804962158203
les_neck_pick02__00000001__s0019.wav,0.1767166703939438,0.4932316541671753
tele_bridge_fing14__00000001__s0039.wav,0.8979256749153137,0.8211758136749268
strat_neck_pick05__00000001__s0018.wav,0.2677929401397705,0.4963293969631195
tele_bridge_fing24__00000001__s0033.wav,0.0494019091129303,0.1902979612350464
tele_bridge_pick25__00000001__s0046.wav,0.9558594822883606,0.8899179697036743
prs_bridge_fing05__00000001__s0033.wav,0.49271976947784424,0.7420513033866882
tele_bridge_fing01__00000001__s0024.wav,0.7851601243019104,0.7219557762145996
strat_bridge_fing13__00000001__s0037.wav,0.9920105338096619,0.8753405213356018
prs_neck_fing12__00000001__s0038.wav,0.41554707288742065,0.3372459411621094
prs_bridge_pick25__00000001__s0021.wav,0.24279731512069702,0.2678183615207672
prs_bridge_fing04__00000001__s0016.wav,0.2040373831987381,0.20738822221755981
tele_bridge_pick05__00000001__s0036.wav,0.5285574793815613,0.6874110698699951
strat_neck_pick25__00000001__s0032.wav,0.22530946135520935,0.47722557187080383
les_neck_pick14__00000001__s0044.wav,0.9791610240936279,0.9007724523544312
les_neck_fing02__00000001__s0023.wav,0.04788874834775925,0.1403932124376297
les_neck_fing16__00000001__s0049.wav,0.6953547596931458,0.4766732454299927
tele_bridge_fing19__00000001__s0045.wav,0.8128954768180847,0.49693918228149414
prs_neck_fing18__00000001__s0004.wav,0.7356159687042236,0.6164448857307434
les_neck_fing09__00000001__s0015.wav,0.9096065163612366,0.7232165932655334
les_bridge_pick25__00000001__s0010.wav,0.07957977801561356,0.28926578164100647
strat_bridge_fing25__00000001__s0011.wav,0.9987468719482422,0.6750116944313049
strat_bridge_fing05__00000001__s0026.wav,0.0691242516040802,0.21544936299324036
les_neck_pick09__00000001__s0019.wav,0.1566954255104065,0.49530184268951416
strat_bridge_fing24__00000001__s0039.wav,0.7478407025337219,0.8039843440055847
strat_bridge_fing12__00000001__s0037.wav,0.6837541460990906,0.44168686866760254
strat_bridge_fing16__00000001__s0031.wav,0.691382646560669,0.7127257585525513
les_bridge_fing23__00000001__s0050.wav,0.06179661303758621,0.2439432144165039
strat_bridge_fing04__00000001__s0035.wav,0.546222448348999,0.6428318023681641
tele_neck_fing18__00000001__s0034.wav,0.6899791359901428,0.7387556433677673
tele_neck_fing10__00000001__s0019.wav,0.655609130859375,0.6997785568237305
tele_neck_fing06__00000001__s0024.wav,0.4083796441555023,0.36759933829307556
strat_bridge_pick12__00000001__s0003.wav,0.054572224617004395,0.2762693166732788
strat_neck_fing08__00000001__s0000.wav,0.2524593770503998,0.3366679251194
strat_neck_fing19__00000001__s0033.wav,0.05396672710776329,0.5000233054161072
les_bridge_fing20__00000001__s0042.wav,0.7868169546127319,0.5982484817504883
les_bridge_fing21__00000001__s0038.wav,0.4708825945854187,0.48626595735549927
strat_bridge_fing07__00000001__s0011.wav,0.23538289964199066,0.3031312823295593
les_neck_fing23__00000001__s0042.wav,0.964832603931427,0.8684327602386475
strat_bridge_fing11__00000001__s0015.wav,0.8329525589942932,0.6132007241249084
tele_bridge_fing11__00000001__s0007.wav,0.8113607168197632,0.8344434499740601
prs_neck_fing25__00000001__s0001.wav,0.1875688135623932,0.12228477001190186
prs_bridge_fing08__00000001__s0021.wav,0.29691606760025024,0.24739745259284973
tele_bridge_fing01__00000001__s0011.wav,0.6303188800811768,0.773198664188385
les_bridge_pick12__00000001__s0018.wav,0.9269574284553528,0.4803214371204376
prs_bridge_pick16__00000001__s0000.wav,0.6995436549186707,0.5180994272232056
tele_bridge_fing18__00000001__s0042.wav,0.42755112051963806,0.49048441648483276
prs_bridge_pick09__00000001__s0052.wav,0.9799339175224304,0.8056573271751404
strat_neck_pick25__00000001__s0053.wav,0.21217651665210724,0.2522776126861572
strat_bridge_fing11__00000001__s0051.wav,0.8138571381568909,0.715717613697052
strat_neck_fing21__00000001__s0008.wav,0.6114075779914856,0.6284542083740234
strat_bridge_fing16__00000001__s0013.wav,0.2133481651544571,0.24150815606117249
prs_neck_pick09__00000001__s0052.wav,0.07142001390457153,0.5029548406600952
prs_bridge_pick13__00000001__s0023.wav,0.7492979168891907,0.7790177464485168
tele_neck_fing21__00000001__s0051.wav,0.15592484176158905,0.7443720698356628
prs_bridge_pick03__00000001__s0040.wav,0.8424400091171265,0.7196536660194397
strat_neck_fing14__00000001__s0039.wav,0.6436508297920227,0.24137990176677704
les_bridge_fing18__00000001__s0011.wav,0.4470468759536743,0.7136834263801575
les_bridge_pick02__00000001__s0014.wav,0.38187894225120544,0.2447013258934021
strat_bridge_fing10__00000001__s0029.wav,0.2696543335914612,0.4351297914981842
tele_bridge_fing03__00000001__s0033.wav,0.49248963594436646,0.5342532396316528
les_neck_pick15__00000001__s0005.wav,0.7663746476173401,0.529116690158844
strat_neck_fing21__00000001__s0045.wav,0.8857074975967407,0.9365119338035583
prs_bridge_pick18__00000001__s0045.wav,0.5645861625671387,0.706249475479126
strat_neck_fing08__00000001__s0017.wav,0.6367231011390686,0.6884858012199402
tele_bridge_pick24__00000001__s0037.wav,0.6127115488052368,0.6915063261985779
strat_bridge_fing01__00000001__s0010.wav,0.49935925006866455,0.596251368522644
tele_bridge_fing24__00000001__s0006.wav,0.8989588022232056,0.8084507584571838
les_neck_pick18__00000001__s0013.wav,0.5777504444122314,0.686001181602478
les_bridge_pick06__00000001__s0051.wav,0.6197229623794556,0.6684372425079346
les_neck_fing21__00000001__s0033.wav,0.30731046199798584,0.2274545580148697
strat_neck_fing17__00000001__s0001.wav,0.8232728838920593,0.7094821929931641
tele_bridge_fing02__00000001__s0037.wav,0.2443338930606842,0.26642611622810364
tele_neck_fing22__00000001__s0044.wav,0.440826952457428,0.20695993304252625
tele_neck_fing15__00000001__s0035.wav,0.5490363836288452,0.4877045452594757
prs_bridge_fing05__00000001__s0009.wav,0.47536131739616394,0.4442582130432129
tele_neck_fing22__00000001__s0002.wav,0.11172045767307281,0.30662184953689575
les_bridge_pick24__00000001__s0024.wav,0.3748249411582947,0.4394012689590454
prs_bridge_pick10__00000001__s0026.wav,0.8454921841621399,0.424655020236969
strat_bridge_pick09__00000001__s0007.wav,0.11933533102273941,0.5161740779876709
les_neck_fing10__00000001__s0046.wav,0.38735371828079224,0.5023453831672668
prs_neck_fing18__00000001__s0010.wav,0.3742234408855438,0.3423936367034912
les_neck_fing25__00000001__s0009.wav,0.4767017066478729,0.6696333289146423
prs_bridge_pick22__00000001__s0020.wav,0.3931123912334442,0.4475927948951721
strat_neck_pick17__00000001__s0020.wav,0.053222861140966415,0.26288095116615295
strat_neck_pick22__00000001__s0011.wav,0.9911816120147705,0.9259111881256104
prs_bridge_fing02__00000001__s0006.wav,0.8359264731407166,0.8397532105445862
strat_neck_pick11__00000001__s0048.wav,0.6059348583221436,0.3656516671180725
strat_neck_fing18__00000001__s0042.wav,0.9911020398139954,0.6833497881889343
strat_bridge_fing10__00000001__s0013.wav,0.9604526162147522,0.7740116119384766
tele_bridge_fing06__00000001__s0027.wav,0.2741527259349823,0.3058505356311798
tele_bridge_pick05__00000001__s0010.wav,0.7525662779808044,0.6810805797576904
tele_neck_fing22__00000001__s0016.wav,0.2174791544675827,0.15396106243133545
tele_neck_fing23__00000001__s0018.wav,0.5421498417854309,0.4110183119773865
prs_neck_fing05__00000001__s0033.wav,0.8629274964332581,0.86531662940979
les_neck_pick07__00000001__s0028.wav,0.7405298352241516,0.7351898550987244
les_bridge_fing23__00000001__s0026.wav,0.7076048851013184,0.18624041974544525
prs_bridge_fing24__00000001__s0025.wav,0.6798219084739685,0.6270347237586975
prs_neck_pick18__00000001__s0051.wav,0.7689008712768555,0.7478019595146179
prs_bridge_pick22__00000001__s0011.wav,0.10250762850046158,0.39140307903289795
prs_neck_pick04__00000001__s0013.wav,0.394420325756073,0.45373809337615967
strat_neck_pick12__00000001__s0020.wav,0.21597902476787567,0.4757469594478607
tele_bridge_pick05__00000001__s0047.wav,0.43842217326164246,0.25584694743156433
prs_neck_fing13__00000001__s0000.wav,0.9817219376564026,0.6380618810653687
les_bridge_fing05__00000001__s0049.wav,0.36346450448036194,0.42991015315055847
les_neck_fing15__00000001__s0032.wav,0.05632427707314491,0.2669951319694519
tele_bridge_pick22__00000001__s0027.wav,0.6410315036773682,0.6422854661941528
tele_neck_fing10__00000001__s0035.wav,0.973126232624054,0.8802410364151001
tele_bridge_fing15__00000001__s0039.wav,0.8341576457023621,0.7617771625518799
strat_bridge_fing19__00000001__s0048.wav,0.11450611054897308,0.16280151903629303
tele_neck_pick23__00000001__s0016.wav,0.6034968495368958,0.4809095561504364
prs_bridge_pick17__00000001__s0038.wav,0.6694861650466919,0.241326704621315
prs_bridge_fing20__00000001__s0003.wav,0.7068027853965759,0.8288631439208984
tele_neck_pick12__00000001__s0041.wav,0.5627856254577637,0.6443663835525513
strat_bridge_pick12__00000001__s0030.wav,0.18180018663406372,0.22235077619552612
les_neck_fing07__00000001__s0035.wav,0.30053606629371643,0.3536982834339142
les_neck_pick04__00000001__s0020.wav,0.4970657229423523,0.5942608118057251
prs_bridge_pick25__00000001__s0001.wav,0.36923396587371826,0.16310718655586243
tele_neck_pick04__00000001__s0054.wav,0.5890824198722839,0.26037079095840454
les_neck_fing06__00000001__s0031.wav,0.5963521003723145,0.3737894296646118
tele_neck_fing15__00000001__s0025.wav,0.6437891125679016,0.6593055725097656
strat_bridge_fing09__00000001__s0018.wav,0.5518784523010254,0.2261110544204712
strat_bridge_pick24__00000001__s0020.wav,0.07454738020896912,0.29047685861587524
les_bridge_pick06__00000001__s0024.wav,0.846487820148468,0.7200303673744202
tele_neck_pick25__00000001__s0016.wav,0.043684761971235275,0.2951692044734955
tele_bridge_fing07__00000001__s0035.wav,0.9248374700546265,0.7282388806343079
tele_neck_fing02__00000001__s0001.wav,0.6943247318267822,0.5276751518249512
tele_bridge_fing16__00000001__s0013.wav,0.0010245682206004858,0.48627015948295593
strat_bridge_pick22__00000001__s0040.wav,0.4110962748527527,0.42555588483810425
strat_neck_fing19__00000001__s0017.wav,0.0055635846219956875,0.2258826196193695
strat_neck_fing02__00000001__s0018.wav,0.6155619025230408,0.7749032974243164
tele_bridge_pick04__00000001__s0020.wav,0.6533331274986267,0.6012357473373413
strat_bridge_pick24__00000001__s0017.wav,0.8078533411026001,0.7612596154212952
prs_bridge_pick14__00000001__s0019.wav,0.8055995106697083,0.5268537402153015
strat_neck_pick12__00000001__s0010.wav,0.7022544145584106,0.8433511257171631
strat_bridge_fing17__00000001__s0003.wav,0.07700591534376144,0.48550522327423096
strat_neck_pick15__00000001__s0004.wav,0.451667845249176,0.48369163274765015
prs_bridge_fing17__00000001__s0039.wav,0.1491856724023819,0.6353687047958374
prs_bridge_pick08__00000001__s0011.wav,0.26923561096191406,0.40003716945648193
prs_neck_pick08__00000001__s0025.wav,0.3756721615791321,0.38839471340179443
strat_neck_pick25__00000001__s0055.wav,0.5093920230865479,0.5814568400382996
prs_bridge_fing25__00000001__s0025.wav,0.8043515682220459,0.6182546615600586
prs_bridge_fing07__00000001__s0018.wav,0.7908408045768738,0.7482396960258484
tele_bridge_fing14__00000001__s0029.wav,0.179570734500885,0.37548819184303284
strat_bridge_pick13__00000001__s0044.wav,0.6449102163314819,0.5493922829627991
strat_neck_pick18__00000001__s0030.wav,0.11687363684177399,0.2786310613155365
strat_neck_pick14__00000001__s0015.wav,0.2794083058834076,0.24742044508457184
strat_neck_pick24__00000001__s0011.wav,0.9809532165527344,0.6103376150131226
strat_neck_pick16__00000001__s0016.wav,0.6369037628173828,0.4619683027267456
strat_bridge_pick10__00000001__s0048.wav,0.09633933752775192,0.23361429572105408
strat_bridge_fing07__00000001__s0040.wav,0.9013291001319885,0.7838225364685059
tele_bridge_pick16__00000001__s0005.wav,0.911230206489563,0.9301792979240417
tele_neck_fing14__00000001__s0013.wav,0.050592780113220215,0.2696729302406311
strat_neck_pick23__00000001__s0004.wav,0.18360605835914612,0.4533447325229645
strat_bridge_pick21__00000001__s0027.wav,0.13674654066562653,0.5445508360862732
prs_bridge_pick14__00000001__s0003.wav,0.34757232666015625,0.2536512613296509
tele_bridge_fing07__00000001__s0034.wav,0.15414993464946747,0.3451617360115051
prs_bridge_fing21__00000001__s0021.wav,0.844615638256073,0.8016281723976135
les_neck_pick22__00000001__s0045.wav,0.4910602867603302,0.4626219868659973
les_bridge_pick22__00000001__s0032.wav,0.31500786542892456,0.4776251018047333
tele_neck_fing18__00000001__s0026.wav,0.8064478039741516,0.6252027750015259
les_neck_fing01__00000001__s0006.wav,0.9291052222251892,0.8441997766494751
strat_neck_pick06__00000001__s0002.wav,0.44242778420448303,0.4648555815219879
les_neck_pick09__00000001__s0051.wav,0.5745681524276733,0.6853253245353699
les_bridge_pick15__00000001__s0053.wav,0.670574963092804,0.6676580309867859
tele_bridge_fing17__00000001__s0005.wav,0.45954999327659607,0.7132744789123535
les_neck_pick19__00000001__s0007.wav,0.6995081305503845,0.8129709362983704
tele_neck_fing23__00000001__s0003.wav,0.43432262539863586,0.5593730211257935
prs_neck_fing03__00000001__s0013.wav,0.809093713760376,0.5955992341041565
tele_neck_pick04__00000001__s0009.wav,0.45860233902931213,0.28627410531044006
les_bridge_fing05__00000001__s0033.wav,0.39857444167137146,0.2672685384750366
les_neck_pick14__00000001__s0038.wav,0.46331655979156494,0.387140691280365
les_bridge_fing05__00000001__s0007.wav,0.36774900555610657,0.3610492944717407
strat_bridge_pick18__00000001__s0031.wav,0.9587141871452332,0.9387383460998535
strat_bridge_pick21__00000001__s0048.wav,0.36895552277565,0.15662817656993866
tele_neck_pick16__00000001__s0049.wav,0.8047334551811218,0.6919651031494141
strat_bridge_pick10__00000001__s0002.wav,0.6563371419906616,0.34306061267852783
prs_bridge_fing24__00000001__s0048.wav,0.6065575480461121,0.3321559727191925
tele_neck_fing01__00000001__s0037.wav,0.4427016079425812,0.18802018463611603
prs_neck_fing23__00000001__s0027.wav,0.7156146764755249,0.3579773008823395
tele_neck_fing06__00000001__s0022.wav,0.12020443379878998,0.19330663979053497
strat_neck_fing22__00000001__s0043.wav,0.7615758776664734,0.3842574656009674
les_bridge_fing17__00000001__s0017.wav,0.5620777010917664,0.4346071481704712
les_neck_fing04__00000001__s0033.wav,0.24990935623645782,0.44715651869773865
les_neck_pick04__00000001__s0007.wav,0.4138840138912201,0.36202168464660645
tele_neck_pick20__00000001__s0023.wav,0.6700794100761414,0.2636251747608185
prs_bridge_fing10__00000001__s0045.wav,0.5029599666595459,0.3116813600063324
prs_neck_pick23__00000001__s0030.wav,0.2974180579185486,0.29534462094306946
les_bridge_pick07__00000001__s0007.wav,0.24426928162574768,0.399812251329422
les_neck_fing12__00000001__s0009.wav,0.3312471807003021,0.69094318151474
strat_neck_pick22__00000001__s0024.wav,0.10786223411560059,0.39803555607795715
strat_bridge_pick25__00000001__s0018.wav,0.6947922706604004,0.3683995306491852
prs_neck_fing08__00000001__s0027.wav,0.6961050629615784,0.4352448284626007
prs_bridge_fing10__00000001__s0034.wav,0.8992754220962524,0.9186059832572937
prs_bridge_pick15__00000001__s0042.wav,0.11781737953424454,0.41806918382644653
tele_bridge_fing18__00000001__s0005.wav,0.36099329590797424,0.4371207654476166
les_neck_fing15__00000001__s0005.wav,0.5059008598327637,0.5516647100448608
tele_bridge_fing09__00000001__s0016.wav,0.6719166040420532,0.4285576045513153
prs_bridge_fing21__00000001__s0055.wav,0.8736118078231812,0.9248332977294922
tele_bridge_fing13__00000001__s0003.wav,0.767982542514801,0.7932776212692261
strat_bridge_fing04__00000001__s0030.wav,0.6504282355308533,0.439992755651474
tele_bridge_pick09__00000001__s0052.wav,0.511812150478363,0.7360207438468933
les_bridge_pick17__00000001__s0016.wav,0.15727034211158752,0.45600250363349915
strat_bridge_pick17__00000001__s0055.wav,0.7914955019950867,0.8596004843711853
prs_bridge_fing05__00000001__s0028.wav,0.9366034269332886,0.8269484043121338
strat_bridge_fing09__00000001__s0031.wav,0.6203495860099792,0.48975178599357605
strat_neck_pick24__00000001__s0052.wav,0.7436438798904419,0.608511209487915
prs_bridge_fing02__00000001__s0022.wav,0.628516674041748,0.6362898945808411
les_neck_fing12__00000001__s0017.wav,0.6422238945960999,0.4374511241912842
tele_bridge_fing19__00000001__s0022.wav,0.7972350120544434,0.5760500431060791
prs_neck_fing08__00000001__s0029.wav,0.5346410870552063,0.21101467311382294
strat_neck_pick04__00000001__s0054.wav,0.3754688501358032,0.20365343987941742
prs_bridge_pick15__00000001__s0012.wav,0.9783750176429749,0.9036262035369873
les_neck_pick24__00000001__s0045.wav,0.7521029114723206,0.6930432915687561
tele_neck_fing19__00000001__s0030.wav,0.1240588054060936,0.34202733635902405
strat_neck_fing07__00000001__s0001.wav,0.4116903245449066,0.4722957909107208
strat_bridge_pick16__00000001__s0052.wav,0.47800150513648987,0.3450896143913269
les_neck_pick03__00000001__s0031.wav,0.9486739635467529,0.913686215877533
tele_bridge_pick08__00000001__s0046.wav,0.5597988963127136,0.7153727412223816
prs_bridge_fing21__00000001__s0039.wav,0.4722532033920288,0.35796016454696655
prs_neck_fing03__00000001__s0029.wav,0.6472282409667969,0.5251123309135437
tele_neck_pick09__00000001__s0023.wav,0.4286377727985382,0.23895274102687836
strat_bridge_fing16__00000001__s0010.wav,0.497070848941803,0.37840113043785095
strat_neck_pick04__00000001__s0035.wav,0.9552134275436401,0.9094902873039246
les_bridge_pick05__00000001__s0020.wav,0.014669924974441528,0.17978331446647644
prs_neck_fing08__00000001__s0013.wav,0.42434605956077576,0.6514991521835327
les_neck_pick02__00000001__s0035.wav,0.30132895708084106,0.21495908498764038
tele_neck_fing02__00000001__s0027.wav,0.16380713880062103,0.10920057445764542
les_neck_pick01__00000001__s0019.wav,0.4952070713043213,0.5760657787322998
prs_neck_fing12__00000001__s0004.wav,0.816000759601593,0.8712493777275085
les_bridge_fing02__00000001__s0047.wav,0.14461509883403778,0.14373737573623657
tele_neck_pick22__00000001__s0016.wav,0.5782930254936218,0.452223539352417
prs_bridge_pick24__00000001__s0005.wav,0.0025416675489395857,0.26384425163269043
tele_neck_pick03__00000001__s0020.wav,0.41759249567985535,0.4573880434036255
les_neck_fing25__00000001__s0047.wav,0.18705566227436066,0.20660215616226196
prs_bridge_fing03__00000001__s0007.wav,0.580476701259613,0.48227396607398987
prs_neck_fing21__00000001__s0046.wav,0.49377354979515076,0.46482816338539124
prs_neck_pick01__00000001__s0041.wav,0.9607337713241577,0.8544113636016846
tele_neck_pick02__00000001__s0042.wav,0.8755555748939514,0.71141117811203
les_neck_pick23__00000001__s0004.wav,0.6467918753623962,0.6884042620658875
prs_bridge_fing17__00000001__s0022.wav,0.057727329432964325,0.531444251537323
strat_neck_fing03__00000001__s0030.wav,0.24492061138153076,0.17343421280384064
prs_neck_fing10__00000001__s0044.wav,0.6536703705787659,0.2828802168369293
prs_neck_pick04__00000001__s0051.wav,0.3248595893383026,0.3067392110824585
les_neck_pick24__00000001__s0016.wav,0.5134308934211731,0.4858965575695038
tele_bridge_fing13__00000001__s0035.wav,0.11362897604703903,0.5052312016487122
tele_neck_pick02__00000001__s0006.wav,0.7552619576454163,0.9004850387573242
strat_bridge_pick05__00000001__s0030.wav,0.3420700132846832,0.3991849422454834
les_neck_fing18__00000001__s0054.wav,0.5740942358970642,0.49562889337539673
strat_neck_fing06__00000001__s0023.wav,0.5258172154426575,0.5067629218101501
strat_bridge_fing08__00000001__s0022.wav,0.008561353199183941,0.25910046696662903
les_neck_fing05__00000001__s0019.wav,0.8062556385993958,0.6041256189346313
strat_bridge_pick09__00000001__s0029.wav,0.8882333636283875,0.8890140056610107
tele_bridge_fing16__00000001__s0038.wav,0.7117091417312622,0.6430709958076477
prs_neck_fing10__00000001__s0025.wav,0.4532116651535034,0.32920169830322266
tele_bridge_fing22__00000001__s0051.wav,0.6049519181251526,0.6577184200286865
les_neck_fing01__00000001__s0048.wav,0.19459182024002075,0.5360142588615417
tele_neck_fing06__00000001__s0019.wav,0.8405662775039673,0.7380820512771606
prs_bridge_pick05__00000001__s0044.wav,0.6454740762710571,0.40367621183395386
strat_neck_fing05__00000001__s0055.wav,0.3676793575286865,0.423001766204834
les_bridge_fing21__00000001__s0024.wav,0.3156493604183197,0.3372921347618103
prs_bridge_pick17__00000001__s0035.wav,0.9424373507499695,0.9253467917442322
prs_bridge_pick09__00000001__s0047.wav,0.7967777252197266,0.7246503829956055
strat_bridge_fing04__00000001__s0048.wav,0.8458244204521179,0.8452032804489136
prs_neck_fing08__00000001__s0038.wav,0.4691365361213684,0.2123856246471405
les_neck_fing23__00000001__s0000.wav,0.3731214702129364,0.49026772379875183
prs_neck_fing14__00000001__s0021.wav,0.8534469604492188,0.8791071176528931
prs_neck_pick22__00000001__s0039.wav,0.9254248738288879,0.8864623308181763
strat_neck_pick12__00000001__s0022.wav,0.5503119230270386,0.26002344489097595
prs_neck_fing19__00000001__s0051.wav,0.42243492603302,0.35288360714912415
tele_bridge_pick25__00000001__s0027.wav,0.784275472164154,0.6656553149223328
tele_neck_fing01__00000001__s0033.wav,0.19695128500461578,0.19398966431617737
les_bridge_fing02__00000001__s0001.wav,0.8702794313430786,0.7855778932571411
prs_neck_pick25__00000001__s0036.wav,0.28893977403640747,0.26392561197280884
les_neck_fing03__00000001__s0031.wav,0.3868870735168457,0.2799416482448578
tele_bridge_fing15__00000001__s0022.wav,0.6138790845870972,0.7810270190238953
prs_neck_pick16__00000001__s0030.wav,0.6624230146408081,0.6195510029792786
tele_bridge_fing01__00000001__s0004.wav,0.42171981930732727,0.3767769932746887
strat_bridge_fing23__00000001__s0048.wav,0.029348300769925117,0.2302776277065277
strat_bridge_fing07__00000001__s0045.wav,0.2076415717601776,0.25717413425445557
strat_neck_pick17__00000001__s0053.wav,0.49093300104141235,0.41842201352119446
les_bridge_fing24__00000001__s0051.wav,0.5312826633453369,0.5492703914642334
tele_bridge_pick06__00000001__s0041.wav,0.40522176027297974,0.2371646910905838
les_neck_fing19__00000001__s0018.wav,0.5265377163887024,0.3741077184677124
tele_neck_pick10__00000001__s0009.wav,0.6763373017311096,0.8032861351966858
tele_bridge_fing25__00000001__s0006.wav,0.3446180820465088,0.2514444887638092
strat_bridge_fing19__00000001__s0006.wav,0.8040522933006287,0.7507098317146301
tele_bridge_fing15__00000001__s0017.wav,0.23320583999156952,0.4909602105617523
tele_bridge_pick18__00000001__s0023.wav,0.1467875838279724,0.39949706196784973
tele_bridge_pick06__00000001__s0035.wav,0.2175551801919937,0.454892635345459
les_neck_pick09__00000001__s0012.wav,0.49177345633506775,0.5204067230224609
tele_neck_fing08__00000001__s0008.wav,0.12008620798587799,0.5823954343795776
les_neck_pick13__00000001__s0037.wav,0.09874121099710464,0.292265385389328
prs_neck_fing24__00000001__s0005.wav,0.44407179951667786,0.5042731165885925
strat_neck_pick03__00000001__s0023.wav,0.46700310707092285,0.5847035050392151
tele_neck_pick24__00000001__s0055.wav,0.6073901653289795,0.6282476186752319
strat_bridge_pick10__00000001__s0040.wav,0.32194221019744873,0.3309484124183655
strat_neck_pick13__00000001__s0012.wav,0.10878418385982513,0.17129121720790863
prs_neck_fing16__00000001__s0030.wav,0.366475909948349,0.24929377436637878
strat_bridge_pick20__00000001__s0014.wav,0.5434845685958862,0.5864219665527344
tele_bridge_fing07__00000001__s0025.wav,0.3452503979206085,0.23211359977722168
les_bridge_pick17__00000001__s0005.wav,0.44872838258743286,0.47635242342948914
strat_neck_fing16__00000001__s0011.wav,0.2754685878753662,0.8218604326248169
les_neck_fing04__00000001__s0030.wav,0.9310150146484375,0.9069142937660217
prs_neck_pick05__00000001__s0035.wav,0.9539133310317993,0.7688875794410706
prs_bridge_fing08__00000001__s0053.wav,0.1675645411014557,0.19851109385490417
strat_neck_fing11__00000001__s0051.wav,0.9030027985572815,0.781783401966095
prs_bridge_fing19__00000001__s0023.wav,0.8806844353675842,0.7880489826202393
tele_neck_pick01__00000001__s0006.wav,0.4742382764816284,0.7346396446228027
les_bridge_fing07__00000001__s0043.wav,0.7122573852539062,0.4264996349811554
strat_bridge_pick20__00000001__s0021.wav,0.924084484577179,0.8544047474861145
les_neck_fing25__00000001__s0015.wav,0.5988466739654541,0.5442594289779663
strat_bridge_fing16__00000001__s0012.wav,0.16786199808120728,0.43905383348464966
prs_bridge_pick15__00000001__s0043.wav,0.48581206798553467,0.2783913016319275
les_neck_pick18__00000001__s0034.wav,0.9576281309127808,0.8933409452438354
strat_bridge_fing13__00000001__s0014.wav,0.5271020531654358,0.22439469397068024
tele_bridge_fing04__00000001__s0045.wav,0.9172837734222412,0.8185423016548157
tele_neck_fing07__00000001__s0053.wav,0.35889890789985657,0.2914072871208191
strat_bridge_fing23__00000001__s0006.wav,0.3462778925895691,0.5266289710998535
les_bridge_fing17__00000001__s0031.wav,0.18320995569229126,0.2143104523420334
prs_neck_fing10__00000001__s0024.wav,0.7564468383789062,0.4558432996273041
les_neck_pick17__00000001__s0039.wav,0.426617294549942,0.4199511408805847
tele_neck_pick07__00000001__s0024.wav,0.9911417961120605,0.8500123620033264
strat_bridge_pick01__00000001__s0045.wav,0.7647699117660522,0.6102309226989746
prs_bridge_pick25__00000001__s0011.wav,0.3624272048473358,0.301066517829895
tele_bridge_fing09__00000001__s0047.wav,0.9846107363700867,0.8217471837997437
prs_neck_fing14__00000001__s0001.wav,0.5235037207603455,0.6010791063308716
prs_neck_pick03__00000001__s0048.wav,0.35015860199928284,0.32407885789871216
les_neck_fing23__00000001__s0036.wav,0.007204256486147642,0.33006006479263306
les_bridge_fing08__00000001__s0007.wav,0.38122403621673584,0.6138854026794434
tele_neck_pick14__00000001__s0038.wav,0.827238917350769,0.7696825265884399
prs_bridge_pick11__00000001__s0022.wav,0.04103533923625946,0.47849610447883606
prs_neck_pick22__00000001__s0024.wav,0.7407644987106323,0.6913629174232483
prs_bridge_pick18__00000001__s0031.wav,0.5946428775787354,0.5486294627189636
prs_bridge_fing21__00000001__s0050.wav,0.38687869906425476,0.5276710987091064
tele_neck_pick06__00000001__s0019.wav,0.09177224338054657,0.1971476674079895
les_bridge_pick20__00000001__s0039.wav,0.32868561148643494,0.24948927760124207
tele_bridge_fing18__00000001__s0036.wav,0.3545425832271576,0.4163707494735718
strat_bridge_fing24__00000001__s0021.wav,0.29687681794166565,0.2785837650299072
prs_bridge_fing02__00000001__s0031.wav,0.3686731159687042,0.5705302357673645
strat_neck_fing25__00000001__s0010.wav,0.9630483984947205,0.8312098979949951
strat_bridge_pick07__00000001__s0038.wav,0.8160697221755981,0.7149314284324646
prs_neck_pick13__00000001__s0012.wav,0.2889794707298279,0.316378116607666
prs_neck_fing06__00000001__s0009.wav,0.6286952495574951,0.6341362595558167
prs_neck_fing07__00000001__s0027.wav,0.8565360307693481,0.9178345203399658
les_bridge_pick14__00000001__s0045.wav,0.9268046021461487,0.6739962697029114
strat_neck_pick19__00000001__s0022.wav,0.6640819311141968,0.8139148354530334
les_neck_pick25__00000001__s0013.wav,0.4844241440296173,0.42672044038772583
prs_bridge_fing14__00000001__s0027.wav,0.03115980327129364,0.6317856907844543
prs_bridge_pick13__00000001__s0019.wav,0.31078004837036133,0.6833603382110596
prs_bridge_pick03__00000001__s0013.wav,0.2979329824447632,0.33615756034851074
prs_neck_fing17__00000001__s0004.wav,0.08687259256839752,0.39000388979911804
les_neck_pick03__00000001__s0010.wav,0.8927905559539795,0.8731231689453125
strat_bridge_pick15__00000001__s0039.wav,0.36300432682037354,0.261759489774704
les_bridge_pick20__00000001__s0033.wav,0.993768572807312,0.8026095628738403
strat_neck_fing19__00000001__s0007.wav,0.060632020235061646,0.28292444348335266
strat_bridge_pick11__00000001__s0017.wav,0.8096672892570496,0.871076226234436
prs_bridge_fing21__00000001__s0037.wav,0.5364148616790771,0.5865712761878967
les_bridge_fing19__00000001__s0003.wav,0.6249241232872009,0.6120370030403137
strat_bridge_fing11__00000001__s0004.wav,0.13296400010585785,0.5036776065826416
strat_neck_fing09__00000001__s0001.wav,0.5280982255935669,0.6850313544273376
strat_neck_fing12__00000001__s0037.wav,0.7977901101112366,0.589674711227417
prs_neck_fing18__00000001__s0049.wav,0.2698591947555542,0.20628459751605988
prs_bridge_pick11__00000001__s0053.wav,0.8527700304985046,0.63671875
strat_bridge_fing19__00000001__s0049.wav,0.38336923718452454,0.33604174852371216
strat_bridge_pick20__00000001__s0051.wav,0.3238937258720398,0.3050040006637573
prs_bridge_pick10__00000001__s0014.wav,0.6584795713424683,0.5618794560432434
les_bridge_pick22__00000001__s0040.wav,0.7702264189720154,0.7330327033996582
les_bridge_fing09__00000001__s0019.wav,0.8023707270622253,0.7705838680267334
tele_bridge_pick21__00000001__s0017.wav,0.4816795885562897,0.22349165380001068
strat_neck_pick24__00000001__s0040.wav,0.07945135235786438,0.3069591224193573
prs_bridge_fing06__00000001__s0054.wav,0.5424176454544067,0.6623384952545166
tele_bridge_fing13__00000001__s0015.wav,0.5614010095596313,0.4277268946170807
prs_neck_fing09__00000001__s0025.wav,0.448175311088562,0.417939692735672
tele_bridge_fing07__00000001__s0033.wav,0.8006134033203125,0.8097631335258484
les_neck_pick14__00000001__s0026.wav,0.6656618118286133,0.5440484285354614
strat_bridge_fing03__00000001__s0030.wav,0.028234919533133507,0.16470709443092346
prs_bridge_fing13__00000001__s0039.wav,0.2549343407154083,0.5232576727867126
strat_bridge_pick03__00000001__s0019.wav,0.6451796293258667,0.8222180008888245
les_neck_pick17__00000001__s0002.wav,0.6109344959259033,0.6448618769645691
strat_bridge_fing14__00000001__s0048.wav,0.17020411789417267,0.19693706929683685
prs_neck_fing18__00000001__s0048.wav,0.42172130942344666,0.38149067759513855
les_neck_fing16__00000001__s0046.wav,0.8559329509735107,0.670762836933136
prs_neck_pick14__00000001__s0019.wav,0.4441227912902832,0.30842581391334534
tele_neck_fing03__00000001__s0008.wav,0.9556963443756104,0.86802077293396
prs_bridge_pick02__00000001__s0015.wav,0.6097615957260132,0.5902062058448792
tele_neck_pick04__00000001__s0028.wav,0.9968910813331604,0.7954530715942383
prs_neck_pick24__00000001__s0029.wav,0.24838978052139282,0.24741998314857483
strat_bridge_pick22__00000001__s0000.wav,0.21784643828868866,0.2256990671157837
prs_bridge_pick17__00000001__s0040.wav,0.3743918836116791,0.2541440725326538
strat_bridge_fing05__00000001__s0027.wav,0.713378369808197,0.6731857657432556
tele_bridge_pick07__00000001__s0017.wav,0.837558388710022,0.7849571704864502
prs_neck_pick14__00000001__s0016.wav,0.20070359110832214,0.24378733336925507
prs_neck_fing10__00000001__s0005.wav,0.9951061606407166,0.7734636664390564
tele_bridge_pick13__00000001__s0046.wav,0.7203132510185242,0.3425289988517761
tele_neck_pick05__00000001__s0004.wav,0.07718530297279358,0.30765318870544434
strat_bridge_fing06__00000001__s0044.wav,0.36672285199165344,0.4480852782726288
tele_bridge_pick19__00000001__s0041.wav,0.8299558758735657,0.9415662884712219
prs_bridge_pick06__00000001__s0044.wav,0.9579856991767883,0.9098682999610901
tele_bridge_fing15__00000001__s0007.wav,0.9911416172981262,0.6801977157592773
tele_bridge_pick02__00000001__s0040.wav,0.1446727216243744,0.29940342903137207
les_bridge_pick08__00000001__s0026.wav,0.9102491140365601,0.9231605529785156
les_neck_pick04__00000001__s0033.wav,0.9617222547531128,0.9594650864601135
les_bridge_fing12__00000001__s0035.wav,0.6677313446998596,0.2768952250480652
prs_neck_pick19__00000001__s0046.wav,0.030382633209228516,0.3213081955909729
strat_neck_fing20__00000001__s0054.wav,0.767652153968811,0.5757030844688416
les_bridge_fing04__00000001__s0009.wav,0.2331685721874237,0.4514952301979065
les_bridge_fing01__00000001__s0003.wav,0.9564090371131897,0.9236324429512024
prs_neck_fing21__00000001__s0009.wav,0.487343966960907,0.30498892068862915
tele_bridge_fing04__00000001__s0029.wav,0.10922626405954361,0.21884025633335114
les_bridge_pick12__00000001__s0012.wav,0.6612396836280823,0.4971317946910858
les_bridge_pick14__00000001__s0054.wav,0.1806790977716446,0.4814473092556
prs_neck_pick01__00000001__s0022.wav,0.5417831540107727,0.2616390883922577
prs_bridge_fing10__00000001__s0015.wav,0.8547125458717346,0.8218311071395874
tele_neck_pick07__00000001__s0037.wav,0.7377903461456299,0.7949198484420776
strat_neck_pick19__00000001__s0049.wav,0.5383554100990295,0.698205828666687
les_bridge_pick06__00000001__s0052.wav,0.47914934158325195,0.48610278964042664
tele_bridge_fing10__00000001__s0007.wav,0.2616122364997864,0.2787488102912903
strat_neck_pick11__00000001__s0047.wav,0.5495415925979614,0.2637721598148346
prs_neck_pick25__00000001__s0044.wav,0.7915394306182861,0.8492193818092346
les_bridge_pick18__00000001__s0040.wav,0.5576720833778381,0.3166802227497101
les_bridge_pick06__00000001__s0000.wav,0.3029870390892029,0.2995580732822418
les_neck_pick17__00000001__s0016.wav,0.8382224440574646,0.8612140417098999
tele_bridge_fing02__00000001__s0018.wav,0.6156831383705139,0.5047451257705688
tele_bridge_fing21__00000001__s0017.wav,0.26919904351234436,0.21315695345401764
tele_bridge_pick14__00000001__s0028.wav,0.804425835609436,0.8671350479125977
prs_bridge_pick25__00000001__s0018.wav,0.08151719719171524,0.2634871006011963
strat_neck_pick24__00000001__s0020.wav,0.48100000619888306,0.5796539187431335
prs_bridge_fing04__00000001__s0047.wav,0.39992979168891907,0.5727876424789429
tele_neck_fing06__00000001__s0026.wav,0.45762383937835693,0.5044592022895813
prs_bridge_fing15__00000001__s0040.wav,0.7628735303878784,0.6348475217819214
tele_neck_pick18__00000001__s0043.wav,0.3219446837902069,0.4591977596282959
strat_bridge_fing12__00000001__s0052.wav,0.09843441843986511,0.1318550556898117
tele_bridge_pick18__00000001__s0007.wav,0.058910664170980453,0.30517131090164185
tele_neck_pick24__00000001__s0024.wav,0.7564669251441956,0.5806851983070374
prs_bridge_pick01__00000001__s0033.wav,0.72072833776474,0.7032073736190796
tele_bridge_fing03__00000001__s0024.wav,0.5232783555984497,0.483085960149765
tele_bridge_fing14__00000001__s0031.wav,0.15735282003879547,0.21333590149879456
les_bridge_fing01__00000001__s0042.wav,0.9618205428123474,0.9049118757247925
tele_neck_pick08__00000001__s0023.wav,0.34617963433265686,0.529529333114624
strat_bridge_pick19__00000001__s0006.wav,0.21263331174850464,0.24107150733470917
les_neck_fing14__00000001__s0042.wav,0.15027981996536255,0.4139367938041687
les_neck_fing20__00000001__s0030.wav,0.38225555419921875,0.5282137393951416
prs_neck_pick12__00000001__s0028.wav,0.2622147798538208,0.33141300082206726
tele_neck_pick16__00000001__s0009.wav,0.4488932490348816,0.14003849029541016
strat_neck_fing01__00000001__s0008.wav,0.8205426931381226,0.8878796696662903
les_bridge_fing15__00000001__s0011.wav,0.40978965163230896,0.631180465221405
tele_bridge_pick22__00000001__s0001.wav,0.5272378921508789,0.31839266419410706
les_bridge_fing08__00000001__s0004.wav,0.7705960869789124,0.6768185496330261
prs_bridge_pick02__00000001__s0016.wav,0.9567464590072632,0.8853062391281128
strat_neck_fing09__00000001__s0019.wav,0.2847987711429596,0.15535835921764374
tele_bridge_pick06__00000001__s0015.wav,0.717552900314331,0.6067749857902527
les_bridge_pick15__00000001__s0029.wav,0.23962245881557465,0.3485148549079895
tele_bridge_fing01__00000001__s0021.wav,0.2902800142765045,0.47907429933547974
tele_bridge_fing10__00000001__s0047.wav,0.2513139545917511,0.27507349848747253
tele_neck_pick05__00000001__s0035.wav,0.6191514134407043,0.44160979986190796
prs_bridge_pick23__00000001__s0023.wav,0.06020066514611244,0.1932314932346344
tele_bridge_pick05__00000001__s0013.wav,0.4696774482727051,0.41803407669067383
les_neck_pick20__00000001__s0022.wav,0.3767593204975128,0.22251012921333313
tele_bridge_pick25__00000001__s0050.wav,0.9618799686431885,0.9132217168807983
les_neck_pick05__00000001__s0037.wav,0.7544611692428589,0.7289586067199707
prs_bridge_pick18__00000001__s0024.wav,0.9275633692741394,0.9253830313682556
prs_bridge_fing20__00000001__s0041.wav,0.9288726449012756,0.9417096376419067
prs_neck_pick10__00000001__s0027.wav,0.7185021638870239,0.42094656825065613
prs_bridge_fing15__00000001__s0000.wav,0.5378166437149048,0.5322640538215637
les_bridge_fing08__00000001__s0015.wav,0.2903452217578888,0.4054233431816101
tele_neck_fing04__00000001__s0054.wav,0.8575499653816223,0.7662221789360046
prs_bridge_pick11__00000001__s0043.wav,0.7509126663208008,0.6761347651481628
les_bridge_fing01__00000001__s0046.wav,0.42178207635879517,0.44623634219169617
tele_neck_pick22__00000001__s0023.wav,0.384142130613327,0.5900118947029114
tele_neck_pick09__00000001__s0050.wav,0.04575543850660324,0.3676969110965729
strat_neck_pick01__00000001__s0021.wav,0.236120343208313,0.18053637444972992
les_neck_fing19__00000001__s0032.wav,0.009780324064195156,0.21102218329906464
strat_bridge_pick19__00000001__s0029.wav,0.5416664481163025,0.506594717502594
strat_neck_pick21__00000001__s0005.wav,0.6353771686553955,0.7614085078239441
prs_neck_fing19__00000001__s0034.wav,0.5187495946884155,0.5113759636878967
tele_neck_pick02__00000001__s0028.wav,0.7933980226516724,0.5463711619377136
strat_neck_fing20__00000001__s0003.wav,0.6041419506072998,0.3017856180667877
strat_neck_fing24__00000001__s0004.wav,0.7442024350166321,0.8882133364677429
les_neck_pick01__00000001__s0005.wav,0.2554878890514374,0.28267350792884827
strat_bridge_pick22__00000001__s0021.wav,0.14519003033638,0.17255373299121857
strat_bridge_pick23__00000001__s0047.wav,0.4418501853942871,0.5993963479995728
tele_neck_pick16__00000001__s0040.wav,0.4167430102825165,0.42138808965682983
prs_neck_fing19__00000001__s0045.wav,0.3666873872280121,0.3389868140220642
prs_neck_fing03__00000001__s0030.wav,0.6302061080932617,0.29105207324028015
strat_bridge_fing05__00000001__s0003.wav,0.8727430701255798,0.6707577705383301
prs_bridge_fing11__00000001__s0004.wav,0.29609033465385437,0.4035462439060211
strat_neck_fing03__00000001__s0047.wav,0.4763442873954773,0.4073241651058197
tele_neck_fing04__00000001__s0021.wav,0.4084746241569519,0.5622144341468811
strat_neck_pick25__00000001__s0000.wav,0.2694898843765259,0.33964550495147705
tele_bridge_fing14__00000001__s0028.wav,0.4895556569099426,0.5168114304542542
tele_bridge_fing24__00000001__s0001.wav,0.07770072668790817,0.23991596698760986
tele_bridge_pick17__00000001__s0008.wav,0.6540717482566833,0.6648497581481934
strat_neck_pick09__00000001__s0052.wav,0.3114553987979889,0.3548873960971832
strat_neck_fing19__00000001__s0016.wav,0.9944364428520203,0.8052694797515869
prs_bridge_pick21__00000001__s0054.wav,0.9249927997589111,0.5067638754844666
les_bridge_pick20__00000001__s0021.wav,0.7881786823272705,0.8244996070861816
tele_bridge_pick16__00000001__s0011.wav,0.1273493468761444,0.5733170509338379
prs_neck_fing05__00000001__s0051.wav,0.40042465925216675,0.5595492124557495
prs_neck_fing05__00000001__s0013.wav,0.19487565755844116,0.6764808297157288
strat_neck_fing05__00000001__s0005.wav,0.7918864488601685,0.8257465362548828
strat_neck_pick01__00000001__s0046.wav,0.45550060272216797,0.28983908891677856
tele_bridge_fing06__00000001__s0032.wav,0.5689306259155273,0.4648616909980774
tele_neck_fing21__00000001__s0010.wav,0.25938981771469116,0.2577827274799347
les_neck_pick05__00000001__s0023.wav,0.5407763123512268,0.42294982075691223
strat_neck_fing12__00000001__s0028.wav,0.17916971445083618,0.3618243336677551
strat_bridge_pick17__00000001__s0001.wav,0.8313159942626953,0.6319507360458374
les_bridge_pick20__00000001__s0019.wav,0.290264368057251,0.20783643424510956
prs_neck_pick22__00000001__s0002.wav,0.04499536752700806,0.3355681002140045
tele_bridge_fing06__00000001__s0046.wav,0.07374218106269836,0.1604645550251007
strat_bridge_fing18__00000001__s0010.wav,0.4705353081226349,0.5220959782600403
tele_bridge_fing04__00000001__s0005.wav,0.24273008108139038,0.4137187600135803
tele_bridge_fing14__00000001__s0044.wav,0.4288330376148224,0.4324460029602051
tele_neck_pick04__00000001__s0001.wav,0.5243725180625916,0.41180646419525146
strat_bridge_pick18__00000001__s0018.wav,0.6127786040306091,0.5645243525505066
prs_bridge_pick03__00000001__s0000.wav,0.6539822220802307,0.49780774116516113
tele_neck_fing16__00000001__s0020.wav,0.20811888575553894,0.24895291030406952
prs_bridge_pick16__00000001__s0043.wav,0.6146678924560547,0.9243841767311096
strat_bridge_fing03__00000001__s0001.wav,0.806145191192627,0.6820859313011169
strat_neck_pick20__00000001__s0033.wav,0.6487665176391602,0.5536391139030457
strat_neck_pick09__00000001__s0045.wav,0.7532686591148376,0.5486610531806946
les_bridge_pick17__00000001__s0023.wav,0.373323917388916,0.4679316580295563
strat_bridge_fing07__00000001__s0030.wav,0.8268734216690063,0.3332976698875427
prs_neck_fing17__00000001__s0053.wav,0.6071805357933044,0.45256543159484863
prs_neck_fing20__00000001__s0043.wav,0.46845266222953796,0.4454316794872284
les_bridge_fing11__00000001__s0024.wav,0.3615754246711731,0.4104933738708496
prs_neck_fing06__00000001__s0023.wav,0.677251935005188,0.29775166511535645
strat_neck_pick01__00000001__s0013.wav,0.16977812349796295,0.3965769112110138
prs_neck_pick08__00000001__s0020.wav,0.376608282327652,0.3830249607563019
prs_neck_pick21__00000001__s0028.wav,0.36552271246910095,0.4595130980014801
strat_bridge_pick08__00000001__s0016.wav,0.27920255064964294,0.21737927198410034
les_bridge_pick22__00000001__s0046.wav,0.3790389597415924,0.5077760815620422
strat_bridge_pick09__00000001__s0001.wav,0.12352605164051056,0.5614683628082275
tele_neck_fing17__00000001__s0018.wav,0.13800011575222015,0.1834109127521515
les_neck_fing13__00000001__s0053.wav,0.34847399592399597,0.6264573931694031
les_bridge_pick22__00000001__s0026.wav,0.6898068189620972,0.7093288898468018
prs_neck_pick14__00000001__s0032.wav,0.6887945532798767,0.6325197815895081
les_neck_fing09__00000001__s0048.wav,0.2911005914211273,0.25875043869018555
prs_neck_pick01__00000001__s0044.wav,0.2177414894104004,0.2943922281265259
les_bridge_fing13__00000001__s0036.wav,0.9888591766357422,0.8288185596466064
les_bridge_fing15__00000001__s0035.wav,0.9959321618080139,0.6228220462799072
les_bridge_pick24__00000001__s0014.wav,0.11126461625099182,0.1562425047159195
tele_bridge_fing05__00000001__s0011.wav,0.8655990362167358,0.9264662861824036
strat_bridge_fing07__00000001__s0015.wav,0.9212819933891296,0.924433171749115
les_bridge_pick08__00000001__s0030.wav,0.006479342468082905,0.35306161642074585
prs_neck_pick05__00000001__s0002.wav,0.5268403887748718,0.568040132522583
les_neck_pick12__00000001__s0008.wav,0.4994266927242279,0.3502332866191864
prs_bridge_pick21__00000001__s0031.wav,0.19277028739452362,0.5148411989212036
tele_neck_pick19__00000001__s0043.wav,0.4792090952396393,0.6923972964286804
prs_bridge_fing11__00000001__s0013.wav,0.690647542476654,0.6310581564903259
les_bridge_pick06__00000001__s0042.wav,0.6635298132896423,0.7861693501472473
strat_bridge_fing18__00000001__s0008.wav,0.5395689010620117,0.6969109177589417
tele_bridge_pick16__00000001__s0050.wav,0.4086412489414215,0.7365395426750183
tele_neck_fing03__00000001__s0054.wav,0.6024553179740906,0.4487476646900177
prs_neck_fing01__00000001__s0026.wav,0.5895422697067261,0.17898645997047424
tele_neck_pick03__00000001__s0036.wav,0.8191564679145813,0.6925966143608093
les_neck_pick04__00000001__s0032.wav,0.8405851721763611,0.9152268767356873
strat_neck_pick01__00000001__s0042.wav,0.24756421148777008,0.25489354133605957
prs_bridge_pick09__00000001__s0026.wav,0.6269479393959045,0.6632689833641052
strat_bridge_fing12__00000001__s0011.wav,0.4328267276287079,0.4116210341453552
tele_neck_pick02__00000001__s0022.wav,0.09888554364442825,0.2547825872898102
tele_neck_pick17__00000001__s0008.wav,0.9128023982048035,0.9319182634353638
tele_bridge_pick12__00000001__s0002.wav,0.21205660700798035,0.234391987323761
tele_bridge_fing09__00000001__s0051.wav,0.13232146203517914,0.11916305869817734
strat_bridge_pick10__00000001__s0035.wav,0.44865044951438904,0.508640468120575
strat_neck_pick03__00000001__s0043.wav,0.2034275233745575,0.4772140681743622
tele_bridge_fing08__00000001__s0007.wav,0.6639122366905212,0.6286647915840149
les_neck_pick24__00000001__s0012.wav,0.5561659336090088,0.25235608220100403
prs_neck_fing03__00000001__s0026.wav,0.477821946144104,0.5070337653160095
tele_neck_fing02__00000001__s0008.wav,0.9830296039581299,0.7279416918754578
prs_bridge_pick16__00000001__s0033.wav,0.9229527711868286,0.9200037717819214
les_neck_fing15__00000001__s0049.wav,0.28280285000801086,0.367289274930954
les_bridge_fing12__00000001__s0028.wav,0.3217700123786926,0.22624485194683075
strat_bridge_fing07__00000001__s0012.wav,0.9664018154144287,0.8531033396720886
strat_bridge_pick15__00000001__s0003.wav,0.9352962970733643,0.6364099383354187
prs_neck_fing02__00000001__s0033.wav,0.9432076811790466,0.7974401116371155
tele_bridge_fing13__00000001__s0033.wav,0.6595234274864197,0.5195400714874268
prs_bridge_fing16__00000001__s0027.wav,0.5267814993858337,0.5129491686820984
les_neck_fing12__00000001__s0039.wav,0.06764987111091614,0.17751802504062653
prs_neck_fing03__00000001__s0039.wav,0.6162481307983398,0.8014460206031799
prs_bridge_pick14__00000001__s0025.wav,0.29762956500053406,0.39017564058303833
les_bridge_fing21__00000001__s0033.wav,0.9124542474746704,0.806938886642456
tele_neck_pick05__00000001__s0006.wav,0.056920893490314484,0.32349786162376404
tele_bridge_fing02__00000001__s0008.wav,0.17379696667194366,0.2852158546447754
les_neck_fing15__00000001__s0008.wav,0.021964706480503082,0.26661738753318787
tele_bridge_pick16__00000001__s0021.wav,0.5725264549255371,0.5765425562858582
prs_neck_pick08__00000001__s0002.wav,0.4289316236972809,0.3976267874240875
strat_neck_fing19__00000001__s0020.wav,0.4026501774787903,0.44060584902763367
prs_neck_fing23__00000001__s0015.wav,0.10550377517938614,0.21461476385593414
les_bridge_pick22__00000001__s0029.wav,0.7648904919624329,0.6114600896835327
les_bridge_pick14__00000001__s0005.wav,0.23404352366924286,0.30436861515045166
strat_neck_pick25__00000001__s0017.wav,0.44606921076774597,0.2676367461681366
tele_bridge_fing14__00000001__s0009.wav,0.590647280216217,0.4912079870700836
tele_bridge_fing25__00000001__s0005.wav,0.8972362875938416,0.847954273223877
les_bridge_pick09__00000001__s0021.wav,0.7122503519058228,0.7104732990264893
strat_bridge_fing13__00000001__s0053.wav,0.5428376197814941,0.3491082489490509
prs_bridge_pick10__00000001__s0030.wav,0.7591544985771179,0.7364561557769775
strat_bridge_fing10__00000001__s0037.wav,0.14576107263565063,0.12514306604862213
tele_bridge_fing01__00000001__s0044.wav,0.8083128929138184,0.7935891151428223
strat_neck_pick17__00000001__s0052.wav,0.9049966931343079,0.8309811949729919
prs_neck_pick23__00000001__s0049.wav,0.9696144461631775,0.8932899236679077
tele_bridge_fing20__00000001__s0053.wav,0.5277652740478516,0.19998978078365326
strat_bridge_fing11__00000001__s0026.wav,0.775275468826294,0.634556770324707
tele_neck_pick16__00000001__s0011.wav,0.6486372947692871,0.7455694675445557
les_neck_fing20__00000001__s0048.wav,0.3565657436847687,0.2702939212322235
les_bridge_pick01__00000001__s0030.wav,0.35075798630714417,0.42566779255867004
les_bridge_fing17__00000001__s0025.wav,0.44318705797195435,0.1355828493833542
tele_bridge_pick12__00000001__s0022.wav,0.05477304756641388,0.34541547298431396
tele_bridge_fing05__00000001__s0014.wav,0.6332077383995056,0.8259215950965881
strat_bridge_pick02__00000001__s0011.wav,0.7655068039894104,0.6337690949440002
les_bridge_pick20__00000001__s0041.wav,0.21076202392578125,0.5089946985244751
tele_bridge_fing20__00000001__s0040.wav,0.689730703830719,0.2622854709625244
strat_bridge_pick24__00000001__s0048.wav,0.32835108041763306,0.51851487159729
tele_neck_fing17__00000001__s0048.wav,0.6020322442054749,0.7336280941963196
strat_bridge_fing12__00000001__s0042.wav,0.11719706654548645,0.6019619107246399
strat_bridge_pick05__00000001__s0013.wav,0.7647340297698975,0.4202274978160858
strat_neck_pick25__00000001__s0046.wav,0.09278105944395065,0.3644440174102783
prs_bridge_pick09__00000001__s0020.wav,0.22430676221847534,0.4134032130241394
prs_bridge_fing07__00000001__s0043.wav,0.6974194049835205,0.5693054795265198
tele_bridge_pick19__00000001__s0028.wav,0.05037393420934677,0.28061243891716003
prs_bridge_pick09__00000001__s0036.wav,0.04968632757663727,0.29551735520362854
prs_bridge_pick03__00000001__s0003.wav,0.10346436500549316,0.2321796417236328
les_bridge_pick17__00000001__s0030.wav,0.18734611570835114,0.37119659781455994
tele_neck_fing02__00000001__s0034.wav,0.06486708670854568,0.24481941759586334
strat_neck_fing20__00000001__s0031.wav,0.4437515437602997,0.7288293242454529
strat_bridge_fing12__00000001__s0020.wav,0.9280713796615601,0.8633991479873657
tele_neck_pick09__00000001__s0046.wav,0.24896228313446045,0.28151193261146545
prs_bridge_fing20__00000001__s0010.wav,0.6406939029693604,0.6382061839103699
strat_neck_pick07__00000001__s0021.wav,0.3642977178096771,0.3520239293575287
strat_neck_pick13__00000001__s0040.wav,0.15842869877815247,0.183577761054039
les_neck_pick21__00000001__s0025.wav,0.181786447763443,0.18442663550376892
prs_neck_pick20__00000001__s0006.wav,0.053331319242715836,0.20685602724552155
les_bridge_fing22__00000001__s0023.wav,0.12357144057750702,0.19707509875297546
prs_bridge_pick04__00000001__s0033.wav,0.30157098174095154,0.2865305542945862
strat_bridge_fing24__00000001__s0033.wav,0.9419198036193848,0.8779048919677734
les_bridge_fing09__00000001__s0009.wav,0.16201022267341614,0.1209547147154808
tele_bridge_pick21__00000001__s0003.wav,0.5559871792793274,0.30683568120002747
prs_neck_pick06__00000001__s0045.wav,0.9799003005027771,0.9392587542533875
prs_neck_fing08__00000001__s0037.wav,0.27574774622917175,0.26076120138168335
prs_neck_fing03__00000001__s0004.wav,0.05085017904639244,0.46002301573753357
les_bridge_fing09__00000001__s0023.wav,0.20160721242427826,0.4419011175632477
prs_neck_pick09__00000001__s0033.wav,0.3855167031288147,0.49776962399482727
tele_bridge_fing07__00000001__s0031.wav,0.1961355209350586,0.562659740447998
strat_neck_fing13__00000001__s0046.wav,0.9860714673995972,0.7624133825302124
strat_neck_pick11__00000001__s0045.wav,0.17741751670837402,0.32365304231643677
prs_bridge_fing03__00000001__s0036.wav,0.5231026411056519,0.5884687900543213
prs_bridge_pick12__00000001__s0045.wav,0.1461447775363922,0.17416881024837494
strat_neck_pick05__00000001__s0048.wav,0.3688792586326599,0.6262679696083069
tele_neck_pick03__00000001__s0009.wav,0.31068703532218933,0.5991353988647461
les_neck_fing10__00000001__s0019.wav,0.3303990066051483,0.41101789474487305
les_neck_pick15__00000001__s0034.wav,0.9608922004699707,0.9033911824226379
tele_neck_pick23__00000001__s0020.wav,0.6457746028900146,0.6242072582244873
les_neck_pick03__00000001__s0032.wav,0.31964772939682007,0.2602638006210327
tele_neck_pick03__00000001__s0000.wav,0.5837298631668091,0.6378045082092285
tele_bridge_pick16__00000001__s0040.wav,0.22659187018871307,0.3902566730976105
tele_neck_fing16__00000001__s0003.wav,0.07055146247148514,0.21651047468185425
les_bridge_pick13__00000001__s0045.wav,0.04090667888522148,0.26228412985801697
tele_neck_pick09__00000001__s0034.wav,0.5680635571479797,0.6578207015991211
prs_bridge_pick16__00000001__s0030.wav,0.7357136011123657,0.8361921906471252
les_bridge_fing12__00000001__s0052.wav,0.3959179222583771,0.21795976161956787
les_bridge_fing21__00000001__s0042.wav,0.3964807093143463,0.30180078744888306
tele_bridge_fing12__00000001__s0050.wav,0.49569979310035706,0.4019942581653595
les_neck_pick23__00000001__s0027.wav,0.4580254852771759,0.1917518675327301
les_neck_pick05__00000001__s0000.wav,0.5466049313545227,0.6314287781715393
strat_neck_pick17__00000001__s0005.wav,0.2870923578739166,0.38072001934051514
strat_neck_pick21__00000001__s0043.wav,0.326337605714798,0.1831081509590149
prs_bridge_pick03__00000001__s0009.wav,0.553950846195221,0.36903834342956543
prs_neck_fing09__00000001__s0048.wav,0.44634607434272766,0.5505807995796204
prs_neck_fing14__00000001__s0025.wav,0.6545801758766174,0.32984644174575806
prs_bridge_pick12__00000001__s0049.wav,0.030321944504976273,0.5385974049568176
les_bridge_fing22__00000001__s0043.wav,0.49047166109085083,0.6333713531494141
les_bridge_fing08__00000001__s0039.wav,0.40965601801872253,0.40215054154396057
strat_neck_pick18__00000001__s0046.wav,0.4291504919528961,0.49974989891052246
les_neck_pick13__00000001__s0049.wav,0.3072172701358795,0.10954897105693817
tele_bridge_fing03__00000001__s0013.wav,0.7882176637649536,0.8630727529525757
strat_bridge_fing24__00000001__s0052.wav,0.9698581099510193,0.8790459632873535
les_neck_pick23__00000001__s0024.wav,0.22422219812870026,0.6223390102386475
tele_neck_fing23__00000001__s0007.wav,0.8547048568725586,0.788554310798645
les_bridge_fing12__00000001__s0031.wav,0.7390656471252441,0.7719783782958984
les_neck_pick24__00000001__s0037.wav,0.17366263270378113,0.35145264863967896
les_neck_pick23__00000001__s0014.wav,0.9893487095832825,0.7824196815490723
prs_neck_pick08__00000001__s0050.wav,0.41033467650413513,0.4140284061431885
prs_neck_pick23__00000001__s0050.wav,0.4630722403526306,0.37052762508392334
tele_bridge_fing03__00000001__s0012.wav,0.5805319547653198,0.718085765838623
tele_bridge_fing15__00000001__s0045.wav,0.7981370687484741,0.8781560063362122
prs_bridge_pick06__00000001__s0050.wav,0.8233088254928589,0.8887690901756287
prs_neck_fing07__00000001__s0042.wav,0.020392851904034615,0.1140267550945282
les_neck_pick12__00000001__s0026.wav,0.21153175830841064,0.2681692838668823
les_bridge_pick24__00000001__s0006.wav,0.4298710227012634,0.3838360607624054
tele_bridge_fing24__00000001__s0019.wav,0.7164262533187866,0.6214626431465149
tele_neck_pick14__00000001__s0027.wav,0.2639055550098419,0.3783039152622223
prs_bridge_pick19__00000001__s0022.wav,0.8412956595420837,0.8045287728309631
strat_neck_pick01__00000001__s0020.wav,0.7058087587356567,0.2544790208339691
strat_bridge_fing15__00000001__s0041.wav,0.08680056035518646,0.7750771641731262
prs_neck_pick05__00000001__s0025.wav,0.1677970588207245,0.4444040358066559
les_neck_pick02__00000001__s0023.wav,0.5603838562965393,0.4998590052127838
prs_bridge_fing12__00000001__s0054.wav,0.7446879744529724,0.3491925597190857
tele_bridge_pick15__00000001__s0018.wav,0.03804035484790802,0.218643918633461
prs_neck_pick12__00000001__s0032.wav,0.5671908259391785,0.4195024371147156
strat_bridge_fing07__00000001__s0021.wav,0.5524122714996338,0.6069324612617493
tele_neck_fing24__00000001__s0001.wav,0.2777097225189209,0.2654852271080017
les_bridge_fing06__00000001__s0035.wav,0.7646820545196533,0.5894089341163635
tele_bridge_fing01__00000001__s0019.wav,0.17205001413822174,0.5135751962661743
tele_neck_pick14__00000001__s0002.wav,0.09679978340864182,0.34499844908714294
strat_bridge_pick18__00000001__s0054.wav,0.1589660793542862,0.7023239731788635
prs_neck_pick06__00000001__s0012.wav,0.3916582465171814,0.5840499401092529
tele_neck_fing04__00000001__s0046.wav,0.561881422996521,0.4959866404533386
les_bridge_pick01__00000001__s0019.wav,0.2656695246696472,0.4627033472061157
tele_bridge_pick08__00000001__s0010.wav,0.0004389368405099958,0.34791719913482666
tele_neck_fing03__00000001__s0037.wav,0.9284961819648743,0.6718920469284058
prs_neck_pick24__00000001__s0030.wav,0.06465037167072296,0.2965032458305359
strat_neck_fing12__00000001__s0040.wav,0.41715502738952637,0.5871933698654175
les_neck_pick05__00000001__s0039.wav,0.22121232748031616,0.24938099086284637
prs_bridge_pick23__00000001__s0035.wav,0.7027750015258789,0.7512922883033752
tele_neck_pick01__00000001__s0054.wav,0.4809451401233673,0.6622717380523682
tele_neck_fing05__00000001__s0042.wav,0.7820283770561218,0.7174558639526367
prs_neck_pick25__00000001__s0004.wav,0.7143568396568298,0.567095160484314
les_bridge_pick24__00000001__s0015.wav,0.5914607048034668,0.4707227051258087
strat_neck_fing05__00000001__s0050.wav,0.2605189383029938,0.48179107904434204
tele_neck_fing23__00000001__s0038.wav,0.9565767049789429,0.9293267726898193
strat_bridge_fing22__00000001__s0005.wav,0.29335907101631165,0.3928256630897522
tele_neck_fing07__00000001__s0050.wav,0.4135352075099945,0.6662157773971558
strat_bridge_pick25__00000001__s0014.wav,0.34173136949539185,0.49633339047431946
strat_neck_fing13__00000001__s0040.wav,0.451993465423584,0.551680326461792
tele_neck_fing16__00000001__s0055.wav,0.9009804725646973,0.7981656789779663
les_bridge_fing06__00000001__s0006.wav,0.9043546915054321,0.7876044511795044
tele_bridge_fing13__00000001__s0032.wav,0.39533549547195435,0.2700637876987457
prs_bridge_fing20__00000001__s0034.wav,0.7329965829849243,0.5387547016143799
les_neck_fing13__00000001__s0016.wav,0.7465682029724121,0.36264604330062866
prs_bridge_fing19__00000001__s0051.wav,0.40669992566108704,0.5570318698883057
tele_bridge_fing16__00000001__s0043.wav,0.6244668364524841,0.744723379611969
strat_neck_pick09__00000001__s0006.wav,0.29049432277679443,0.3739587366580963
prs_bridge_pick19__00000001__s0040.wav,0.8933338522911072,0.829875111579895
prs_neck_pick18__00000001__s0029.wav,0.012694211676716805,0.35355716943740845
strat_bridge_pick11__00000001__s0035.wav,0.8175488710403442,0.8541208505630493
prs_neck_pick01__00000001__s0014.wav,0.8593505024909973,0.6619814038276672
tele_bridge_fing06__00000001__s0053.wav,0.6036633253097534,0.17632338404655457
les_bridge_fing06__00000001__s0013.wav,0.004738872870802879,0.26242727041244507
tele_neck_pick25__00000001__s0054.wav,0.46933868527412415,0.6662736535072327
les_neck_fing15__00000001__s0050.wav,0.024170970544219017,0.3329242765903473
tele_neck_pick10__00000001__s0038.wav,0.1228538453578949,0.2856317162513733
tele_bridge_fing18__00000001__s0040.wav,0.9653672575950623,0.7916897535324097
strat_bridge_fing04__00000001__s0049.wav,0.4703049957752228,0.2892187535762787
tele_neck_fing16__00000001__s0029.wav,0.06926688551902771,0.23670907318592072
strat_bridge_fing16__00000001__s0028.wav,0.9852777123451233,0.9114353060722351
les_neck_pick10__00000001__s0020.wav,0.7540862560272217,0.8385489583015442
les_neck_fing05__00000001__s0053.wav,0.975789487361908,0.9791758060455322
les_neck_fing07__00000001__s0053.wav,0.7647913694381714,0.7089005708694458
prs_bridge_pick19__00000001__s0021.wav,0.9542962312698364,0.7926432490348816
les_bridge_pick24__00000001__s0040.wav,0.35542428493499756,0.6112335324287415
strat_bridge_pick21__00000001__s0046.wav,0.2010013461112976,0.3116339147090912
tele_neck_pick22__00000001__s0034.wav,0.6022176146507263,0.49968481063842773
tele_neck_fing10__00000001__s0008.wav,0.9283814430236816,0.8708705902099609
les_neck_pick15__00000001__s0054.wav,0.9819672703742981,0.6974416971206665
prs_bridge_fing15__00000001__s0023.wav,0.36417898535728455,0.4009651839733124
strat_bridge_pick11__00000001__s0028.wav,0.768997073173523,0.6610064506530762
les_bridge_pick11__00000001__s0034.wav,0.499738484621048,0.577932596206665
les_neck_pick06__00000001__s0009.wav,0.3514053225517273,0.42163631319999695
strat_neck_fing22__00000001__s0015.wav,0.13438951969146729,0.21831420063972473
les_bridge_fing12__00000001__s0005.wav,0.31014591455459595,0.15287722647190094
tele_bridge_pick08__00000001__s0053.wav,0.9010502099990845,0.7452432513237
prs_bridge_pick15__00000001__s0027.wav,0.34603866934776306,0.3641302287578583
tele_bridge_fing14__00000001__s0012.wav,0.7324411869049072,0.7103188037872314
les_neck_fing22__00000001__s0039.wav,0.698002815246582,0.7079242467880249
prs_neck_pick14__00000001__s0052.wav,0.33591845631599426,0.4518035352230072
prs_bridge_fing23__00000001__s0004.wav,0.0743885412812233,0.4334590435028076
tele_bridge_fing19__00000001__s0006.wav,0.22338387370109558,0.46996718645095825
tele_neck_pick18__00000001__s0032.wav,0.4340950846672058,0.41774439811706543
strat_bridge_pick03__00000001__s0033.wav,0.8791553974151611,0.9063029885292053
strat_bridge_fing06__00000001__s0029.wav,0.7012059688568115,0.7417819499969482
prs_bridge_pick09__00000001__s0010.wav,0.7091578245162964,0.6457346677780151
prs_bridge_pick09__00000001__s0018.wav,0.8483636379241943,0.7525637149810791
les_neck_pick17__00000001__s0043.wav,0.28340378403663635,0.5609461665153503
tele_neck_fing03__00000001__s0005.wav,0.27387887239456177,0.26474225521087646
prs_bridge_pick16__00000001__s0037.wav,0.8130818009376526,0.8247078061103821
strat_neck_pick06__00000001__s0029.wav,0.9540147185325623,0.926323652267456
strat_neck_fing13__00000001__s0048.wav,0.15211927890777588,0.2739984095096588
prs_bridge_fing24__00000001__s0003.wav,0.1950160413980484,0.321754515171051
strat_bridge_fing18__00000001__s0024.wav,0.781113862991333,0.6326935887336731
prs_neck_fing04__00000001__s0044.wav,0.20682959258556366,0.2727188169956207
prs_bridge_pick12__00000001__s0011.wav,0.5705509781837463,0.3037416338920593
les_neck_fing03__00000001__s0023.wav,0.20356836915016174,0.36749881505966187
strat_bridge_fing07__00000001__s0001.wav,0.386579692363739,0.4589322507381439
les_neck_pick12__00000001__s0034.wav,0.489460289478302,0.25174662470817566
les_neck_pick01__00000001__s0003.wav,0.08854449540376663,0.1621238738298416
les_neck_fing21__00000001__s0028.wav,0.82126784324646,0.6400164365768433
les_bridge_pick15__00000001__s0023.wav,0.5105785727500916,0.5640597343444824
tele_bridge_pick05__00000001__s0002.wav,0.3583265542984009,0.4937606155872345
les_bridge_fing14__00000001__s0008.wav,0.584416389465332,0.6783364415168762
prs_bridge_fing01__00000001__s0047.wav,0.46856027841567993,0.580356240272522
les_neck_fing17__00000001__s0032.wav,0.7486972212791443,0.8474026322364807
strat_bridge_fing19__00000001__s0015.wav,0.053132493048906326,0.260762482881546
les_bridge_fing09__00000001__s0002.wav,0.5964832901954651,0.5610663890838623
strat_bridge_pick21__00000001__s0006.wav,0.17318102717399597,0.2713277041912079
les_bridge_pick12__00000001__s0050.wav,0.16992305219173431,0.16267602145671844
strat_neck_pick09__00000001__s0046.wav,0.7241796851158142,0.6406266689300537
les_bridge_fing20__00000001__s0007.wav,0.3564428687095642,0.13277314603328705
strat_neck_pick19__00000001__s0042.wav,0.051194626837968826,0.2668285667896271
tele_neck_fing14__00000001__s0037.wav,0.7243072986602783,0.4937938153743744
prs_bridge_fing06__00000001__s0008.wav,0.25928404927253723,0.49069640040397644
prs_neck_pick17__00000001__s0037.wav,0.13578598201274872,0.2095729559659958
prs_bridge_pick16__00000001__s0046.wav,0.4472621977329254,0.2266249805688858
strat_bridge_fing21__00000001__s0046.wav,0.9453896284103394,0.8079191446304321
prs_bridge_pick21__00000001__s0045.wav,0.6154345273971558,0.31801870465278625
les_bridge_fing23__00000001__s0005.wav,0.411976158618927,0.4250754714012146
les_neck_pick23__00000001__s0041.wav,0.15649549663066864,0.22860635817050934
strat_neck_pick25__00000001__s0013.wav,0.025174785405397415,0.21324874460697174
prs_neck_fing10__00000001__s0035.wav,0.9569476842880249,0.6166200637817383
prs_neck_pick12__00000001__s0012.wav,0.7281761169433594,0.6486911177635193
strat_bridge_pick15__00000001__s0001.wav,0.3924711346626282,0.637123703956604
les_bridge_fing01__00000001__s0041.wav,0.4691648483276367,0.602496325969696
strat_neck_pick20__00000001__s0006.wav,0.9271044731140137,0.8276292681694031
strat_bridge_pick17__00000001__s0039.wav,0.6420225501060486,0.8394114375114441
tele_neck_fing13__00000001__s0015.wav,0.47752541303634644,0.5972897410392761
les_bridge_pick22__00000001__s0002.wav,0.15834403038024902,0.3721013069152832
prs_neck_pick12__00000001__s0029.wav,0.7257033586502075,0.6805927753448486
strat_neck_pick19__00000001__s0012.wav,0.2999281585216522,0.40043359994888306
les_neck_fing13__00000001__s0002.wav,0.5545764565467834,0.22504523396492004
tele_bridge_pick08__00000001__s0004.wav,0.7902858853340149,0.5814270973205566
les_bridge_fing21__00000001__s0003.wav,0.985240638256073,0.708040177822113
strat_bridge_pick19__00000001__s0009.wav,0.3400481939315796,0.48657354712486267
les_neck_pick04__00000001__s0049.wav,0.6063836812973022,0.8012973070144653
les_bridge_pick15__00000001__s0039.wav,0.14850562810897827,0.41064706444740295
tele_neck_fing02__00000001__s0004.wav,0.5463573932647705,0.44913214445114136
prs_bridge_fing04__00000001__s0032.wav,0.3017561733722687,0.45557504892349243
les_bridge_pick22__00000001__s0009.wav,0.5321801900863647,0.7970215082168579
strat_bridge_pick09__00000001__s0032.wav,0.9750694036483765,0.9409275054931641
tele_neck_fing15__00000001__s0044.wav,0.14514078199863434,0.15766353905200958
tele_neck_fing04__00000001__s0026.wav,0.8043924570083618,0.8807002305984497
tele_bridge_pick01__00000001__s0031.wav,0.6873739361763,0.7659283876419067
tele_neck_pick02__00000001__s0041.wav,0.034667886793613434,0.15874901413917542
tele_bridge_fing24__00000001__s0048.wav,0.26484179496765137,0.239251047372818
prs_neck_fing07__00000001__s0037.wav,0.5228105783462524,0.6164342164993286
prs_bridge_pick08__00000001__s0053.wav,0.3068995177745819,0.5608211755752563
les_bridge_fing02__00000001__s0034.wav,0.5845502018928528,0.4274183213710785
prs_bridge_pick11__00000001__s0011.wav,0.9475859999656677,0.4818606972694397
tele_bridge_pick18__00000001__s0027.wav,0.9700537919998169,0.8983063101768494
strat_neck_pick11__00000001__s0024.wav,0.6494467854499817,0.412331223487854
tele_neck_pick13__00000001__s0036.wav,0.2314557582139969,0.3964943289756775
prs_bridge_fing03__00000001__s0031.wav,0.5978082418441772,0.5610051155090332
strat_bridge_fing08__00000001__s0011.wav,0.877006471157074,0.7029901742935181
strat_neck_fing22__00000001__s0049.wav,0.6909344792366028,0.22952023148536682
les_neck_pick10__00000001__s0039.wav,0.9593825936317444,0.8508566617965698
les_bridge_fing13__00000001__s0033.wav,0.1712370216846466,0.42912793159484863
strat_neck_fing06__00000001__s0048.wav,0.2022089809179306,0.38052213191986084
prs_bridge_pick22__00000001__s0017.wav,0.5413722991943359,0.380096435546875
tele_bridge_fing19__00000001__s0049.wav,0.609001100063324,0.5192283987998962
prs_neck_pick12__00000001__s0018.wav,0.4785016179084778,0.606269121170044
tele_neck_pick14__00000001__s0029.wav,0.4227186143398285,0.1795889288187027
les_neck_fing03__00000001__s0046.wav,0.23046676814556122,0.3347906768321991
tele_bridge_pick13__00000001__s0014.wav,0.09145320951938629,0.0977293998003006
strat_bridge_fing07__00000001__s0051.wav,0.03983590006828308,0.21963317692279816
les_neck_fing09__00000001__s0000.wav,0.0014869640581309795,0.19689331948757172
prs_bridge_pick17__00000001__s0026.wav,0.49656742811203003,0.1870346963405609
prs_neck_pick04__00000001__s0014.wav,0.004205193370580673,0.2566910684108734
tele_neck_fing19__00000001__s0045.wav,0.8319401741027832,0.8099600076675415
les_bridge_fing20__00000001__s0022.wav,0.15398752689361572,0.2288883477449417
prs_bridge_fing21__00000001__s0015.wav,0.34270504117012024,0.2240203320980072
strat_neck_fing10__00000001__s0009.wav,0.35310640931129456,0.24938009679317474
les_neck_fing25__00000001__s0022.wav,0.14225797355175018,0.474761962890625
les_bridge_pick11__00000001__s0042.wav,0.5615789294242859,0.6210703253746033
tele_neck_pick23__00000001__s0001.wav,0.6666140556335449,0.7256788015365601
tele_neck_fing23__00000001__s0042.wav,0.8370051383972168,0.8221660256385803
tele_neck_pick04__00000001__s0037.wav,0.532887876033783,0.7613292932510376
strat_neck_fing02__00000001__s0011.wav,0.8376659154891968,0.7790932655334473
strat_bridge_fing03__00000001__s0008.wav,0.577308177947998,0.4410295784473419
strat_bridge_pick19__00000001__s0020.wav,0.18576233088970184,0.4761171042919159
les_neck_pick14__00000001__s0021.wav,0.7422875165939331,0.8309511542320251
tele_bridge_fing16__00000001__s0039.wav,0.9578647017478943,0.894831120967865
prs_neck_fing09__00000001__s0009.wav,0.9367873072624207,0.9058743119239807
les_neck_pick10__00000001__s0036.wav,0.7579184174537659,0.5869663953781128
strat_bridge_pick04__00000001__s0036.wav,0.873755931854248,0.8383490443229675
strat_bridge_fing23__00000001__s0009.wav,0.49123165011405945,0.48601582646369934
tele_neck_pick11__00000001__s0019.wav,0.5325457453727722,0.4958317279815674
strat_bridge_fing17__00000001__s0050.wav,0.030148319900035858,0.5948678255081177
les_neck_pick19__00000001__s0046.wav,0.21740613877773285,0.36600181460380554
tele_bridge_pick04__00000001__s0055.wav,0.9340620040893555,0.8860179781913757
les_bridge_pick09__00000001__s0018.wav,0.603213906288147,0.44846001267433167
strat_bridge_fing23__00000001__s0043.wav,0.2411922812461853,0.295232892036438
tele_neck_pick11__00000001__s0006.wav,0.05779528617858887,0.2461252510547638
prs_neck_fing25__00000001__s0052.wav,0.396556556224823,0.3337602913379669
les_neck_fing11__00000001__s0045.wav,0.2863638401031494,0.3822813630104065
prs_neck_fing04__00000001__s0035.wav,0.17977891862392426,0.3515419661998749
prs_neck_pick19__00000001__s0047.wav,0.8088484406471252,0.7680378556251526
les_bridge_fing15__00000001__s0052.wav,0.20841535925865173,0.3761782944202423
tele_neck_pick18__00000001__s0026.wav,0.24380286037921906,0.23257140815258026
tele_bridge_pick05__00000001__s0045.wav,0.4474358856678009,0.609033465385437
prs_bridge_fing06__00000001__s0041.wav,0.09701921045780182,0.5124701261520386
prs_bridge_pick22__00000001__s0044.wav,0.3598062992095947,0.26609185338020325
prs_bridge_pick20__00000001__s0053.wav,0.4897323250770569,0.4400683045387268
prs_bridge_fing20__00000001__s0021.wav,0.7561751008033752,0.5732194185256958
tele_bridge_pick19__00000001__s0023.wav,0.9836485385894775,0.8505904078483582
prs_bridge_fing17__00000001__s0036.wav,0.20305120944976807,0.7773718237876892
prs_neck_pick22__00000001__s0045.wav,0.4375609755516052,0.4246719479560852
les_neck_pick12__00000001__s0016.wav,0.09374317526817322,0.254433810710907
tele_bridge_pick12__00000001__s0037.wav,0.043721865862607956,0.19153544306755066
strat_bridge_fing12__00000001__s0038.wav,0.5888190269470215,0.5626668334007263
strat_bridge_fing09__00000001__s0029.wav,0.5495991706848145,0.2968579828739166
les_neck_fing13__00000001__s0009.wav,0.5732105374336243,0.457064688205719
tele_neck_fing02__00000001__s0017.wav,0.8136585354804993,0.7973623871803284
les_bridge_fing25__00000001__s0013.wav,0.5622339248657227,0.5439781546592712
strat_neck_pick25__00000001__s0049.wav,0.3099535405635834,0.5655776858329773
tele_neck_fing21__00000001__s0031.wav,0.11767436563968658,0.18276004493236542
tele_bridge_pick07__00000001__s0027.wav,0.9929319024085999,0.8782320022583008
les_neck_fing10__00000001__s0050.wav,0.9591315388679504,0.7430334091186523
tele_bridge_fing24__00000001__s0012.wav,0.66312175989151,0.4202193319797516
les_bridge_fing24__00000001__s0033.wav,0.9760948419570923,0.8305147290229797
prs_neck_fing23__00000001__s0049.wav,0.3331856429576874,0.24677447974681854
les_neck_pick21__00000001__s0044.wav,0.37919095158576965,0.22323940694332123
tele_bridge_pick22__00000001__s0029.wav,0.9628027677536011,0.8700112700462341
les_neck_fing13__00000001__s0013.wav,0.2657511234283447,0.133156418800354
prs_neck_fing01__00000001__s0006.wav,0.9853110313415527,0.9409192800521851
les_bridge_pick10__00000001__s0001.wav,0.7430978417396545,0.6446905136108398
les_neck_fing22__00000001__s0031.wav,0.6868531703948975,0.6261000037193298
prs_bridge_pick02__00000001__s0044.wav,0.8741965293884277,0.8819373846054077
prs_neck_fing07__00000001__s0029.wav,0.6524851322174072,0.5382149815559387
les_bridge_fing21__00000001__s0013.wav,0.47209233045578003,0.6021413207054138
tele_bridge_fing25__00000001__s0037.wav,0.8106071352958679,0.8489365577697754
prs_bridge_fing13__00000001__s0003.wav,0.16887173056602478,0.13374581933021545
prs_bridge_fing04__00000001__s0036.wav,0.069501131772995,0.1872110217809677
strat_neck_pick21__00000001__s0031.wav,0.08022023737430573,0.19111333787441254
les_neck_fing16__00000001__s0032.wav,0.9974889159202576,0.5959571003913879
les_neck_fing17__00000001__s0025.wav,0.9395260810852051,0.8909610509872437
les_neck_pick17__00000001__s0033.wav,0.21195270121097565,0.24731843173503876
tele_neck_fing08__00000001__s0027.wav,0.03176625445485115,0.21146363019943237
les_bridge_fing25__00000001__s0052.wav,0.606867790222168,0.5442001223564148
tele_neck_fing04__00000001__s0032.wav,0.6018336415290833,0.5764948129653931
tele_neck_pick24__00000001__s0047.wav,0.43261614441871643,0.7115735411643982
strat_neck_pick15__00000001__s0005.wav,0.6300356388092041,0.5865969061851501
strat_bridge_fing07__00000001__s0035.wav,0.26597025990486145,0.45584356784820557
strat_neck_pick17__00000001__s0014.wav,0.4923841655254364,0.7281578183174133
les_neck_pick07__00000001__s0012.wav,0.12085118889808655,0.25017231702804565
les_bridge_pick07__00000001__s0003.wav,0.8301154971122742,0.6671032905578613
strat_neck_pick17__00000001__s0038.wav,0.5248662233352661,0.6460870504379272
strat_bridge_pick07__00000001__s0021.wav,0.01290145143866539,0.3803540766239166
tele_neck_fing23__00000001__s0002.wav,0.6020715236663818,0.8111814260482788
prs_neck_fing03__00000001__s0032.wav,0.2945000231266022,0.5193801522254944
prs_neck_fing25__00000001__s0027.wav,0.4734058380126953,0.29486504197120667
les_neck_pick22__00000001__s0012.wav,0.6174060106277466,0.6873869895935059
tele_neck_pick22__00000001__s0050.wav,0.5654309988021851,0.5817660689353943
tele_neck_fing19__00000001__s0023.wav,0.5892151594161987,0.5840438008308411
strat_neck_pick12__00000001__s0025.wav,0.8542551398277283,0.5185909867286682
les_neck_fing25__00000001__s0048.wav,0.31622105836868286,0.4280668795108795
strat_neck_pick18__00000001__s0000.wav,0.4793895483016968,0.6911437511444092
les_bridge_fing16__00000001__s0051.wav,0.7384966611862183,0.5363104343414307
prs_neck_fing18__00000001__s0008.wav,0.9244078397750854,0.8672312498092651
tele_bridge_fing13__00000001__s0014.wav,0.4683874547481537,0.6469547152519226
les_bridge_fing24__00000001__s0035.wav,0.27816134691238403,0.4048866331577301
strat_bridge_fing09__00000001__s0007.wav,0.5296926498413086,0.6997079849243164
strat_neck_fing25__00000001__s0038.wav,0.81146639585495,0.5904764533042908
les_bridge_pick08__00000001__s0046.wav,0.18483151495456696,0.36619052290916443
les_neck_pick13__00000001__s0030.wav,0.10317482799291611,0.3554363250732422
prs_neck_fing14__00000001__s0035.wav,0.6865479946136475,0.6099144220352173
tele_neck_pick24__00000001__s0019.wav,0.25753411650657654,0.5494210124015808
prs_neck_fing19__00000001__s0013.wav,0.4174532890319824,0.30486762523651123
tele_bridge_pick14__00000001__s0054.wav,0.2586424648761749,0.5215403437614441
les_bridge_fing07__00000001__s0051.wav,0.5251147150993347,0.3576757609844208
strat_bridge_pick22__00000001__s0029.wav,0.32022619247436523,0.3642456829547882
prs_bridge_fing19__00000001__s0042.wav,0.9489553570747375,0.8645848631858826
strat_neck_pick25__00000001__s0003.wav,0.28847816586494446,0.7752100229263306
les_bridge_fing25__00000001__s0014.wav,0.06887760758399963,0.11754629760980606
tele_neck_fing23__00000001__s0032.wav,0.0183302890509367,0.2542024254798889
prs_bridge_pick10__00000001__s0020.wav,0.4689963757991791,0.5585870146751404
les_bridge_pick19__00000001__s0040.wav,0.4966803193092346,0.5250673890113831
les_bridge_fing16__00000001__s0001.wav,0.855497419834137,0.7878125309944153
strat_neck_fing14__00000001__s0052.wav,0.7875665426254272,0.22962774336338043
tele_neck_pick22__00000001__s0045.wav,0.8789785504341125,0.8674938082695007
tele_neck_pick23__00000001__s0049.wav,0.11524274200201035,0.39577603340148926
tele_neck_fing25__00000001__s0018.wav,0.2725149393081665,0.27586233615875244
strat_neck_fing24__00000001__s0032.wav,0.5221908688545227,0.7079516649246216
prs_bridge_fing12__00000001__s0028.wav,0.8331340551376343,0.7706625461578369
prs_bridge_fing13__00000001__s0013.wav,0.2072913646697998,0.20289355516433716
strat_neck_pick19__00000001__s0009.wav,0.1816692054271698,0.24208500981330872
prs_neck_fing16__00000001__s0020.wav,0.6559634208679199,0.8415887951850891
les_bridge_fing03__00000001__s0028.wav,0.9197335243225098,0.6321141123771667
tele_neck_fing09__00000001__s0002.wav,0.3957882821559906,0.3327818214893341
tele_bridge_fing14__00000001__s0011.wav,0.6095767021179199,0.8120887875556946
prs_neck_pick12__00000001__s0027.wav,0.1531173586845398,0.3404422402381897
prs_neck_fing17__00000001__s0042.wav,0.05447820574045181,0.27770066261291504
tele_bridge_pick22__00000001__s0047.wav,0.9998375773429871,0.9102709889411926
prs_neck_fing19__00000001__s0040.wav,0.774928629398346,0.5780131816864014
les_bridge_pick12__00000001__s0049.wav,0.4619934558868408,0.434184193611145
tele_bridge_fing20__00000001__s0001.wav,0.8594723343849182,0.764776349067688
les_neck_fing11__00000001__s0016.wav,0.6824061274528503,0.36787283420562744
les_bridge_pick01__00000001__s0044.wav,0.2547844648361206,0.11770492792129517
les_bridge_fing25__00000001__s0028.wav,0.27213361859321594,0.27022597193717957
les_bridge_pick25__00000001__s0009.wav,0.710567831993103,0.7071270942687988
les_neck_fing10__00000001__s0031.wav,0.023991763591766357,0.4100703001022339
strat_neck_fing17__00000001__s0040.wav,0.15054763853549957,0.3810904920101166
tele_bridge_pick03__00000001__s0016.wav,0.5580511093139648,0.7038785219192505
strat_neck_fing16__00000001__s0022.wav,0.025623977184295654,0.3881791830062866
prs_neck_fing04__00000001__s0036.wav,0.5096223950386047,0.3466761112213135
prs_neck_fing13__00000001__s0052.wav,0.796749472618103,0.26918724179267883
prs_neck_fing11__00000001__s0021.wav,0.24752990901470184,0.7470260262489319
tele_bridge_pick22__00000001__s0030.wav,0.7760617733001709,0.6591886878013611
strat_bridge_pick04__00000001__s0002.wav,0.9099327921867371,0.8559754490852356
strat_bridge_fing22__00000001__s0029.wav,0.3823342025279999,0.3967786431312561
prs_neck_pick14__00000001__s0046.wav,0.2885619103908539,0.25238683819770813
les_neck_fing19__00000001__s0028.wav,0.56181800365448,0.3773432672023773
les_bridge_fing19__00000001__s0039.wav,0.6725918650627136,0.6242386698722839
tele_neck_fing20__00000001__s0000.wav,0.47827455401420593,0.5206698775291443
tele_bridge_pick05__00000001__s0043.wav,0.02022731304168701,0.20874200761318207
prs_neck_fing07__00000001__s0021.wav,0.7509046196937561,0.5867496132850647
prs_neck_pick22__00000001__s0014.wav,0.3523784279823303,0.6000949740409851
tele_neck_fing06__00000001__s0030.wav,0.6281411647796631,0.5212250351905823
prs_bridge_fing08__00000001__s0010.wav,0.854566752910614,0.7207880020141602
strat_neck_fing16__00000001__s0032.wav,0.029824675992131233,0.22448617219924927
prs_neck_fing23__00000001__s0053.wav,0.0734269767999649,0.22654373943805695
strat_bridge_fing23__00000001__s0011.wav,0.5430293083190918,0.6410598158836365
prs_neck_fing11__00000001__s0050.wav,0.5180639624595642,0.5656190514564514
les_neck_pick06__00000001__s0025.wav,0.059272170066833496,0.3467561900615692
prs_neck_pick02__00000001__s0046.wav,0.791978120803833,0.49600353837013245
tele_neck_fing07__00000001__s0004.wav,0.30701902508735657,0.5577112436294556
strat_bridge_pick13__00000001__s0053.wav,0.7516250014305115,0.6305176019668579
tele_bridge_pick24__00000001__s0052.wav,0.268742173910141,0.32822445034980774
strat_neck_fing15__00000001__s0014.wav,0.41241854429244995,0.23724007606506348
les_neck_fing02__00000001__s0050.wav,0.030108511447906494,0.32806098461151123
prs_neck_fing13__00000001__s0008.wav,0.5728293657302856,0.4867795705795288
prs_neck_fing18__00000001__s0030.wav,0.8754589557647705,0.8155543208122253
tele_neck_fing20__00000001__s0007.wav,0.396528035402298,0.25087979435920715
prs_bridge_pick25__00000001__s0008.wav,0.4399056136608124,0.33029529452323914
strat_neck_fing03__00000001__s0046.wav,0.7702725529670715,0.629214346408844
prs_neck_pick11__00000001__s0009.wav,0.7425798773765564,0.39026397466659546
prs_bridge_fing08__00000001__s0028.wav,0.34941211342811584,0.5112537741661072
tele_bridge_pick21__00000001__s0046.wav,0.036627668887376785,0.289651095867157
strat_neck_pick09__00000001__s0021.wav,0.7616211175918579,0.8017444014549255
les_neck_pick03__00000001__s0013.wav,0.7989956140518188,0.8020007014274597
strat_bridge_pick01__00000001__s0031.wav,0.718207836151123,0.5995723009109497
les_neck_pick22__00000001__s0040.wav,0.8506303429603577,0.8055382370948792
prs_bridge_fing12__00000001__s0021.wav,0.07911773771047592,0.3930983245372772
les_bridge_pick06__00000001__s0025.wav,0.7057592272758484,0.8133095502853394
les_neck_fing02__00000001__s0000.wav,0.3565589487552643,0.2840685546398163
prs_neck_fing01__00000001__s0041.wav,0.38787248730659485,0.13186796009540558
les_bridge_fing09__00000001__s0028.wav,0.08209327608346939,0.35693198442459106
strat_bridge_fing03__00000001__s0023.wav,0.06918936222791672,0.15560662746429443
strat_neck_fing09__00000001__s0039.wav,0.7924606204032898,0.5282111763954163
strat_bridge_pick17__00000001__s0034.wav,0.2888152599334717,0.5701649785041809
tele_neck_fing24__00000001__s0022.wav,0.7283113598823547,0.745917558670044
prs_bridge_pick17__00000001__s0012.wav,0.7815256714820862,0.6266735196113586
tele_neck_pick24__00000001__s0003.wav,0.5831547379493713,0.6296910047531128
tele_bridge_fing06__00000001__s0041.wav,0.6842424869537354,0.23395416140556335
les_neck_fing13__00000001__s0021.wav,0.5147053599357605,0.17947907745838165
strat_bridge_fing19__00000001__s0019.wav,0.011067318730056286,0.28534266352653503
tele_neck_pick19__00000001__s0035.wav,0.08016756922006607,0.5139495134353638
les_bridge_pick25__00000001__s0033.wav,0.10103175044059753,0.2055448591709137
strat_bridge_fing24__00000001__s0005.wav,0.0027967935893684626,0.26313766837120056
les_bridge_fing10__00000001__s0049.wav,0.992625892162323,0.817566454410553
prs_neck_fing19__00000001__s0043.wav,0.010122053325176239,0.36337316036224365
les_neck_pick21__00000001__s0034.wav,0.18482449650764465,0.21702738106250763
tele_bridge_pick18__00000001__s0036.wav,0.9698516726493835,0.8635497689247131
tele_neck_pick23__00000001__s0014.wav,0.8524304032325745,0.6854683756828308
tele_neck_pick05__00000001__s0026.wav,0.20578539371490479,0.3927684426307678
tele_bridge_pick15__00000001__s0005.wav,0.7571310997009277,0.6106489300727844
strat_neck_pick02__00000001__s0034.wav,0.047886960208415985,0.3210638165473938
strat_bridge_fing16__00000001__s0002.wav,0.05534432455897331,0.24477949738502502
strat_neck_pick16__00000001__s0052.wav,0.6114788055419922,0.5382096171379089
tele_neck_pick06__00000001__s0034.wav,0.3961452543735504,0.5371322631835938
les_neck_pick13__00000001__s0022.wav,0.2438059002161026,0.22806131839752197
prs_neck_fing04__00000001__s0047.wav,0.745559811592102,0.4629450738430023
les_neck_fing07__00000001__s0020.wav,0.9098703861236572,0.9290629625320435
strat_neck_fing13__00000001__s0007.wav,0.023488283157348633,0.412529855966568
strat_bridge_fing14__00000001__s0019.wav,0.5902985334396362,0.2185632586479187
strat_bridge_fing05__00000001__s0032.wav,0.5838504433631897,0.7893808484077454
tele_bridge_pick09__00000001__s0039.wav,0.027295241132378578,0.2372254729270935
les_neck_fing08__00000001__s0050.wav,0.24344490468502045,0.4951416254043579
tele_neck_fing07__00000001__s0021.wav,0.6831421852111816,0.33068782091140747
tele_bridge_fing24__00000001__s0018.wav,0.7453223466873169,0.7078340649604797
tele_neck_pick12__00000001__s0001.wav,0.9678211808204651,0.932857096195221
les_neck_pick19__00000001__s0036.wav,0.48731592297554016,0.5838056802749634
tele_bridge_fing09__00000001__s0002.wav,0.08769390732049942,0.45592209696769714
tele_bridge_pick12__00000001__s0054.wav,0.14077839255332947,0.2043166607618332
les_bridge_fing24__00000001__s0047.wav,0.8330265283584595,0.7315199375152588
prs_bridge_pick12__00000001__s0040.wav,0.2928881347179413,0.28245407342910767
les_neck_fing02__00000001__s0016.wav,0.3139150142669678,0.3652366101741791
strat_neck_fing12__00000001__s0035.wav,0.7604354619979858,0.7007673382759094
strat_neck_pick16__00000001__s0002.wav,0.6224642992019653,0.6171860098838806
tele_bridge_pick02__00000001__s0052.wav,0.8160885572433472,0.8478099703788757
tele_bridge_fing15__00000001__s0021.wav,0.08186349272727966,0.36543741822242737
les_bridge_pick11__00000001__s0031.wav,0.7305542826652527,0.793787956237793
les_bridge_pick21__00000001__s0016.wav,0.844218909740448,0.9103591442108154
prs_neck_fing16__00000001__s0036.wav,0.2344849556684494,0.26432138681411743
strat_bridge_fing15__00000001__s0052.wav,0.23267611861228943,0.2863557040691376
tele_neck_fing19__00000001__s0004.wav,0.9373499155044556,0.8932164311408997
strat_bridge_pick06__00000001__s0027.wav,0.8643930554389954,0.8347848057746887
prs_neck_fing02__00000001__s0054.wav,0.705905020236969,0.7629250288009644
prs_neck_pick01__00000001__s0016.wav,0.3342112898826599,0.33502650260925293
prs_neck_pick04__00000001__s0021.wav,0.3124541938304901,0.3164645731449127
prs_neck_fing15__00000001__s0001.wav,0.45299720764160156,0.5383864045143127
les_neck_pick11__00000001__s0028.wav,0.38147276639938354,0.3085574507713318
prs_neck_fing04__00000001__s0006.wav,0.741504967212677,0.5994501113891602
strat_bridge_pick23__00000001__s0038.wav,0.13836713135242462,0.3736574947834015
les_neck_pick23__00000001__s0040.wav,0.0048043751157820225,0.22913794219493866
strat_neck_pick07__00000001__s0053.wav,0.45819520950317383,0.31936317682266235
strat_bridge_fing21__00000001__s0028.wav,0.14468450844287872,0.17259931564331055
les_neck_pick16__00000001__s0031.wav,0.581146776676178,0.7773413062095642
strat_bridge_fing08__00000001__s0005.wav,0.7690017223358154,0.716815710067749
tele_neck_pick22__00000001__s0024.wav,0.1971217393875122,0.21600192785263062
prs_bridge_fing15__00000001__s0006.wav,0.42175692319869995,0.34394651651382446
les_bridge_pick10__00000001__s0053.wav,0.7542240023612976,0.5716147422790527
prs_bridge_fing23__00000001__s0047.wav,0.16829556226730347,0.5472831130027771
tele_neck_pick22__00000001__s0047.wav,0.13750629127025604,0.22376559674739838
strat_neck_pick03__00000001__s0030.wav,0.6615099906921387,0.3703649640083313
les_neck_pick12__00000001__s0047.wav,0.10828875005245209,0.18683132529258728
les_neck_fing14__00000001__s0000.wav,0.4306301176548004,0.42491614818573
les_neck_fing05__00000001__s0001.wav,0.8186168670654297,0.8690614104270935
tele_bridge_pick11__00000001__s0008.wav,0.1477634310722351,0.18589432537555695
les_bridge_pick24__00000001__s0011.wav,0.7858130931854248,0.8040158152580261
les_neck_fing10__00000001__s0033.wav,0.0046868231147527695,0.223483145236969
tele_bridge_pick18__00000001__s0047.wav,0.34100568294525146,0.18412058055400848
tele_bridge_pick18__00000001__s0016.wav,0.7229328155517578,0.7061063051223755
strat_bridge_pick18__00000001__s0002.wav,0.18404129147529602,0.5736305713653564
prs_neck_fing02__00000001__s0031.wav,0.6585492491722107,0.7316659092903137
les_neck_fing04__00000001__s0043.wav,0.324637234210968,0.25780561566352844
tele_bridge_pick17__00000001__s0041.wav,0.374075710773468,0.2927320599555969
strat_bridge_fing03__00000001__s0025.wav,0.826533317565918,0.7389132976531982
prs_neck_fing04__00000001__s0000.wav,0.4089922308921814,0.36159005761146545
les_neck_pick15__00000001__s0000.wav,0.14221760630607605,0.23448100686073303
prs_bridge_pick14__00000001__s0017.wav,0.6288163661956787,0.4234776794910431
strat_bridge_pick16__00000001__s0026.wav,0.34097710251808167,0.3634967505931854
strat_bridge_pick10__00000001__s0047.wav,0.6592596769332886,0.4371534287929535
tele_neck_fing12__00000001__s0015.wav,0.21147441864013672,0.1600944548845291
prs_neck_fing15__00000001__s0015.wav,0.8204986453056335,0.8156938552856445
strat_neck_fing07__00000001__s0027.wav,0.5431830286979675,0.2902505099773407
strat_bridge_pick23__00000001__s0053.wav,0.3885667324066162,0.36744871735572815
tele_neck_pick15__00000001__s0038.wav,0.9140433669090271,0.8163080811500549
tele_neck_fing17__00000001__s0023.wav,0.6284207105636597,0.6718335747718811
les_bridge_pick14__00000001__s0001.wav,0.06555192172527313,0.2180122584104538
les_bridge_pick19__00000001__s0006.wav,0.5144327878952026,0.47586408257484436
les_bridge_pick25__00000001__s0050.wav,0.9767293930053711,0.9587722420692444
strat_bridge_fing16__00000001__s0004.wav,0.5181858539581299,0.3785184919834137
tele_bridge_fing22__00000001__s0025.wav,0.31357112526893616,0.6114355325698853
les_bridge_fing11__00000001__s0032.wav,0.2948514223098755,0.37505754828453064
prs_bridge_fing14__00000001__s0012.wav,0.5960595607757568,0.7414219379425049
les_bridge_pick23__00000001__s0052.wav,0.08496922999620438,0.17628753185272217
tele_bridge_pick23__00000001__s0004.wav,0.39197537302970886,0.2088056206703186
tele_neck_fing04__00000001__s0055.wav,0.2442859262228012,0.41891708970069885
tele_bridge_fing03__00000001__s0010.wav,0.5776326060295105,0.5615960359573364
