file_name,y_true_feedback_delay_delay_seconds,y_pred_feedback_delay_delay_seconds,y_true_feedback_delay_feedback,y_pred_feedback_delay_feedback,y_true_feedback_delay_mix,y_pred_feedback_delay_mix
strat_bridge_fing12__00001000__s0014.wav,0.7549614310264587,0.7014995813369751,0.5909328460693359,0.2494930773973465,0.5102598667144775,0.4582657516002655
prs_neck_fing04__00001000__s0005.wav,0.020399702712893486,0.12053658813238144,0.9543491005897522,0.6849001049995422,0.057355597615242004,0.4792273938655853
prs_bridge_fing18__00001000__s0034.wav,0.9023579955101013,0.6881080865859985,0.5450920462608337,0.30221596360206604,0.6203680634498596,0.5745687484741211
prs_neck_fing15__00001000__s0050.wav,0.6550302505493164,0.6913905143737793,0.8294098377227783,0.747413158416748,0.8218281269073486,0.8381301164627075
strat_neck_pick21__00001000__s0050.wav,0.5364606976509094,0.5209944844245911,0.9359073638916016,0.44929948449134827,0.07021385431289673,0.08880317956209183
prs_neck_pick10__00001000__s0015.wav,0.20746809244155884,0.23733162879943848,0.0228436179459095,0.6133632063865662,0.8717336654663086,0.48938289284706116
prs_neck_fing04__00001000__s0002.wav,0.2880549132823944,0.24276739358901978,0.606519341468811,0.7752522826194763,0.6258012652397156,0.6670829653739929
tele_neck_pick09__00001000__s0001.wav,0.27219659090042114,0.2664133310317993,0.08693237602710724,0.23296935856342316,0.7930710315704346,0.7068797945976257
tele_neck_pick24__00001000__s0034.wav,0.8092636466026306,0.670863687992096,0.988588809967041,0.48484864830970764,0.6411250233650208,0.5026980638504028
prs_neck_pick13__00001000__s0008.wav,0.891779363155365,0.6673070192337036,0.7337368726730347,0.35505324602127075,0.007963174022734165,0.31954672932624817
prs_bridge_pick21__00001000__s0023.wav,0.27929070591926575,0.13529342412948608,0.6060407161712646,0.5312660932540894,0.636337399482727,0.5134769082069397
strat_bridge_pick21__00001000__s0035.wav,0.7417923212051392,0.6092447638511658,0.10524789988994598,0.541023850440979,0.4480215907096863,0.1683805137872696
strat_neck_pick09__00001000__s0014.wav,0.875727117061615,0.45707908272743225,0.47066250443458557,0.2811230421066284,0.205722838640213,0.5755940079689026
strat_bridge_fing20__00001000__s0039.wav,0.3198082745075226,0.5080345273017883,0.5082405209541321,0.2970486581325531,0.11936508864164352,0.3476674258708954
prs_neck_pick04__00001000__s0007.wav,0.6769856810569763,0.5382046103477478,0.7342941761016846,0.36061930656433105,0.1818416267633438,0.45536381006240845
prs_bridge_fing14__00001000__s0049.wav,0.03208569064736366,0.05200139060616493,0.8348256349563599,0.6476608514785767,0.881666898727417,0.8631930947303772
prs_neck_fing25__00001000__s0034.wav,0.7687538266181946,0.7477135062217712,0.39444640278816223,0.4879046380519867,0.7668574452400208,0.7658360600471497
strat_bridge_pick05__00001000__s0021.wav,0.7682049870491028,0.7592437863349915,0.9409549236297607,0.4596872329711914,0.08018313348293304,0.05600243806838989
les_neck_pick18__00001000__s0030.wav,0.8939461708068848,0.8171989917755127,0.9224893450737,0.5701944828033447,0.5510530471801758,0.3474712073802948
strat_neck_fing11__00001000__s0055.wav,0.8348376154899597,0.8612483143806458,0.26214462518692017,0.4941038191318512,0.8729128837585449,0.7813854217529297
tele_bridge_fing02__00001000__s0048.wav,0.3792562484741211,0.4588622748851776,0.8801092505455017,0.8617978096008301,0.9424678087234497,0.9490892291069031
strat_neck_fing24__00001000__s0036.wav,0.03489229455590248,0.06770797818899155,0.3588380813598633,0.6115454435348511,0.7699079513549805,0.3981294333934784
les_bridge_pick22__00001000__s0003.wav,0.538608193397522,0.4811086356639862,0.0471077561378479,0.301624596118927,0.8039675951004028,0.8424105644226074
strat_bridge_fing13__00001000__s0051.wav,0.4825458526611328,0.6632019281387329,0.7394434213638306,0.6396088600158691,0.7869548797607422,0.7620164752006531
tele_bridge_fing21__00001000__s0023.wav,0.6913185119628906,0.6900917291641235,0.8750466704368591,0.13619311153888702,0.3551148772239685,0.41939643025398254
prs_neck_pick10__00001000__s0012.wav,0.6845806241035461,0.6690014004707336,0.6146337389945984,0.35182905197143555,0.842216968536377,0.8281904458999634
prs_bridge_pick13__00001000__s0041.wav,0.01304695475846529,0.03745972365140915,0.6401134133338928,0.49082353711128235,0.8262941837310791,0.7175893187522888
tele_neck_fing02__00001000__s0007.wav,0.14529725909233093,0.2881169617176056,0.5905728340148926,0.615878701210022,0.584621787071228,0.6202446818351746
les_bridge_fing06__00001000__s0003.wav,0.27369463443756104,0.26171213388442993,0.9357438087463379,0.82704758644104,0.5997193455696106,0.5068000555038452
les_neck_fing23__00001000__s0053.wav,0.7612895369529724,0.8181830048561096,0.6994503736495972,0.558276355266571,0.891118049621582,0.8870673179626465
les_neck_pick08__00001000__s0008.wav,0.5090171694755554,0.47653529047966003,0.712649941444397,0.4742845296859741,0.04363518953323364,0.10946668684482574
prs_bridge_fing21__00001000__s0020.wav,0.4187828600406647,0.5926914811134338,0.36792758107185364,0.5057881474494934,0.10573012381792068,0.24314948916435242
tele_bridge_fing08__00001000__s0013.wav,0.1548379361629486,0.2218041568994522,0.34731626510620117,0.40878844261169434,0.09942697733640671,0.2257881611585617
strat_neck_fing02__00001000__s0017.wav,0.04431186988949776,0.18774428963661194,0.413544237613678,0.17518912255764008,0.13660338521003723,0.24219410121440887
prs_neck_pick07__00001000__s0039.wav,0.9354498386383057,0.9345765113830566,0.6590681672096252,0.3719983696937561,0.41245079040527344,0.37317129969596863
tele_neck_fing02__00001000__s0015.wav,0.5946614146232605,0.7039703726768494,0.5650572776794434,0.8526514768600464,0.3220999538898468,0.3583543598651886
strat_neck_fing23__00001000__s0009.wav,0.7595868706703186,0.6929045915603638,0.8163031339645386,0.6753024458885193,0.19757410883903503,0.377299040555954
prs_neck_fing11__00001000__s0040.wav,0.0565791055560112,0.054112669080495834,0.9829455018043518,0.687076210975647,0.04060759395360947,0.1394357532262802
les_neck_pick24__00001000__s0039.wav,0.3709186017513275,0.3820948600769043,0.4485950171947479,0.5824310183525085,0.6322543621063232,0.6425318717956543
prs_neck_pick03__00001000__s0014.wav,0.3229876458644867,0.27874425053596497,0.6082238554954529,0.7200506925582886,0.618994414806366,0.6211972832679749
tele_neck_fing15__00001000__s0013.wav,0.6872385740280151,0.6469309329986572,0.7263038754463196,0.33384692668914795,0.5784209370613098,0.39690348505973816
les_neck_pick25__00001000__s0001.wav,0.4406168460845947,0.5315836668014526,0.28581923246383667,0.34390297532081604,0.8831285834312439,0.8337750434875488
les_neck_pick06__00001000__s0039.wav,0.17824910581111908,0.7081124186515808,0.6878699660301208,0.2529992163181305,0.23521742224693298,0.3231218159198761
les_bridge_fing19__00001000__s0055.wav,0.6282737851142883,0.6180236339569092,0.5574620366096497,0.6831241846084595,0.6753453612327576,0.6513879895210266
prs_neck_fing09__00001000__s0020.wav,0.6604999303817749,0.7192143201828003,0.703197181224823,0.542461633682251,0.06935271620750427,0.16391019523143768
prs_neck_fing23__00001000__s0014.wav,0.8052774667739868,0.9047899842262268,0.8920069932937622,0.6044933199882507,0.12125461548566818,0.18319880962371826
strat_bridge_fing12__00001000__s0001.wav,0.14365096390247345,0.1855493187904358,0.592921257019043,0.4789002239704132,0.5521631836891174,0.7318576574325562
prs_neck_fing02__00001000__s0052.wav,0.27689415216445923,0.3516477644443512,0.2413044571876526,0.46868738532066345,0.03284282982349396,0.08235573023557663
prs_neck_fing25__00001000__s0048.wav,0.24493983387947083,0.5454379320144653,0.6107756495475769,0.1978055238723755,0.07355532795190811,0.1281079351902008
tele_bridge_pick22__00001000__s0041.wav,0.5651124119758606,0.41935449838638306,0.6907262802124023,0.5102359652519226,0.667708694934845,0.5050155520439148
les_neck_pick08__00001000__s0013.wav,0.04887021332979202,0.11719933152198792,0.7711672782897949,0.7749960422515869,0.6644856333732605,0.5694696307182312
prs_neck_fing20__00001000__s0034.wav,0.5229647159576416,0.37110772728919983,0.5230298042297363,0.23340636491775513,0.11514618247747421,0.28887107968330383
tele_neck_pick04__00001000__s0047.wav,0.6010895371437073,0.4670850336551666,0.48147204518318176,0.7240880131721497,0.943909227848053,0.957001805305481
les_neck_pick21__00001000__s0017.wav,0.8526296019554138,0.8272300362586975,0.7792835831642151,0.6196359395980835,0.5738877654075623,0.5460319519042969
prs_bridge_fing03__00001000__s0034.wav,0.9615657329559326,0.6585806012153625,0.7307972311973572,0.7606172561645508,0.5490007996559143,0.2897217273712158
prs_neck_fing17__00001000__s0003.wav,0.49834173917770386,0.6309245228767395,0.7349905371665955,0.5151156187057495,0.8503847718238831,0.7369064092636108
tele_bridge_pick13__00001000__s0039.wav,0.004015588201582432,0.07957429438829422,0.520347535610199,0.41650059819221497,0.6095366477966309,0.42128175497055054
tele_neck_fing10__00001000__s0032.wav,0.2211030125617981,0.26374509930610657,0.7152027487754822,0.6168776750564575,0.4519084692001343,0.37654879689216614
prs_bridge_fing20__00001000__s0042.wav,0.521674394607544,0.4933389723300934,0.5034618973731995,0.24921992421150208,0.9132115840911865,0.946871280670166
prs_bridge_pick04__00001000__s0007.wav,0.5677576065063477,0.41601696610450745,0.6412522792816162,0.5823938250541687,0.3732578754425049,0.612777054309845
prs_bridge_pick12__00001000__s0030.wav,0.9388654232025146,0.8235875368118286,0.358715683221817,0.8636397123336792,0.8073194622993469,0.7279168963432312
strat_neck_pick19__00001000__s0044.wav,0.0677860826253891,0.09357807040214539,0.2781350016593933,0.6153308153152466,0.8949723243713379,0.5201794505119324
les_bridge_pick16__00001000__s0050.wav,0.9097893238067627,0.8301677107810974,0.5763168334960938,0.5618122816085815,0.43889448046684265,0.35668137669563293
tele_bridge_pick06__00001000__s0047.wav,0.09179320931434631,0.12534503638744354,0.6850792169570923,0.6135491132736206,0.9084398746490479,0.8461387157440186
prs_bridge_pick11__00001000__s0018.wav,0.05428733304142952,0.10162069648504257,0.5445992350578308,0.4392625689506531,0.17999689280986786,0.22412961721420288
strat_neck_fing18__00001000__s0048.wav,0.8800573348999023,0.5306127071380615,0.4556831419467926,0.34172093868255615,0.18764294683933258,0.5019392371177673
tele_neck_fing06__00001000__s0023.wav,0.4019743800163269,0.24969501793384552,0.4270925521850586,0.6905419826507568,0.1073433980345726,0.17377355694770813
prs_neck_fing01__00001000__s0007.wav,0.46239468455314636,0.26568418741226196,0.5204410552978516,0.47996217012405396,0.14380142092704773,0.09504405409097672
prs_bridge_pick17__00001000__s0004.wav,0.3414970338344574,0.2657672166824341,0.49478888511657715,0.658649742603302,0.942199170589447,0.8350881934165955
tele_bridge_fing17__00001000__s0039.wav,0.7930620312690735,0.8681718707084656,0.9450736045837402,0.6708142757415771,0.5615781545639038,0.630236804485321
les_neck_fing15__00001000__s0001.wav,0.9501070976257324,0.8355358839035034,0.23247206211090088,0.7324933409690857,0.4334508776664734,0.5987333655357361
prs_bridge_fing17__00001000__s0054.wav,0.6741861701011658,0.5439965724945068,0.21037432551383972,0.22342558205127716,0.41106468439102173,0.8410147428512573
les_neck_fing05__00001000__s0029.wav,0.37820619344711304,0.3771532475948334,0.08425216376781464,0.19797061383724213,0.27692267298698425,0.31610581278800964
prs_neck_pick22__00001000__s0049.wav,0.8129006624221802,0.7432103753089905,0.5223807096481323,0.3037145435810089,0.3921734690666199,0.41133031249046326
prs_bridge_pick25__00001000__s0036.wav,0.7210423350334167,0.6642189025878906,0.9563660025596619,0.4864503741264343,0.21551090478897095,0.33736029267311096
prs_neck_pick09__00001000__s0021.wav,0.07530650496482849,0.15288305282592773,0.5383802652359009,0.8086926937103271,0.9481011033058167,0.8745338320732117
strat_neck_pick18__00001000__s0027.wav,0.15421698987483978,0.22306731343269348,0.9224613308906555,0.5060789585113525,0.041068900376558304,0.23788577318191528
prs_bridge_pick03__00001000__s0026.wav,0.4290124475955963,0.2912346124649048,0.9879605174064636,0.8791123628616333,0.5814663171768188,0.6937030553817749
les_bridge_fing10__00001000__s0012.wav,0.5090636610984802,0.5444849729537964,0.8368569612503052,0.6907702088356018,0.2518395185470581,0.641803503036499
prs_neck_fing18__00001000__s0046.wav,0.9237949252128601,0.9542158842086792,0.22078529000282288,0.3586750030517578,0.9070351123809814,0.7928652763366699
les_bridge_fing07__00001000__s0047.wav,0.43199971318244934,0.5765159726142883,0.7226348519325256,0.254398375749588,0.30803513526916504,0.40416809916496277
strat_neck_fing19__00001000__s0008.wav,0.467967689037323,0.6018792986869812,0.3856828808784485,0.4578118920326233,0.6222105026245117,0.8120703101158142
tele_neck_pick17__00001000__s0034.wav,0.7032840251922607,0.4497714638710022,0.5505363345146179,0.7319549918174744,0.4510805606842041,0.5652621984481812
les_neck_fing04__00001000__s0055.wav,0.3791724443435669,0.40399426221847534,0.07995329797267914,0.18169504404067993,0.4669382870197296,0.384499192237854
strat_bridge_pick07__00001000__s0033.wav,0.1517801433801651,0.05173143371939659,0.9292858839035034,0.9507389068603516,0.7654387354850769,0.7276554703712463
prs_neck_fing22__00001000__s0038.wav,0.828267514705658,0.952625572681427,0.3976026177406311,0.26316747069358826,0.08728379011154175,0.276370644569397
prs_bridge_pick25__00001000__s0051.wav,0.959073543548584,0.6892683506011963,0.037853240966796875,0.7407490611076355,0.5636023283004761,0.4120638370513916
strat_neck_pick21__00001000__s0044.wav,0.256614089012146,0.30037978291511536,0.8964994549751282,0.7354785799980164,0.5474867224693298,0.6252613663673401
strat_bridge_fing23__00001000__s0055.wav,0.5760079026222229,0.3047633469104767,0.5537822842597961,0.47092562913894653,0.06786385178565979,0.08391967415809631
prs_bridge_pick09__00001000__s0021.wav,0.8272524476051331,0.6689720153808594,0.7131443619728088,0.62713623046875,0.5673460960388184,0.6356172561645508
strat_bridge_pick11__00001000__s0037.wav,0.06048567593097687,0.09693139791488647,0.2890697419643402,0.18059024214744568,0.9838092923164368,0.9510264992713928
les_neck_fing09__00001000__s0008.wav,0.7887285351753235,0.5606138110160828,0.15130893886089325,0.2843301594257355,0.10258206725120544,0.0743522122502327
tele_bridge_pick21__00001000__s0044.wav,0.6724449396133423,0.5850597023963928,0.09819188714027405,0.5505600571632385,0.056056875735521317,0.12906689941883087
strat_bridge_fing03__00001000__s0052.wav,0.33177492022514343,0.3342318832874298,0.8480597734451294,0.6949187517166138,0.6856406331062317,0.6707177758216858
les_neck_fing08__00001000__s0019.wav,0.38626450300216675,0.5759257078170776,0.7722106575965881,0.6795900464057922,0.40600717067718506,0.4761885702610016
les_bridge_fing08__00001000__s0055.wav,0.5055367946624756,0.38122138381004333,0.06579848378896713,0.6892046332359314,0.35078564286231995,0.40938475728034973
tele_neck_pick03__00001000__s0031.wav,0.8333501815795898,0.5162563920021057,0.8755019903182983,0.7663776874542236,0.5205305218696594,0.3960581421852112
les_bridge_fing05__00001000__s0035.wav,0.7886759042739868,0.47908446192741394,0.2940976321697235,0.49607932567596436,0.03813311085104942,0.057081665843725204
tele_neck_fing06__00001000__s0042.wav,0.7467304468154907,0.42085373401641846,0.8469544053077698,0.7263079285621643,0.5727707147598267,0.5048802495002747
strat_neck_pick07__00001000__s0052.wav,0.9768801927566528,0.9522808790206909,0.8768933415412903,0.5065135955810547,0.8374475240707397,0.8753563165664673
tele_bridge_fing17__00001000__s0022.wav,0.3185884952545166,0.44776979088783264,0.6379459500312805,0.5048097372055054,0.27700114250183105,0.25872355699539185
strat_bridge_fing09__00001000__s0034.wav,0.08949217200279236,0.19076348841190338,0.9967302083969116,0.9322463274002075,0.48556724190711975,0.5601744055747986
les_bridge_fing04__00001000__s0053.wav,0.7472165822982788,0.47562873363494873,0.14934606850147247,0.47060588002204895,0.16323408484458923,0.14067982137203217
prs_bridge_fing16__00001000__s0054.wav,0.0736372172832489,0.15889371931552887,0.7147775888442993,0.5209981799125671,0.04803917557001114,0.1189568042755127
les_bridge_pick17__00001000__s0050.wav,0.9348964691162109,0.8008202314376831,0.4663059115409851,0.4096739888191223,0.40547195076942444,0.32124829292297363
prs_bridge_fing22__00001000__s0003.wav,0.058996737003326416,0.13264283537864685,0.0043396130204200745,0.30984973907470703,0.10050324350595474,0.17159318923950195
tele_neck_pick17__00001000__s0039.wav,0.5616472959518433,0.6398506164550781,0.8053270578384399,0.6570389270782471,0.6776329874992371,0.6618355512619019
prs_neck_fing11__00001000__s0020.wav,0.9918262362480164,0.9112193584442139,0.5363085269927979,0.614074170589447,0.5235927700996399,0.15889012813568115
prs_bridge_fing24__00001000__s0032.wav,0.28900229930877686,0.29310446977615356,0.04941589757800102,0.1267956793308258,0.29267191886901855,0.32983332872390747
prs_neck_pick13__00001000__s0033.wav,0.49460411071777344,0.3885282576084137,0.5500691533088684,0.6803927421569824,0.5340799689292908,0.3190520405769348
les_neck_fing08__00001000__s0030.wav,0.3484264016151428,0.7200717926025391,0.7624847292900085,0.7773205041885376,0.653695821762085,0.6389606595039368
prs_neck_fing23__00001000__s0028.wav,0.6579068899154663,0.611280083656311,0.43262141942977905,0.6010308861732483,0.630563497543335,0.6602219939231873
les_bridge_fing05__00001000__s0023.wav,0.3694869577884674,0.5141891837120056,0.31027817726135254,0.4818597137928009,0.38135772943496704,0.40493300557136536
les_neck_fing25__00001000__s0042.wav,0.6999673247337341,0.5127984285354614,0.5251155495643616,0.39709869027137756,0.23312079906463623,0.08972802013158798
tele_neck_pick03__00001000__s0030.wav,0.6079577207565308,0.5895105600357056,0.40217265486717224,0.5109155178070068,0.0766150951385498,0.2877728343009949
tele_bridge_pick20__00001000__s0052.wav,0.48445558547973633,0.3887684643268585,0.02904696576297283,0.19730012118816376,0.784110963344574,0.8932688236236572
prs_bridge_fing15__00001000__s0054.wav,0.8161720037460327,0.4293304979801178,0.9125163555145264,0.8469184637069702,0.6411651372909546,0.4584273397922516
les_bridge_fing09__00001000__s0026.wav,0.18041756749153137,0.10841462016105652,0.5308775901794434,0.3273307979106903,0.971787691116333,0.9259445071220398
prs_bridge_pick06__00001000__s0035.wav,0.626035213470459,0.46003401279449463,0.2648290991783142,0.6328107714653015,0.04897281154990196,0.09691989421844482
strat_neck_fing03__00001000__s0014.wav,0.07069255411624908,0.11939628422260284,0.9525120258331299,0.8946229815483093,0.793551504611969,0.7415390014648438
strat_neck_fing24__00001000__s0014.wav,0.9932068586349487,0.9316547513008118,0.7148458957672119,0.400249719619751,0.3590197265148163,0.2571153938770294
tele_neck_pick21__00001000__s0014.wav,0.08076082915067673,0.25464504957199097,0.437473326921463,0.603121280670166,0.5602186322212219,0.5045438408851624
les_bridge_fing03__00001000__s0022.wav,0.8400610089302063,0.442727267742157,0.44069281220436096,0.738517701625824,0.20377129316329956,0.07090745121240616
les_neck_fing17__00001000__s0008.wav,0.029530486091971397,0.03604153171181679,0.36497217416763306,0.16687335073947906,0.7530394196510315,0.7989971041679382
strat_neck_fing08__00001000__s0019.wav,0.15226124227046967,0.310193806886673,0.9129766821861267,0.2912321388721466,0.2194521129131317,0.40736159682273865
strat_neck_fing01__00001000__s0053.wav,0.0019518855260685086,0.09037373214960098,0.7354565262794495,0.690502941608429,0.5712922811508179,0.6344701647758484
prs_neck_pick04__00001000__s0042.wav,0.0782327800989151,0.15397712588310242,0.7342848777770996,0.1580498069524765,0.13960252702236176,0.4308120310306549
prs_neck_fing21__00001000__s0006.wav,0.32569316029548645,0.5714867115020752,0.7696229219436646,0.647083580493927,0.3954942226409912,0.5111036896705627
les_neck_fing13__00001000__s0001.wav,0.7646978497505188,0.9494509696960449,0.11887677013874054,0.6949757933616638,0.80021071434021,0.6579447984695435
strat_bridge_pick09__00001000__s0053.wav,0.7321498394012451,0.7599478960037231,0.155874565243721,0.6317235827445984,0.7186996936798096,0.714329719543457
strat_neck_fing13__00001000__s0053.wav,0.04316822439432144,0.37195685505867004,0.2545028030872345,0.44422584772109985,0.38610169291496277,0.5206226706504822
prs_bridge_fing05__00001000__s0019.wav,0.40225788950920105,0.26867952942848206,0.5874189138412476,0.6029115319252014,0.37790995836257935,0.4283424913883209
strat_neck_pick04__00001000__s0046.wav,0.4894937574863434,0.5487266182899475,0.48806214332580566,0.4472929835319519,0.1824667751789093,0.3196149170398712
prs_neck_pick08__00001000__s0043.wav,0.3725705146789551,0.44395866990089417,0.41505733132362366,0.46427395939826965,0.1629943996667862,0.2403210997581482
les_neck_fing02__00001000__s0048.wav,0.8123986124992371,0.8901870846748352,0.4702562093734741,0.5935519337654114,0.7002769708633423,0.38093411922454834
tele_bridge_pick05__00001000__s0005.wav,0.035999856889247894,0.29403308033943176,0.17172715067863464,0.42887210845947266,0.35424280166625977,0.5326358675956726
prs_neck_pick25__00001000__s0034.wav,0.022269422188401222,0.16357526183128357,0.6289075613021851,0.595392644405365,0.9874367117881775,0.6498286128044128
tele_bridge_pick07__00001000__s0054.wav,0.9205424785614014,0.8247929811477661,0.9881998300552368,0.7233470678329468,0.9827508330345154,0.9661865234375
prs_bridge_pick06__00001000__s0021.wav,0.4573904275894165,0.39843571186065674,0.14179667830467224,0.36069801449775696,0.651298999786377,0.48704031109809875
tele_bridge_pick04__00001000__s0037.wav,0.6853716373443604,0.4549206793308258,0.22564703226089478,0.6075408458709717,0.08394885808229446,0.13316679000854492
tele_bridge_pick25__00001000__s0011.wav,0.6500145792961121,0.5292250514030457,0.08945763856172562,0.5134157538414001,0.9500641822814941,0.8344510793685913
les_neck_pick18__00001000__s0031.wav,0.766038179397583,0.7130743265151978,0.43595555424690247,0.541912853717804,0.5060725808143616,0.28705164790153503
strat_bridge_fing15__00001000__s0004.wav,0.10915343463420868,0.2597593665122986,0.46157076954841614,0.6086689233779907,0.7120766043663025,0.5546708106994629
prs_bridge_pick17__00001000__s0021.wav,0.29095858335494995,0.24699586629867554,0.5108433365821838,0.6022621393203735,0.28358930349349976,0.2868961989879608
prs_neck_fing19__00001000__s0029.wav,0.43183213472366333,0.3822835385799408,0.13583894073963165,0.2778049409389496,0.5153457522392273,0.3311818540096283
tele_bridge_pick06__00001000__s0048.wav,0.7896325588226318,0.7536013126373291,0.46604785323143005,0.46365994215011597,0.5723992586135864,0.6360951662063599
tele_bridge_pick12__00001000__s0014.wav,0.15330857038497925,0.26513350009918213,0.46755778789520264,0.2816334366798401,0.13261377811431885,0.38928839564323425
les_bridge_fing10__00001000__s0043.wav,0.20291703939437866,0.4132973551750183,0.07740050554275513,0.4864628314971924,0.6619411110877991,0.5260711908340454
les_neck_fing09__00001000__s0038.wav,0.0445687435567379,0.3229428827762604,0.055230796337127686,0.43588241934776306,0.3878664970397949,0.18807712197303772
prs_bridge_fing12__00001000__s0008.wav,0.06770732253789902,0.07658273726701736,0.15910117328166962,0.5249515175819397,0.35043397545814514,0.45394015312194824
tele_neck_fing11__00001000__s0033.wav,0.8899108171463013,0.9554411768913269,0.6311296820640564,0.4099246561527252,0.8060919046401978,0.701651930809021
les_bridge_fing16__00001000__s0016.wav,0.6293229460716248,0.3754603862762451,0.21512913703918457,0.41500669717788696,0.2553543150424957,0.0952453538775444
tele_bridge_fing20__00001000__s0042.wav,0.2876465916633606,0.21750487387180328,0.1999119520187378,0.3790991008281708,0.7987683415412903,0.5179187655448914
prs_bridge_fing08__00001000__s0047.wav,0.7832198143005371,0.6000105142593384,0.5605029463768005,0.8775393962860107,0.48557543754577637,0.6221306324005127
les_neck_pick23__00001000__s0042.wav,0.6460466980934143,0.5455018281936646,0.16229796409606934,0.5683817267417908,0.6568798422813416,0.5924726724624634
strat_bridge_pick03__00001000__s0046.wav,0.040740955621004105,0.22561617195606232,0.7341492772102356,0.34299302101135254,0.13853755593299866,0.31073904037475586
les_neck_fing13__00001000__s0046.wav,0.8592522740364075,0.8945884704589844,0.26480409502983093,0.5676072835922241,0.43016666173934937,0.5891619324684143
prs_neck_pick10__00001000__s0052.wav,0.31888246536254883,0.3678036034107208,0.39570870995521545,0.6466516852378845,0.10347199440002441,0.06742694228887558
strat_bridge_pick24__00001000__s0023.wav,0.23022250831127167,0.39970341324806213,0.9464936852455139,0.7183879613876343,0.13841910660266876,0.38145917654037476
strat_bridge_pick11__00001000__s0000.wav,0.8285440802574158,0.6854926347732544,0.8851639032363892,0.6299025416374207,0.5256919264793396,0.38243210315704346
strat_neck_pick20__00001000__s0022.wav,0.4239530861377716,0.3727371394634247,0.33477023243904114,0.7864409685134888,0.605679452419281,0.28866279125213623
strat_neck_pick24__00001000__s0024.wav,0.3313498795032501,0.3058713674545288,0.5938078761100769,0.7352666854858398,0.6016710996627808,0.6545909643173218
strat_neck_pick03__00001000__s0054.wav,0.64228755235672,0.7763863205909729,0.741474986076355,0.4983859956264496,0.029528504237532616,0.20377448201179504
prs_neck_pick04__00001000__s0039.wav,0.8953344821929932,0.762776255607605,0.5645467638969421,0.5083136558532715,0.3158210217952728,0.32911789417266846
prs_neck_pick21__00001000__s0039.wav,0.9048278331756592,0.7081026434898376,0.8043392896652222,0.3198484778404236,0.400444358587265,0.5129222869873047
les_neck_fing16__00001000__s0022.wav,0.5472235679626465,0.4787168502807617,0.6109455227851868,0.6421587467193604,0.8791987299919128,0.9109463691711426
strat_neck_fing14__00001000__s0033.wav,0.383232057094574,0.5172343254089355,0.6517255306243896,0.7838260531425476,0.9927053451538086,0.9563624262809753
prs_bridge_fing22__00001000__s0034.wav,0.013796871528029442,0.06150547042489052,0.28374549746513367,0.14900372922420502,0.9426548480987549,0.763792872428894
tele_bridge_pick22__00001000__s0046.wav,0.40779152512550354,0.4900915026664734,0.8048410415649414,0.800987184047699,0.3053438365459442,0.3210476338863373
prs_bridge_fing05__00001000__s0017.wav,0.82020103931427,0.7896791100502014,0.2590482234954834,0.6349735856056213,0.1872752159833908,0.12685725092887878
les_bridge_fing13__00001000__s0016.wav,0.9632834196090698,0.581070601940155,0.1092485561966896,0.62657231092453,0.2412135899066925,0.43194541335105896
prs_neck_pick19__00001000__s0026.wav,0.41501641273498535,0.25258615612983704,0.9520168304443359,0.8432985544204712,0.3621801435947418,0.4767485558986664
les_bridge_fing04__00001000__s0031.wav,0.6147542595863342,0.4482443630695343,0.996214747428894,0.5131389498710632,0.35576963424682617,0.22877569496631622
prs_bridge_fing06__00001000__s0020.wav,0.5895036458969116,0.6444186568260193,0.8075512051582336,0.5829636454582214,0.17803999781608582,0.11007596552371979
les_neck_pick22__00001000__s0001.wav,0.13932764530181885,0.1644277721643448,0.1643393188714981,0.17972233891487122,0.8806719183921814,0.709395170211792
les_bridge_pick22__00001000__s0007.wav,0.2505786716938019,0.27799466252326965,0.9588025808334351,0.8204630017280579,0.9561634063720703,0.9172374606132507
tele_bridge_pick13__00001000__s0030.wav,0.9244987368583679,0.7217742800712585,0.31689849495887756,0.32779932022094727,0.34621989727020264,0.33158889412879944
tele_bridge_pick12__00001000__s0011.wav,0.4423052966594696,0.4739524722099304,0.779872477054596,0.5651891827583313,0.448755145072937,0.7206066846847534
tele_bridge_fing04__00001000__s0035.wav,0.2895313501358032,0.37456968426704407,0.08201197534799576,0.1436053216457367,0.5921615958213806,0.6004796028137207
tele_bridge_fing17__00001000__s0050.wav,0.7368682026863098,0.6783643960952759,0.3089166581630707,0.3919602036476135,0.6629341244697571,0.5413089394569397
tele_bridge_fing05__00001000__s0013.wav,0.9103795886039734,0.8172193765640259,0.12880252301692963,0.2639518976211548,0.20676317811012268,0.17723876237869263
strat_bridge_pick12__00001000__s0033.wav,0.3665063679218292,0.32938194274902344,0.6547498106956482,0.8036032915115356,0.664099931716919,0.5150731205940247
strat_bridge_fing07__00001000__s0026.wav,0.6787293553352356,0.7329952716827393,0.7173048853874207,0.7700048089027405,0.9639185070991516,0.9508838653564453
tele_bridge_pick06__00001000__s0003.wav,0.27407991886138916,0.1917225420475006,0.6829378008842468,0.7811205983161926,0.6433212161064148,0.5482754707336426
tele_neck_pick16__00001000__s0036.wav,0.8517320156097412,0.8369393348693848,0.7685394883155823,0.6772320866584778,0.32996392250061035,0.2843736410140991
strat_neck_fing24__00001000__s0037.wav,0.6328943967819214,0.7151144742965698,0.2972440719604492,0.5976598262786865,0.9036775827407837,0.6682567596435547
strat_bridge_pick11__00001000__s0005.wav,0.6970841288566589,0.8281562328338623,0.16653767228126526,0.5094406008720398,0.346981942653656,0.17263531684875488
tele_bridge_fing18__00001000__s0015.wav,0.10240834206342697,0.11003293842077255,0.3257524073123932,0.2520492970943451,0.9062758088111877,0.7710121870040894
prs_neck_pick24__00001000__s0031.wav,0.06030220910906792,0.13949765264987946,0.06673884391784668,0.16116026043891907,0.7987194061279297,0.49040907621383667
les_bridge_fing24__00001000__s0009.wav,0.9094269871711731,0.8987576961517334,0.38030606508255005,0.5780083537101746,0.7463427782058716,0.7440177202224731
tele_neck_fing05__00001000__s0036.wav,0.1295783817768097,0.10645058006048203,0.7807517051696777,0.22668397426605225,0.24177250266075134,0.49287334084510803
prs_bridge_pick24__00001000__s0049.wav,0.5634318590164185,0.44448646903038025,0.04763152822852135,0.34596356749534607,0.11624623090028763,0.18650555610656738
les_neck_pick13__00001000__s0031.wav,0.7317982316017151,0.6609631776809692,0.7585224509239197,0.3980732858181,0.8213284611701965,0.916351318359375
strat_neck_fing12__00001000__s0004.wav,0.21671169996261597,0.24420113861560822,0.8526788353919983,0.5653371214866638,0.10836680233478546,0.4060400128364563
tele_bridge_pick14__00001000__s0035.wav,0.5538210272789001,0.27809664607048035,0.23097358644008636,0.49450933933258057,0.03761434182524681,0.03185410797595978
tele_neck_pick11__00001000__s0055.wav,0.9400823712348938,0.9388313889503479,0.01131654903292656,0.538083553314209,0.6603760123252869,0.36955803632736206
les_neck_pick06__00001000__s0045.wav,0.7588191628456116,0.8397961854934692,0.06444382667541504,0.37630054354667664,0.5284881591796875,0.39143913984298706
strat_neck_fing15__00001000__s0002.wav,0.13777628540992737,0.24025210738182068,0.2596333622932434,0.35057803988456726,0.7611165046691895,0.39636778831481934
strat_neck_fing12__00001000__s0016.wav,0.6914036870002747,0.7113595604896545,0.6703629493713379,0.32478922605514526,0.5968014597892761,0.6770334243774414
prs_bridge_fing05__00001000__s0040.wav,0.12813225388526917,0.6421133279800415,0.13179878890514374,0.4396044611930847,0.4914394021034241,0.5511816143989563
prs_neck_fing04__00001000__s0008.wav,0.25890132784843445,0.36332371830940247,0.2656559348106384,0.6580684185028076,0.5212306380271912,0.6194056272506714
strat_neck_pick08__00001000__s0011.wav,0.9321227669715881,0.7945846319198608,0.07119053602218628,0.1310712993144989,0.4320894181728363,0.3095637559890747
strat_bridge_fing23__00001000__s0007.wav,0.745412290096283,0.535306990146637,0.6085690855979919,0.30887579917907715,0.6608723402023315,0.4556461572647095
prs_bridge_fing23__00001000__s0010.wav,0.6420128345489502,0.6025989055633545,0.42385196685791016,0.10925984382629395,0.9938347339630127,0.9861708283424377
strat_neck_fing10__00001000__s0007.wav,0.08452438563108444,0.08735404908657074,0.17085926234722137,0.2877468764781952,0.7704869508743286,0.4698213040828705
prs_bridge_pick04__00001000__s0053.wav,0.3212122321128845,0.6209557056427002,0.07043157517910004,0.2291755974292755,0.093742236495018,0.16184654831886292
les_neck_pick07__00001000__s0038.wav,0.3967682123184204,0.43131980299949646,0.8089432120323181,0.7278123497962952,0.325916588306427,0.49500465393066406
les_bridge_fing19__00001000__s0048.wav,0.8053699731826782,0.8214389681816101,0.6911693811416626,0.8801388740539551,0.7015275359153748,0.6375004053115845
prs_neck_pick16__00001000__s0008.wav,0.9180685877799988,0.7581710815429688,0.6009170413017273,0.5050029754638672,0.3707231283187866,0.25691479444503784
strat_bridge_pick12__00001000__s0013.wav,0.8593356609344482,0.8261384963989258,0.5812011957168579,0.6141365766525269,0.7875518202781677,0.7341940402984619
strat_neck_fing23__00001000__s0011.wav,0.09988206624984741,0.16428187489509583,0.36060643196105957,0.5820214748382568,0.5467056632041931,0.40540140867233276
tele_bridge_pick24__00001000__s0026.wav,0.2077493518590927,0.3382957875728607,0.7264917492866516,0.6504725813865662,0.8293192386627197,0.8491252660751343
les_neck_fing19__00001000__s0036.wav,0.3483949899673462,0.5158779621124268,0.2401781678199768,0.6286475658416748,0.674419105052948,0.2619720995426178
prs_bridge_fing23__00001000__s0031.wav,0.03818545490503311,0.04957389086484909,0.5605639219284058,0.7139580845832825,0.6385558247566223,0.7868645191192627
tele_neck_fing07__00001000__s0001.wav,0.6231474280357361,0.6216645240783691,0.555170476436615,0.8098820447921753,0.12111467868089676,0.1899642050266266
strat_bridge_pick12__00001000__s0020.wav,0.0761089026927948,0.17480432987213135,0.6766661405563354,0.7342354655265808,0.6393202543258667,0.6307299137115479
prs_neck_pick04__00001000__s0033.wav,0.9368637204170227,0.8875157833099365,0.7501691579818726,0.3708926737308502,0.45832300186157227,0.4138140380382538
prs_bridge_fing13__00001000__s0035.wav,0.8655819892883301,0.7529494762420654,0.003919139504432678,0.6166279315948486,0.467367559671402,0.4302345812320709
les_bridge_fing05__00001000__s0054.wav,0.11174743622541428,0.13920335471630096,0.700878918170929,0.7239189743995667,0.885432243347168,0.7996823787689209
les_bridge_pick16__00001000__s0005.wav,0.6065688729286194,0.7261725068092346,0.25919926166534424,0.2021518498659134,0.8255868554115295,0.6359366774559021
prs_bridge_fing09__00001000__s0052.wav,0.5183079242706299,0.7503423094749451,0.925062358379364,0.4127940833568573,0.37180447578430176,0.33341845870018005
strat_neck_fing13__00001000__s0018.wav,0.4332943856716156,0.20902056992053986,0.06802510470151901,0.21096129715442657,0.20576386153697968,0.0973430722951889
prs_bridge_fing10__00001000__s0022.wav,0.29918715357780457,0.235776886343956,0.739362895488739,0.8864734768867493,0.5389195680618286,0.6060479879379272
les_bridge_pick22__00001000__s0041.wav,0.19725435972213745,0.09409286081790924,0.5681639909744263,0.6835390329360962,0.46080026030540466,0.6430380940437317
prs_neck_pick04__00001000__s0027.wav,0.4333932399749756,0.48083463311195374,0.7904972434043884,0.5315996408462524,0.5453094244003296,0.5518917441368103
tele_neck_fing24__00001000__s0015.wav,0.9118068218231201,0.8506374955177307,0.28722909092903137,0.26279962062835693,0.13480733335018158,0.11171530932188034
prs_bridge_fing11__00001000__s0055.wav,0.8157270550727844,0.7455741167068481,0.6719221472740173,0.6811661720275879,0.09341835230588913,0.5119333863258362
tele_bridge_fing04__00001000__s0006.wav,0.9553490877151489,0.974917471408844,0.4342494010925293,0.621000349521637,0.9355684518814087,0.9029111266136169
prs_bridge_pick17__00001000__s0011.wav,0.015320996753871441,0.027418414130806923,0.7059507369995117,0.5218556523323059,0.8380621671676636,0.5322509407997131
prs_neck_pick03__00001000__s0020.wav,0.43972572684288025,0.6281297206878662,0.25509366393089294,0.20703721046447754,0.45579400658607483,0.44743111729621887
les_neck_fing19__00001000__s0012.wav,0.5276517868041992,0.34810397028923035,0.21457108855247498,0.4542795419692993,0.3686947524547577,0.2868690490722656
prs_bridge_fing12__00001000__s0009.wav,0.1784105747938156,0.34355276823043823,0.4471665322780609,0.5710646510124207,0.4706316292285919,0.48791027069091797
tele_neck_fing20__00001000__s0020.wav,0.15318360924720764,0.20451606810092926,0.3966367244720459,0.481456995010376,0.5411201119422913,0.7191242575645447
strat_neck_pick21__00001000__s0052.wav,0.6341020464897156,0.6048546433448792,0.449434757232666,0.5373384356498718,0.19274386763572693,0.34971699118614197
prs_neck_pick15__00001000__s0013.wav,0.8149136900901794,0.5608271360397339,0.7011258006095886,0.6884900331497192,0.5823329091072083,0.6110109686851501
strat_bridge_pick17__00001000__s0044.wav,0.8471519947052002,0.7092217206954956,0.25801485776901245,0.6726304292678833,0.9703946709632874,0.981249988079071
les_bridge_pick06__00001000__s0030.wav,0.637204110622406,0.5918070077896118,0.9901608228683472,0.6504849791526794,0.8108923435211182,0.849602222442627
prs_bridge_fing02__00001000__s0007.wav,0.3391328454017639,0.3402397930622101,0.8647157549858093,0.9241345524787903,0.7306849956512451,0.6519231796264648
strat_bridge_fing19__00001000__s0038.wav,0.21723337471485138,0.3402698338031769,0.3317323923110962,0.4272066652774811,0.6068338751792908,0.7563888430595398
les_neck_fing11__00001000__s0033.wav,0.5607991814613342,0.5413548946380615,0.06642506271600723,0.47955840826034546,0.9447734355926514,0.9011432528495789
les_neck_pick16__00001000__s0010.wav,0.8704549074172974,0.8237049579620361,0.3278965651988983,0.49616003036499023,0.9559685587882996,0.9189743399620056
tele_neck_fing06__00001000__s0052.wav,0.1341792643070221,0.3153592646121979,0.718342125415802,0.9009148478507996,0.5148805379867554,0.5622931122779846
prs_neck_pick25__00001000__s0006.wav,0.10249480605125427,0.1428462266921997,0.8850098848342896,0.6942877769470215,0.29585105180740356,0.450644850730896
strat_neck_fing06__00001000__s0040.wav,0.796047031879425,0.49308332800865173,0.8559751510620117,0.4986101984977722,0.1571284681558609,0.13666394352912903
strat_bridge_fing10__00001000__s0054.wav,0.9869429469108582,0.8804279565811157,0.883070170879364,0.3284846246242523,0.679047703742981,0.721098780632019
strat_neck_pick05__00001000__s0042.wav,0.8877922892570496,0.9073886275291443,0.20559903979301453,0.4790322780609131,0.17162823677062988,0.3109927475452423
strat_neck_fing13__00001000__s0038.wav,0.5423293709754944,0.5818660855293274,0.7136237621307373,0.3944571316242218,0.3861187696456909,0.3194599747657776
les_bridge_fing09__00001000__s0055.wav,0.9296623468399048,0.9114201664924622,0.5570193529129028,0.4570266008377075,0.7955954074859619,0.7601336240768433
tele_bridge_pick20__00001000__s0032.wav,0.05054225027561188,0.06673823297023773,0.008495050482451916,0.2841208577156067,0.20114560425281525,0.4512154459953308
strat_neck_pick19__00001000__s0006.wav,0.02048877440392971,0.3069245517253876,0.5434193015098572,0.4340561330318451,0.1874382197856903,0.1527194082736969
prs_bridge_fing16__00001000__s0044.wav,0.3221476972103119,0.3381021320819855,0.9083607792854309,0.7003479599952698,0.8290392160415649,0.7863789796829224
les_bridge_fing21__00001000__s0011.wav,0.4607165455818176,0.8203656077384949,0.18488837778568268,0.39569905400276184,0.07372438162565231,0.23014341294765472
strat_bridge_pick07__00001000__s0052.wav,0.3211130201816559,0.3964272737503052,0.36172276735305786,0.34682756662368774,0.08325336873531342,0.21725773811340332
prs_bridge_fing08__00001000__s0044.wav,0.049787137657403946,0.1554737240076065,0.3867295980453491,0.5296988487243652,0.9027969241142273,0.8927972912788391
prs_bridge_pick05__00001000__s0043.wav,0.8390380144119263,0.6586247682571411,0.8895872235298157,0.6918355226516724,0.12616781890392303,0.15742816030979156
strat_bridge_fing24__00001000__s0054.wav,0.06846963614225388,0.2883205711841583,0.059349942952394485,0.12969696521759033,0.857913613319397,0.475186288356781
strat_neck_fing01__00001000__s0006.wav,0.00897679291665554,0.19744092226028442,0.2969905734062195,0.30083292722702026,0.7828496098518372,0.6701416373252869
prs_bridge_pick23__00001000__s0053.wav,0.6142456531524658,0.42857080698013306,0.6430810689926147,0.5186835527420044,0.18666791915893555,0.1792241632938385
tele_neck_pick17__00001000__s0011.wav,0.4572170674800873,0.5228890180587769,0.7111620903015137,0.3225206136703491,0.8489518761634827,0.7727717757225037
strat_neck_pick17__00001000__s0009.wav,0.4093939960002899,0.2579404413700104,0.14101648330688477,0.7378017902374268,0.6731719374656677,0.25907498598098755
les_bridge_pick12__00001000__s0027.wav,0.3109220564365387,0.5576924681663513,0.46065452694892883,0.36719146370887756,0.9823951721191406,0.9588236212730408
prs_bridge_fing12__00001000__s0014.wav,0.3485662341117859,0.2346840351819992,0.007624804973602295,0.21118780970573425,0.17225836217403412,0.25417399406433105
les_bridge_pick04__00001000__s0012.wav,0.967789888381958,0.8626613020896912,0.23977170884609222,0.7377879619598389,0.8468356728553772,0.758540153503418
les_neck_fing04__00001000__s0050.wav,0.5046218633651733,0.40466856956481934,0.9956226944923401,0.7472869753837585,0.7811357378959656,0.7257293462753296
prs_bridge_pick06__00001000__s0042.wav,0.20249086618423462,0.17257320880889893,0.7255060076713562,0.547119140625,0.19314098358154297,0.38102221488952637
prs_bridge_fing16__00001000__s0026.wav,0.6224891543388367,0.595524251461029,0.11116701364517212,0.675961434841156,0.31321367621421814,0.31916162371635437
les_bridge_pick21__00001000__s0014.wav,0.7558055520057678,0.6633002161979675,0.6707047820091248,0.736797571182251,0.45461374521255493,0.3289201557636261
les_bridge_fing01__00001000__s0044.wav,0.20105719566345215,0.1770620197057724,0.014048279263079166,0.4552154839038849,0.10386369377374649,0.12799875438213348
les_neck_pick08__00001000__s0047.wav,0.6931948065757751,0.6583749651908875,0.4180004596710205,0.2186557948589325,0.04348332807421684,0.17018580436706543
strat_bridge_fing11__00001000__s0008.wav,0.7946833372116089,0.7904443144798279,0.08010925352573395,0.5218329429626465,0.728327214717865,0.7191696763038635
strat_neck_fing03__00001000__s0005.wav,0.7387175559997559,0.8296703696250916,0.4713676869869232,0.5278624892234802,0.8509982824325562,0.8338661193847656
strat_neck_pick01__00001000__s0048.wav,0.38811978697776794,0.3741034269332886,0.9367436766624451,0.8557386994361877,0.650429368019104,0.7089881300926208
les_bridge_pick12__00001000__s0037.wav,0.09409836679697037,0.17717228829860687,0.4630841910839081,0.5320380330085754,0.6999524235725403,0.6960954070091248
prs_bridge_pick22__00001000__s0006.wav,0.6499107480049133,0.47365841269493103,0.038203928619623184,0.26895591616630554,0.7748115658760071,0.8425161242485046
les_bridge_pick05__00001000__s0011.wav,0.9619389176368713,0.8680490255355835,0.028505923226475716,0.6692370176315308,0.8640621900558472,0.8948209285736084
strat_neck_pick19__00001000__s0053.wav,0.26451581716537476,0.2659537196159363,0.5549518465995789,0.5171343088150024,0.603534460067749,0.5125969648361206
tele_neck_fing25__00001000__s0007.wav,0.8733363151550293,0.8560125827789307,0.09793799370527267,0.23330557346343994,0.9177905321121216,0.9472194910049438
les_bridge_fing24__00001000__s0023.wav,0.643718421459198,0.6179332137107849,0.2149653285741806,0.3128175437450409,0.3297596871852875,0.3464314937591553
strat_neck_fing13__00001000__s0042.wav,0.2211734801530838,0.3774000406265259,0.871551513671875,0.4849660396575928,0.07001955062150955,0.45962488651275635
tele_neck_fing21__00001000__s0036.wav,0.7382397055625916,0.2256491482257843,0.35654178261756897,0.6324173808097839,0.324961394071579,0.15599367022514343
prs_neck_fing20__00001000__s0031.wav,0.5553745627403259,0.4895215630531311,0.19684070348739624,0.6685376167297363,0.8673989176750183,0.8572867512702942
strat_neck_fing09__00001000__s0035.wav,0.5627172589302063,0.5751590132713318,0.11152557283639908,0.20868517458438873,0.8549792170524597,0.8844712972640991
les_bridge_pick08__00001000__s0035.wav,0.7402228713035583,0.8396454453468323,0.6013962626457214,0.7466551065444946,0.8980781435966492,0.8954933881759644
prs_neck_fing24__00001000__s0045.wav,0.3964856266975403,0.5412048101425171,0.8354630470275879,0.3812539279460907,0.09621546417474747,0.1279899924993515
les_neck_pick16__00001000__s0030.wav,0.7109602689743042,0.7247822880744934,0.8327165246009827,0.5450194478034973,0.5342918038368225,0.6498627662658691
strat_neck_pick17__00001000__s0021.wav,0.7715116143226624,0.755648136138916,0.817478597164154,0.7610219717025757,0.8736083507537842,0.8669002652168274
prs_neck_fing10__00001000__s0028.wav,0.15400134027004242,0.3179187774658203,0.6496440172195435,0.8897488117218018,0.5528523921966553,0.5781900882720947
prs_bridge_pick20__00001000__s0041.wav,0.11334921419620514,0.22293196618556976,0.11969085037708282,0.5569840669631958,0.8448619842529297,0.8708527684211731
prs_bridge_pick15__00001000__s0037.wav,0.6327293515205383,0.6134924292564392,0.6617555022239685,0.5520601272583008,0.13421955704689026,0.22779250144958496
prs_bridge_fing03__00001000__s0042.wav,0.19970060884952545,0.22074416279792786,0.8172412514686584,0.8810190558433533,0.46973323822021484,0.5660815834999084
strat_neck_pick17__00001000__s0043.wav,0.2755926251411438,0.7831109166145325,0.5796310305595398,0.5190021395683289,0.133589968085289,0.22875572741031647
prs_neck_fing03__00001000__s0038.wav,0.19804205000400543,0.2560403645038605,0.5666723847389221,0.494051069021225,0.9808652400970459,0.9488427639007568
tele_neck_pick03__00001000__s0021.wav,0.2787438631057739,0.24793532490730286,0.26665741205215454,0.4309060275554657,0.689958393573761,0.49164891242980957
les_neck_fing21__00001000__s0002.wav,0.9328541159629822,0.9083022475242615,0.05565853789448738,0.4032992422580719,0.6882184743881226,0.37209486961364746
strat_bridge_fing06__00001000__s0040.wav,0.6720433831214905,0.6626234650611877,0.5789614319801331,0.6192677021026611,0.6669670343399048,0.5530930757522583
tele_neck_fing16__00001000__s0021.wav,0.026656487956643105,0.2606540620326996,0.16116638481616974,0.31734052300453186,0.2563282549381256,0.2931470274925232
les_neck_fing10__00001000__s0037.wav,0.21428754925727844,0.47505873441696167,0.7966773509979248,0.6380453705787659,0.07534468173980713,0.232244074344635
les_bridge_pick25__00001000__s0037.wav,0.7252156138420105,0.7844811081886292,0.037285689264535904,0.5673000812530518,0.9937373995780945,0.9443298578262329
strat_bridge_pick17__00001000__s0010.wav,0.3676449954509735,0.34624508023262024,0.18379457294940948,0.423624724149704,0.7093322277069092,0.5887264013290405
tele_bridge_fing10__00001000__s0012.wav,0.8775217533111572,0.8551400899887085,0.0016736200777813792,0.3798139989376068,0.8977077007293701,0.81817227602005
les_bridge_fing03__00001000__s0007.wav,0.00509884487837553,0.43716487288475037,0.020773906260728836,0.3149494230747223,0.8817078471183777,0.05713384598493576
les_neck_pick02__00001000__s0053.wav,0.6976497173309326,0.5698527693748474,0.0030966915655881166,0.4252750277519226,0.1395731419324875,0.16235747933387756
strat_neck_pick13__00001000__s0024.wav,0.746748149394989,0.8660100698471069,0.23816238343715668,0.6771921515464783,0.3753301203250885,0.35628125071525574
tele_bridge_pick23__00001000__s0012.wav,0.599033534526825,0.6802645325660706,0.37930288910865784,0.4487931430339813,0.411411851644516,0.43650326132774353
tele_neck_fing18__00001000__s0020.wav,0.026876313611865044,0.4633099436759949,0.26169535517692566,0.5176180601119995,0.04594026133418083,0.037464696913957596
tele_bridge_pick11__00001000__s0030.wav,0.4112660586833954,0.46393662691116333,0.32029613852500916,0.2734140157699585,0.800140917301178,0.7502443790435791
les_bridge_fing12__00001000__s0024.wav,0.8773424625396729,0.7376806139945984,0.13635382056236267,0.24299806356430054,0.08920657634735107,0.14926302433013916
les_neck_pick25__00001000__s0006.wav,0.16940289735794067,0.2620990574359894,0.851036012172699,0.6805649399757385,0.8699817657470703,0.7555034160614014
tele_neck_fing14__00001000__s0014.wav,0.07282409071922302,0.1934380829334259,0.2604529857635498,0.54007488489151,0.4194943904876709,0.5246301889419556
strat_neck_pick06__00001000__s0013.wav,0.06215924024581909,0.13474112749099731,0.8015314936637878,0.3912849724292755,0.82466721534729,0.5953239798545837
les_bridge_fing15__00001000__s0044.wav,0.4675979018211365,0.7552361488342285,0.7979599833488464,0.6477389335632324,0.008889143355190754,0.1755887120962143
les_bridge_pick13__00001000__s0055.wav,0.8562070727348328,0.8017740249633789,0.7607956528663635,0.5606166124343872,0.8607788681983948,0.7834854125976562
prs_bridge_pick12__00001000__s0042.wav,0.7039627432823181,0.6610807180404663,0.8166963458061218,0.9186786413192749,0.46928930282592773,0.4355323612689972
les_bridge_fing01__00001000__s0034.wav,0.5298865437507629,0.3386068642139435,0.07982360571622849,0.5231200456619263,0.11350840330123901,0.09994739294052124
tele_bridge_pick11__00001000__s0011.wav,0.03465960547327995,0.06499050557613373,0.49133673310279846,0.8760015964508057,0.8173182010650635,0.5496057271957397
tele_bridge_fing11__00001000__s0046.wav,0.0011606690241023898,0.013282714411616325,0.8355874419212341,0.8513696789741516,0.5708447098731995,0.6511087417602539
tele_neck_pick20__00001000__s0010.wav,0.19058679044246674,0.24717070162296295,0.03969225659966469,0.2322002351284027,0.5910698175430298,0.4084274470806122
strat_neck_fing08__00001000__s0024.wav,0.5143062472343445,0.38075706362724304,0.7690235376358032,0.49720534682273865,0.7552679181098938,0.6914162039756775
tele_neck_fing14__00001000__s0024.wav,0.768079400062561,0.5683134198188782,0.7237353324890137,0.698276162147522,0.1462176889181137,0.38037756085395813
les_neck_fing08__00001000__s0015.wav,0.8924397230148315,0.7392765283584595,0.3856470286846161,0.7215905785560608,0.3885500133037567,0.3522549569606781
les_neck_fing21__00001000__s0001.wav,0.13272999227046967,0.2048286348581314,0.3548441529273987,0.6567494869232178,0.5605661273002625,0.8552045226097107
les_bridge_pick19__00001000__s0017.wav,0.07941603660583496,0.29291394352912903,0.15353932976722717,0.2905219495296478,0.36067256331443787,0.6936165690422058
tele_bridge_pick04__00001000__s0046.wav,0.6074753403663635,0.4400676488876343,0.07750791311264038,0.3245796263217926,0.6514301300048828,0.6958432793617249
les_bridge_pick16__00001000__s0015.wav,0.6183860898017883,0.5691025257110596,0.8071253895759583,0.578887939453125,0.9529174566268921,0.8659741878509521
les_neck_pick08__00001000__s0053.wav,0.9013795256614685,0.716238260269165,0.28942039608955383,0.406770795583725,0.17067579925060272,0.07463338971138
les_bridge_pick20__00001000__s0037.wav,0.43682822585105896,0.45871633291244507,0.08016138523817062,0.21221740543842316,0.1910693198442459,0.2964783012866974
strat_bridge_fing19__00001000__s0053.wav,0.5246039032936096,0.7406138777732849,0.7983132600784302,0.5886648297309875,0.15316979587078094,0.2870989739894867
strat_bridge_pick24__00001000__s0037.wav,0.09376456588506699,0.11427201330661774,0.7547248005867004,0.8865698575973511,0.7981449961662292,0.4373343586921692
strat_bridge_pick08__00001000__s0006.wav,0.2951720952987671,0.2982507348060608,0.992977499961853,0.6546406149864197,0.17622427642345428,0.4795396327972412
strat_bridge_fing17__00001000__s0005.wav,0.6881317496299744,0.5151770710945129,0.06720118969678879,0.13120129704475403,0.15577489137649536,0.35486847162246704
les_neck_pick25__00001000__s0020.wav,0.47967538237571716,0.4287134110927582,0.4061141014099121,0.6279321312904358,0.007534802425652742,0.15261973440647125
les_bridge_fing25__00001000__s0039.wav,0.31726595759391785,0.17638280987739563,0.23697248101234436,0.8561875820159912,0.6958102583885193,0.40313661098480225
prs_bridge_pick18__00001000__s0046.wav,0.8179782629013062,0.683050811290741,0.370391845703125,0.729752779006958,0.5986007452011108,0.34128865599632263
tele_neck_fing14__00001000__s0040.wav,0.8903583884239197,0.7542036771774292,0.24244877696037292,0.5435863137245178,0.6147645711898804,0.4924222528934479
strat_neck_pick08__00001000__s0047.wav,0.6241481304168701,0.7060821652412415,0.09496621042490005,0.4310062825679779,0.8144425749778748,0.7995667457580566
prs_bridge_pick11__00001000__s0028.wav,0.05490495264530182,0.4048762321472168,0.6867386102676392,0.16733179986476898,0.04323582723736763,0.390631765127182
prs_bridge_pick01__00001000__s0030.wav,0.47845548391342163,0.3078114688396454,0.38505902886390686,0.7402704954147339,0.5295509696006775,0.49329522252082825
les_neck_fing04__00001000__s0032.wav,0.67486172914505,0.6454855799674988,0.6480591893196106,0.6220552325248718,0.9446226954460144,0.9288448691368103
tele_neck_pick20__00001000__s0031.wav,0.0820900946855545,0.1762179434299469,0.006470628548413515,0.1307777464389801,0.2275707870721817,0.3325747549533844
prs_neck_fing12__00001000__s0027.wav,0.17720066010951996,0.10148225724697113,0.5694317817687988,0.7264490723609924,0.6705179214477539,0.5599548816680908
strat_neck_fing12__00001000__s0031.wav,0.2541150450706482,0.40804174542427063,0.4980037808418274,0.5081735849380493,0.06625869870185852,0.12524907290935516
les_bridge_pick01__00001000__s0048.wav,0.09271903336048126,0.05032413825392723,0.19154687225818634,0.3390039801597595,0.5274703502655029,0.38228318095207214
les_neck_pick25__00001000__s0023.wav,0.07960112392902374,0.14592419564723969,0.348166823387146,0.40070605278015137,0.32865843176841736,0.4379757046699524
les_bridge_fing20__00001000__s0028.wav,0.799812912940979,0.8208099603652954,0.6119967103004456,0.7384272813796997,0.8881294131278992,0.8334173560142517
les_neck_pick17__00001000__s0020.wav,0.7425098419189453,0.6057536005973816,0.18674561381340027,0.423406183719635,0.07471759617328644,0.18829984962940216
strat_neck_fing14__00001000__s0048.wav,0.5529929995536804,0.566084623336792,0.9603968858718872,0.33117052912712097,0.8046974539756775,0.7666887044906616
prs_neck_fing10__00001000__s0048.wav,0.6985583305358887,0.6573277711868286,0.4525221288204193,0.44465553760528564,0.962834894657135,0.9294171333312988
les_neck_pick23__00001000__s0021.wav,0.18518446385860443,0.05030873417854309,0.6304507851600647,0.5519049167633057,0.7557376623153687,0.8185412883758545
strat_neck_fing21__00001000__s0030.wav,0.14283323287963867,0.1984524130821228,0.8935657143592834,0.6836302280426025,0.10112139582633972,0.19836930930614471
tele_neck_pick12__00001000__s0031.wav,0.053879160434007645,0.06507561355829239,0.9837837815284729,0.8746782541275024,0.7645629048347473,0.6640223860740662
prs_bridge_pick06__00001000__s0036.wav,0.5858771204948425,0.35945674777030945,0.10367415845394135,0.3520428538322449,0.5405022501945496,0.5381741523742676
prs_neck_fing24__00001000__s0023.wav,0.08995828777551651,0.15053333342075348,0.25880295038223267,0.8158406615257263,0.4870559573173523,0.21864482760429382
les_bridge_fing11__00001000__s0003.wav,0.6397233605384827,0.5148829817771912,0.7985846400260925,0.6533821225166321,0.5159355998039246,0.4817960560321808
tele_neck_pick20__00001000__s0015.wav,0.17715325951576233,0.23834176361560822,0.2950456142425537,0.16437318921089172,0.1406949907541275,0.34284523129463196
strat_neck_pick15__00001000__s0022.wav,0.9986234307289124,0.3193966746330261,0.3643188178539276,0.7473992109298706,0.24822936952114105,0.1290346384048462
les_bridge_pick16__00001000__s0030.wav,0.3284977078437805,0.6697809100151062,0.2578180730342865,0.4124704599380493,0.11459954082965851,0.07232028245925903
les_neck_fing22__00001000__s0017.wav,0.50736403465271,0.5163454413414001,0.8259356617927551,0.6782869100570679,0.14251326024532318,0.18583543598651886
les_bridge_pick13__00001000__s0013.wav,0.5819056630134583,0.447506308555603,0.383289635181427,0.4408251941204071,0.20820742845535278,0.31130731105804443
strat_bridge_pick17__00001000__s0033.wav,0.037948038429021835,0.14365899562835693,0.30446094274520874,0.5325040817260742,0.9264053702354431,0.6919141411781311
prs_bridge_pick06__00001000__s0013.wav,0.3256494104862213,0.26054808497428894,0.5113514065742493,0.6883317828178406,0.7739561796188354,0.8668657541275024
tele_neck_pick15__00001000__s0049.wav,0.37616783380508423,0.579912006855011,0.6630770564079285,0.6053481698036194,0.11899568140506744,0.5956875681877136
prs_bridge_fing25__00001000__s0012.wav,0.3716632127761841,0.4154355823993683,0.9034841656684875,0.4215889275074005,0.1225782185792923,0.7936878204345703
tele_neck_fing25__00001000__s0040.wav,0.7087633609771729,0.47657108306884766,0.9534329175949097,0.4588303565979004,0.012413152493536472,0.08209279179573059
les_bridge_fing25__00001000__s0054.wav,0.12936215102672577,0.21188078820705414,0.6400346755981445,0.560390293598175,0.42498692870140076,0.474445641040802
prs_neck_fing08__00001000__s0035.wav,0.09813231229782104,0.14324864745140076,0.7824557423591614,0.7940854430198669,0.7070785760879517,0.5561650395393372
les_bridge_fing04__00001000__s0049.wav,0.21426443755626678,0.09575191140174866,0.1692495048046112,0.48506593704223633,0.2209516167640686,0.27457091212272644
les_neck_pick14__00001000__s0045.wav,0.23784977197647095,0.22393077611923218,0.20723748207092285,0.7996883988380432,0.5547805428504944,0.4468257427215576
les_neck_pick03__00001000__s0026.wav,0.8937249779701233,0.7074146866798401,0.32819122076034546,0.4308629631996155,0.08495000004768372,0.1716744750738144
strat_bridge_fing03__00001000__s0043.wav,0.4903765618801117,0.5691102743148804,0.058087095618247986,0.30391186475753784,0.8959261775016785,0.8045670986175537
strat_neck_fing12__00001000__s0011.wav,0.6396438479423523,0.6065980792045593,0.7789657115936279,0.2873900830745697,0.8915948271751404,0.8575460314750671
prs_neck_fing06__00001000__s0014.wav,0.3410550653934479,0.3682090640068054,0.9371041059494019,0.7601723670959473,0.5756008625030518,0.620466411113739
prs_bridge_pick24__00001000__s0018.wav,0.607787549495697,0.5854060649871826,0.4973530173301697,0.35181480646133423,0.47869980335235596,0.47539499402046204
tele_neck_fing01__00001000__s0019.wav,0.2916219234466553,0.5717189311981201,0.8786162734031677,0.8335894346237183,0.819225013256073,0.8791974186897278
les_neck_fing04__00001000__s0046.wav,0.5899100303649902,0.46158766746520996,0.27851179242134094,0.5535255074501038,0.15487228333950043,0.19245600700378418
strat_bridge_pick16__00001000__s0007.wav,0.656598687171936,0.5755130648612976,0.7876025438308716,0.8713027834892273,0.6598642468452454,0.38232171535491943
strat_neck_pick13__00001000__s0029.wav,0.8764867186546326,0.9057488441467285,0.9075012803077698,0.6971682906150818,0.405361533164978,0.4727359116077423
prs_bridge_pick21__00001000__s0006.wav,0.5158525109291077,0.6359861493110657,0.6792965531349182,0.47932329773902893,0.13882410526275635,0.17291657626628876
tele_bridge_pick09__00001000__s0016.wav,0.3868800699710846,0.5818526744842529,0.9215962886810303,0.6381650567054749,0.38873490691185,0.52092045545578
strat_neck_fing25__00001000__s0006.wav,0.8081677556037903,0.7504511475563049,0.603533148765564,0.4680454432964325,0.3762960731983185,0.5413407683372498
prs_bridge_fing07__00001000__s0039.wav,0.8649817109107971,0.6358934044837952,0.6337294578552246,0.42680567502975464,0.16160857677459717,0.21784590184688568
prs_neck_pick17__00001000__s0030.wav,0.2556692361831665,0.2398880571126938,0.21456216275691986,0.45728421211242676,0.40778931975364685,0.41818055510520935
les_bridge_pick09__00001000__s0053.wav,0.998150110244751,0.6511763334274292,0.48599210381507874,0.450222373008728,0.41279152035713196,0.3544463515281677
prs_bridge_fing12__00001000__s0018.wav,0.32300877571105957,0.2798999547958374,0.009899458847939968,0.22549057006835938,0.8671591281890869,0.3052215278148651
prs_neck_fing06__00001000__s0020.wav,0.943585216999054,0.8225263357162476,0.8189818263053894,0.6581510901451111,0.21867893636226654,0.2729489207267761
strat_bridge_fing21__00001000__s0011.wav,0.7844510078430176,0.9717876315116882,0.6243880987167358,0.6976513862609863,0.3418188989162445,0.3884490132331848
strat_bridge_pick19__00001000__s0024.wav,0.35273367166519165,0.5880748629570007,0.7812732458114624,0.39558523893356323,0.828373372554779,0.7410760521888733
strat_bridge_pick11__00001000__s0007.wav,0.5717982649803162,0.5760916471481323,0.60783451795578,0.3134317398071289,0.7468140721321106,0.7266541123390198
les_neck_pick13__00001000__s0005.wav,0.3948861062526703,0.3841765820980072,0.8016570210456848,0.8554180860519409,0.6200724840164185,0.5361682176589966
les_neck_pick09__00001000__s0005.wav,0.3665403425693512,0.5668862462043762,0.2538226842880249,0.2568697929382324,0.9328240752220154,0.807209849357605
prs_bridge_pick08__00001000__s0025.wav,0.829718828201294,0.7264186143875122,0.303014874458313,0.7643880248069763,0.29602915048599243,0.27534109354019165
prs_bridge_pick20__00001000__s0045.wav,0.30753621459007263,0.34583380818367004,0.8383853435516357,0.6255313158035278,0.9526429176330566,0.926081657409668
les_neck_fing02__00001000__s0002.wav,0.35511377453804016,0.7106888294219971,0.1448598951101303,0.35345563292503357,0.9233548641204834,0.8023065328598022
prs_neck_fing12__00001000__s0031.wav,0.04226282238960266,0.4891341030597687,0.6201193332672119,0.5833688378334045,0.04549708217382431,0.17710168659687042
tele_bridge_pick22__00001000__s0028.wav,0.9304994344711304,0.8311126828193665,0.7810977697372437,0.5281775593757629,0.08570036292076111,0.2536921203136444
les_neck_fing12__00001000__s0054.wav,0.9711637496948242,0.8201085329055786,0.8591253757476807,0.4089081287384033,0.8834550380706787,0.8332675099372864
strat_neck_fing19__00001000__s0038.wav,0.26467108726501465,0.43554040789604187,0.39946016669273376,0.22364600002765656,0.2809966206550598,0.58668452501297
les_neck_fing02__00001000__s0029.wav,0.6361637115478516,0.5897500514984131,0.36748039722442627,0.6590692400932312,0.38980239629745483,0.4436842203140259
prs_bridge_pick06__00001000__s0026.wav,0.32588520646095276,0.28381162881851196,0.10476990044116974,0.26105907559394836,0.8596581220626831,0.950873851776123
tele_neck_pick09__00001000__s0005.wav,0.013016928918659687,0.15589870512485504,0.15465010702610016,0.3057088553905487,0.7242483496665955,0.42299753427505493
tele_bridge_pick16__00001000__s0026.wav,0.6360370516777039,0.2670571804046631,0.5518473386764526,0.675028383731842,0.4202670454978943,0.3753175437450409
prs_bridge_pick21__00001000__s0019.wav,0.6427074670791626,0.5626876354217529,0.5921589136123657,0.6617822051048279,0.06912469863891602,0.14296071231365204
prs_bridge_pick23__00001000__s0030.wav,0.45465341210365295,0.39948219060897827,0.3142228126525879,0.38317301869392395,0.23960258066654205,0.4249397814273834
tele_bridge_pick01__00001000__s0035.wav,0.8704971075057983,0.7123903632164001,0.17778287827968597,0.5891538858413696,0.5903986692428589,0.5471439957618713
les_bridge_pick13__00001000__s0018.wav,0.3997538089752197,0.2193247377872467,0.13195279240608215,0.46913212537765503,0.7177879214286804,0.5504763722419739
prs_neck_fing02__00001000__s0048.wav,0.08333028852939606,0.2302946001291275,0.3296584486961365,0.21911942958831787,0.8097664713859558,0.5835086703300476
tele_bridge_pick16__00001000__s0042.wav,0.4120296239852905,0.3410602807998657,0.36504867672920227,0.590885579586029,0.6677065491676331,0.5441164970397949
les_bridge_fing11__00001000__s0025.wav,0.4265114367008209,0.481963187456131,0.9339041709899902,0.5922360420227051,0.1713353842496872,0.20696188509464264
prs_neck_fing09__00001000__s0013.wav,0.6252298355102539,0.6579306721687317,0.94882732629776,0.38735175132751465,0.7740532159805298,0.8460521697998047
strat_neck_fing21__00001000__s0011.wav,0.6115683317184448,0.5551682710647583,0.4784965217113495,0.7622002363204956,0.8610273599624634,0.646425187587738
les_bridge_pick15__00001000__s0038.wav,0.6297245621681213,0.44489389657974243,0.28017592430114746,0.5328983664512634,0.08603300899267197,0.07962488383054733
les_neck_fing19__00001000__s0005.wav,0.9798074960708618,0.9001656770706177,0.5212612748146057,0.6910600662231445,0.8260565400123596,0.4843016266822815
strat_bridge_pick23__00001000__s0043.wav,0.5479733347892761,0.6159741282463074,0.16883441805839539,0.7102680802345276,0.42023709416389465,0.6149066090583801
les_neck_fing22__00001000__s0027.wav,0.2110145390033722,0.1812848001718521,0.8495712876319885,0.5308215022087097,0.265546590089798,0.5742167830467224
les_neck_fing21__00001000__s0038.wav,0.6387996077537537,0.7279428839683533,0.6644317507743835,0.45921590924263,0.7477766275405884,0.6119207143783569
prs_bridge_fing12__00001000__s0027.wav,0.2999819815158844,0.3768523335456848,0.521449625492096,0.46828487515449524,0.3155065178871155,0.22647544741630554
les_neck_pick20__00001000__s0018.wav,0.26579388976097107,0.6629005074501038,0.7682085633277893,0.24813084304332733,0.03292630612850189,0.15543214976787567
tele_neck_fing19__00001000__s0036.wav,0.7351976633071899,0.6646679639816284,0.36938565969467163,0.6017127633094788,0.5245906710624695,0.4775979220867157
les_bridge_pick11__00001000__s0002.wav,0.13764333724975586,0.554952085018158,0.17453260719776154,0.5996542572975159,0.1828852891921997,0.15007473528385162
strat_bridge_fing03__00001000__s0021.wav,0.20033738017082214,0.17348553240299225,0.1564440131187439,0.3502449691295624,0.4469057619571686,0.5252702236175537
les_bridge_pick19__00001000__s0000.wav,0.8652209043502808,0.5378921031951904,0.444606751203537,0.4250694513320923,0.01789725385606289,0.047084029763936996
prs_bridge_pick05__00001000__s0054.wav,0.07757996022701263,0.4570746421813965,0.323403000831604,0.3397027254104614,0.08185120671987534,0.2672652006149292
tele_bridge_pick18__00001000__s0015.wav,0.24555134773254395,0.2660614252090454,0.4836672246456146,0.7131360173225403,0.9353137612342834,0.8385494351387024
tele_neck_fing17__00001000__s0005.wav,0.34013527631759644,0.25465989112854004,0.2967359125614166,0.24053797125816345,0.9395576119422913,0.8558785915374756
les_bridge_pick02__00001000__s0018.wav,0.5317256450653076,0.5896084308624268,0.21064183115959167,0.3355540931224823,0.8608371615409851,0.9233928918838501
prs_bridge_fing03__00001000__s0024.wav,0.9827728867530823,0.8889133930206299,0.33404871821403503,0.6722367405891418,0.810245931148529,0.7114488482475281
les_bridge_pick15__00001000__s0011.wav,0.2857097089290619,0.4250088930130005,0.5446694493293762,0.6661548018455505,0.9125432372093201,0.8584652543067932
tele_bridge_pick05__00001000__s0031.wav,0.3363182246685028,0.29824715852737427,0.4397306740283966,0.5437407493591309,0.9128491282463074,0.8835640549659729
tele_neck_pick14__00001000__s0041.wav,0.9744887351989746,0.8167350888252258,0.45695024728775024,0.5925112366676331,0.9009631276130676,0.7704278826713562
prs_neck_fing13__00001000__s0047.wav,0.5076730847358704,0.4631025493144989,0.06990023702383041,0.19780951738357544,0.1641554981470108,0.22994548082351685
tele_bridge_pick10__00001000__s0038.wav,0.03550315648317337,0.02318163588643074,0.8650461435317993,0.9786188006401062,0.8020582795143127,0.873683750629425
prs_bridge_pick25__00001000__s0007.wav,0.6991162896156311,0.6638602614402771,0.2098519504070282,0.41732609272003174,0.18904897570610046,0.14280055463314056
les_neck_fing23__00001000__s0026.wav,0.38772863149642944,0.5085744261741638,0.3717505931854248,0.4078204035758972,0.9961385726928711,0.9705666899681091
strat_neck_pick09__00001000__s0005.wav,0.38300222158432007,0.28421175479888916,0.5291260480880737,0.6374630331993103,0.21100053191184998,0.23388798534870148
tele_neck_fing24__00001000__s0041.wav,0.3135809600353241,0.23665575683116913,0.3459075093269348,0.35996565222740173,0.2347179651260376,0.14787553250789642
les_neck_fing13__00001000__s0035.wav,0.740138053894043,0.8056581616401672,0.0828268900513649,0.3400924503803253,0.09367797523736954,0.22910301387310028
strat_bridge_fing21__00001000__s0015.wav,0.8215916752815247,0.8236289024353027,0.023020919412374496,0.4801962673664093,0.6121927499771118,0.37496817111968994
prs_neck_fing11__00001000__s0048.wav,0.05400587618350983,0.11395487189292908,0.8375421166419983,0.48389241099357605,0.27380600571632385,0.25365909934043884
strat_bridge_pick25__00001000__s0010.wav,0.8233274221420288,0.6342330574989319,0.3791669011116028,0.5852653980255127,0.533621609210968,0.457225501537323
prs_bridge_pick11__00001000__s0032.wav,0.6146520376205444,0.5958045721054077,0.7038965225219727,0.4608122706413269,0.8706361055374146,0.8431665301322937
prs_bridge_pick14__00001000__s0005.wav,0.4681190252304077,0.5124431848526001,0.4589694142341614,0.791528582572937,0.29598376154899597,0.3431214988231659
tele_bridge_pick17__00001000__s0015.wav,0.08199477195739746,0.12730753421783447,0.9187134504318237,0.9145805835723877,0.9879723787307739,0.9493737816810608
strat_neck_fing03__00001000__s0035.wav,0.41737446188926697,0.46379539370536804,0.22995761036872864,0.32049325108528137,0.23017831146717072,0.30502769351005554
tele_bridge_fing15__00001000__s0025.wav,0.5593916773796082,0.6204752922058105,0.7115195989608765,0.6878486275672913,0.19867311418056488,0.22326937317848206
prs_bridge_fing14__00001000__s0032.wav,0.5823211669921875,0.5479989051818848,0.9794648289680481,0.5687350034713745,0.5528342723846436,0.6693131923675537
tele_neck_fing25__00001000__s0027.wav,0.19935783743858337,0.1563362330198288,0.3940902352333069,0.3110298812389374,0.2904827892780304,0.2681064307689667
les_neck_pick08__00001000__s0037.wav,0.16026905179023743,0.2130538821220398,0.9977824687957764,0.7133784294128418,0.08313216269016266,0.29350635409355164
les_bridge_pick19__00001000__s0042.wav,0.4180854260921478,0.4548819959163666,0.47273072600364685,0.7886372208595276,0.6490511894226074,0.5308178067207336
prs_neck_pick05__00001000__s0015.wav,0.7578134536743164,0.6310434937477112,0.2511051595211029,0.646790623664856,0.09265116602182388,0.06734666228294373
strat_neck_pick08__00001000__s0050.wav,0.6005131006240845,0.5876907110214233,0.33757123351097107,0.6179124712944031,0.6248016953468323,0.47763025760650635
tele_neck_fing01__00001000__s0004.wav,0.08574800193309784,0.2061801552772522,0.929955005645752,0.6690328121185303,0.21308647096157074,0.6172493696212769
strat_neck_fing14__00001000__s0043.wav,0.32652410864830017,0.3785930871963501,0.01428644172847271,0.35514628887176514,0.46232372522354126,0.4152129590511322
prs_bridge_fing18__00001000__s0038.wav,0.5836118459701538,0.501630425453186,0.8222760558128357,0.5808727741241455,0.4982360899448395,0.4846159815788269
les_neck_pick16__00001000__s0005.wav,0.9271261692047119,0.9132207036018372,0.9613800048828125,0.5361539721488953,0.513293445110321,0.2677481174468994
prs_neck_fing18__00001000__s0054.wav,0.6947071552276611,0.6487217545509338,0.1885920614004135,0.6256530284881592,0.926895797252655,0.7993203401565552
tele_bridge_fing06__00001000__s0025.wav,0.03110271506011486,0.1537369191646576,0.28366023302078247,0.5212111473083496,0.5869126915931702,0.4797995686531067
strat_neck_pick21__00001000__s0009.wav,0.8496390581130981,0.8350274562835693,0.2591695785522461,0.5335932374000549,0.9522264003753662,0.9031386375427246
tele_bridge_pick20__00001000__s0034.wav,0.22717535495758057,0.06616426259279251,0.9409249424934387,0.8702576756477356,0.7025573253631592,0.6048994660377502
tele_neck_fing21__00001000__s0015.wav,0.005915929563343525,0.06108785793185234,0.5763407349586487,0.4010005295276642,0.26924028992652893,0.6430346965789795
strat_neck_fing05__00001000__s0026.wav,0.2525275647640228,0.31899890303611755,0.7558708190917969,0.6781586408615112,0.5736864805221558,0.6324013471603394
les_neck_fing06__00001000__s0033.wav,0.4161781072616577,0.42227134108543396,0.6020218729972839,0.5018028020858765,0.8507746458053589,0.7954743504524231
les_bridge_fing16__00001000__s0026.wav,0.9020431041717529,0.8775362968444824,0.28221389651298523,0.45367497205734253,0.7208954095840454,0.7437674403190613
tele_neck_pick14__00001000__s0021.wav,0.6063283681869507,0.5871117115020752,0.40934085845947266,0.3153257369995117,0.48690861463546753,0.6096592545509338
prs_bridge_pick15__00001000__s0002.wav,0.29548025131225586,0.5861388444900513,0.09091207385063171,0.26436203718185425,0.1543540060520172,0.1155645102262497
les_bridge_pick25__00001000__s0045.wav,0.24117174744606018,0.1829628348350525,0.7754425406455994,0.7568801641464233,0.15463589131832123,0.5051144957542419
tele_neck_fing09__00001000__s0009.wav,0.6404302716255188,0.5644890666007996,0.5801470279693604,0.4325743615627289,0.5817452669143677,0.5461928248405457
les_bridge_fing06__00001000__s0011.wav,0.2739410400390625,0.10386529564857483,0.6838038563728333,0.6703839898109436,0.7823311686515808,0.7093408703804016
tele_neck_fing23__00001000__s0041.wav,0.992760419845581,0.973366379737854,0.30593806505203247,0.5230886340141296,0.5594490170478821,0.33706527948379517
tele_bridge_pick09__00001000__s0009.wav,0.9056210517883301,0.6082223653793335,0.5620254278182983,0.4306717813014984,0.10229798406362534,0.20952962338924408
les_neck_fing21__00001000__s0044.wav,0.1726965606212616,0.170335054397583,0.358273983001709,0.7109304666519165,0.2571810483932495,0.14219199120998383
tele_bridge_fing02__00001000__s0033.wav,0.47830134630203247,0.5648013949394226,0.13846363127231598,0.4713617265224457,0.01273344922810793,0.042318932712078094
les_neck_fing11__00001000__s0036.wav,0.8297406435012817,0.7121766209602356,0.06207023188471794,0.6701995730400085,0.056867197155952454,0.31522420048713684
tele_bridge_pick02__00001000__s0004.wav,0.6568552851676941,0.6040793061256409,0.2973734736442566,0.6617648601531982,0.5370808243751526,0.8776282668113708
strat_bridge_fing25__00001000__s0015.wav,0.49706241488456726,0.5298660397529602,0.9261142611503601,0.7500966191291809,0.47158536314964294,0.6805819272994995
prs_bridge_fing20__00001000__s0035.wav,0.6822710633277893,0.8314195275306702,0.40586498379707336,0.26089048385620117,0.9801741242408752,0.957801103591919
tele_neck_pick16__00001000__s0015.wav,0.1470509022474289,0.5943838953971863,0.523429274559021,0.5315420031547546,0.3131360709667206,0.20863831043243408
tele_neck_pick05__00001000__s0014.wav,0.9639360904693604,0.9909970164299011,0.6946450471878052,0.7369014620780945,0.7492895126342773,0.7818213105201721
prs_bridge_fing11__00001000__s0028.wav,0.700555145740509,0.7366933822631836,0.6964381337165833,0.5780392289161682,0.5938608646392822,0.6348047256469727
les_bridge_fing08__00001000__s0031.wav,0.40394094586372375,0.21914798021316528,0.3954865038394928,0.9219599962234497,0.4386620819568634,0.42432355880737305
strat_neck_fing19__00001000__s0031.wav,0.98415607213974,0.8909174799919128,0.9611272811889648,0.8522934317588806,0.5395362973213196,0.5465869903564453
strat_neck_pick10__00001000__s0010.wav,0.18159441649913788,0.6908431649208069,0.08157740533351898,0.36256784200668335,0.11936546117067337,0.07524910569190979
strat_bridge_fing25__00001000__s0049.wav,0.6197710633277893,0.6309587955474854,0.124852754175663,0.43268027901649475,0.9296060800552368,0.8755024075508118
prs_bridge_fing11__00001000__s0001.wav,0.7792866826057434,0.8296319246292114,0.3450714647769928,0.37299779057502747,0.16782024502754211,0.15688051283359528
tele_bridge_pick15__00001000__s0048.wav,0.2719971835613251,0.3561084568500519,0.9418771862983704,0.682822048664093,0.08153316378593445,0.15895774960517883
les_neck_fing15__00001000__s0039.wav,0.3235252797603607,0.31758615374565125,0.2884220480918884,0.26528292894363403,0.04058282449841499,0.0438603013753891
prs_neck_pick06__00001000__s0024.wav,0.7115012407302856,0.8239989280700684,0.63445645570755,0.42355644702911377,0.45913296937942505,0.5389770865440369
tele_neck_pick08__00001000__s0021.wav,0.015875492244958878,0.03447418287396431,0.45786669850349426,0.5701619982719421,0.8873215317726135,0.7179723381996155
tele_neck_fing20__00001000__s0039.wav,0.15916989743709564,0.22041460871696472,0.5831854343414307,0.6949532628059387,0.836690366268158,0.8648554086685181
tele_neck_pick04__00001000__s0003.wav,0.23603390157222748,0.5567622184753418,0.8887450098991394,0.6562475562095642,0.06350874155759811,0.1470910608768463
strat_bridge_pick15__00001000__s0043.wav,0.8485702872276306,0.6208629012107849,0.3899017572402954,0.6015954613685608,0.2682153880596161,0.1537938117980957
prs_neck_fing06__00001000__s0012.wav,0.4046292006969452,0.5363667607307434,0.2466602325439453,0.537270724773407,0.3331494927406311,0.45047324895858765
prs_bridge_fing08__00001000__s0023.wav,0.3304619789123535,0.30265307426452637,0.07411883771419525,0.0957910344004631,0.16269949078559875,0.31146958470344543
tele_bridge_pick01__00001000__s0001.wav,0.24274879693984985,0.6223321557044983,0.4672048091888428,0.6666020154953003,0.3926496207714081,0.3736770749092102
strat_neck_pick16__00001000__s0008.wav,0.17247462272644043,0.6289059519767761,0.44309723377227783,0.1860327571630478,0.008833153173327446,0.1123049184679985
les_neck_fing12__00001000__s0042.wav,0.35253655910491943,0.4141855537891388,0.6380022764205933,0.6537697911262512,0.8859477043151855,0.758859395980835
strat_bridge_fing15__00001000__s0013.wav,0.7869852781295776,0.7703401446342468,0.09470716863870621,0.1703053116798401,0.5141659379005432,0.511619508266449
prs_bridge_fing24__00001000__s0026.wav,0.4315356910228729,0.49203604459762573,0.4271028935909271,0.4925154447555542,0.8510021567344666,0.829933226108551
les_neck_fing18__00001000__s0000.wav,0.22472679615020752,0.17754699289798737,0.963968813419342,0.8329377174377441,0.32111406326293945,0.5253106951713562
prs_bridge_fing06__00001000__s0036.wav,0.5581575036048889,0.5720130205154419,0.4927729070186615,0.44389045238494873,0.7284829616546631,0.5134556293487549
les_bridge_fing18__00001000__s0018.wav,0.6395018696784973,0.8809186220169067,0.1892487108707428,0.20990459620952606,0.6645756363868713,0.6195663213729858
prs_neck_pick23__00001000__s0011.wav,0.6942287087440491,0.5745450258255005,0.2485678344964981,0.2941805124282837,0.12511023879051208,0.23597538471221924
strat_bridge_pick13__00001000__s0018.wav,0.039727210998535156,0.2833704352378845,0.15263842046260834,0.31592610478401184,0.4452877640724182,0.6173154711723328
strat_bridge_pick09__00001000__s0025.wav,0.5840905904769897,0.663567841053009,0.6340187788009644,0.3963187038898468,0.9506956338882446,0.9227603673934937
strat_neck_pick09__00001000__s0020.wav,0.7409719228744507,0.5614979267120361,0.03647373989224434,0.3310660123825073,0.8136394619941711,0.6811850070953369
strat_bridge_fing22__00001000__s0006.wav,0.19421835243701935,0.30112379789352417,0.5531249642372131,0.23670391738414764,0.07842373102903366,0.5325233936309814
strat_bridge_pick15__00001000__s0028.wav,0.5094265937805176,0.5151455402374268,0.07955852150917053,0.2610403597354889,0.25073933601379395,0.3446798026561737
strat_bridge_pick05__00001000__s0032.wav,0.827059805393219,0.8295502662658691,0.8134604096412659,0.41748109459877014,0.2364044338464737,0.1660187691450119
prs_neck_pick19__00001000__s0032.wav,0.9999231696128845,0.6519258618354797,0.2817307412624359,0.4848105311393738,0.19815072417259216,0.24320602416992188
tele_bridge_fing05__00001000__s0012.wav,0.9373955726623535,0.6569337844848633,0.5264208316802979,0.6446598172187805,0.49409496784210205,0.4365517795085907
prs_neck_pick17__00001000__s0045.wav,0.019376464188098907,0.19394150376319885,0.5551152229309082,0.394176185131073,0.25761404633522034,0.367854505777359
les_neck_pick21__00001000__s0037.wav,0.6709070801734924,0.6303735375404358,0.18401893973350525,0.7294632792472839,0.8344066739082336,0.7994856834411621
tele_neck_fing03__00001000__s0051.wav,0.2921532690525055,0.29057836532592773,0.2649039328098297,0.33381786942481995,0.5940470099449158,0.6320735216140747
tele_neck_pick09__00001000__s0029.wav,0.27365562319755554,0.11193738132715225,0.7352572083473206,0.7414364814758301,0.5778753757476807,0.5767583847045898
tele_neck_fing10__00001000__s0045.wav,0.06427346169948578,0.380129337310791,0.694695770740509,0.6418187022209167,0.4123149514198303,0.44423022866249084
tele_bridge_pick16__00001000__s0013.wav,0.17577703297138214,0.1858462244272232,0.3436416685581207,0.5540807843208313,0.6033048629760742,0.5735601782798767
les_neck_fing10__00001000__s0049.wav,0.2529487907886505,0.48490869998931885,0.2335299551486969,0.2934191823005676,0.09316939115524292,0.15560755133628845
tele_bridge_pick15__00001000__s0027.wav,0.023655764758586884,0.044022440910339355,0.9339491128921509,0.7652912735939026,0.40165069699287415,0.6173616051673889
les_bridge_fing19__00001000__s0044.wav,0.03168720379471779,0.21937397122383118,0.6456165313720703,0.6629628539085388,0.5012276768684387,0.5914757251739502
strat_bridge_pick06__00001000__s0005.wav,0.04006645455956459,0.06570707261562347,0.11208326369524002,0.26970577239990234,0.5977108478546143,0.4437398612499237
les_neck_fing10__00001000__s0048.wav,0.192888543009758,0.35384148359298706,0.31972017884254456,0.422055721282959,0.6265993714332581,0.5372070670127869
tele_bridge_fing08__00001000__s0029.wav,0.04989539459347725,0.052255626767873764,0.9317000508308411,0.9280164837837219,0.44831573963165283,0.6323652267456055
tele_neck_pick19__00001000__s0040.wav,0.6934967637062073,0.6469079852104187,0.4225652515888214,0.6945809721946716,0.5159302949905396,0.20354773104190826
strat_bridge_fing12__00001000__s0004.wav,0.9052191972732544,0.49929580092430115,0.6914095878601074,0.6109731197357178,0.4199192225933075,0.5067903399467468
les_bridge_fing14__00001000__s0007.wav,0.497947633266449,0.6016514301300049,0.8622092008590698,0.8824298977851868,0.25093135237693787,0.29615509510040283
prs_bridge_fing01__00001000__s0001.wav,0.41724857687950134,0.33374863862991333,0.7695966362953186,0.49875837564468384,0.07506797462701797,0.31925734877586365
prs_bridge_fing02__00001000__s0015.wav,0.1931479126214981,0.26561811566352844,0.8060216903686523,0.7748603224754333,0.41550129652023315,0.48115968704223633
strat_bridge_fing02__00001000__s0029.wav,0.45990514755249023,0.2820117175579071,0.7146160006523132,0.6248531937599182,0.15267033874988556,0.2876158058643341
tele_neck_fing04__00001000__s0017.wav,0.4173228442668915,0.5570818781852722,0.31379783153533936,0.5559766888618469,0.21268294751644135,0.26495352387428284
prs_neck_fing03__00001000__s0034.wav,0.03742169961333275,0.09731858223676682,0.5621623396873474,0.3102453351020813,0.27589014172554016,0.3077080249786377
strat_bridge_fing22__00001000__s0008.wav,0.05310053378343582,0.052620839327573776,0.28386133909225464,0.446844220161438,0.9577892422676086,0.7744144201278687
prs_neck_pick06__00001000__s0009.wav,0.3395455479621887,0.297940194606781,0.36765798926353455,0.6190001368522644,0.35446175932884216,0.33450883626937866
les_neck_fing18__00001000__s0032.wav,0.41353583335876465,0.4604687988758087,0.7598313093185425,0.6887025833129883,0.5866790413856506,0.7318720817565918
les_neck_fing11__00001000__s0002.wav,0.25502946972846985,0.34472963213920593,0.0986797884106636,0.676189124584198,0.4362942576408386,0.32786011695861816
tele_neck_fing01__00001000__s0003.wav,0.6528746485710144,0.6167359352111816,0.14018061757087708,0.5670095086097717,0.40839922428131104,0.5230602025985718
tele_bridge_pick03__00001000__s0002.wav,0.21319589018821716,0.22721825540065765,0.40462568402290344,0.7493089437484741,0.9181368350982666,0.8856030106544495
prs_bridge_pick17__00001000__s0002.wav,0.794838011264801,0.6883501410484314,0.215524360537529,0.6211193799972534,0.697554349899292,0.7395123243331909
les_bridge_fing13__00001000__s0046.wav,0.6710106730461121,0.6991351246833801,0.8524476885795593,0.43459007143974304,0.8182559609413147,0.7473507523536682
tele_neck_pick10__00001000__s0000.wav,0.886461079120636,0.8464942574501038,0.8675460815429688,0.400235652923584,0.7586949467658997,0.7020087838172913
prs_neck_fing23__00001000__s0055.wav,0.2202025055885315,0.07622064650058746,0.4942079186439514,0.6493520736694336,0.8301829695701599,0.8493786454200745
strat_bridge_pick11__00001000__s0009.wav,0.22187191247940063,0.3776026666164398,0.7689752578735352,0.7975801229476929,0.7455973625183105,0.8434584736824036
strat_neck_fing25__00001000__s0052.wav,0.03147011622786522,0.24180245399475098,0.8899877071380615,0.5550070405006409,0.2182806432247162,0.43191036581993103
tele_bridge_pick11__00001000__s0025.wav,0.7457203269004822,0.7933798432350159,0.33609703183174133,0.749710202217102,0.26608458161354065,0.1422726809978485
tele_neck_fing18__00001000__s0052.wav,0.1270202100276947,0.04172111675143242,0.58917236328125,0.8863750100135803,0.7017514705657959,0.5548155307769775
tele_bridge_fing04__00001000__s0037.wav,0.18818332254886627,0.32964685559272766,0.8255085349082947,0.9120010137557983,0.62795490026474,0.4568282961845398
les_bridge_pick18__00001000__s0036.wav,0.307995468378067,0.46468597650527954,0.6829271912574768,0.3660825490951538,0.29135626554489136,0.5031257271766663
les_neck_fing13__00001000__s0031.wav,0.03378312662243843,0.1491764932870865,0.4723483622074127,0.5824266076087952,0.09091552346944809,0.21830813586711884
strat_bridge_fing05__00001000__s0004.wav,0.2874033749103546,0.39723777770996094,0.25785574316978455,0.6695317029953003,0.6642869114875793,0.526353120803833
strat_neck_fing25__00001000__s0045.wav,0.14012648165225983,0.1756075769662857,0.5301492810249329,0.4516451060771942,0.6849806308746338,0.49415096640586853
strat_neck_fing03__00001000__s0053.wav,0.17707662284374237,0.25001347064971924,0.7555578947067261,0.6834054589271545,0.9835699200630188,0.8708425760269165
tele_bridge_pick15__00001000__s0020.wav,0.6142591834068298,0.6617828011512756,0.706690788269043,0.38864922523498535,0.8810255527496338,0.861393928527832
strat_neck_pick06__00001000__s0010.wav,0.6945792436599731,0.5009958744049072,0.20382177829742432,0.7541649341583252,0.8072343468666077,0.8809657692909241
prs_bridge_fing13__00001000__s0053.wav,0.4114241600036621,0.20437400043010712,0.7479473948478699,0.7629580497741699,0.13436822593212128,0.1867932230234146
tele_bridge_fing15__00001000__s0026.wav,0.8310868740081787,0.7991200685501099,0.34592756628990173,0.2684323191642761,0.9498361349105835,0.9523086547851562
tele_neck_pick05__00001000__s0002.wav,0.5652648210525513,0.5737940669059753,0.1573875993490219,0.322722464799881,0.1535261571407318,0.23072344064712524
prs_bridge_pick21__00001000__s0016.wav,0.9163541197776794,0.6919112801551819,0.17153260111808777,0.4951329231262207,0.5503537058830261,0.3479972779750824
les_neck_pick11__00001000__s0019.wav,0.7816191911697388,0.7990686297416687,0.47774526476860046,0.8806442022323608,0.9748278260231018,0.9356313347816467
prs_neck_pick02__00001000__s0012.wav,0.3548509478569031,0.5347657799720764,0.6851638555526733,0.23605303466320038,0.9160699248313904,0.9190735816955566
les_bridge_fing07__00001000__s0033.wav,0.22196722030639648,0.3482420742511749,0.8463264107704163,0.6021575331687927,0.557948887348175,0.667111337184906
tele_bridge_fing20__00001000__s0016.wav,0.2813132405281067,0.43392330408096313,0.5720187425613403,0.8785364031791687,0.28010112047195435,0.452560156583786
strat_bridge_pick21__00001000__s0019.wav,0.08329706639051437,0.17451609671115875,0.9919286966323853,0.9084480404853821,0.5246636867523193,0.497296541929245
strat_bridge_pick11__00001000__s0034.wav,0.10604056715965271,0.32279646396636963,0.5245386958122253,0.4552130699157715,0.9179370999336243,0.8327353000640869
les_bridge_fing17__00001000__s0040.wav,0.3525100648403168,0.3538885712623596,0.6653527021408081,0.5703322291374207,0.9499186277389526,0.8851331472396851
tele_bridge_pick15__00001000__s0054.wav,0.6277748942375183,0.7115272879600525,0.011071423999965191,0.5568767189979553,0.734472393989563,0.8279228806495667
strat_neck_fing04__00001000__s0008.wav,0.9748079776763916,0.9381109476089478,0.2209112048149109,0.3196503520011902,0.5848585367202759,0.32231923937797546
tele_neck_pick25__00001000__s0044.wav,0.5828426480293274,0.6860252022743225,0.4028509557247162,0.7546998858451843,0.35351184010505676,0.19791607558727264
prs_neck_pick03__00001000__s0049.wav,0.16527211666107178,0.4096958637237549,0.09399222582578659,0.2918163537979126,0.33479928970336914,0.5966638922691345
tele_neck_fing10__00001000__s0023.wav,0.928960382938385,0.71052485704422,0.8982993960380554,0.7565805912017822,0.7729689478874207,0.5911633968353271
prs_neck_fing05__00001000__s0049.wav,0.9581242203712463,0.9539544582366943,0.9948928356170654,0.42678695917129517,0.5102975368499756,0.3680940270423889
tele_neck_pick24__00001000__s0053.wav,0.7045388221740723,0.6794319152832031,0.8103288412094116,0.5802106261253357,0.5967966318130493,0.7171461582183838
tele_neck_pick07__00001000__s0036.wav,0.553891658782959,0.7796898484230042,0.6233372688293457,0.414081871509552,0.017003314569592476,0.07891643047332764
strat_neck_fing20__00001000__s0002.wav,0.40367183089256287,0.3479700982570648,0.08242303878068924,0.059669818729162216,0.8248088359832764,0.6445208787918091
strat_neck_pick19__00001000__s0052.wav,0.4883906841278076,0.4937646985054016,0.4921165406703949,0.3712176978588104,0.2703239321708679,0.229695662856102
strat_neck_fing12__00001000__s0020.wav,0.98974609375,0.7426252961158752,0.7914783954620361,0.36848852038383484,0.06850966066122055,0.474519282579422
strat_neck_pick03__00001000__s0025.wav,0.25293073058128357,0.30371394753456116,0.7718958258628845,0.6563748121261597,0.5641788840293884,0.5622583031654358
strat_neck_fing08__00001000__s0013.wav,0.9008836150169373,0.5678291320800781,0.024320075288414955,0.3602658212184906,0.5811893343925476,0.4703313410282135
prs_bridge_pick02__00001000__s0037.wav,0.610543429851532,0.6008351445198059,0.817338228225708,0.6495345830917358,0.05149967595934868,0.06617666780948639
les_neck_pick02__00001000__s0037.wav,0.41745132207870483,0.3447493612766266,0.415938138961792,0.401387482881546,0.06060141697525978,0.1317189484834671
strat_neck_fing17__00001000__s0010.wav,0.3755064308643341,0.7188841700553894,0.8937022686004639,0.5135181546211243,0.35499608516693115,0.28671184182167053
tele_bridge_pick08__00001000__s0018.wav,0.7600865960121155,0.9660011529922485,0.8555129766464233,0.3704746961593628,0.30029213428497314,0.41471365094184875
prs_bridge_fing03__00001000__s0030.wav,0.10569922626018524,0.5180485248565674,0.438494473695755,0.4458070993423462,0.15958333015441895,0.10894837975502014
strat_bridge_pick10__00001000__s0050.wav,0.011248700320720673,0.45075538754463196,0.25505709648132324,0.3907651901245117,0.08154884725809097,0.08861933648586273
tele_bridge_fing14__00001000__s0033.wav,0.4067085385322571,0.31856316328048706,0.41496002674102783,0.48516738414764404,0.6923291683197021,0.7049335241317749
strat_neck_pick06__00001000__s0015.wav,0.07888341695070267,0.11398280411958694,0.22656157612800598,0.5614128708839417,0.265066921710968,0.17344868183135986
les_neck_fing09__00001000__s0006.wav,0.3260221779346466,0.5567214488983154,0.587378203868866,0.43969428539276123,0.308136522769928,0.45182785391807556
tele_neck_fing08__00001000__s0045.wav,0.6065086126327515,0.5513116717338562,0.3579564094543457,0.6276925206184387,0.5224364399909973,0.28567609190940857
les_neck_pick06__00001000__s0024.wav,0.55479496717453,0.6825559139251709,0.582321047782898,0.6433308124542236,0.044437021017074585,0.08757571130990982
prs_bridge_pick02__00001000__s0038.wav,0.937183141708374,0.8912323713302612,0.8226165771484375,0.6461651921272278,0.9091476798057556,0.9303709864616394
tele_bridge_pick11__00001000__s0023.wav,0.7813729047775269,0.8390653729438782,0.8773669600486755,0.4448038637638092,0.6034969091415405,0.6637710332870483
prs_neck_fing20__00001000__s0028.wav,0.0007511034491471946,0.03935284912586212,0.6025272011756897,0.6900312304496765,0.8013982772827148,0.8580611944198608
prs_neck_fing06__00001000__s0006.wav,0.410922110080719,0.4121212661266327,0.9455797076225281,0.47267454862594604,0.20765089988708496,0.49163922667503357
prs_bridge_pick13__00001000__s0047.wav,0.25501298904418945,0.22184164822101593,0.19556699693202972,0.7250711917877197,0.2765948176383972,0.08669836074113846
tele_neck_pick11__00001000__s0024.wav,0.6172463297843933,0.6952922344207764,0.005530852358788252,0.2535984218120575,0.1317235231399536,0.2770161032676697
strat_neck_fing13__00001000__s0001.wav,0.8739662766456604,0.8029916286468506,0.21126946806907654,0.6013497710227966,0.9428345561027527,0.9242020845413208
prs_bridge_fing15__00001000__s0041.wav,0.3769197463989258,0.277619332075119,0.6034238338470459,0.5523123741149902,0.0410337969660759,0.18095585703849792
strat_neck_fing05__00001000__s0017.wav,0.46826261281967163,0.49998486042022705,0.4897644817829132,0.4547252655029297,0.3001413345336914,0.41568610072135925
tele_bridge_pick12__00001000__s0000.wav,0.06063421070575714,0.07465975731611252,0.7855226993560791,0.9353737831115723,0.7567793130874634,0.6462522745132446
les_neck_fing16__00001000__s0028.wav,0.34723055362701416,0.38536980748176575,0.31962403655052185,0.5689142346382141,0.8962111473083496,0.7994979023933411
strat_neck_fing02__00001000__s0039.wav,0.48184096813201904,0.6715285181999207,0.4437693655490875,0.20253533124923706,0.02009657770395279,0.4135747253894806
tele_neck_pick16__00001000__s0002.wav,0.4990215003490448,0.5888887643814087,0.4889122247695923,0.518622100353241,0.603789210319519,0.5248501896858215
prs_neck_fing08__00001000__s0024.wav,0.46350374817848206,0.6219316720962524,0.4642763137817383,0.5944207310676575,0.09477349370718002,0.10884161293506622
prs_bridge_fing20__00001000__s0028.wav,0.7793064117431641,0.5520979166030884,0.9139286279678345,0.3255126476287842,0.525066614151001,0.5607814788818359
les_bridge_pick03__00001000__s0022.wav,0.9443399906158447,0.4153481125831604,0.9307430386543274,0.5872635841369629,0.21951830387115479,0.31523388624191284
les_neck_fing23__00001000__s0011.wav,0.4548903703689575,0.5887072682380676,0.03271198645234108,0.5253374576568604,0.24503634870052338,0.1630813181400299
les_neck_pick24__00001000__s0040.wav,0.412483811378479,0.37093013525009155,0.6141691207885742,0.4753630459308624,0.45148810744285583,0.5854088664054871
tele_neck_pick22__00001000__s0037.wav,0.47379422187805176,0.5794397592544556,0.9070871472358704,0.45237037539482117,0.466267853975296,0.4768659472465515
prs_neck_pick11__00001000__s0005.wav,0.824093222618103,0.7535111904144287,0.5759631991386414,0.43733152747154236,0.6346843242645264,0.22784912586212158
prs_bridge_pick02__00001000__s0021.wav,0.9500861167907715,0.8372323513031006,0.5448709726333618,0.7782010436058044,0.6361039280891418,0.5720131397247314
prs_neck_pick21__00001000__s0025.wav,0.40592703223228455,0.49868786334991455,0.44367918372154236,0.7202267646789551,0.9495146870613098,0.7841103076934814
tele_bridge_fing08__00001000__s0019.wav,0.3831753134727478,0.33516934514045715,0.6054781079292297,0.5981621742248535,0.05694951117038727,0.03381930664181709
prs_neck_pick24__00001000__s0047.wav,0.8321078419685364,0.8050331473350525,0.08817465603351593,0.7621035575866699,0.9508536458015442,0.9524781107902527
strat_neck_fing22__00001000__s0006.wav,0.4181569814682007,0.33177778124809265,0.2769395112991333,0.38750991225242615,0.008105997927486897,0.06295070797204971
strat_bridge_fing20__00001000__s0038.wav,0.9808087348937988,0.8975687026977539,0.8004648685455322,0.47696453332901,0.5551784038543701,0.5619169473648071
tele_neck_pick13__00001000__s0039.wav,0.1535707414150238,0.1814781278371811,0.14786309003829956,0.3502168357372284,0.5560410022735596,0.32983723282814026
les_neck_fing02__00001000__s0028.wav,0.09054691344499588,0.17012223601341248,0.8717440366744995,0.7902212738990784,0.5757899284362793,0.5603383183479309
les_neck_fing10__00001000__s0024.wav,0.4004475772380829,0.43973785638809204,0.4946160614490509,0.5995608568191528,0.8828376531600952,0.9143367409706116
strat_neck_pick02__00001000__s0040.wav,0.5972165465354919,0.7266176342964172,0.491039514541626,0.5937299132347107,0.5034614205360413,0.5695458650588989
tele_bridge_pick19__00001000__s0052.wav,0.1363443285226822,0.3231019377708435,0.5797805190086365,0.6829974055290222,0.5326634049415588,0.41117769479751587
tele_bridge_fing18__00001000__s0000.wav,0.061059366911649704,0.14876753091812134,0.32564425468444824,0.30423998832702637,0.5275542140007019,0.6017526984214783
prs_neck_pick21__00001000__s0013.wav,0.10977836698293686,0.1257997304201126,0.14550243318080902,0.17802278697490692,0.7876219153404236,0.635246217250824
prs_neck_pick04__00001000__s0008.wav,0.4442134201526642,0.7160661816596985,0.7426291704177856,0.825468897819519,0.5044448971748352,0.5256839990615845
strat_bridge_fing08__00001000__s0004.wav,0.7834781408309937,0.8392145037651062,0.9084867835044861,0.7812960147857666,0.2069980502128601,0.43629077076911926
strat_bridge_pick16__00001000__s0009.wav,0.6936359405517578,0.3489728569984436,0.67324298620224,0.4529981017112732,0.17076800763607025,0.32232236862182617
les_neck_pick10__00001000__s0003.wav,0.17101562023162842,0.2851242423057556,0.6729601621627808,0.539652943611145,0.963526725769043,0.8807424902915955
prs_neck_fing05__00001000__s0020.wav,0.7424284815788269,0.7295534014701843,0.21568524837493896,0.3174218237400055,0.4575088322162628,0.51236492395401
strat_neck_pick24__00001000__s0018.wav,0.8016944527626038,0.9501427412033081,0.12579280138015747,0.40861350297927856,0.25226303935050964,0.6270575523376465
strat_bridge_fing06__00001000__s0000.wav,0.927323043346405,0.7103485465049744,0.1520746946334839,0.41868671774864197,0.3237735331058502,0.2874841094017029
prs_bridge_fing18__00001000__s0050.wav,0.18153849244117737,0.12112454324960709,0.35023874044418335,0.2917619049549103,0.7787235975265503,0.8315288424491882
prs_neck_fing23__00001000__s0034.wav,0.41129353642463684,0.649407684803009,0.3993312120437622,0.6018629670143127,0.032767198979854584,0.07322598993778229
prs_neck_pick04__00001000__s0026.wav,0.5410979986190796,0.34588906168937683,0.297495573759079,0.1530338078737259,0.40645211935043335,0.49032238125801086
tele_neck_pick08__00001000__s0029.wav,0.38031402230262756,0.38093850016593933,0.594461977481842,0.7102042436599731,0.558043897151947,0.5274114608764648
tele_bridge_pick16__00001000__s0009.wav,0.4062286615371704,0.4931069314479828,0.9768539667129517,0.7241120934486389,0.16115620732307434,0.3725399076938629
les_neck_fing24__00001000__s0027.wav,0.34696710109710693,0.6223934888839722,0.9054524302482605,0.7792177796363831,0.8621532917022705,0.6359695196151733
les_neck_fing07__00001000__s0006.wav,0.9133554100990295,0.7426018118858337,0.9288151860237122,0.8492527604103088,0.4700246751308441,0.4255129396915436
prs_bridge_pick17__00001000__s0016.wav,0.9384024739265442,0.8944883346557617,0.8855255246162415,0.5561008453369141,0.48267120122909546,0.4824650287628174
strat_neck_fing15__00001000__s0025.wav,0.017491957172751427,0.7972409725189209,0.1801285594701767,0.42876309156417847,0.15660248696804047,0.19054774940013885
les_bridge_pick05__00001000__s0038.wav,0.22300559282302856,0.22571200132369995,0.6358274817466736,0.6576497554779053,0.6442855000495911,0.45142048597335815
prs_neck_fing02__00001000__s0010.wav,0.22083613276481628,0.16063478589057922,0.0215251836925745,0.2212853729724884,0.5677297115325928,0.33279523253440857
strat_bridge_pick16__00001000__s0055.wav,0.12915310263633728,0.363045334815979,0.27253812551498413,0.282411128282547,0.9450467228889465,0.6010390520095825
les_neck_pick03__00001000__s0033.wav,0.5184275507926941,0.5576459765434265,0.4790540039539337,0.6058099865913391,0.7843227982521057,0.5970461964607239
tele_neck_fing13__00001000__s0046.wav,0.3923119604587555,0.4668155312538147,0.6382997035980225,0.6638311147689819,0.49707379937171936,0.47784799337387085
les_neck_fing11__00001000__s0028.wav,0.5261427760124207,0.4588198661804199,0.13234922289848328,0.3655913770198822,0.6737231612205505,0.6018277406692505
les_neck_pick22__00001000__s0036.wav,0.5533954501152039,0.6261962056159973,0.8757566213607788,0.7308325171470642,0.749381959438324,0.7784600257873535
les_bridge_fing09__00001000__s0043.wav,0.5321102142333984,0.5825803279876709,0.9608318209648132,0.15460263192653656,0.8431710004806519,0.763424277305603
prs_neck_pick13__00001000__s0047.wav,0.03278935328125954,0.02724333107471466,0.5090371370315552,0.18747220933437347,0.33780357241630554,0.34128761291503906
strat_bridge_pick24__00001000__s0028.wav,0.2936265468597412,0.5534766316413879,0.6870144009590149,0.7210114598274231,0.1567104458808899,0.2292395830154419
les_bridge_pick18__00001000__s0009.wav,0.4402901232242584,0.3090634047985077,0.10698521137237549,0.5985432267189026,0.7563884854316711,0.6856727600097656
prs_neck_fing15__00001000__s0025.wav,0.924342691898346,0.820548951625824,0.036604564636945724,0.543224573135376,0.9761301875114441,0.9365381598472595
tele_neck_fing16__00001000__s0046.wav,0.9331467151641846,0.9073086977005005,0.1416892111301422,0.3049193322658539,0.9153957366943359,0.9242834448814392
tele_neck_pick17__00001000__s0036.wav,0.1506856232881546,0.2185184806585312,0.9523606300354004,0.7630134224891663,0.8089110255241394,0.6524267196655273
tele_bridge_fing06__00001000__s0022.wav,0.7471573352813721,0.6886955499649048,0.058189403265714645,0.3507797420024872,0.9223930835723877,0.8753395676612854
strat_neck_fing11__00001000__s0017.wav,0.5539750456809998,0.7930669188499451,0.6945922374725342,0.5085477232933044,0.0749068483710289,0.07459525018930435
tele_neck_fing01__00001000__s0027.wav,0.8864551782608032,0.7663170099258423,0.08801959455013275,0.16740380227565765,0.47885096073150635,0.5297626256942749
strat_bridge_pick24__00001000__s0007.wav,0.666313111782074,0.6744858622550964,0.5568913221359253,0.4986111521720886,0.16073869168758392,0.09595722705125809
les_bridge_pick06__00001000__s0018.wav,0.18568754196166992,0.31040212512016296,0.8300555944442749,0.501291811466217,0.17694342136383057,0.32868894934654236
prs_bridge_fing25__00001000__s0006.wav,0.28486016392707825,0.6463343501091003,0.9274998903274536,0.8648383617401123,0.08446035534143448,0.2335588037967682
les_neck_pick19__00001000__s0045.wav,0.7294838428497314,0.7085369229316711,0.32817625999450684,0.49511948227882385,0.3116351068019867,0.41082584857940674
strat_bridge_fing01__00001000__s0012.wav,0.8618631362915039,0.7691630721092224,0.4010910391807556,0.2254931777715683,0.22325654327869415,0.10460983216762543
tele_bridge_pick15__00001000__s0017.wav,0.7711737751960754,0.7882875800132751,0.25793561339378357,0.7982988953590393,0.276180624961853,0.1725955307483673
prs_neck_fing24__00001000__s0035.wav,0.8655393123626709,0.791750967502594,0.6445088982582092,0.46339234709739685,0.3015243411064148,0.15641531348228455
les_neck_pick14__00001000__s0027.wav,0.5804091691970825,0.6163270473480225,0.48612159490585327,0.6889487504959106,0.12488207966089249,0.3220624327659607
strat_bridge_pick12__00001000__s0022.wav,0.12701314687728882,0.254401296377182,0.4835642874240875,0.5550316572189331,0.24550341069698334,0.4222080111503601
tele_bridge_pick04__00001000__s0045.wav,0.9008027911186218,0.5655810236930847,0.9261375069618225,0.39794889092445374,0.2068311870098114,0.46031931042671204
les_bridge_fing22__00001000__s0016.wav,0.38566452264785767,0.4952411353588104,0.3054662346839905,0.5589656829833984,0.6564317345619202,0.6395163536071777
prs_neck_pick03__00001000__s0036.wav,0.9168932437896729,0.6457789540290833,0.5153872966766357,0.5560627579689026,0.46572908759117126,0.26884931325912476
les_bridge_pick02__00001000__s0037.wav,0.8614409565925598,0.3155045211315155,0.4524853229522705,0.5970675349235535,0.26766902208328247,0.14215001463890076
prs_neck_pick15__00001000__s0025.wav,0.8583800196647644,0.8969599604606628,0.019535530358552933,0.6177310943603516,0.6650580167770386,0.6577005982398987
tele_bridge_pick14__00001000__s0052.wav,0.9042009115219116,0.8254445195198059,0.8355533480644226,0.21330590546131134,0.43279486894607544,0.43636420369148254
strat_bridge_fing11__00001000__s0049.wav,0.5013471245765686,0.5763758420944214,0.381212055683136,0.44275131821632385,0.45082324743270874,0.3273254632949829
les_bridge_pick04__00001000__s0027.wav,0.7639867663383484,0.7526265978813171,0.23303329944610596,0.4719659686088562,0.7912150025367737,0.7184225916862488
prs_neck_pick09__00001000__s0013.wav,0.8575342297554016,0.867518961429596,0.8587148189544678,0.43898746371269226,0.782380998134613,0.6129629611968994
prs_neck_pick19__00001000__s0028.wav,0.28392988443374634,0.4670540392398834,0.48430922627449036,0.6611464619636536,0.3637874126434326,0.3488694727420807
tele_neck_fing22__00001000__s0012.wav,0.40979838371276855,0.5189951062202454,0.6792392134666443,0.7600980997085571,0.9379708170890808,0.8910946249961853
les_neck_pick11__00001000__s0012.wav,0.8917064666748047,0.7377179265022278,0.623939037322998,0.3515016436576843,0.4972847104072571,0.32348695397377014
les_neck_fing14__00001000__s0001.wav,0.8443107008934021,0.8138761520385742,0.305375874042511,0.5082220435142517,0.6683067679405212,0.6234971284866333
tele_neck_fing11__00001000__s0054.wav,0.12790587544441223,0.6420775651931763,0.21872343122959137,0.5009639859199524,0.06661269068717957,0.15091471374034882
prs_neck_pick14__00001000__s0051.wav,0.5408812165260315,0.4444682002067566,0.8359165191650391,0.3733542263507843,0.23608802258968353,0.3530997335910797
prs_bridge_fing22__00001000__s0050.wav,0.343176931142807,0.40195345878601074,0.12093578279018402,0.21824635565280914,0.3229476809501648,0.3991240859031677
les_bridge_pick25__00001000__s0008.wav,0.5477978587150574,0.38473761081695557,0.546768069267273,0.6588653922080994,0.6448898911476135,0.691657304763794
strat_neck_fing08__00001000__s0014.wav,0.6352400779724121,0.5388980507850647,0.0338929146528244,0.2484358698129654,0.7184755802154541,0.6562630534172058
tele_bridge_fing21__00001000__s0047.wav,0.07450409233570099,0.31943804025650024,0.4575367569923401,0.48571717739105225,0.9342398047447205,0.458936482667923
tele_bridge_fing07__00001000__s0036.wav,0.7940234541893005,0.646761953830719,0.7666401863098145,0.4052491784095764,0.3924020528793335,0.4357090890407562
tele_bridge_pick13__00001000__s0015.wav,0.3140866160392761,0.6330112218856812,0.9926381707191467,0.9148772954940796,0.7858343720436096,0.9151612520217896
prs_neck_pick17__00001000__s0051.wav,0.22515596449375153,0.09992071986198425,0.3910543620586395,0.6228857636451721,0.8409470319747925,0.6229645609855652
strat_neck_fing13__00001000__s0022.wav,0.5202925801277161,0.7151962518692017,0.7536332607269287,0.578387975692749,0.8345115184783936,0.7006572484970093
prs_neck_pick01__00001000__s0035.wav,0.09579954296350479,0.30752891302108765,0.7667482495307922,0.8289193511009216,0.22134597599506378,0.15135973691940308
prs_neck_fing10__00001000__s0009.wav,0.46662265062332153,0.5136328935623169,0.7831488251686096,0.7228049635887146,0.3734959363937378,0.6627863049507141
strat_bridge_fing10__00001000__s0023.wav,0.8964464068412781,0.9071509838104248,0.5000180602073669,0.4436260461807251,0.42475175857543945,0.5205098986625671
strat_bridge_fing13__00001000__s0028.wav,0.5043394565582275,0.6399579048156738,0.621270477771759,0.6895338296890259,0.19965773820877075,0.20801876485347748
les_bridge_pick01__00001000__s0029.wav,0.4172159731388092,0.38428494334220886,0.3342980742454529,0.30866506695747375,0.11986605077981949,0.0900488868355751
strat_bridge_pick09__00001000__s0006.wav,0.1935732513666153,0.29627785086631775,0.8209846615791321,0.7549120187759399,0.2532142400741577,0.3157433569431305
les_neck_fing14__00001000__s0005.wav,0.46336695551872253,0.6097596287727356,0.6416012644767761,0.6318275332450867,0.7144973874092102,0.6399978399276733
strat_neck_fing24__00001000__s0007.wav,0.8755063414573669,0.760809600353241,0.305604487657547,0.4720034599304199,0.891822338104248,0.8902212977409363
prs_bridge_fing06__00001000__s0005.wav,0.40405553579330444,0.4215383529663086,0.14353682100772858,0.6365874409675598,0.5172542333602905,0.25263383984565735
tele_bridge_fing17__00001000__s0009.wav,0.8780428767204285,0.8911715745925903,0.578590989112854,0.42018383741378784,0.7686331272125244,0.715931236743927
strat_neck_pick20__00001000__s0051.wav,0.32782089710235596,0.3901534378528595,0.16478833556175232,0.3844432830810547,0.4512263536453247,0.2722399830818176
les_bridge_fing19__00001000__s0026.wav,0.7262912392616272,0.42289841175079346,0.6301042437553406,0.2635250985622406,0.02034752257168293,0.028064550831913948
prs_neck_fing21__00001000__s0015.wav,0.2039462774991989,0.20234419405460358,0.39568352699279785,0.13807101547718048,0.9615079760551453,0.9320288300514221
les_bridge_pick15__00001000__s0018.wav,0.40131911635398865,0.6197970509529114,0.04945593327283859,0.3052295744419098,0.04334791749715805,0.35088494420051575
les_neck_pick20__00001000__s0042.wav,0.9677765369415283,0.7950097918510437,0.04648725688457489,0.6524526476860046,0.6563966274261475,0.5274838805198669
tele_bridge_pick06__00001000__s0038.wav,0.13375279307365417,0.122279092669487,0.7183494567871094,0.4746728241443634,0.40856635570526123,0.3241579830646515
les_bridge_pick19__00001000__s0004.wav,0.9562804102897644,0.8707200884819031,0.9428266286849976,0.6440314650535583,0.46817100048065186,0.29000324010849
tele_bridge_pick05__00001000__s0012.wav,0.28296083211898804,0.41159316897392273,0.02168836072087288,0.3985743522644043,0.6236963868141174,0.24666176736354828
strat_neck_pick16__00001000__s0037.wav,0.24201801419258118,0.25892987847328186,0.5498770475387573,0.6511511206626892,0.47997140884399414,0.28183990716934204
prs_neck_fing16__00001000__s0014.wav,0.3329695761203766,0.3459303379058838,0.680967390537262,0.6676585078239441,0.8005608320236206,0.5832728147506714
les_neck_fing13__00001000__s0007.wav,0.3852333426475525,0.2527167797088623,0.21599264442920685,0.21953265368938446,0.14740398526191711,0.4477539360523224
tele_bridge_pick03__00001000__s0013.wav,0.17746534943580627,0.24426297843456268,0.764085054397583,0.5960295796394348,0.1952529400587082,0.2927095293998718
strat_bridge_pick22__00001000__s0015.wav,0.73949134349823,0.6486978530883789,0.9020388722419739,0.4128655791282654,0.4094487428665161,0.4326978623867035
les_neck_fing20__00001000__s0035.wav,0.7958654165267944,0.48704013228416443,0.4866364300251007,0.37766033411026,0.2422938048839569,0.445156991481781
tele_neck_pick11__00001000__s0054.wav,0.8546477556228638,0.8413618206977844,0.7211781740188599,0.605851948261261,0.8762715458869934,0.850346565246582
prs_neck_fing01__00001000__s0010.wav,0.6444769501686096,0.677132248878479,0.0017853346653282642,0.3685497045516968,0.8141584992408752,0.8068867325782776
tele_neck_fing02__00001000__s0036.wav,0.9017687439918518,0.4926784336566925,0.9232420325279236,0.3010604679584503,0.2599714696407318,0.16171495616436005
les_neck_pick11__00001000__s0007.wav,0.47357049584388733,0.33490365743637085,0.7340682744979858,0.6081435680389404,0.9065646529197693,0.8581196665763855
tele_bridge_pick14__00001000__s0036.wav,0.48634305596351624,0.49521690607070923,0.197111576795578,0.4888630211353302,0.30221325159072876,0.1614631563425064
les_bridge_pick14__00001000__s0040.wav,0.5890382528305054,0.2291509062051773,0.008463451638817787,0.37644532322883606,0.1565738469362259,0.24965369701385498
tele_neck_pick23__00001000__s0055.wav,0.29548653960227966,0.5789257287979126,0.5533638596534729,0.2875303030014038,0.20981545746326447,0.12215270102024078
strat_neck_pick16__00001000__s0031.wav,0.09745008498430252,0.07350219041109085,0.47284996509552,0.7869337201118469,0.9047822952270508,0.6542113423347473
tele_neck_fing11__00001000__s0030.wav,0.09082911908626556,0.13980913162231445,0.3356402814388275,0.5150790214538574,0.46729835867881775,0.5398651361465454
strat_neck_fing01__00001000__s0050.wav,0.8440466523170471,0.9113911390304565,0.003598176408559084,0.30372607707977295,0.8932068943977356,0.923210084438324
tele_neck_fing04__00001000__s0022.wav,0.494589239358902,0.46313047409057617,0.6053767800331116,0.6430131793022156,0.998440146446228,0.9700321555137634
tele_neck_pick24__00001000__s0000.wav,0.3997998535633087,0.36655354499816895,0.6758326292037964,0.6632944345474243,0.40919262170791626,0.5218498110771179
prs_neck_pick13__00001000__s0023.wav,0.2582721710205078,0.0900171622633934,0.5505772233009338,0.4530580937862396,0.10594267398118973,0.19490554928779602
les_neck_fing21__00001000__s0009.wav,0.17658467590808868,0.15937182307243347,0.7886689305305481,0.6755192875862122,0.49822041392326355,0.2645008862018585
strat_neck_fing01__00001000__s0015.wav,0.6666484475135803,0.42243391275405884,0.3541531562805176,0.16141898930072784,0.04507693648338318,0.38333457708358765
tele_neck_fing05__00001000__s0055.wav,0.9043542146682739,0.8781255483627319,0.09752807021141052,0.47704875469207764,0.5349306464195251,0.5394662022590637
tele_neck_pick18__00001000__s0025.wav,0.19961753487586975,0.13739487528800964,0.25159013271331787,0.25318190455436707,0.8048850893974304,0.8625296354293823
strat_bridge_pick20__00001000__s0017.wav,0.277646005153656,0.2677484154701233,0.37605199217796326,0.6564266085624695,0.35957109928131104,0.3569052517414093
strat_neck_pick01__00001000__s0026.wav,0.4180099368095398,0.4758211076259613,0.37798720598220825,0.47396573424339294,0.6625516414642334,0.6626360416412354
les_neck_fing17__00001000__s0015.wav,0.06036311760544777,0.0875057578086853,0.21172359585762024,0.3026569187641144,0.31860965490341187,0.5666088461875916
prs_neck_fing23__00001000__s0013.wav,0.19664736092090607,0.12530949711799622,0.8150525689125061,0.9416830539703369,0.6135029792785645,0.5507285594940186
prs_bridge_pick06__00001000__s0006.wav,0.13494379818439484,0.11226683109998703,0.8126741051673889,0.7972671389579773,0.3288429379463196,0.5724824070930481
les_neck_pick23__00001000__s0034.wav,0.3337627053260803,0.3014177083969116,0.062084347009658813,0.396761953830719,0.6152900457382202,0.6132934093475342
tele_neck_fing02__00001000__s0021.wav,0.9733802080154419,0.8344007730484009,0.616426944732666,0.6275257468223572,0.4229545295238495,0.41556528210639954
les_neck_pick16__00001000__s0008.wav,0.6340829133987427,0.6474898457527161,0.1955028623342514,0.2530917525291443,0.22334028780460358,0.35005223751068115
strat_neck_pick12__00001000__s0017.wav,0.6761704087257385,0.7368707656860352,0.43854597210884094,0.2166685312986374,0.8519153594970703,0.7391996383666992
tele_neck_fing09__00001000__s0030.wav,0.5135273337364197,0.3842562437057495,0.1752297729253769,0.830044150352478,0.3511675000190735,0.26108020544052124
les_bridge_fing11__00001000__s0046.wav,0.9048574566841125,0.683465838432312,0.3186311721801758,0.44931545853614807,0.713513970375061,0.5519839525222778
tele_neck_fing25__00001000__s0044.wav,0.10276728868484497,0.16706156730651855,0.3652164340019226,0.5636979341506958,0.4802844822406769,0.5539937019348145
tele_bridge_pick21__00001000__s0036.wav,0.47288039326667786,0.560655415058136,0.3485493063926697,0.6714555621147156,0.02665063925087452,0.10593725740909576
tele_bridge_pick25__00001000__s0007.wav,0.6927788257598877,0.7865938544273376,0.5262600183486938,0.2966426610946655,0.9342878460884094,0.9236766695976257
strat_bridge_fing15__00001000__s0044.wav,0.05934882536530495,0.3659096658229828,0.34753233194351196,0.2968701720237732,0.5587316155433655,0.13312441110610962
tele_bridge_fing23__00001000__s0027.wav,0.8599030375480652,0.8054538369178772,0.8220504522323608,0.15921100974082947,0.5861802697181702,0.5937553644180298
les_bridge_fing22__00001000__s0014.wav,0.5268982648849487,0.4369187653064728,0.8555742502212524,0.6360661387443542,0.4689261019229889,0.655524730682373
les_bridge_pick20__00001000__s0012.wav,0.24211952090263367,0.23177284002304077,0.37588801980018616,0.3370223641395569,0.9707976579666138,0.9444053769111633
prs_bridge_fing06__00001000__s0048.wav,0.13185764849185944,0.6150767207145691,0.12868520617485046,0.447946161031723,0.043933503329753876,0.06655684858560562
tele_neck_pick09__00001000__s0045.wav,0.5377888083457947,0.39722761511802673,0.050939466804265976,0.6239262819290161,0.7211846709251404,0.6748632788658142
les_bridge_pick15__00001000__s0048.wav,0.41343915462493896,0.5034413933753967,0.49676570296287537,0.6981963515281677,0.989901602268219,0.9737457036972046
prs_neck_pick19__00001000__s0012.wav,0.136590376496315,0.07023993879556656,0.21363615989685059,0.39376598596572876,0.5644268989562988,0.5235739350318909
les_neck_pick20__00001000__s0029.wav,0.5465859174728394,0.5657287240028381,0.04525734856724739,0.24210871756076813,0.5153189897537231,0.588517427444458
tele_bridge_fing23__00001000__s0031.wav,0.7013368606567383,0.7001492977142334,0.5494937896728516,0.48079758882522583,0.937621533870697,0.9485210180282593
strat_neck_fing20__00001000__s0040.wav,0.17413827776908875,0.4289335012435913,0.5753453969955444,0.7095944285392761,0.8920588493347168,0.9253948330879211
tele_neck_pick16__00001000__s0042.wav,0.041921716183423996,0.8113688826560974,0.13637502491474152,0.5788391828536987,0.4507930278778076,0.07473183423280716
strat_bridge_pick18__00001000__s0007.wav,0.908237636089325,0.6074517965316772,0.47714558243751526,0.6779975295066833,0.2612679898738861,0.3301939368247986
prs_neck_fing22__00001000__s0008.wav,0.06955504417419434,0.2936176061630249,0.12559352815151215,0.44019806385040283,0.8504325151443481,0.49056658148765564
les_bridge_pick17__00001000__s0036.wav,0.5818804502487183,0.6791593432426453,0.5765604972839355,0.5491225123405457,0.37039914727211,0.37966275215148926
prs_bridge_fing25__00001000__s0015.wav,0.4065445363521576,0.3214725852012634,0.9930897951126099,0.6076737642288208,0.6127574443817139,0.48373493552207947
prs_bridge_fing25__00001000__s0003.wav,0.9819032549858093,0.863364577293396,0.6007838845252991,0.5579850673675537,0.6309617757797241,0.6411897540092468
tele_bridge_fing25__00001000__s0000.wav,0.5265682339668274,0.5643813610076904,0.08007054775953293,0.26240113377571106,0.240354984998703,0.15045250952243805
strat_neck_pick15__00001000__s0052.wav,0.4975152611732483,0.385839581489563,0.9312018156051636,0.6496473550796509,0.226779043674469,0.3839307129383087
tele_bridge_pick06__00001000__s0044.wav,0.7657222151756287,0.3273773491382599,0.9311448335647583,0.4356875419616699,0.08643876761198044,0.06290358304977417
strat_bridge_pick15__00001000__s0026.wav,0.340406596660614,0.32024896144866943,0.9910472631454468,0.4946766495704651,0.8966724276542664,0.9335876703262329
les_bridge_pick07__00001000__s0032.wav,0.6041725277900696,0.6193389892578125,0.23708146810531616,0.28038379549980164,0.28415971994400024,0.325624942779541
tele_neck_fing01__00001000__s0005.wav,0.15210606157779694,0.761620044708252,0.060956697911024094,0.3092494010925293,0.1364581137895584,0.18586382269859314
les_neck_pick07__00001000__s0027.wav,0.7213916182518005,0.6617995500564575,0.19361993670463562,0.3930399417877197,0.8623396754264832,0.8334993720054626
tele_bridge_pick19__00001000__s0029.wav,0.5710916519165039,0.2694854438304901,0.0386018231511116,0.2848443388938904,0.6320315003395081,0.5803737640380859
prs_neck_fing25__00001000__s0029.wav,0.6237527132034302,0.8309630155563354,0.49711471796035767,0.6060758233070374,0.6224343180656433,0.429414838552475
prs_neck_pick12__00001000__s0030.wav,0.7659108638763428,0.7927043437957764,0.5272901058197021,0.837791919708252,0.5343477725982666,0.5141384601593018
les_bridge_fing19__00001000__s0019.wav,0.013048199005424976,0.0399472676217556,0.30474916100502014,0.05701516196131706,0.4628295600414276,0.43415597081184387
prs_bridge_pick23__00001000__s0036.wav,0.7003583908081055,0.413531094789505,0.41564372181892395,0.6259129047393799,0.4017328917980194,0.670087993144989
les_neck_pick02__00001000__s0034.wav,0.07569371908903122,0.16909374296665192,0.3134322762489319,0.6210435032844543,0.4624238610267639,0.18836022913455963
strat_neck_pick05__00001000__s0024.wav,0.6437693238258362,0.49369680881500244,0.7353922128677368,0.418508917093277,0.3190981447696686,0.47255972027778625
strat_bridge_pick22__00001000__s0005.wav,0.501161515712738,0.6073645353317261,0.14048627018928528,0.2820083796977997,0.2563430368900299,0.5768613219261169
strat_bridge_pick25__00001000__s0040.wav,0.06693777441978455,0.1135786846280098,0.4906975328922272,0.4912211000919342,0.03652482107281685,0.037425585091114044
prs_bridge_pick03__00001000__s0037.wav,0.11989376693964005,0.061066921800374985,0.2541399598121643,0.2997483015060425,0.8331544399261475,0.5870006680488586
tele_bridge_pick14__00001000__s0009.wav,0.1555098444223404,0.35822346806526184,0.35709840059280396,0.7274882197380066,0.8761192560195923,0.7290267944335938
les_bridge_pick01__00001000__s0043.wav,0.06395840644836426,0.13894759118556976,0.19857262074947357,0.25351038575172424,0.3624967932701111,0.1498282104730606
prs_bridge_pick16__00001000__s0001.wav,0.5692443251609802,0.7947799563407898,0.1037135124206543,0.5454117655754089,0.1436581015586853,0.48163866996765137
strat_bridge_fing06__00001000__s0019.wav,0.5344395041465759,0.6083652377128601,0.9991599917411804,0.8166218996047974,0.6398751139640808,0.5172757506370544
prs_bridge_fing11__00001000__s0038.wav,0.0040544746443629265,0.298062264919281,0.7638503313064575,0.5610232353210449,0.0228757094591856,0.03749127313494682
prs_neck_pick02__00001000__s0014.wav,0.7650418877601624,0.7057880163192749,0.27831485867500305,0.5336918234825134,0.5809550881385803,0.5033752918243408
tele_bridge_fing25__00001000__s0047.wav,0.6815000176429749,0.48522046208381653,0.5813928842544556,0.7570908069610596,0.16433852910995483,0.2540546655654907
strat_neck_pick06__00001000__s0023.wav,0.2484191358089447,0.24007157981395721,0.5303570032119751,0.5537330508232117,0.2848404049873352,0.4082188010215759
strat_neck_fing17__00001000__s0002.wav,0.37757325172424316,0.5627376437187195,0.6041439175605774,0.7869177460670471,0.820984423160553,0.8263278603553772
prs_neck_fing07__00001000__s0007.wav,0.8138522505760193,0.7933849096298218,0.6901211142539978,0.5560778975486755,0.006150988861918449,0.17687949538230896
tele_neck_fing20__00001000__s0029.wav,0.6764031052589417,0.6735360026359558,0.7028833627700806,0.48897552490234375,0.5969476103782654,0.5921836495399475
prs_bridge_fing10__00001000__s0024.wav,0.5714240074157715,0.5583158731460571,0.8996294736862183,0.6272274851799011,0.38352933526039124,0.310039222240448
les_neck_pick08__00001000__s0018.wav,0.6736740469932556,0.6588338017463684,0.8116825222969055,0.3182910680770874,0.06337578594684601,0.49103620648384094
prs_neck_pick02__00001000__s0030.wav,0.7056237459182739,0.6572171449661255,0.8392630815505981,0.615127444267273,0.2732067108154297,0.44588369131088257
tele_bridge_fing14__00001000__s0045.wav,0.8357113599777222,0.6800652146339417,0.3557962477207184,0.5267161726951599,0.24696564674377441,0.1665402352809906
les_neck_fing23__00001000__s0012.wav,0.9108562469482422,0.8067639470100403,0.0504850335419178,0.31202763319015503,0.8997621536254883,0.8954713344573975
les_neck_pick01__00001000__s0052.wav,0.02589690312743187,0.062112048268318176,0.5100709199905396,0.56691974401474,0.7623388767242432,0.5889193415641785
tele_bridge_fing24__00001000__s0051.wav,0.4732707142829895,0.5615401268005371,0.835453987121582,0.7144677639007568,0.7274793982505798,0.6513875126838684
strat_neck_fing07__00001000__s0042.wav,0.1381082683801651,0.15593014657497406,0.5429621338844299,0.18668915331363678,0.1317281872034073,0.12508247792720795
les_bridge_pick03__00001000__s0015.wav,0.03403567150235176,0.05179861932992935,0.7148632407188416,0.8168116807937622,0.5949408411979675,0.7121917605400085
les_neck_pick10__00001000__s0035.wav,0.3868684768676758,0.505207359790802,0.11880327016115189,0.5991339087486267,0.8466275334358215,0.548329770565033
les_neck_pick07__00001000__s0010.wav,0.9487525224685669,0.8261176943778992,0.6138185262680054,0.4840317368507385,0.4108615517616272,0.5797533392906189
les_neck_fing21__00001000__s0027.wav,0.7558165192604065,0.7534169554710388,0.9177802801132202,0.7873455286026001,0.2937712073326111,0.24982726573944092
tele_bridge_fing13__00001000__s0038.wav,0.9130151271820068,0.8844802379608154,0.9745816588401794,0.338302880525589,0.5935726761817932,0.633169412612915
les_neck_fing08__00001000__s0005.wav,0.477520227432251,0.5420452952384949,0.7259268760681152,0.4656139314174652,0.8710920810699463,0.9143368601799011
les_bridge_pick21__00001000__s0026.wav,0.06664033979177475,0.19595637917518616,0.11781177669763565,0.42582324147224426,0.604982852935791,0.4480510950088501
tele_neck_fing09__00001000__s0010.wav,0.2786063849925995,0.3234252333641052,0.4915713667869568,0.4799685478210449,0.23572926223278046,0.4712997078895569
les_neck_fing02__00001000__s0037.wav,0.8150101900100708,0.8091801404953003,0.008051477372646332,0.22707661986351013,0.3304382264614105,0.3211393654346466
strat_neck_pick24__00001000__s0012.wav,0.7995383143424988,0.15727441012859344,0.05903671309351921,0.3100026547908783,0.07394122332334518,0.26283469796180725
strat_neck_pick06__00001000__s0033.wav,0.4810746908187866,0.5726108551025391,0.6212666034698486,0.5931212902069092,0.6073176860809326,0.5487284064292908
strat_bridge_fing18__00001000__s0036.wav,0.2713903784751892,0.2984204590320587,0.09315891563892365,0.19268643856048584,0.36850497126579285,0.40247616171836853
tele_neck_pick04__00001000__s0005.wav,0.8776708245277405,0.7814152836799622,0.1534741222858429,0.24837884306907654,0.4287187159061432,0.5279199481010437
tele_neck_pick19__00001000__s0010.wav,0.4907785952091217,0.3333643674850464,0.3798465430736542,0.33849361538887024,0.17421965301036835,0.5187678337097168
prs_bridge_fing02__00001000__s0027.wav,0.536119818687439,0.20607586205005646,0.8697246313095093,0.35009029507637024,0.19442446529865265,0.1206313818693161
strat_neck_pick11__00001000__s0007.wav,0.06612930446863174,0.2819344103336334,0.8440209627151489,0.7034730911254883,0.2532663643360138,0.3853820562362671
strat_neck_fing12__00001000__s0014.wav,0.9940524101257324,0.8754454851150513,0.2272101193666458,0.5509101748466492,0.9696872234344482,0.9236955642700195
strat_bridge_pick19__00001000__s0047.wav,0.3513299524784088,0.2618010342121124,0.5547907948493958,0.5134530067443848,0.25408661365509033,0.3658875823020935
prs_neck_pick24__00001000__s0055.wav,0.291134238243103,0.6498141288757324,0.13868261873722076,0.14471940696239471,0.4546970725059509,0.7124525904655457
tele_neck_fing16__00001000__s0026.wav,0.10688858479261398,0.14939694106578827,0.3921368420124054,0.3838372826576233,0.40782400965690613,0.3452198803424835
tele_bridge_pick21__00001000__s0041.wav,0.2911936044692993,0.3085624575614929,0.3117949068546295,0.3148544728755951,0.9208599328994751,0.8754373788833618
strat_bridge_pick22__00001000__s0009.wav,0.585310697555542,0.617179274559021,0.3783658742904663,0.5422388315200806,0.9588704705238342,0.922934889793396
les_bridge_fing07__00001000__s0049.wav,0.5779921412467957,0.6607512831687927,0.27783992886543274,0.19072650372982025,0.5260441303253174,0.5706379413604736
les_bridge_pick10__00001000__s0039.wav,0.24551638960838318,0.23593713343143463,0.7553342580795288,0.6066223382949829,0.1086069718003273,0.18434131145477295
tele_neck_pick08__00001000__s0028.wav,0.5846750140190125,0.5885642170906067,0.4363049864768982,0.49060118198394775,0.6980616450309753,0.6094403266906738
les_neck_fing25__00001000__s0021.wav,0.8998169898986816,0.8621332049369812,0.8732303380966187,0.7885916233062744,0.9685874581336975,0.9265862107276917
tele_bridge_fing21__00001000__s0016.wav,0.13296450674533844,0.1629292070865631,0.5591951012611389,0.5052844285964966,0.669812798500061,0.7684998512268066
strat_neck_fing12__00001000__s0008.wav,0.08135788887739182,0.09421010315418243,0.9889997243881226,0.8341559171676636,0.6660000681877136,0.6665000319480896
les_neck_fing16__00001000__s0003.wav,0.5029035210609436,0.357652872800827,0.030830126255750656,0.393520712852478,0.4926431477069855,0.28542929887771606
les_bridge_pick12__00001000__s0004.wav,0.4766960144042969,0.45613208413124084,0.19452695548534393,0.2610369324684143,0.6804423928260803,0.6293620467185974
tele_bridge_pick23__00001000__s0011.wav,0.9116575121879578,0.9535006880760193,0.8733795285224915,0.6058730483055115,0.9409206509590149,0.9174483418464661
prs_bridge_fing20__00001000__s0018.wav,0.6926502585411072,0.7712566256523132,0.7190728187561035,0.2927398681640625,0.5656412839889526,0.2970849573612213
prs_neck_pick11__00001000__s0013.wav,0.5972712635993958,0.5286334753036499,0.2920054495334625,0.5314292311668396,0.4689810276031494,0.40185919404029846
prs_bridge_fing12__00001000__s0007.wav,0.2269774228334427,0.41133689880371094,0.360514372587204,0.303575724363327,0.09432718902826309,0.07499641925096512
prs_neck_pick20__00001000__s0035.wav,0.04097854718565941,0.08655396103858948,0.993715763092041,0.7233557105064392,0.7811503410339355,0.810361921787262
tele_bridge_fing17__00001000__s0038.wav,0.9696535468101501,0.7760294079780579,0.4116097390651703,0.44722694158554077,0.7280457019805908,0.6522915959358215
strat_neck_fing13__00001000__s0035.wav,0.010683664120733738,0.3060320317745209,0.7451821565628052,0.5644993185997009,0.3934859037399292,0.46102362871170044
les_bridge_fing17__00001000__s0002.wav,0.19807158410549164,0.19024205207824707,0.277106910943985,0.5103826522827148,0.30668964982032776,0.08025950938463211
les_neck_pick25__00001000__s0031.wav,0.026462191715836525,0.12588293850421906,0.21548479795455933,0.1337379813194275,0.3177892565727234,0.5737939476966858
strat_neck_pick19__00001000__s0039.wav,0.5161142945289612,0.5292418599128723,0.0970485582947731,0.42349255084991455,0.6744332909584045,0.6138008236885071
les_bridge_pick18__00001000__s0051.wav,0.1273709535598755,0.2263561636209488,0.2507316470146179,0.3139721751213074,0.8725160956382751,0.8245264887809753
tele_neck_fing16__00001000__s0012.wav,0.2110081911087036,0.16323287785053253,0.9600798487663269,0.8058526515960693,0.3187626004219055,0.5477365255355835
tele_neck_fing11__00001000__s0019.wav,0.015200525522232056,0.18068501353263855,0.1750301867723465,0.3973500430583954,0.43798914551734924,0.5564559698104858
les_bridge_pick11__00001000__s0044.wav,0.066773422062397,0.4608965218067169,0.14329662919044495,0.23770780861377716,0.3762321174144745,0.06612935662269592
prs_neck_pick20__00001000__s0018.wav,0.27338483929634094,0.3265528082847595,0.13907623291015625,0.400224506855011,0.7207558155059814,0.3861998915672302
prs_neck_pick21__00001000__s0023.wav,0.18438366055488586,0.5668079257011414,0.7785521745681763,0.3423163592815399,0.05357186123728752,0.36944299936294556
strat_neck_pick24__00001000__s0034.wav,0.9850724339485168,0.9420080184936523,0.18261058628559113,0.7264038324356079,0.650613009929657,0.3608357906341553
prs_neck_fing02__00001000__s0030.wav,0.877762496471405,0.914271354675293,0.06712424755096436,0.2961927056312561,0.840571403503418,0.8101348876953125
tele_neck_fing07__00001000__s0034.wav,0.11954747885465622,0.22291791439056396,0.8421682715415955,0.6738719344139099,0.8179049491882324,0.7933357954025269
tele_bridge_pick01__00001000__s0039.wav,0.906249463558197,0.7010923624038696,0.799308717250824,0.8006771802902222,0.6297538876533508,0.5192286968231201
strat_bridge_fing01__00001000__s0053.wav,0.648490846157074,0.6835151314735413,0.2897307276725769,0.2534342408180237,0.7676905989646912,0.659674346446991
les_neck_fing07__00001000__s0029.wav,0.3884890377521515,0.37445399165153503,0.9309065937995911,0.8063789010047913,0.18589869141578674,0.43762853741645813
strat_bridge_fing18__00001000__s0005.wav,0.09399540722370148,0.1795816868543625,0.853463888168335,0.4571619927883148,0.07382602244615555,0.21880650520324707
prs_bridge_pick14__00001000__s0044.wav,0.4914623200893402,0.36649876832962036,0.48373621702194214,0.49955782294273376,0.07606257498264313,0.26900914311408997
tele_neck_fing24__00001000__s0025.wav,0.4591808617115021,0.48250576853752136,0.053263191133737564,0.30682528018951416,0.19083727896213531,0.09147346019744873
prs_bridge_fing21__00001000__s0005.wav,0.8731720447540283,0.8666910529136658,0.34312009811401367,0.32124826312065125,0.6016286611557007,0.5640763640403748
les_neck_fing21__00001000__s0030.wav,0.29415857791900635,0.4057671129703522,0.6831258535385132,0.5441994667053223,0.9339017271995544,0.9317828416824341
prs_bridge_fing01__00001000__s0035.wav,0.3852951228618622,0.4505803883075714,0.968711793422699,0.5112808346748352,0.5082088708877563,0.5715925693511963
tele_bridge_pick09__00001000__s0023.wav,0.8399776220321655,0.752916693687439,0.3715073764324188,0.2220868170261383,0.8274720907211304,0.8664975762367249
strat_neck_fing23__00001000__s0020.wav,0.23369114100933075,0.314269095659256,0.5907159447669983,0.6052113771438599,0.8167275190353394,0.37407588958740234
prs_bridge_pick08__00001000__s0035.wav,0.6491173505783081,0.6816346645355225,0.2090863734483719,0.47210758924484253,0.871674120426178,0.7965975999832153
prs_neck_pick11__00001000__s0006.wav,0.24816446006298065,0.21876539289951324,0.8893781900405884,0.7657998204231262,0.5103697776794434,0.5652647018432617
strat_neck_pick08__00001000__s0002.wav,0.7630964517593384,0.5045670866966248,0.16172096133232117,0.3043448328971863,0.012004764750599861,0.06957708299160004
strat_bridge_pick10__00001000__s0006.wav,0.4570510685443878,0.6008734703063965,0.715449869632721,0.4362752437591553,0.0652165412902832,0.4798107445240021
les_bridge_fing18__00001000__s0028.wav,0.47218069434165955,0.4536532461643219,0.29009518027305603,0.42519819736480713,0.3800436854362488,0.25583750009536743
les_neck_pick18__00001000__s0043.wav,0.020946823060512543,0.3838061988353729,0.6548783183097839,0.7037073969841003,0.0458822064101696,0.14994676411151886
les_bridge_pick19__00001000__s0049.wav,0.3698134422302246,0.5659033060073853,0.793904185295105,0.1835363209247589,0.020664498209953308,0.15953513979911804
les_neck_pick23__00001000__s0005.wav,0.9782759547233582,0.7171835899353027,0.1386028230190277,0.16260839998722076,0.37166959047317505,0.3648870289325714
prs_neck_pick10__00001000__s0033.wav,0.18955491483211517,0.27869585156440735,0.5762116312980652,0.5099075436592102,0.4245244562625885,0.30059191584587097
strat_neck_pick18__00001000__s0049.wav,0.47552260756492615,0.49856457114219666,0.9530100226402283,0.8314090371131897,0.8738881349563599,0.7625807523727417
prs_bridge_fing06__00001000__s0045.wav,0.6891562938690186,0.6857972145080566,0.9098749160766602,0.3786410689353943,0.07065431028604507,0.22982576489448547
tele_bridge_pick04__00001000__s0014.wav,0.2803100049495697,0.057188164442777634,0.3683373034000397,0.43126216530799866,0.929782509803772,0.8982315063476562
tele_neck_pick17__00001000__s0030.wav,0.8348621129989624,0.8383886218070984,0.7198806405067444,0.554468035697937,0.18185769021511078,0.2432887852191925
strat_neck_pick05__00001000__s0019.wav,0.8961215615272522,0.9449945688247681,0.30951473116874695,0.7045231461524963,0.7205536365509033,0.5491791367530823
strat_neck_pick07__00001000__s0002.wav,0.3598615825176239,0.35542264580726624,0.828829288482666,0.8093190789222717,0.9403629899024963,0.8470339179039001
les_neck_fing03__00001000__s0015.wav,0.2508386969566345,0.21688973903656006,0.663273274898529,0.33050820231437683,0.17397098243236542,0.22669021785259247
tele_neck_pick17__00001000__s0033.wav,0.6220197677612305,0.6332699656486511,0.5180321931838989,0.3395455777645111,0.08137227594852448,0.17198866605758667
prs_neck_fing10__00001000__s0014.wav,0.5431711077690125,0.6070783734321594,0.9650327563285828,0.6937184929847717,0.6792705059051514,0.6197578310966492
prs_bridge_fing10__00001000__s0004.wav,0.03084074892103672,0.03375750407576561,0.3762719929218292,0.777811586856842,0.4327087700366974,0.21564295887947083
les_neck_pick06__00001000__s0004.wav,0.12203115224838257,0.13237327337265015,0.049128543585538864,0.03775207698345184,0.4768293797969818,0.19233989715576172
prs_bridge_pick23__00001000__s0047.wav,0.7793869376182556,0.6647676229476929,0.6149904727935791,0.5828855633735657,0.3629573583602905,0.488156259059906
tele_neck_pick10__00001000__s0032.wav,0.32116082310676575,0.3744145929813385,0.2458612620830536,0.4559275805950165,0.2988126575946808,0.534448504447937
tele_bridge_fing20__00001000__s0012.wav,0.01821894571185112,0.021467402577400208,0.557392954826355,0.5047478079795837,0.8024905323982239,0.6959585547447205
prs_neck_fing06__00001000__s0024.wav,0.7267131209373474,0.7190917134284973,0.7380460500717163,0.5194587111473083,0.9351199269294739,0.9522191882133484
les_neck_fing13__00001000__s0010.wav,0.5536717772483826,0.7161139845848083,0.14629924297332764,0.2156294882297516,0.1535261571407318,0.26178884506225586
prs_bridge_fing10__00001000__s0047.wav,0.7520372867584229,0.6508038640022278,0.6871574521064758,0.6648197174072266,0.3406555652618408,0.4631110429763794
strat_neck_fing22__00001000__s0025.wav,0.23879842460155487,0.3095751702785492,0.8052000403404236,0.1947890967130661,0.7576894164085388,0.5910590291023254
les_bridge_pick18__00001000__s0028.wav,0.9091509580612183,0.9429888129234314,0.44849076867103577,0.5800957679748535,0.9823126196861267,0.9368704557418823
prs_bridge_fing07__00001000__s0017.wav,0.0888914167881012,0.23870138823986053,0.4252856373786926,0.455778568983078,0.9548894166946411,0.5515094995498657
prs_neck_fing16__00001000__s0039.wav,0.8837437033653259,0.8210974931716919,0.8057443499565125,0.36282435059547424,0.4463663101196289,0.4784022867679596
tele_neck_pick18__00001000__s0039.wav,0.6241741180419922,0.4549121856689453,0.019784115254878998,0.6196197867393494,0.8309652209281921,0.7883137464523315
prs_neck_fing09__00001000__s0035.wav,0.12357299774885178,0.5639557838439941,0.7732445001602173,0.3541571795940399,0.11765161156654358,0.16176876425743103
tele_neck_pick22__00001000__s0043.wav,0.8164160251617432,0.8924018740653992,0.2688494622707367,0.63654625415802,0.4656594693660736,0.362903356552124
les_neck_pick04__00001000__s0052.wav,0.10185199230909348,0.06470602005720139,0.5367736220359802,0.7496415376663208,0.5788189172744751,0.33905789256095886
strat_neck_pick14__00001000__s0034.wav,0.19122426211833954,0.2128843367099762,0.2813345193862915,0.37500864267349243,0.9303064346313477,0.8591843843460083
prs_neck_fing11__00001000__s0000.wav,0.640800952911377,0.7816082835197449,0.02672901190817356,0.48192763328552246,0.9093560576438904,0.9491228461265564
prs_bridge_fing03__00001000__s0037.wav,0.4040139615535736,0.4065825939178467,0.7368339896202087,0.7024269104003906,0.5564445853233337,0.46705976128578186
strat_neck_fing17__00001000__s0048.wav,0.22064700722694397,0.24110440909862518,0.7964423894882202,0.6861018538475037,0.6144570112228394,0.4524407982826233
les_neck_pick02__00001000__s0026.wav,0.3384930193424225,0.28390195965766907,0.5944653749465942,0.7219551801681519,0.8981226086616516,0.6550557017326355
les_neck_pick20__00001000__s0013.wav,0.6404642462730408,0.6366358399391174,0.6548740267753601,0.5533289909362793,0.9532796740531921,0.8767383694648743
prs_neck_fing25__00001000__s0054.wav,0.3555675148963928,0.40805259346961975,0.785103976726532,0.7836549878120422,0.08969641476869583,0.10780327767133713
prs_neck_pick05__00001000__s0012.wav,0.5504405498504639,0.6427872776985168,0.8956458568572998,0.8442561030387878,0.9286760687828064,0.9074217677116394
tele_bridge_pick19__00001000__s0016.wav,0.6760351061820984,0.6951338648796082,0.6397695541381836,0.5407788753509521,0.5151649713516235,0.5424799919128418
tele_bridge_pick24__00001000__s0027.wav,0.5410023927688599,0.5909717679023743,0.5577149987220764,0.2262110561132431,0.992597222328186,0.9720954895019531
strat_bridge_pick24__00001000__s0026.wav,0.45357874035835266,0.6097540259361267,0.5206923484802246,0.4747808277606964,0.18050606548786163,0.14402146637439728
prs_bridge_fing09__00001000__s0047.wav,0.633781909942627,0.6673168540000916,0.5521728992462158,0.33026665449142456,0.7761377692222595,0.8306801319122314
prs_bridge_fing13__00001000__s0036.wav,0.08223307877779007,0.3716599941253662,0.20364636182785034,0.5580530762672424,0.13073597848415375,0.3025476038455963
prs_neck_pick04__00001000__s0024.wav,0.46947935223579407,0.48980629444122314,0.15776745975017548,0.4431988000869751,0.4575728476047516,0.4395851194858551
tele_bridge_pick16__00001000__s0019.wav,0.9586538076400757,0.4353121519088745,0.07846789062023163,0.28066110610961914,0.03928862884640694,0.24814514815807343
prs_bridge_fing17__00001000__s0012.wav,0.05496281012892723,0.49329662322998047,0.5120659470558167,0.2523975074291229,0.025544606149196625,0.07978297024965286
strat_bridge_fing22__00001000__s0046.wav,0.2604946494102478,0.24395161867141724,0.7378246784210205,0.655924379825592,0.5365280508995056,0.46687260270118713
prs_bridge_fing17__00001000__s0053.wav,0.18685577809810638,0.3492274880409241,0.029556527733802795,0.24951426684856415,0.06559567898511887,0.22042252123355865
prs_neck_fing19__00001000__s0010.wav,0.41206860542297363,0.46346065402030945,0.8931218385696411,0.8109936118125916,0.9167516231536865,0.8396908640861511
strat_bridge_fing19__00001000__s0009.wav,0.39092597365379333,0.76035475730896,0.6601700186729431,0.41127046942710876,0.010854341089725494,0.07316316664218903
les_bridge_fing19__00001000__s0027.wav,0.1938381791114807,0.08809846639633179,0.49531441926956177,0.4930950403213501,0.392568439245224,0.7481788396835327
strat_neck_fing05__00001000__s0031.wav,0.8563072085380554,0.8521944880485535,0.06232716143131256,0.4455457925796509,0.7924728393554688,0.6858605742454529
tele_bridge_pick05__00001000__s0048.wav,0.8064098954200745,0.7795119285583496,0.19147157669067383,0.25605928897857666,0.7464795112609863,0.7651267647743225
strat_bridge_fing03__00001000__s0010.wav,0.49382734298706055,0.7277209758758545,0.9525380730628967,0.4031384587287903,0.03526929020881653,0.0730900913476944
strat_bridge_pick10__00001000__s0011.wav,0.700132429599762,0.6035674810409546,0.2983126938343048,0.3730269968509674,0.2016942799091339,0.2771109938621521
les_bridge_pick23__00001000__s0051.wav,0.10187061876058578,0.07790437340736389,0.8946532011032104,0.87299644947052,0.6588068604469299,0.673672080039978
prs_bridge_fing23__00001000__s0055.wav,0.5748621225357056,0.665977418422699,0.7073737382888794,0.6923114061355591,0.45178428292274475,0.6570581793785095
strat_neck_pick08__00001000__s0040.wav,0.3135557174682617,0.12758943438529968,0.2374706119298935,0.4740038812160492,0.9233648777008057,0.8970535397529602
strat_neck_fing11__00001000__s0020.wav,0.6779324412345886,0.7041199207305908,0.2472907453775406,0.24602268636226654,0.6304497718811035,0.6899693012237549
prs_neck_fing13__00001000__s0026.wav,0.1865672469139099,0.5018277168273926,0.14221130311489105,0.22723378241062164,0.937300980091095,0.8048516511917114
tele_neck_fing11__00001000__s0020.wav,0.44716522097587585,0.46126359701156616,0.18494363129138947,0.544550895690918,0.4882958233356476,0.20434942841529846
les_bridge_pick14__00001000__s0022.wav,0.9960771203041077,0.25057899951934814,0.8296545743942261,0.21001644432544708,0.029966264963150024,0.15325774252414703
tele_bridge_fing20__00001000__s0054.wav,0.41633859276771545,0.4559120237827301,0.4793657660484314,0.7213340401649475,0.9127941727638245,0.7615227103233337
strat_bridge_fing01__00001000__s0006.wav,0.11509677767753601,0.17660853266716003,0.14743956923484802,0.3392501473426819,0.3578166961669922,0.5686700940132141
les_neck_fing22__00001000__s0037.wav,0.004053954500705004,0.23882289230823517,0.6254076361656189,0.6406971216201782,0.8264698386192322,0.5461516976356506
tele_neck_pick11__00001000__s0051.wav,0.27004265785217285,0.28705134987831116,0.9295823574066162,0.7555968761444092,0.916336178779602,0.8732343316078186
les_neck_fing20__00001000__s0010.wav,0.6944445967674255,0.7425239086151123,0.2816276550292969,0.40612950921058655,0.7227680683135986,0.7397370338439941
tele_neck_fing07__00001000__s0007.wav,0.7040555477142334,0.4142231047153473,0.2122878134250641,0.6175321936607361,0.2911829650402069,0.2641119658946991
les_bridge_fing06__00001000__s0046.wav,0.24846389889717102,0.2093224823474884,0.7393978834152222,0.8250002861022949,0.2934231758117676,0.5355284214019775
tele_neck_pick15__00001000__s0035.wav,0.3562581241130829,0.4822517931461334,0.36295583844184875,0.599047839641571,0.6965142488479614,0.6829478740692139
strat_bridge_pick11__00001000__s0025.wav,0.9699339866638184,0.7990905046463013,0.05744458734989166,0.5345867276191711,0.36486390233039856,0.27131959795951843
tele_neck_fing05__00001000__s0019.wav,0.8591217994689941,0.7479107975959778,0.9569525718688965,0.49751922488212585,0.43054041266441345,0.5515733957290649
tele_bridge_pick02__00001000__s0020.wav,0.11890749633312225,0.272754430770874,0.020791765302419662,0.5437185764312744,0.7247540354728699,0.13774758577346802
prs_bridge_pick17__00001000__s0053.wav,0.9302562475204468,0.5147173404693604,0.3718988001346588,0.4519931674003601,0.41375333070755005,0.2945241928100586
strat_neck_fing01__00001000__s0034.wav,0.572516918182373,0.7127625346183777,0.37947696447372437,0.5195114016532898,0.4461503028869629,0.3627629280090332
tele_neck_pick01__00001000__s0044.wav,0.030342765152454376,0.09378530830144882,0.10508256405591965,0.2210206687450409,0.4588851034641266,0.6460027694702148
tele_neck_pick22__00001000__s0039.wav,0.06622771918773651,0.08194419741630554,0.4212798476219177,0.20037227869033813,0.5435082912445068,0.20310688018798828
les_neck_pick24__00001000__s0020.wav,0.6202314496040344,0.6842108368873596,0.7002767324447632,0.6927013993263245,0.9170685410499573,0.9106161594390869
prs_bridge_pick13__00001000__s0040.wav,0.24118340015411377,0.21766212582588196,0.89593505859375,0.8798738718032837,0.8766749501228333,0.8561481237411499
prs_bridge_pick25__00001000__s0010.wav,0.15417033433914185,0.1581133008003235,0.07522127777338028,0.3374945819377899,0.35588037967681885,0.5481784343719482
strat_neck_pick07__00001000__s0033.wav,0.1861756294965744,0.2806949317455292,0.5755493640899658,0.649177074432373,0.3936441242694855,0.5272520780563354
prs_neck_pick02__00001000__s0016.wav,0.6934919953346252,0.7387241721153259,0.5293160080909729,0.2591337263584137,0.7973438501358032,0.7483497262001038
prs_bridge_fing09__00001000__s0021.wav,0.013224177993834019,0.08235704153776169,0.7033032178878784,0.6482896208763123,0.6119476556777954,0.3293655514717102
les_neck_fing24__00001000__s0022.wav,0.5706948637962341,0.7860089540481567,0.39593249559402466,0.7448270320892334,0.29572373628616333,0.47242873907089233
strat_bridge_fing10__00001000__s0036.wav,0.6209681630134583,0.5776543617248535,0.4831826686859131,0.5499245524406433,0.6402367949485779,0.5955134034156799
tele_bridge_fing19__00001000__s0017.wav,0.4743785858154297,0.3832276165485382,0.278759241104126,0.5057708621025085,0.4876869022846222,0.4088200032711029
strat_bridge_fing13__00001000__s0025.wav,0.18198879063129425,0.2860349416732788,0.3379610776901245,0.5609424710273743,0.510478138923645,0.45202624797821045
tele_neck_fing10__00001000__s0002.wav,0.6480643153190613,0.4448387026786804,0.6279729008674622,0.21223987638950348,0.013297880999743938,0.04357047379016876
les_bridge_fing04__00001000__s0032.wav,0.7263084650039673,0.7787801027297974,0.44787728786468506,0.554783046245575,0.466511070728302,0.27568319439888
les_neck_fing12__00001000__s0045.wav,0.09002236276865005,0.15986253321170807,0.4012814462184906,0.47569429874420166,0.7372773289680481,0.5782267451286316
tele_bridge_fing11__00001000__s0044.wav,0.576644778251648,0.5733222365379333,0.25235986709594727,0.5876933932304382,0.9087573885917664,0.8654752373695374
prs_bridge_fing14__00001000__s0000.wav,0.7920591831207275,0.6626725792884827,0.9157735109329224,0.7087283730506897,0.7226916551589966,0.6439957618713379
strat_bridge_fing23__00001000__s0025.wav,0.520025372505188,0.30933666229248047,0.003917507827281952,0.11483889073133469,0.5152220129966736,0.600613534450531
tele_bridge_pick08__00001000__s0002.wav,0.7457154393196106,0.6405466794967651,0.721329391002655,0.669889509677887,0.16618579626083374,0.16892948746681213
tele_neck_pick13__00001000__s0049.wav,0.7255464196205139,0.7137633562088013,0.6473538875579834,0.7065114378929138,0.1326109915971756,0.4262942969799042
les_bridge_fing07__00001000__s0009.wav,0.923941433429718,0.9091233015060425,0.2803695797920227,0.24683637917041779,0.9005053639411926,0.8746904134750366
tele_bridge_fing08__00001000__s0025.wav,0.09837084263563156,0.46393585205078125,0.34553706645965576,0.7404438257217407,0.10605381429195404,0.2251124382019043
les_neck_fing05__00001000__s0023.wav,0.530110239982605,0.43708229064941406,0.37717050313949585,0.5092146396636963,0.1582443118095398,0.25629299879074097
les_neck_pick10__00001000__s0000.wav,0.7776389718055725,0.6038506627082825,0.17734558880329132,0.5219095945358276,0.48990166187286377,0.5621501803398132
strat_neck_fing17__00001000__s0030.wav,0.2958296835422516,0.43610531091690063,0.9734144806861877,0.5726665258407593,0.6018467545509338,0.6146970987319946
tele_bridge_pick04__00001000__s0012.wav,0.47225967049598694,0.3464674949645996,0.5253391265869141,0.5166490077972412,0.5743101835250854,0.5789170265197754
les_neck_fing06__00001000__s0045.wav,0.006054958328604698,0.07759782671928406,0.4404534101486206,0.48781222105026245,0.6238519549369812,0.6076399683952332
tele_bridge_pick22__00001000__s0008.wav,0.6722737550735474,0.6724194288253784,0.31352657079696655,0.6086820960044861,0.7792041897773743,0.7702620029449463
tele_neck_fing12__00001000__s0032.wav,0.19985331594944,0.281681090593338,0.37518075108528137,0.6207272410392761,0.710421085357666,0.5137137770652771
tele_neck_fing07__00001000__s0044.wav,0.6675424575805664,0.4090574383735657,0.3188030421733856,0.3702586889266968,0.10321353375911713,0.1315784454345703
strat_bridge_pick06__00001000__s0010.wav,0.2622010409832001,0.2775968611240387,0.7277876734733582,0.7670570015907288,0.6092641949653625,0.5168082118034363
prs_bridge_pick03__00001000__s0041.wav,0.6016198396682739,0.5729095935821533,0.6332980394363403,0.30804958939552307,0.23586876690387726,0.30170100927352905
prs_bridge_fing11__00001000__s0021.wav,0.8790274262428284,0.9293686747550964,0.49940353631973267,0.5379658937454224,0.43542519211769104,0.548015296459198
les_neck_pick12__00001000__s0035.wav,0.5451854467391968,0.3939690887928009,0.9367729425430298,0.6607625484466553,0.20481538772583008,0.17904610931873322
les_bridge_fing13__00001000__s0053.wav,0.9948247671127319,0.6759302020072937,0.355755478143692,0.6480334997177124,0.4911682903766632,0.2918536961078644
tele_neck_pick07__00001000__s0027.wav,0.7846440076828003,0.6545733213424683,0.7430168390274048,0.6043024659156799,0.5577454566955566,0.6481055617332458
prs_bridge_fing16__00001000__s0015.wav,0.5615271925926208,0.3786610960960388,0.3182191848754883,0.4097234010696411,0.08972254395484924,0.19275254011154175
tele_bridge_fing15__00001000__s0000.wav,0.16534718871116638,0.361841082572937,0.40245112776756287,0.3744446933269501,0.6911163330078125,0.6170039176940918
strat_bridge_pick14__00001000__s0050.wav,0.1399664729833603,0.11204281449317932,0.18368493020534515,0.40576717257499695,0.3238481879234314,0.4850875735282898
tele_bridge_pick11__00001000__s0012.wav,0.7445322871208191,0.6391010880470276,0.8086042404174805,0.7608184218406677,0.7131850123405457,0.5616012215614319
prs_bridge_pick22__00001000__s0002.wav,0.39936304092407227,0.47659003734588623,0.16191934049129486,0.3734501600265503,0.8525055646896362,0.7664589881896973
les_neck_fing09__00001000__s0017.wav,0.2724551856517792,0.40834522247314453,0.294726699590683,0.12886986136436462,0.3870006799697876,0.4646603465080261
strat_neck_fing25__00001000__s0013.wav,0.5239766836166382,0.6507917642593384,0.7939326763153076,0.7704038023948669,0.255288302898407,0.5108625888824463
strat_bridge_fing14__00001000__s0054.wav,0.970245897769928,0.8548923134803772,0.9722167253494263,0.7776816487312317,0.51381516456604,0.39886799454689026
tele_bridge_pick20__00001000__s0007.wav,0.2541519105434418,0.24174445867538452,0.5358160138130188,0.765422523021698,0.8475509285926819,0.781690776348114
tele_neck_pick19__00001000__s0028.wav,0.07959748804569244,0.030800223350524902,0.8909705877304077,0.5269061326980591,0.22715526819229126,0.43599405884742737
prs_bridge_pick07__00001000__s0010.wav,0.7376997470855713,0.8371370434761047,0.8879286646842957,0.5028344988822937,0.1686246544122696,0.22043468058109283
tele_neck_fing16__00001000__s0022.wav,0.06605561822652817,0.28543025255203247,0.9179229736328125,0.5398094654083252,0.08474435657262802,0.23428431153297424
prs_bridge_fing19__00001000__s0039.wav,0.5096408128738403,0.4152206480503082,0.14975473284721375,0.6237403750419617,0.3986589014530182,0.2262841910123825
strat_neck_fing14__00001000__s0051.wav,0.8636505007743835,0.8432228565216064,0.5911896824836731,0.5408450961112976,0.17382332682609558,0.5201370716094971
les_neck_fing05__00001000__s0011.wav,0.9517447352409363,0.9302466511726379,0.20083384215831757,0.7266177535057068,0.6923310160636902,0.6529129147529602
prs_neck_pick19__00001000__s0049.wav,0.75199294090271,0.8727661967277527,0.6323615312576294,0.23593519628047943,0.1739685982465744,0.21541787683963776
tele_bridge_pick08__00001000__s0016.wav,0.16381116211414337,0.32321661710739136,0.7094110250473022,0.49190181493759155,0.02337208203971386,0.079708032310009
prs_bridge_fing15__00001000__s0034.wav,0.6182950139045715,0.45066872239112854,0.464470773935318,0.4242790639400482,0.08864619582891464,0.22606825828552246
les_bridge_pick04__00001000__s0031.wav,0.5847116112709045,0.7094183564186096,0.6683261394500732,0.679267406463623,0.5598700046539307,0.5154390335083008
strat_neck_fing13__00001000__s0050.wav,0.6058270931243896,0.49209317564964294,0.543724000453949,0.6729665994644165,0.6005792021751404,0.5295505523681641
prs_neck_pick14__00001000__s0000.wav,0.9742884039878845,0.7458099722862244,0.26787301898002625,0.6732833981513977,0.6354184746742249,0.47603246569633484
strat_neck_fing25__00001000__s0031.wav,0.020622732117772102,0.12880036234855652,0.6216858625411987,0.6284230351448059,0.20256495475769043,0.32781147956848145
prs_bridge_pick15__00001000__s0000.wav,0.344256728887558,0.35852813720703125,0.18921120464801788,0.1443326771259308,0.9727221727371216,0.9144637584686279
tele_neck_fing05__00001000__s0024.wav,0.29304128885269165,0.5806851983070374,0.8117429614067078,0.5440700650215149,0.48705801367759705,0.7951620817184448
les_neck_fing12__00001000__s0005.wav,0.12559816241264343,0.19972054660320282,0.9652490019798279,0.8696051836013794,0.23629814386367798,0.4156496524810791
strat_bridge_pick06__00001000__s0007.wav,0.056064020842313766,0.07400056719779968,0.6125845313072205,0.5414355397224426,0.29892629384994507,0.36589938402175903
les_neck_pick06__00001000__s0048.wav,0.8159938454627991,0.5428633093833923,0.718226969242096,0.1884622424840927,0.24871867895126343,0.25209689140319824
strat_bridge_pick20__00001000__s0031.wav,0.9938679933547974,0.8877123594284058,0.6388692855834961,0.6491920351982117,0.8767138719558716,0.8449668884277344
les_neck_pick25__00001000__s0028.wav,0.35372689366340637,0.7200551629066467,0.6240970492362976,0.4371451437473297,0.43519076704978943,0.4991651475429535
les_neck_fing02__00001000__s0020.wav,0.1952497810125351,0.7716224193572998,0.12577424943447113,0.6047403216362,0.02749577723443508,0.05775436386466026
tele_neck_pick10__00001000__s0043.wav,0.1768636554479599,0.12108547240495682,0.9136300086975098,0.678030252456665,0.7082420587539673,0.47141116857528687
les_neck_pick02__00001000__s0002.wav,0.008235154673457146,0.03873575106263161,0.9228671193122864,0.6584860682487488,0.8749583959579468,0.5597965121269226
prs_bridge_fing21__00001000__s0040.wav,0.6492276787757874,0.5765879154205322,0.719506025314331,0.6144943833351135,0.7727247476577759,0.5997506976127625
tele_neck_pick18__00001000__s0013.wav,0.4268542528152466,0.32271790504455566,0.6177231073379517,0.7383409142494202,0.7706650495529175,0.7564969658851624
strat_bridge_fing24__00001000__s0051.wav,0.9277938604354858,0.8012745380401611,0.7221794724464417,0.6255728602409363,0.25706836581230164,0.2518751621246338
tele_bridge_pick03__00001000__s0023.wav,0.7551044225692749,0.7605701684951782,0.19562597572803497,0.6145943403244019,0.12362458556890488,0.08641635626554489
strat_bridge_pick13__00001000__s0037.wav,0.5790455341339111,0.6877139210700989,0.6911268830299377,0.7613989114761353,0.5632134079933167,0.6227172017097473
tele_neck_pick11__00001000__s0007.wav,0.6489357948303223,0.5423180460929871,0.020535817369818687,0.608055055141449,0.5534324049949646,0.23224668204784393
les_neck_fing12__00001000__s0002.wav,0.42818328738212585,0.747420072555542,0.11496152728796005,0.19077523052692413,0.10187603533267975,0.2647203505039215
strat_bridge_fing19__00001000__s0039.wav,0.22015412151813507,0.29201680421829224,0.8848807215690613,0.8072605133056641,0.36728230118751526,0.40205302834510803
strat_bridge_fing04__00001000__s0050.wav,0.6101931929588318,0.5547749996185303,0.34852033853530884,0.3747226893901825,0.20387716591358185,0.27494075894355774
prs_bridge_fing06__00001000__s0030.wav,0.8447225689888,0.8930191993713379,0.5823900699615479,0.2797897160053253,0.5862359404563904,0.45873308181762695
strat_neck_pick06__00001000__s0012.wav,0.35232093930244446,0.40411773324012756,0.3770270049571991,0.6205010414123535,0.04993932321667671,0.06448360532522202
tele_neck_fing23__00001000__s0004.wav,0.2987086772918701,0.26402929425239563,0.8348449468612671,0.6102814078330994,0.6336809396743774,0.6312549114227295
strat_bridge_fing06__00001000__s0025.wav,0.36228716373443604,0.32489171624183655,0.1214991882443428,0.09528592973947525,0.9148585796356201,0.5809539556503296
prs_bridge_fing10__00001000__s0028.wav,0.1345045268535614,0.5052216053009033,0.19374553859233856,0.16749690473079681,0.06846743077039719,0.24620036780834198
strat_neck_fing14__00001000__s0020.wav,0.3779001832008362,0.6285500526428223,0.4407123327255249,0.7168164849281311,0.27535387873649597,0.26500755548477173
les_bridge_pick08__00001000__s0015.wav,0.057550374418497086,0.027049604803323746,0.46164068579673767,0.4602658152580261,0.6357340216636658,0.7600305080413818
les_neck_fing18__00001000__s0026.wav,0.720641553401947,0.6605585813522339,0.38427218794822693,0.40264788269996643,0.9951052069664001,0.9739704728126526
strat_bridge_fing20__00001000__s0046.wav,0.6730373501777649,0.7670087218284607,0.1418011635541916,0.5490322113037109,0.8387157320976257,0.6800883412361145
strat_bridge_pick20__00001000__s0036.wav,0.55253005027771,0.6321885585784912,0.5226143598556519,0.5658140182495117,0.28260475397109985,0.7235491871833801
les_bridge_fing21__00001000__s0002.wav,0.14569777250289917,0.13355766236782074,0.904787003993988,0.9054173231124878,0.7609990835189819,0.7236999869346619
les_bridge_fing07__00001000__s0005.wav,0.848034143447876,0.649361789226532,0.6582717895507812,0.7499839067459106,0.27941378951072693,0.24491988122463226
prs_neck_pick20__00001000__s0005.wav,0.3293469250202179,0.4374167323112488,0.3389383554458618,0.35119450092315674,0.06818962097167969,0.09433513879776001
strat_bridge_pick13__00001000__s0035.wav,0.12578187882900238,0.24683387577533722,0.23490570485591888,0.16581124067306519,0.508140504360199,0.28684866428375244
les_neck_fing17__00001000__s0007.wav,0.6348774433135986,0.2104852795600891,0.5607191920280457,0.15566036105155945,0.00586659787222743,0.0561688132584095
les_bridge_fing13__00001000__s0024.wav,0.3340598940849304,0.5667909979820251,0.5250601768493652,0.4822198152542114,0.8310074210166931,0.9010857343673706
tele_bridge_fing11__00001000__s0034.wav,0.023479849100112915,0.08452756702899933,0.2438906878232956,0.38598573207855225,0.7810417413711548,0.6821166276931763
les_neck_fing11__00001000__s0009.wav,0.3261054754257202,0.5229154825210571,0.9389846324920654,0.4568350613117218,0.7156144976615906,0.8363450169563293
tele_neck_pick17__00001000__s0000.wav,0.8410070538520813,0.7826820611953735,0.18793225288391113,0.39338773488998413,0.3542289733886719,0.36096522212028503
prs_neck_fing21__00001000__s0039.wav,0.41751596331596375,0.4648692309856415,0.09550456702709198,0.14054569602012634,0.9300876259803772,0.8931894898414612
tele_bridge_pick04__00001000__s0002.wav,0.6271809935569763,0.5780808925628662,0.1367727816104889,0.7092448472976685,0.531514585018158,0.5336337089538574
strat_bridge_fing21__00001000__s0044.wav,0.4872656464576721,0.4517901539802551,0.8693249821662903,0.6692581176757812,0.1668720245361328,0.26652511954307556
strat_bridge_fing24__00001000__s0011.wav,0.2271326333284378,0.3658393919467926,0.07134238630533218,0.312162846326828,0.8831712603569031,0.6112312078475952
les_bridge_fing04__00001000__s0040.wav,0.10712803155183792,0.10470476001501083,0.9509058594703674,0.8835991621017456,0.4530606269836426,0.42079293727874756
les_bridge_fing20__00001000__s0023.wav,0.34499257802963257,0.363553911447525,0.49703794717788696,0.6316846609115601,0.9835784435272217,0.9608001112937927
tele_neck_pick19__00001000__s0009.wav,0.22665975987911224,0.18631574511528015,0.8253546953201294,0.6822989583015442,0.3885173201560974,0.3571465313434601
strat_neck_fing07__00001000__s0010.wav,0.21412299573421478,0.3202413320541382,0.7010757327079773,0.5337892174720764,0.8033000230789185,0.5919683575630188
tele_neck_pick24__00001000__s0042.wav,0.01777605712413788,0.06434489786624908,0.5528951287269592,0.6653773784637451,0.42513126134872437,0.5384165644645691
prs_bridge_fing05__00001000__s0024.wav,0.15437361598014832,0.15168297290802002,0.34384316205978394,0.49410882592201233,0.22997738420963287,0.11835889518260956
strat_neck_fing06__00001000__s0033.wav,0.7020499110221863,0.6518806219100952,0.9556524753570557,0.8025642037391663,0.34903693199157715,0.38137513399124146
tele_neck_fing13__00001000__s0045.wav,0.6679777503013611,0.47706207633018494,0.7228283286094666,0.6614733338356018,0.43503642082214355,0.5386658310890198
tele_bridge_pick15__00001000__s0011.wav,0.6337930560112,0.518424391746521,0.49726179242134094,0.45956504344940186,0.2608412206172943,0.39544856548309326
strat_bridge_fing09__00001000__s0032.wav,0.20807833969593048,0.36060258746147156,0.18607503175735474,0.49251511693000793,0.4769611060619354,0.5184646844863892
prs_bridge_fing13__00001000__s0014.wav,0.6373792886734009,0.32817432284355164,0.41139107942581177,0.4081741273403168,0.6232304573059082,0.6131871938705444
prs_neck_pick19__00001000__s0055.wav,0.2884579002857208,0.31060752272605896,0.03742596134543419,0.21784956753253937,0.5972408652305603,0.334331750869751
prs_bridge_pick21__00001000__s0051.wav,0.06429362297058105,0.1349293738603592,0.6797226667404175,0.8640751838684082,0.7623007893562317,0.5927414894104004
strat_bridge_fing24__00001000__s0043.wav,0.26782140135765076,0.22390103340148926,0.06304187327623367,0.2655181586742401,0.678404688835144,0.5354586839675903
tele_bridge_fing16__00001000__s0015.wav,0.6955074071884155,0.669070303440094,0.5861475467681885,0.6831570863723755,0.6198318004608154,0.7063196301460266
strat_neck_fing18__00001000__s0025.wav,0.11643170565366745,0.5933883190155029,0.3814431130886078,0.24509166181087494,0.16332057118415833,0.3256732225418091
les_neck_fing20__00001000__s0023.wav,0.4495171010494232,0.5395672917366028,0.592130720615387,0.6567481756210327,0.4246613383293152,0.4137353301048279
tele_bridge_fing09__00001000__s0042.wav,0.019308393821120262,0.026372959837317467,0.9454825520515442,0.8479329347610474,0.22889842092990875,0.5614837408065796
prs_neck_fing12__00001000__s0023.wav,0.7002437710762024,0.6467685699462891,0.9143434166908264,0.7665490508079529,0.6699138879776001,0.5741398334503174
les_neck_fing22__00001000__s0052.wav,0.19491448998451233,0.4384491741657257,0.7255348563194275,0.4001607596874237,0.09592326730489731,0.2607341408729553
tele_bridge_pick12__00001000__s0021.wav,0.8531696200370789,0.6504667401313782,0.11651584506034851,0.43160244822502136,0.9094635248184204,0.8559625744819641
tele_bridge_fing19__00001000__s0012.wav,0.1707744598388672,0.2725333273410797,0.7359131574630737,0.44179120659828186,0.2335294485092163,0.2816731631755829
les_bridge_fing22__00001000__s0051.wav,0.2696629762649536,0.23662404716014862,0.3440539836883545,0.26534467935562134,0.028467265889048576,0.10085444152355194
les_neck_fing12__00001000__s0047.wav,0.8248761892318726,0.6965133547782898,0.9539146423339844,0.3255743086338043,0.912927508354187,0.8762220144271851
tele_bridge_fing22__00001000__s0042.wav,0.9090246558189392,0.7686133980751038,0.9236608743667603,0.5547125935554504,0.12349379062652588,0.08051177114248276
les_neck_fing13__00001000__s0029.wav,0.5885291695594788,0.5470590591430664,0.9104857444763184,0.796233057975769,0.5979686379432678,0.7484918236732483
prs_neck_pick15__00001000__s0014.wav,0.3168625831604004,0.34595412015914917,0.4211633801460266,0.40366992354393005,0.7604451775550842,0.5496334433555603
tele_bridge_pick24__00001000__s0047.wav,0.0045666745863854885,0.09696637839078903,0.7273609638214111,0.5894736647605896,0.5969197154045105,0.4476071000099182
prs_neck_fing20__00001000__s0048.wav,0.5074170827865601,0.5977065563201904,0.9509280920028687,0.7320765256881714,0.16183993220329285,0.44073185324668884
strat_neck_pick25__00001000__s0002.wav,0.5301311612129211,0.9708678126335144,0.696887195110321,0.272155225276947,0.01702934131026268,0.1289631724357605
tele_bridge_pick12__00001000__s0041.wav,0.9697152972221375,0.9092404842376709,0.11400999128818512,0.637763500213623,0.7615439295768738,0.727098286151886
strat_bridge_fing19__00001000__s0008.wav,0.22139392793178558,0.19016626477241516,0.8486637473106384,0.6625947952270508,0.18789991736412048,0.40206316113471985
strat_neck_pick04__00001000__s0053.wav,0.8822418451309204,0.6693151593208313,0.06611771136522293,0.4688691794872284,0.05724649876356125,0.08971234411001205
strat_neck_fing21__00001000__s0017.wav,0.4204545021057129,0.7168964147567749,0.7837669253349304,0.8418125510215759,0.40341198444366455,0.5299509763717651
prs_bridge_pick19__00001000__s0000.wav,0.3931799530982971,0.42906707525253296,0.35745203495025635,0.2382020801305771,0.07612597197294235,0.05614730715751648
strat_bridge_pick23__00001000__s0039.wav,0.7079052329063416,0.7458127737045288,0.21353429555892944,0.18273043632507324,0.6636683940887451,0.5398325324058533
les_neck_pick05__00001000__s0038.wav,0.3922719955444336,0.3987801969051361,0.01868741773068905,0.17872674763202667,0.5152234435081482,0.5378934741020203
les_neck_pick22__00001000__s0015.wav,0.4360591173171997,0.4862656593322754,0.2588020861148834,0.1758567839860916,0.9955218434333801,0.9633451104164124
strat_bridge_pick16__00001000__s0037.wav,0.20944346487522125,0.915228545665741,0.09819062799215317,0.5181692242622375,0.0065731569193303585,0.23798981308937073
les_neck_pick23__00001000__s0053.wav,0.1595386564731598,0.06176302582025528,0.5275949835777283,0.2244890034198761,0.8024903535842896,0.7636452317237854
prs_bridge_fing06__00001000__s0013.wav,0.07836461067199707,0.23386983573436737,0.7164227366447449,0.3431345820426941,0.005165856797248125,0.06147858500480652
prs_bridge_fing01__00001000__s0010.wav,0.08102896064519882,0.1423853635787964,0.27427518367767334,0.1731615513563156,0.24372321367263794,0.29355135560035706
prs_neck_pick01__00001000__s0006.wav,0.12070758640766144,0.2682686150074005,0.17240461707115173,0.3021587133407593,0.4911678433418274,0.8048112392425537
prs_bridge_pick09__00001000__s0029.wav,0.8204935789108276,0.7543768286705017,0.9068133234977722,0.3605786859989166,0.4183383285999298,0.31246596574783325
tele_bridge_pick17__00001000__s0038.wav,0.6523038148880005,0.7635635733604431,0.3120819330215454,0.17232507467269897,0.20415207743644714,0.1184329241514206
les_bridge_pick17__00001000__s0012.wav,0.7969995141029358,0.7089384198188782,0.4780096709728241,0.6307080984115601,0.48624080419540405,0.29544952511787415
les_neck_fing24__00001000__s0009.wav,0.5977570414543152,0.7144899368286133,0.38297978043556213,0.5260738730430603,0.13359549641609192,0.36391162872314453
strat_neck_fing11__00001000__s0032.wav,0.3471020758152008,0.45874834060668945,0.23063160479068756,0.1625269502401352,0.7318767309188843,0.46849703788757324
tele_neck_fing03__00001000__s0013.wav,0.9648672342300415,0.5938054919242859,0.8123314380645752,0.42275723814964294,0.7644092440605164,0.7951474189758301
tele_neck_fing16__00001000__s0032.wav,0.7582265734672546,0.6116107106208801,0.12683504819869995,0.39900320768356323,0.7343488335609436,0.5961418151855469
prs_bridge_pick22__00001000__s0019.wav,0.7324798107147217,0.4805203974246979,0.43431881070137024,0.33297961950302124,0.2126295566558838,0.10086746513843536
tele_bridge_pick02__00001000__s0054.wav,0.16369204223155975,0.3667084872722626,0.9981913566589355,0.83619225025177,0.4767381548881531,0.41193512082099915
les_neck_pick07__00001000__s0055.wav,0.5590974688529968,0.30064648389816284,0.46174612641334534,0.14651156961917877,0.27091988921165466,0.3539808392524719
les_neck_fing09__00001000__s0013.wav,0.26337963342666626,0.3978145122528076,0.6211825013160706,0.6714892387390137,0.9490424394607544,0.8597363829612732
tele_neck_pick13__00001000__s0054.wav,0.7116960287094116,0.49333062767982483,0.26181185245513916,0.1896813064813614,0.40395388007164,0.3699319660663605
les_bridge_pick17__00001000__s0027.wav,0.7582112550735474,0.4480329155921936,0.6781411170959473,0.3461317718029022,0.2231653779745102,0.3072604835033417
les_neck_fing02__00001000__s0006.wav,0.19643139839172363,0.28610849380493164,0.8959143757820129,0.7313158512115479,0.8147927522659302,0.7755721211433411
les_neck_pick19__00001000__s0019.wav,0.2607426643371582,0.26279720664024353,0.0743969976902008,0.2701694369316101,0.23732402920722961,0.3013820946216583
tele_bridge_pick21__00001000__s0055.wav,0.901035726070404,0.9236157536506653,0.9210419654846191,0.654140830039978,0.9836981296539307,0.9646977186203003
tele_bridge_fing23__00001000__s0044.wav,0.5408998727798462,0.5671817660331726,0.14503639936447144,0.1645819991827011,0.6001729965209961,0.3277687132358551
les_neck_pick13__00001000__s0012.wav,0.007540356367826462,0.21983471512794495,0.29342955350875854,0.35469019412994385,0.3526630997657776,0.35340461134910583
strat_neck_fing03__00001000__s0011.wav,0.6398714184761047,0.6296564340591431,0.5122913718223572,0.620684802532196,0.9599452018737793,0.9599657654762268
tele_bridge_fing02__00001000__s0015.wav,0.2514275014400482,0.3456849455833435,0.9072110056877136,0.6554261445999146,0.178786963224411,0.499774307012558
prs_neck_pick17__00001000__s0004.wav,0.5976129174232483,0.4234605133533478,0.9773962497711182,0.6464350819587708,0.33758291602134705,0.48297247290611267
tele_neck_fing07__00001000__s0005.wav,0.3351537585258484,0.19950668513774872,0.4899401068687439,0.6685441136360168,0.4058096408843994,0.241370290517807
tele_bridge_pick10__00001000__s0042.wav,0.3417130410671234,0.42767372727394104,0.26359543204307556,0.5681848526000977,0.47868096828460693,0.3514477610588074
les_bridge_fing22__00001000__s0025.wav,0.06671599298715591,0.04551465064287186,0.5192105770111084,0.3120223879814148,0.7684435844421387,0.8671538829803467
tele_bridge_fing22__00001000__s0045.wav,0.1112450510263443,0.09627189487218857,0.35069116950035095,0.20835654437541962,0.41539156436920166,0.820013701915741
tele_bridge_pick01__00001000__s0054.wav,0.8478537797927856,0.5623096227645874,0.4878963232040405,0.36729714274406433,0.3921947181224823,0.47773221135139465
les_bridge_fing22__00001000__s0006.wav,0.5969144105911255,0.7353507876396179,0.5729693174362183,0.6819108128547668,0.1744401901960373,0.19994767010211945
strat_bridge_fing04__00001000__s0010.wav,0.4190467596054077,0.5734277367591858,0.40349745750427246,0.8069731593132019,0.2594406306743622,0.17341843247413635
les_bridge_pick24__00001000__s0010.wav,0.9311105012893677,0.8671793341636658,0.8686005473136902,0.7417511940002441,0.5781625509262085,0.5345984101295471
les_bridge_fing18__00001000__s0019.wav,0.9560267925262451,0.876828134059906,0.1642502248287201,0.339743047952652,0.18181802332401276,0.11340358108282089
prs_bridge_pick14__00001000__s0052.wav,0.21291084587574005,0.23040470480918884,0.12697464227676392,0.39460062980651855,0.8553577661514282,0.6008800864219666
les_bridge_fing04__00001000__s0042.wav,0.5455477237701416,0.5411866307258606,0.440996915102005,0.3808932602405548,0.14809578657150269,0.09277471154928207
les_neck_fing19__00001000__s0039.wav,0.5874883532524109,0.44806885719299316,0.45304620265960693,0.2861734926700592,0.4582766592502594,0.5822426080703735
strat_neck_fing02__00001000__s0005.wav,0.13395513594150543,0.40673038363456726,0.16501577198505402,0.19210900366306305,0.3094169795513153,0.1938616782426834
prs_bridge_pick17__00001000__s0018.wav,0.01861538551747799,0.01034017838537693,0.7530465126037598,0.8388104438781738,0.8848692178726196,0.7427130341529846
strat_neck_pick02__00001000__s0026.wav,0.21722634136676788,0.022037018090486526,0.9345815777778625,0.9066779017448425,0.6303480267524719,0.8392916321754456
les_bridge_fing08__00001000__s0032.wav,0.873868465423584,0.6332665085792542,0.020698439329862595,0.2645995020866394,0.17270615696907043,0.10030007362365723
les_neck_fing06__00001000__s0048.wav,0.9301525950431824,0.9457806348800659,0.9648323655128479,0.689332127571106,0.6122111678123474,0.6412479281425476
strat_bridge_fing04__00001000__s0021.wav,0.9372319579124451,0.4857634902000427,0.8540547490119934,0.7584521174430847,0.36057811975479126,0.2504338026046753
les_bridge_pick10__00001000__s0036.wav,0.008582772687077522,0.018299173563718796,0.6480892300605774,0.5495666861534119,0.8238827586174011,0.7742717862129211
prs_neck_pick01__00001000__s0029.wav,0.5982747673988342,0.5802822113037109,0.5681453943252563,0.7793508172035217,0.8634810447692871,0.8856481909751892
strat_neck_fing14__00001000__s0008.wav,0.7383114099502563,0.652479887008667,0.6975610852241516,0.5173591375350952,0.11660780012607574,0.16449666023254395
prs_bridge_fing13__00001000__s0034.wav,0.2241668701171875,0.2526390254497528,0.727725625038147,0.7663665413856506,0.36482715606689453,0.43376028537750244
tele_neck_fing22__00001000__s0031.wav,0.35163944959640503,0.18764320015907288,0.7744483351707458,0.7455983757972717,0.8427421450614929,0.8716512322425842
prs_bridge_pick22__00001000__s0022.wav,0.2545158267021179,0.31338706612586975,0.49254441261291504,0.1694042831659317,0.8561564683914185,0.9259697198867798
les_bridge_pick02__00001000__s0033.wav,0.11405634135007858,0.4048553705215454,0.12164334952831268,0.43672770261764526,0.3274831175804138,0.1876065582036972
tele_bridge_fing06__00001000__s0040.wav,0.5686720609664917,0.5239856243133545,0.9113876223564148,0.7688507437705994,0.6184062361717224,0.6091472506523132
strat_bridge_pick25__00001000__s0051.wav,0.8209056258201599,0.8954403400421143,0.8806785345077515,0.8271193504333496,0.3113993704319,0.20507384836673737
tele_bridge_fing06__00001000__s0033.wav,0.4704013764858246,0.5390897393226624,0.5701627135276794,0.512719988822937,0.7188410758972168,0.7253749370574951
les_bridge_fing15__00001000__s0028.wav,0.08644113689661026,0.4815065562725067,0.04920365661382675,0.3252536952495575,0.16345961391925812,0.41152364015579224
strat_bridge_fing13__00001000__s0024.wav,0.7939085364341736,0.8004395365715027,0.9525909423828125,0.7167643308639526,0.37195253372192383,0.46532142162323
strat_bridge_pick22__00001000__s0025.wav,0.10383526980876923,0.08817832916975021,0.7057388424873352,0.8885191679000854,0.998616635799408,0.9435938596725464
strat_neck_fing09__00001000__s0023.wav,0.4238607585430145,0.4166594445705414,0.1736356019973755,0.5123772025108337,0.5323627591133118,0.3560138940811157
prs_bridge_fing05__00001000__s0022.wav,0.8339251279830933,0.7443268299102783,0.8453254103660583,0.1493956297636032,0.10857908427715302,0.2744423747062683
strat_neck_pick08__00001000__s0021.wav,0.6370598673820496,0.6069411039352417,0.2160658836364746,0.5113832354545593,0.7957215905189514,0.8099709153175354
prs_bridge_fing11__00001000__s0005.wav,0.6639336347579956,0.8411139845848083,0.2949950695037842,0.24193120002746582,0.016065966337919235,0.14036747813224792
les_bridge_fing17__00001000__s0049.wav,0.6878660321235657,0.7676553726196289,0.13868510723114014,0.2718798518180847,0.7750683426856995,0.8048545122146606
prs_bridge_fing21__00001000__s0030.wav,0.046187255531549454,0.139102503657341,0.5570072531700134,0.1604560911655426,0.932878851890564,0.8732718825340271
les_neck_fing19__00001000__s0013.wav,0.6181150078773499,0.5882865786552429,0.13292105495929718,0.5413304567337036,0.46682655811309814,0.5551523566246033
prs_neck_pick03__00001000__s0019.wav,0.35244935750961304,0.4720165431499481,0.950458824634552,0.5101245045661926,0.7866921424865723,0.671806812286377
prs_bridge_pick07__00001000__s0040.wav,0.5743588209152222,0.2944502830505371,0.07613424956798553,0.2219744473695755,0.4335706830024719,0.17290902137756348
tele_neck_fing14__00001000__s0035.wav,0.5664725303649902,0.5561059713363647,0.38916683197021484,0.7788507342338562,0.30781593918800354,0.16004058718681335
les_neck_pick25__00001000__s0026.wav,0.3705877959728241,0.34891775250434875,0.788327157497406,0.6215142011642456,0.2897944748401642,0.5401545166969299
strat_bridge_pick04__00001000__s0009.wav,0.7135704159736633,0.6849657893180847,0.9908015131950378,0.5729025602340698,0.3955191969871521,0.4814460575580597
les_bridge_pick16__00001000__s0012.wav,0.9553999900817871,0.8046346306800842,0.5193296074867249,0.5819966793060303,0.20306389033794403,0.11296933889389038
tele_bridge_pick14__00001000__s0033.wav,0.0825309306383133,0.27573782205581665,0.20934316515922546,0.3225014805793762,0.9943066835403442,0.8658331632614136
prs_neck_pick15__00001000__s0021.wav,0.686824381351471,0.6685078144073486,0.8324742913246155,0.5222342014312744,0.5975914001464844,0.6056525111198425
tele_neck_pick04__00001000__s0021.wav,0.15550929307937622,0.20788785815238953,0.4793667495250702,0.5282886028289795,0.3847140669822693,0.44992005825042725
les_bridge_pick14__00001000__s0043.wav,0.615370512008667,0.3595063090324402,0.23271217942237854,0.16250640153884888,0.06727660447359085,0.1992024928331375
les_neck_fing15__00001000__s0004.wav,0.011280028149485588,0.0800696313381195,0.9436867237091064,0.6171699166297913,0.21618688106536865,0.6924734711647034
strat_bridge_fing18__00001000__s0034.wav,0.8486731052398682,0.6998468041419983,0.06500808894634247,0.2218475043773651,0.31826692819595337,0.3643527925014496
strat_neck_pick22__00001000__s0008.wav,0.518798828125,0.4703826606273651,0.515755295753479,0.6177961826324463,0.49964845180511475,0.4830356240272522
prs_neck_fing14__00001000__s0044.wav,0.7803894877433777,0.6469929814338684,0.5384308099746704,0.8020114302635193,0.6573231816291809,0.8096252679824829
strat_neck_fing01__00001000__s0024.wav,0.751485288143158,0.872749924659729,0.8045258522033691,0.5563928484916687,0.3410312533378601,0.5540271401405334
tele_neck_fing05__00001000__s0015.wav,0.5541791915893555,0.5626055002212524,0.8917330503463745,0.18952462077140808,0.08395159244537354,0.37029993534088135
tele_neck_pick07__00001000__s0018.wav,0.8534224629402161,0.6946514248847961,0.33073413372039795,0.2931676506996155,0.0829995796084404,0.09916495531797409
tele_neck_pick17__00001000__s0050.wav,0.8400838971138,0.9101566672325134,0.33586955070495605,0.45720434188842773,0.6810158491134644,0.6385053396224976
prs_neck_pick05__00001000__s0038.wav,0.47623416781425476,0.49551787972450256,0.8174660205841064,0.5295541882514954,0.6232299208641052,0.5338923931121826
tele_neck_fing09__00001000__s0022.wav,0.6203529238700867,0.5005205273628235,0.10495909303426743,0.13875716924667358,0.5231571793556213,0.31528347730636597
prs_neck_pick16__00001000__s0016.wav,0.3115992248058319,0.2880529761314392,0.5704982280731201,0.663463294506073,0.345165491104126,0.5633357167243958
tele_bridge_fing04__00001000__s0049.wav,0.27245935797691345,0.5814775228500366,0.24769699573516846,0.2080581933259964,0.4976665675640106,0.25275829434394836
les_neck_pick17__00001000__s0032.wav,0.9491162896156311,0.6223794221878052,0.266012042760849,0.5399647951126099,0.12782076001167297,0.13537359237670898
strat_neck_pick15__00001000__s0019.wav,0.12142419070005417,0.11103098094463348,0.4403660297393799,0.5149758458137512,0.402631551027298,0.3853442370891571
les_neck_pick15__00001000__s0001.wav,0.9385038614273071,0.7713138461112976,0.7546632885932922,0.3332746624946594,0.007739926688373089,0.09724663197994232
tele_bridge_fing06__00001000__s0049.wav,0.4968985617160797,0.2899376153945923,0.14517612755298615,0.3484581410884857,0.27304407954216003,0.16229039430618286
les_bridge_fing10__00001000__s0008.wav,0.9440289735794067,0.6403012275695801,0.16750088334083557,0.6583858132362366,0.2149278223514557,0.25655144453048706
tele_bridge_fing16__00001000__s0036.wav,0.883089005947113,0.9042707085609436,0.10346096754074097,0.4453900456428528,0.6222981810569763,0.5406002998352051
tele_neck_fing21__00001000__s0003.wav,0.8857462406158447,0.9149128198623657,0.7519955635070801,0.8249744176864624,0.713965654373169,0.5486647486686707
les_neck_pick09__00001000__s0030.wav,0.24978826940059662,0.3352687656879425,0.20820844173431396,0.3811858892440796,0.6690334677696228,0.597402811050415
strat_bridge_fing05__00001000__s0040.wav,0.038022756576538086,0.03278583660721779,0.5708068609237671,0.11091919988393784,0.9661111831665039,0.6621748208999634
tele_bridge_fing12__00001000__s0010.wav,0.0999755859375,0.09473465383052826,0.9132840633392334,0.8774005174636841,0.4680232107639313,0.621412992477417
prs_bridge_pick18__00001000__s0017.wav,0.1021280437707901,0.12176651507616043,0.8141793012619019,0.7343266606330872,0.29036810994148254,0.6873589754104614
prs_neck_fing02__00001000__s0014.wav,0.20430468022823334,0.3832702934741974,0.42998167872428894,0.6944845914840698,0.20181185007095337,0.4531208574771881
strat_bridge_pick23__00001000__s0004.wav,0.5111842155456543,0.43477103114128113,0.3547399044036865,0.4667007625102997,0.9089199304580688,0.8480948805809021
tele_neck_fing18__00001000__s0014.wav,0.9986162185668945,0.6674437522888184,0.6410406827926636,0.26769620180130005,0.21995994448661804,0.10322412848472595
tele_neck_pick04__00001000__s0038.wav,0.33867397904396057,0.22103829681873322,0.38450679183006287,0.7546068429946899,0.4448317587375641,0.5168616771697998
tele_neck_fing05__00001000__s0047.wav,0.42401790618896484,0.6869515180587769,0.9051287174224854,0.24161957204341888,0.02908148616552353,0.236375629901886
tele_neck_pick02__00001000__s0030.wav,0.9172971248626709,0.8047505021095276,0.06349239498376846,0.3817850351333618,0.23436234891414642,0.3016478419303894
prs_neck_fing10__00001000__s0021.wav,0.10586738586425781,0.3169593811035156,0.12544472515583038,0.26648929715156555,0.4615311622619629,0.24486571550369263
strat_bridge_fing16__00001000__s0041.wav,0.6890434622764587,0.6806671023368835,0.6737783551216125,0.7273837327957153,0.8960838913917542,0.8481343984603882
prs_neck_fing02__00001000__s0027.wav,0.492701917886734,0.41481590270996094,0.7955971360206604,0.714892566204071,0.6705102920532227,0.6531025171279907
strat_neck_fing20__00001000__s0047.wav,0.34339645504951477,0.39864280819892883,0.493213951587677,0.7821589708328247,0.8374059796333313,0.8917535543441772
tele_bridge_pick09__00001000__s0048.wav,0.31783297657966614,0.34490564465522766,0.42095986008644104,0.7984314560890198,0.4689238965511322,0.40649136900901794
tele_bridge_pick01__00001000__s0052.wav,0.743918240070343,0.7834771871566772,0.6401640772819519,0.7409285306930542,0.46951043605804443,0.4275391101837158
prs_bridge_fing07__00001000__s0044.wav,0.09808032214641571,0.07632327824831009,0.29044023156166077,0.1852455884218216,0.5425941348075867,0.4022822082042694
prs_bridge_pick20__00001000__s0024.wav,0.7532463669776917,0.5262200832366943,0.2967904508113861,0.2973628640174866,0.4376787543296814,0.5219676494598389
les_bridge_pick12__00001000__s0045.wav,0.5265204906463623,0.4874039590358734,0.07284191250801086,0.3307526707649231,0.5786369442939758,0.48503127694129944
les_bridge_fing14__00001000__s0048.wav,0.005226845387369394,0.3212890625,0.5931779742240906,0.32839667797088623,0.9150189757347107,0.8522068858146667
tele_bridge_pick08__00001000__s0020.wav,0.2547408640384674,0.08092324435710907,0.19254086911678314,0.6141905188560486,0.5465510487556458,0.2557474672794342
strat_bridge_fing10__00001000__s0006.wav,0.0034320156555622816,0.12456218898296356,0.6253231763839722,0.4798815846443176,0.7446633577346802,0.6650294661521912
les_neck_fing25__00001000__s0012.wav,0.11998013406991959,0.18381313979625702,0.9065777063369751,0.7234092950820923,0.39175593852996826,0.3709610104560852
prs_bridge_fing12__00001000__s0012.wav,0.18706288933753967,0.12820962071418762,0.8872124552726746,0.7967194318771362,0.9714492559432983,0.930873453617096
tele_bridge_fing25__00001000__s0001.wav,0.28487852215766907,0.7720826864242554,0.47326964139938354,0.6273513436317444,0.03564530983567238,0.07655155658721924
prs_bridge_fing17__00001000__s0019.wav,0.27322354912757874,0.5958406329154968,0.3980906009674072,0.16786737740039825,0.6010851263999939,0.4609960615634918
strat_neck_fing10__00001000__s0022.wav,0.9370715022087097,0.8662294149398804,0.31409862637519836,0.5296789407730103,0.34868448972702026,0.1592700034379959
prs_neck_fing19__00001000__s0050.wav,0.8967867493629456,0.5634720921516418,0.7922256588935852,0.7774496078491211,0.5163062810897827,0.34861069917678833
strat_neck_pick12__00001000__s0004.wav,0.8742721676826477,0.8601769208908081,0.5231719613075256,0.6935222148895264,0.8526017069816589,0.8085620999336243
strat_neck_fing08__00001000__s0054.wav,0.6064208149909973,0.32486265897750854,0.9567669034004211,0.13847829401493073,0.06071564555168152,0.24255554378032684
les_neck_fing01__00001000__s0012.wav,0.8040304780006409,0.6063997149467468,0.8299917578697205,0.5140700340270996,0.07225301116704941,0.05688345804810524
strat_bridge_pick12__00001000__s0051.wav,0.6071123480796814,0.32225364446640015,0.9276866912841797,0.7588467001914978,0.761867105960846,0.6076996922492981
prs_bridge_pick09__00001000__s0033.wav,0.030956624075770378,0.08308836072683334,0.9721057415008545,0.8626314997673035,0.403821736574173,0.49172303080558777
strat_bridge_fing13__00001000__s0004.wav,0.4214687943458557,0.5581254959106445,0.9722729325294495,0.569176435470581,0.18721629679203033,0.3963552713394165
les_bridge_fing08__00001000__s0016.wav,0.4647362232208252,0.5008624792098999,0.6739963889122009,0.6360781788825989,0.22471550107002258,0.5361944437026978
les_neck_pick12__00001000__s0005.wav,0.6047208309173584,0.45809608697891235,0.06968298554420471,0.26211559772491455,0.6585240960121155,0.3725106120109558
strat_bridge_pick10__00001000__s0014.wav,0.10711129009723663,0.31414949893951416,0.8169803023338318,0.43198874592781067,0.03228038176894188,0.2408347874879837
les_neck_fing17__00001000__s0011.wav,0.39905455708503723,0.48854756355285645,0.4683241844177246,0.46980369091033936,0.5750178098678589,0.45872998237609863
les_bridge_fing22__00001000__s0021.wav,0.8419528007507324,0.8454954028129578,0.9595427513122559,0.47212493419647217,0.9607259631156921,0.9131397008895874
les_bridge_pick09__00001000__s0043.wav,0.9418326020240784,0.7667790651321411,0.34171879291534424,0.43209654092788696,0.3885580599308014,0.2830963134765625
les_neck_fing14__00001000__s0050.wav,0.9924300312995911,0.7742766737937927,0.736588716506958,0.7289353013038635,0.42211297154426575,0.2675679624080658
strat_neck_fing02__00001000__s0010.wav,0.7060893177986145,0.6125810742378235,0.30857008695602417,0.4145742356777191,0.6899318695068359,0.5898450016975403
les_neck_fing06__00001000__s0035.wav,0.9603945016860962,0.9580309391021729,0.743962287902832,0.47977113723754883,0.5346638560295105,0.5147339105606079
les_neck_fing01__00001000__s0051.wav,0.8578160405158997,0.6383900046348572,0.8848903775215149,0.6819252371788025,0.26002994179725647,0.5002008676528931
strat_neck_fing21__00001000__s0039.wav,0.4525803327560425,0.5507383346557617,0.09230922907590866,0.21080847084522247,0.7697769999504089,0.6597357392311096
tele_bridge_fing03__00001000__s0036.wav,0.7398185133934021,0.6900683641433716,0.5992912650108337,0.7381573915481567,0.9657166004180908,0.8393740653991699
les_bridge_fing10__00001000__s0050.wav,0.05802317336201668,0.09940845519304276,0.9886205792427063,0.8488638997077942,0.6636613607406616,0.5161021947860718
strat_neck_pick07__00001000__s0016.wav,0.6377954483032227,0.6634277105331421,0.7049526572227478,0.6657588481903076,0.22441719472408295,0.2357693910598755
tele_neck_fing09__00001000__s0051.wav,0.09514131397008896,0.0780072808265686,0.3685203790664673,0.32635828852653503,0.9539183974266052,0.7481222152709961
strat_neck_pick01__00001000__s0000.wav,0.5216361880302429,0.5519680380821228,0.4667240381240845,0.7505184412002563,0.9966315627098083,0.976823091506958
tele_bridge_pick16__00001000__s0039.wav,0.5960413217544556,0.5564435720443726,0.22421757876873016,0.46317726373672485,0.9209758043289185,0.8620614409446716
prs_neck_fing06__00001000__s0047.wav,0.3737088441848755,0.7591327428817749,0.7846282720565796,0.7561963796615601,0.12558740377426147,0.2633092403411865
les_bridge_pick14__00001000__s0024.wav,0.9685935974121094,0.8243722319602966,0.39010879397392273,0.547809362411499,0.2957006096839905,0.4801447093486786
strat_neck_fing20__00001000__s0007.wav,0.7913618683815002,0.43572863936424255,0.44088977575302124,0.8111277222633362,0.5673466920852661,0.8132612109184265
les_bridge_pick02__00001000__s0054.wav,0.789322555065155,0.7333405017852783,0.5285705924034119,0.2845175862312317,0.27622339129447937,0.25641536712646484
les_bridge_fing19__00001000__s0037.wav,0.26733502745628357,0.18853619694709778,0.2592753469944,0.45134004950523376,0.485857754945755,0.4446624219417572
les_neck_fing08__00001000__s0054.wav,0.4321257770061493,0.6267589926719666,0.5646277070045471,0.8741908669471741,0.15882360935211182,0.14375180006027222
les_neck_fing07__00001000__s0033.wav,0.4549762010574341,0.43342140316963196,0.5992833375930786,0.5802012085914612,0.7901057600975037,0.6222502589225769
les_bridge_pick24__00001000__s0036.wav,0.18892420828342438,0.36389780044555664,0.7319715023040771,0.567366898059845,0.8726864457130432,0.7420490384101868
tele_bridge_pick15__00001000__s0016.wav,0.16717198491096497,0.19634002447128296,0.6219239830970764,0.8086563348770142,0.7787742018699646,0.7685654163360596
strat_neck_pick16__00001000__s0014.wav,0.6841782331466675,0.7629408836364746,0.6715312600135803,0.6804472208023071,0.9865074157714844,0.9656899571418762
strat_neck_fing24__00001000__s0030.wav,0.5272208452224731,0.6639482975006104,0.5290824770927429,0.616916298866272,0.3315839171409607,0.456342875957489
strat_neck_pick18__00001000__s0048.wav,0.6739621758460999,0.7769505977630615,0.1627030223608017,0.305167555809021,0.9320074319839478,0.886277437210083
strat_neck_pick15__00001000__s0044.wav,0.21005666255950928,0.12868373095989227,0.3361791670322418,0.6009002327919006,0.5693537592887878,0.45694345235824585
tele_bridge_fing06__00001000__s0008.wav,0.9189277291297913,0.7824458479881287,0.9018179774284363,0.42919546365737915,0.3235917389392853,0.2798483967781067
tele_neck_pick22__00001000__s0029.wav,0.6092120409011841,0.4636526107788086,0.376485139131546,0.5390403866767883,0.6306554079055786,0.355472207069397
les_neck_fing10__00001000__s0006.wav,0.10722585767507553,0.22126753628253937,0.4206443428993225,0.4652688205242157,0.9792691469192505,0.875394880771637
prs_neck_pick21__00001000__s0033.wav,0.5581095814704895,0.5971692800521851,0.47226130962371826,0.20914731919765472,0.25738325715065,0.41075074672698975
prs_neck_pick02__00001000__s0008.wav,0.7375937700271606,0.7297217845916748,0.8848909139633179,0.4524354934692383,0.7985855937004089,0.7331975102424622
strat_neck_pick17__00001000__s0037.wav,0.9037168025970459,0.6879720091819763,0.7498972415924072,0.29382506012916565,0.11333704739809036,0.2584196627140045
prs_bridge_fing12__00001000__s0026.wav,0.5381383895874023,0.17940667271614075,0.40895408391952515,0.34521061182022095,0.3936539888381958,0.31421199440956116
tele_bridge_pick06__00001000__s0049.wav,0.5580882430076599,0.75876784324646,0.23288074135780334,0.6814292073249817,0.5247514247894287,0.6328068971633911
strat_neck_fing17__00001000__s0013.wav,0.9674853682518005,0.7581629753112793,0.4944816529750824,0.6292498707771301,0.8895752429962158,0.7081559896469116
strat_neck_fing10__00001000__s0021.wav,0.6126807928085327,0.7566412687301636,0.4762251079082489,0.4031089246273041,0.04771898686885834,0.12592822313308716
les_neck_pick17__00001000__s0011.wav,0.5342653393745422,0.7454121112823486,0.9018105268478394,0.476022869348526,0.516741156578064,0.5968487858772278
les_bridge_pick06__00001000__s0039.wav,0.5193132162094116,0.38646021485328674,0.6522271037101746,0.43397122621536255,0.5448429584503174,0.6224133968353271
les_neck_fing11__00001000__s0006.wav,0.9275292158126831,0.8965103626251221,0.08164109289646149,0.31384870409965515,0.7234034538269043,0.610754668712616
tele_neck_fing17__00001000__s0030.wav,0.23376549780368805,0.21062049269676208,0.5168793797492981,0.6399185657501221,0.5065703988075256,0.45455262064933777
tele_bridge_pick02__00001000__s0036.wav,0.6958996653556824,0.5581213235855103,0.6505429744720459,0.37240415811538696,0.4669237732887268,0.3348836600780487
prs_neck_pick25__00001000__s0014.wav,0.8922971487045288,0.658327043056488,0.14719273149967194,0.5335018634796143,0.524522602558136,0.318196177482605
strat_bridge_fing06__00001000__s0028.wav,0.060594938695430756,0.26270589232444763,0.03644765540957451,0.5471147298812866,0.47528254985809326,0.405693918466568
tele_neck_pick25__00001000__s0041.wav,0.5196019411087036,0.4737906754016876,0.40035903453826904,0.6407998204231262,0.9447349309921265,0.9424431920051575
strat_bridge_pick06__00001000__s0029.wav,0.7010985612869263,0.7576892375946045,0.18634763360023499,0.4694578945636749,0.9714334011077881,0.9651504158973694
prs_bridge_pick07__00001000__s0012.wav,0.7889201641082764,0.7129991054534912,0.14030875265598297,0.34873080253601074,0.3214389383792877,0.22535090148448944
strat_bridge_fing15__00001000__s0035.wav,0.3905554413795471,0.4082332253456116,0.3843752145767212,0.46997499465942383,0.40430328249931335,0.49495556950569153
tele_bridge_pick20__00001000__s0000.wav,0.24033229053020477,0.12582796812057495,0.05216977000236511,0.1903381645679474,0.7321830987930298,0.8738037943840027
les_bridge_pick14__00001000__s0025.wav,0.5165883898735046,0.5150386691093445,0.45860064029693604,0.26837602257728577,0.5088247060775757,0.5192143321037292
les_bridge_fing06__00001000__s0042.wav,0.7624746561050415,0.8015429973602295,0.7631856203079224,0.6416228413581848,0.8517141342163086,0.8591606616973877
strat_bridge_fing11__00001000__s0006.wav,0.8567551970481873,0.7560474276542664,0.36197394132614136,0.1976310759782791,0.147254079580307,0.3847613036632538
strat_neck_fing10__00001000__s0031.wav,0.7003474235534668,0.5294051766395569,0.5161241292953491,0.49735867977142334,0.9264805912971497,0.9211306571960449
prs_bridge_pick20__00001000__s0018.wav,0.18246473371982574,0.24766436219215393,0.5268581509590149,0.4976801574230194,0.42867791652679443,0.32988205552101135
tele_bridge_fing12__00001000__s0026.wav,0.4304836392402649,0.6547940969467163,0.5438053607940674,0.7074202299118042,0.5188360810279846,0.5841525197029114
prs_neck_pick16__00001000__s0024.wav,0.4143332242965698,0.35238516330718994,0.50043123960495,0.5762020945549011,0.775621771812439,0.7470288276672363
prs_neck_pick22__00001000__s0006.wav,0.23340867459774017,0.20551608502864838,0.8394141793251038,0.8475331664085388,0.6859562993049622,0.6988034248352051
tele_neck_fing23__00001000__s0049.wav,0.3774186968803406,0.29948076605796814,0.4591245651245117,0.3496798872947693,0.609802782535553,0.6373199820518494
strat_bridge_fing24__00001000__s0036.wav,0.7324498295783997,0.6403847932815552,0.008532905951142311,0.0955243930220604,0.3059275448322296,0.2633374333381653
prs_bridge_fing07__00001000__s0001.wav,0.7142013907432556,0.6216732263565063,0.5514166355133057,0.3279803693294525,0.3299751281738281,0.21058166027069092
tele_neck_pick13__00001000__s0015.wav,0.22247710824012756,0.22485114634037018,0.838937520980835,0.7139363884925842,0.16777852177619934,0.42218685150146484
les_neck_fing08__00001000__s0034.wav,0.5860229730606079,0.32897529006004333,0.09205055981874466,0.20741751790046692,0.3820343017578125,0.42616182565689087
les_neck_fing07__00001000__s0048.wav,0.12446533143520355,0.0966302827000618,0.06314224004745483,0.3711659610271454,0.5326293110847473,0.2651021182537079
les_neck_pick04__00001000__s0045.wav,0.45413294434547424,0.5061753988265991,0.624828040599823,0.7785099744796753,0.8959884643554688,0.7774979472160339
prs_bridge_fing11__00001000__s0042.wav,0.14597484469413757,0.18838217854499817,0.054461248219013214,0.14071553945541382,0.6187877058982849,0.5109694600105286
strat_bridge_fing13__00001000__s0000.wav,0.036447975784540176,0.061220020055770874,0.6336126923561096,0.6200090646743774,0.20252372324466705,0.3358096480369568
les_bridge_pick13__00001000__s0012.wav,0.3342013359069824,0.2252388894557953,0.24740731716156006,0.6308864951133728,0.5444252490997314,0.46128180623054504
prs_neck_pick09__00001000__s0046.wav,0.5914408564567566,0.4749450087547302,0.45547741651535034,0.8360388278961182,0.43350374698638916,0.4660980999469757
les_neck_pick21__00001000__s0005.wav,0.00186452257912606,0.06437090784311295,0.8917348980903625,0.6237896084785461,0.1919226050376892,0.5594038963317871
prs_bridge_fing17__00001000__s0005.wav,0.12821806967258453,0.34703290462493896,0.3767130672931671,0.7669227719306946,0.7305183410644531,0.6023244261741638
tele_neck_fing09__00001000__s0007.wav,0.7363327145576477,0.7242670059204102,0.12510384619235992,0.37481456995010376,0.3802288770675659,0.5142625570297241
strat_neck_fing01__00001000__s0055.wav,0.12721820175647736,0.10903418809175491,0.7920224070549011,0.8608891367912292,0.8297297954559326,0.617531955242157
prs_neck_fing16__00001000__s0024.wav,0.6765309572219849,0.7092170715332031,0.905488908290863,0.2537540793418884,0.29916784167289734,0.5058549642562866
strat_bridge_fing20__00001000__s0021.wav,0.934697687625885,0.6681621074676514,0.8701217174530029,0.35703590512275696,0.11593107134103775,0.23727889358997345
les_neck_pick08__00001000__s0042.wav,0.20443890988826752,0.35783979296684265,0.21474021673202515,0.43502455949783325,0.5092086791992188,0.21512988209724426
tele_bridge_pick20__00001000__s0013.wav,0.0995413139462471,0.15468670427799225,0.307300329208374,0.5392588376998901,0.5431286692619324,0.41180604696273804
prs_neck_fing08__00001000__s0050.wav,0.9598589539527893,0.9577143788337708,0.6449013352394104,0.7233484387397766,0.8552717566490173,0.8386916518211365
strat_bridge_pick13__00001000__s0006.wav,0.4338492453098297,0.32294395565986633,0.2696095407009125,0.08845364302396774,0.24550838768482208,0.2735863924026489
prs_bridge_pick03__00001000__s0047.wav,0.9002372622489929,0.8176671862602234,0.49023765325546265,0.5173301100730896,0.7947706580162048,0.8268225789070129
tele_neck_fing15__00001000__s0038.wav,0.48162126541137695,0.48794466257095337,0.7001275420188904,0.5325761437416077,0.5969849228858948,0.40012311935424805
strat_neck_fing04__00001000__s0016.wav,0.9758710265159607,0.7930597066879272,0.43248745799064636,0.5749778151512146,0.1736743152141571,0.07319686561822891
tele_neck_pick03__00001000__s0051.wav,0.22167079150676727,0.2887060344219208,0.06087440252304077,0.6040806174278259,0.8842928409576416,0.7070083618164062
strat_bridge_fing19__00001000__s0022.wav,0.5671483278274536,0.611592173576355,0.7576674818992615,0.32987815141677856,0.4197034537792206,0.43612390756607056
strat_bridge_fing20__00001000__s0005.wav,0.44462549686431885,0.40144142508506775,0.7740478515625,0.4767892062664032,0.1757742166519165,0.4052542746067047
tele_bridge_pick24__00001000__s0016.wav,0.30379846692085266,0.5384663343429565,0.8590196371078491,0.6477059125900269,0.296028196811676,0.42507827281951904
strat_neck_pick02__00001000__s0053.wav,0.5692902207374573,0.5876523852348328,0.6034526824951172,0.5831272602081299,0.7466986179351807,0.7429024577140808
prs_neck_pick02__00001000__s0020.wav,0.6375582814216614,0.6644951105117798,0.5948138236999512,0.1861717402935028,0.204605832695961,0.2000526636838913
tele_neck_fing23__00001000__s0054.wav,0.6108667254447937,0.6549614071846008,0.38205042481422424,0.33064207434654236,0.7825126647949219,0.8317813873291016
strat_neck_fing16__00001000__s0010.wav,0.6675869226455688,0.41147541999816895,0.6194313764572144,0.5407917499542236,0.004524447489529848,0.04897741228342056
strat_bridge_pick22__00001000__s0047.wav,0.31769660115242004,0.3643612265586853,0.009342270903289318,0.34226304292678833,0.29816654324531555,0.3606674075126648
strat_neck_fing10__00001000__s0018.wav,0.6641610860824585,0.8480417132377625,0.4856845736503601,0.4609273076057434,0.7694847583770752,0.7464472651481628
les_neck_pick23__00001000__s0028.wav,0.43133309483528137,0.4925094246864319,0.8670118451118469,0.31795763969421387,0.02932709828019142,0.14804065227508545
les_bridge_pick16__00001000__s0026.wav,0.9182376861572266,0.8284217715263367,0.1651821732521057,0.48194271326065063,0.8697420954704285,0.7958976626396179
tele_neck_pick01__00001000__s0028.wav,0.56564861536026,0.4294239580631256,0.5382974743843079,0.18016211688518524,0.0029497037176042795,0.11793988198041916
strat_bridge_fing14__00001000__s0045.wav,0.7868025898933411,0.8087172508239746,0.5457555055618286,0.6860278248786926,0.8851662278175354,0.8151278495788574
tele_neck_pick20__00001000__s0025.wav,0.5431548953056335,0.5042476654052734,0.7436274290084839,0.34163933992385864,0.07964419573545456,0.3537512421607971
strat_neck_fing11__00001000__s0004.wav,0.05317026376724243,0.2866130769252777,0.3598659038543701,0.22284150123596191,0.9890441298484802,0.8293657898902893
prs_bridge_pick13__00001000__s0005.wav,0.6781338453292847,0.5820710062980652,0.590041995048523,0.8126616477966309,0.7836206555366516,0.6895737051963806
tele_neck_fing13__00001000__s0038.wav,0.8962380290031433,0.8183749318122864,0.3505606949329376,0.6308497190475464,0.5706427097320557,0.6698703169822693
tele_neck_pick15__00001000__s0018.wav,0.9783075451850891,0.8547475934028625,0.21026381850242615,0.5734129548072815,0.36690476536750793,0.20838101208209991
les_neck_pick18__00001000__s0028.wav,0.24982482194900513,0.5075830221176147,0.966731607913971,0.2977572977542877,0.03755387291312218,0.19294682145118713
les_neck_fing15__00001000__s0054.wav,0.7587871551513672,0.26707208156585693,0.7266418933868408,0.4892096519470215,0.10158908367156982,0.1101037934422493
tele_bridge_fing06__00001000__s0012.wav,0.9142014384269714,0.7486763000488281,0.5408496856689453,0.3445044159889221,0.002921057166531682,0.04451151192188263
les_bridge_pick20__00001000__s0003.wav,0.9485489726066589,0.62263423204422,0.008054143749177456,0.2277035117149353,0.5334893465042114,0.16331787407398224
strat_neck_pick09__00001000__s0043.wav,0.5948402881622314,0.6415839791297913,0.3280012607574463,0.38902080059051514,0.31618568301200867,0.29005616903305054
strat_neck_pick02__00001000__s0006.wav,0.7893345355987549,0.47086018323898315,0.3461085557937622,0.21840724349021912,0.01893947459757328,0.07366535067558289
tele_neck_pick21__00001000__s0001.wav,0.8954943418502808,0.8765761852264404,0.8692004084587097,0.6293825507164001,0.9750109314918518,0.9481059312820435
tele_neck_fing20__00001000__s0035.wav,0.06790470331907272,0.17211252450942993,0.812585175037384,0.73139488697052,0.41204601526260376,0.4283037483692169
strat_bridge_pick06__00001000__s0020.wav,0.17081625759601593,0.15958033502101898,0.6684354543685913,0.6460904479026794,0.18047834932804108,0.3085657060146332
tele_bridge_fing25__00001000__s0007.wav,0.11757458746433258,0.5593642592430115,0.7107246518135071,0.238647922873497,0.0037652200553566217,0.06662255525588989
tele_bridge_pick11__00001000__s0044.wav,0.8845436573028564,0.838131844997406,0.7219603657722473,0.7022091150283813,0.6800123453140259,0.5826444029808044
tele_neck_fing23__00001000__s0035.wav,0.37271276116371155,0.7046441435813904,0.7470730543136597,0.3683442771434784,0.7504376769065857,0.6612122654914856
prs_neck_fing05__00001000__s0055.wav,0.7904636263847351,0.8077501654624939,0.9619166851043701,0.7367860078811646,0.9372584819793701,0.9234877228736877
strat_bridge_pick12__00001000__s0043.wav,0.7444565296173096,0.6988446712493896,0.6768438816070557,0.6636701822280884,0.1383841633796692,0.13317826390266418
les_bridge_pick21__00001000__s0013.wav,0.31193551421165466,0.49704235792160034,0.057539764791727066,0.4994644820690155,0.5142688751220703,0.40875574946403503
les_bridge_pick16__00001000__s0010.wav,0.758095920085907,0.813544750213623,0.9767903685569763,0.7154062390327454,0.35418900847435,0.36104103922843933
tele_bridge_fing23__00001000__s0053.wav,0.9265562295913696,0.7693572044372559,0.8872970938682556,0.3988924026489258,0.5701883435249329,0.899325430393219
prs_neck_pick08__00001000__s0031.wav,0.6620405316352844,0.9361250996589661,0.9154652953147888,0.7351247072219849,0.8344063758850098,0.8234286904335022
les_neck_pick25__00001000__s0053.wav,0.17241404950618744,0.05525887757539749,0.17021651566028595,0.28783366084098816,0.9330700039863586,0.6139531135559082
prs_bridge_pick14__00001000__s0007.wav,0.25522688031196594,0.21178480982780457,0.6262016892433167,0.758627712726593,0.8091669082641602,0.7503975033760071
prs_bridge_pick14__00001000__s0032.wav,0.41333314776420593,0.3411993980407715,0.7286688685417175,0.755055844783783,0.8183079957962036,0.7755322456359863
les_bridge_pick25__00001000__s0023.wav,0.5658294558525085,0.4975557029247284,0.4907452166080475,0.4346034526824951,0.04324549436569214,0.5318585634231567
prs_neck_fing03__00001000__s0045.wav,0.6394280195236206,0.6503807306289673,0.060486312955617905,0.6315409541130066,0.8206309080123901,0.8313382863998413
strat_neck_pick25__00001000__s0033.wav,0.8783473372459412,0.7191734910011292,0.20658771693706512,0.550279974937439,0.6700107455253601,0.7503641843795776
strat_neck_fing20__00001000__s0055.wav,0.7341988682746887,0.9248399138450623,0.18192392587661743,0.7456638216972351,0.32628536224365234,0.3796772062778473
strat_neck_pick22__00001000__s0017.wav,0.15573705732822418,0.1695241630077362,0.3711550831794739,0.5036256313323975,0.37941262125968933,0.34431594610214233
tele_bridge_fing03__00001000__s0025.wav,0.4131985008716583,0.6541143655776978,0.007977161556482315,0.5463941097259521,0.5289143323898315,0.2347898930311203
tele_neck_pick13__00001000__s0055.wav,0.15800000727176666,0.3841986060142517,0.10281103849411011,0.14167240262031555,0.37725067138671875,0.4178026616573334
tele_bridge_pick09__00001000__s0053.wav,0.9193114042282104,0.9761955142021179,0.7781881093978882,0.5352422595024109,0.6585039496421814,0.6347165703773499
prs_neck_pick06__00001000__s0046.wav,0.536378026008606,0.7271491885185242,0.5790382027626038,0.6615033149719238,0.6416983604431152,0.6289705634117126
strat_bridge_fing24__00001000__s0025.wav,0.09673036634922028,0.13012123107910156,0.8743950724601746,0.5699314475059509,0.24940839409828186,0.3980523645877838
strat_bridge_pick11__00001000__s0031.wav,0.8911837935447693,0.8967052698135376,0.17071610689163208,0.375008225440979,0.7079755663871765,0.6510881781578064
les_neck_pick02__00001000__s0040.wav,0.44521868228912354,0.22441036999225616,0.5307032465934753,0.5388332009315491,0.5683915615081787,0.4168747067451477
tele_neck_fing21__00001000__s0017.wav,0.3009915351867676,0.2954134941101074,0.24192504584789276,0.3557206094264984,0.8953903317451477,0.7928781509399414
prs_neck_fing13__00001000__s0043.wav,0.19688008725643158,0.323742538690567,0.07465945929288864,0.34292903542518616,0.29923900961875916,0.47905710339546204
tele_neck_pick25__00001000__s0007.wav,0.3253617584705353,0.2662302851676941,0.3839992880821228,0.6581348180770874,0.3395978510379791,0.47731393575668335
tele_bridge_fing22__00001000__s0014.wav,0.7488605380058289,0.5441333055496216,0.5447728037834167,0.19848491251468658,0.10220075398683548,0.18114177882671356
tele_bridge_fing11__00001000__s0012.wav,0.5114263892173767,0.48468443751335144,0.8858621120452881,0.7743804454803467,0.32637593150138855,0.3720865249633789
les_bridge_fing07__00001000__s0008.wav,0.3461664915084839,0.37443432211875916,0.9955767393112183,0.48739102482795715,0.3046138286590576,0.5066777467727661
strat_bridge_fing17__00001000__s0039.wav,0.4561576247215271,0.4789019823074341,0.07394769787788391,0.28179454803466797,0.8334958553314209,0.6902406811714172
tele_neck_fing18__00001000__s0012.wav,0.2929108142852783,0.2204744517803192,0.36189985275268555,0.717793345451355,0.7701150178909302,0.5056618452072144
tele_bridge_fing18__00001000__s0016.wav,0.10313808917999268,0.0786118432879448,0.16001684963703156,0.09393767267465591,0.682149350643158,0.8610305190086365
strat_neck_fing22__00001000__s0008.wav,0.4203856885433197,0.627357542514801,0.8921015858650208,0.3166002631187439,0.9400763511657715,0.8397765755653381
strat_neck_fing15__00001000__s0028.wav,0.7324548363685608,0.8299427628517151,0.419586718082428,0.343467116355896,0.5882192850112915,0.3406880497932434
les_bridge_pick09__00001000__s0014.wav,0.4116535484790802,0.3690079152584076,0.7852689623832703,0.6910869479179382,0.3505643308162689,0.4750339686870575
tele_neck_fing01__00001000__s0042.wav,0.16032452881336212,0.521135151386261,0.5816683173179626,0.7326968908309937,0.3195655345916748,0.4190084636211395
strat_bridge_fing05__00001000__s0012.wav,0.6696540117263794,0.8202542662620544,0.29046714305877686,0.4840664267539978,0.43001288175582886,0.4580760896205902
strat_bridge_pick10__00001000__s0029.wav,0.8261098265647888,0.894627034664154,0.7664600014686584,0.8386517763137817,0.27124911546707153,0.4137173295021057
strat_neck_fing02__00001000__s0032.wav,0.8356460332870483,0.6562793254852295,0.8504942059516907,0.3552100658416748,0.43404170870780945,0.15907339751720428
les_neck_pick14__00001000__s0050.wav,0.29663407802581787,0.38219380378723145,0.31152820587158203,0.28396350145339966,0.950909435749054,0.8792279362678528
prs_neck_pick12__00001000__s0008.wav,0.7622372508049011,0.45557647943496704,0.08142832666635513,0.10978665947914124,0.1330842524766922,0.254618763923645
les_bridge_pick02__00001000__s0047.wav,0.1285175085067749,0.09946274012327194,0.32954639196395874,0.3672831654548645,0.4421215057373047,0.2517053186893463
les_bridge_pick01__00001000__s0012.wav,0.357624888420105,0.36558735370635986,0.3677915036678314,0.4151412546634674,0.3450162410736084,0.4587901830673218
prs_bridge_fing08__00001000__s0032.wav,0.06925968825817108,0.03166363760828972,0.7296590805053711,0.7891908288002014,0.9710695743560791,0.8416435122489929
tele_neck_pick10__00001000__s0033.wav,0.33017826080322266,0.2815239131450653,0.25738659501075745,0.6076620221138,0.7063066363334656,0.4663357436656952
strat_neck_pick23__00001000__s0024.wav,0.1782609522342682,0.2932463586330414,0.6366464495658875,0.5119947195053101,0.1567523330450058,0.17506016790866852
prs_neck_pick10__00001000__s0049.wav,0.06702840328216553,0.15831804275512695,0.8682280778884888,0.5800907611846924,0.40537476539611816,0.4053663909435272
les_neck_fing23__00001000__s0005.wav,0.7105658054351807,0.5842052698135376,0.9008451700210571,0.7442919611930847,0.5065050721168518,0.5493764281272888
strat_bridge_fing12__00001000__s0002.wav,0.9669191837310791,0.923448383808136,0.3372870981693268,0.7354581952095032,0.9472182393074036,0.93480384349823
prs_bridge_pick20__00001000__s0050.wav,0.4950617551803589,0.43106257915496826,0.6171967387199402,0.6551991701126099,0.5200021862983704,0.5491704344749451
prs_bridge_fing16__00001000__s0008.wav,0.2923811674118042,0.5443301796913147,0.32690876722335815,0.1592874377965927,0.21122577786445618,0.3284374475479126
prs_neck_pick25__00001000__s0031.wav,0.03528721630573273,0.058319151401519775,0.6954110264778137,0.5482338666915894,0.4614594578742981,0.6404358148574829
strat_bridge_pick23__00001000__s0005.wav,0.4538916349411011,0.5881442427635193,0.8301101326942444,0.7346449494361877,0.7982960343360901,0.8346965909004211
prs_neck_pick01__00001000__s0049.wav,0.46198946237564087,0.6989864110946655,0.81086665391922,0.6650409698486328,0.21550068259239197,0.18068403005599976
tele_neck_pick09__00001000__s0015.wav,0.05118908733129501,0.11859361082315445,0.36157798767089844,0.3084803521633148,0.20806442201137543,0.44080957770347595
strat_bridge_pick21__00001000__s0022.wav,0.2032242715358734,0.44512856006622314,0.9651896357536316,0.825197696685791,0.6621735692024231,0.7667460441589355
les_neck_pick16__00001000__s0050.wav,0.42548879981040955,0.40682265162467957,0.28100892901420593,0.3650910556316376,0.39857783913612366,0.6109338998794556
les_bridge_pick20__00001000__s0054.wav,0.011811384931206703,0.052242081612348557,0.34645798802375793,0.2290053814649582,0.5837111473083496,0.7390221953392029
strat_bridge_pick02__00001000__s0024.wav,0.2074403464794159,0.13170850276947021,0.7359917163848877,0.8636144995689392,0.3976973593235016,0.30284354090690613
strat_neck_fing20__00001000__s0030.wav,0.6203123927116394,0.7306279540061951,0.4240332841873169,0.7205418944358826,0.7823262810707092,0.6415808200836182
prs_neck_fing06__00001000__s0051.wav,0.0013829889940097928,0.09527510404586792,0.9199095964431763,0.7241607904434204,0.08010741323232651,0.1930781900882721
prs_bridge_pick08__00001000__s0036.wav,0.8674280643463135,0.8216183185577393,0.5140724778175354,0.7826557755470276,0.6374292969703674,0.505629301071167
les_bridge_fing24__00001000__s0040.wav,0.08878027647733688,0.12185503542423248,0.11693579703569412,0.18241967260837555,0.6998398303985596,0.49905723333358765
prs_bridge_fing20__00001000__s0008.wav,0.8883966207504272,0.731078565120697,0.7673366069793701,0.5499711036682129,0.3299444019794464,0.22021889686584473
tele_neck_fing09__00001000__s0027.wav,0.5728025436401367,0.5139883160591125,0.14171351492404938,0.39085182547569275,0.13855847716331482,0.13683436810970306
les_bridge_pick03__00001000__s0000.wav,0.4167018532752991,0.4629650413990021,0.03123939409852028,0.526680052280426,0.6702000498771667,0.1806410700082779
strat_neck_fing08__00001000__s0033.wav,0.7907952070236206,0.811676561832428,0.5986189246177673,0.5914333462715149,0.6039164066314697,0.29460176825523376
strat_bridge_pick12__00001000__s0004.wav,0.4162589907646179,0.5143753290176392,0.656783401966095,0.7197380661964417,0.08532349765300751,0.30811095237731934
les_bridge_pick06__00001000__s0033.wav,0.6248856782913208,0.6970072388648987,0.292153537273407,0.4198431074619293,0.8774532079696655,0.7844053506851196
prs_bridge_fing23__00001000__s0048.wav,0.4195631742477417,0.23534850776195526,0.9855035543441772,0.4110727906227112,0.09791113436222076,0.44878655672073364
prs_bridge_pick09__00001000__s0054.wav,0.015699230134487152,0.145631805062294,0.55196213722229,0.48661714792251587,0.04557427018880844,0.09434302151203156
prs_neck_pick21__00001000__s0021.wav,0.8345627784729004,0.6775099039077759,0.6681989431381226,0.4063960611820221,0.07727109640836716,0.35909393429756165
tele_bridge_pick07__00001000__s0049.wav,0.4926367402076721,0.5217517614364624,0.38186514377593994,0.7524500489234924,0.45528483390808105,0.33257704973220825
strat_neck_fing16__00001000__s0002.wav,0.18942151963710785,0.5374101996421814,0.2380417287349701,0.22870224714279175,0.016720691695809364,0.08781826496124268
tele_neck_pick11__00001000__s0011.wav,0.3245536684989929,0.2851666510105133,0.879441499710083,0.6093634366989136,0.9114872217178345,0.8817741274833679
strat_bridge_fing13__00001000__s0052.wav,0.9584586024284363,0.9146551489830017,0.34595605731010437,0.5487675070762634,0.9481784701347351,0.8725642561912537
prs_neck_pick08__00001000__s0027.wav,0.8224385976791382,0.5732312798500061,0.5191496014595032,0.4035622477531433,0.266663134098053,0.21968981623649597
strat_neck_pick02__00001000__s0044.wav,0.3047240376472473,0.3844739496707916,0.06155134364962578,0.272513747215271,0.6802411675453186,0.2901059091091156
tele_bridge_pick15__00001000__s0026.wav,0.7877752184867859,0.8038306832313538,0.19936735928058624,0.25983595848083496,0.08804522454738617,0.12537218630313873
les_neck_pick05__00001000__s0051.wav,0.49132582545280457,0.47258463501930237,0.9467099905014038,0.35797664523124695,0.6470012068748474,0.7245998978614807
prs_bridge_pick19__00001000__s0011.wav,0.6337558627128601,0.42055484652519226,0.9788696765899658,0.7554652690887451,0.6098774671554565,0.5559749603271484
tele_neck_pick22__00001000__s0044.wav,0.32126709818840027,0.3357630670070648,0.45941752195358276,0.20049051940441132,0.4942408800125122,0.3171369433403015
tele_bridge_pick25__00001000__s0035.wav,0.18219973146915436,0.6367264986038208,0.9041957259178162,0.8400781750679016,0.32964080572128296,0.4889601469039917
prs_bridge_pick15__00001000__s0047.wav,0.5715942978858948,0.6265688538551331,0.30109068751335144,0.37473008036613464,0.2702481746673584,0.23151150345802307
prs_neck_pick14__00001000__s0044.wav,0.33347856998443604,0.7111741304397583,0.9349937438964844,0.5811758637428284,0.12003494054079056,0.23649457097053528
les_neck_fing12__00001000__s0018.wav,0.03589814156293869,0.059376269578933716,0.8981995582580566,0.8484700322151184,0.5615931153297424,0.5391861796379089
strat_bridge_fing02__00001000__s0048.wav,0.9958512187004089,0.8559331893920898,0.41585707664489746,0.803853452205658,0.6827820539474487,0.5849646925926208
prs_neck_fing08__00001000__s0041.wav,0.03728495165705681,0.10962604731321335,0.09971823543310165,0.2242385894060135,0.6350890398025513,0.25581902265548706
strat_neck_pick05__00001000__s0023.wav,0.6339447498321533,0.6117275953292847,0.7466516494750977,0.7471731305122375,0.8005979061126709,0.7557716965675354
tele_bridge_fing21__00001000__s0054.wav,0.34884360432624817,0.3432980179786682,0.43541228771209717,0.4248341917991638,0.7391793727874756,0.6353762149810791
tele_neck_pick24__00001000__s0018.wav,0.27950555086135864,0.4584115743637085,0.2366572469472885,0.29247406125068665,0.08688372373580933,0.2330019325017929
les_bridge_pick13__00001000__s0039.wav,0.311485230922699,0.48070573806762695,0.8975057601928711,0.7989089488983154,0.20633043348789215,0.2238985002040863
les_bridge_pick23__00001000__s0015.wav,0.2143622189760208,0.1175539419054985,0.8911625742912292,0.8464639782905579,0.34918197989463806,0.4731578528881073
prs_neck_pick10__00001000__s0042.wav,0.562976062297821,0.6234264373779297,0.12982609868049622,0.6466472148895264,0.31745076179504395,0.4050465226173401
tele_bridge_pick23__00001000__s0023.wav,0.5204129815101624,0.6093818545341492,0.5547399520874023,0.5717175006866455,0.25435423851013184,0.3815544843673706
les_neck_fing14__00001000__s0044.wav,0.3042086064815521,0.6262291073799133,0.5341081619262695,0.600283145904541,0.25948238372802734,0.2365337759256363
prs_neck_pick12__00001000__s0047.wav,0.05078332871198654,0.747179388999939,0.22472992539405823,0.5490082502365112,0.07209089398384094,0.12286591529846191
les_neck_fing17__00001000__s0003.wav,0.6162071228027344,0.820046067237854,0.9304807186126709,0.8454808592796326,0.650047242641449,0.583917498588562
prs_neck_fing24__00001000__s0002.wav,0.8860077857971191,0.914174497127533,0.9581427574157715,0.6839549541473389,0.8427119851112366,0.859656572341919
prs_bridge_pick24__00001000__s0003.wav,0.08633170276880264,0.19205249845981598,0.6760562658309937,0.5389900207519531,0.14794641733169556,0.14542192220687866
strat_bridge_pick08__00001000__s0032.wav,0.28128179907798767,0.23164069652557373,0.7089440822601318,0.9148787260055542,0.9942619204521179,0.9534701108932495
tele_neck_fing01__00001000__s0009.wav,0.8410122990608215,0.29601672291755676,0.03304054215550423,0.3143787682056427,0.003828629618510604,0.059369202703237534
les_neck_pick04__00001000__s0042.wav,0.9378358721733093,0.1779726892709732,0.5270813703536987,0.2233976423740387,0.0874890387058258,0.5645484328269958
les_bridge_pick09__00001000__s0032.wav,0.9694826006889343,0.8055269122123718,0.50285804271698,0.3796539306640625,0.4379030466079712,0.46289438009262085
strat_neck_fing17__00001000__s0007.wav,0.6126265525817871,0.7565281987190247,0.13330301642417908,0.48128440976142883,0.06694153696298599,0.11894255131483078
prs_neck_fing02__00001000__s0029.wav,0.4126412570476532,0.6367582082748413,0.8129976987838745,0.6351215243339539,0.14645497500896454,0.2693547308444977
tele_neck_pick12__00001000__s0002.wav,0.011731505393981934,0.1574196070432663,0.014268501661717892,0.23414143919944763,0.41228440403938293,0.19121399521827698
prs_neck_pick12__00001000__s0039.wav,0.6839467883110046,0.7711781859397888,0.18736816942691803,0.38055217266082764,0.49312952160835266,0.42332619428634644
les_neck_pick19__00001000__s0051.wav,0.3144501745700836,0.3773784339427948,0.62351393699646,0.7859687805175781,0.9963153004646301,0.953971266746521
tele_neck_pick09__00001000__s0021.wav,0.21402233839035034,0.27604156732559204,0.9772158861160278,0.7510459423065186,0.46694427728652954,0.42621469497680664
les_neck_fing04__00001000__s0047.wav,0.7218514680862427,0.8258166909217834,0.19744905829429626,0.5514107346534729,0.20220646262168884,0.4118538200855255
strat_bridge_fing16__00001000__s0026.wav,0.8569803237915039,0.9061486124992371,0.4639587998390198,0.30337709188461304,0.17125098407268524,0.09655255079269409
tele_bridge_fing02__00001000__s0043.wav,0.2597840428352356,0.17032745480537415,0.6977823376655579,0.6954143643379211,0.6338208317756653,0.5082812905311584
strat_neck_fing23__00001000__s0053.wav,0.2102138251066208,0.12819306552410126,0.0021737501956522465,0.10347829759120941,0.9588544964790344,0.7090916037559509
strat_neck_fing23__00001000__s0006.wav,0.4942134916782379,0.3954516351222992,0.11801932752132416,0.14845393598079681,0.5661389827728271,0.36622366309165955
tele_neck_fing23__00001000__s0050.wav,0.691264808177948,0.8322252035140991,0.6765552163124084,0.446144163608551,0.39923611283302307,0.5119684338569641
les_neck_fing13__00001000__s0030.wav,0.8981121778488159,0.7729842066764832,0.5880403518676758,0.45272067189216614,0.4719003140926361,0.5347205996513367
les_neck_fing10__00001000__s0030.wav,0.5031628608703613,0.6609922647476196,0.8962076306343079,0.7852227091789246,0.2523074448108673,0.1667099893093109
tele_bridge_pick09__00001000__s0013.wav,0.13313300907611847,0.20085196197032928,0.5408651828765869,0.8076318502426147,0.990642249584198,0.839961051940918
les_bridge_pick06__00001000__s0004.wav,0.544793426990509,0.4215930700302124,0.4327837824821472,0.6868009567260742,0.7977468967437744,0.7407293915748596
tele_bridge_fing16__00001000__s0033.wav,0.4834688603878021,0.3555137515068054,0.3607752025127411,0.3304390609264374,0.574817955493927,0.6288309693336487
prs_neck_fing21__00001000__s0007.wav,0.2903159558773041,0.7784041166305542,0.6002806425094604,0.39871981739997864,0.15690530836582184,0.3344961106777191
prs_neck_pick04__00001000__s0017.wav,0.4719264507293701,0.5086777210235596,0.9400527477264404,0.6846891045570374,0.946999192237854,0.9656586050987244
strat_neck_fing15__00001000__s0024.wav,0.5723126530647278,0.66505366563797,0.15841259062290192,0.3656737208366394,0.18193762004375458,0.48963475227355957
les_bridge_fing09__00001000__s0036.wav,0.673443615436554,0.6581840515136719,0.2889883518218994,0.5852924585342407,0.8347555994987488,0.9033200740814209
prs_bridge_fing17__00001000__s0031.wav,0.7640864253044128,0.5653764605522156,0.606785237789154,0.5392376184463501,0.6971138119697571,0.6051272749900818
prs_bridge_pick12__00001000__s0022.wav,0.5062670111656189,0.3709743618965149,0.8416514992713928,0.8416294455528259,0.3169594407081604,0.23391474783420563
les_bridge_fing16__00001000__s0003.wav,0.2616962492465973,0.18383944034576416,0.7877039313316345,0.6520832180976868,0.11322241276502609,0.11914246529340744
prs_neck_pick22__00001000__s0017.wav,0.6027122735977173,0.6898899674415588,0.8396950364112854,0.39267444610595703,0.9814884066581726,0.959915816783905
strat_neck_pick17__00001000__s0044.wav,0.1683839112520218,0.26083487272262573,0.12867632508277893,0.5386486053466797,0.36744561791419983,0.25730836391448975
strat_neck_fing15__00001000__s0048.wav,0.704334020614624,0.7908389568328857,0.6743114590644836,0.43568310141563416,0.4436262845993042,0.6142005324363708
prs_bridge_pick24__00001000__s0000.wav,0.2159404158592224,0.31447967886924744,0.37612420320510864,0.2775893807411194,0.28405824303627014,0.26610419154167175
tele_neck_pick24__00001000__s0016.wav,0.16876761615276337,0.3145739436149597,0.4490615129470825,0.3755186200141907,0.20499780774116516,0.1537424623966217
les_neck_fing23__00001000__s0052.wav,0.22081877291202545,0.24834595620632172,0.31912946701049805,0.2886256277561188,0.8158401250839233,0.9080848693847656
tele_bridge_pick20__00001000__s0025.wav,0.681067943572998,0.8267374038696289,0.22104516625404358,0.7277457118034363,0.025253834202885628,0.12457277625799179
les_neck_pick25__00001000__s0005.wav,0.015151805244386196,0.1280171275138855,0.8534325361251831,0.641255795955658,0.48933666944503784,0.6829931139945984
les_neck_fing11__00001000__s0038.wav,0.9095402359962463,0.5108436942100525,0.9413525462150574,0.6480834484100342,0.28073176741600037,0.4438948631286621
les_bridge_fing18__00001000__s0044.wav,0.004961058497428894,0.5104921460151672,0.4258778989315033,0.2896333932876587,0.027194786816835403,0.08142963796854019
les_bridge_pick07__00001000__s0029.wav,0.18345901370048523,0.1376904845237732,0.1490492969751358,0.31361302733421326,0.9665511846542358,0.9267213344573975
prs_bridge_pick18__00001000__s0022.wav,0.2437182515859604,0.1481502503156662,0.6931999921798706,0.7333743572235107,0.42873162031173706,0.44258737564086914
prs_bridge_fing09__00001000__s0019.wav,0.3454664349555969,0.4311973452568054,0.8310291767120361,0.8641782999038696,0.9715238213539124,0.9379651546478271
tele_bridge_pick10__00001000__s0031.wav,0.11197070777416229,0.6247568726539612,0.11002067476511002,0.28630688786506653,0.837498128414154,0.43860772252082825
prs_neck_pick14__00001000__s0047.wav,0.6850500106811523,0.4523647427558899,0.46684443950653076,0.5639500617980957,0.48621866106987,0.4263244867324829
prs_bridge_pick22__00001000__s0037.wav,0.012698838487267494,0.2273736298084259,0.18133006989955902,0.605534553527832,0.5731614232063293,0.21926015615463257
strat_bridge_fing07__00001000__s0034.wav,0.6780227422714233,0.38168153166770935,0.2446073591709137,0.36074474453926086,0.36949625611305237,0.5923492312431335
les_bridge_fing14__00001000__s0010.wav,0.9107885360717773,0.586279571056366,0.3646673262119293,0.2827097177505493,0.04934462159872055,0.3339734673500061
prs_bridge_fing04__00001000__s0002.wav,0.40646645426750183,0.3244592547416687,0.9072005748748779,0.8529436588287354,0.4220554232597351,0.3711715638637543
les_bridge_fing23__00001000__s0029.wav,0.648633599281311,0.5501081347465515,0.18370869755744934,0.6036986708641052,0.12749990820884705,0.23754948377609253
tele_bridge_fing19__00001000__s0003.wav,0.7229626774787903,0.6159737706184387,0.6137051582336426,0.15516334772109985,0.532660961151123,0.41906818747520447
les_bridge_pick02__00001000__s0019.wav,0.42984673380851746,0.400339275598526,0.03481227159500122,0.3152104914188385,0.852752149105072,0.8198441863059998
tele_bridge_pick23__00001000__s0000.wav,0.8289514183998108,0.9032970070838928,0.7248791456222534,0.7992207407951355,0.7304822206497192,0.7018131017684937
strat_bridge_pick15__00001000__s0014.wav,0.28875988721847534,0.33442750573158264,0.6900879144668579,0.6355487108230591,0.5345385074615479,0.6008961200714111
les_bridge_pick14__00001000__s0013.wav,0.8981978893280029,0.8168200254440308,0.7038346529006958,0.5768941640853882,0.7868723273277283,0.7073267698287964
prs_neck_fing18__00001000__s0028.wav,0.8750355243682861,0.8330354690551758,0.64509516954422,0.29809635877609253,0.003255233634263277,0.13513661921024323
strat_bridge_pick13__00001000__s0025.wav,0.1479172706604004,0.5093507170677185,0.5639280676841736,0.3733624815940857,0.5185986757278442,0.513074517250061
prs_bridge_fing25__00001000__s0034.wav,0.5621029138565063,0.7428349852561951,0.6997023224830627,0.5096651315689087,0.39297494292259216,0.3800838887691498
tele_neck_fing08__00001000__s0015.wav,0.15389761328697205,0.12888309359550476,0.8384305238723755,0.438493013381958,0.31387555599212646,0.3384484052658081
les_neck_fing17__00001000__s0006.wav,0.3713148236274719,0.4996933341026306,0.6772376894950867,0.8120030164718628,0.9630411267280579,0.9479490518569946
prs_bridge_pick13__00001000__s0049.wav,0.7604442834854126,0.6843613982200623,0.9828470349311829,0.7346064448356628,0.3728591203689575,0.537880003452301
les_neck_fing06__00001000__s0042.wav,0.40414586663246155,0.4680490791797638,0.9510953426361084,0.6744227409362793,0.25485652685165405,0.2978261709213257
strat_neck_pick03__00001000__s0021.wav,0.07092498987913132,0.08028119057416916,0.17306824028491974,0.17960765957832336,0.4594852030277252,0.2968454360961914
les_neck_fing10__00001000__s0011.wav,0.908968985080719,0.8511106371879578,0.0849824920296669,0.1919793039560318,0.5913839936256409,0.7121611833572388
prs_bridge_fing23__00001000__s0044.wav,0.007788923569023609,0.4279949367046356,0.09717103093862534,0.5410706400871277,0.4419715702533722,0.5267400145530701
strat_bridge_fing02__00001000__s0045.wav,0.7528061866760254,0.7644144892692566,0.03525717183947563,0.3395514488220215,0.9093007445335388,0.8471827507019043
tele_neck_fing02__00001000__s0048.wav,0.14446823298931122,0.08421487361192703,0.0244585108011961,0.19862566888332367,0.8098558187484741,0.22379784286022186
les_neck_fing09__00001000__s0047.wav,0.390719473361969,0.6121110320091248,0.43010246753692627,0.25602155923843384,0.5990312099456787,0.4548080861568451
prs_neck_pick17__00001000__s0026.wav,0.7342000603675842,0.6159395575523376,0.19067633152008057,0.6029999256134033,0.3747417628765106,0.2448701560497284
strat_bridge_pick17__00001000__s0036.wav,0.3674129843711853,0.36326050758361816,0.31852394342422485,0.5870782732963562,0.3945416212081909,0.3984071612358093
strat_bridge_pick15__00001000__s0053.wav,0.8881054520606995,0.39555326104164124,0.7445091605186462,0.2103251814842224,0.012973519042134285,0.11263605207204819
strat_bridge_fing25__00001000__s0030.wav,0.9194962978363037,0.6650286316871643,0.21767489612102509,0.605582058429718,0.1506946086883545,0.08672472089529037
prs_neck_fing22__00001000__s0001.wav,0.6944858431816101,0.8923731446266174,0.7390211820602417,0.566228985786438,0.37627360224723816,0.5777403712272644
strat_neck_pick02__00001000__s0038.wav,0.33545276522636414,0.2699730694293976,0.8107561469078064,0.2809455394744873,0.05141492933034897,0.1395697295665741
strat_bridge_fing05__00001000__s0008.wav,0.6376387476921082,0.5514110922813416,0.7768102288246155,0.4701240062713623,0.6593442559242249,0.568671703338623
tele_bridge_fing02__00001000__s0050.wav,0.24744154512882233,0.47339197993278503,0.844916045665741,0.7146634459495544,0.306586354970932,0.46322101354599
strat_bridge_pick22__00001000__s0007.wav,0.3444616198539734,0.32420963048934937,0.6561999320983887,0.7615207433700562,0.2874624729156494,0.34499895572662354
strat_neck_fing07__00001000__s0032.wav,0.41207966208457947,0.4911292791366577,0.9844592809677124,0.40119636058807373,0.3477145731449127,0.23955269157886505
les_neck_pick05__00001000__s0025.wav,0.796162486076355,0.8086836338043213,0.4358460307121277,0.6860271692276001,0.7658655643463135,0.7774276733398438
tele_bridge_fing14__00001000__s0034.wav,0.8027547597885132,0.6840017437934875,0.3244677186012268,0.6041750311851501,0.2603459358215332,0.5614094138145447
prs_bridge_pick04__00001000__s0031.wav,0.11577870696783066,0.11101554334163666,0.754219651222229,0.8078813552856445,0.31917816400527954,0.36910226941108704
les_neck_fing21__00001000__s0006.wav,0.34333592653274536,0.4779447019100189,0.23741742968559265,0.19529734551906586,0.7517704367637634,0.8127893209457397
prs_neck_pick14__00001000__s0008.wav,0.7749353051185608,0.8079633116722107,0.04063061624765396,0.7195276021957397,0.9956845045089722,0.9716027975082397
prs_neck_fing05__00001000__s0034.wav,0.8609408736228943,0.8286598324775696,0.07387453317642212,0.5275129079818726,0.10906853526830673,0.17733590304851532
prs_neck_fing16__00001000__s0010.wav,0.9121862649917603,0.8128616213798523,0.31991252303123474,0.6127510070800781,0.8533621430397034,0.7705519199371338
les_bridge_fing09__00001000__s0003.wav,0.38496649265289307,0.46096134185791016,0.15529842674732208,0.40874192118644714,0.5085136294364929,0.4225335121154785
strat_bridge_fing07__00001000__s0031.wav,0.28535372018814087,0.19201968610286713,0.311091810464859,0.6934192776679993,0.2610868215560913,0.3366442918777466
tele_bridge_pick16__00001000__s0044.wav,0.9547669291496277,0.39299437403678894,0.9881379008293152,0.7695352435112,0.48486265540122986,0.4216739535331726
strat_bridge_fing17__00001000__s0037.wav,0.2922254800796509,0.5947595834732056,0.2771373391151428,0.5548328757286072,0.11034049838781357,0.7064615488052368
prs_neck_pick17__00001000__s0000.wav,0.2321539968252182,0.34610602259635925,0.6567988395690918,0.7491976618766785,0.5646139979362488,0.6070253252983093
tele_bridge_fing12__00001000__s0011.wav,0.6674757599830627,0.5632532238960266,0.4706983268260956,0.10158544033765793,0.23136398196220398,0.3651646375656128
les_neck_pick03__00001000__s0016.wav,0.01691686548292637,0.025727273896336555,0.4615665674209595,0.36370763182640076,0.3803897202014923,0.41047048568725586
les_neck_fing11__00001000__s0026.wav,0.3059055209159851,0.30925625562667847,0.9612852931022644,0.834800660610199,0.7796149849891663,0.7274390459060669
prs_bridge_fing19__00001000__s0005.wav,0.5202767848968506,0.4075286388397217,0.6393277049064636,0.7003086805343628,0.6235913634300232,0.6339872479438782
les_bridge_fing17__00001000__s0015.wav,0.6224849224090576,0.514710545539856,0.707128643989563,0.698326051235199,0.6125250458717346,0.6221920847892761
strat_bridge_fing11__00001000__s0013.wav,0.16075092554092407,0.04022078216075897,0.32432228326797485,0.5225751399993896,0.642755925655365,0.5025046467781067
strat_bridge_fing21__00001000__s0052.wav,0.1906687319278717,0.349379301071167,0.20088891685009003,0.2748509645462036,0.6775583028793335,0.4431326985359192
tele_bridge_pick24__00001000__s0046.wav,0.4726657271385193,0.5396378636360168,0.535927951335907,0.5771785974502563,0.8570438623428345,0.8827623128890991
strat_neck_fing17__00001000__s0034.wav,0.15264524519443512,0.1753874570131302,0.30848610401153564,0.19539594650268555,0.727841854095459,0.7295740246772766
strat_neck_fing04__00001000__s0046.wav,0.7973607182502747,0.8864810466766357,0.09344862401485443,0.45510998368263245,0.7128686308860779,0.6413141489028931
les_neck_pick12__00001000__s0028.wav,0.5066538453102112,0.38797155022621155,0.306193470954895,0.1951381415128708,0.693060040473938,0.6794348955154419
tele_neck_fing12__00001000__s0031.wav,0.9587327241897583,0.8246383666992188,0.94670569896698,0.6608290672302246,0.13796177506446838,0.47920796275138855
les_bridge_pick24__00001000__s0052.wav,0.15777812898159027,0.07637213915586472,0.7732333540916443,0.8193930387496948,0.49278318881988525,0.5474272966384888
les_bridge_pick05__00001000__s0018.wav,0.9876752495765686,0.32576310634613037,0.11182679980993271,0.8194031119346619,0.2724353075027466,0.30258145928382874
tele_bridge_pick20__00001000__s0040.wav,0.4367152452468872,0.3372528553009033,0.4065133333206177,0.47901710867881775,0.6378890872001648,0.6810653209686279
prs_neck_pick25__00001000__s0021.wav,0.8674468994140625,0.9166395664215088,0.101497121155262,0.3965407907962799,0.6904910206794739,0.5307058095932007
les_neck_pick13__00001000__s0032.wav,0.6695321798324585,0.47821158170700073,0.4745209813117981,0.5454022288322449,0.7416023015975952,0.7016647458076477
strat_bridge_pick02__00001000__s0038.wav,0.8416732549667358,0.8083373308181763,0.36977654695510864,0.5323569774627686,0.925866425037384,0.8784862160682678
tele_neck_pick09__00001000__s0043.wav,0.32892927527427673,0.33084312081336975,0.666578471660614,0.4570160508155823,0.6652126312255859,0.4881293475627899
les_neck_fing04__00001000__s0034.wav,0.1468987911939621,0.11018826067447662,0.7153076529502869,0.8196927905082703,0.6810716390609741,0.704548716545105
les_bridge_fing03__00001000__s0021.wav,0.7176446914672852,0.6421493887901306,0.5275550484657288,0.6876068115234375,0.8374058604240417,0.7714635729789734
prs_bridge_fing20__00001000__s0051.wav,0.6669535636901855,0.7054396271705627,0.021802352741360664,0.41789188981056213,0.6316022276878357,0.1527196168899536
prs_bridge_pick15__00001000__s0025.wav,0.3940756022930145,0.3702855110168457,0.3021926283836365,0.38807395100593567,0.7839075922966003,0.7110005021095276
les_neck_fing06__00001000__s0016.wav,0.7632946372032166,0.8320502042770386,0.7249742746353149,0.578546404838562,0.9338020086288452,0.9107989072799683
prs_bridge_fing10__00001000__s0016.wav,0.2036750763654709,0.2817354202270508,0.09504511952400208,0.2396405041217804,0.7507222890853882,0.500656247138977
les_bridge_fing01__00001000__s0035.wav,0.28828510642051697,0.29214176535606384,0.5505362749099731,0.5151311755180359,0.2863452732563019,0.2545233964920044
tele_neck_fing23__00001000__s0019.wav,0.5270167589187622,0.7939213514328003,0.09139182418584824,0.7094123363494873,0.8098669052124023,0.263004869222641
tele_neck_fing16__00001000__s0016.wav,0.13089361786842346,0.2618425786495209,0.7280380129814148,0.44581544399261475,0.5567458868026733,0.4712570905685425
tele_bridge_pick22__00001000__s0004.wav,0.9002690315246582,0.7819900512695312,0.65462327003479,0.45739859342575073,0.26825085282325745,0.3530946373939514
les_bridge_pick12__00001000__s0025.wav,0.7075471878051758,0.725540041923523,0.7630302906036377,0.5049418807029724,0.20478320121765137,0.3296644985675812
prs_bridge_pick10__00001000__s0023.wav,0.31778547167778015,0.3010026216506958,0.7471920251846313,0.8071832656860352,0.7341328263282776,0.6999637484550476
prs_neck_pick14__00001000__s0006.wav,0.0035309873055666685,0.5996796488761902,0.33045443892478943,0.2791275382041931,0.09056976437568665,0.2341558188199997
prs_neck_fing04__00001000__s0014.wav,0.1121879369020462,0.18710345029830933,0.5316800475120544,0.7249648571014404,0.5708708763122559,0.397800087928772
les_neck_fing09__00001000__s0026.wav,0.5454670190811157,0.6588208079338074,0.706059455871582,0.5484253168106079,0.4302663505077362,0.7407432794570923
les_neck_fing05__00001000__s0021.wav,0.598261833190918,0.37149426341056824,0.8981975317001343,0.31190526485443115,0.34077396988868713,0.2880261540412903
tele_bridge_pick17__00001000__s0052.wav,0.9210095405578613,0.9483822584152222,0.11720980703830719,0.22093693912029266,0.9006907343864441,0.856822669506073
strat_bridge_fing03__00001000__s0013.wav,0.6426715850830078,0.6171455979347229,0.9252800941467285,0.7519340515136719,0.3931691348552704,0.5773861408233643
tele_neck_pick15__00001000__s0052.wav,0.5448673963546753,0.7135738134384155,0.23325440287590027,0.3687756061553955,0.7352951765060425,0.5515677332878113
strat_neck_pick17__00001000__s0032.wav,0.3553507328033447,0.46378564834594727,0.481541246175766,0.42040157318115234,0.8824530839920044,0.8232648372650146
strat_bridge_fing01__00001000__s0044.wav,0.5210216641426086,0.5553097128868103,0.09412074089050293,0.39901989698410034,0.6804564595222473,0.7117603421211243
tele_bridge_fing19__00001000__s0000.wav,0.6787203550338745,0.7190032005310059,0.8190166354179382,0.45942288637161255,0.9801064729690552,0.9272841215133667
strat_neck_fing23__00001000__s0004.wav,0.9913238286972046,0.7088884115219116,0.7300443649291992,0.5215020179748535,0.20207609236240387,0.27114275097846985
strat_neck_fing16__00001000__s0043.wav,0.6407933831214905,0.6627740859985352,0.9955297112464905,0.6703134179115295,0.7969120144844055,0.6699004769325256
prs_neck_pick18__00001000__s0032.wav,0.11442769318819046,0.6621146202087402,0.36963313817977905,0.5182616114616394,0.0016473853029310703,0.08281048387289047
strat_bridge_fing22__00001000__s0032.wav,0.09459144622087479,0.22605189681053162,0.5637735724449158,0.607613205909729,0.8195048570632935,0.6512213945388794
prs_neck_fing21__00001000__s0055.wav,0.6513131856918335,0.7055456638336182,0.9659649729728699,0.6606224775314331,0.8912310004234314,0.9041707515716553
strat_neck_fing23__00001000__s0055.wav,0.023671558126807213,0.24330992996692657,0.2823522090911865,0.20953409373760223,0.1524151861667633,0.26045724749565125
prs_bridge_fing23__00001000__s0014.wav,0.0460553877055645,0.19869500398635864,0.9761096835136414,0.7547811269760132,0.06044449657201767,0.19107212126255035
les_neck_pick15__00001000__s0035.wav,0.47828516364097595,0.4270994961261749,0.4679364562034607,0.4905756413936615,0.7830157279968262,0.4247565269470215
les_bridge_fing18__00001000__s0008.wav,0.5373634696006775,0.6031761169433594,0.6901453733444214,0.54927659034729,0.9337610006332397,0.974567711353302
strat_neck_pick03__00001000__s0039.wav,0.9597762823104858,0.8576014041900635,0.33173704147338867,0.53370201587677,0.5587391257286072,0.36957210302352905
strat_neck_pick23__00001000__s0039.wav,0.7852924466133118,0.5269164443016052,0.7400273680686951,0.28643906116485596,0.39816248416900635,0.43057626485824585
prs_bridge_fing17__00001000__s0010.wav,0.5856946706771851,0.7059424519538879,0.13991063833236694,0.5290409922599792,0.5560463666915894,0.4399735629558563
strat_neck_fing03__00001000__s0025.wav,0.23665781319141388,0.36570417881011963,0.5934003591537476,0.7398201823234558,0.5908177495002747,0.5002150535583496
strat_neck_fing09__00001000__s0014.wav,0.8199657797813416,0.870502233505249,0.28434982895851135,0.32233038544654846,0.7724160552024841,0.7680198550224304
les_neck_pick06__00001000__s0040.wav,0.5471605658531189,0.5330435633659363,0.07777534425258636,0.39533936977386475,0.7514234781265259,0.4885377883911133
strat_bridge_fing17__00001000__s0044.wav,0.2656432092189789,0.5842863321304321,0.05629587918519974,0.4691636264324188,0.6166228652000427,0.285923570394516
tele_bridge_fing08__00001000__s0052.wav,0.020144572481513023,0.048726122826337814,0.2797416150569916,0.35274097323417664,0.29400303959846497,0.35565486550331116
tele_neck_fing09__00001000__s0006.wav,0.5517503619194031,0.5570065379142761,0.3924272060394287,0.4570695757865906,0.06190815195441246,0.21695822477340698
strat_neck_pick20__00001000__s0001.wav,0.3268156051635742,0.4040754437446594,0.8819003701210022,0.7870945930480957,0.8328074216842651,0.7908315062522888
strat_neck_fing06__00001000__s0024.wav,0.33003655076026917,0.5288658738136292,0.38904064893722534,0.5348833799362183,0.7980180978775024,0.37859493494033813
strat_bridge_fing08__00001000__s0025.wav,0.5834774374961853,0.5618169903755188,0.804969847202301,0.6739187240600586,0.9795399308204651,0.9573760032653809
prs_bridge_pick23__00001000__s0009.wav,0.9655182361602783,0.8123948574066162,0.39956316351890564,0.7864665389060974,0.009944652207195759,0.09194017946720123
strat_bridge_pick17__00001000__s0052.wav,0.24696382880210876,0.1681136041879654,0.672096312046051,0.6757839918136597,0.1704864650964737,0.20745818316936493
strat_bridge_pick18__00001000__s0025.wav,0.4490300416946411,0.792381227016449,0.5020043849945068,0.6609862446784973,0.10901202261447906,0.07481805235147476
strat_neck_fing22__00001000__s0009.wav,0.32501810789108276,0.6517703533172607,0.6726813912391663,0.5769600868225098,0.8710547685623169,0.8489982485771179
les_bridge_pick07__00001000__s0011.wav,0.7695596814155579,0.7030370235443115,0.4325152337551117,0.19361992180347443,0.4312739670276642,0.5273726582527161
tele_bridge_fing02__00001000__s0032.wav,0.005877222400158644,0.5383166670799255,0.1907627284526825,0.3022329807281494,0.3871738910675049,0.6816452145576477
strat_bridge_fing08__00001000__s0018.wav,0.1994750052690506,0.38595882058143616,0.9798649549484253,0.664078414440155,0.24691858887672424,0.3967275023460388
prs_bridge_pick08__00001000__s0010.wav,0.5915991067886353,0.639563262462616,0.8554762005805969,0.6250617504119873,0.5999299883842468,0.6463885307312012
tele_bridge_pick05__00001000__s0055.wav,0.8715670108795166,0.6084367632865906,0.1268683820962906,0.3843720257282257,0.8402053117752075,0.8504014015197754
strat_bridge_fing01__00001000__s0047.wav,0.27095431089401245,0.5170897841453552,0.8750260472297668,0.47845155000686646,0.07486771792173386,0.5732714533805847
strat_bridge_pick16__00001000__s0022.wav,0.3483871817588806,0.3044549822807312,0.20744852721691132,0.3529016375541687,0.2887767255306244,0.3748866617679596
prs_neck_fing11__00001000__s0002.wav,0.2106054276227951,0.41843974590301514,0.6428995728492737,0.6939737796783447,0.9519469738006592,0.9372135996818542
prs_neck_fing09__00001000__s0034.wav,0.17600485682487488,0.3111433684825897,0.962457537651062,0.8037811517715454,0.50954669713974,0.6420638561248779
prs_neck_pick13__00001000__s0017.wav,0.9307315349578857,0.7660044431686401,0.4717307388782501,0.5624006986618042,0.5053482055664062,0.4434608519077301
prs_neck_pick18__00001000__s0009.wav,0.08721693605184555,0.0876983180642128,0.4597708284854889,0.5661241412162781,0.8579007387161255,0.8166545033454895
les_neck_pick21__00001000__s0012.wav,0.40796688199043274,0.30293312668800354,0.04627522453665733,0.4318009912967682,0.7230291962623596,0.7067803144454956
strat_bridge_pick17__00001000__s0038.wav,0.15067201852798462,0.24855121970176697,0.34703341126441956,0.3827306032180786,0.3145435154438019,0.4547724425792694
strat_bridge_fing20__00001000__s0015.wav,0.47904327511787415,0.3589107096195221,0.2985740005970001,0.3858754336833954,0.4741935431957245,0.415222704410553
strat_neck_pick11__00001000__s0050.wav,0.32961544394493103,0.4005208909511566,0.7456711530685425,0.683427095413208,0.8546114563941956,0.948854923248291
prs_neck_fing24__00001000__s0016.wav,0.18035264313220978,0.20909377932548523,0.8718858957290649,0.8067706227302551,0.24036718904972076,0.4164268672466278
prs_bridge_fing05__00001000__s0029.wav,0.5517731308937073,0.7999420166015625,0.29978325963020325,0.8121761083602905,0.06023826077580452,0.41037222743034363
les_neck_fing04__00001000__s0013.wav,0.5822712182998657,0.7818965911865234,0.914493978023529,0.808330237865448,0.675728440284729,0.5984809994697571
prs_bridge_pick20__00001000__s0005.wav,0.974330723285675,0.9473592042922974,0.6184337139129639,0.6737536787986755,0.7000412344932556,0.7668929696083069
tele_bridge_pick04__00001000__s0008.wav,0.22150440514087677,0.23253488540649414,0.4467921257019043,0.6623786687850952,0.20592185854911804,0.3361452519893646
strat_neck_pick04__00001000__s0025.wav,0.5129773616790771,0.5567026734352112,0.2779260277748108,0.7001966834068298,0.9744825959205627,0.9692809581756592
les_bridge_pick18__00001000__s0052.wav,0.07662328332662582,0.07774896919727325,0.7168605327606201,0.8291172981262207,0.5594412684440613,0.4651038646697998
prs_neck_fing12__00001000__s0043.wav,0.22298793494701385,0.19871938228607178,0.6351653337478638,0.7220679521560669,0.5374148488044739,0.6392413973808289
prs_bridge_pick16__00001000__s0048.wav,0.24780985713005066,0.37363865971565247,0.48183608055114746,0.792707622051239,0.7559603452682495,0.6919124722480774
strat_bridge_pick12__00001000__s0027.wav,0.5510552525520325,0.535768985748291,0.7750751376152039,0.6453141570091248,0.94715815782547,0.9402602314949036
prs_neck_pick19__00001000__s0034.wav,0.9314561486244202,0.7231695055961609,0.36078861355781555,0.45541200041770935,0.7421420216560364,0.6377907395362854
tele_neck_fing21__00001000__s0021.wav,0.9800913333892822,0.6998911499977112,0.9204437732696533,0.6853064894676208,0.5623787641525269,0.17622168362140656
prs_bridge_fing02__00001000__s0045.wav,0.6553934812545776,0.8209280371665955,0.192747101187706,0.2584322988986969,0.3995950222015381,0.22105097770690918
prs_bridge_fing04__00001000__s0043.wav,0.3885737657546997,0.4293481409549713,0.5068678259849548,0.43160107731819153,0.05882532522082329,0.12598642706871033
prs_neck_fing07__00001000__s0050.wav,0.469422310590744,0.5196955800056458,0.2622517943382263,0.8341690897941589,0.30992308259010315,0.14876461029052734
tele_neck_pick13__00001000__s0021.wav,0.4870617091655731,0.4135993719100952,0.13724619150161743,0.18739895522594452,0.13037295639514923,0.28753823041915894
strat_bridge_fing20__00001000__s0030.wav,0.8779460191726685,0.601360559463501,0.24266253411769867,0.4880070090293884,0.05542655289173126,0.05053580179810524
tele_neck_pick19__00001000__s0034.wav,0.12591369450092316,0.2499467134475708,0.5901926755905151,0.6966047883033752,0.6864409446716309,0.5143662095069885
prs_neck_fing08__00001000__s0040.wav,0.06612848490476608,0.35083478689193726,0.8577282428741455,0.9250580072402954,0.4556746780872345,0.6688874363899231
tele_bridge_pick07__00001000__s0048.wav,0.3239702880382538,0.3007609248161316,0.4230993390083313,0.5323345065116882,0.07831687480211258,0.24298344552516937
les_neck_pick19__00001000__s0008.wav,0.6210423707962036,0.6326931118965149,0.30453282594680786,0.4836253821849823,0.7995718717575073,0.8430785536766052
les_neck_fing24__00001000__s0055.wav,0.6016196608543396,0.6705066561698914,0.2916311025619507,0.6207547187805176,0.9355901479721069,0.9327617287635803
tele_neck_fing15__00001000__s0014.wav,0.7494827508926392,0.694866418838501,0.17087996006011963,0.6703027486801147,0.6514732241630554,0.7510046362876892
prs_neck_pick09__00001000__s0049.wav,0.16059520840644836,0.3747374415397644,0.05058935657143593,0.59425288438797,0.6842222809791565,0.5346322059631348
les_neck_fing20__00001000__s0037.wav,0.24106109142303467,0.15508396923542023,0.7775629162788391,0.6626573204994202,0.3124915659427643,0.3164072036743164
les_neck_pick23__00001000__s0045.wav,0.008692082948982716,0.10056441277265549,0.7961816191673279,0.6696693897247314,0.8376815319061279,0.7782881855964661
les_neck_pick22__00001000__s0029.wav,0.3298235535621643,0.3245640695095062,0.5726594924926758,0.3266570568084717,0.22783291339874268,0.31966692209243774
strat_bridge_fing18__00001000__s0042.wav,0.45258647203445435,0.31126827001571655,0.8808346390724182,0.14152340590953827,0.08178863674402237,0.30620908737182617
prs_neck_fing06__00001000__s0035.wav,0.1237107515335083,0.16161909699440002,0.7830625772476196,0.8156217932701111,0.9607996940612793,0.9352587461471558
strat_neck_pick04__00001000__s0011.wav,0.36790192127227783,0.3716857433319092,0.617175281047821,0.7825638055801392,0.4210624098777771,0.34907060861587524
tele_neck_pick02__00001000__s0052.wav,0.49934831261634827,0.5465198755264282,0.5655588507652283,0.4127753973007202,0.8182212114334106,0.8876807689666748
prs_neck_pick08__00001000__s0007.wav,0.5518530607223511,0.4936004877090454,0.6608384847640991,0.23995943367481232,0.11943534016609192,0.22039677202701569
tele_bridge_pick11__00001000__s0055.wav,0.43475019931793213,0.4153468906879425,0.44377443194389343,0.611486554145813,0.4716397523880005,0.45031821727752686
prs_bridge_pick12__00001000__s0009.wav,0.005858365911990404,0.14607685804367065,0.35617801547050476,0.4518367648124695,0.4214181900024414,0.5333814024925232
les_neck_pick08__00001000__s0026.wav,0.931242823600769,0.9477403163909912,0.9416250586509705,0.38279426097869873,0.9924811124801636,0.9607028365135193
strat_bridge_pick24__00001000__s0021.wav,0.7428553104400635,0.15694408118724823,0.4933655261993408,0.2161746621131897,0.0034109996631741524,0.10685132443904877
tele_neck_fing14__00001000__s0043.wav,0.5816128849983215,0.6053611636161804,0.1690390706062317,0.3658097982406616,0.48419949412345886,0.3684317171573639
strat_bridge_fing16__00001000__s0050.wav,0.7831255197525024,0.7551135420799255,0.9100894927978516,0.8677492141723633,0.6023743152618408,0.7323216199874878
strat_bridge_fing23__00001000__s0029.wav,0.14758913218975067,0.21747826039791107,0.05484386533498764,0.29789337515830994,0.9973313808441162,0.8851266503334045
prs_neck_pick07__00001000__s0004.wav,0.7962610125541687,0.5747030377388,0.07038157433271408,0.20086728036403656,0.08418535441160202,0.34043702483177185
les_bridge_fing24__00001000__s0050.wav,0.8967111706733704,0.8325352668762207,0.9719672799110413,0.8476756811141968,0.5066759586334229,0.5066877603530884
les_neck_pick07__00001000__s0043.wav,0.9811120629310608,0.8174986839294434,0.5956041216850281,0.6897379755973816,0.3839121460914612,0.2352706789970398
strat_neck_fing04__00001000__s0055.wav,0.6744971871376038,0.8146678805351257,0.26950186491012573,0.23559537529945374,0.8396635055541992,0.7284749746322632
les_bridge_fing07__00001000__s0017.wav,0.5251935720443726,0.47199347615242004,0.20138977468013763,0.4262356758117676,0.298280268907547,0.29459041357040405
prs_bridge_fing14__00001000__s0024.wav,0.7705014944076538,0.811673104763031,0.3494049906730652,0.656398355960846,0.8242602944374084,0.7387325763702393
prs_neck_fing08__00001000__s0026.wav,0.4268261790275574,0.686330258846283,0.05122018977999687,0.3996948301792145,0.2206149697303772,0.39474987983703613
prs_neck_fing21__00001000__s0041.wav,0.8789383769035339,0.8619359135627747,0.2919010519981384,0.35503458976745605,0.7781481742858887,0.7949224710464478
prs_neck_pick21__00001000__s0032.wav,0.6883663535118103,0.44030556082725525,0.21189309656620026,0.3240940272808075,0.23444543778896332,0.12912783026695251
prs_bridge_pick08__00001000__s0001.wav,0.8367799520492554,0.8499833941459656,0.6546326279640198,0.8711988925933838,0.6709233522415161,0.6257694959640503
prs_neck_fing04__00001000__s0050.wav,0.5551187992095947,0.6299983263015747,0.17971712350845337,0.5574752688407898,0.2452860325574875,0.3354855477809906
les_neck_pick23__00001000__s0051.wav,0.6186633706092834,0.5082265734672546,0.6408524513244629,0.5110920071601868,0.470263808965683,0.5402665138244629
tele_neck_pick12__00001000__s0010.wav,0.7808260321617126,0.662222683429718,0.2942802608013153,0.6396903395652771,0.09898342937231064,0.09099268913269043
tele_bridge_pick10__00001000__s0052.wav,0.9520951509475708,0.9469152688980103,0.7790787816047668,0.5222227573394775,0.9356416463851929,0.8864977359771729
prs_neck_fing01__00001000__s0032.wav,0.5477186441421509,0.675780713558197,0.4820575714111328,0.32297495007514954,0.033706728368997574,0.15239779651165009
les_bridge_pick11__00001000__s0008.wav,0.5954564809799194,0.5870295763015747,0.09567089378833771,0.31503617763519287,0.3464522063732147,0.5142894983291626
les_neck_fing08__00001000__s0018.wav,0.5656977891921997,0.6352830529212952,0.6725088953971863,0.4853454530239105,0.8021852970123291,0.8146470785140991
tele_neck_pick22__00001000__s0049.wav,0.4115334153175354,0.7857893705368042,0.38023248314857483,0.43175679445266724,0.6181694269180298,0.42247697710990906
strat_bridge_fing22__00001000__s0030.wav,0.06002438813447952,0.137430340051651,0.7200708389282227,0.5969962477684021,0.34478119015693665,0.702556312084198
prs_bridge_pick23__00001000__s0019.wav,0.43200814723968506,0.4254472255706787,0.2802894711494446,0.28544336557388306,0.23274843394756317,0.52205491065979
strat_bridge_pick08__00001000__s0026.wav,0.981087327003479,0.45369425415992737,0.21749955415725708,0.6341058611869812,0.47327542304992676,0.5923714637756348
prs_bridge_fing22__00001000__s0036.wav,0.08764319121837616,0.09525632113218307,0.17850753664970398,0.28324049711227417,0.5039737820625305,0.3867359757423401
prs_bridge_pick13__00001000__s0054.wav,0.2496103197336197,0.3485969603061676,0.11514825373888016,0.6068849563598633,0.6961122155189514,0.7030627727508545
prs_bridge_fing07__00001000__s0009.wav,0.9498315453529358,0.7861433625221252,0.6772369146347046,0.6947370171546936,0.4832349419593811,0.3307082951068878
les_neck_fing12__00001000__s0021.wav,0.04672706872224808,0.14686153829097748,0.7784770727157593,0.7511769533157349,0.17649517953395844,0.490991473197937
tele_bridge_fing08__00001000__s0001.wav,0.7014278173446655,0.8063288927078247,0.02983125112950802,0.48887932300567627,0.7023065686225891,0.577206015586853
prs_neck_fing15__00001000__s0017.wav,0.8318496942520142,0.7786352038383484,0.7434291839599609,0.5240376591682434,0.9584399461746216,0.9447352886199951
les_neck_pick21__00001000__s0039.wav,0.4197438657283783,0.3642021119594574,0.540093183517456,0.6202723979949951,0.9534717202186584,0.9293997287750244
prs_bridge_pick11__00001000__s0049.wav,0.5020659565925598,0.8639556169509888,0.4263654351234436,0.5973406434059143,0.5506234169006348,0.2636359632015228
tele_neck_pick10__00001000__s0022.wav,0.18930000066757202,0.24356362223625183,0.20036523044109344,0.4127730429172516,0.9426291584968567,0.7241489887237549
les_bridge_pick16__00001000__s0025.wav,0.3026729226112366,0.4176064729690552,0.9034247994422913,0.40603166818618774,0.0003966426884289831,0.07484764605760574
strat_neck_pick05__00001000__s0035.wav,0.05226706713438034,0.05634884163737297,0.42744532227516174,0.48132047057151794,0.6753044724464417,0.7640066742897034
prs_bridge_fing19__00001000__s0017.wav,0.6487078070640564,0.6351016163825989,0.6205204725265503,0.5985571146011353,0.6485123634338379,0.5459407567977905
tele_bridge_fing08__00001000__s0047.wav,0.17295344173908234,0.08312392234802246,0.9926843643188477,0.9115411639213562,0.41122856736183167,0.41635969281196594
les_neck_fing14__00001000__s0004.wav,0.28874582052230835,0.6615585684776306,0.5050318241119385,0.18684022128582,0.007826581597328186,0.30061817169189453
les_bridge_fing09__00001000__s0034.wav,0.3989388644695282,0.2828892469406128,0.31872761249542236,0.25795778632164,0.5755744576454163,0.3567635118961334
les_bridge_pick23__00001000__s0003.wav,0.5285647511482239,0.5816332697868347,0.23235110938549042,0.556979775428772,0.11561000347137451,0.09306832402944565
les_neck_fing23__00001000__s0016.wav,0.9630951881408691,0.793923020362854,0.5644528865814209,0.2932755649089813,0.2923624813556671,0.24100852012634277
les_bridge_pick21__00001000__s0008.wav,0.2037835419178009,0.09516192227602005,0.4618842303752899,0.172489732503891,0.2503654360771179,0.3850318193435669
tele_bridge_fing07__00001000__s0002.wav,0.97027587890625,0.9437079429626465,0.3175428807735443,0.672940731048584,0.6770332455635071,0.7865440249443054
tele_neck_pick12__00001000__s0008.wav,0.9995641112327576,0.845703661441803,0.12646561861038208,0.15302674472332,0.6287195682525635,0.5838474631309509
prs_neck_pick06__00001000__s0050.wav,0.4689836800098419,0.644000768661499,0.27847233414649963,0.2638636827468872,0.3226918876171112,0.5042761564254761
les_bridge_pick11__00001000__s0021.wav,0.9542177319526672,0.6997089385986328,0.5316839218139648,0.5790972113609314,0.3987257480621338,0.2223091721534729
prs_bridge_pick19__00001000__s0046.wav,0.6190025806427002,0.6290490031242371,0.4186948239803314,0.4546425938606262,0.7264634370803833,0.6521690487861633
les_neck_fing01__00001000__s0042.wav,0.9668763279914856,0.9098187685012817,0.5437382459640503,0.14187321066856384,0.3476713001728058,0.37047073245048523
prs_bridge_pick13__00001000__s0028.wav,0.505092978477478,0.373931348323822,0.7320235371589661,0.45040008425712585,0.2624312937259674,0.38998106122016907
strat_neck_fing01__00001000__s0003.wav,0.606257975101471,0.3830450475215912,0.979590654373169,0.8174421787261963,0.6397536396980286,0.5799663066864014
strat_neck_fing23__00001000__s0044.wav,0.22035515308380127,0.3749479353427887,0.5138087272644043,0.11537910997867584,0.055297981947660446,0.36527636647224426
tele_neck_fing01__00001000__s0008.wav,0.7858524918556213,0.626120924949646,0.6791270971298218,0.5276795625686646,0.7831684350967407,0.7853550314903259
les_neck_pick21__00001000__s0045.wav,0.6995401382446289,0.8391439318656921,0.6685767769813538,0.6374542117118835,0.6708319187164307,0.7691581845283508
les_bridge_fing03__00001000__s0027.wav,0.22332221269607544,0.46291953325271606,0.740202009677887,0.7768580317497253,0.5771417021751404,0.7191991209983826
strat_bridge_pick02__00001000__s0004.wav,0.9935724139213562,0.7912517786026001,0.9890570640563965,0.4462711215019226,0.47924691438674927,0.3320152759552002
prs_neck_fing22__00001000__s0044.wav,0.7682687044143677,0.8379389643669128,0.25298285484313965,0.7095714807510376,0.6761430501937866,0.6211981773376465
tele_neck_fing06__00001000__s0002.wav,0.5200053453445435,0.4485030472278595,0.28335440158843994,0.3986668884754181,0.6812530755996704,0.6752269268035889
les_bridge_fing10__00001000__s0016.wav,0.7164777517318726,0.4702990651130676,0.8295506834983826,0.4399344325065613,0.3509600758552551,0.4741782546043396
les_bridge_pick15__00001000__s0037.wav,0.16146448254585266,0.21737565100193024,0.27033135294914246,0.4173576533794403,0.12810932099819183,0.2021794319152832
tele_neck_fing15__00001000__s0011.wav,0.8072755336761475,0.6618337035179138,0.6453620195388794,0.43233752250671387,0.5348615646362305,0.5448368191719055
tele_bridge_pick01__00001000__s0006.wav,0.5435509085655212,0.7980935573577881,0.28544387221336365,0.5252062678337097,0.011982999742031097,0.05720845237374306
strat_bridge_pick14__00001000__s0009.wav,0.7921711802482605,0.4747050404548645,0.21356149017810822,0.2496567666530609,0.13626310229301453,0.1261347085237503
strat_neck_pick25__00001000__s0014.wav,0.8489556312561035,0.6422391533851624,0.7162246108055115,0.5476589798927307,0.49553540349006653,0.48762914538383484
tele_bridge_fing04__00001000__s0033.wav,0.9253391027450562,0.8112050890922546,0.8703756332397461,0.5427955389022827,0.5694518685340881,0.41877174377441406
prs_bridge_pick24__00001000__s0007.wav,0.16621190309524536,0.1409587264060974,0.9766433238983154,0.7514397501945496,0.9055483341217041,0.9221116900444031
les_bridge_fing05__00001000__s0041.wav,0.569727897644043,0.5616173148155212,0.9642726182937622,0.7268739342689514,0.5855650901794434,0.5785666108131409
prs_neck_pick21__00001000__s0048.wav,0.620846152305603,0.5207141637802124,0.07910491526126862,0.3620951473712921,0.36081311106681824,0.4286598861217499
strat_bridge_pick17__00001000__s0053.wav,0.40179765224456787,0.31376123428344727,0.07693824172019958,0.39915257692337036,0.9615698456764221,0.9716729521751404
prs_neck_fing04__00001000__s0042.wav,0.9198777079582214,0.8342962265014648,0.7408716678619385,0.5394441485404968,0.3541226387023926,0.3540803790092468
strat_neck_pick19__00001000__s0046.wav,0.6533123850822449,0.7842671275138855,0.2849256694316864,0.11748300492763519,0.9135295748710632,0.9410075545310974
prs_neck_pick23__00001000__s0036.wav,0.8241225481033325,0.8445837497711182,0.5366012454032898,0.45564234256744385,0.7634839415550232,0.653784990310669
strat_neck_fing10__00001000__s0010.wav,0.1665422022342682,0.5538108348846436,0.10482935607433319,0.2905653119087219,0.4543699622154236,0.4604000151157379
tele_neck_fing02__00001000__s0016.wav,0.343764990568161,0.8044912219047546,0.06792271137237549,0.45015838742256165,0.021007636561989784,0.07334541529417038
les_neck_fing21__00001000__s0026.wav,0.47445785999298096,0.4369460344314575,0.9141824841499329,0.7334186434745789,0.49374377727508545,0.7625662088394165
strat_neck_pick14__00001000__s0008.wav,0.28565892577171326,0.3040504455566406,0.3496376574039459,0.5212182998657227,0.9279744029045105,0.8088577389717102
strat_bridge_pick23__00001000__s0010.wav,0.27236488461494446,0.15482878684997559,0.495746374130249,0.16581225395202637,0.10285061597824097,0.3156862258911133
strat_neck_pick15__00001000__s0045.wav,0.01895110495388508,0.06169730797410011,0.4595993161201477,0.5494000911712646,0.7470047473907471,0.4498348832130432
les_bridge_pick04__00001000__s0043.wav,0.9625688195228577,0.743058443069458,0.6580800414085388,0.5507718920707703,0.5975653529167175,0.4780237674713135
prs_neck_fing20__00001000__s0025.wav,0.5845508575439453,0.6984655857086182,0.1236007958650589,0.1946096569299698,0.5800480842590332,0.3772890269756317
prs_neck_fing21__00001000__s0035.wav,0.2056458592414856,0.34953564405441284,0.27864861488342285,0.7453272938728333,0.07746045291423798,0.05392942205071449
prs_bridge_fing09__00001000__s0022.wav,0.04985130578279495,0.15539990365505219,0.9280835390090942,0.8658906817436218,0.8210281729698181,0.6629693508148193
les_bridge_fing16__00001000__s0012.wav,0.35831502079963684,0.29241323471069336,0.6287932991981506,0.7651790976524353,0.5374925136566162,0.5116997957229614
strat_neck_fing15__00001000__s0042.wav,0.11029642820358276,0.2756829261779785,0.06620845198631287,0.26487916707992554,0.14259539544582367,0.1707906424999237
prs_neck_fing24__00001000__s0040.wav,0.41739410161972046,0.4367353320121765,0.14454010128974915,0.22839036583900452,0.8140357732772827,0.8642189502716064
tele_bridge_fing17__00001000__s0020.wav,0.514822781085968,0.7364707589149475,0.4287413954734802,0.6140579581260681,0.8362445831298828,0.6390116214752197
les_bridge_pick15__00001000__s0054.wav,0.061763256788253784,0.26259979605674744,0.6165637373924255,0.7298353910446167,0.6184020042419434,0.5069142580032349
tele_neck_pick05__00001000__s0048.wav,0.6142049431800842,0.6610541343688965,0.8173673748970032,0.8850538730621338,0.8331232666969299,0.8630977869033813
prs_bridge_pick02__00001000__s0032.wav,0.6130185127258301,0.5715237855911255,0.8218889236450195,0.4799572825431824,0.3816678822040558,0.22622889280319214
tele_neck_pick09__00001000__s0038.wav,0.5407748222351074,0.28497013449668884,0.42864692211151123,0.4712353050708771,0.364902526140213,0.633910059928894
prs_bridge_fing18__00001000__s0010.wav,0.6974811553955078,0.7312866449356079,0.5059149861335754,0.6621946692466736,0.39090293645858765,0.36429640650749207
tele_bridge_fing16__00001000__s0053.wav,0.5556082725524902,0.5541351437568665,0.7863869071006775,0.7372997999191284,0.10165975242853165,0.08742981404066086
tele_neck_pick22__00001000__s0013.wav,0.276785671710968,0.3311660587787628,0.17030629515647888,0.6228247284889221,0.7208060622215271,0.44619330763816833
les_bridge_pick02__00001000__s0001.wav,0.7955299019813538,0.43792593479156494,0.3488258421421051,0.4793851971626282,0.35742467641830444,0.2019323706626892
strat_bridge_fing18__00001000__s0029.wav,0.5286197066307068,0.4092065691947937,0.8716704249382019,0.6543212532997131,0.25439417362213135,0.4889402985572815
tele_bridge_fing08__00001000__s0050.wav,0.04872388392686844,0.4663257896900177,0.7297442555427551,0.35202857851982117,0.02751220390200615,0.22613826394081116
prs_bridge_fing11__00001000__s0027.wav,0.29937928915023804,0.5708394050598145,0.23932914435863495,0.6021370887756348,0.6797547936439514,0.681297779083252
tele_neck_fing17__00001000__s0021.wav,0.7737956047058105,0.8836110830307007,0.3956455588340759,0.3830282390117645,0.8492897748947144,0.8241550922393799
prs_bridge_pick25__00001000__s0016.wav,0.8756063580513,0.8497030138969421,0.6010080575942993,0.5334925651550293,0.7099233269691467,0.6226786375045776
les_neck_pick08__00001000__s0038.wav,0.05601157248020172,0.17467845976352692,0.430370569229126,0.593756914138794,0.8804404139518738,0.509678304195404
tele_neck_fing20__00001000__s0048.wav,0.3879915177822113,0.519599199295044,0.8725626468658447,0.5084748864173889,0.7387461066246033,0.7175495624542236
tele_neck_fing24__00001000__s0002.wav,0.13025736808776855,0.15324482321739197,0.5872498750686646,0.33927854895591736,0.10646279901266098,0.16865551471710205
les_neck_fing02__00001000__s0008.wav,0.30565956234931946,0.34621313214302063,0.4799765348434448,0.5909101366996765,0.28988394141197205,0.4720480442047119
tele_neck_fing06__00001000__s0054.wav,0.892691433429718,0.6439651250839233,0.9123735427856445,0.49010777473449707,0.01939254440367222,0.08744674175977707
strat_neck_pick15__00001000__s0040.wav,0.23705057799816132,0.2958507537841797,0.4936610460281372,0.7382055521011353,0.946472704410553,0.885310173034668
les_neck_pick25__00001000__s0049.wav,0.019933773204684258,0.2234421968460083,0.6395693421363831,0.6641100645065308,0.4580844044685364,0.45024803280830383
les_bridge_fing24__00001000__s0002.wav,0.5975422263145447,0.4879837930202484,0.8853520154953003,0.5577341318130493,0.6787315011024475,0.7528852224349976
prs_bridge_pick07__00001000__s0017.wav,0.7369160652160645,0.8124051690101624,0.9815456867218018,0.6788427829742432,0.5363679528236389,0.40707889199256897
prs_neck_pick02__00001000__s0036.wav,0.4120270311832428,0.39860907196998596,0.7737906575202942,0.6808212995529175,0.7900093197822571,0.6252850890159607
tele_neck_fing16__00001000__s0013.wav,0.8131310939788818,0.8240060806274414,0.9600560069084167,0.42013564705848694,0.6533183455467224,0.48063212633132935
tele_bridge_pick24__00001000__s0012.wav,0.4631689786911011,0.5086120963096619,0.1924484372138977,0.23783138394355774,0.7292888164520264,0.5370385646820068
strat_neck_fing08__00001000__s0049.wav,0.7949177622795105,0.7186103463172913,0.20099538564682007,0.47793814539909363,0.8748111128807068,0.8462927937507629
les_neck_fing22__00001000__s0034.wav,0.13504654169082642,0.47041448950767517,0.9474194049835205,0.3953213393688202,0.07531660795211792,0.13053636252880096
tele_bridge_fing16__00001000__s0044.wav,0.849623441696167,0.9032645225524902,0.39116370677948,0.4246845841407776,0.5895715355873108,0.4768882989883423
tele_bridge_fing06__00001000__s0047.wav,0.8423221111297607,0.7122804522514343,0.7512356042861938,0.7061787247657776,0.7443779110908508,0.6266629695892334
strat_bridge_pick20__00001000__s0008.wav,0.5355637669563293,0.5239018201828003,0.7484883069992065,0.5592411160469055,0.15798324346542358,0.30823925137519836
prs_neck_pick12__00001000__s0007.wav,0.4895401895046234,0.6418125033378601,0.5786474347114563,0.597447395324707,0.6599140763282776,0.6122089624404907
prs_neck_pick05__00001000__s0051.wav,0.9943657517433167,0.7140300273895264,0.8513747453689575,0.2447272539138794,0.22848229110240936,0.37035882472991943
tele_bridge_fing25__00001000__s0030.wav,0.07854104787111282,0.027842039242386818,0.6944026947021484,0.8908675909042358,0.758744478225708,0.49221640825271606
prs_neck_fing17__00001000__s0024.wav,0.36520135402679443,0.35536640882492065,0.057647984474897385,0.20614667236804962,0.7157764434814453,0.4387176036834717
tele_neck_fing05__00001000__s0017.wav,0.550860583782196,0.29509979486465454,0.9039064645767212,0.7299242615699768,0.27415215969085693,0.43842148780822754
strat_bridge_fing09__00001000__s0039.wav,0.641426682472229,0.5811054706573486,0.5495741367340088,0.14358821511268616,0.40218260884284973,0.5849257707595825
prs_bridge_fing01__00001000__s0017.wav,0.7440170645713806,0.3407888114452362,0.2745824158191681,0.18092074990272522,0.009101910516619682,0.14345380663871765
les_bridge_fing05__00001000__s0050.wav,0.8509070873260498,0.6639110445976257,0.4680955708026886,0.39231565594673157,0.7007236480712891,0.7600806951522827
les_bridge_fing23__00001000__s0011.wav,0.0896989181637764,0.23978309333324432,0.6408360004425049,0.6991578340530396,0.40570488572120667,0.20840765535831451
les_bridge_pick16__00001000__s0027.wav,0.5741205215454102,0.4112169146537781,0.2769685685634613,0.6380012631416321,0.6248453259468079,0.4119989275932312
prs_neck_pick16__00001000__s0050.wav,0.6459953188896179,0.42243900895118713,0.817063570022583,0.5664108395576477,0.5354035496711731,0.5008233785629272
les_neck_pick07__00001000__s0011.wav,0.085026815533638,0.06990870833396912,0.14865000545978546,0.13261659443378448,0.9273508787155151,0.665420413017273
prs_neck_pick25__00001000__s0008.wav,0.536067545413971,0.5355075597763062,0.6328884363174438,0.639029324054718,0.797444760799408,0.6339070796966553
les_bridge_fing15__00001000__s0019.wav,0.2445603311061859,0.257272869348526,0.9541186094284058,0.7793609499931335,0.7010686993598938,0.6075429320335388
les_neck_fing01__00001000__s0030.wav,0.8442466855049133,0.8731172680854797,0.6571853160858154,0.7386395335197449,0.8710620999336243,0.8259692192077637
tele_bridge_pick13__00001000__s0054.wav,0.2045082002878189,0.42629390954971313,0.48566707968711853,0.6967531442642212,0.4926586151123047,0.8161731958389282
prs_bridge_pick11__00001000__s0015.wav,0.934572696685791,0.9439042210578918,0.4378069043159485,0.2631648778915405,0.9251019358634949,0.8916633129119873
les_bridge_pick23__00001000__s0006.wav,0.3644298315048218,0.5263150930404663,0.01829196698963642,0.10518721491098404,0.4283958375453949,0.4759857952594757
tele_bridge_fing05__00001000__s0028.wav,0.9800657629966736,0.9444212317466736,0.15748348832130432,0.49854761362075806,0.30754250288009644,0.4177514612674713
les_bridge_pick13__00001000__s0043.wav,0.8221025466918945,0.30350181460380554,0.939717173576355,0.7796488404273987,0.09080392122268677,0.11728633940219879
strat_bridge_fing06__00001000__s0009.wav,0.7975715398788452,0.6425979137420654,0.9981492757797241,0.1631832718849182,0.014611917547881603,0.2926669418811798
prs_bridge_pick10__00001000__s0038.wav,0.15582241117954254,0.15978223085403442,0.3291894495487213,0.3516124486923218,0.38762256503105164,0.4294765889644623
prs_neck_fing15__00001000__s0040.wav,0.4015008807182312,0.6227571964263916,0.24754254519939423,0.33196577429771423,0.39255306124687195,0.2827132046222687
tele_bridge_pick02__00001000__s0017.wav,0.8559898138046265,0.7213624119758606,0.49710750579833984,0.8113737106323242,0.9210123419761658,0.9499937295913696
tele_bridge_pick25__00001000__s0016.wav,0.4977464973926544,0.47055935859680176,0.37236958742141724,0.7579574584960938,0.3151387870311737,0.27406400442123413
tele_neck_fing24__00001000__s0012.wav,0.9433457255363464,0.9425851106643677,0.3461889624595642,0.6719118356704712,0.5766229629516602,0.44185999035835266
strat_bridge_fing15__00001000__s0010.wav,0.8209599256515503,0.8041326999664307,0.5399653315544128,0.5927398204803467,0.7017037272453308,0.6451564431190491
tele_neck_fing22__00001000__s0039.wav,0.13911597430706024,0.13407085835933685,0.6536330580711365,0.5931060910224915,0.2125525027513504,0.5186779499053955
prs_bridge_pick01__00001000__s0020.wav,0.546420693397522,0.4644656181335449,0.6565002202987671,0.7602328062057495,0.5966862440109253,0.5562913417816162
les_neck_pick04__00001000__s0029.wav,0.4002332389354706,0.43703868985176086,0.9684169888496399,0.7722470760345459,0.6685460805892944,0.5252988338470459
prs_neck_fing21__00001000__s0012.wav,0.653659999370575,0.6218039393424988,0.021104251965880394,0.5329207181930542,0.606421172618866,0.19638895988464355
strat_neck_pick20__00001000__s0013.wav,0.5773879289627075,0.7195641398429871,0.7344000935554504,0.7858087420463562,0.644058108329773,0.6631271243095398
tele_bridge_fing03__00001000__s0029.wav,0.9197825193405151,0.7048001885414124,0.24304115772247314,0.4635459780693054,0.021779268980026245,0.06768285483121872
strat_neck_pick05__00001000__s0052.wav,0.7870374917984009,0.8051400184631348,0.7676598429679871,0.7064661383628845,0.9598534107208252,0.9499961733818054
les_bridge_fing06__00001000__s0043.wav,0.41698068380355835,0.3219527304172516,0.30994999408721924,0.6382321715354919,0.2313804030418396,0.3737366795539856
strat_bridge_fing02__00001000__s0003.wav,0.9222132563591003,0.7393001317977905,0.18615199625492096,0.42129242420196533,0.8001192808151245,0.6656325459480286
les_neck_fing14__00001000__s0043.wav,0.655692458152771,0.6670384407043457,0.8470091819763184,0.19270724058151245,0.8662168383598328,0.8282345533370972
les_neck_fing13__00001000__s0039.wav,0.01313561201095581,0.2233939915895462,0.04187411442399025,0.2601342797279358,0.7781704068183899,0.5376317501068115
tele_bridge_fing13__00001000__s0044.wav,0.45628342032432556,0.5692780613899231,0.882394552230835,0.7979854345321655,0.7495256662368774,0.7444256544113159
prs_bridge_pick01__00001000__s0007.wav,0.11737771332263947,0.2595784664154053,0.5983735918998718,0.5204755663871765,0.7726967930793762,0.7303615212440491
prs_neck_fing18__00001000__s0053.wav,0.18402011692523956,0.27565205097198486,0.9327434301376343,0.8678892850875854,0.5669556260108948,0.6726270318031311
tele_neck_fing01__00001000__s0011.wav,0.4898533225059509,0.5311323404312134,0.025711048394441605,0.2105800062417984,0.7406149506568909,0.8456228375434875
prs_neck_pick07__00001000__s0008.wav,0.286621630191803,0.23931819200515747,0.697594404220581,0.4727126955986023,0.07414083182811737,0.19654366374015808
les_neck_fing13__00001000__s0020.wav,0.18845339119434357,0.31118345260620117,0.38475894927978516,0.5836283564567566,0.38421881198883057,0.5587825775146484
strat_bridge_fing03__00001000__s0053.wav,0.09086897224187851,0.10480879992246628,0.3018924593925476,0.531272828578949,0.256426602602005,0.32137539982795715
strat_neck_fing01__00001000__s0002.wav,0.7283889055252075,0.6910114884376526,0.26516032218933105,0.8582482933998108,0.438965380191803,0.36399102210998535
strat_neck_pick05__00001000__s0004.wav,0.7702861428260803,0.5467033982276917,0.05408445745706558,0.17541687190532684,0.70279461145401,0.7399043440818787
strat_bridge_fing11__00001000__s0018.wav,0.9707226157188416,0.9360107779502869,0.37699082493782043,0.6707815527915955,0.6798923015594482,0.3612208366394043
strat_neck_pick19__00001000__s0019.wav,0.6664988398551941,0.4676436185836792,0.7546466588973999,0.3893183469772339,0.3612820506095886,0.44401565194129944
strat_bridge_fing14__00001000__s0027.wav,0.2600434422492981,0.3967178165912628,0.027125537395477295,0.22349710762500763,0.19902820885181427,0.1814442127943039
prs_neck_pick04__00001000__s0043.wav,0.24514390528202057,0.2500728666782379,0.23101136088371277,0.24153786897659302,0.8473466634750366,0.7604998350143433
strat_neck_fing19__00001000__s0000.wav,0.23428654670715332,0.4172522723674774,0.29654791951179504,0.4144230782985687,0.3034965693950653,0.2125413417816162
tele_bridge_pick03__00001000__s0006.wav,0.6677218675613403,0.6576746106147766,0.6802560091018677,0.8297368884086609,0.3971599042415619,0.4957929253578186
les_bridge_pick02__00001000__s0027.wav,0.8366871476173401,0.5783648490905762,0.8945894837379456,0.5069864392280579,0.2787589132785797,0.20930932462215424
strat_bridge_pick19__00001000__s0032.wav,0.9310781359672546,0.9481685161590576,0.6436190009117126,0.7046022415161133,0.7992703914642334,0.7619927525520325
prs_neck_fing06__00001000__s0029.wav,0.07531677931547165,0.03655209019780159,0.5759322643280029,0.30926910042762756,0.9835328459739685,0.9488288164138794
tele_bridge_fing10__00001000__s0024.wav,0.15982863306999207,0.21505875885486603,0.7740580439567566,0.6349190473556519,0.39439013600349426,0.6478222012519836
les_bridge_pick24__00001000__s0026.wav,0.11130911111831665,0.6128461360931396,0.3641001880168915,0.5464779734611511,0.12318062037229538,0.12240001559257507
prs_neck_pick15__00001000__s0029.wav,0.733791708946228,0.5250399112701416,0.669075608253479,0.8163713812828064,0.3299833834171295,0.3361150920391083
les_neck_fing25__00001000__s0005.wav,0.7006616592407227,0.7282570600509644,0.02536526322364807,0.472807377576828,0.5751727819442749,0.6231018900871277
tele_bridge_fing03__00001000__s0048.wav,0.8976570963859558,0.7926411628723145,0.876136302947998,0.3414222300052643,0.6994348764419556,0.596821665763855
les_bridge_pick04__00001000__s0004.wav,0.0534762404859066,0.27382439374923706,0.8246036171913147,0.6625211834907532,0.26971060037612915,0.138605996966362
tele_neck_pick03__00001000__s0028.wav,0.14056013524532318,0.10470990836620331,0.964221715927124,0.8828896284103394,0.5267711877822876,0.41627246141433716
prs_neck_pick16__00001000__s0006.wav,0.29664069414138794,0.26114752888679504,0.4001428186893463,0.762664258480072,0.8437233567237854,0.7969840168952942
strat_bridge_fing11__00001000__s0001.wav,0.39119186997413635,0.4114888310432434,0.8376272916793823,0.6052217483520508,0.846169650554657,0.8143131732940674
tele_neck_pick01__00001000__s0005.wav,0.6503738760948181,0.5708479881286621,0.9273735880851746,0.6866297721862793,0.8960840702056885,0.8981293439865112
strat_neck_fing21__00001000__s0043.wav,0.12587055563926697,0.33294063806533813,0.8464094400405884,0.7241480350494385,0.5397133827209473,0.46523481607437134
les_bridge_pick17__00001000__s0004.wav,0.5554996132850647,0.6095814108848572,0.7187471985816956,0.5641418695449829,0.8502852916717529,0.839725911617279
les_neck_fing23__00001000__s0027.wav,0.5689762234687805,0.7206928730010986,0.9428998827934265,0.6544132232666016,0.7691343426704407,0.8089380264282227
tele_bridge_pick22__00001000__s0035.wav,0.9423998594284058,0.6688361763954163,0.03161739930510521,0.40898722410202026,0.773932158946991,0.6405324935913086
les_bridge_fing20__00001000__s0050.wav,0.9521229267120361,0.9406479001045227,0.14929033815860748,0.7166731953620911,0.3072231709957123,0.15222153067588806
strat_bridge_pick23__00001000__s0020.wav,0.12892717123031616,0.28742507100105286,0.1856439858675003,0.22190234065055847,0.03467906638979912,0.0804959237575531
tele_neck_pick09__00001000__s0016.wav,0.8217141628265381,0.7894877791404724,0.9056841135025024,0.45921042561531067,0.2333989143371582,0.5007708668708801
les_neck_pick17__00001000__s0055.wav,0.9596196413040161,0.9490025043487549,0.6544663906097412,0.7046084403991699,0.836963415145874,0.8359478116035461
prs_neck_fing06__00001000__s0007.wav,0.7777871489524841,0.7750140428543091,0.880790650844574,0.6259981393814087,0.044827237725257874,0.0543646439909935
strat_neck_pick24__00001000__s0000.wav,0.2543347179889679,0.1764346957206726,0.2495109885931015,0.678788959980011,0.8439244031906128,0.35711437463760376
tele_bridge_pick19__00001000__s0036.wav,0.9546997547149658,0.8604468107223511,0.40022042393684387,0.7448944449424744,0.576676070690155,0.42320147156715393
strat_neck_fing09__00001000__s0006.wav,0.07832521945238113,0.0329931303858757,0.36243173480033875,0.27342790365219116,0.989034116268158,0.875640869140625
les_neck_fing03__00001000__s0017.wav,0.1314111053943634,0.1561414897441864,0.5568382143974304,0.6587923169136047,0.9099517464637756,0.9041862487792969
prs_bridge_pick02__00001000__s0014.wav,0.5507709980010986,0.4047739505767822,0.760443389415741,0.6023762226104736,0.09863559901714325,0.15695184469223022
les_neck_fing25__00001000__s0016.wav,0.5052647590637207,0.5063962340354919,0.3902401626110077,0.3281746208667755,0.5269789695739746,0.7404062747955322
les_neck_pick24__00001000__s0026.wav,0.034020405262708664,0.20180535316467285,0.551634669303894,0.2679740786552429,0.5102605819702148,0.3914121985435486
tele_neck_fing16__00001000__s0037.wav,0.29961633682250977,0.2594449520111084,0.936994194984436,0.7730587124824524,0.5031226873397827,0.6021541357040405
tele_bridge_fing03__00001000__s0000.wav,0.4989713430404663,0.44791626930236816,0.04092223942279816,0.5802288055419922,0.3324357867240906,0.14261619746685028
prs_bridge_pick06__00001000__s0004.wav,0.4268908202648163,0.16091413795948029,0.7307686805725098,0.5549868941307068,0.07686048001050949,0.07958332449197769
prs_bridge_pick09__00001000__s0003.wav,0.2599155008792877,0.3333086669445038,0.14152367413043976,0.21108588576316833,0.5035995244979858,0.5234233140945435
les_bridge_fing20__00001000__s0013.wav,0.7102950811386108,0.8806911706924438,0.11609934270381927,0.6799835562705994,0.3910212218761444,0.4130558669567108
les_bridge_pick24__00001000__s0046.wav,0.2361128181219101,0.5184721946716309,0.9194365739822388,0.7459990978240967,0.7907747030258179,0.7545427680015564
les_bridge_pick21__00001000__s0041.wav,0.17458723485469818,0.06839966773986816,0.37211063504219055,0.42513570189476013,0.9593756198883057,0.8797450065612793
strat_neck_fing19__00001000__s0049.wav,0.005952904932200909,0.07436980307102203,0.6792169809341431,0.6035655736923218,0.11567366868257523,0.29108238220214844
strat_bridge_fing16__00001000__s0055.wav,0.28004735708236694,0.40758785605430603,0.8960551619529724,0.6978792548179626,0.5881017446517944,0.8139761686325073
les_neck_fing08__00001000__s0041.wav,0.12880676984786987,0.2034815102815628,0.15492311120033264,0.13594873249530792,0.6020317077636719,0.38129884004592896
les_neck_pick11__00001000__s0034.wav,0.6478774547576904,0.5259124636650085,0.9701387286186218,0.5271843671798706,0.7641988396644592,0.7050127387046814
les_bridge_fing08__00001000__s0005.wav,0.0905078873038292,0.11579006165266037,0.8434877991676331,0.8693156242370605,0.7382441759109497,0.5370848774909973
tele_neck_fing25__00001000__s0038.wav,0.8867671489715576,0.8961287140846252,0.2072281688451767,0.3566596508026123,0.8681567907333374,0.7489511370658875
strat_neck_pick12__00001000__s0008.wav,0.016015058383345604,0.5286260843276978,0.1202436238527298,0.10597866773605347,0.06587331742048264,0.051047950983047485
tele_bridge_pick01__00001000__s0042.wav,0.07619015872478485,0.20590727031230927,0.3553714454174042,0.46652641892433167,0.23503577709197998,0.21761640906333923
les_neck_pick09__00001000__s0031.wav,0.9158854484558105,0.8949072360992432,0.2848559617996216,0.6482059955596924,0.7021788954734802,0.5826575756072998
prs_neck_fing25__00001000__s0023.wav,0.620112419128418,0.6964178681373596,0.8770986795425415,0.38815733790397644,0.7967970371246338,0.8202252388000488
prs_neck_fing13__00001000__s0009.wav,0.7702321410179138,0.2082691788673401,0.641931414604187,0.5263552069664001,0.11392071843147278,0.18893729150295258
prs_bridge_pick13__00001000__s0009.wav,0.7730202674865723,0.6829661130905151,0.09298544377088547,0.3557446300983429,0.2761836051940918,0.3116973638534546
prs_neck_fing13__00001000__s0012.wav,0.6971035599708557,0.7064844369888306,0.4870665371417999,0.7801581621170044,0.1560089886188507,0.21382112801074982
strat_neck_fing23__00001000__s0026.wav,0.027221066877245903,0.1569008231163025,0.36257264018058777,0.794268012046814,0.8220223784446716,0.41926243901252747
strat_neck_pick19__00001000__s0055.wav,0.6712873578071594,0.7856780290603638,0.8051701784133911,0.8092189431190491,0.6317310929298401,0.5926370024681091
strat_neck_pick14__00001000__s0040.wav,0.3091887831687927,0.36411595344543457,0.03203035518527031,0.5393694639205933,0.8623188138008118,0.6289399266242981
tele_neck_pick21__00001000__s0025.wav,0.6446350812911987,0.6279888153076172,0.6241357326507568,0.7652801871299744,0.6612690687179565,0.6125019788742065
prs_neck_pick17__00001000__s0016.wav,0.8820618987083435,0.8984271287918091,0.7806157469749451,0.7706359624862671,0.9136257767677307,0.9021724462509155
prs_neck_pick09__00001000__s0004.wav,0.06213913485407829,0.11025350540876389,0.5963582992553711,0.5479851365089417,0.09637665748596191,0.22256457805633545
prs_neck_pick17__00001000__s0001.wav,0.16289342939853668,0.14858706295490265,0.5185379981994629,0.3499339520931244,0.36690622568130493,0.37539196014404297
les_bridge_pick17__00001000__s0029.wav,0.8431689739227295,0.7856066226959229,0.3028654456138611,0.6444307565689087,0.19115056097507477,0.05794713646173477
les_neck_fing15__00001000__s0031.wav,0.6242992281913757,0.6181151270866394,0.8682168126106262,0.6476584076881409,0.5048138499259949,0.6375020742416382
strat_bridge_pick05__00001000__s0026.wav,0.10770318657159805,0.4818663001060486,0.5245532393455505,0.1357840746641159,0.33602094650268555,0.6663364171981812
tele_neck_pick10__00001000__s0007.wav,0.7422506213188171,0.9199385643005371,0.14900436997413635,0.540361225605011,0.3867059648036957,0.27304932475090027
prs_neck_pick24__00001000__s0054.wav,0.9617993235588074,0.9642161130905151,0.7536903619766235,0.4214489161968231,0.9424062371253967,0.9054226875305176
prs_bridge_pick19__00001000__s0017.wav,0.7133703827857971,0.7609792947769165,0.8145054578781128,0.6436654925346375,0.8235816359519958,0.8575124144554138
prs_neck_pick16__00001000__s0004.wav,0.10446028411388397,0.14002545177936554,0.9320564270019531,0.8255881667137146,0.5265225768089294,0.7094270586967468
les_neck_pick04__00001000__s0036.wav,0.8192887902259827,0.8542304635047913,0.2700618505477905,0.4202294647693634,0.7830355167388916,0.5598668456077576
prs_neck_fing04__00001000__s0007.wav,0.7163070440292358,0.7874846458435059,0.9337767958641052,0.7546333074569702,0.7970010042190552,0.7962062954902649
tele_neck_fing12__00001000__s0027.wav,0.46735531091690063,0.37325912714004517,0.5825578570365906,0.46911144256591797,0.5751497149467468,0.5840452313423157
prs_bridge_fing14__00001000__s0034.wav,0.6085465550422668,0.5634795427322388,0.8939558267593384,0.7951411008834839,0.474715918302536,0.37098947167396545
les_neck_pick12__00001000__s0031.wav,0.25526344776153564,0.3989975154399872,0.255642294883728,0.27395686507225037,0.7232171297073364,0.4302555322647095
strat_neck_pick02__00001000__s0030.wav,0.12135681509971619,0.2687038779258728,0.6246523261070251,0.5952286124229431,0.30397966504096985,0.3195331394672394
prs_neck_fing10__00001000__s0033.wav,0.7053613662719727,0.7311426401138306,0.37630364298820496,0.49080953001976013,0.018419725820422173,0.0753888338804245
strat_bridge_pick21__00001000__s0034.wav,0.2016882598400116,0.21157531440258026,0.8168278336524963,0.6401069760322571,0.3854152262210846,0.37611180543899536
tele_neck_fing07__00001000__s0037.wav,0.8696051836013794,0.5169140696525574,0.583735466003418,0.5319769978523254,0.40746966004371643,0.5414038300514221
tele_neck_pick04__00001000__s0046.wav,0.8184285759925842,0.5789774656295776,0.05888945609331131,0.28779834508895874,0.8495217561721802,0.5874947309494019
strat_neck_fing07__00001000__s0004.wav,0.5039427876472473,0.5536601543426514,0.8318174481391907,0.6624940633773804,0.9602932929992676,0.937620997428894
strat_bridge_fing02__00001000__s0051.wav,0.5702282786369324,0.5880798101425171,0.6790275573730469,0.41176408529281616,0.4061800539493561,0.3645308315753937
les_bridge_fing18__00001000__s0041.wav,0.7189326286315918,0.810357391834259,0.1896226406097412,0.518552303314209,0.38256973028182983,0.14144140481948853
strat_bridge_fing04__00001000__s0001.wav,0.7518460154533386,0.7165612578392029,0.835703432559967,0.5173848271369934,0.7963176369667053,0.7726127505302429
les_bridge_fing16__00001000__s0035.wav,0.1837427169084549,0.29994305968284607,0.9430855512619019,0.7181028723716736,0.6754047274589539,0.7358564734458923
tele_bridge_pick07__00001000__s0023.wav,0.9786108136177063,0.5564669966697693,0.19920967519283295,0.14447294175624847,0.40709999203681946,0.23533061146736145
tele_neck_fing04__00001000__s0053.wav,0.6843934655189514,0.42293962836265564,0.7738797664642334,0.78472501039505,0.4639204442501068,0.38348230719566345
tele_bridge_fing24__00001000__s0049.wav,0.25612109899520874,0.45766982436180115,0.2300974726676941,0.5161933302879333,0.7861072421073914,0.24363097548484802
prs_neck_fing05__00001000__s0002.wav,0.13875794410705566,0.25031813979148865,0.9493333101272583,0.12570512294769287,0.08032840490341187,0.21480491757392883
tele_bridge_fing17__00001000__s0033.wav,0.7299818992614746,0.6879625916481018,0.5111271142959595,0.6220058798789978,0.7519084215164185,0.6305603384971619
tele_bridge_pick10__00001000__s0008.wav,0.45433154702186584,0.4827016294002533,0.47458773851394653,0.7681600451469421,0.6462522745132446,0.587553083896637
tele_neck_fing23__00001000__s0031.wav,0.8643586039543152,0.939279317855835,0.8467759490013123,0.23164616525173187,0.5589965581893921,0.5804983973503113
prs_neck_fing03__00001000__s0018.wav,0.5793256759643555,0.2322775274515152,0.8606079816818237,0.08605913817882538,0.009734761901199818,0.06672263890504837
prs_neck_fing19__00001000__s0004.wav,0.4964090883731842,0.5027931928634644,0.8660836815834045,0.8560844659805298,0.9947465062141418,0.9725271463394165
tele_bridge_pick06__00001000__s0050.wav,0.48137202858924866,0.6681515574455261,0.6422107815742493,0.6442139148712158,0.27851155400276184,0.13149820268154144
strat_bridge_pick12__00001000__s0052.wav,0.3462183177471161,0.4017679691314697,0.9232902526855469,0.4421233534812927,0.06626146286725998,0.2388198971748352
prs_neck_pick08__00001000__s0029.wav,0.7070241570472717,0.6819118857383728,0.09785842150449753,0.5703552961349487,0.8650597929954529,0.9330177903175354
prs_neck_pick23__00001000__s0005.wav,0.7308828234672546,0.7777960896492004,0.8210384249687195,0.4310051202774048,0.3873022496700287,0.595512866973877
strat_neck_pick18__00001000__s0007.wav,0.29391226172447205,0.2534605860710144,0.806130588054657,0.7350119948387146,0.7656676769256592,0.5926602482795715
strat_bridge_pick10__00001000__s0046.wav,0.05318992957472801,0.10364637523889542,0.11856652796268463,0.177081897854805,0.6023816466331482,0.4554692208766937
prs_bridge_pick12__00001000__s0044.wav,0.033101025968790054,0.0969589501619339,0.4013650715351105,0.641482412815094,0.5501048564910889,0.35660672187805176
tele_bridge_pick12__00001000__s0013.wav,0.5102719664573669,0.4313499927520752,0.05732173100113869,0.7366430163383484,0.6916831135749817,0.13264290988445282
tele_neck_pick18__00001000__s0052.wav,0.7371973991394043,0.7923724055290222,0.715888500213623,0.7624146938323975,0.9593886137008667,0.9531404376029968
tele_neck_fing23__00001000__s0029.wav,0.7344920039176941,0.9002506136894226,0.4341011047363281,0.48539280891418457,0.02057480253279209,0.04361560195684433
tele_bridge_pick13__00001000__s0000.wav,0.06207119673490524,0.18198749423027039,0.23720134794712067,0.1953442543745041,0.8718774318695068,0.7516947388648987
les_neck_fing21__00001000__s0051.wav,0.5795217156410217,0.6996546983718872,0.9525877833366394,0.4258878827095032,0.644930899143219,0.514637291431427
prs_neck_fing13__00001000__s0045.wav,0.02416491135954857,0.06719936430454254,0.5605429410934448,0.5489640831947327,0.5796151757240295,0.7178021669387817
strat_bridge_pick17__00001000__s0030.wav,0.7514110803604126,0.690209150314331,0.5454967617988586,0.5513412356376648,0.8452368974685669,0.7535571455955505
tele_neck_pick18__00001000__s0029.wav,0.9631838798522949,0.5298541784286499,0.21815225481987,0.7430055141448975,0.46561306715011597,0.5205700397491455
les_neck_pick22__00001000__s0042.wav,0.6441449522972107,0.28688356280326843,0.029919078573584557,0.5780139565467834,0.30889180302619934,0.42715728282928467
tele_bridge_fing04__00001000__s0008.wav,0.31109103560447693,0.33275607228279114,0.21229976415634155,0.24296917021274567,0.785082995891571,0.4978107511997223
tele_bridge_pick09__00001000__s0020.wav,0.9560585021972656,0.5220986008644104,0.6191744208335876,0.7007347345352173,0.20555290579795837,0.26057377457618713
tele_bridge_fing03__00001000__s0015.wav,0.370868057012558,0.37366145849227905,0.6817703247070312,0.3625946640968323,0.8484922647476196,0.679216742515564
tele_neck_pick04__00001000__s0018.wav,0.5489298701286316,0.6201086044311523,0.4862639605998993,0.6162501573562622,0.850977897644043,0.489429235458374
les_bridge_fing17__00001000__s0011.wav,0.9053499698638916,0.8246545791625977,0.2065199613571167,0.19599759578704834,0.5863215327262878,0.4633718729019165
prs_neck_pick03__00001000__s0051.wav,0.9632045030593872,0.823317289352417,0.4413902163505554,0.7496042847633362,0.2222086787223816,0.12876151502132416
les_bridge_fing07__00001000__s0010.wav,0.08337003737688065,0.261507123708725,0.6257069706916809,0.48558247089385986,0.6776922345161438,0.6621883511543274
prs_neck_pick19__00001000__s0004.wav,0.20906132459640503,0.36636385321617126,0.3241799473762512,0.3011568486690521,0.7213860750198364,0.5140615105628967
strat_neck_pick05__00001000__s0053.wav,0.4907419979572296,0.3835713267326355,0.013600632548332214,0.302212119102478,0.01012368407100439,0.1788710206747055
strat_neck_pick20__00001000__s0000.wav,0.5440006852149963,0.6558360457420349,0.621065616607666,0.646867036819458,0.5069869756698608,0.7782818078994751
strat_bridge_fing22__00001000__s0036.wav,0.14743240177631378,0.31162598729133606,0.8618276119232178,0.514497697353363,0.12560029327869415,0.19788430631160736
les_neck_fing18__00001000__s0024.wav,0.7243409752845764,0.6904724836349487,0.5478582382202148,0.6460298299789429,0.4287106394767761,0.4668922424316406
prs_bridge_fing08__00001000__s0003.wav,0.6974225044250488,0.7340223789215088,0.2394864559173584,0.13387632369995117,0.381716251373291,0.3501986563205719
prs_bridge_fing09__00001000__s0043.wav,0.5130716562271118,0.4279525578022003,0.47982507944107056,0.29986703395843506,0.01417180523276329,0.23267114162445068
strat_bridge_fing08__00001000__s0031.wav,0.09406105428934097,0.19603349268436432,0.8220077753067017,0.7190532684326172,0.3678223788738251,0.6330928206443787
strat_neck_fing11__00001000__s0021.wav,0.4964078962802887,0.6011171340942383,0.8592491745948792,0.3476281464099884,0.9284282922744751,0.7563839554786682
tele_neck_fing09__00001000__s0047.wav,0.6165217757225037,0.7157126665115356,0.47777992486953735,0.24920868873596191,0.39174383878707886,0.24104222655296326
prs_bridge_fing24__00001000__s0011.wav,0.23024776577949524,0.2968839406967163,0.3927394151687622,0.3116106390953064,0.32802125811576843,0.18778440356254578
les_bridge_pick23__00001000__s0009.wav,0.859423041343689,0.7025919556617737,0.459475576877594,0.5095707178115845,0.8290678858757019,0.8222477436065674
strat_neck_pick23__00001000__s0050.wav,0.2552330493927002,0.44581857323646545,0.05460627004504204,0.4574832022190094,0.4180775284767151,0.20578931272029877
les_neck_fing23__00001000__s0017.wav,0.8800336122512817,0.7856107950210571,0.4270029664039612,0.4209649860858917,0.27002695202827454,0.4290381669998169
les_neck_fing20__00001000__s0013.wav,0.997673749923706,0.7060445547103882,0.8796740770339966,0.4203382432460785,0.22488933801651,0.1043163537979126
strat_neck_fing07__00001000__s0017.wav,0.3783610165119171,0.3176250457763672,0.31450700759887695,0.3006913661956787,0.2181403636932373,0.46147748827934265
tele_bridge_pick24__00001000__s0011.wav,0.7790222764015198,0.4916062653064728,0.6889925599098206,0.3470492660999298,0.04277009144425392,0.06631641089916229
strat_neck_pick02__00001000__s0003.wav,0.6847447156906128,0.6545069813728333,0.6889845728874207,0.46955618262290955,0.8268071413040161,0.7321667671203613
prs_neck_pick05__00001000__s0013.wav,0.37998032569885254,0.4509034752845764,0.7899342775344849,0.6777207851409912,0.496085524559021,0.26245930790901184
strat_neck_pick11__00001000__s0026.wav,0.48130670189857483,0.5401053428649902,0.14577707648277283,0.3593244254589081,0.17943762242794037,0.510439932346344
tele_bridge_pick15__00001000__s0030.wav,0.8145312666893005,0.6542127132415771,0.10272133350372314,0.4368579387664795,0.760540246963501,0.6224028468132019
les_bridge_fing10__00001000__s0005.wav,0.9220187067985535,0.44756442308425903,0.3278593122959137,0.6527263522148132,0.023480646312236786,0.1981903314590454
strat_bridge_pick23__00001000__s0032.wav,0.297410249710083,0.14566859602928162,0.035738859325647354,0.03685492277145386,0.12709099054336548,0.33967894315719604
tele_bridge_pick06__00001000__s0025.wav,0.33408477902412415,0.37405526638031006,0.49711763858795166,0.35593923926353455,0.7389957308769226,0.667975902557373
strat_bridge_fing17__00001000__s0025.wav,0.4868435561656952,0.7430672645568848,0.38094910979270935,0.6896528005599976,0.8477208614349365,0.7457783222198486
prs_neck_fing21__00001000__s0016.wav,0.41352853178977966,0.6672645807266235,0.10192372649908066,0.15624457597732544,0.6555065512657166,0.43842971324920654
prs_neck_fing10__00001000__s0054.wav,0.26610273122787476,0.2387503981590271,0.8717347383499146,0.781957745552063,0.8284798264503479,0.816540002822876
les_neck_fing02__00001000__s0003.wav,0.8889786601066589,0.7472202777862549,0.12077846378087997,0.616597056388855,0.5780752301216125,0.4780826270580292
tele_neck_pick10__00001000__s0029.wav,0.7254722714424133,0.7013290524482727,0.4139482378959656,0.3948494791984558,0.4137660562992096,0.5904349684715271
tele_bridge_fing05__00001000__s0054.wav,0.6465386152267456,0.60085529088974,0.7216535806655884,0.5812479853630066,0.6014931797981262,0.6370849013328552
les_neck_pick16__00001000__s0028.wav,0.5249832272529602,0.6081206798553467,0.811963677406311,0.7790645360946655,0.420224666595459,0.5369130969047546
les_neck_fing03__00001000__s0018.wav,0.648763120174408,0.621928870677948,0.671553373336792,0.6409998536109924,0.9458792805671692,0.9586960673332214
tele_bridge_fing16__00001000__s0049.wav,0.2578461766242981,0.2932165563106537,0.46460458636283875,0.49302467703819275,0.2220999002456665,0.3601457178592682
les_bridge_fing14__00001000__s0016.wav,0.31839197874069214,0.2648150622844696,0.1904892921447754,0.23386205732822418,0.553278386592865,0.7387632727622986
prs_neck_fing11__00001000__s0017.wav,0.03227568417787552,0.044560328125953674,0.7323432564735413,0.2949189245700836,0.6653131246566772,0.5786716938018799
tele_neck_fing03__00001000__s0039.wav,0.6418508291244507,0.5957886576652527,0.03865507245063782,0.6119060516357422,0.9720929265022278,0.9424672722816467
prs_neck_fing24__00001000__s0032.wav,0.5684129595756531,0.3294006586074829,0.7110946774482727,0.6882871389389038,0.0868285670876503,0.18777690827846527
strat_bridge_fing20__00001000__s0019.wav,0.22933898866176605,0.1524639129638672,0.6034789681434631,0.641032338142395,0.39664363861083984,0.7210748195648193
strat_bridge_pick13__00001000__s0045.wav,0.031129682436585426,0.030987361446022987,0.3732883930206299,0.5543568730354309,0.863846480846405,0.7654561996459961
les_neck_pick11__00001000__s0014.wav,0.9431428909301758,0.9431472420692444,0.8526828289031982,0.5875976085662842,0.3886944353580475,0.4020625054836273
les_bridge_pick08__00001000__s0013.wav,0.1543761044740677,0.45525357127189636,0.25279656052589417,0.19693836569786072,0.9639418125152588,0.7600926160812378
les_bridge_fing12__00001000__s0033.wav,0.12100312858819962,0.15436553955078125,0.615903913974762,0.6271807551383972,0.1562698632478714,0.24645498394966125
les_bridge_fing08__00001000__s0046.wav,0.2595347762107849,0.33241474628448486,0.945919930934906,0.8464849591255188,0.6790199875831604,0.5505367517471313
tele_bridge_pick23__00001000__s0053.wav,0.1393783986568451,0.21547763049602509,0.09486214071512222,0.3424355983734131,0.27274882793426514,0.14304542541503906
strat_neck_fing25__00001000__s0055.wav,0.5259999632835388,0.5592085719108582,0.08691411465406418,0.4961051344871521,0.721002995967865,0.3776305615901947
strat_neck_fing07__00001000__s0048.wav,0.49578091502189636,0.45119959115982056,0.5099406242370605,0.33104053139686584,0.5389174222946167,0.49119487404823303
tele_bridge_pick24__00001000__s0023.wav,0.7483789920806885,0.5992491841316223,0.760608971118927,0.7987052202224731,0.5606347918510437,0.6693166494369507
strat_neck_pick02__00001000__s0035.wav,0.8097923994064331,0.3650554120540619,0.45669296383857727,0.36320942640304565,0.19997625052928925,0.7074165940284729
prs_bridge_pick05__00001000__s0004.wav,0.21050941944122314,0.29956963658332825,0.6403578519821167,0.8285539150238037,0.5319409966468811,0.5573709607124329
prs_bridge_fing06__00001000__s0049.wav,0.1355929672718048,0.1355687379837036,0.6214771270751953,0.4421294927597046,0.23618806898593903,0.14547845721244812
les_bridge_pick11__00001000__s0052.wav,0.5692788362503052,0.5348570346832275,0.5747718214988708,0.5392528772354126,0.7698627710342407,0.774627149105072
tele_bridge_pick11__00001000__s0053.wav,0.07961574196815491,0.17749913036823273,0.6376646757125854,0.7008166909217834,0.9081621766090393,0.8049719333648682
les_bridge_pick21__00001000__s0044.wav,0.4559250771999359,0.4209625720977783,0.19043953716754913,0.19241364300251007,0.7754452228546143,0.8614760041236877
tele_bridge_pick25__00001000__s0006.wav,0.3230562210083008,0.5316085815429688,0.8673002123832703,0.5419714450836182,0.042655978351831436,0.1474476307630539
les_bridge_pick02__00001000__s0000.wav,0.24399112164974213,0.28690990805625916,0.42204976081848145,0.7757720351219177,0.8908749222755432,0.8917689323425293
strat_neck_fing10__00001000__s0000.wav,0.3188254237174988,0.5056062936782837,0.7861082553863525,0.592318594455719,0.17152070999145508,0.344271183013916
prs_bridge_fing21__00001000__s0033.wav,0.14223721623420715,0.0871887356042862,0.2545132637023926,0.19908861815929413,0.817464292049408,0.6032703518867493
prs_bridge_fing09__00001000__s0049.wav,0.675934910774231,0.46924370527267456,0.4509773254394531,0.4474985897541046,0.2583788335323334,0.37716037034988403
les_neck_fing13__00001000__s0033.wav,0.8574092984199524,0.9005023837089539,0.7951589822769165,0.6856308579444885,0.7817983627319336,0.7897843718528748
les_bridge_pick17__00001000__s0054.wav,0.24210165441036224,0.25584086775779724,0.8600526452064514,0.6950558423995972,0.924442708492279,0.8692759871482849
strat_neck_pick01__00001000__s0010.wav,0.09409760683774948,0.09725793451070786,0.8625556230545044,0.6747240424156189,0.26315149664878845,0.339587926864624
strat_bridge_pick07__00001000__s0011.wav,0.4947620928287506,0.26428747177124023,0.42594438791275024,0.8804181218147278,0.7932678461074829,0.8287822008132935
les_bridge_pick17__00001000__s0046.wav,0.1965530663728714,0.153131902217865,0.9617466330528259,0.6774604916572571,0.8000476956367493,0.8716241121292114
strat_neck_fing20__00001000__s0038.wav,0.4289974272251129,0.41753554344177246,0.3358684778213501,0.7421824336051941,0.46976807713508606,0.34871959686279297
strat_bridge_pick25__00001000__s0043.wav,0.8137006759643555,0.7182202339172363,0.21871130168437958,0.5726924538612366,0.5769649147987366,0.35448312759399414
strat_bridge_fing23__00001000__s0002.wav,0.4099619686603546,0.6776100397109985,0.9024930596351624,0.6448783874511719,0.6850176453590393,0.6148443818092346
prs_bridge_fing07__00001000__s0024.wav,0.019105641171336174,0.23597806692123413,0.06306584179401398,0.6505928039550781,0.38779646158218384,0.1065925881266594
les_neck_pick10__00001000__s0034.wav,0.4025041162967682,0.2871538996696472,0.9080377221107483,0.7730662822723389,0.6247062087059021,0.6747685074806213
les_neck_fing09__00001000__s0054.wav,0.0982452780008316,0.21921315789222717,0.729227602481842,0.4796886146068573,0.1359776109457016,0.35849645733833313
prs_neck_fing02__00001000__s0009.wav,0.9966088533401489,0.9476367831230164,0.9170212149620056,0.38227158784866333,0.8902314901351929,0.829910397529602
tele_neck_fing22__00001000__s0018.wav,0.22032099962234497,0.7854031324386597,0.23636308312416077,0.5847215056419373,0.003074034582823515,0.05475221574306488
tele_bridge_fing21__00001000__s0027.wav,0.47915756702423096,0.4160446226596832,0.6489431262016296,0.8372592926025391,0.8422374129295349,0.7708397507667542
prs_bridge_fing09__00001000__s0020.wav,0.6451666355133057,0.6826424598693848,0.8508539199829102,0.5594183802604675,0.8660714030265808,0.931596577167511
les_bridge_fing22__00001000__s0039.wav,0.3264334797859192,0.3640645742416382,0.38603338599205017,0.3120853006839752,0.7385299205780029,0.800380289554596
les_bridge_pick25__00001000__s0022.wav,0.7251319885253906,0.3230513334274292,0.7292616963386536,0.3111184239387512,0.03633780777454376,0.12082239240407944
prs_neck_fing15__00001000__s0011.wav,0.39228305220603943,0.4056910276412964,0.3284575939178467,0.30156296491622925,0.7464872598648071,0.5872882008552551
tele_neck_fing08__00001000__s0032.wav,0.8343183994293213,0.8033262491226196,0.7291780114173889,0.5480970144271851,0.3962754011154175,0.20117291808128357
strat_bridge_pick08__00001000__s0022.wav,0.10953047126531601,0.0986727774143219,0.854703426361084,0.7949187755584717,0.722533643245697,0.5962747931480408
tele_bridge_fing08__00001000__s0037.wav,0.7081830501556396,0.6890838146209717,0.7162972092628479,0.17574718594551086,0.0256449356675148,0.3451952636241913
tele_neck_pick08__00001000__s0027.wav,0.40464577078819275,0.3656942546367645,0.6977962255477905,0.6841461658477783,0.8197936415672302,0.7674560546875
les_bridge_pick11__00001000__s0018.wav,0.07739175111055374,0.036219771951436996,0.32908207178115845,0.3024511933326721,0.3709254562854767,0.3884904682636261
les_bridge_fing13__00001000__s0002.wav,0.7458677887916565,0.5163670778274536,0.3576028347015381,0.8395745158195496,0.5000331401824951,0.16160957515239716
les_bridge_pick01__00001000__s0053.wav,0.2968411445617676,0.3571798801422119,0.2832612097263336,0.4270519018173218,0.005177957471460104,0.0341319777071476
strat_neck_fing14__00001000__s0012.wav,0.8845611214637756,0.6673436164855957,0.38429757952690125,0.596250593662262,0.46563610434532166,0.44173792004585266
prs_neck_pick13__00001000__s0035.wav,0.4487445652484894,0.47839653491973877,0.15598821640014648,0.5749910473823547,0.7892462015151978,0.5128515958786011
les_bridge_fing05__00001000__s0027.wav,0.026076465845108032,0.138528972864151,0.3760184645652771,0.7409601807594299,0.6049477458000183,0.8013606667518616
strat_neck_fing21__00001000__s0016.wav,0.3835306167602539,0.3457879424095154,0.762347400188446,0.6227346062660217,0.04239429160952568,0.0924961119890213
tele_neck_pick03__00001000__s0040.wav,0.22221173346042633,0.14142708480358124,0.2168823629617691,0.1272301822900772,0.8738024830818176,0.7993695735931396
prs_bridge_fing17__00001000__s0008.wav,0.7651059031486511,0.8079087734222412,0.8981037735939026,0.5169229507446289,0.2105274647474289,0.5086807012557983
tele_bridge_pick01__00001000__s0053.wav,0.9755121469497681,0.916915237903595,0.2613290548324585,0.47085437178611755,0.4902856945991516,0.4214659035205841
prs_bridge_pick24__00001000__s0006.wav,0.8735724687576294,0.8528657555580139,0.07398638129234314,0.28056958317756653,0.9413251876831055,0.9263099431991577
les_bridge_pick01__00001000__s0050.wav,0.3081880509853363,0.44485393166542053,0.0386713482439518,0.21309535205364227,0.13908565044403076,0.3111266791820526
les_bridge_pick01__00001000__s0027.wav,0.2955465614795685,0.7703128457069397,0.06482234597206116,0.47577932476997375,0.1842903047800064,0.33118587732315063
tele_neck_pick17__00001000__s0015.wav,0.9132009744644165,0.962001383304596,0.635341465473175,0.27923455834388733,0.37586668133735657,0.42018628120422363
prs_neck_pick20__00001000__s0013.wav,0.7271305918693542,0.7484148740768433,0.8670082688331604,0.7809874415397644,0.6632502675056458,0.6393254399299622
les_neck_pick05__00001000__s0055.wav,0.4066040515899658,0.36633580923080444,0.2992788255214691,0.4014799892902374,0.18230509757995605,0.21428841352462769
tele_neck_fing17__00001000__s0014.wav,0.9557338953018188,0.8485049605369568,0.2861543297767639,0.4190514087677002,0.9752451777458191,0.9734798073768616
strat_neck_pick02__00001000__s0021.wav,0.5043087601661682,0.45053404569625854,0.61943119764328,0.5922476649284363,0.5745885968208313,0.4278547763824463
les_neck_pick10__00001000__s0016.wav,0.37897855043411255,0.5077975392341614,0.7722562551498413,0.7579756379127502,0.8522570133209229,0.886528491973877
strat_bridge_pick04__00001000__s0024.wav,0.41109585762023926,0.3803926706314087,0.9889455437660217,0.5066871643066406,0.20634987950325012,0.4788484573364258
tele_bridge_pick04__00001000__s0039.wav,0.44746312499046326,0.5630859732627869,0.5338559746742249,0.6057858467102051,0.2849947512149811,0.39756134152412415
prs_neck_fing19__00001000__s0005.wav,0.37111055850982666,0.3378688097000122,0.26411694288253784,0.39043089747428894,0.7110365629196167,0.6848022937774658
strat_bridge_pick01__00001000__s0006.wav,0.37109196186065674,0.46059703826904297,0.8854324221611023,0.761344313621521,0.8797574043273926,0.7114992141723633
tele_neck_fing11__00001000__s0051.wav,0.5317543148994446,0.60396409034729,0.13935896754264832,0.20373374223709106,0.7821639776229858,0.3535166084766388
les_bridge_pick15__00001000__s0045.wav,0.7366832494735718,0.7212223410606384,0.8492540121078491,0.7154422998428345,0.5944343209266663,0.674239993095398
tele_neck_fing20__00001000__s0033.wav,0.30737167596817017,0.7541735768318176,0.40561506152153015,0.4941939413547516,0.07769528031349182,0.12011334300041199
tele_neck_pick17__00001000__s0028.wav,0.16971246898174286,0.1200602725148201,0.729744553565979,0.7817450761795044,0.7876458168029785,0.7359275221824646
strat_bridge_pick11__00001000__s0015.wav,0.30934759974479675,0.5404107570648193,0.794464647769928,0.26746246218681335,0.2140011340379715,0.2384503334760666
les_neck_fing13__00001000__s0037.wav,0.6573944687843323,0.7950097918510437,0.903413712978363,0.7722201943397522,0.8921350836753845,0.8366026282310486
les_bridge_pick17__00001000__s0038.wav,0.8786977529525757,0.9362590909004211,0.5058753490447998,0.7181258797645569,0.46565449237823486,0.3554663360118866
strat_neck_fing19__00001000__s0006.wav,0.3688792884349823,0.6520943641662598,0.8033249378204346,0.43070903420448303,0.5493936538696289,0.732889711856842
prs_bridge_pick24__00001000__s0004.wav,0.18576014041900635,0.26262325048446655,0.9215104579925537,0.636537492275238,0.042944662272930145,0.12375373393297195
prs_neck_fing25__00001000__s0014.wav,0.775416910648346,0.575697124004364,0.8860534429550171,0.7911972999572754,0.7208322286605835,0.4606848657131195
strat_neck_pick10__00001000__s0006.wav,0.5281561017036438,0.43968021869659424,0.9989022612571716,0.7187834978103638,0.5932536721229553,0.4820350408554077
les_neck_pick06__00001000__s0030.wav,0.026295330375432968,0.15265469253063202,0.8053364753723145,0.8178802132606506,0.606070876121521,0.651710569858551
les_bridge_fing05__00001000__s0039.wav,0.9235608577728271,0.8522563576698303,0.1071031242609024,0.30504676699638367,0.46186619997024536,0.2554174065589905
strat_bridge_pick10__00001000__s0051.wav,0.03845379874110222,0.07944494485855103,0.3435451090335846,0.35532569885253906,0.49860721826553345,0.682619035243988
strat_neck_fing25__00001000__s0048.wav,0.045182615518569946,0.20435509085655212,0.034718889743089676,0.28742244839668274,0.7774676084518433,0.43159356713294983
prs_bridge_fing06__00001000__s0003.wav,0.03091052733361721,0.5156844258308411,0.28721022605895996,0.7237040400505066,0.4901268184185028,0.3951576352119446
tele_neck_fing11__00001000__s0021.wav,0.2031755894422531,0.5205638408660889,0.08071757107973099,0.39002755284309387,0.34622496366500854,0.48197293281555176
les_bridge_fing20__00001000__s0033.wav,0.5831565856933594,0.526185154914856,0.7950395941734314,0.9045506119728088,0.7119386196136475,0.6890031099319458
prs_neck_fing15__00001000__s0052.wav,0.4591605067253113,0.43138745427131653,0.8364308476448059,0.4357612729072571,0.7225051522254944,0.6624153852462769
prs_neck_pick03__00001000__s0022.wav,0.865548849105835,0.749297022819519,0.6181483864784241,0.39631620049476624,0.49353697896003723,0.7373517155647278
tele_neck_fing09__00001000__s0023.wav,0.09640015661716461,0.2136831432580948,0.23136554658412933,0.452516108751297,0.406013548374176,0.4114268124103546
strat_neck_pick15__00001000__s0006.wav,0.3170648217201233,0.34234708547592163,0.3037075698375702,0.6687889695167542,0.24964042007923126,0.347311794757843
strat_bridge_pick13__00001000__s0041.wav,0.7211113572120667,0.4295330345630646,0.25633126497268677,0.714213490486145,0.6171802282333374,0.6990745067596436
tele_bridge_fing15__00001000__s0043.wav,0.65944504737854,0.6857031583786011,0.8523039221763611,0.14020881056785583,0.036752957850694656,0.06421124935150146
les_bridge_fing24__00001000__s0000.wav,0.6598371267318726,0.6224021911621094,0.7898305654525757,0.5219069123268127,0.026866935193538666,0.11044508218765259
strat_bridge_pick24__00001000__s0047.wav,0.9994613528251648,0.8223459124565125,0.5879151225090027,0.8204862475395203,0.6347686052322388,0.5819191932678223
tele_neck_fing04__00001000__s0039.wav,0.5760197639465332,0.3418184518814087,0.20007939636707306,0.5257329344749451,0.4664158821105957,0.34277719259262085
tele_bridge_fing01__00001000__s0052.wav,0.36546260118484497,0.6068834066390991,0.3478926718235016,0.762090802192688,0.27299439907073975,0.3007594645023346
les_neck_pick24__00001000__s0008.wav,0.8801231384277344,0.7838581800460815,0.41134870052337646,0.5720967054367065,0.5352205038070679,0.5662459135055542
tele_bridge_fing21__00001000__s0007.wav,0.5458667278289795,0.5854021310806274,0.9736996293067932,0.8064153790473938,0.3009423613548279,0.29224374890327454
les_bridge_fing14__00001000__s0005.wav,0.5070421099662781,0.5669870376586914,0.9386471509933472,0.6344011425971985,0.5489388108253479,0.45268580317497253
les_bridge_fing20__00001000__s0001.wav,0.8287026286125183,0.7812480330467224,0.13241851329803467,0.6282349824905396,0.6891937255859375,0.5233480930328369
strat_bridge_fing08__00001000__s0044.wav,0.8367426991462708,0.7244018316268921,0.4364108145236969,0.45863592624664307,0.6570827960968018,0.5748012661933899
prs_neck_fing08__00001000__s0002.wav,0.9734970927238464,0.9492976069450378,0.735581636428833,0.5587611794471741,0.9428758025169373,0.8684848546981812
tele_bridge_fing08__00001000__s0011.wav,0.9870597720146179,0.8938363790512085,0.7144463658332825,0.6008121967315674,0.4129362106323242,0.29374995827674866
tele_neck_pick03__00001000__s0033.wav,0.6641052961349487,0.47099339962005615,0.8287895321846008,0.575751781463623,0.018717331811785698,0.15267378091812134
strat_bridge_fing17__00001000__s0011.wav,0.737928569316864,0.688822329044342,0.2545009255409241,0.5470536947250366,0.38206201791763306,0.10761704295873642
tele_bridge_fing07__00001000__s0029.wav,0.12591710686683655,0.3994520604610443,0.9067608118057251,0.61734539270401,0.31479397416114807,0.45440879464149475
strat_bridge_pick08__00001000__s0023.wav,0.14297614991664886,0.07638285309076309,0.39853253960609436,0.27242177724838257,0.07325568795204163,0.16482648253440857
tele_bridge_fing12__00001000__s0029.wav,0.09249523282051086,0.09306257963180542,0.0864945650100708,0.2864559292793274,0.30819806456565857,0.4494790732860565
tele_neck_fing01__00001000__s0032.wav,0.4774370491504669,0.47413507103919983,0.6807966232299805,0.6816492676734924,0.9025601744651794,0.8516902327537537
tele_neck_pick13__00001000__s0044.wav,0.6165947318077087,0.6103118658065796,0.7441258430480957,0.7398188710212708,0.5403480529785156,0.5583261251449585
les_neck_pick19__00001000__s0044.wav,0.9945876002311707,0.6417815089225769,0.36396709084510803,0.4879167377948761,0.27119237184524536,0.607942521572113
prs_neck_pick17__00001000__s0043.wav,0.9994164109230042,0.876177191734314,0.330657035112381,0.6291357278823853,0.6771017909049988,0.32476717233657837
strat_neck_fing25__00001000__s0020.wav,0.5791012048721313,0.5577046275138855,0.043253522366285324,0.36214274168014526,0.6817330718040466,0.3097434639930725
prs_bridge_fing24__00001000__s0004.wav,0.7523704171180725,0.8979712724685669,0.5879514217376709,0.32146281003952026,0.5276049971580505,0.43692049384117126
prs_bridge_pick12__00001000__s0034.wav,0.30733373761177063,0.12641969323158264,0.09969182312488556,0.172875314950943,0.199917271733284,0.4572426378726959
strat_bridge_fing08__00001000__s0030.wav,0.8960832357406616,0.9381294250488281,0.22618995606899261,0.4479522407054901,0.9093812704086304,0.8376160264015198
tele_bridge_fing23__00001000__s0054.wav,0.6292591094970703,0.5127630233764648,0.4297739565372467,0.606267511844635,0.3271105885505676,0.26089566946029663
strat_neck_fing17__00001000__s0046.wav,0.5272361040115356,0.5261904001235962,0.6518925428390503,0.5989642143249512,0.01807299256324768,0.14316529035568237
strat_bridge_fing20__00001000__s0017.wav,0.6274114847183228,0.6038417816162109,0.42703256011009216,0.7674910426139832,0.684666633605957,0.7847421169281006
tele_bridge_pick08__00001000__s0013.wav,0.32692429423332214,0.06940461695194244,0.2440650910139084,0.677029550075531,0.22166968882083893,0.42257630825042725
les_bridge_fing10__00001000__s0034.wav,0.29300457239151,0.4672052264213562,0.17450425028800964,0.7961150407791138,0.676291823387146,0.4168647229671478
strat_neck_fing10__00001000__s0050.wav,0.40453168749809265,0.2637943923473358,0.4113192558288574,0.6902019381523132,0.19090425968170166,0.24159713089466095
prs_bridge_pick03__00001000__s0024.wav,0.9227833151817322,0.9123706817626953,0.28432175517082214,0.5295187830924988,0.747780978679657,0.8316806554794312
prs_neck_pick12__00001000__s0050.wav,0.4288714528083801,0.5085542798042297,0.10710451006889343,0.3028140068054199,0.47382059693336487,0.43339410424232483
strat_neck_pick02__00001000__s0010.wav,0.4881719648838043,0.5169076919555664,0.7070283889770508,0.5482369065284729,0.49677008390426636,0.5399982333183289
strat_bridge_fing06__00001000__s0033.wav,0.31585076451301575,0.1960051953792572,0.42381978034973145,0.2542462646961212,0.04284238815307617,0.14567607641220093
les_bridge_pick19__00001000__s0012.wav,0.41790956258773804,0.40092429518699646,0.04667890816926956,0.6221266388893127,0.46670815348625183,0.37318068742752075
les_neck_fing24__00001000__s0052.wav,0.49285387992858887,0.5068005323410034,0.6180127263069153,0.5338963270187378,0.12180095165967941,0.14194944500923157
les_neck_pick06__00001000__s0029.wav,0.10273930430412292,0.34158506989479065,0.49681904911994934,0.8120718598365784,0.4565469026565552,0.5497332811355591
strat_neck_pick05__00001000__s0013.wav,0.3421962261199951,0.2958351671695709,0.985014796257019,0.7022250890731812,0.8519645929336548,0.7678169012069702
prs_bridge_pick23__00001000__s0042.wav,0.4000300168991089,0.40580081939697266,0.3242906332015991,0.24905841052532196,0.7235381007194519,0.7561069130897522
prs_bridge_fing12__00001000__s0032.wav,0.8936810493469238,0.7637085914611816,0.9358944296836853,0.3882245123386383,0.35960331559181213,0.4661780893802643
prs_neck_pick11__00001000__s0054.wav,0.4919692873954773,0.5229834914207458,0.07185148447751999,0.3704468905925751,0.9773715734481812,0.9625815153121948
strat_neck_pick12__00001000__s0050.wav,0.46904346346855164,0.7658739686012268,0.7872931361198425,0.22587789595127106,0.07816217094659805,0.4186585545539856
prs_neck_fing23__00001000__s0008.wav,0.4702199399471283,0.4779241979122162,0.04029243439435959,0.16462412476539612,0.44897282123565674,0.7501916289329529
strat_neck_pick11__00001000__s0027.wav,0.4176870584487915,0.39142751693725586,0.1567983329296112,0.41824617981910706,0.7333317399024963,0.731346070766449
tele_bridge_pick21__00001000__s0037.wav,0.8339511752128601,0.7293167114257812,0.41583251953125,0.7363197803497314,0.4224204123020172,0.6069079041481018
les_bridge_pick08__00001000__s0023.wav,0.16096830368041992,0.39881783723831177,0.262398898601532,0.415103942155838,0.6495777368545532,0.3794364035129547
prs_neck_fing03__00001000__s0001.wav,0.05945708975195885,0.07557624578475952,0.7719458341598511,0.42685386538505554,0.6939833760261536,0.6680753231048584
tele_bridge_fing03__00001000__s0042.wav,0.17610493302345276,0.3426966369152069,0.8493056893348694,0.7542307376861572,0.7520203590393066,0.7637802958488464
tele_bridge_pick03__00001000__s0022.wav,0.29685816168785095,0.14278455078601837,0.4059525728225708,0.387882262468338,0.9282642006874084,0.9531837701797485
les_bridge_fing06__00001000__s0010.wav,0.6726706027984619,0.5531203150749207,0.12544642388820648,0.18160949647426605,0.07125011831521988,0.3050365746021271
strat_neck_pick22__00001000__s0007.wav,0.9804854393005371,0.7779313325881958,0.017524924129247665,0.12313634902238846,0.524396538734436,0.4078080356121063
prs_neck_pick20__00001000__s0044.wav,0.9824731349945068,0.763826310634613,0.6905076503753662,0.3766838014125824,0.14128196239471436,0.22299769520759583
strat_bridge_pick19__00001000__s0055.wav,0.8060206174850464,0.6965951919555664,0.09879238158464432,0.6529263257980347,0.3229057490825653,0.45236238837242126
strat_neck_pick19__00001000__s0021.wav,0.0355563759803772,0.24849137663841248,0.44115424156188965,0.40339845418930054,0.17196567356586456,0.2727464437484741
strat_neck_fing20__00001000__s0017.wav,0.5692606568336487,0.6119992136955261,0.37532904744148254,0.33532944321632385,0.2849229872226715,0.3273770213127136
prs_neck_pick05__00001000__s0028.wav,0.9634393453598022,0.9194856286048889,0.2498924434185028,0.6355465054512024,0.5657764673233032,0.5843622088432312
les_neck_pick01__00001000__s0026.wav,0.6217572093009949,0.7537946105003357,0.9487009048461914,0.46777763962745667,0.46498849987983704,0.4885203540325165
les_neck_pick19__00001000__s0009.wav,0.6317570209503174,0.7904853224754333,0.222572922706604,0.5257097482681274,0.7780860662460327,0.8343168497085571
prs_bridge_fing09__00001000__s0013.wav,0.8235608339309692,0.6488786339759827,0.4174601137638092,0.819923996925354,0.08812093734741211,0.11197051405906677
prs_neck_fing25__00001000__s0010.wav,0.34080442786216736,0.2801373600959778,0.6494130492210388,0.5572710037231445,0.3957982361316681,0.2597794830799103
les_bridge_pick02__00001000__s0048.wav,0.8840318918228149,0.8332121968269348,0.642730176448822,0.3461975157260895,0.8946479558944702,0.8742806911468506
les_neck_fing05__00001000__s0003.wav,0.9605701565742493,0.8765742778778076,0.2926748991012573,0.25358501076698303,0.220413476228714,0.14360015094280243
tele_neck_pick21__00001000__s0015.wav,0.12791483104228973,0.07145031541585922,0.8244635462760925,0.8357394337654114,0.8705042600631714,0.7197721600532532
strat_bridge_pick02__00001000__s0014.wav,0.2753335237503052,0.27787548303604126,0.32417288422584534,0.40596795082092285,0.33828210830688477,0.42911526560783386
strat_bridge_fing24__00001000__s0046.wav,0.8865091800689697,0.7030216455459595,0.4192357659339905,0.6011238694190979,0.5422158241271973,0.4384070336818695
les_bridge_pick13__00001000__s0047.wav,0.6771849989891052,0.5388937592506409,0.9733598828315735,0.7728946805000305,0.39001765847206116,0.4050489366054535
prs_neck_fing16__00001000__s0038.wav,0.08339347690343857,0.06876586377620697,0.5853862166404724,0.6743671894073486,0.7422571778297424,0.7327615022659302
tele_neck_pick11__00001000__s0021.wav,0.5070148706436157,0.49304381012916565,0.45429250597953796,0.5810632109642029,0.9132607579231262,0.785266101360321
les_bridge_pick22__00001000__s0019.wav,0.37546393275260925,0.2873023748397827,0.8309223055839539,0.679765522480011,0.18719826638698578,0.27738305926322937
tele_neck_fing13__00001000__s0049.wav,0.42827796936035156,0.7497109770774841,0.7602272033691406,0.40948888659477234,0.2758873701095581,0.19207251071929932
tele_bridge_fing11__00001000__s0023.wav,0.447611004114151,0.6791946887969971,0.07748368382453918,0.7256175875663757,0.5092864036560059,0.526721179485321
prs_neck_pick05__00001000__s0032.wav,0.06668907403945923,0.27214983105659485,0.060657039284706116,0.5772346258163452,0.876133143901825,0.45073315501213074
strat_neck_pick17__00001000__s0027.wav,0.6208935379981995,0.6024362444877625,0.06481229513883591,0.21025995910167694,0.29842454195022583,0.37467461824417114
prs_bridge_fing19__00001000__s0016.wav,0.24910366535186768,0.3193635940551758,0.901226818561554,0.5222451090812683,0.29095080494880676,0.36839696764945984
strat_neck_pick09__00001000__s0003.wav,0.7499275207519531,0.6294113993644714,0.8827745914459229,0.1941005438566208,0.1647738218307495,0.5679632425308228
prs_bridge_pick13__00001000__s0013.wav,0.7764999270439148,0.9112339019775391,0.11688297241926193,0.5011565685272217,0.5088787078857422,0.4302307367324829
strat_neck_pick13__00001000__s0008.wav,0.6716005206108093,0.6471771597862244,0.28605395555496216,0.4541862905025482,0.8097108006477356,0.7313590049743652
strat_neck_fing11__00001000__s0022.wav,0.42169055342674255,0.36866119503974915,0.40176910161972046,0.3655513525009155,0.20963943004608154,0.14067445695400238
les_neck_pick22__00001000__s0038.wav,0.7505836486816406,0.8099067211151123,0.7000783085823059,0.44627130031585693,0.7832103967666626,0.8222678899765015
les_bridge_pick25__00001000__s0004.wav,0.9727895259857178,0.4440355598926544,0.6077514886856079,0.5361708402633667,0.5607183575630188,0.3640696704387665
prs_neck_pick10__00001000__s0018.wav,0.028656883165240288,0.017751475796103477,0.6412584185600281,0.9047733545303345,0.832433819770813,0.8265942931175232
strat_neck_fing15__00001000__s0016.wav,0.48703962564468384,0.3626229166984558,0.7154332995414734,0.7878947257995605,0.8696691393852234,0.9026259183883667
strat_bridge_pick20__00001000__s0043.wav,0.650239884853363,0.6384978294372559,0.3964463770389557,0.3203430771827698,0.04189455509185791,0.17192086577415466
prs_bridge_pick01__00001000__s0014.wav,0.5132912993431091,0.45460185408592224,0.07838618755340576,0.8131974339485168,0.24396304786205292,0.152227520942688
tele_neck_fing20__00001000__s0050.wav,0.4244961738586426,0.5121012330055237,0.6840370297431946,0.567329466342926,0.4385105073451996,0.4450954794883728
prs_bridge_pick09__00001000__s0038.wav,0.5875040888786316,0.4854130148887634,0.26603421568870544,0.21784058213233948,0.5704392790794373,0.5071551203727722
prs_bridge_fing05__00001000__s0035.wav,0.7621371150016785,0.7949296236038208,0.4860455393791199,0.39696788787841797,0.33120962977409363,0.1504785418510437
les_bridge_fing08__00001000__s0041.wav,0.7020182013511658,0.6460237503051758,0.5840306282043457,0.8468865752220154,0.9826683402061462,0.9605450630187988
tele_neck_pick24__00001000__s0051.wav,0.05329339578747749,0.21129794418811798,0.13458143174648285,0.2771577835083008,0.8785263895988464,0.5145111083984375
les_neck_fing24__00001000__s0018.wav,0.497579962015152,0.505004346370697,0.1951591521501541,0.6477609276771545,0.24030059576034546,0.10444242507219315
tele_bridge_fing24__00001000__s0043.wav,0.31207385659217834,0.3727923035621643,0.9132115840911865,0.7194488048553467,0.8003301620483398,0.6570701003074646
prs_bridge_fing08__00001000__s0019.wav,0.6343883872032166,0.6937966346740723,0.1430746614933014,0.49176961183547974,0.23174595832824707,0.10560771077871323
les_bridge_pick03__00001000__s0023.wav,0.10241599380970001,0.18865813314914703,0.01265986729413271,0.46223124861717224,0.2297305315732956,0.2854423522949219
prs_bridge_pick21__00001000__s0021.wav,0.11051648110151291,0.1400170475244522,0.8149210214614868,0.5104984641075134,0.7057526707649231,0.6506384015083313
les_bridge_fing23__00001000__s0040.wav,0.21213488280773163,0.1720261126756668,0.976542055606842,0.6634513735771179,0.1827297955751419,0.3766726851463318
prs_neck_pick24__00001000__s0009.wav,0.8669902682304382,0.6059318780899048,0.33851921558380127,0.3112674057483673,0.11049894988536835,0.21641577780246735
prs_neck_fing19__00001000__s0032.wav,0.8488554358482361,0.8772649168968201,0.6099449992179871,0.3834202289581299,0.286568284034729,0.2025880068540573
prs_neck_pick16__00001000__s0013.wav,0.04887593537569046,0.030804721638560295,0.1583894044160843,0.6149733662605286,0.490496426820755,0.1823759824037552
prs_neck_pick16__00001000__s0044.wav,0.042438309639692307,0.028997361660003662,0.8338888883590698,0.9364534616470337,0.7333419919013977,0.8090162873268127
les_neck_fing05__00001000__s0044.wav,0.027776721864938736,0.3244662284851074,0.08058618009090424,0.6367669105529785,0.19585423171520233,0.35966143012046814
les_neck_fing09__00001000__s0034.wav,0.786453127861023,0.6285792589187622,0.7288085222244263,0.8550833463668823,0.6144722104072571,0.6033521890640259
les_bridge_pick14__00001000__s0017.wav,0.48734280467033386,0.5859477519989014,0.4020722806453705,0.2682860493659973,0.7923616170883179,0.8279402852058411
strat_neck_fing22__00001000__s0036.wav,0.8867718577384949,0.9083694219589233,0.22213852405548096,0.3819372355937958,0.3417132496833801,0.5610981583595276
strat_neck_pick23__00001000__s0011.wav,0.6957806944847107,0.34694936871528625,0.4928836524486542,0.37989476323127747,0.20800337195396423,0.3859073221683502
tele_neck_pick13__00001000__s0048.wav,0.9050082564353943,0.8832311034202576,0.4866832494735718,0.3382737636566162,0.6757835149765015,0.66802978515625
prs_bridge_fing12__00001000__s0041.wav,0.19942450523376465,0.2874039113521576,0.8375652432441711,0.6941987872123718,0.7748610973358154,0.48044538497924805
tele_neck_fing09__00001000__s0038.wav,0.6281684041023254,0.5895209312438965,0.9445692300796509,0.6192071437835693,0.8488052487373352,0.8420193791389465
strat_neck_fing14__00001000__s0024.wav,0.44874948263168335,0.40465596318244934,0.15652498602867126,0.43667739629745483,0.39260992407798767,0.24284587800502777
tele_bridge_fing19__00001000__s0029.wav,0.994960606098175,0.839031457901001,0.11645647883415222,0.4728436768054962,0.4193699061870575,0.20576754212379456
prs_neck_pick12__00001000__s0045.wav,0.7391605973243713,0.7392498850822449,0.7919197082519531,0.6243990063667297,0.6833438873291016,0.7516003251075745
prs_bridge_fing03__00001000__s0050.wav,0.5928258299827576,0.4719792902469635,0.5567625164985657,0.3956274688243866,0.4883660674095154,0.5859028100967407
prs_neck_pick20__00001000__s0021.wav,0.8125773668289185,0.7226709723472595,0.35434970259666443,0.5045486688613892,0.27051255106925964,0.21714746952056885
strat_neck_pick17__00001000__s0028.wav,0.5713148713111877,0.5587966442108154,0.583868682384491,0.6466913223266602,0.6671643257141113,0.5393199920654297
les_neck_fing03__00001000__s0035.wav,0.736966609954834,0.761779248714447,0.3948121666908264,0.6564770936965942,0.468796968460083,0.6362712979316711
strat_bridge_fing21__00001000__s0042.wav,0.753205418586731,0.8409925699234009,0.8028466701507568,0.3994288742542267,0.29811617732048035,0.5051158666610718
strat_bridge_fing15__00001000__s0038.wav,0.7241175770759583,0.49077585339546204,0.4367244243621826,0.4720126986503601,0.3705503046512604,0.3615652322769165
prs_bridge_fing15__00001000__s0037.wav,0.8871333003044128,0.8844663500785828,0.9885680079460144,0.6095188856124878,0.00992488767951727,0.5149407386779785
prs_bridge_fing17__00001000__s0021.wav,0.8258892297744751,0.6541843414306641,0.6290249228477478,0.3027649521827698,0.061639443039894104,0.48823586106300354
les_neck_pick07__00001000__s0024.wav,0.8388761281967163,0.8096205592155457,0.4408029317855835,0.4648631513118744,0.9476606845855713,0.9032216668128967
strat_bridge_fing20__00001000__s0028.wav,0.6456233263015747,0.7620642185211182,0.05491555854678154,0.7124261260032654,0.5501421093940735,0.38857871294021606
prs_bridge_pick06__00001000__s0025.wav,0.6170321702957153,0.517444908618927,0.8478610515594482,0.8521254658699036,0.7812550663948059,0.8339921832084656
les_neck_fing19__00001000__s0009.wav,0.31528690457344055,0.7370423078536987,0.47141268849372864,0.42007794976234436,0.129060760140419,0.236464723944664
prs_bridge_fing09__00001000__s0003.wav,0.13342395424842834,0.18343502283096313,0.6126444935798645,0.645497739315033,0.9693776965141296,0.8312696218490601
les_bridge_pick18__00001000__s0041.wav,0.2989545464515686,0.397871732711792,0.9883984327316284,0.7665092349052429,0.5234872102737427,0.6821039915084839
strat_bridge_pick20__00001000__s0055.wav,0.013757196255028248,0.589245080947876,0.14064759016036987,0.6521233320236206,0.0128453578799963,0.16983722150325775
prs_neck_pick22__00001000__s0004.wav,0.19886626303195953,0.3630444407463074,0.6457123160362244,0.3580916225910187,0.21984529495239258,0.6142135262489319
prs_bridge_fing12__00001000__s0019.wav,0.9774121046066284,0.20798823237419128,0.699842631816864,0.2734457850456238,0.07777830958366394,0.3078937828540802
les_neck_pick18__00001000__s0011.wav,0.8869166970252991,0.7779456377029419,0.8680717349052429,0.7681253552436829,0.7847267985343933,0.7528983354568481
prs_bridge_fing20__00001000__s0005.wav,0.11020121723413467,0.3436681032180786,0.08383842557668686,0.35884636640548706,0.9284213185310364,0.4923284947872162
tele_neck_fing02__00001000__s0020.wav,0.8988754749298096,0.5005226135253906,0.734199583530426,0.6191763877868652,0.490205317735672,0.35561978816986084
strat_neck_fing10__00001000__s0044.wav,0.6495927572250366,0.811505138874054,0.4044444262981415,0.31539589166641235,0.014005489647388458,0.12490375339984894
tele_bridge_pick17__00001000__s0044.wav,0.2356644570827484,0.388672411441803,0.22330328822135925,0.48158639669418335,0.5465095639228821,0.7529999613761902
prs_bridge_fing06__00001000__s0007.wav,0.9834979772567749,0.8435958027839661,0.9871566891670227,0.7278200387954712,0.31800007820129395,0.2935059666633606
strat_neck_pick23__00001000__s0055.wav,0.6075620651245117,0.36257606744766235,0.9153006672859192,0.9774736166000366,0.8693974018096924,0.8601305484771729
prs_bridge_fing09__00001000__s0039.wav,0.3522385358810425,0.5563933253288269,0.9688929915428162,0.3448387682437897,0.043770354241132736,0.3544156551361084
les_bridge_fing06__00001000__s0028.wav,0.5406254529953003,0.7180213928222656,0.488842248916626,0.26590391993522644,0.9879069924354553,0.9450300931930542
les_neck_pick23__00001000__s0032.wav,0.9304820895195007,0.9031494855880737,0.08519082516431808,0.36667600274086,0.5270466804504395,0.7486571669578552
prs_neck_pick06__00001000__s0021.wav,0.09803205728530884,0.18274708092212677,0.49759840965270996,0.5627648830413818,0.40334245562553406,0.4431235194206238
les_neck_fing21__00001000__s0011.wav,0.025730246677994728,0.0839746966958046,0.9246635437011719,0.8003467917442322,0.6142839193344116,0.6850531697273254
strat_bridge_pick21__00001000__s0002.wav,0.6307844519615173,0.5648220181465149,0.10842220485210419,0.5962397456169128,0.18196317553520203,0.27606552839279175
strat_bridge_pick20__00001000__s0038.wav,0.1271214634180069,0.15477165579795837,0.3444315493106842,0.5294997096061707,0.5045111179351807,0.27687719464302063
prs_bridge_pick08__00001000__s0003.wav,0.2185899168252945,0.3972466289997101,0.9630167484283447,0.6357644200325012,0.07036888599395752,0.1334308683872223
les_neck_fing05__00001000__s0049.wav,0.8236692547798157,0.8965649008750916,0.024631662294268608,0.5069630146026611,0.8476585149765015,0.5948840379714966
strat_bridge_pick05__00001000__s0005.wav,0.5032866597175598,0.42656224966049194,0.19619326293468475,0.1560508906841278,0.7873862981796265,0.5185533761978149
tele_bridge_fing19__00001000__s0020.wav,0.025750186294317245,0.10128603130578995,0.6866706609725952,0.5609230399131775,0.3957793116569519,0.37532249093055725
prs_bridge_pick25__00001000__s0017.wav,0.7316478490829468,0.7061306834220886,0.3603769540786743,0.744621217250824,0.9298593401908875,0.9233760237693787
prs_bridge_fing01__00001000__s0027.wav,0.39184603095054626,0.40479013323783875,0.005824679508805275,0.2893679440021515,0.7254814505577087,0.46816369891166687
les_neck_pick23__00001000__s0046.wav,0.9641997218132019,0.7756103277206421,0.5276474952697754,0.31510239839553833,0.19784729182720184,0.3275555670261383
les_neck_fing13__00001000__s0017.wav,0.8934944868087769,0.8028935790061951,0.9303534030914307,0.6522334218025208,0.5943320393562317,0.6535865664482117
strat_bridge_pick06__00001000__s0052.wav,0.6927528977394104,0.5767211318016052,0.7563701868057251,0.3108527958393097,0.025604143738746643,0.145206481218338
strat_neck_fing05__00001000__s0029.wav,0.1973220258951187,0.592129647731781,0.3149222731590271,0.6875731945037842,0.49877893924713135,0.3538624346256256
les_neck_pick24__00001000__s0044.wav,0.8401203751564026,0.8079760074615479,0.985148549079895,0.6133720278739929,0.6375364661216736,0.5674576163291931
les_bridge_fing07__00001000__s0015.wav,0.3625900149345398,0.670096755027771,0.9974113702774048,0.5879743099212646,0.08065047115087509,0.23352877795696259
strat_bridge_pick19__00001000__s0001.wav,0.4204646050930023,0.42537444829940796,0.7086178064346313,0.7231209874153137,0.6977850198745728,0.5870397090911865
strat_neck_pick08__00001000__s0046.wav,0.3483269512653351,0.4457680583000183,0.2549613118171692,0.24914078414440155,0.16588708758354187,0.3307071328163147
strat_neck_fing13__00001000__s0017.wav,0.24451479315757751,0.31127291917800903,0.984447717666626,0.7475576996803284,0.7012026309967041,0.6863951683044434
strat_neck_pick25__00001000__s0016.wav,0.21480028331279755,0.28327256441116333,0.6884436011314392,0.6942075490951538,0.8310832977294922,0.8235641717910767
prs_bridge_fing21__00001000__s0049.wav,0.6557018756866455,0.5769017934799194,0.012534458190202713,0.4284763038158417,0.14378419518470764,0.08263897895812988
les_neck_pick06__00001000__s0007.wav,0.6738834381103516,0.6425453424453735,0.15882879495620728,0.3202149569988251,0.9142428040504456,0.8028982877731323
tele_bridge_fing20__00001000__s0002.wav,0.9278432726860046,0.5673882961273193,0.45300933718681335,0.7287412881851196,0.4877353012561798,0.35778069496154785
les_bridge_fing21__00001000__s0046.wav,0.028539661318063736,0.3489933907985687,0.18201006948947906,0.2207731008529663,0.8021284937858582,0.500320315361023
strat_bridge_pick04__00001000__s0016.wav,0.328381210565567,0.2724774479866028,0.40636011958122253,0.6876809000968933,0.7463169097900391,0.7898828387260437
les_bridge_pick17__00001000__s0055.wav,0.9793445467948914,0.9222800135612488,0.8055464625358582,0.4955582022666931,0.6304256916046143,0.7101150751113892
prs_bridge_fing15__00001000__s0010.wav,0.0454365499317646,0.04830160364508629,0.8001714944839478,0.7964839339256287,0.41843730211257935,0.3893851339817047
les_neck_fing16__00001000__s0054.wav,0.9151091575622559,0.6417913436889648,0.4120931625366211,0.490398645401001,0.5240837931632996,0.617944598197937
prs_bridge_fing24__00001000__s0042.wav,0.02647309936583042,0.09907673299312592,0.2659398019313812,0.16644786298274994,0.38127508759498596,0.6134262084960938
strat_neck_fing08__00001000__s0001.wav,0.296034038066864,0.23561693727970123,0.6555668115615845,0.8031985759735107,0.9851586222648621,0.9699841141700745
prs_bridge_fing24__00001000__s0008.wav,0.41299208998680115,0.4980098307132721,0.7098551392555237,0.6527608036994934,0.9771232604980469,0.9802095890045166
prs_neck_fing09__00001000__s0022.wav,0.15876059234142303,0.15177778899669647,0.12583738565444946,0.20608846843242645,0.9682742953300476,0.7798828482627869
strat_bridge_pick02__00001000__s0016.wav,0.08623254299163818,0.2469736933708191,0.5622888207435608,0.6562615633010864,0.2496025115251541,0.12325848639011383
strat_bridge_fing16__00001000__s0029.wav,0.5092938542366028,0.5064718127250671,0.3659589886665344,0.6455533504486084,0.7429880499839783,0.7327414155006409
les_bridge_fing13__00001000__s0048.wav,0.8075767159461975,0.714703381061554,0.14887520670890808,0.6424892544746399,0.901301920413971,0.8464213609695435
les_neck_fing13__00001000__s0000.wav,0.9853415489196777,0.785129964351654,0.544285774230957,0.4410899579524994,0.37311244010925293,0.22286143898963928
les_bridge_fing01__00001000__s0054.wav,0.1476384550333023,0.16488683223724365,0.5762052536010742,0.3742735981941223,0.2599402070045471,0.6665704846382141
strat_neck_pick19__00001000__s0037.wav,0.6607526540756226,0.5574014186859131,0.4087331295013428,0.6429301500320435,0.5882967114448547,0.4983808994293213
prs_bridge_pick12__00001000__s0032.wav,0.603876531124115,0.5217241048812866,0.05942725017666817,0.42616593837738037,0.8171958923339844,0.6486486196517944
prs_neck_pick18__00001000__s0046.wav,0.3289296329021454,0.5230542421340942,0.45551934838294983,0.5052918195724487,0.172401562333107,0.15993034839630127
prs_bridge_pick18__00001000__s0033.wav,0.9308456182479858,0.9609822630882263,0.5855425000190735,0.5087341666221619,0.3822750747203827,0.28244590759277344
tele_neck_pick18__00001000__s0005.wav,0.41969868540763855,0.5667878985404968,0.0971415564417839,0.4253901541233063,0.9783173203468323,0.9470324516296387
tele_neck_fing14__00001000__s0004.wav,0.7530225515365601,0.6947749257087708,0.1370501071214676,0.3571947515010834,0.5958057045936584,0.46194911003112793
tele_neck_pick02__00001000__s0055.wav,0.2849314510822296,0.4649944603443146,0.3066090941429138,0.7113631367683411,0.6550421714782715,0.6135002374649048
prs_bridge_pick16__00001000__s0045.wav,0.7509083151817322,0.8985480070114136,0.6991739869117737,0.6579370498657227,0.7255807518959045,0.8546643257141113
strat_neck_fing21__00001000__s0007.wav,0.31047406792640686,0.330350786447525,0.49286019802093506,0.46932363510131836,0.36333635449409485,0.5168460011482239
les_neck_fing13__00001000__s0022.wav,0.8625116348266602,0.39821046590805054,0.8335556983947754,0.5292056202888489,0.7225903272628784,0.5278723835945129
les_neck_pick07__00001000__s0044.wav,0.18960453569889069,0.5481302738189697,0.5944132208824158,0.43379589915275574,0.024337047711014748,0.06337245553731918
tele_bridge_pick06__00001000__s0002.wav,0.2871280312538147,0.1777571439743042,0.1456058919429779,0.5274993181228638,0.7790474891662598,0.26861974596977234
les_bridge_fing09__00001000__s0030.wav,0.5431578159332275,0.14862121641635895,0.34997233748435974,0.5065371990203857,0.11909308284521103,0.18234583735466003
les_bridge_fing25__00001000__s0027.wav,0.3663761019706726,0.6538623571395874,0.8762774467468262,0.4343176484107971,0.20813767611980438,0.18303781747817993
tele_bridge_pick19__00001000__s0032.wav,0.5311359763145447,0.3536584973335266,0.12940150499343872,0.43354228138923645,0.4069390892982483,0.3634621798992157
les_bridge_fing05__00001000__s0006.wav,0.6523732542991638,0.763857364654541,0.8809346556663513,0.7288504838943481,0.40620797872543335,0.20219919085502625
tele_neck_pick25__00001000__s0043.wav,0.12453989684581757,0.13207215070724487,0.5830333828926086,0.830126941204071,0.6022719144821167,0.5866345167160034
les_neck_fing02__00001000__s0022.wav,0.9951437711715698,0.9135149121284485,0.6332470178604126,0.5418773293495178,0.2913617491722107,0.26621511578559875
les_neck_pick03__00001000__s0035.wav,0.7841416001319885,0.34437620639801025,0.7208657264709473,0.30222904682159424,0.12177451699972153,0.2291298806667328
strat_neck_pick06__00001000__s0034.wav,0.8864045739173889,0.8952940702438354,0.7718311548233032,0.4257851541042328,0.7561350464820862,0.8306676745414734
strat_bridge_fing18__00001000__s0043.wav,0.034109991043806076,0.1399664431810379,0.22516503930091858,0.13212865591049194,0.11111512780189514,0.32910457253456116
les_neck_fing12__00001000__s0013.wav,0.7096041440963745,0.7843696475028992,0.7256799340248108,0.8502920269966125,0.49109214544296265,0.4520471394062042
les_bridge_pick23__00001000__s0055.wav,0.6334601640701294,0.6330479383468628,0.13166913390159607,0.5276904702186584,0.3356669843196869,0.22928699851036072
strat_neck_pick10__00001000__s0022.wav,0.9310659170150757,0.793051540851593,0.507032573223114,0.2361915111541748,0.14269204437732697,0.2416355460882187
strat_bridge_fing21__00001000__s0023.wav,0.7708167433738708,0.8132179975509644,0.2563115358352661,0.7338257431983948,0.2559262812137604,0.5028620362281799
prs_neck_fing09__00001000__s0052.wav,0.618078887462616,0.6195078492164612,0.8291874527931213,0.47034215927124023,0.8299790024757385,0.8535453081130981
prs_bridge_fing10__00001000__s0039.wav,0.07829856127500534,0.04687202721834183,0.7636376023292542,0.7036342620849609,0.6156985759735107,0.2236412763595581
prs_neck_fing15__00001000__s0005.wav,0.18513880670070648,0.3385848104953766,0.884262204170227,0.41286715865135193,0.15696726739406586,0.4331739842891693
strat_bridge_fing16__00001000__s0046.wav,0.08252611011266708,0.013798362575471401,0.8038620352745056,0.75376296043396,0.8631280660629272,0.8231139779090881
prs_neck_pick10__00001000__s0045.wav,0.1817258894443512,0.21219271421432495,0.25292879343032837,0.23171821236610413,0.7805041670799255,0.7899096608161926
les_bridge_fing04__00001000__s0026.wav,0.8664397597312927,0.7890445590019226,0.9305177330970764,0.4927232265472412,0.22999924421310425,0.16098374128341675
tele_neck_fing19__00001000__s0046.wav,0.3793615996837616,0.5101644992828369,0.5583944320678711,0.5790587663650513,0.9824981689453125,0.9423418045043945
tele_neck_fing15__00001000__s0008.wav,0.8416787385940552,0.5849229693412781,0.5606022477149963,0.3963494896888733,0.4615376889705658,0.17043939232826233
prs_neck_pick20__00001000__s0009.wav,0.2497791051864624,0.36078569293022156,0.9606526494026184,0.6118890643119812,0.8858186602592468,0.7874695658683777
strat_neck_fing07__00001000__s0019.wav,0.03304513543844223,0.08653591573238373,0.9458510279655457,0.8525062799453735,0.5607470870018005,0.4975578188896179
strat_neck_pick16__00001000__s0013.wav,0.8723301291465759,0.7946266531944275,0.0776238813996315,0.8068057298660278,0.8462452292442322,0.8764274716377258
strat_bridge_pick02__00001000__s0033.wav,0.6917552351951599,0.650380551815033,0.5746463537216187,0.6479712724685669,0.1825946718454361,0.13111631572246552
tele_bridge_pick19__00001000__s0038.wav,0.16396784782409668,0.20688535273075104,0.425748735666275,0.7557721138000488,0.45496097207069397,0.41126248240470886
les_bridge_pick09__00001000__s0022.wav,0.9154118299484253,0.9021745920181274,0.7645689845085144,0.30197346210479736,0.7682285308837891,0.7886425256729126
strat_neck_fing10__00001000__s0042.wav,0.3648465871810913,0.2940807640552521,0.6174964904785156,0.4267086982727051,0.4729057252407074,0.44484519958496094
prs_bridge_fing17__00001000__s0007.wav,0.9471992254257202,0.853696882724762,0.7404500842094421,0.6176698207855225,0.24391551315784454,0.202177494764328
strat_neck_fing06__00001000__s0052.wav,0.3535875976085663,0.3860815167427063,0.6913090348243713,0.4937790036201477,0.7991199493408203,0.796026885509491
strat_neck_pick03__00001000__s0049.wav,0.16107094287872314,0.2863384187221527,0.30448827147483826,0.13643725216388702,0.592384934425354,0.6645424962043762
les_bridge_fing11__00001000__s0026.wav,0.2014552801847458,0.12240736186504364,0.6127206683158875,0.6168615221977234,0.40332916378974915,0.732161819934845
strat_bridge_fing03__00001000__s0047.wav,0.5059045553207397,0.7433658242225647,0.9617937207221985,0.4455292820930481,0.3394494354724884,0.3016675114631653
prs_bridge_fing18__00001000__s0048.wav,0.802717924118042,0.4820116460323334,0.2695404589176178,0.5414040088653564,0.46171894669532776,0.6200627684593201
tele_neck_pick08__00001000__s0048.wav,0.40326738357543945,0.49591630697250366,0.35049065947532654,0.44203537702560425,0.029216565191745758,0.023015284910798073
strat_neck_fing10__00001000__s0053.wav,0.9059928059577942,0.9350974559783936,0.7739585638046265,0.38217025995254517,0.28822216391563416,0.21286924183368683
prs_bridge_pick14__00001000__s0053.wav,0.13917140662670135,0.38159433007240295,0.368021160364151,0.46534955501556396,0.5529488921165466,0.470853328704834
strat_neck_pick08__00001000__s0007.wav,0.8090806603431702,0.44562625885009766,0.8657816052436829,0.7577483654022217,0.5056811571121216,0.5285245180130005
les_bridge_fing10__00001000__s0009.wav,0.9437991976737976,0.8266770243644714,0.171382874250412,0.5142226219177246,0.33301684260368347,0.37572887539863586
prs_neck_fing02__00001000__s0040.wav,0.08919035643339157,0.09659077227115631,0.7873049378395081,0.8422016501426697,0.6076260805130005,0.4284512400627136
tele_bridge_fing01__00001000__s0045.wav,0.8907120227813721,0.8987492322921753,0.2594105303287506,0.30815544724464417,0.45641106367111206,0.7834118604660034
strat_bridge_pick05__00001000__s0039.wav,0.8836569786071777,0.6885281801223755,0.6397348642349243,0.5583620667457581,0.3899919390678406,0.24782036244869232
les_bridge_pick10__00001000__s0007.wav,0.08103476464748383,0.04696882516145706,0.7586184144020081,0.5733960866928101,0.5480944514274597,0.6415830254554749
tele_bridge_pick06__00001000__s0030.wav,0.7238684892654419,0.8020702600479126,0.9304856657981873,0.54683917760849,0.5019594430923462,0.4427430331707001
prs_neck_fing08__00001000__s0018.wav,0.1975141018629074,0.3404589295387268,0.3031962513923645,0.1777520477771759,0.7532348036766052,0.8727174997329712
les_bridge_fing06__00001000__s0031.wav,0.6664873361587524,0.5197019577026367,0.9919981956481934,0.7323483824729919,0.28346267342567444,0.48608267307281494
strat_bridge_fing07__00001000__s0037.wav,0.7356800436973572,0.7546741962432861,0.06686649471521378,0.20564676821231842,0.09992436319589615,0.23022548854351044
les_bridge_fing22__00001000__s0011.wav,0.6739808917045593,0.7434399724006653,0.5991355180740356,0.6930475234985352,0.9291511178016663,0.9296263456344604
strat_bridge_pick18__00001000__s0043.wav,0.7977025508880615,0.6243981122970581,0.016809413209557533,0.12872456014156342,0.11363087594509125,0.27223142981529236
strat_bridge_pick20__00001000__s0000.wav,0.04179619625210762,0.03732790797948837,0.17544852197170258,0.46296176314353943,0.7225711345672607,0.4610317349433899
strat_neck_fing11__00001000__s0000.wav,0.8705900311470032,0.8944268822669983,0.9464083313941956,0.5007582306861877,0.9267809391021729,0.9095625281333923
les_bridge_fing25__00001000__s0003.wav,0.48857825994491577,0.5565280318260193,0.6791829466819763,0.7350942492485046,0.6754506826400757,0.7471246719360352
strat_neck_pick21__00001000__s0038.wav,0.8424707055091858,0.7871038317680359,0.1070173978805542,0.44080570340156555,0.11718250066041946,0.14754219353199005
tele_neck_pick18__00001000__s0037.wav,0.3122652769088745,0.20185069739818573,0.07515734434127808,0.4522689878940582,0.8030747771263123,0.8258551359176636
strat_bridge_pick11__00001000__s0030.wav,0.8462498784065247,0.7994332313537598,0.2943509817123413,0.32444995641708374,0.05646715685725212,0.15130893886089325
tele_neck_pick12__00001000__s0050.wav,0.8057906031608582,0.9125748872756958,0.34607967734336853,0.5702983736991882,0.9346753358840942,0.943270742893219
tele_neck_pick16__00001000__s0001.wav,0.8148005604743958,0.8979649543762207,0.5528841614723206,0.5808741450309753,0.3331955075263977,0.2599871754646301
strat_neck_fing16__00001000__s0044.wav,0.3737226724624634,0.5523018836975098,0.1562042236328125,0.5609561204910278,0.9434581398963928,0.8229119181632996
tele_bridge_pick05__00001000__s0038.wav,0.7273733615875244,0.6730804443359375,0.8176417350769043,0.6504874229431152,0.8608890771865845,0.8483201861381531
strat_bridge_pick04__00001000__s0020.wav,0.4186459481716156,0.5768828392028809,0.6671643853187561,0.5218018293380737,0.5217303037643433,0.4996670186519623
les_neck_fing17__00001000__s0014.wav,0.5818427205085754,0.6563078761100769,0.8671988844871521,0.782433271408081,0.7196646928787231,0.7624465227127075
prs_bridge_fing09__00001000__s0004.wav,0.8629330992698669,0.8806384801864624,0.6458278298377991,0.5816369652748108,0.920968770980835,0.9225680828094482
strat_neck_pick05__00001000__s0038.wav,0.9026495814323425,0.8253217935562134,0.9479387402534485,0.7039388418197632,0.7790966033935547,0.7109109163284302
tele_neck_fing15__00001000__s0042.wav,0.7150970101356506,0.6980695128440857,0.001190513139590621,0.30452960729599,0.9984384179115295,0.9600315690040588
prs_neck_fing11__00001000__s0013.wav,0.4866357743740082,0.4747188091278076,0.8097171187400818,0.700324535369873,0.31061989068984985,0.3640722632408142
prs_neck_pick23__00001000__s0039.wav,0.6792913675308228,0.6869398355484009,0.0038682713638991117,0.6811007261276245,0.5668356418609619,0.45427119731903076
strat_bridge_pick13__00001000__s0040.wav,0.695446789264679,0.8903807997703552,0.8757634162902832,0.43058496713638306,0.17532816529273987,0.32498714327812195
strat_bridge_pick18__00001000__s0052.wav,0.764674723148346,0.3854677677154541,0.008686713874340057,0.22275623679161072,0.7880709171295166,0.832358181476593
les_bridge_fing15__00001000__s0042.wav,0.5842131972312927,0.3017462193965912,0.5165225267410278,0.42856085300445557,0.06506136059761047,0.3063049912452698
les_neck_fing06__00001000__s0026.wav,0.08737543970346451,0.20165404677391052,0.6572743654251099,0.4870455861091614,0.11297474056482315,0.2618984878063202
les_neck_fing03__00001000__s0038.wav,0.7168442010879517,0.7368988990783691,0.23752789199352264,0.19575731456279755,0.33499106764793396,0.2838323712348938
strat_bridge_pick07__00001000__s0017.wav,0.6958367824554443,0.4387620687484741,0.8656261563301086,0.5415371060371399,0.24894139170646667,0.29936447739601135
strat_neck_pick20__00001000__s0047.wav,0.6574466824531555,0.789480447769165,0.07568583637475967,0.6533476710319519,0.11902110278606415,0.062217939645051956
tele_neck_fing07__00001000__s0055.wav,0.6948081254959106,0.7761852741241455,0.3154226839542389,0.3526638448238373,0.9692418575286865,0.8946237564086914
tele_neck_fing06__00001000__s0027.wav,0.5773995518684387,0.5412745475769043,0.4456026256084442,0.8330827951431274,0.34041669964790344,0.3539392650127411
prs_bridge_fing19__00001000__s0020.wav,0.9258889555931091,0.7470011711120605,0.9965805411338806,0.44650185108184814,0.6504999399185181,0.7183391451835632
strat_neck_fing01__00001000__s0014.wav,0.6706897020339966,0.7935424447059631,0.5425489544868469,0.423591673374176,0.27362269163131714,0.24038055539131165
prs_bridge_fing09__00001000__s0029.wav,0.059823036193847656,0.13687002658843994,0.5634756088256836,0.46099144220352173,0.6627749800682068,0.7368181943893433
strat_neck_pick14__00001000__s0027.wav,0.08890043199062347,0.09549695998430252,0.14286115765571594,0.23037563264369965,0.7691133618354797,0.41146308183670044
prs_bridge_fing01__00001000__s0054.wav,0.23557257652282715,0.26431503891944885,0.9692744016647339,0.7225987911224365,0.2824513018131256,0.3687450587749481
tele_bridge_fing03__00001000__s0017.wav,0.004682660568505526,0.28906717896461487,0.6832700967788696,0.6293976306915283,0.2393493801355362,0.3959992229938507
les_neck_pick14__00001000__s0054.wav,0.4727611839771271,0.2924894690513611,0.36433783173561096,0.735834538936615,0.32834482192993164,0.42337071895599365
les_neck_fing25__00001000__s0055.wav,0.33780190348625183,0.19577598571777344,0.1862005740404129,0.6037245392799377,0.4493274688720703,0.3376922309398651
prs_neck_fing10__00001000__s0046.wav,0.4978299140930176,0.6155750155448914,0.42025133967399597,0.5383270382881165,0.9238798022270203,0.7526353001594543
tele_neck_pick09__00001000__s0035.wav,0.6499400734901428,0.575192391872406,0.2533608675003052,0.5746087431907654,0.4460960626602173,0.7056463956832886
strat_bridge_fing06__00001000__s0039.wav,0.29144662618637085,0.3139394521713257,0.6706393957138062,0.49168533086776733,0.09476349502801895,0.09920327365398407
strat_neck_fing17__00001000__s0006.wav,0.8912464380264282,0.7998254895210266,0.46252530813217163,0.7251452207565308,0.46095582842826843,0.26341843605041504
tele_bridge_fing01__00001000__s0010.wav,0.8690964579582214,0.8955303430557251,0.02162684127688408,0.594272792339325,0.85025954246521,0.8900780081748962
prs_neck_pick23__00001000__s0019.wav,0.29256749153137207,0.35723263025283813,0.7139672636985779,0.6138696074485779,0.4281916320323944,0.3707299828529358
tele_neck_pick19__00001000__s0004.wav,0.06926533579826355,0.6877334117889404,0.9272705316543579,0.795043408870697,0.024885181337594986,0.2592167854309082
tele_bridge_fing02__00001000__s0047.wav,0.26223617792129517,0.3680201470851898,0.4380737543106079,0.5189336538314819,0.40785130858421326,0.7698948383331299
prs_bridge_pick14__00001000__s0035.wav,0.5215857028961182,0.5169697999954224,0.9010028839111328,0.6358504891395569,0.5605674386024475,0.6362775564193726
les_neck_fing11__00001000__s0023.wav,0.4148503839969635,0.3640640377998352,0.5169045329093933,0.6631677746772766,0.3645287752151489,0.35106539726257324
les_bridge_pick05__00001000__s0016.wav,0.3989705741405487,0.51884925365448,0.9556728601455688,0.7884253263473511,0.803134024143219,0.6908916234970093
prs_bridge_fing22__00001000__s0032.wav,0.7315894365310669,0.6720017194747925,0.7766294479370117,0.5795403718948364,0.8578087687492371,0.8907245397567749
les_neck_pick24__00001000__s0017.wav,0.582129716873169,0.6754664778709412,0.5255375504493713,0.5193085670471191,0.9313961267471313,0.9500860571861267
strat_neck_fing20__00001000__s0028.wav,0.15630103647708893,0.18873240053653717,0.8271650075912476,0.3045101463794708,0.13347752392292023,0.49493542313575745
les_neck_fing24__00001000__s0013.wav,0.03030949831008911,0.010708817280828953,0.6109170317649841,0.6959080696105957,0.8870830535888672,0.8044363856315613
tele_neck_pick16__00001000__s0018.wav,0.8709681034088135,0.8944788575172424,0.9497853517532349,0.5363255143165588,0.7642449736595154,0.6137085556983948
strat_bridge_fing16__00001000__s0007.wav,0.8400120139122009,0.6483964920043945,0.3103262186050415,0.47858673334121704,0.48916488885879517,0.2186421900987625
prs_neck_pick20__00001000__s0038.wav,0.7382509708404541,0.7578314542770386,0.40863296389579773,0.6962776780128479,0.43854621052742004,0.34239518642425537
strat_neck_pick16__00001000__s0049.wav,0.7749239802360535,0.6658666133880615,0.42957091331481934,0.6993120908737183,0.7802706956863403,0.8646435737609863
tele_bridge_pick07__00001000__s0022.wav,0.5357229709625244,0.700920045375824,0.7524198889732361,0.5167456865310669,0.6136656403541565,0.5724720358848572
strat_bridge_pick21__00001000__s0042.wav,0.5370833277702332,0.4091678261756897,0.3031982183456421,0.3023618161678314,0.6238559484481812,0.44517362117767334
les_neck_pick09__00001000__s0054.wav,0.6966851353645325,0.63897705078125,0.2930178940296173,0.5179932117462158,0.986926794052124,0.944687008857727
les_bridge_pick06__00001000__s0049.wav,0.4900733232498169,0.5191144943237305,0.5974074006080627,0.5724615454673767,0.6529281735420227,0.5683960914611816
tele_neck_pick18__00001000__s0041.wav,0.9472301006317139,0.7014415264129639,0.7911401391029358,0.6434367299079895,0.3746132254600525,0.2808009088039398
prs_neck_fing23__00001000__s0010.wav,0.3574761748313904,0.5278345346450806,0.736851692199707,0.5552600622177124,0.7467703819274902,0.8842428922653198
tele_neck_pick10__00001000__s0047.wav,0.7133297920227051,0.720747709274292,0.14146104454994202,0.4714106321334839,0.18329240381717682,0.25820451974868774
strat_neck_fing18__00001000__s0010.wav,0.36353611946105957,0.4028165638446808,0.14883100986480713,0.2213260680437088,0.7270256280899048,0.7794678211212158
strat_neck_pick07__00001000__s0047.wav,0.0008410465670749545,0.3519033193588257,0.04622797295451164,0.5004220604896545,0.8978608250617981,0.23173393309116364
tele_neck_pick03__00001000__s0002.wav,0.315987229347229,0.23588122427463531,0.20687150955200195,0.5807301998138428,0.45378610491752625,0.45962437987327576
strat_neck_pick02__00001000__s0028.wav,0.9798170924186707,0.6040651798248291,0.5783633589744568,0.3585679829120636,0.23199953138828278,0.34314635396003723
tele_neck_fing08__00001000__s0055.wav,0.3829313814640045,0.3413509428501129,0.8819509148597717,0.6987406015396118,0.8583975434303284,0.7255533337593079
les_bridge_fing04__00001000__s0050.wav,0.9155443906784058,0.842458188533783,0.7033355832099915,0.5505305528640747,0.4261033833026886,0.4922860264778137
prs_neck_pick12__00001000__s0016.wav,0.7346968054771423,0.6388186812400818,0.30350103974342346,0.5645034313201904,0.02268252708017826,0.0671263039112091
tele_bridge_fing09__00001000__s0043.wav,0.08017510175704956,0.0697326809167862,0.6532737016677856,0.6026735901832581,0.42537587881088257,0.5706931948661804
prs_bridge_fing02__00001000__s0001.wav,0.5757806301116943,0.6154853701591492,0.43617182970046997,0.5091259479522705,0.2713760435581207,0.1149415373802185
prs_bridge_fing09__00001000__s0028.wav,0.403799444437027,0.49797871708869934,0.4478592574596405,0.7132285833358765,0.6898543834686279,0.4226176142692566
les_neck_pick01__00001000__s0002.wav,0.14110982418060303,0.6616164445877075,0.4583885967731476,0.7051981687545776,0.04382794722914696,0.1345497965812683
les_neck_fing19__00001000__s0021.wav,0.482336163520813,0.8420406579971313,0.9778987169265747,0.698024332523346,0.28535112738609314,0.45668286085128784
prs_neck_pick18__00001000__s0043.wav,0.4926408529281616,0.5780090093612671,0.10398492217063904,0.1268647462129593,0.9692404270172119,0.9269891381263733
strat_bridge_fing20__00001000__s0003.wav,0.32096433639526367,0.3821909427642822,0.8391880989074707,0.6552100777626038,0.5918668508529663,0.45685654878616333
les_neck_pick07__00001000__s0004.wav,0.09644076228141785,0.06620461493730545,0.9756442904472351,0.8363461494445801,0.8685047030448914,0.8410981893539429
strat_bridge_pick17__00001000__s0028.wav,0.7791913747787476,0.5741133093833923,0.7291299700737,0.4317311942577362,0.5363320112228394,0.5712897777557373
les_bridge_pick20__00001000__s0052.wav,0.09482971578836441,0.19044692814350128,0.16982579231262207,0.34584641456604004,0.5109866857528687,0.30359068512916565
les_neck_pick12__00001000__s0018.wav,0.42944592237472534,0.2911604642868042,0.6514094471931458,0.45493805408477783,0.2256428301334381,0.24034859240055084
prs_neck_pick16__00001000__s0047.wav,0.20539076626300812,0.40778425335884094,0.19834639132022858,0.39608147740364075,0.08991263806819916,0.5466064810752869
tele_bridge_fing17__00001000__s0040.wav,0.4325200319290161,0.45936471223831177,0.6763547658920288,0.37340444326400757,0.3656690716743469,0.42437490820884705
tele_neck_pick21__00001000__s0009.wav,0.2698306441307068,0.41225072741508484,0.6275803446769714,0.6451877951622009,0.2907314896583557,0.37676578760147095
prs_neck_pick11__00001000__s0029.wav,0.8820815682411194,0.9282171130180359,0.7644063830375671,0.7066196799278259,0.7458188533782959,0.7436391115188599
les_neck_pick24__00001000__s0035.wav,0.07673965394496918,0.015894178301095963,0.8555665612220764,0.8804481625556946,0.46856722235679626,0.6173568367958069
strat_bridge_pick09__00001000__s0031.wav,0.20222151279449463,0.08821259438991547,0.3115176856517792,0.6078271269798279,0.4137047827243805,0.39440247416496277
prs_neck_fing04__00001000__s0055.wav,0.03482936695218086,0.07826068252325058,0.624653697013855,0.8274509310722351,0.6546099185943604,0.41445618867874146
tele_bridge_fing09__00001000__s0006.wav,0.1581931710243225,0.4981210231781006,0.9471961855888367,0.7999647259712219,0.1444198340177536,0.29859718680381775
prs_bridge_pick19__00001000__s0041.wav,0.41007569432258606,0.4892846941947937,0.15000420808792114,0.511210024356842,0.077092245221138,0.12225694954395294
tele_neck_pick13__00001000__s0002.wav,0.8139456510543823,0.8860582113265991,0.04674077406525612,0.3139698803424835,0.22827599942684174,0.205411896109581
les_neck_pick07__00001000__s0003.wav,0.7070369124412537,0.4374655485153198,0.20165084302425385,0.270986407995224,0.33704057335853577,0.3368925154209137
tele_neck_fing03__00001000__s0034.wav,0.10313642024993896,0.19622544944286346,0.45856133103370667,0.33503851294517517,0.33891957998275757,0.272837370634079
tele_bridge_pick07__00001000__s0044.wav,0.6781469583511353,0.43802404403686523,0.029253635555505753,0.5411641597747803,0.7016935348510742,0.5009035468101501
strat_neck_fing11__00001000__s0016.wav,0.4713766276836395,0.3401156961917877,0.3309597671031952,0.6204736232757568,0.6667453646659851,0.6522183418273926
prs_bridge_fing08__00001000__s0011.wav,0.1755392700433731,0.33504101634025574,0.6047294735908508,0.4640403687953949,0.4728867709636688,0.5006542801856995
strat_bridge_fing09__00001000__s0003.wav,0.5238507986068726,0.7026205658912659,0.4988681375980377,0.7875272631645203,0.6594048142433167,0.7221922278404236
tele_neck_pick15__00001000__s0054.wav,0.8455312848091125,0.6362020373344421,0.6771426796913147,0.5508038401603699,0.32081496715545654,0.32852277159690857
tele_bridge_fing15__00001000__s0004.wav,0.9342979192733765,0.7947737574577332,0.7245414853096008,0.5478296875953674,0.05790158361196518,0.27258846163749695
strat_neck_pick14__00001000__s0016.wav,0.9162453413009644,0.8210222721099854,0.7078624963760376,0.3967370390892029,0.3809909522533417,0.5845584273338318
tele_bridge_fing21__00001000__s0051.wav,0.12993499636650085,0.09929345548152924,0.6145644783973694,0.6901730298995972,0.3551427721977234,0.17591023445129395
strat_bridge_fing02__00001000__s0030.wav,0.8830786347389221,0.9141288995742798,0.4641857445240021,0.22222943603992462,0.9759358167648315,0.9583597183227539
les_bridge_fing25__00001000__s0049.wav,0.8509644269943237,0.909023106098175,0.26492008566856384,0.40981724858283997,0.29939520359039307,0.24603798985481262
tele_bridge_fing18__00001000__s0007.wav,0.2969161868095398,0.3210373818874359,0.8179616928100586,0.7639518976211548,0.5068631172180176,0.4569259285926819
les_bridge_fing18__00001000__s0010.wav,0.9561988115310669,0.8460424542427063,0.7792995572090149,0.3693503439426422,0.9783581495285034,0.9780228734016418
les_bridge_fing12__00001000__s0048.wav,0.3585028350353241,0.34203511476516724,0.6724467873573303,0.39048296213150024,0.23891609907150269,0.33514726161956787
les_neck_pick13__00001000__s0002.wav,0.21906119585037231,0.20118801295757294,0.18465377390384674,0.2576245963573456,0.41328585147857666,0.3590112626552582
les_neck_pick05__00001000__s0018.wav,0.11332158744335175,0.5484228730201721,0.7645412683486938,0.41275644302368164,0.13277553021907806,0.19218361377716064
les_bridge_fing06__00001000__s0047.wav,0.23314756155014038,0.2602729797363281,0.31970205903053284,0.3765055537223816,0.9368918538093567,0.7665113210678101
prs_neck_fing20__00001000__s0045.wav,0.8758205771446228,0.8449106812477112,0.3444861173629761,0.3421592712402344,0.17643071711063385,0.10187039524316788
strat_bridge_fing02__00001000__s0053.wav,0.9635553956031799,0.753696858882904,0.6318333148956299,0.7666283249855042,0.35806724429130554,0.39335569739341736
tele_bridge_fing21__00001000__s0024.wav,0.21498826146125793,0.14944154024124146,0.8536298871040344,0.7454065084457397,0.44378724694252014,0.4960043430328369
strat_bridge_pick12__00001000__s0012.wav,0.806526243686676,0.6753882765769958,0.19620515406131744,0.5889567136764526,0.6103314757347107,0.499395489692688
les_neck_fing24__00001000__s0051.wav,0.716354250907898,0.6192528009414673,0.049393072724342346,0.3867424726486206,0.5068795084953308,0.39573511481285095
tele_neck_pick05__00001000__s0017.wav,0.07183437049388885,0.067385233938694,0.3187371492385864,0.5980455279350281,0.5507226586341858,0.4561383128166199
tele_bridge_pick14__00001000__s0045.wav,0.5944328308105469,0.7970266342163086,0.2073426991701126,0.7045753598213196,0.16791190207004547,0.15082290768623352
les_bridge_pick21__00001000__s0034.wav,0.8244516253471375,0.5788920521736145,0.4227689504623413,0.4499714970588684,0.34917137026786804,0.2961602807044983
tele_neck_pick17__00001000__s0004.wav,0.6047170162200928,0.6597070097923279,0.04800732806324959,0.2473621964454651,0.9770247936248779,0.9343751668930054
tele_neck_pick15__00001000__s0023.wav,0.02289118990302086,0.1102604791522026,0.21151037514209747,0.14757272601127625,0.9123768210411072,0.17401725053787231
prs_bridge_pick13__00001000__s0036.wav,0.04872073978185654,0.07277264446020126,0.7940630912780762,0.8524860143661499,0.497804194688797,0.51180499792099
strat_neck_pick10__00001000__s0004.wav,0.9110323786735535,0.8603276014328003,0.7533503174781799,0.31497955322265625,0.2843582332134247,0.25268393754959106
tele_neck_fing17__00001000__s0015.wav,0.18792881071567535,0.6009044051170349,0.024281900376081467,0.6683975458145142,0.07219977676868439,0.08399439603090286
prs_neck_fing25__00001000__s0041.wav,0.4767133593559265,0.45933324098587036,0.7877330780029297,0.6266154050827026,0.5491628646850586,0.4785955250263214
les_neck_fing25__00001000__s0026.wav,0.34945565462112427,0.3647402226924896,0.4473731517791748,0.7636643052101135,0.85400390625,0.8185838460922241
strat_neck_pick04__00001000__s0037.wav,0.4807429313659668,0.4794543981552124,0.30327048897743225,0.34285762906074524,0.6393405795097351,0.6780092120170593
strat_bridge_fing21__00001000__s0030.wav,0.37630924582481384,0.47469785809516907,0.18134024739265442,0.601516842842102,0.13790374994277954,0.24433383345603943
les_neck_fing05__00001000__s0026.wav,0.5985661745071411,0.5517078638076782,0.05096198245882988,0.34229576587677,0.9773657321929932,0.9002858996391296
prs_neck_pick20__00001000__s0033.wav,0.6357629299163818,0.5219562649726868,0.5506532192230225,0.7194344401359558,0.460338830947876,0.4787489175796509
prs_neck_fing02__00001000__s0004.wav,0.9743728041648865,0.4485601484775543,0.6396710276603699,0.29280173778533936,0.004857515916228294,0.05037641525268555
prs_bridge_pick03__00001000__s0055.wav,0.07833727449178696,0.062260616570711136,0.25156310200691223,0.5919407606124878,0.7249303460121155,0.5039761066436768
les_neck_pick11__00001000__s0053.wav,0.5674129724502563,0.6034218072891235,0.22736717760562897,0.4981864392757416,0.48056644201278687,0.5912195444107056
tele_bridge_pick04__00001000__s0043.wav,0.65284264087677,0.5431376099586487,0.973686933517456,0.8733800053596497,0.8329828977584839,0.6881631016731262
prs_bridge_pick24__00001000__s0016.wav,0.9660506844520569,0.7113780379295349,0.39273396134376526,0.6396453380584717,0.08419176936149597,0.08128050714731216
tele_neck_pick01__00001000__s0036.wav,0.48302584886550903,0.41058090329170227,0.6215935945510864,0.38368281722068787,0.20743069052696228,0.34875696897506714
les_bridge_fing02__00001000__s0045.wav,0.7212210893630981,0.7827544808387756,0.22935202717781067,0.6325625777244568,0.9067879319190979,0.8914710283279419
les_neck_fing02__00001000__s0042.wav,0.8983471393585205,0.9101759791374207,0.5262392163276672,0.4254159927368164,0.41064342856407166,0.4103644788265228
tele_neck_fing13__00001000__s0027.wav,0.7097122669219971,0.683925449848175,0.4534524083137512,0.5152316689491272,0.37546175718307495,0.3028060793876648
tele_bridge_pick12__00001000__s0038.wav,0.6107465624809265,0.5458164811134338,0.13683435320854187,0.5051447749137878,0.5361091494560242,0.5260105729103088
tele_neck_fing11__00001000__s0011.wav,0.044712912291288376,0.04596547782421112,0.9152016639709473,0.8957395553588867,0.7672478556632996,0.7934995293617249
tele_bridge_fing24__00001000__s0038.wav,0.016247455030679703,0.022032009437680244,0.8123608827590942,0.5747640132904053,0.5282415151596069,0.6443722248077393
les_neck_pick04__00001000__s0016.wav,0.64690101146698,0.7023338675498962,0.6752868294715881,0.5242006778717041,0.2919344902038574,0.21645310521125793
prs_neck_fing04__00001000__s0021.wav,0.21839824318885803,0.2990017533302307,0.9418891072273254,0.7382298111915588,0.27761954069137573,0.4765564799308777
tele_bridge_pick06__00001000__s0031.wav,0.6797378063201904,0.7707154750823975,0.09690984338521957,0.29993316531181335,0.8141956329345703,0.7964478731155396
prs_neck_fing02__00001000__s0018.wav,0.08014905452728271,0.09891612082719803,0.8706244230270386,0.6416628956794739,0.9450812935829163,0.8488397598266602
strat_bridge_pick25__00001000__s0047.wav,0.8911700248718262,0.73638916015625,0.17512254416942596,0.821498692035675,0.3119272291660309,0.24642129242420197
les_neck_fing03__00001000__s0025.wav,0.6165485978126526,0.673154890537262,0.3734111487865448,0.6056765913963318,0.8631129264831543,0.8691477179527283
prs_bridge_pick01__00001000__s0040.wav,0.7536953687667847,0.7996886968612671,0.18469835817813873,0.6824175119400024,0.7854828238487244,0.8745892643928528
prs_neck_pick19__00001000__s0027.wav,0.7782264947891235,0.6640674471855164,0.33850347995758057,0.5737163424491882,0.08103984594345093,0.21791759133338928
les_neck_fing04__00001000__s0020.wav,0.5748552680015564,0.6216406226158142,0.4405686855316162,0.7683263421058655,0.6903393268585205,0.6583500504493713
les_bridge_pick13__00001000__s0037.wav,0.05518098175525665,0.10823193937540054,0.04794968664646149,0.4094616174697876,0.9516614675521851,0.6557733416557312
tele_neck_fing08__00001000__s0041.wav,0.9368011951446533,0.641473114490509,0.16044755280017853,0.3770599365234375,0.6233704090118408,0.6418325901031494
tele_neck_pick21__00001000__s0008.wav,0.857247531414032,0.7853772640228271,0.11890152841806412,0.4561498761177063,0.5960928797721863,0.545654296875
tele_bridge_pick17__00001000__s0031.wav,0.12539376318454742,0.12029249966144562,0.6755707263946533,0.5268677473068237,0.7938059568405151,0.7620400190353394
les_bridge_fing08__00001000__s0018.wav,0.8309478759765625,0.8404152393341064,0.7617251873016357,0.7310964465141296,0.957532525062561,0.9251734018325806
strat_bridge_fing12__00001000__s0023.wav,0.03439346328377724,0.7266672849655151,0.2719567120075226,0.4021710455417633,0.005019300617277622,0.018138190731406212
strat_bridge_fing20__00001000__s0050.wav,0.6826952695846558,0.6795493960380554,0.920215368270874,0.6987214684486389,0.633351743221283,0.6120795011520386
les_neck_fing21__00001000__s0021.wav,0.14515343308448792,0.45020970702171326,0.3034120798110962,0.27710363268852234,0.03470844030380249,0.1738351732492447
les_bridge_pick15__00001000__s0005.wav,0.27531975507736206,0.44421154260635376,0.14259186387062073,0.42111968994140625,0.55678391456604,0.3010273575782776
tele_neck_fing09__00001000__s0043.wav,0.49082911014556885,0.26143914461135864,0.8443774580955505,0.5656847357749939,0.1808326095342636,0.4456407427787781
tele_bridge_pick25__00001000__s0013.wav,0.1689864993095398,0.14330194890499115,0.023736517876386642,0.1975460946559906,0.8711397051811218,0.789594829082489
prs_neck_pick01__00001000__s0012.wav,0.5037151575088501,0.5035638213157654,0.5963030457496643,0.5645744800567627,0.9900245666503906,0.9678170084953308
les_neck_fing17__00001000__s0029.wav,0.8034201264381409,0.8824952840805054,0.10004141926765442,0.49626216292381287,0.8258984088897705,0.8673177361488342
les_neck_pick05__00001000__s0048.wav,0.3422073721885681,0.30992206931114197,0.3642556071281433,0.7320908904075623,0.8205274343490601,0.6631360054016113
prs_neck_pick13__00001000__s0005.wav,0.2762616276741028,0.29917967319488525,0.42372697591781616,0.6679298281669617,0.4505480229854584,0.4153751730918884
prs_bridge_pick21__00001000__s0009.wav,0.6749768853187561,0.4638685882091522,2.034551289398223e-05,0.425658643245697,0.3673935830593109,0.6133212447166443
prs_neck_pick22__00001000__s0042.wav,0.44186389446258545,0.4066679775714874,0.2767954468727112,0.12266098707914352,0.4809233844280243,0.5768399834632874
les_bridge_fing06__00001000__s0033.wav,0.5631565451622009,0.5505719184875488,0.3347786068916321,0.5186066031455994,0.38075771927833557,0.14195625483989716
strat_neck_fing09__00001000__s0052.wav,0.6599876284599304,0.6745259165763855,0.7901425361633301,0.42854443192481995,0.8063873052597046,0.7760193347930908
les_neck_fing13__00001000__s0014.wav,0.7269952893257141,0.8733420968055725,0.013766826130449772,0.5224679112434387,0.8372390866279602,0.6922323107719421
tele_neck_fing18__00001000__s0042.wav,0.13121622800827026,0.253747820854187,0.6750847101211548,0.8054769039154053,0.41031360626220703,0.35989803075790405
les_neck_fing25__00001000__s0008.wav,0.2837965488433838,0.3743016719818115,0.35690441727638245,0.5749501585960388,0.48840266466140747,0.6193439960479736
les_bridge_pick07__00001000__s0052.wav,0.432092547416687,0.2935333549976349,0.5380215048789978,0.551525354385376,0.1775740385055542,0.11697713285684586
tele_neck_pick21__00001000__s0002.wav,0.021420342847704887,0.24863514304161072,0.22801999747753143,0.6482312679290771,0.2558702230453491,0.10126683115959167
tele_bridge_fing12__00001000__s0042.wav,0.14215406775474548,0.10981384664773941,0.986842691898346,0.6574216485023499,0.04052123799920082,0.20276494324207306
strat_neck_pick15__00001000__s0021.wav,0.9969505071640015,0.9005725383758545,0.3452491760253906,0.5405375361442566,0.7503812313079834,0.7839975953102112
prs_neck_pick15__00001000__s0044.wav,0.7980934977531433,0.45403051376342773,0.8415699005126953,0.6472831964492798,0.3911500871181488,0.4336637258529663
les_neck_pick25__00001000__s0054.wav,0.537453830242157,0.5121067762374878,0.8902021646499634,0.509807825088501,0.9448024034500122,0.9437375664710999
strat_bridge_pick08__00001000__s0031.wav,0.46027612686157227,0.3973582684993744,0.17664867639541626,0.2606891691684723,0.8773714303970337,0.8550485968589783
prs_neck_pick20__00001000__s0050.wav,0.6661671996116638,0.7359601855278015,0.7304477691650391,0.6211233139038086,0.9788878560066223,0.9545509815216064
strat_bridge_fing18__00001000__s0018.wav,0.8648467659950256,0.7797556519508362,0.522287130355835,0.5514385104179382,0.36353951692581177,0.397201269865036
les_bridge_pick24__00001000__s0022.wav,0.8398991227149963,0.691983163356781,0.32613787055015564,0.3758677542209625,0.7571759223937988,0.7079236507415771
strat_neck_pick22__00001000__s0019.wav,0.36174246668815613,0.5077168345451355,0.2396189421415329,0.24882377684116364,0.8553758859634399,0.8123012185096741
tele_neck_fing01__00001000__s0002.wav,0.2394586056470871,0.4133971035480499,0.6131736636161804,0.2748337388038635,0.8107303380966187,0.6120678186416626
tele_bridge_fing13__00001000__s0004.wav,0.19812554121017456,0.17706288397312164,0.5049008131027222,0.49997055530548096,0.38580137491226196,0.5443345308303833
strat_neck_fing14__00001000__s0007.wav,0.4901355504989624,0.49251580238342285,0.5635542869567871,0.5932095646858215,0.6026872992515564,0.4252055883407593
prs_neck_fing21__00001000__s0005.wav,0.9334273934364319,0.8996773958206177,0.26094701886177063,0.5856611132621765,0.32437264919281006,0.2806321680545807
tele_neck_pick03__00001000__s0022.wav,0.2443334311246872,0.12370222806930542,0.9852038025856018,0.8335146903991699,0.43495044112205505,0.47406044602394104
tele_neck_fing15__00001000__s0001.wav,0.0648181214928627,0.24669937789440155,0.45325952768325806,0.16759426891803741,0.6924178004264832,0.6284689903259277
tele_neck_fing16__00001000__s0036.wav,0.6162967681884766,0.750400185585022,0.19852247834205627,0.6446837186813354,0.8089223504066467,0.8622971773147583
prs_neck_fing04__00001000__s0049.wav,0.40315282344818115,0.6048764586448669,0.9595345258712769,0.5104092955589294,0.1721745878458023,0.5912625193595886
prs_bridge_fing23__00001000__s0012.wav,0.32536664605140686,0.4633747935295105,0.563443124294281,0.601521909236908,0.45933791995048523,0.4539969563484192
prs_neck_pick13__00001000__s0027.wav,0.4254204034805298,0.3523520529270172,0.6520313024520874,0.6713123321533203,0.43095484375953674,0.5927053689956665
strat_bridge_fing16__00001000__s0037.wav,0.1750301569700241,0.2793038785457611,0.7993654608726501,0.49124088883399963,0.18721763789653778,0.48241370916366577
strat_bridge_pick09__00001000__s0016.wav,0.0048678480088710785,0.5809366106987,0.14240072667598724,0.2548378109931946,0.757142961025238,0.6576575040817261
tele_neck_fing02__00001000__s0047.wav,0.4744124412536621,0.46766698360443115,0.8874346017837524,0.7539089918136597,0.7274850606918335,0.5904222726821899
tele_neck_fing19__00001000__s0007.wav,0.44525691866874695,0.5120645761489868,0.037444520741701126,0.3343468904495239,0.8491864204406738,0.8712040781974792
les_neck_fing13__00001000__s0050.wav,0.6006616353988647,0.7496024966239929,0.8230950832366943,0.34955933690071106,0.050421614199876785,0.11942874640226364
tele_neck_pick07__00001000__s0015.wav,0.3628968596458435,0.41421157121658325,0.4628707468509674,0.4203603267669678,0.6254856586456299,0.46032339334487915
les_bridge_fing18__00001000__s0054.wav,0.7283090949058533,0.7247050404548645,0.678382933139801,0.7451484203338623,0.4993802309036255,0.4161379635334015
prs_bridge_pick25__00001000__s0054.wav,0.25428521633148193,0.30677542090415955,0.6814722418785095,0.6655716896057129,0.6336137652397156,0.5586832761764526
tele_bridge_fing02__00001000__s0031.wav,0.8874220848083496,0.935496985912323,0.5706788897514343,0.16346046328544617,0.9286962747573853,0.942651629447937
strat_neck_pick09__00001000__s0037.wav,0.10797083377838135,0.07129063457250595,0.5533010363578796,0.6912615299224854,0.5001733899116516,0.6890825033187866
strat_bridge_pick10__00001000__s0028.wav,0.16673775017261505,0.2614600360393524,0.05499589070677757,0.36181771755218506,0.5534919500350952,0.3561602532863617
prs_neck_fing05__00001000__s0044.wav,0.6257695555686951,0.6074801087379456,0.26926112174987793,0.41303470730781555,0.43231290578842163,0.3807334303855896
les_neck_fing08__00001000__s0008.wav,0.10780975967645645,0.12317483127117157,0.3464033901691437,0.4964854419231415,0.5480552911758423,0.2857968211174011
tele_bridge_fing04__00001000__s0027.wav,0.2512759864330292,0.4225112795829773,0.2748919725418091,0.509610652923584,0.9580754041671753,0.7906414866447449
les_bridge_pick25__00001000__s0007.wav,0.0739518404006958,0.29836979508399963,0.8092190623283386,0.7384656071662903,0.06853489577770233,0.17943337559700012
les_bridge_pick16__00001000__s0007.wav,0.2947154939174652,0.4322716295719147,0.9324517846107483,0.6634824275970459,0.7836173176765442,0.707220733165741
strat_bridge_fing11__00001000__s0032.wav,0.7603742480278015,0.8235181570053101,0.40038833022117615,0.41677477955818176,0.6760340929031372,0.6431059241294861
les_neck_fing23__00001000__s0002.wav,0.8412514925003052,0.7956638336181641,0.7728779911994934,0.6214052438735962,0.806395947933197,0.8289180994033813
les_neck_fing23__00001000__s0040.wav,0.17167802155017853,0.15170259773731232,0.6205345988273621,0.6456190943717957,0.9164304733276367,0.8851497769355774
prs_neck_pick25__00001000__s0026.wav,0.5908885598182678,0.5092961192131042,0.27102452516555786,0.18996243178844452,0.8856049180030823,0.8908495903015137
strat_neck_pick15__00001000__s0007.wav,0.15813258290290833,0.11851007491350174,0.23506712913513184,0.37902310490608215,0.59711754322052,0.5469695925712585
prs_neck_fing24__00001000__s0029.wav,0.6431647539138794,0.7984089255332947,0.9841735363006592,0.6454057097434998,0.4197704493999481,0.35800790786743164
tele_neck_fing01__00001000__s0029.wav,0.7100830674171448,0.7084712982177734,0.6666528582572937,0.5634891986846924,0.6461374759674072,0.7456889748573303
les_neck_fing21__00001000__s0054.wav,0.5509203672409058,0.5868760347366333,0.8605313897132874,0.44523802399635315,0.6228345036506653,0.8620995283126831
strat_neck_fing23__00001000__s0010.wav,0.13453255593776703,0.38367369771003723,0.21668057143688202,0.38379785418510437,0.7278797030448914,0.3603123724460602
prs_neck_fing24__00001000__s0046.wav,0.4555404484272003,0.3905700147151947,0.8242573142051697,0.35854464769363403,0.7398449778556824,0.7737783193588257
tele_neck_pick08__00001000__s0039.wav,0.6307550072669983,0.4982551634311676,0.3361721932888031,0.5727130174636841,0.4151075482368469,0.5940266847610474
les_neck_fing18__00001000__s0049.wav,0.5444324612617493,0.5080447793006897,0.07614588737487793,0.20981507003307343,0.9900159239768982,0.9575254917144775
les_bridge_fing03__00001000__s0015.wav,0.09887564182281494,0.1076483204960823,0.3669205605983734,0.19413352012634277,0.5929403901100159,0.6558947563171387
les_bridge_fing25__00001000__s0011.wav,0.6469314098358154,0.42905163764953613,0.8921114802360535,0.7882921695709229,0.385884553194046,0.43607276678085327
strat_bridge_fing03__00001000__s0042.wav,0.6102824211120605,0.7081429958343506,0.8312318921089172,0.6814994812011719,0.38850200176239014,0.39409714937210083
strat_neck_fing01__00001000__s0048.wav,0.49571654200553894,0.5956724882125854,0.2580585777759552,0.21396654844284058,0.7725931406021118,0.7186517715454102
strat_neck_pick07__00001000__s0000.wav,0.9698168039321899,0.930579423904419,0.5835606455802917,0.283678263425827,0.9029592275619507,0.8462716937065125
strat_bridge_pick05__00001000__s0036.wav,0.5934977531433105,0.5118990540504456,0.14072728157043457,0.34815141558647156,0.5158215165138245,0.49909570813179016
strat_bridge_fing01__00001000__s0055.wav,0.4167974889278412,0.3183227777481079,0.466524600982666,0.18464335799217224,0.07909181714057922,0.24322837591171265
prs_bridge_fing19__00001000__s0041.wav,0.7298485636711121,0.6530930995941162,0.37761667370796204,0.3814988434314728,0.7013153433799744,0.4340980648994446
strat_bridge_pick13__00001000__s0049.wav,0.1991293877363205,0.32543057203292847,0.4028927981853485,0.6031214594841003,0.7454692125320435,0.6232877373695374
les_neck_pick04__00001000__s0023.wav,0.13723315298557281,0.29778462648391724,0.3578852713108063,0.19995126128196716,0.048450175672769547,0.10673388838768005
prs_bridge_fing06__00001000__s0035.wav,0.6506544947624207,0.6826863288879395,0.7804903984069824,0.7112644910812378,0.6253125667572021,0.6052163243293762
strat_neck_fing06__00001000__s0049.wav,0.20690874755382538,0.2694971561431885,0.190822035074234,0.2909375727176666,0.4795231819152832,0.21323592960834503
tele_neck_pick25__00001000__s0026.wav,0.23408187925815582,0.31367966532707214,0.45403268933296204,0.6454918384552002,0.44197872281074524,0.18040743470191956
prs_neck_fing23__00001000__s0020.wav,0.5295678973197937,0.7451977729797363,0.657045841217041,0.7478736042976379,0.8144668340682983,0.9234335422515869
les_neck_fing15__00001000__s0051.wav,0.05762651562690735,0.32897281646728516,0.3138507008552551,0.21780239045619965,0.11756099760532379,0.33073195815086365
strat_neck_fing15__00001000__s0006.wav,0.8850317001342773,0.8848015666007996,0.5916799902915955,0.31987708806991577,0.9585769176483154,0.9208455085754395
prs_bridge_fing19__00001000__s0055.wav,0.5521005392074585,0.6956326365470886,0.2758251428604126,0.3018202781677246,0.862873911857605,0.9334192276000977
les_bridge_fing02__00001000__s0003.wav,0.31544408202171326,0.34278538823127747,0.6223324537277222,0.7480353713035583,0.785525918006897,0.8712114095687866
strat_bridge_fing15__00001000__s0001.wav,0.42864036560058594,0.6042972803115845,0.7245855927467346,0.2097858339548111,0.8989638686180115,0.9312631487846375
les_neck_pick20__00001000__s0020.wav,0.5053409934043884,0.41995829343795776,0.6479364037513733,0.7576537132263184,0.6695148348808289,0.6690505146980286
tele_neck_fing06__00001000__s0055.wav,0.09430840611457825,0.08190339803695679,0.4806056618690491,0.44443628191947937,0.1396513432264328,0.3136657774448395
tele_bridge_fing02__00001000__s0044.wav,0.6072973608970642,0.582149863243103,0.3721020221710205,0.18985363841056824,0.4610004425048828,0.4861992597579956
tele_bridge_fing09__00001000__s0038.wav,0.9699678421020508,0.7511833310127258,0.8370927572250366,0.6043840050697327,0.8010850548744202,0.7365565299987793
tele_bridge_pick13__00001000__s0027.wav,0.40748095512390137,0.8471017479896545,0.6326910853385925,0.387978196144104,0.5897207856178284,0.685690701007843
les_bridge_fing21__00001000__s0043.wav,0.16241376101970673,0.1735658496618271,0.3461804986000061,0.5077713131904602,0.6484665870666504,0.7812457084655762
les_bridge_pick19__00001000__s0050.wav,0.2686005234718323,0.24113532900810242,0.14611412584781647,0.2535351812839508,0.014505738392472267,0.09012989699840546
tele_bridge_fing08__00001000__s0003.wav,0.45609819889068604,0.5672333240509033,0.4365420937538147,0.7399095296859741,0.08774535357952118,0.16216421127319336
prs_neck_pick23__00001000__s0024.wav,0.7966914772987366,0.7897112369537354,0.6990455389022827,0.4216381013393402,0.51462721824646,0.3728030323982239
prs_neck_fing02__00001000__s0026.wav,0.08851990848779678,0.15640975534915924,0.25233370065689087,0.16307082772254944,0.7184805870056152,0.5024324655532837
strat_bridge_pick22__00001000__s0019.wav,0.69273841381073,0.6565219759941101,0.7068131566047668,0.6355973482131958,0.7334927320480347,0.6909025311470032
prs_neck_pick24__00001000__s0026.wav,0.4265323579311371,0.4471105635166168,0.1387353241443634,0.5097553133964539,0.2259402871131897,0.18413680791854858
tele_bridge_pick10__00001000__s0037.wav,0.19087690114974976,0.26391899585723877,0.9147804975509644,0.44804105162620544,0.16166236996650696,0.5474267601966858
tele_bridge_pick18__00001000__s0053.wav,0.07798576354980469,0.0692606046795845,0.3260394036769867,0.26386621594429016,0.6786943078041077,0.735649585723877
tele_bridge_fing19__00001000__s0002.wav,0.5600799918174744,0.47454506158828735,0.8782931566238403,0.6118149757385254,0.4326517879962921,0.4902609586715698
tele_bridge_pick01__00001000__s0018.wav,0.1143452450633049,0.3041408658027649,0.42840397357940674,0.3770628869533539,0.12148422747850418,0.4979543089866638
les_neck_pick10__00001000__s0026.wav,0.7303220629692078,0.6874287724494934,0.2605989873409271,0.4153304398059845,0.9465867877006531,0.9568228721618652
prs_bridge_fing09__00001000__s0005.wav,0.041031576693058014,0.12477239966392517,0.3194454610347748,0.6227541565895081,0.8419747948646545,0.3471877872943878
les_neck_pick05__00001000__s0014.wav,0.15465131402015686,0.17899326980113983,0.908424973487854,0.8694050908088684,0.6755448579788208,0.6809192895889282
strat_neck_fing23__00001000__s0031.wav,0.929443895816803,0.7366361618041992,0.6104778051376343,0.4469354450702667,0.021460035815835,0.48830124735832214
tele_bridge_fing12__00001000__s0039.wav,0.9302451610565186,0.7563539147377014,0.7207591533660889,0.46614259481430054,0.26203954219818115,0.22163303196430206
prs_bridge_pick02__00001000__s0029.wav,0.8181836009025574,0.5868040323257446,0.1784236580133438,0.5601813793182373,0.6138210892677307,0.5755792260169983
strat_neck_fing05__00001000__s0027.wav,0.4744940996170044,0.6234325766563416,0.7219406366348267,0.37516161799430847,0.7886261940002441,0.8674847483634949
les_neck_pick04__00001000__s0025.wav,0.6469420790672302,0.6361508369445801,0.2970312237739563,0.3283240795135498,0.7811682820320129,0.7469139695167542
tele_neck_pick17__00001000__s0025.wav,0.7707657217979431,0.573617696762085,0.2712770700454712,0.2778531014919281,0.73220294713974,0.7495298981666565
strat_bridge_pick23__00001000__s0024.wav,0.1151699498295784,0.33662647008895874,0.5217661261558533,0.7083646059036255,0.43890655040740967,0.5920787453651428
prs_bridge_fing07__00001000__s0012.wav,0.23735684156417847,0.5023714303970337,0.8220577836036682,0.6401976943016052,0.854438841342926,0.8432275056838989
tele_bridge_fing21__00001000__s0043.wav,0.10405444353818893,0.16174764931201935,0.7171686291694641,0.6525384187698364,0.8069446086883545,0.6824676394462585
les_neck_pick19__00001000__s0037.wav,0.8192083239555359,0.8731146454811096,0.946721613407135,0.7901253700256348,0.330534964799881,0.45835867524147034
les_bridge_pick14__00001000__s0012.wav,0.6890049576759338,0.6091868877410889,0.05339633300900459,0.2920318841934204,0.879770815372467,0.8535029292106628
tele_bridge_pick22__00001000__s0025.wav,0.21925215423107147,0.5100954174995422,0.8221323490142822,0.7706141471862793,0.3194378614425659,0.3637146055698395
prs_neck_pick21__00001000__s0026.wav,0.18217846751213074,0.17541639506816864,0.9558094143867493,0.6806076765060425,0.21566835045814514,0.5564079880714417
prs_neck_pick04__00001000__s0044.wav,0.10509539395570755,0.2530570924282074,0.47263503074645996,0.2328975945711136,0.7537060976028442,0.6487792730331421
prs_neck_pick19__00001000__s0030.wav,0.15179328620433807,0.742739737033844,0.23816637694835663,0.5641940236091614,0.017896978184580803,0.06367634981870651
tele_neck_pick06__00001000__s0018.wav,0.047293465584516525,0.06306970864534378,0.9462552070617676,0.8297554850578308,0.43081948161125183,0.3796898424625397
prs_bridge_pick21__00001000__s0050.wav,0.09525708854198456,0.43006786704063416,0.2352813184261322,0.3704409897327423,0.0486474335193634,0.02271595224738121
les_neck_fing08__00001000__s0021.wav,0.07153964042663574,0.1316518634557724,0.43868282437324524,0.33253875374794006,0.8933546543121338,0.7674035429954529
prs_bridge_pick11__00001000__s0039.wav,0.5461778044700623,0.5359447002410889,0.09590563178062439,0.19370004534721375,0.48503562808036804,0.5825182199478149
les_neck_fing22__00001000__s0002.wav,0.10334573686122894,0.36896148324012756,0.9210054874420166,0.7611727714538574,0.46053552627563477,0.3298075795173645
tele_neck_pick13__00001000__s0035.wav,0.105805404484272,0.02588823437690735,0.8731043338775635,0.8731253743171692,0.9407293796539307,0.8698432445526123
les_bridge_fing12__00001000__s0027.wav,0.13969458639621735,0.323645681142807,0.9599663019180298,0.7975295782089233,0.0728750228881836,0.2883322536945343
tele_neck_pick22__00001000__s0009.wav,0.6342728734016418,0.7158203721046448,0.8461177945137024,0.5507656931877136,0.9338545203208923,0.9702782034873962
prs_neck_fing24__00001000__s0051.wav,0.21262508630752563,0.1392090767621994,0.6626141667366028,0.7694547772407532,0.8492138981819153,0.7983464598655701
les_neck_fing24__00001000__s0016.wav,0.8931224346160889,0.9113765954971313,0.9864764213562012,0.7552680373191833,0.9787288904190063,0.9393905997276306
tele_bridge_fing19__00001000__s0011.wav,0.943017303943634,0.7999981641769409,0.42291000485420227,0.33482351899147034,0.6598954796791077,0.33859673142433167
tele_bridge_fing22__00001000__s0017.wav,0.2578696310520172,0.2685321867465973,0.881287693977356,0.7881813645362854,0.9604583978652954,0.9325501322746277
strat_bridge_pick25__00001000__s0052.wav,0.7985394597053528,0.6647621393203735,0.2438488006591797,0.5660969614982605,0.43215081095695496,0.37869665026664734
les_neck_fing19__00001000__s0052.wav,0.8259326219558716,0.8483451008796692,0.43145427107810974,0.6277537941932678,0.6611875891685486,0.4521910548210144
les_neck_fing14__00001000__s0031.wav,0.8199636936187744,0.8121238350868225,0.9415755271911621,0.352755069732666,0.8577562570571899,0.8528163433074951
tele_neck_fing04__00001000__s0018.wav,0.26911264657974243,0.33983492851257324,0.026042968034744263,0.2750467360019684,0.5504025220870972,0.4847162365913391
strat_bridge_fing21__00001000__s0005.wav,0.6928268074989319,0.6212960481643677,0.26397955417633057,0.7863345742225647,0.5112041234970093,0.6170013546943665
les_neck_fing08__00001000__s0016.wav,0.9974095225334167,0.9574676752090454,0.7518020868301392,0.33425581455230713,0.9460014700889587,0.8744785189628601
tele_bridge_fing20__00001000__s0038.wav,0.35838621854782104,0.2439219057559967,0.6296340823173523,0.7591092586517334,0.4091283977031708,0.48083731532096863
prs_bridge_fing01__00001000__s0021.wav,0.44946756958961487,0.3559414744377136,0.17567755281925201,0.5992838740348816,0.7675800919532776,0.6970816254615784
strat_bridge_pick15__00001000__s0046.wav,0.3747860789299011,0.4847198724746704,0.3099913001060486,0.2596692442893982,0.6340595483779907,0.4445866346359253
tele_neck_pick18__00001000__s0004.wav,0.8920536637306213,0.357431560754776,0.5315567255020142,0.1748921275138855,0.0012140548788011074,0.0621819868683815
tele_neck_pick11__00001000__s0039.wav,0.7597619891166687,0.7467553019523621,0.41994625329971313,0.43345367908477783,0.13854721188545227,0.31697964668273926
les_bridge_pick21__00001000__s0007.wav,0.44121667742729187,0.32300037145614624,0.44699573516845703,0.6043663024902344,0.33031395077705383,0.4066517949104309
les_neck_fing11__00001000__s0015.wav,0.5672392249107361,0.556216299533844,0.2346126139163971,0.4745846390724182,0.9599040150642395,0.9495121836662292
les_bridge_pick14__00001000__s0046.wav,0.8883804082870483,0.6935845613479614,0.74579256772995,0.4009387195110321,0.48385924100875854,0.5178347826004028
tele_bridge_fing02__00001000__s0027.wav,0.3877154588699341,0.4615771472454071,0.07827533781528473,0.2395491898059845,0.6821080446243286,0.5127763748168945
strat_bridge_fing17__00001000__s0014.wav,0.41871941089630127,0.687214195728302,0.25912541151046753,0.6126210689544678,0.31727075576782227,0.3791654109954834
strat_neck_pick02__00001000__s0011.wav,0.5817880630493164,0.5649471282958984,0.2179275006055832,0.6682042479515076,0.6347397565841675,0.3662104308605194
les_neck_pick05__00001000__s0017.wav,0.9072200655937195,0.979258120059967,0.7369953393936157,0.6903502345085144,0.8138929605484009,0.8120364546775818
prs_neck_pick06__00001000__s0053.wav,0.8837725520133972,0.842637300491333,0.5697375535964966,0.7396761775016785,0.9507127404212952,0.8874906897544861
les_neck_pick25__00001000__s0032.wav,0.5681774616241455,0.488805890083313,0.9206982851028442,0.40783873200416565,0.2809419631958008,0.47370848059654236
tele_neck_pick25__00001000__s0023.wav,0.968519389629364,0.7456719875335693,0.0920260101556778,0.7999728918075562,0.8663837909698486,0.7578862309455872
prs_neck_pick05__00001000__s0005.wav,0.15735244750976562,0.5252297520637512,0.03607577458024025,0.18314923346042633,0.4695906639099121,0.4342440664768219
prs_neck_fing23__00001000__s0036.wav,0.45823654532432556,0.43994367122650146,0.4526466429233551,0.7032683491706848,0.9430713057518005,0.9569509029388428
tele_neck_pick20__00001000__s0039.wav,0.007581913843750954,0.3540511131286621,0.31636014580726624,0.5079442858695984,0.02912476845085621,0.033207911998033524
prs_bridge_fing18__00001000__s0009.wav,0.600278377532959,0.486967533826828,0.09595806896686554,0.4471973180770874,0.24410098791122437,0.2306029349565506
les_bridge_pick23__00001000__s0044.wav,0.8222153186798096,0.6891540288925171,0.18396839499473572,0.4049775004386902,0.2730620801448822,0.34558138251304626
les_bridge_pick04__00001000__s0038.wav,0.8414703607559204,0.9286714792251587,0.6365013122558594,0.3524305820465088,0.40437051653862,0.274774432182312
prs_bridge_fing21__00001000__s0003.wav,0.41610652208328247,0.4961577355861664,0.9978889226913452,0.8608220815658569,0.8587334156036377,0.7912614941596985
tele_bridge_pick06__00001000__s0032.wav,0.850254476070404,0.9157254099845886,0.17924214899539948,0.559241771697998,0.9334858059883118,0.9312386512756348
prs_bridge_fing13__00001000__s0007.wav,0.9292239546775818,0.7215375304222107,0.5186434984207153,0.5316314101219177,0.13233095407485962,0.19606371223926544
strat_neck_pick23__00001000__s0032.wav,0.7009925842285156,0.7305496335029602,0.47638118267059326,0.5200356245040894,0.673643171787262,0.7427719831466675
les_bridge_fing07__00001000__s0024.wav,0.7919267416000366,0.9049524664878845,0.16155648231506348,0.2364993691444397,0.704429030418396,0.6956265568733215
strat_bridge_pick06__00001000__s0047.wav,0.5165958404541016,0.5160768628120422,0.5626014471054077,0.31088316440582275,0.3966696262359619,0.3757714629173279
les_neck_pick16__00001000__s0036.wav,0.4406591057777405,0.5011924505233765,0.1986919641494751,0.28970807790756226,0.7932180166244507,0.8036074638366699
tele_bridge_fing14__00001000__s0043.wav,0.645800769329071,0.7503605484962463,0.3269360661506653,0.1969899833202362,0.6860422492027283,0.5707001090049744
prs_neck_pick20__00001000__s0024.wav,0.9860627055168152,0.9690324664115906,0.6729829907417297,0.7031930088996887,0.7852375507354736,0.7821316719055176
les_bridge_pick15__00001000__s0015.wav,0.615981936454773,0.7049149870872498,0.43932870030403137,0.4470822513103485,0.5310956835746765,0.43020540475845337
strat_bridge_pick06__00001000__s0051.wav,0.1400122344493866,0.2712402939796448,0.9341740012168884,0.7318190932273865,0.3084155321121216,0.5112731456756592
prs_bridge_pick25__00001000__s0030.wav,0.2604362964630127,0.21141979098320007,0.7066813111305237,0.6592798233032227,0.9057462215423584,0.9062448143959045
strat_neck_pick03__00001000__s0017.wav,0.8588273525238037,0.6260285377502441,0.1520433872938156,0.5343202352523804,0.4565759003162384,0.402130663394928
prs_bridge_pick03__00001000__s0022.wav,0.6320904493331909,0.24907813966274261,0.6519559025764465,0.5160806775093079,0.1356400102376938,0.3031896650791168
prs_neck_pick02__00001000__s0015.wav,0.9682452082633972,0.7613540291786194,0.7538961172103882,0.4685186445713043,0.3790108859539032,0.4597715735435486
strat_bridge_fing19__00001000__s0007.wav,0.15187712013721466,0.3405343294143677,0.1185295581817627,0.3835662007331848,0.12744414806365967,0.11493939161300659
strat_neck_pick03__00001000__s0034.wav,0.05901968479156494,0.24327176809310913,0.4853437840938568,0.5382784008979797,0.979058563709259,0.8110746741294861
les_bridge_fing09__00001000__s0011.wav,0.9887175559997559,0.7910429239273071,0.9876055121421814,0.716081440448761,0.2977524995803833,0.43040546774864197
prs_neck_fing18__00001000__s0035.wav,0.24503093957901,0.4514937698841095,0.5480138063430786,0.6168000102043152,0.46916690468788147,0.45125964283943176
prs_bridge_fing12__00001000__s0015.wav,0.76683109998703,0.31960004568099976,0.2087002396583557,0.36991673707962036,0.08590435981750488,0.24590741097927094
prs_neck_pick25__00001000__s0054.wav,0.304881751537323,0.2602517306804657,0.8354818224906921,0.6939603090286255,0.46631357073783875,0.4438522160053253
prs_neck_pick02__00001000__s0031.wav,0.06538235396146774,0.15435253083705902,0.9398360848426819,0.7666460871696472,0.2811729609966278,0.3876608908176422
tele_bridge_pick25__00001000__s0030.wav,0.2922753095626831,0.32404854893684387,0.300678014755249,0.6792048215866089,0.22113177180290222,0.14961028099060059
les_neck_fing22__00001000__s0048.wav,0.015697548165917397,0.018200991675257683,0.7460472583770752,0.6307446956634521,0.9424871206283569,0.862550675868988
strat_bridge_pick08__00001000__s0018.wav,0.32224324345588684,0.6311669945716858,0.7312106490135193,0.1620502918958664,0.04362533241510391,0.2234744280576706
les_bridge_pick23__00001000__s0013.wav,0.3961140811443329,0.5792537331581116,0.891581654548645,0.6362704038619995,0.30783072113990784,0.48263224959373474
les_bridge_pick03__00001000__s0010.wav,0.32592108845710754,0.31601181626319885,0.5688454508781433,0.8364863395690918,0.40844354033470154,0.32573866844177246
les_neck_fing17__00001000__s0049.wav,0.6048278212547302,0.7084037065505981,0.3706884980201721,0.48586511611938477,0.3469739556312561,0.4094089865684509
les_neck_fing11__00001000__s0021.wav,0.8806411027908325,0.4889316260814667,0.5746214389801025,0.45348769426345825,0.19624273478984833,0.13455691933631897
tele_neck_fing02__00001000__s0040.wav,0.9159610867500305,0.8681917786598206,0.7429580688476562,0.5917433500289917,0.6886883974075317,0.5353909134864807
tele_neck_fing10__00001000__s0029.wav,0.28301289677619934,0.34392741322517395,0.41415679454803467,0.42637303471565247,0.920242428779602,0.9025356769561768
tele_bridge_fing18__00001000__s0043.wav,0.06263884156942368,0.32707855105400085,0.20357756316661835,0.38500577211380005,0.6692306995391846,0.5007757544517517
prs_neck_fing10__00001000__s0040.wav,0.3466331362724304,0.45057645440101624,0.6969954371452332,0.6284746527671814,0.19331227242946625,0.25401148200035095
strat_bridge_fing13__00001000__s0015.wav,0.39026814699172974,0.5048529505729675,0.8917272686958313,0.8175352811813354,0.6106734275817871,0.4820343554019928
prs_bridge_pick23__00001000__s0038.wav,0.4385322332382202,0.37959977984428406,0.6662509441375732,0.6086570024490356,0.8856155872344971,0.8887577652931213
tele_neck_pick13__00001000__s0003.wav,0.7842978239059448,0.5419785380363464,0.8679441213607788,0.43245482444763184,0.5026254057884216,0.5378396511077881
prs_neck_pick17__00001000__s0050.wav,0.6527827978134155,0.4497678875923157,0.5256685018539429,0.5801774263381958,0.4284806251525879,0.4335685968399048
prs_neck_fing06__00001000__s0055.wav,0.7422821521759033,0.6220137476921082,0.7798157930374146,0.3430817425251007,0.17145739495754242,0.2421087771654129
prs_bridge_pick15__00001000__s0008.wav,0.31995102763175964,0.20772048830986023,0.3791671395301819,0.293786883354187,0.8721427321434021,0.8889659643173218
les_bridge_pick01__00001000__s0041.wav,0.6850177049636841,0.7357208728790283,0.12676584720611572,0.5166108012199402,0.6363254189491272,0.4989447295665741
prs_bridge_pick22__00001000__s0027.wav,0.5143725275993347,0.41380324959754944,0.5782684683799744,0.5533404350280762,0.6354033946990967,0.5322676301002502
tele_bridge_fing03__00001000__s0002.wav,0.8449262380599976,0.6390860080718994,0.3862634003162384,0.5284135341644287,0.9036445617675781,0.800653338432312
les_neck_fing10__00001000__s0047.wav,0.6931624412536621,0.7556837797164917,0.60726398229599,0.723452627658844,0.8385752439498901,0.7547529339790344
prs_neck_pick18__00001000__s0000.wav,0.4668881893157959,0.4819512367248535,0.35041531920433044,0.34081339836120605,0.3677888810634613,0.4634567201137543
les_bridge_pick08__00001000__s0016.wav,0.21112968027591705,0.2905241549015045,0.7619345188140869,0.6671745181083679,0.7878584861755371,0.6190546751022339
strat_bridge_fing02__00001000__s0031.wav,0.8466602563858032,0.6862016320228577,0.015713483095169067,0.45809468626976013,0.8579636812210083,0.639467179775238
les_neck_pick16__00001000__s0002.wav,0.4200744926929474,0.4020536541938782,0.7661601305007935,0.7635008096694946,0.913369357585907,0.9106667637825012
strat_neck_fing14__00001000__s0001.wav,0.2942797839641571,0.13109780848026276,0.49027445912361145,0.5047914981842041,0.4104377329349518,0.39189302921295166
tele_neck_pick06__00001000__s0012.wav,0.16137439012527466,0.330512672662735,0.45784902572631836,0.5126716494560242,0.5324612855911255,0.5612302422523499
tele_bridge_fing19__00001000__s0010.wav,0.5852895379066467,0.6221036314964294,0.6571499705314636,0.36233776807785034,0.7349593043327332,0.6406129002571106
strat_bridge_fing09__00001000__s0050.wav,0.20185761153697968,0.23786720633506775,0.6039327383041382,0.7628369331359863,0.8105530142784119,0.6108095049858093
prs_bridge_fing05__00001000__s0023.wav,0.4428744316101074,0.21533147990703583,0.10408846288919449,0.1721951812505722,0.40661144256591797,0.24463532865047455
prs_bridge_fing08__00001000__s0035.wav,0.21945792436599731,0.2531867027282715,0.9972253441810608,0.7818134427070618,0.33878153562545776,0.6401094794273376
tele_neck_fing22__00001000__s0036.wav,0.11244787275791168,0.0932028517127037,0.8916738033294678,0.4428360164165497,0.07225533574819565,0.2890910804271698
tele_neck_pick12__00001000__s0024.wav,0.756499707698822,0.5890696048736572,0.3907191753387451,0.34028130769729614,0.11423375457525253,0.23012982308864594
strat_bridge_fing18__00001000__s0037.wav,0.24800510704517365,0.2905287742614746,0.02848231978714466,0.20658786594867706,0.6754794716835022,0.38593339920043945
les_bridge_fing04__00001000__s0012.wav,0.1711917370557785,0.21005624532699585,0.7911819815635681,0.7384990453720093,0.45807701349258423,0.5112515687942505
tele_neck_fing16__00001000__s0039.wav,0.4023793041706085,0.6601703763008118,0.8556252717971802,0.6258724331855774,0.7783210873603821,0.8147855997085571
tele_neck_pick01__00001000__s0045.wav,0.8228409290313721,0.8074668049812317,0.007000698242336512,0.6708560585975647,0.5796502232551575,0.4248160421848297
strat_neck_pick06__00001000__s0025.wav,0.005640891846269369,0.023877447471022606,0.6721780300140381,0.7083755731582642,0.6052746176719666,0.7262746691703796
tele_neck_pick21__00001000__s0010.wav,0.26329103112220764,0.5461685657501221,0.22425805032253265,0.642417311668396,0.557578444480896,0.12427882105112076
prs_neck_pick03__00001000__s0023.wav,0.21715599298477173,0.269305557012558,0.2213338017463684,0.5458928942680359,0.7923920750617981,0.8417261838912964
les_bridge_fing25__00001000__s0002.wav,0.6076852679252625,0.5974159240722656,0.3026689887046814,0.4117336869239807,0.13260841369628906,0.24447248876094818
tele_neck_pick09__00001000__s0000.wav,0.8115195631980896,0.7969129085540771,0.34472331404685974,0.5309773087501526,0.4979066550731659,0.2793957591056824
strat_neck_fing11__00001000__s0014.wav,0.4081515967845917,0.5017563700675964,0.16718575358390808,0.34217506647109985,0.11021950840950012,0.47165337204933167
les_neck_fing18__00001000__s0042.wav,0.8862537145614624,0.4499325156211853,0.3100334405899048,0.9053664803504944,0.26146528124809265,0.21196381747722626
tele_bridge_pick02__00001000__s0045.wav,0.88087397813797,0.9568522572517395,0.04062163084745407,0.18536025285720825,0.7991020083427429,0.8239542841911316
tele_bridge_fing13__00001000__s0019.wav,0.9757882952690125,0.7760080099105835,0.12079324573278427,0.49045321345329285,0.23795375227928162,0.21575963497161865
les_neck_fing17__00001000__s0037.wav,0.8312833309173584,0.6465015411376953,0.0328625850379467,0.26090335845947266,0.03368517383933067,0.06267327815294266
les_neck_fing25__00001000__s0034.wav,0.448386013507843,0.4470004141330719,0.4752803146839142,0.20663867890834808,0.6941342949867249,0.5318596959114075
prs_bridge_pick04__00001000__s0004.wav,0.7878410220146179,0.6880037784576416,0.9311177134513855,0.7974182367324829,0.589675784111023,0.6830453276634216
strat_bridge_pick25__00001000__s0041.wav,0.21656568348407745,0.1970803588628769,0.8985651135444641,0.643996000289917,0.4613175690174103,0.5225984454154968
prs_bridge_pick25__00001000__s0020.wav,0.46422478556632996,0.5113154053688049,0.5912268161773682,0.6869790554046631,0.22231128811836243,0.22980797290802002
prs_bridge_pick15__00001000__s0022.wav,0.20809775590896606,0.2741391062736511,0.3033260405063629,0.5108709931373596,0.4853261113166809,0.391526460647583
prs_neck_fing21__00001000__s0025.wav,0.05796976014971733,0.34324896335601807,0.13165096938610077,0.21217837929725647,0.19575265049934387,0.1501224786043167
strat_neck_fing18__00001000__s0033.wav,0.4533970057964325,0.5642121434211731,0.6417720317840576,0.5286026000976562,0.9384688138961792,0.8711144924163818
prs_neck_pick03__00001000__s0016.wav,0.9686933755874634,0.9153308272361755,0.5158875584602356,0.36211103200912476,0.5314077138900757,0.6197741627693176
strat_neck_fing24__00001000__s0048.wav,0.7348898649215698,0.8806031942367554,0.04045809805393219,0.4585696756839752,0.61616450548172,0.4352562129497528
les_neck_fing25__00001000__s0045.wav,0.6860806345939636,0.5444898009300232,0.5693291425704956,0.5154138803482056,0.7753213047981262,0.645589292049408
les_bridge_fing01__00001000__s0017.wav,0.39264681935310364,0.33726176619529724,0.30317598581314087,0.33427712321281433,0.5722248554229736,0.4198130965232849
strat_neck_fing19__00001000__s0050.wav,0.7034431099891663,0.5918859839439392,0.5202142596244812,0.5443586111068726,0.16634255647659302,0.3282041549682617
les_bridge_fing12__00001000__s0039.wav,0.992518961429596,0.8085430264472961,0.03157467022538185,0.4947252571582794,0.8688802123069763,0.7669249176979065
strat_neck_fing12__00001000__s0051.wav,0.5720891952514648,0.586108386516571,0.6218665838241577,0.8343982100486755,0.8546719551086426,0.7041711807250977
strat_neck_fing14__00001000__s0037.wav,0.3580434322357178,0.1290624886751175,0.24929308891296387,0.6012164950370789,0.2555592656135559,0.13889503479003906
les_neck_pick06__00001000__s0038.wav,0.7635906338691711,0.7719613909721375,0.2907429337501526,0.40299156308174133,0.9509824514389038,0.8690481781959534
strat_bridge_fing08__00001000__s0012.wav,0.02943919226527214,0.017701400443911552,0.6726138591766357,0.7420997619628906,0.8995640277862549,0.86842942237854
les_bridge_fing08__00001000__s0017.wav,0.7323037385940552,0.7832151055335999,0.3933139145374298,0.5508224368095398,0.5990166068077087,0.48371461033821106
prs_bridge_pick07__00001000__s0039.wav,0.015724949538707733,0.03935927525162697,0.9851230978965759,0.8735119700431824,0.5751804709434509,0.4659629464149475
tele_bridge_pick05__00001000__s0042.wav,0.3374735414981842,0.32316508889198303,0.6773591041564941,0.8126366138458252,0.7954698204994202,0.6719073057174683
les_neck_fing04__00001000__s0024.wav,0.9446154236793518,0.9520273208618164,0.6914352178573608,0.6596678495407104,0.43643227219581604,0.5379352569580078
prs_neck_fing16__00001000__s0002.wav,0.48830944299697876,0.624505877494812,0.02894744463264942,0.4001944959163666,0.014806625433266163,0.07054980099201202
strat_bridge_fing05__00001000__s0009.wav,0.540651261806488,0.5580469369888306,0.03689161688089371,0.10849248617887497,0.5304288864135742,0.4277704656124115
prs_bridge_pick23__00001000__s0016.wav,0.9456609487533569,0.8196173310279846,0.2848159670829773,0.30064186453819275,0.6429961919784546,0.482582151889801
les_bridge_pick15__00001000__s0051.wav,0.8825891017913818,0.9169561862945557,0.5324706435203552,0.4557766914367676,0.5966520309448242,0.5154508948326111
les_neck_pick09__00001000__s0040.wav,0.5936753749847412,0.6104939579963684,0.24176202714443207,0.6782961487770081,0.6347888708114624,0.5468247532844543
les_neck_fing12__00001000__s0010.wav,0.2950695753097534,0.40361839532852173,0.9971780180931091,0.4881000220775604,0.6212834715843201,0.5610690116882324
les_neck_fing11__00001000__s0034.wav,0.3917309045791626,0.4449366629123688,0.5848395228385925,0.5852470993995667,0.7171620726585388,0.6731358170509338
les_bridge_pick25__00001000__s0053.wav,0.9167855381965637,0.8677948117256165,0.11131478101015091,0.3937003016471863,0.8125277757644653,0.8116662502288818
strat_neck_fing03__00001000__s0036.wav,0.8960257172584534,0.8866415619850159,0.11718341708183289,0.5875330567359924,0.903996467590332,0.7809574604034424
strat_bridge_fing12__00001000__s0022.wav,0.7437583208084106,0.7353922128677368,0.6042740345001221,0.4320623576641083,0.12551021575927734,0.09709437191486359
strat_neck_pick17__00001000__s0029.wav,0.9628000259399414,0.550769567489624,0.370418906211853,0.27744999527931213,0.0925929993391037,0.33882954716682434
prs_bridge_fing24__00001000__s0016.wav,0.32426023483276367,0.5700888633728027,0.12210112810134888,0.25160109996795654,0.9422680735588074,0.7289528250694275
tele_neck_pick20__00001000__s0008.wav,0.6553269624710083,0.6905022859573364,0.20994818210601807,0.3938072919845581,0.25832632184028625,0.2957865595817566
strat_neck_fing13__00001000__s0004.wav,0.5721248388290405,0.7503893375396729,0.21602539718151093,0.3121972978115082,0.8452562093734741,0.7704349160194397
prs_bridge_fing17__00001000__s0033.wav,0.8064022064208984,0.648955762386322,0.24720291793346405,0.30055350065231323,0.3316034972667694,0.217399463057518
prs_bridge_fing06__00001000__s0053.wav,0.6658675074577332,0.374881774187088,0.35325905680656433,0.26161718368530273,0.0092688649892807,0.07107128947973251
tele_bridge_pick03__00001000__s0011.wav,0.3725756108760834,0.3141312897205353,0.4914046823978424,0.7109245657920837,0.7133010029792786,0.5674842000007629
prs_neck_fing04__00001000__s0040.wav,0.30630964040756226,0.3436950743198395,0.4217586815357208,0.47864943742752075,0.9688317179679871,0.9108227491378784
strat_neck_pick24__00001000__s0017.wav,0.1843167394399643,0.14164409041404724,0.1325400173664093,0.30169373750686646,0.15149928629398346,0.3098263740539551
les_neck_pick14__00001000__s0049.wav,0.5118759870529175,0.7064257860183716,0.3465828597545624,0.42984575033187866,0.6411922574043274,0.5377287864685059
strat_bridge_fing19__00001000__s0010.wav,0.9491694569587708,0.8397876620292664,0.34925931692123413,0.4515964984893799,0.6350836157798767,0.4802723824977875
tele_bridge_fing04__00001000__s0036.wav,0.9702256321907043,0.766934335231781,0.16347543895244598,0.6580897569656372,0.2505372166633606,0.47191980481147766
tele_bridge_pick18__00001000__s0013.wav,0.3379226326942444,0.3816981613636017,0.9834766387939453,0.13249564170837402,0.0415312759578228,0.32393887639045715
tele_neck_pick06__00001000__s0052.wav,0.8084464073181152,0.5773410797119141,0.23824526369571686,0.7035171389579773,0.6412546038627625,0.601377546787262
les_bridge_pick22__00001000__s0043.wav,0.13531948626041412,0.10114022344350815,0.36652377247810364,0.5108238458633423,0.40308213233947754,0.32671695947647095
tele_neck_fing03__00001000__s0025.wav,0.3120075762271881,0.3261066675186157,0.8724634051322937,0.7104870080947876,0.4942196011543274,0.5763453245162964
les_bridge_pick20__00001000__s0055.wav,0.07748953253030777,0.2481960952281952,0.08800002187490463,0.10754147917032242,0.7776254415512085,0.5606452226638794
strat_neck_fing17__00001000__s0031.wav,0.23129449784755707,0.29741770029067993,0.6485163569450378,0.32767656445503235,0.1146523505449295,0.2098449319601059
strat_neck_fing23__00001000__s0017.wav,0.8225824236869812,0.7185862064361572,0.8666751980781555,0.7800305485725403,0.31799641251564026,0.2289309799671173
tele_neck_fing25__00001000__s0055.wav,0.3683992028236389,0.3829183876514435,0.8062486052513123,0.687666118144989,0.8768629431724548,0.8648989796638489
prs_neck_pick18__00001000__s0030.wav,0.9236727952957153,0.7558141350746155,0.48370808362960815,0.40322038531303406,0.5250658988952637,0.6531509757041931
les_neck_pick12__00001000__s0003.wav,0.5609018802642822,0.552271842956543,0.17201882600784302,0.646075427532196,0.3331034779548645,0.16586267948150635
prs_bridge_pick21__00001000__s0018.wav,0.4609753489494324,0.7445598840713501,0.1745106428861618,0.1485063135623932,0.7531483769416809,0.8327338695526123
tele_neck_pick03__00001000__s0044.wav,0.1164497584104538,0.2247733473777771,0.9692460894584656,0.8746095895767212,0.9895567297935486,0.799226701259613
les_bridge_pick07__00001000__s0012.wav,0.355361670255661,0.8477221131324768,0.8556325435638428,0.3316030502319336,0.03393760696053505,0.33506956696510315
tele_bridge_pick16__00001000__s0030.wav,0.7079680562019348,0.43253764510154724,0.6999585032463074,0.5724793672561646,0.7540386319160461,0.7398303747177124
les_neck_fing18__00001000__s0017.wav,0.7678325176239014,0.812950611114502,0.2138524055480957,0.34386637806892395,0.08332659304141998,0.1776123195886612
les_neck_fing10__00001000__s0012.wav,0.9922940135002136,0.828339695930481,0.5821037888526917,0.6873117685317993,0.6121748089790344,0.7373813986778259
strat_bridge_pick23__00001000__s0025.wav,0.9816353917121887,0.8152168393135071,0.5696434378623962,0.6663287878036499,0.4962632954120636,0.3446338176727295
tele_bridge_pick23__00001000__s0013.wav,0.7451446652412415,0.5790479779243469,0.06364478915929794,0.28994330763816833,0.3076682686805725,0.13718147575855255
strat_bridge_pick14__00001000__s0000.wav,0.9866706132888794,0.7966944575309753,0.42392513155937195,0.5193793773651123,0.9292628169059753,0.798103928565979
tele_bridge_fing02__00001000__s0026.wav,0.6708616018295288,0.7705013751983643,0.44456472992897034,0.2447274774312973,0.253262460231781,0.515532374382019
les_neck_pick22__00001000__s0006.wav,0.5300256013870239,0.5450853109359741,0.7553642988204956,0.6726117134094238,0.5155534744262695,0.550054132938385
les_neck_pick05__00001000__s0045.wav,0.72903972864151,0.7224838137626648,0.3713778853416443,0.27388882637023926,0.8979460000991821,0.8595468401908875
prs_neck_fing09__00001000__s0017.wav,0.45184484124183655,0.6630685329437256,0.9353047609329224,0.7817337512969971,0.034852396696805954,0.15853695571422577
tele_bridge_fing15__00001000__s0040.wav,0.9624415040016174,0.7663984298706055,0.040131062269210815,0.48781946301460266,0.44794762134552,0.6868122816085815
strat_bridge_pick25__00001000__s0023.wav,0.2843145728111267,0.374650239944458,0.6570533514022827,0.5586432218551636,0.7169171571731567,0.7713590264320374
strat_bridge_pick03__00001000__s0037.wav,0.7091732025146484,0.5732738375663757,0.735723078250885,0.5315714478492737,0.6205005049705505,0.47378844022750854
les_bridge_pick23__00001000__s0012.wav,0.23777490854263306,0.3361364006996155,0.896132230758667,0.7659152150154114,0.08805390447378159,0.5078417658805847
les_bridge_pick17__00001000__s0019.wav,0.28956788778305054,0.22295868396759033,0.3566357493400574,0.26050806045532227,0.2953997254371643,0.7574057579040527
tele_neck_pick18__00001000__s0034.wav,0.26827192306518555,0.3004651963710785,0.15820786356925964,0.5021920204162598,0.8985735177993774,0.7499681115150452
les_bridge_pick13__00001000__s0002.wav,0.8936418294906616,0.5334678292274475,0.8227996230125427,0.7822434902191162,0.4689195454120636,0.32660090923309326
prs_bridge_pick04__00001000__s0023.wav,0.5829447507858276,0.47823166847229004,0.10749448090791702,0.4569315016269684,0.6420207619667053,0.6801693439483643
tele_bridge_fing08__00001000__s0021.wav,0.8791206479072571,0.648408830165863,0.7814968228340149,0.3709523379802704,0.3893725872039795,0.5176966190338135
strat_neck_fing13__00001000__s0025.wav,0.7581890225410461,0.7064288854598999,0.6193704009056091,0.5694030523300171,0.2842075526714325,0.2299884706735611
tele_bridge_fing12__00001000__s0006.wav,0.7997920513153076,0.5079695582389832,0.920525848865509,0.63800448179245,0.4211752116680145,0.4973221719264984
les_bridge_fing13__00001000__s0023.wav,0.2007189244031906,0.5622910261154175,0.6593257784843445,0.593021810054779,0.015987949445843697,0.22494876384735107
prs_neck_fing20__00001000__s0002.wav,0.03299633041024208,0.7510094046592712,0.5075938701629639,0.6315732002258301,0.17398366332054138,0.3397078812122345
prs_bridge_fing15__00001000__s0035.wav,0.5190699696540833,0.5081395506858826,0.37449219822883606,0.4999401569366455,0.03706832975149155,0.13019509613513947
tele_bridge_fing04__00001000__s0048.wav,0.5971665382385254,0.4920341968536377,0.8672844171524048,0.9080853462219238,0.8096916079521179,0.5950750708580017
tele_neck_fing11__00001000__s0036.wav,0.9660046100616455,0.6348137259483337,0.823378324508667,0.8116841316223145,0.7900389432907104,0.6728348135948181
les_bridge_fing19__00001000__s0012.wav,0.08460170030593872,0.36446723341941833,0.5683581233024597,0.6640394330024719,0.26035645604133606,0.21428745985031128
strat_neck_fing07__00001000__s0023.wav,0.38854721188545227,0.48061686754226685,0.18211862444877625,0.3904101252555847,0.39538151025772095,0.4691636264324188
strat_bridge_pick07__00001000__s0003.wav,0.3328545391559601,0.1846219301223755,0.2899181842803955,0.8008260726928711,0.7070847153663635,0.5006816983222961
les_neck_pick20__00001000__s0041.wav,0.158436581492424,0.18395425379276276,0.2367343306541443,0.5289677381515503,0.47423630952835083,0.4081481993198395
prs_bridge_fing03__00001000__s0039.wav,0.18352439999580383,0.43904003500938416,0.11852646619081497,0.40635228157043457,0.1744861602783203,0.3830798864364624
strat_bridge_pick06__00001000__s0018.wav,0.17555269598960876,0.208686962723732,0.5744025111198425,0.49590399861335754,0.0770486444234848,0.16221392154693604
strat_neck_pick10__00001000__s0044.wav,0.509210467338562,0.4505420923233032,0.46542325615882874,0.40522193908691406,0.6029284596443176,0.4666043817996979
strat_bridge_fing22__00001000__s0000.wav,0.19686231017112732,0.40068089962005615,0.8697342276573181,0.5476073622703552,0.21904732286930084,0.68985915184021
prs_neck_fing01__00001000__s0009.wav,0.5087786316871643,0.41598033905029297,0.5347524881362915,0.6698535680770874,0.5510619878768921,0.5054193139076233
strat_neck_pick11__00001000__s0025.wav,0.0794968456029892,0.1410764753818512,0.9600041508674622,0.43205904960632324,0.23150651156902313,0.3657401204109192
les_bridge_pick24__00001000__s0039.wav,0.21599611639976501,0.2804349958896637,0.8437010645866394,0.6336902379989624,0.7342541813850403,0.6479092836380005
strat_neck_pick24__00001000__s0054.wav,0.6711782217025757,0.7142243385314941,0.8197479844093323,0.45236989855766296,0.3084975779056549,0.6461084485054016
tele_neck_fing21__00001000__s0039.wav,0.809853196144104,0.7687684297561646,0.650654137134552,0.2986169755458832,0.3630315065383911,0.2626171112060547
les_neck_fing06__00001000__s0028.wav,0.3560303747653961,0.3913904130458832,0.6625472903251648,0.7331432700157166,0.40328171849250793,0.41045039892196655
strat_neck_fing06__00001000__s0042.wav,0.6602577567100525,0.5298714637756348,0.5252070426940918,0.4950304627418518,0.366391658782959,0.30565929412841797
prs_bridge_pick06__00001000__s0018.wav,0.7824473977088928,0.7737535238265991,0.724270761013031,0.618649959564209,0.8388733863830566,0.8326131701469421
prs_bridge_fing15__00001000__s0025.wav,0.69852614402771,0.6195200085639954,0.08594419062137604,0.19897732138633728,0.6075120568275452,0.24605432152748108
strat_bridge_fing02__00001000__s0001.wav,0.2670956552028656,0.24281129240989685,0.34446585178375244,0.5903785824775696,0.8469082117080688,0.8702214956283569
prs_bridge_fing11__00001000__s0018.wav,0.5124477744102478,0.5151910185813904,0.7811907529830933,0.45147860050201416,0.07561846822500229,0.2730555534362793
strat_neck_pick19__00001000__s0001.wav,0.9372051358222961,0.6105860471725464,0.383929580450058,0.5554643273353577,0.36996710300445557,0.34406334161758423
prs_bridge_fing23__00001000__s0053.wav,0.048950761556625366,0.06370969116687775,0.7127116322517395,0.6068443059921265,0.2578445374965668,0.6912763118743896
prs_neck_fing21__00001000__s0052.wav,0.7389767169952393,0.7304490208625793,0.039456188678741455,0.41851046681404114,0.5013734698295593,0.18707899749279022
les_neck_fing13__00001000__s0047.wav,0.48439884185791016,0.35054758191108704,0.9084839224815369,0.7996843457221985,0.5409915447235107,0.36798688769340515
les_bridge_pick21__00001000__s0051.wav,0.5051697492599487,0.44707372784614563,0.5991315245628357,0.602095365524292,0.5916352272033691,0.7330522537231445
strat_neck_fing03__00001000__s0051.wav,0.49621790647506714,0.7967734932899475,0.9838241934776306,0.7344053387641907,0.30540433526039124,0.6343635320663452
prs_neck_fing14__00001000__s0034.wav,0.8142793774604797,0.9207919239997864,0.6493655443191528,0.20625777542591095,0.41362303495407104,0.40426379442214966
les_bridge_fing20__00001000__s0020.wav,0.7511137127876282,0.863024115562439,0.3363901972770691,0.327504962682724,0.22816330194473267,0.15440978109836578
strat_bridge_fing24__00001000__s0050.wav,0.802969217300415,0.8246999382972717,0.15724077820777893,0.6978884339332581,0.6458896398544312,0.5109338760375977
prs_neck_fing09__00001000__s0054.wav,0.09838356822729111,0.08030983805656433,0.6471685767173767,0.8387477993965149,0.6652684807777405,0.4396539628505707
strat_bridge_fing22__00001000__s0009.wav,0.25876784324645996,0.24371172487735748,0.5202571153640747,0.6361399292945862,0.395904541015625,0.36636221408843994
strat_neck_fing15__00001000__s0032.wav,0.47191187739372253,0.2991819977760315,0.47479283809661865,0.3186880052089691,0.3557533025741577,0.2095136046409607
prs_neck_fing06__00001000__s0052.wav,0.7965181469917297,0.7832292318344116,0.4968719184398651,0.288583904504776,0.8697718381881714,0.783494234085083
les_bridge_pick05__00001000__s0000.wav,0.03474893420934677,0.12980663776397705,0.07728320360183716,0.6269478797912598,0.5380570888519287,0.474097341299057
les_neck_fing23__00001000__s0025.wav,0.7024383544921875,0.6809970140457153,0.5878777503967285,0.4106125235557556,0.15543434023857117,0.18677596747875214
strat_neck_fing02__00001000__s0002.wav,0.5316900014877319,0.5498141050338745,0.9375122785568237,0.5338325500488281,0.4793444871902466,0.5084095597267151
strat_bridge_fing14__00001000__s0005.wav,0.6730163097381592,0.44159993529319763,0.4998650848865509,0.3092004954814911,0.23921772837638855,0.34605154395103455
strat_bridge_pick23__00001000__s0030.wav,0.46325236558914185,0.4722961187362671,0.3539877235889435,0.39339229464530945,0.8458272814750671,0.8529303669929504
prs_bridge_fing03__00001000__s0002.wav,0.37242430448532104,0.36949363350868225,0.18055053055286407,0.4188055396080017,0.2838018536567688,0.274810254573822
les_neck_fing07__00001000__s0011.wav,0.9237651824951172,0.80906081199646,0.0030819401144981384,0.5637280941009521,0.8610849380493164,0.7488148808479309
les_bridge_fing15__00001000__s0006.wav,0.40767332911491394,0.5699317455291748,0.34771448373794556,0.35065627098083496,0.08922664076089859,0.1254986971616745
tele_bridge_pick05__00001000__s0027.wav,0.8897129893302917,0.6360931396484375,0.2225082963705063,0.48391520977020264,0.43568864464759827,0.5857401490211487
les_bridge_fing09__00001000__s0051.wav,0.9358578324317932,0.863162636756897,0.48115074634552,0.4676941931247711,0.47018179297447205,0.33878660202026367
prs_bridge_fing18__00001000__s0041.wav,0.8524784445762634,0.7464532852172852,0.0677809864282608,0.23107656836509705,0.7929309010505676,0.6486835479736328
tele_bridge_fing13__00001000__s0037.wav,0.8031550645828247,0.8451141119003296,0.16764213144779205,0.45145779848098755,0.41510841250419617,0.5530849695205688
les_bridge_fing06__00001000__s0055.wav,0.6074337363243103,0.40719279646873474,0.6987888813018799,0.7946122884750366,0.9487278461456299,0.8406952023506165
tele_bridge_pick24__00001000__s0018.wav,0.21455694735050201,0.8862807154655457,0.10927987098693848,0.4870622158050537,0.41343024373054504,0.23349885642528534
les_bridge_pick13__00001000__s0003.wav,0.49587810039520264,0.3994321823120117,0.845215916633606,0.7855091691017151,0.4270554482936859,0.5172315239906311
les_bridge_pick14__00001000__s0008.wav,0.7305455207824707,0.6399226784706116,0.1595376431941986,0.4113214313983917,0.07257434725761414,0.1394236832857132
prs_bridge_fing07__00001000__s0046.wav,0.7153794765472412,0.7121946811676025,0.49260416626930237,0.6613206267356873,0.7588155269622803,0.8335747718811035
tele_neck_pick14__00001000__s0046.wav,0.6824418306350708,0.7078299522399902,0.7759047150611877,0.6008034944534302,0.5892715454101562,0.5235618948936462
prs_neck_fing23__00001000__s0007.wav,0.2331208437681198,0.30266237258911133,0.818474292755127,0.698535144329071,0.6365011930465698,0.46496516466140747
strat_bridge_fing02__00001000__s0043.wav,0.45669132471084595,0.21306370198726654,0.9191234111785889,0.45206427574157715,0.0857909694314003,0.19867020845413208
les_neck_fing25__00001000__s0050.wav,0.3923000693321228,0.34864234924316406,0.4634382128715515,0.3862014710903168,0.32511913776397705,0.45213866233825684
strat_neck_fing24__00001000__s0008.wav,0.2681223452091217,0.5541755557060242,0.6922098994255066,0.7716449499130249,0.30537328124046326,0.4420227110385895
prs_bridge_pick24__00001000__s0028.wav,0.8567743897438049,0.836950957775116,0.41923555731773376,0.3490261137485504,0.7405438423156738,0.49292096495628357
les_bridge_pick22__00001000__s0045.wav,0.4871944189071655,0.45006459951400757,0.7017454504966736,0.7344915270805359,0.9152454733848572,0.8592796921730042
les_neck_fing02__00001000__s0054.wav,0.6640150547027588,0.749309778213501,0.10429481416940689,0.40511736273765564,0.7455577850341797,0.7659854292869568
tele_neck_fing20__00001000__s0001.wav,0.05073743313550949,0.08215397596359253,0.25164884328842163,0.15703311562538147,0.9416260719299316,0.7093201875686646
prs_bridge_pick25__00001000__s0031.wav,0.7744266390800476,0.6133092045783997,0.9852666258811951,0.6034584045410156,0.8471999168395996,0.862002432346344
prs_neck_pick18__00001000__s0017.wav,0.5400819182395935,0.7658652663230896,0.07598026096820831,0.4864107072353363,0.23545798659324646,0.4394441246986389
prs_bridge_pick14__00001000__s0037.wav,0.5688695907592773,0.5532481670379639,0.5980052947998047,0.49066415429115295,0.641359806060791,0.5578358769416809
prs_neck_pick22__00001000__s0037.wav,0.8885917663574219,0.6494603753089905,0.27283626794815063,0.37617725133895874,0.8395275473594666,0.7940555810928345
tele_bridge_fing23__00001000__s0011.wav,0.5610136389732361,0.5615463852882385,0.53713458776474,0.43970558047294617,0.2140444666147232,0.38058796525001526
les_neck_fing08__00001000__s0038.wav,0.8658560514450073,0.8511646389961243,0.5183993577957153,0.6350244283676147,0.2073584794998169,0.23367957770824432
tele_bridge_pick01__00001000__s0034.wav,0.4587719142436981,0.4066605865955353,0.8468816876411438,0.6306419968605042,0.01511776726692915,0.08078109472990036
prs_bridge_fing19__00001000__s0004.wav,0.5557603240013123,0.6437223553657532,0.9734085202217102,0.3619372248649597,0.8845847845077515,0.9256449341773987
les_neck_pick18__00001000__s0016.wav,0.10766541957855225,0.10595725476741791,0.4797009527683258,0.7363327741622925,0.7886775732040405,0.8990420699119568
les_bridge_pick11__00001000__s0043.wav,0.12180125713348389,0.07556673139333725,0.37564969062805176,0.3030506372451782,0.9060004353523254,0.929484486579895
prs_bridge_fing04__00001000__s0024.wav,0.5908371210098267,0.46549174189567566,0.9224352836608887,0.6537535786628723,0.43526431918144226,0.42148301005363464
prs_neck_fing22__00001000__s0026.wav,0.11135642230510712,0.12585292756557465,0.2534119486808777,0.17144466936588287,0.671859860420227,0.6462569832801819
prs_neck_fing09__00001000__s0004.wav,0.16345910727977753,0.15764448046684265,0.6761502623558044,0.6135410666465759,0.5114526748657227,0.5421492457389832
strat_neck_pick21__00001000__s0034.wav,0.9119017720222473,0.778090238571167,0.9641157388687134,0.47503677010536194,0.268403559923172,0.619844913482666
les_neck_fing17__00001000__s0043.wav,0.5369494557380676,0.6844459772109985,0.47542646527290344,0.7447633743286133,0.6892328262329102,0.598722517490387
les_neck_pick24__00001000__s0015.wav,0.7301602363586426,0.6965827345848083,0.9535948038101196,0.6638804078102112,0.5474728345870972,0.4098584055900574
strat_neck_fing01__00001000__s0035.wav,0.6078510880470276,0.46171697974205017,0.2672969102859497,0.34967514872550964,0.3632042706012726,0.3383248746395111
tele_neck_pick18__00001000__s0014.wav,0.016807958483695984,0.09059983491897583,0.6351650357246399,0.7967965602874756,0.45620056986808777,0.6851302981376648
tele_neck_pick12__00001000__s0014.wav,0.6507340669631958,0.7052014470100403,0.5971558094024658,0.3459130823612213,0.9433158040046692,0.8862492442131042
tele_bridge_pick19__00001000__s0035.wav,0.26091745495796204,0.14426785707473755,0.6859484910964966,0.6767119765281677,0.423340380191803,0.444528728723526
les_neck_pick21__00001000__s0032.wav,0.3328281044960022,0.32647502422332764,0.8534372448921204,0.7982028126716614,0.5479831695556641,0.6013136506080627
prs_bridge_fing12__00001000__s0051.wav,0.670535683631897,0.35616424679756165,0.5680539011955261,0.6573507785797119,0.07897831499576569,0.09384994953870773
les_bridge_pick06__00001000__s0023.wav,0.6428928971290588,0.5511706471443176,0.4860301613807678,0.6440690755844116,0.35043132305145264,0.24623028934001923
tele_bridge_fing13__00001000__s0027.wav,0.11434431374073029,0.1718706488609314,0.2712939977645874,0.256605327129364,0.9147562384605408,0.8104878664016724
strat_neck_pick03__00001000__s0031.wav,0.9531084895133972,0.8592240214347839,0.44950518012046814,0.6598052978515625,0.11268716305494308,0.15266536176204681
tele_neck_fing18__00001000__s0049.wav,0.3114454746246338,0.3540574908256531,0.8730261325836182,0.7832033038139343,0.3187039792537689,0.24689754843711853
strat_neck_fing14__00001000__s0005.wav,0.8132249712944031,0.8128088116645813,0.4974631667137146,0.5946973562240601,0.9211983680725098,0.9025641083717346
prs_neck_pick20__00001000__s0023.wav,0.8745042681694031,0.7453493475914001,0.011026827618479729,0.5308985114097595,0.6701450347900391,0.5591613054275513
les_neck_pick20__00001000__s0048.wav,0.24966441094875336,0.36647653579711914,0.7174040675163269,0.2949524521827698,0.9136221408843994,0.8952434062957764
tele_bridge_pick25__00001000__s0028.wav,0.5628355741500854,0.5274524688720703,0.19284622371196747,0.4488776624202728,0.2941947281360626,0.220375657081604
les_bridge_fing22__00001000__s0026.wav,0.7022976875305176,0.8483825922012329,0.4811170995235443,0.5533919334411621,0.3543427586555481,0.2020469307899475
tele_bridge_fing25__00001000__s0026.wav,0.7649686932563782,0.6883893609046936,0.25071898102760315,0.576522707939148,0.6723869442939758,0.8600888252258301
les_bridge_fing01__00001000__s0031.wav,0.1625526249408722,0.3460880517959595,0.7643013596534729,0.6523488163948059,0.49731820821762085,0.3156392276287079
les_bridge_fing13__00001000__s0025.wav,0.5278118848800659,0.5567498207092285,0.08759923279285431,0.6185997724533081,0.15105846524238586,0.232957661151886
prs_bridge_pick02__00001000__s0048.wav,0.020082855597138405,0.25398826599121094,0.46401649713516235,0.28313446044921875,0.2705029547214508,0.5837229490280151
strat_neck_fing25__00001000__s0050.wav,0.020188648253679276,0.40227389335632324,0.9770513772964478,0.6181735992431641,0.21205352246761322,0.608802080154419
les_bridge_fing12__00001000__s0015.wav,0.8883113861083984,0.8044049143791199,0.42621469497680664,0.6238467693328857,0.20822298526763916,0.16585731506347656
les_neck_fing25__00001000__s0004.wav,0.5963314175605774,0.7079266309738159,0.7229170203208923,0.6933485865592957,0.2946116626262665,0.5396195650100708
strat_neck_pick18__00001000__s0010.wav,0.9608168601989746,0.8332632780075073,0.8035885691642761,0.5545874834060669,0.20346888899803162,0.15638209879398346
prs_neck_fing22__00001000__s0037.wav,0.9915685653686523,0.8305648565292358,0.53533536195755,0.5286263227462769,0.6922110319137573,0.5452548265457153
strat_bridge_pick09__00001000__s0046.wav,0.2909204959869385,0.41979295015335083,0.9979262351989746,0.7412001490592957,0.8639876246452332,0.883042573928833
strat_bridge_fing22__00001000__s0022.wav,0.04358816519379616,0.04127359390258789,0.6063783168792725,0.33136019110679626,0.44750547409057617,0.7835403084754944
tele_bridge_pick09__00001000__s0017.wav,0.6035397052764893,0.7368113994598389,0.2714415490627289,0.49341148138046265,0.004443991929292679,0.026704981923103333
les_bridge_fing12__00001000__s0019.wav,0.41706982254981995,0.4557887613773346,0.21304088830947876,0.4775298237800598,0.8091668486595154,0.7647024989128113
les_neck_fing17__00001000__s0018.wav,0.04931827634572983,0.27356716990470886,0.029801635071635246,0.1252712607383728,0.3359842002391815,0.2520231604576111
tele_neck_pick08__00001000__s0030.wav,0.23648841679096222,0.43858999013900757,0.7508264183998108,0.47798073291778564,0.7610836029052734,0.8026485443115234
strat_bridge_fing23__00001000__s0015.wav,0.5556579232215881,0.637647271156311,0.9590129256248474,0.5325906276702881,0.39236536622047424,0.5655336380004883
prs_bridge_pick04__00001000__s0009.wav,0.9294711947441101,0.8240535259246826,0.15983901917934418,0.3685285747051239,0.37930887937545776,0.4419288635253906
les_neck_fing19__00001000__s0040.wav,0.6040799021720886,0.8557780981063843,0.7377980947494507,0.41451114416122437,0.030569495633244514,0.051494281738996506
tele_neck_pick14__00001000__s0030.wav,0.057846881449222565,0.06514107435941696,0.9120982885360718,0.8403527140617371,0.2889477014541626,0.33590108156204224
strat_bridge_fing03__00001000__s0049.wav,0.3022997975349426,0.3733859360218048,0.45938023924827576,0.6258548498153687,0.488071084022522,0.5784810781478882
strat_neck_pick19__00001000__s0024.wav,0.059512920677661896,0.10292189568281174,0.3709157407283783,0.30684933066368103,0.7040967345237732,0.42210087180137634
tele_neck_fing20__00001000__s0052.wav,0.3256475329399109,0.3591538667678833,0.4911386966705322,0.5766538381576538,0.6086193919181824,0.4620761573314667
strat_neck_fing16__00001000__s0013.wav,0.7652531862258911,0.756549596786499,0.9714388847351074,0.4051210284233093,0.8584850430488586,0.8397232294082642
strat_bridge_fing25__00001000__s0055.wav,0.23371605575084686,0.17166240513324738,0.12468995898962021,0.17068704962730408,0.6983682513237,0.7462276816368103
prs_neck_pick16__00001000__s0035.wav,0.10347183793783188,0.06053880974650383,0.9207990765571594,0.8517199754714966,0.5676642060279846,0.6354724764823914
prs_neck_pick25__00001000__s0016.wav,0.41579777002334595,0.3130635619163513,0.20177313685417175,0.178252711892128,0.260061651468277,0.6504326462745667
tele_neck_pick04__00001000__s0024.wav,0.590643048286438,0.4217027723789215,0.3923661708831787,0.44100889563560486,0.7718663215637207,0.7226370573043823
strat_neck_fing20__00001000__s0034.wav,0.7462884187698364,0.7644409537315369,0.6097695231437683,0.8539236783981323,0.9350079894065857,0.9334368109703064
tele_neck_fing02__00001000__s0028.wav,0.7837367057800293,0.8290596008300781,0.11196331679821014,0.484376460313797,0.8648110628128052,0.7352492809295654
tele_neck_fing23__00001000__s0000.wav,0.14135855436325073,0.3210854232311249,0.46591073274612427,0.3743141293525696,0.17664818465709686,0.29206350445747375
prs_neck_pick22__00001000__s0015.wav,0.9015089273452759,0.9905185103416443,0.41825103759765625,0.5902848839759827,0.8136633038520813,0.7952661514282227
les_neck_pick07__00001000__s0041.wav,0.7092172503471375,0.7007163166999817,0.5288984775543213,0.4628925025463104,0.9399334788322449,0.920561671257019
les_bridge_pick18__00001000__s0034.wav,0.6744166612625122,0.6200679540634155,0.4618988335132599,0.26062536239624023,0.3832705020904541,0.4426555931568146
les_neck_fing05__00001000__s0046.wav,0.4925236105918884,0.6093371510505676,0.9135007262229919,0.667340099811554,0.3218599855899811,0.45357856154441833
les_neck_fing19__00001000__s0035.wav,0.9869775176048279,0.7712690830230713,0.4995962381362915,0.5859217643737793,0.32329127192497253,0.1968281865119934
prs_neck_fing15__00001000__s0049.wav,0.05280405655503273,0.13512563705444336,0.9745103120803833,0.746720016002655,0.6454712748527527,0.5953216552734375
strat_bridge_fing11__00001000__s0044.wav,0.5400700569152832,0.47549453377723694,0.12437168508768082,0.2543620467185974,0.4887058734893799,0.36824309825897217
strat_neck_fing24__00001000__s0026.wav,0.7933135032653809,0.7885797619819641,0.9801575541496277,0.502254843711853,0.9189945459365845,0.9076012372970581
tele_neck_pick09__00001000__s0049.wav,0.1328365057706833,0.07224945724010468,0.8967092037200928,0.7947927117347717,0.6499055624008179,0.5761246681213379
prs_neck_fing09__00001000__s0010.wav,0.5889464616775513,0.6063628792762756,0.21763843297958374,0.3034101724624634,0.6078149676322937,0.5164483785629272
strat_bridge_fing07__00001000__s0042.wav,0.11879292875528336,0.2189687043428421,0.7522336840629578,0.619361400604248,0.4251764416694641,0.5792614817619324
tele_neck_pick24__00001000__s0039.wav,0.6850281357765198,0.5453946590423584,0.5230548977851868,0.7018949389457703,0.1930919587612152,0.3277600109577179
tele_neck_fing10__00001000__s0042.wav,0.11939571052789688,0.07561294734477997,0.9371308088302612,0.7344227433204651,0.4133554995059967,0.6888501048088074
prs_bridge_fing05__00001000__s0039.wav,0.7320472002029419,0.6395606398582458,0.4830877482891083,0.42766639590263367,0.06582235544919968,0.10059437155723572
prs_neck_pick15__00001000__s0026.wav,0.02223861776292324,0.17172494530677795,0.422071635723114,0.40677401423454285,0.49706000089645386,0.4070241451263428
les_neck_pick15__00001000__s0007.wav,0.10958077013492584,0.5010855197906494,0.3846417963504791,0.128900945186615,0.04165150225162506,0.46781057119369507
strat_neck_fing06__00001000__s0025.wav,0.5118239521980286,0.39562734961509705,0.1066245585680008,0.23345066606998444,0.032310932874679565,0.054880090057849884
strat_bridge_pick18__00001000__s0041.wav,0.8239612579345703,0.8546202778816223,0.180986687541008,0.7456864714622498,0.8222938776016235,0.8027621507644653
prs_bridge_pick08__00001000__s0046.wav,0.4065805673599243,0.4408092200756073,0.8462538719177246,0.45335525274276733,0.39872249960899353,0.33854562044143677
strat_bridge_fing25__00001000__s0035.wav,0.3167266845703125,0.7559877038002014,0.8574023842811584,0.35401761531829834,0.030379053205251694,0.13284027576446533
strat_neck_fing02__00001000__s0025.wav,0.6739142537117004,0.6766011714935303,0.44602495431900024,0.26884064078330994,0.29213783144950867,0.3909163475036621
tele_neck_pick21__00001000__s0003.wav,0.3246119022369385,0.32797670364379883,0.6450746655464172,0.7040669322013855,0.5518873333930969,0.5163056254386902
strat_neck_pick23__00001000__s0036.wav,0.3191034197807312,0.4072886109352112,0.42472830414772034,0.483994722366333,0.4845843017101288,0.5434237718582153
strat_bridge_pick17__00001000__s0014.wav,0.835981011390686,0.8486076593399048,0.35835012793540955,0.2133941948413849,0.9518253207206726,0.948151171207428
prs_bridge_pick23__00001000__s0010.wav,0.1581784337759018,0.1665620654821396,0.8735275268554688,0.8736485242843628,0.7013230919837952,0.5635179877281189
tele_bridge_pick08__00001000__s0044.wav,0.46325212717056274,0.46198606491088867,0.5961971282958984,0.6156227588653564,0.9108846187591553,0.7490609884262085
les_neck_pick08__00001000__s0017.wav,0.425432950258255,0.47341057658195496,0.4932081997394562,0.4868146479129791,0.36255112290382385,0.5237610936164856
tele_neck_pick10__00001000__s0017.wav,0.46696901321411133,0.4289156198501587,0.6194232106208801,0.7805808782577515,0.5297247767448425,0.5489890575408936
les_bridge_fing03__00001000__s0003.wav,0.6588214635848999,0.6879836916923523,0.10059551149606705,0.14491982758045197,0.8252469897270203,0.7844507098197937
les_bridge_fing17__00001000__s0032.wav,0.9316900372505188,0.9070804119110107,0.17601343989372253,0.34825247526168823,0.6961854696273804,0.714543879032135
prs_neck_fing01__00001000__s0039.wav,0.4643000364303589,0.5433439016342163,0.4840891361236572,0.2752595543861389,0.6929593682289124,0.678180456161499
tele_neck_pick16__00001000__s0031.wav,0.05189230665564537,0.26843422651290894,0.11084799468517303,0.22517774999141693,0.011659166775643826,0.0273536816239357
prs_bridge_fing21__00001000__s0036.wav,0.5266758799552917,0.5218737125396729,0.745987594127655,0.5335096120834351,0.312309205532074,0.5310964584350586
les_bridge_pick20__00001000__s0034.wav,0.8408811688423157,0.7674826383590698,0.9995310306549072,0.3953758776187897,0.9542236328125,0.9322277903556824
tele_bridge_fing25__00001000__s0018.wav,0.018895016983151436,0.10239805281162262,0.225901797413826,0.6572167277336121,0.8794091939926147,0.8232868313789368
strat_neck_fing11__00001000__s0013.wav,0.5484240055084229,0.49749353528022766,0.6816407442092896,0.40031465888023376,0.732420027256012,0.5207012891769409
strat_bridge_fing18__00001000__s0027.wav,0.7438431978225708,0.680770754814148,0.7493504285812378,0.4284180998802185,0.44523584842681885,0.5074194073677063
strat_bridge_pick23__00001000__s0048.wav,0.5540435314178467,0.4725765883922577,0.015508150681853294,0.06185763701796532,0.8715771436691284,0.8214414119720459
tele_neck_pick25__00001000__s0022.wav,0.9895213842391968,0.8317427635192871,0.49479785561561584,0.7181140780448914,0.516051709651947,0.6296343207359314
strat_bridge_fing09__00001000__s0011.wav,0.13145673274993896,0.7153274416923523,0.0041344319470226765,0.20863564312458038,0.7870199084281921,0.4986059367656708
strat_neck_fing18__00001000__s0019.wav,0.5324490070343018,0.7590366005897522,0.1751793473958969,0.5193477869033813,0.24619244039058685,0.5674769878387451
les_neck_pick14__00001000__s0007.wav,0.6008371114730835,0.406148225069046,0.21579889953136444,0.8542230725288391,0.4694563150405884,0.39488378167152405
prs_bridge_fing16__00001000__s0043.wav,0.3728015124797821,0.1788327693939209,0.15777800977230072,0.48004084825515747,0.3207447826862335,0.32091453671455383
prs_neck_pick06__00001000__s0030.wav,0.5159278512001038,0.4581529200077057,0.09706391394138336,0.5279562473297119,0.21286436915397644,0.18415333330631256
prs_neck_pick09__00001000__s0026.wav,0.17723535001277924,0.08970409631729126,0.560338020324707,0.8773102164268494,0.8092874884605408,0.8770238757133484
les_neck_pick19__00001000__s0006.wav,0.1517373025417328,0.2551572918891907,0.22090628743171692,0.6052080392837524,0.2806088328361511,0.2071741670370102
strat_bridge_fing16__00001000__s0043.wav,0.5853831768035889,0.5436534285545349,0.22570474445819855,0.3394181430339813,0.1839478760957718,0.4442552924156189
tele_neck_fing17__00001000__s0041.wav,0.5234302878379822,0.7498660683631897,0.6088845729827881,0.5721386075019836,0.2027669996023178,0.3237033784389496
prs_bridge_pick22__00001000__s0038.wav,0.27599281072616577,0.23332345485687256,0.2026742696762085,0.11333999037742615,0.9970015287399292,0.9793106913566589
les_neck_pick25__00001000__s0040.wav,0.20481613278388977,0.33869969844818115,0.7068259119987488,0.6322392225265503,0.9111827611923218,0.8486932516098022
les_bridge_pick06__00001000__s0012.wav,0.9970993399620056,0.6303626894950867,0.3792632818222046,0.3238280415534973,0.1979852169752121,0.22361156344413757
tele_neck_pick10__00001000__s0012.wav,0.8956562876701355,0.5105891823768616,0.3364946246147156,0.5101977586746216,0.6873060464859009,0.4493752419948578
prs_neck_fing24__00001000__s0041.wav,0.2848000228404999,0.2048436552286148,0.49287915229797363,0.631942868232727,0.44763854146003723,0.34464237093925476
tele_neck_fing13__00001000__s0018.wav,0.28002044558525085,0.26274532079696655,0.37663716077804565,0.7223532795906067,0.2821556627750397,0.11354634910821915
tele_bridge_fing03__00001000__s0004.wav,0.19695830345153809,0.3281930685043335,0.24135121703147888,0.2730605900287628,0.8085832595825195,0.801956832408905
prs_bridge_pick03__00001000__s0020.wav,0.29066088795661926,0.30382493138313293,0.7226170897483826,0.6636474132537842,0.9686396718025208,0.7888105511665344
prs_bridge_pick24__00001000__s0031.wav,0.41017428040504456,0.7412980794906616,0.38857802748680115,0.3345485329627991,0.05490870401263237,0.5922853946685791
tele_bridge_pick17__00001000__s0050.wav,0.2766261696815491,0.3285815119743347,0.710781991481781,0.7734163999557495,0.4570150673389435,0.3801977336406708
les_bridge_pick03__00001000__s0042.wav,0.5170628428459167,0.44688311219215393,0.25239816308021545,0.7870469093322754,0.21497954428195953,0.24941584467887878
strat_bridge_pick18__00001000__s0011.wav,0.2930399477481842,0.2933928072452545,0.2799164354801178,0.38147735595703125,0.6205105185508728,0.6003140807151794
prs_bridge_pick13__00001000__s0011.wav,0.8702354431152344,0.8528253436088562,0.33793291449546814,0.5111362934112549,0.44741132855415344,0.3532748222351074
les_neck_fing01__00001000__s0026.wav,0.9782696962356567,0.8913877010345459,0.5138272643089294,0.4732667803764343,0.4951997697353363,0.24695351719856262
tele_neck_pick23__00001000__s0011.wav,0.0041861687786877155,0.20125041902065277,0.8001792430877686,0.5519391894340515,0.9565613269805908,0.9291772842407227
prs_bridge_pick15__00001000__s0016.wav,0.6043687462806702,0.5414626598358154,0.19106552004814148,0.34807395935058594,0.06968038529157639,0.10143635421991348
tele_neck_pick19__00001000__s0008.wav,0.37641867995262146,0.4873170852661133,0.01715083234012127,0.2232433259487152,0.023555060848593712,0.1545080691576004
strat_bridge_pick14__00001000__s0024.wav,0.9871315956115723,0.8724578022956848,0.22945702075958252,0.7930352091789246,0.7106990814208984,0.6414655447006226
les_bridge_pick04__00001000__s0040.wav,0.40111255645751953,0.40867096185684204,0.9353423118591309,0.4279212951660156,0.7879279851913452,0.7578973174095154
tele_bridge_fing23__00001000__s0032.wav,0.2589777112007141,0.3536241352558136,0.15329615771770477,0.5360473394393921,0.25583070516586304,0.42173483967781067
tele_neck_fing23__00001000__s0009.wav,0.9176721572875977,0.788188099861145,0.3298305571079254,0.25974535942077637,0.29099681973457336,0.125610813498497
tele_bridge_pick09__00001000__s0003.wav,0.320442259311676,0.6256182789802551,0.1431124061346054,0.23829306662082672,0.21039046347141266,0.2372252643108368
prs_neck_fing09__00001000__s0038.wav,0.6943225860595703,0.31138452887535095,0.006568874232470989,0.07279840856790543,0.47127145528793335,0.49800845980644226
tele_bridge_fing04__00001000__s0019.wav,0.40990519523620605,0.4154540002346039,0.025751503184437752,0.19986318051815033,0.38981693983078003,0.15456673502922058
prs_bridge_pick01__00001000__s0015.wav,0.9485889673233032,0.639519989490509,0.21748217940330505,0.5224822759628296,0.4583529531955719,0.31669411063194275
prs_neck_fing05__00001000__s0018.wav,0.6841083765029907,0.7090669870376587,0.48946547508239746,0.8219087719917297,0.4237495958805084,0.5937368273735046
tele_neck_fing06__00001000__s0007.wav,0.47043943405151367,0.4917803406715393,0.641746997833252,0.5044521689414978,0.6233014464378357,0.6907238364219666
les_bridge_fing24__00001000__s0049.wav,0.5106639266014099,0.42445123195648193,0.2843542695045471,0.47940191626548767,0.24630512297153473,0.152268186211586
les_bridge_pick20__00001000__s0016.wav,0.7971238493919373,0.9221430420875549,0.8912893533706665,0.818169355392456,0.8183125853538513,0.8524061441421509
les_bridge_pick04__00001000__s0036.wav,0.45264947414398193,0.2963043451309204,0.7596085667610168,0.6235851049423218,0.565422773361206,0.7172378897666931
les_bridge_pick13__00001000__s0040.wav,0.862262487411499,0.8044303059577942,0.9161246418952942,0.7319267392158508,0.8746352791786194,0.7846360206604004
prs_neck_fing20__00001000__s0047.wav,0.8027114868164062,0.5573569536209106,0.32316160202026367,0.34648212790489197,0.41104987263679504,0.41195157170295715
les_neck_fing11__00001000__s0027.wav,0.5121285319328308,0.512210488319397,0.2097368985414505,0.7602622509002686,0.15973415970802307,0.146044060587883
les_neck_fing18__00001000__s0046.wav,0.3023301362991333,0.2258228212594986,0.6166055798530579,0.8067366480827332,0.3834492564201355,0.3477306663990021
prs_neck_pick05__00001000__s0006.wav,0.2269921898841858,0.5907868146896362,0.6011207699775696,0.5900409817695618,0.07256098836660385,0.1458815038204193
prs_bridge_pick23__00001000__s0024.wav,0.8273507952690125,0.7393159866333008,0.4941774010658264,0.7046902775764465,0.5556601881980896,0.4683513939380646
les_bridge_pick01__00001000__s0033.wav,0.06535795331001282,0.11349207907915115,0.85455721616745,0.36959555745124817,0.14972147345542908,0.38812386989593506
les_bridge_pick15__00001000__s0030.wav,0.8877758383750916,0.5802956223487854,0.6057028770446777,0.7530340552330017,0.649375319480896,0.12808212637901306
les_neck_pick21__00001000__s0051.wav,0.9193904995918274,0.9428710341453552,0.9705142974853516,0.574748158454895,0.5220788717269897,0.5933724045753479
prs_neck_pick13__00001000__s0034.wav,0.9927971363067627,0.9091077446937561,0.6168720722198486,0.488221138715744,0.7052118182182312,0.7060617208480835
prs_bridge_fing23__00001000__s0015.wav,0.6670690774917603,0.7249407172203064,0.10929656773805618,0.240254208445549,0.6294149160385132,0.3560221195220947
prs_bridge_fing08__00001000__s0037.wav,0.5363933444023132,0.6784272789955139,0.06797341257333755,0.288380891084671,0.9145483374595642,0.9193299412727356
tele_bridge_pick06__00001000__s0004.wav,0.19720850884914398,0.3918183445930481,0.9658504724502563,0.7933364510536194,0.07941224426031113,0.2197800725698471
prs_bridge_pick21__00001000__s0041.wav,0.1846153438091278,0.3107739984989166,0.6528862714767456,0.2586738169193268,0.9640119671821594,0.8571884632110596
les_neck_pick08__00001000__s0004.wav,0.8401554226875305,0.9411042332649231,0.823788583278656,0.8231866359710693,0.7081726789474487,0.5020956993103027
les_bridge_pick20__00001000__s0048.wav,0.6348824501037598,0.5776038765907288,0.9504886269569397,0.6511135101318359,0.32726073265075684,0.42845314741134644
strat_neck_pick05__00001000__s0030.wav,0.40147656202316284,0.7290957570075989,0.09123459458351135,0.2232874631881714,0.01481558196246624,0.15485581755638123
tele_bridge_fing17__00001000__s0055.wav,0.0744263306260109,0.4450385272502899,0.20469044148921967,0.4582977592945099,0.7999367117881775,0.3687386214733124
les_neck_fing05__00001000__s0038.wav,0.17335127294063568,0.19575954973697662,0.8532992601394653,0.7390070557594299,0.42848747968673706,0.49230411648750305
strat_bridge_pick21__00001000__s0018.wav,0.763915479183197,0.8115286827087402,0.34129226207733154,0.6936279535293579,0.5259996652603149,0.5696817636489868
tele_neck_fing20__00001000__s0032.wav,0.8310505747795105,0.957288384437561,0.30728062987327576,0.5717511177062988,0.5542446374893188,0.5998528599739075
les_neck_fing15__00001000__s0033.wav,0.057443149387836456,0.09209419786930084,0.7765148878097534,0.7901185154914856,0.43897515535354614,0.5688926577568054
strat_neck_fing06__00001000__s0035.wav,0.9150658845901489,0.8351181745529175,0.1538119912147522,0.3130328059196472,0.8646780252456665,0.8954923748970032
tele_bridge_pick24__00001000__s0025.wav,0.7067442536354065,0.7244114875793457,0.5621356964111328,0.5571153163909912,0.11375310271978378,0.03543015196919441
strat_bridge_fing14__00001000__s0015.wav,0.20452700555324554,0.4598101079463959,0.566543698310852,0.46994224190711975,0.2179080992937088,0.24304133653640747
prs_neck_pick09__00001000__s0041.wav,0.92325359582901,0.8787265419960022,0.37842798233032227,0.2157275527715683,0.5871384739875793,0.4205377697944641
tele_bridge_pick08__00001000__s0007.wav,0.4732067883014679,0.6591933369636536,0.5990960597991943,0.3270537257194519,0.02416466362774372,0.0659732073545456
les_neck_fing09__00001000__s0029.wav,0.6250892281532288,0.3811585009098053,0.6462220549583435,0.4769778847694397,0.2413792610168457,0.18628482520580292
les_neck_pick02__00001000__s0029.wav,0.9198607206344604,0.8454366326332092,0.19695857167243958,0.26336434483528137,0.6682741641998291,0.35606253147125244
prs_bridge_fing17__00001000__s0040.wav,0.15720751881599426,0.44696104526519775,0.5743785500526428,0.7342607975006104,0.2851015329360962,0.27943283319473267
les_neck_pick03__00001000__s0024.wav,0.7239562273025513,0.5575148463249207,0.06235068663954735,0.4640592634677887,0.11118397861719131,0.12480083853006363
strat_bridge_pick04__00001000__s0012.wav,0.5819171667098999,0.6193371415138245,0.859464704990387,0.46247854828834534,0.7560722827911377,0.7524514198303223
strat_neck_pick11__00001000__s0023.wav,0.06061569228768349,0.14899714291095734,0.21244663000106812,0.3709307014942169,0.4720948338508606,0.7122218012809753
prs_bridge_pick19__00001000__s0031.wav,0.09819579124450684,0.07125523686408997,0.2912943661212921,0.11405244469642639,0.5560533404350281,0.7495889067649841
tele_neck_fing11__00001000__s0049.wav,0.3597404658794403,0.4496026933193207,0.8749572038650513,0.3577326834201813,0.10850074887275696,0.20531731843948364
strat_bridge_fing11__00001000__s0047.wav,0.8162745237350464,0.8447737097740173,0.3515614867210388,0.6089439392089844,0.6831457018852234,0.7428374290466309
tele_bridge_fing18__00001000__s0045.wav,0.15974579751491547,0.0749804824590683,0.4566004276275635,0.6725499033927917,0.7274970412254333,0.6027730703353882
les_bridge_pick19__00001000__s0036.wav,0.21418185532093048,0.3405563533306122,0.005542959086596966,0.3722228407859802,0.2819267213344574,0.6508962512016296
prs_bridge_pick01__00001000__s0029.wav,0.4719429612159729,0.43850481510162354,0.15251001715660095,0.2993144989013672,0.6732836961746216,0.7414287328720093
les_bridge_fing21__00001000__s0027.wav,0.46234771609306335,0.4291091859340668,0.7484511733055115,0.5422351956367493,0.4610554575920105,0.5156340599060059
strat_bridge_fing06__00001000__s0042.wav,0.9157781600952148,0.8310701251029968,0.1989918202161789,0.6836230754852295,0.26519447565078735,0.24704736471176147
strat_bridge_fing13__00001000__s0030.wav,0.7097426056861877,0.7610163688659668,0.02297533117234707,0.5188473463058472,0.024463312700390816,0.08882830291986465
strat_bridge_fing16__00001000__s0018.wav,0.7485288381576538,0.9158467650413513,0.8385405540466309,0.6857050061225891,0.2964596152305603,0.31119778752326965
prs_neck_fing05__00001000__s0007.wav,0.5697089433670044,0.7599204182624817,0.7775041460990906,0.34841108322143555,0.08946934342384338,0.22469407320022583
tele_bridge_pick18__00001000__s0045.wav,0.33052945137023926,0.5503570437431335,0.6184298396110535,0.2543509006500244,0.7629475593566895,0.6323308348655701
les_neck_pick02__00001000__s0013.wav,0.7793787717819214,0.66628098487854,0.07260473072528839,0.6253557205200195,0.03308923542499542,0.07687901705503464
prs_neck_pick13__00001000__s0041.wav,0.5898323655128479,0.33484455943107605,0.6947720646858215,0.44434037804603577,0.1773749738931656,0.516657292842865
les_bridge_pick12__00001000__s0010.wav,0.61944580078125,0.6848449110984802,0.8389716744422913,0.4922927916049957,0.7206383347511292,0.8327112793922424
strat_bridge_pick16__00001000__s0002.wav,0.6019197702407837,0.40348950028419495,0.011001667007803917,0.46463942527770996,0.611867368221283,0.7140556573867798
prs_bridge_fing18__00001000__s0043.wav,0.9581621885299683,0.8381818532943726,0.5324200987815857,0.227115660905838,0.3077254593372345,0.3027735650539398
les_neck_pick07__00001000__s0020.wav,0.6538386344909668,0.6185611486434937,0.6495214104652405,0.5144437551498413,0.49461033940315247,0.5493515729904175
prs_neck_fing03__00001000__s0033.wav,0.672572135925293,0.7437777519226074,0.9002106785774231,0.7070986032485962,0.8280575275421143,0.8332825303077698
strat_bridge_pick01__00001000__s0030.wav,0.9382436275482178,0.4260816276073456,0.7778629660606384,0.6463657021522522,0.4395722448825836,0.7914553880691528
strat_bridge_fing18__00001000__s0015.wav,0.957615315914154,0.4251886010169983,0.3353654742240906,0.44158047437667847,0.06458504498004913,0.07300695031881332
prs_bridge_pick06__00001000__s0023.wav,0.17378056049346924,0.24308739602565765,0.23560230433940887,0.20675399899482727,0.36260470747947693,0.36055997014045715
les_bridge_fing05__00001000__s0015.wav,0.03627871349453926,0.043522559106349945,0.5415021777153015,0.30147939920425415,0.13856141269207,0.15188072621822357
strat_neck_fing19__00001000__s0045.wav,0.6563666462898254,0.4569495618343353,0.8219659328460693,0.41504713892936707,0.12174087017774582,0.05221530422568321
les_neck_pick25__00001000__s0003.wav,0.5205206274986267,0.6016263961791992,0.34067004919052124,0.2202027589082718,0.25548258423805237,0.32487285137176514
prs_bridge_pick14__00001000__s0024.wav,0.18452611565589905,0.3347337245941162,0.9880377650260925,0.8079650402069092,0.19726839661598206,0.49337270855903625
prs_bridge_fing06__00001000__s0043.wav,0.07230997085571289,0.15504619479179382,0.7746813297271729,0.2618250250816345,0.051315538585186005,0.26710328459739685
prs_neck_fing20__00001000__s0018.wav,0.5185195803642273,0.5561316013336182,0.5027430057525635,0.3179830312728882,0.6706482768058777,0.3717367947101593
tele_neck_pick15__00001000__s0005.wav,0.47627705335617065,0.4459393620491028,0.6054209470748901,0.21759554743766785,0.16408821940422058,0.42588120698928833
strat_neck_pick07__00001000__s0028.wav,0.798871636390686,0.8842723965644836,0.7254109978675842,0.4542276859283447,0.2683907151222229,0.25012415647506714
strat_bridge_pick09__00001000__s0038.wav,0.5732313990592957,0.6608508229255676,0.9391478896141052,0.5131860971450806,0.21198511123657227,0.3905718922615051
tele_neck_fing11__00001000__s0008.wav,0.3676906228065491,0.2565966546535492,0.36213618516921997,0.7178798913955688,0.353998601436615,0.4154086112976074
strat_bridge_fing14__00001000__s0038.wav,0.6505551934242249,0.7589384317398071,0.7540188431739807,0.43736690282821655,0.3751820921897888,0.2433801144361496
prs_bridge_pick14__00001000__s0001.wav,0.6024338603019714,0.5883000493049622,0.0487818717956543,0.4052739143371582,0.9886597394943237,0.9683697819709778
les_neck_fing06__00001000__s0020.wav,0.0015577719314023852,0.7573117017745972,0.31038808822631836,0.26025691628456116,0.14992931485176086,0.15710820257663727
les_bridge_fing13__00001000__s0043.wav,0.9846268892288208,0.9338898658752441,0.39164575934410095,0.6760765314102173,0.6515384316444397,0.7116571664810181
strat_neck_fing18__00001000__s0051.wav,0.6966439485549927,0.8478047847747803,0.37402626872062683,0.6083971858024597,0.012636079452931881,0.11791575700044632
tele_bridge_fing25__00001000__s0004.wav,0.7373049855232239,0.47909748554229736,0.5123416781425476,0.8399519324302673,0.6475563645362854,0.6083717346191406
tele_bridge_fing20__00001000__s0009.wav,0.6243615746498108,0.448861688375473,0.6609914898872375,0.4063533842563629,0.46576809883117676,0.6530176401138306
prs_bridge_pick13__00001000__s0053.wav,0.6742002964019775,0.5094515681266785,0.5606430172920227,0.5066590905189514,0.5359644293785095,0.400062620639801
tele_neck_pick11__00001000__s0026.wav,0.345943421125412,0.3574266731739044,0.6312932968139648,0.7596570253372192,0.9930960536003113,0.9623938798904419
les_neck_pick18__00001000__s0018.wav,0.22131915390491486,0.481289803981781,0.4843783974647522,0.33141040802001953,0.035378068685531616,0.11028037220239639
prs_neck_pick07__00001000__s0021.wav,0.2573482394218445,0.32275548577308655,0.329355388879776,0.49950289726257324,0.5984466671943665,0.5459662079811096
prs_bridge_pick20__00001000__s0030.wav,0.1859816014766693,0.13212881982326508,0.7028509974479675,0.7033712863922119,0.6801256537437439,0.7088547348976135
strat_neck_fing12__00001000__s0052.wav,0.9362902641296387,0.7809292078018188,0.8147986531257629,0.5274356007575989,0.9403303861618042,0.9480225443840027
les_bridge_fing25__00001000__s0006.wav,0.10545388609170914,0.3749585747718811,0.09083783626556396,0.46022406220436096,0.22983859479427338,0.46648669242858887
prs_bridge_fing11__00001000__s0050.wav,0.8420990705490112,0.5422375798225403,0.7173319458961487,0.5099869966506958,0.26976102590560913,0.27256080508232117
strat_neck_fing21__00001000__s0014.wav,0.5959790945053101,0.7481454014778137,0.8225253820419312,0.718251645565033,0.01619500294327736,0.06271174550056458
strat_neck_fing08__00001000__s0048.wav,0.5219683647155762,0.2997845709323883,0.21466748416423798,0.23422762751579285,0.12416422367095947,0.2648662030696869
prs_bridge_fing05__00001000__s0002.wav,0.5176493525505066,0.49876150488853455,0.8886028528213501,0.8878298401832581,0.5011979937553406,0.6066992878913879
prs_neck_pick10__00001000__s0026.wav,0.7420049905776978,0.710008442401886,0.5474323630332947,0.4333038330078125,0.05634636431932449,0.2833854556083679
prs_neck_fing04__00001000__s0022.wav,0.19450442492961884,0.1755378395318985,0.9964929819107056,0.8106908202171326,0.5513180494308472,0.3596682548522949
les_neck_pick16__00001000__s0054.wav,0.21084733307361603,0.2112637609243393,0.6943007707595825,0.8454136252403259,0.7925212383270264,0.6359128952026367
prs_neck_fing23__00001000__s0040.wav,0.9101115465164185,0.8157922625541687,0.643366277217865,0.41163331270217896,0.10624285787343979,0.15497274696826935
tele_neck_fing09__00001000__s0015.wav,0.4070969820022583,0.4669996500015259,0.2676597833633423,0.2361132800579071,0.32364657521247864,0.2833431363105774
strat_neck_fing21__00001000__s0021.wav,0.998748242855072,0.7970396280288696,0.6153443455696106,0.44271835684776306,0.7729595899581909,0.6165468692779541
prs_bridge_pick14__00001000__s0011.wav,0.5874490737915039,0.4829634130001068,0.20737050473690033,0.3721218407154083,0.4626280963420868,0.3395216166973114
strat_neck_pick16__00001000__s0025.wav,0.5312011241912842,0.5741355419158936,0.17433035373687744,0.30064061284065247,0.08055783063173294,0.09147816151380539
strat_neck_pick04__00001000__s0040.wav,0.46337196230888367,0.47001510858535767,0.6457862257957458,0.46610674262046814,0.7846769690513611,0.5797569751739502
prs_neck_fing18__00001000__s0023.wav,0.5202621221542358,0.47397419810295105,0.8524340391159058,0.7537693381309509,0.509232759475708,0.7694947719573975
strat_bridge_pick15__00001000__s0004.wav,0.7482093572616577,0.25002938508987427,0.27869805693626404,0.3512755036354065,0.029660044237971306,0.06631962209939957
les_neck_pick04__00001000__s0043.wav,0.6223642826080322,0.7294342517852783,0.5309271812438965,0.6503018140792847,0.49576887488365173,0.6103062629699707
tele_bridge_fing23__00001000__s0019.wav,0.9232835173606873,0.45641061663627625,0.2547121047973633,0.46887871623039246,0.045585013926029205,0.19784194231033325
tele_bridge_fing07__00001000__s0037.wav,0.6685168743133545,0.786790668964386,0.3849466145038605,0.7110605239868164,0.9792200922966003,0.9613825678825378
tele_bridge_fing14__00001000__s0052.wav,0.17439201474189758,0.29402339458465576,0.13365133106708527,0.2744830250740051,0.5382760167121887,0.49287936091423035
strat_bridge_fing01__00001000__s0003.wav,0.24490727484226227,0.19927088916301727,0.14156313240528107,0.5166077613830566,0.5080291628837585,0.1837126463651657
prs_neck_fing21__00001000__s0010.wav,0.4345018267631531,0.5794393420219421,0.6178517937660217,0.34504401683807373,0.5249100923538208,0.24316421151161194
les_bridge_fing25__00001000__s0018.wav,0.8371893763542175,0.5203794836997986,0.6924394369125366,0.507663369178772,0.2308894246816635,0.27837103605270386
prs_neck_pick07__00001000__s0002.wav,0.7705883979797363,0.7168697714805603,0.0992618054151535,0.19778065383434296,0.23146405816078186,0.24392563104629517
tele_bridge_fing25__00001000__s0003.wav,0.2579764127731323,0.49163034558296204,0.547954797744751,0.3511315882205963,0.152252659201622,0.2909110486507416
les_neck_pick17__00001000__s0000.wav,0.4731178879737854,0.3404913544654846,0.6045111417770386,0.2773076891899109,0.14716459810733795,0.3845481276512146
strat_neck_pick07__00001000__s0035.wav,0.13081032037734985,0.18153978884220123,0.5271413326263428,0.6009185910224915,0.4070834219455719,0.5938604474067688
strat_bridge_fing11__00001000__s0034.wav,0.985807478427887,0.6238712072372437,0.1551022231578827,0.7471188306808472,0.6070659160614014,0.7657579183578491
strat_neck_pick25__00001000__s0026.wav,0.2512783706188202,0.6916542053222656,0.8950389623641968,0.17929942905902863,0.04733370989561081,0.3814023435115814
strat_bridge_pick03__00001000__s0047.wav,0.6523749828338623,0.651712954044342,0.12899769842624664,0.4568046033382416,0.7251112461090088,0.6148483157157898
les_bridge_pick16__00001000__s0037.wav,0.5323473215103149,0.3983311057090759,0.0652366355061531,0.5600258708000183,0.05317078158259392,0.07053188234567642
strat_bridge_pick22__00001000__s0011.wav,0.2473970651626587,0.4020719528198242,0.6020801067352295,0.7153835892677307,0.591789722442627,0.45039892196655273
prs_bridge_pick11__00001000__s0003.wav,0.7573138475418091,0.5072333216667175,0.3354463577270508,0.6383020877838135,0.5301858186721802,0.2612929344177246
prs_bridge_fing23__00001000__s0000.wav,0.1947590559720993,0.17814132571220398,0.7127014994621277,0.7810297608375549,0.6112954616546631,0.6514206528663635
prs_bridge_fing15__00001000__s0039.wav,0.6156512498855591,0.7187047004699707,0.3763628304004669,0.2257138341665268,0.38064858317375183,0.541085958480835
les_bridge_pick06__00001000__s0050.wav,0.7562541961669922,0.5646998286247253,0.21584509313106537,0.8308143019676208,0.5457239747047424,0.2721092402935028
strat_neck_pick01__00001000__s0052.wav,0.038333676755428314,0.14640182256698608,0.6636250615119934,0.5617263317108154,0.38409966230392456,0.4982471168041229
tele_neck_pick10__00001000__s0039.wav,0.01839183270931244,0.07029931992292404,0.7889657020568848,0.8816219568252563,0.4814245104789734,0.6606772541999817
les_neck_fing14__00001000__s0048.wav,0.0016054699663072824,0.12075494229793549,0.8135358691215515,0.5182018876075745,0.9979402422904968,0.9473200440406799
prs_neck_fing06__00001000__s0016.wav,0.4173760712146759,0.43134385347366333,0.4550211429595947,0.5420832633972168,0.8293247222900391,0.8295007944107056
prs_neck_fing22__00001000__s0046.wav,0.1445130705833435,0.24940554797649384,0.4090992510318756,0.39099040627479553,0.39929208159446716,0.4081296920776367
prs_neck_pick22__00001000__s0050.wav,0.09813746809959412,0.17634674906730652,0.11691713333129883,0.09838563948869705,0.8532671332359314,0.7834728956222534
tele_bridge_pick10__00001000__s0009.wav,0.8765110969543457,0.8289914727210999,0.44969937205314636,0.5301790237426758,0.8486125469207764,0.8746599555015564
strat_neck_pick02__00001000__s0015.wav,0.5407405495643616,0.6133598685264587,0.8263007998466492,0.45407530665397644,0.13384179770946503,0.19405320286750793
prs_bridge_fing05__00001000__s0025.wav,0.3311033248901367,0.3796660602092743,0.15325984358787537,0.25378182530403137,0.2525387704372406,0.586819052696228
les_neck_pick07__00001000__s0036.wav,0.42266151309013367,0.4457772970199585,0.32453399896621704,0.1620859056711197,0.8289462327957153,0.8278875350952148
prs_neck_fing14__00001000__s0019.wav,0.22867071628570557,0.6094110012054443,0.05553220212459564,0.37376073002815247,0.7349123954772949,0.849526584148407
tele_neck_pick12__00001000__s0044.wav,0.8301105499267578,0.8620147705078125,0.02227712795138359,0.5754164457321167,0.8796846866607666,0.8117866516113281
tele_bridge_pick19__00001000__s0002.wav,0.02711905539035797,0.024695267900824547,0.37370896339416504,0.629072904586792,0.6329803466796875,0.34427309036254883
strat_bridge_pick12__00001000__s0038.wav,0.06919121742248535,0.10713966935873032,0.9834499955177307,0.8759379386901855,0.8558536171913147,0.9246383905410767
tele_bridge_pick23__00001000__s0040.wav,0.4484056532382965,0.4483861029148102,0.7557023167610168,0.528872549533844,0.7412106394767761,0.7033836245536804
prs_neck_fing17__00001000__s0029.wav,0.5365461111068726,0.6572422385215759,0.9630181193351746,0.8366789221763611,0.8656345009803772,0.9248586893081665
les_bridge_pick18__00001000__s0053.wav,0.8966320157051086,0.47345170378685,0.9197879433631897,0.5726383328437805,0.5648579001426697,0.4792707562446594
tele_neck_fing03__00001000__s0018.wav,0.023213351145386696,0.42849859595298767,0.07070336490869522,0.2696784734725952,0.2783489525318146,0.4048285186290741
prs_bridge_fing08__00001000__s0006.wav,0.7181459069252014,0.5563490986824036,0.48351702094078064,0.45739492774009705,0.6822908520698547,0.5273980498313904
les_neck_fing20__00001000__s0055.wav,0.8210719227790833,0.7264307737350464,0.6899716258049011,0.650835394859314,0.6341585516929626,0.48633867502212524
strat_bridge_pick09__00001000__s0018.wav,0.09288232028484344,0.31697940826416016,0.4868617057800293,0.7790886759757996,0.9825490713119507,0.7967485785484314
prs_neck_pick20__00001000__s0008.wav,0.0537249818444252,0.24233490228652954,0.9194637537002563,0.6402491927146912,0.09371877461671829,0.26018401980400085
les_bridge_pick09__00001000__s0025.wav,0.18873418867588043,0.23073607683181763,0.6426633596420288,0.6655704379081726,0.24521952867507935,0.20342017710208893
strat_bridge_fing02__00001000__s0039.wav,0.6662068367004395,0.6146054267883301,0.1563364863395691,0.7078715562820435,0.6543027758598328,0.4796595275402069
strat_bridge_fing10__00001000__s0039.wav,0.02443801239132881,0.04565910995006561,0.9674254655838013,0.9283968806266785,0.5372658371925354,0.7018740177154541
prs_neck_fing17__00001000__s0036.wav,0.9524778127670288,0.6991197466850281,0.002775588072836399,0.38506031036376953,0.3424350917339325,0.562512218952179
strat_bridge_fing25__00001000__s0009.wav,0.9577673077583313,0.8535767197608948,0.10700614750385284,0.1800948530435562,0.7194003462791443,0.6038081049919128
strat_bridge_fing19__00001000__s0027.wav,0.06736519187688828,0.29847362637519836,0.25779446959495544,0.39706265926361084,0.8039903044700623,0.7275855541229248
tele_neck_fing04__00001000__s0042.wav,0.11828995496034622,0.2038988471031189,0.8333432078361511,0.6324504613876343,0.8247670531272888,0.7364442348480225
les_bridge_pick03__00001000__s0018.wav,0.6814767718315125,0.6913787126541138,0.45462146401405334,0.4853900372982025,0.20372655987739563,0.17453838884830475
strat_neck_pick19__00001000__s0008.wav,0.25985801219940186,0.25085192918777466,0.8206140398979187,0.5843880772590637,0.3274277150630951,0.48506659269332886
strat_neck_fing20__00001000__s0035.wav,0.3202331066131592,0.1481676548719406,0.034665174782276154,0.1602732241153717,0.2217782586812973,0.09970437735319138
prs_bridge_pick24__00001000__s0012.wav,0.1565171480178833,0.18792812526226044,0.1606065034866333,0.15282975137233734,0.2706548273563385,0.30095893144607544
prs_neck_fing22__00001000__s0040.wav,0.3015111982822418,0.7509638071060181,0.7261369824409485,0.3881240487098694,0.10110817104578018,0.4259556829929352
tele_bridge_pick23__00001000__s0054.wav,0.09611165523529053,0.2604665756225586,0.29087045788764954,0.3857729434967041,0.6670632362365723,0.49448302388191223
tele_neck_pick21__00001000__s0050.wav,0.31756553053855896,0.32337427139282227,0.7206083536148071,0.6941763162612915,0.3083356022834778,0.42001479864120483
tele_bridge_pick06__00001000__s0022.wav,0.005746956914663315,0.06400862336158752,0.1358107328414917,0.5442594885826111,0.42492157220840454,0.29349398612976074
tele_bridge_pick24__00001000__s0030.wav,0.05612621083855629,0.23267918825149536,0.30126768350601196,0.5506824851036072,0.8832374215126038,0.7137452363967896
prs_bridge_fing23__00001000__s0042.wav,0.5023772716522217,0.5519602298736572,0.9642948508262634,0.6572730541229248,0.6562461256980896,0.621968686580658
les_bridge_fing06__00001000__s0020.wav,0.9338485598564148,0.9515596032142639,0.0030178960878401995,0.14635556936264038,0.8856993913650513,0.7532404661178589
prs_neck_pick17__00001000__s0047.wav,0.9118703007698059,0.757967472076416,0.056271377950906754,0.21693746745586395,0.3648221790790558,0.2446439415216446
les_neck_fing09__00001000__s0020.wav,0.24907167255878448,0.32479628920555115,0.19720903038978577,0.14941702783107758,0.9849732518196106,0.6230671405792236
tele_bridge_pick13__00001000__s0037.wav,0.4331870377063751,0.605295717716217,0.7128050923347473,0.6129055023193359,0.17921991646289825,0.7412275075912476
les_neck_fing03__00001000__s0003.wav,0.6782682538032532,0.4791153371334076,0.19891631603240967,0.30460453033447266,0.1618029922246933,0.3044779598712921
strat_bridge_pick17__00001000__s0016.wav,0.4528084099292755,0.5752339363098145,0.7630671262741089,0.523546040058136,0.8296489119529724,0.7009021043777466
tele_neck_pick05__00001000__s0007.wav,0.35476037859916687,0.2851419746875763,0.1915978193283081,0.5354126691818237,0.8563743829727173,0.747301459312439
tele_bridge_pick16__00001000__s0017.wav,0.9510975480079651,0.4208104610443115,0.37254226207733154,0.7239382266998291,0.6642270684242249,0.5601972341537476
strat_bridge_pick13__00001000__s0054.wav,0.065821573138237,0.07227572053670883,0.45427653193473816,0.7043164372444153,0.8021895289421082,0.8468970060348511
prs_neck_fing01__00001000__s0023.wav,0.058828555047512054,0.4537442624568939,0.33366575837135315,0.38172534108161926,0.1931835114955902,0.13367095589637756
tele_neck_fing04__00001000__s0005.wav,0.9393292665481567,0.545566201210022,0.3644031286239624,0.5512211322784424,0.23762628436088562,0.21865707635879517
prs_bridge_fing14__00001000__s0007.wav,0.9880080223083496,0.8446782827377319,0.922148585319519,0.558172345161438,0.33363527059555054,0.3942134976387024
les_bridge_pick06__00001000__s0032.wav,0.23011352121829987,0.3145246207714081,0.0469917431473732,0.3152131140232086,0.33233413100242615,0.2506778836250305
strat_bridge_pick04__00001000__s0021.wav,0.16727910935878754,0.1992081254720688,0.6890440583229065,0.8033171892166138,0.8900120854377747,0.8433990478515625
strat_bridge_pick07__00001000__s0024.wav,0.2263132482767105,0.19424587488174438,0.17633944749832153,0.48253151774406433,0.7019097805023193,0.5677573084831238
prs_neck_fing09__00001000__s0043.wav,0.2772569954395294,0.32728487253189087,0.14369067549705505,0.2264365255832672,0.6164215207099915,0.6433321833610535
prs_neck_fing09__00001000__s0030.wav,0.05091866850852966,0.07742620259523392,0.5135080814361572,0.36241790652275085,0.3729751408100128,0.7108345031738281
les_neck_pick10__00001000__s0038.wav,0.28462791442871094,0.3161088228225708,0.5661226511001587,0.6783291101455688,0.6666765213012695,0.454862117767334
prs_neck_pick23__00001000__s0044.wav,0.7079492807388306,0.8128318786621094,0.4377775490283966,0.49768853187561035,0.8644143342971802,0.7968162894248962
les_neck_pick18__00001000__s0008.wav,0.6079573035240173,0.4235062599182129,0.11040002107620239,0.3438534140586853,0.8546541333198547,0.6910766363143921
prs_bridge_pick08__00001000__s0050.wav,0.025847434997558594,0.015064935199916363,0.5597586631774902,0.3940650522708893,0.9194314479827881,0.87784343957901
tele_neck_pick13__00001000__s0024.wav,0.8973891139030457,0.8628055453300476,0.48393312096595764,0.7057744264602661,0.949232816696167,0.8856525421142578
tele_bridge_pick06__00001000__s0010.wav,0.7054831981658936,0.7404659986495972,0.7662050724029541,0.4054209291934967,0.3607786297798157,0.4852878451347351
strat_neck_fing23__00001000__s0025.wav,0.14187437295913696,0.16453251242637634,0.5679300427436829,0.6621460914611816,0.644524097442627,0.37657442688941956
strat_bridge_pick14__00001000__s0027.wav,0.7474015355110168,0.7900616526603699,0.9231513738632202,0.7697989344596863,0.49734580516815186,0.5605928301811218
prs_neck_pick08__00001000__s0013.wav,0.7690722942352295,0.835211455821991,0.39930641651153564,0.4350682199001312,0.5468624234199524,0.4769861400127411
prs_neck_pick05__00001000__s0050.wav,0.20081278681755066,0.14984683692455292,0.5902875661849976,0.8155975937843323,0.9825218915939331,0.9050363302230835
les_neck_fing15__00001000__s0025.wav,0.7634484171867371,0.8841888904571533,0.6970633864402771,0.2029983550310135,0.9419869780540466,0.9200377464294434
prs_bridge_pick24__00001000__s0053.wav,0.3532368540763855,0.4392485022544861,0.4750334322452545,0.5308570265769958,0.4352039694786072,0.3744765818119049
strat_neck_pick01__00001000__s0025.wav,0.3837900459766388,0.26410236954689026,0.6510627865791321,0.4863290786743164,0.8844912052154541,0.8195968270301819
les_neck_pick14__00001000__s0008.wav,0.9070349335670471,0.8126561641693115,0.955967128276825,0.2649659216403961,0.00845686811953783,0.18939796090126038
les_bridge_pick11__00001000__s0048.wav,0.6198427081108093,0.6860465407371521,0.4104742407798767,0.34960031509399414,0.22117452323436737,0.24129846692085266
strat_neck_fing03__00001000__s0016.wav,0.775641918182373,0.7043666243553162,0.09875985980033875,0.26238349080085754,0.029856691136956215,0.05653676018118858
strat_bridge_fing17__00001000__s0040.wav,0.3373212218284607,0.48261091113090515,0.8922430276870728,0.620593249797821,0.16073745489120483,0.4418218433856964
les_neck_fing17__00001000__s0010.wav,0.7207527756690979,0.7963641285896301,0.26185372471809387,0.6127932071685791,0.7683372497558594,0.6429985165596008
strat_neck_pick18__00001000__s0004.wav,0.6180111169815063,0.7165224552154541,0.9690988659858704,0.6846790909767151,0.918548583984375,0.870270311832428
prs_neck_pick09__00001000__s0031.wav,0.9323578476905823,0.8927640914916992,0.20445939898490906,0.6864121556282043,0.26961156725883484,0.3600522577762604
tele_bridge_fing05__00001000__s0033.wav,0.9551712274551392,0.6084893345832825,0.08971049636602402,0.5457677245140076,0.6510513424873352,0.35385119915008545
tele_neck_pick05__00001000__s0049.wav,0.5492194890975952,0.4626275599002838,0.5397514700889587,0.7796254754066467,0.5064817070960999,0.4477386176586151
strat_bridge_fing12__00001000__s0024.wav,0.6632050275802612,0.6911958456039429,0.558077871799469,0.6202906966209412,0.9539462924003601,0.921301007270813
prs_bridge_fing20__00001000__s0039.wav,0.4656483232975006,0.35470128059387207,0.3133681118488312,0.43420982360839844,0.5137947797775269,0.31326720118522644
prs_bridge_fing18__00001000__s0051.wav,0.5953035354614258,0.4163176715373993,0.9587481021881104,0.20870590209960938,0.022714702412486076,0.1339258998632431
strat_bridge_fing25__00001000__s0043.wav,0.1893603652715683,0.38498935103416443,0.005336484406143427,0.13690809905529022,0.41985809803009033,0.314147025346756
les_neck_pick17__00001000__s0019.wav,0.45087528228759766,0.46734464168548584,0.1475490778684616,0.7552821636199951,0.14761540293693542,0.08029995858669281
tele_neck_fing10__00001000__s0053.wav,0.46687445044517517,0.48790237307548523,0.6014746427536011,0.6777619123458862,0.9116511940956116,0.7697616219520569
strat_neck_pick07__00001000__s0006.wav,0.45518893003463745,0.47924473881721497,0.27695682644844055,0.6419965624809265,0.5983431339263916,0.5763803124427795
prs_bridge_fing09__00001000__s0050.wav,0.2153058499097824,0.27064138650894165,0.19392485916614532,0.3005800247192383,0.9775152802467346,0.8945738673210144
tele_neck_pick13__00001000__s0053.wav,0.4302080273628235,0.34769144654273987,0.9058859944343567,0.7350706458091736,0.385551780462265,0.4021447002887726
strat_neck_fing12__00001000__s0041.wav,0.24130915105342865,0.38570061326026917,0.11970920860767365,0.5917558670043945,0.006745422258973122,0.09244775772094727
prs_bridge_pick10__00001000__s0006.wav,0.12316232919692993,0.16041156649589539,0.200839102268219,0.32637226581573486,0.22216130793094635,0.3913254141807556
les_neck_fing12__00001000__s0052.wav,0.9361292719841003,0.8278334140777588,0.8151543140411377,0.8434418439865112,0.9072789549827576,0.6518009305000305
tele_neck_fing12__00001000__s0017.wav,0.4072660803794861,0.24087904393672943,0.5300515294075012,0.5399315357208252,0.6361069083213806,0.5337506532669067
les_neck_pick17__00001000__s0003.wav,0.25189125537872314,0.3271457254886627,0.08901237696409225,0.5075669884681702,0.3966653347015381,0.6543284058570862
prs_neck_pick01__00001000__s0018.wav,0.527129054069519,0.6100938320159912,0.5651378631591797,0.46744295954704285,0.9513275027275085,0.7743394374847412
prs_neck_pick14__00001000__s0017.wav,0.0056296903640031815,0.029193012043833733,0.7879576086997986,0.6102185249328613,0.6730871200561523,0.7467580437660217
les_neck_fing12__00001000__s0025.wav,0.9796371459960938,0.8809496760368347,0.27305546402931213,0.11405211687088013,0.3453129827976227,0.1583663821220398
les_neck_pick19__00001000__s0003.wav,0.6975563168525696,0.7767693400382996,0.7251534461975098,0.5927810668945312,0.8938961625099182,0.8993496298789978
prs_bridge_fing07__00001000__s0034.wav,0.46485719084739685,0.7032678127288818,0.9701029658317566,0.31256914138793945,0.9083252549171448,0.7934556007385254
strat_bridge_fing17__00001000__s0041.wav,0.013602543622255325,0.0769926905632019,0.7290814518928528,0.6389949321746826,0.5446717739105225,0.5341512560844421
prs_neck_pick05__00001000__s0020.wav,0.18420015275478363,0.3495868146419525,0.21239390969276428,0.6494148969650269,0.6640625596046448,0.4557478427886963
tele_neck_fing05__00001000__s0041.wav,0.6403362154960632,0.7833401560783386,0.7202105522155762,0.5970814824104309,0.04308714717626572,0.2378913313150406
prs_neck_pick15__00001000__s0030.wav,0.7825442552566528,0.7682143449783325,0.6121002435684204,0.5392952561378479,0.029810497537255287,0.06369130313396454
prs_bridge_pick21__00001000__s0024.wav,0.615763783454895,0.618149995803833,0.5109857320785522,0.6297034025192261,0.08814485371112823,0.2260187268257141
prs_bridge_fing16__00001000__s0040.wav,0.78748619556427,0.3861405849456787,0.02015627920627594,0.40619635581970215,0.03422095254063606,0.1888994574546814
prs_neck_fing22__00001000__s0050.wav,0.8424480557441711,0.8102129697799683,0.5688793063163757,0.6523387432098389,0.664179801940918,0.6399420499801636
les_neck_pick02__00001000__s0009.wav,0.19533666968345642,0.1752537190914154,0.8483233451843262,0.6054612398147583,0.6543112993240356,0.6223862767219543
les_neck_pick05__00001000__s0022.wav,0.6102176308631897,0.5960711240768433,0.8745163083076477,0.612385094165802,0.9898560047149658,0.940928041934967
strat_neck_pick09__00001000__s0017.wav,0.05684174597263336,0.07208611071109772,0.47396931052207947,0.6390867829322815,0.6300861239433289,0.35817891359329224
strat_neck_pick02__00001000__s0022.wav,0.06033860519528389,0.11490604281425476,0.7828647494316101,0.9043198227882385,0.7804569005966187,0.5895379781723022
tele_neck_pick21__00001000__s0021.wav,0.09135327488183975,0.2297445833683014,0.9584428668022156,0.8022921085357666,0.680230975151062,0.690496563911438
prs_neck_pick20__00001000__s0000.wav,0.6351732015609741,0.6051979064941406,0.5307084918022156,0.2695848047733307,0.020369285717606544,0.13360391557216644
strat_neck_pick19__00001000__s0035.wav,0.44707176089286804,0.5526222586631775,0.40464290976524353,0.3792884647846222,0.7118468284606934,0.6027306318283081
tele_neck_pick12__00001000__s0035.wav,0.7919660806655884,0.710542619228363,0.09853432327508926,0.2686442732810974,0.6273119449615479,0.6990588307380676
strat_neck_fing21__00001000__s0019.wav,0.3720371127128601,0.7468697428703308,0.07387011498212814,0.46490466594696045,0.815649688243866,0.6109645366668701
tele_bridge_fing01__00001000__s0055.wav,0.8924044370651245,0.8058914542198181,0.19071263074874878,0.3223126530647278,0.7840765714645386,0.8794065713882446
prs_neck_pick25__00001000__s0051.wav,0.0006799960974603891,0.17251043021678925,0.5531559586524963,0.49295154213905334,0.8817426562309265,0.5197194218635559
tele_neck_fing14__00001000__s0011.wav,0.6513723731040955,0.6857252717018127,0.7797163128852844,0.461773544549942,0.621431291103363,0.6535601615905762
tele_bridge_pick06__00001000__s0000.wav,0.3918285071849823,0.31981638073921204,0.31656450033187866,0.4051484763622284,0.9543699622154236,0.9188095331192017
les_neck_pick09__00001000__s0048.wav,0.6622412800788879,0.6579700708389282,0.16433238983154297,0.26563817262649536,0.2552272081375122,0.2880363166332245
les_bridge_fing18__00001000__s0025.wav,0.917521595954895,0.8684861660003662,0.29305535554885864,0.4901501536369324,0.6169575452804565,0.4819685220718384
tele_bridge_fing06__00001000__s0013.wav,0.27034991979599,0.2931040823459625,0.8571271300315857,0.5706146955490112,0.23301167786121368,0.3806891143321991
strat_neck_fing05__00001000__s0000.wav,0.3816043436527252,0.39858800172805786,0.9526141285896301,0.6021924018859863,0.31425896286964417,0.4925362765789032
strat_neck_fing16__00001000__s0003.wav,0.8449841737747192,0.8384648561477661,0.6942676901817322,0.47277775406837463,0.7408180832862854,0.7289837002754211
les_bridge_fing19__00001000__s0053.wav,0.789252758026123,0.820523738861084,0.2709469199180603,0.5705028176307678,0.5194717645645142,0.3169105052947998
prs_bridge_pick19__00001000__s0020.wav,0.06336448341608047,0.3867560029029846,0.020111219957470894,0.5244855284690857,0.7950217127799988,0.13234242796897888
strat_bridge_fing15__00001000__s0050.wav,0.9115307331085205,0.6998626589775085,0.1929636299610138,0.31812188029289246,0.03426375612616539,0.2377071976661682
tele_neck_fing20__00001000__s0046.wav,0.8590870499610901,0.6063871383666992,0.7867791056632996,0.6384665369987488,0.4073711931705475,0.5276011824607849
tele_neck_fing03__00001000__s0023.wav,0.9341810345649719,0.5504306554794312,0.4396953880786896,0.6356579661369324,0.23401381075382233,0.42817944288253784
tele_bridge_fing19__00001000__s0041.wav,0.8040499091148376,0.7703709602355957,0.8379959464073181,0.4937572479248047,0.07301179319620132,0.26411813497543335
les_neck_fing02__00001000__s0049.wav,0.4688332974910736,0.5617395639419556,0.26793372631073,0.19195181131362915,0.6263346076011658,0.6066976189613342
tele_neck_fing04__00001000__s0037.wav,0.8648935556411743,0.8473013639450073,0.5683158040046692,0.5295016765594482,0.7853655815124512,0.7116919755935669
les_bridge_pick18__00001000__s0023.wav,0.32338955998420715,0.49616312980651855,0.5516942143440247,0.1695813685655594,0.3995216190814972,0.533738374710083
tele_neck_fing17__00001000__s0054.wav,0.6488770246505737,0.7177700400352478,0.5435684323310852,0.3534570634365082,0.5878209471702576,0.6741246581077576
tele_bridge_fing12__00001000__s0023.wav,0.6413360834121704,0.6234954595565796,0.732937216758728,0.8407722115516663,0.7513445615768433,0.6446916460990906
strat_bridge_pick05__00001000__s0003.wav,0.9066203832626343,0.43706703186035156,0.06423144042491913,0.21381746232509613,0.011925430968403816,0.047253191471099854
prs_neck_pick22__00001000__s0018.wav,0.7021992802619934,0.5452675819396973,0.03153635561466217,0.3774815797805786,0.5931736826896667,0.26862967014312744
les_neck_fing22__00001000__s0003.wav,0.9236317276954651,0.8356729745864868,0.3626540005207062,0.4087248742580414,0.47312065958976746,0.4775526821613312
tele_neck_fing20__00001000__s0024.wav,0.12510962784290314,0.34882932901382446,0.07181628793478012,0.3080260753631592,0.22406844794750214,0.1489393413066864
prs_bridge_fing10__00001000__s0029.wav,0.6009892821311951,0.7373941540718079,0.07216598093509674,0.35212814807891846,0.9964223504066467,0.955812931060791
prs_neck_fing21__00001000__s0045.wav,0.7460907697677612,0.7866883277893066,0.9008095860481262,0.2837204039096832,0.33704718947410583,0.6369266510009766
tele_neck_fing22__00001000__s0047.wav,0.9659398198127747,0.9333989024162292,0.022945361211895943,0.4937194883823395,0.5321086645126343,0.4856534004211426
les_bridge_fing02__00001000__s0032.wav,0.3294563293457031,0.3104771673679352,0.31959056854248047,0.684276819229126,0.06886288523674011,0.12247113883495331
strat_bridge_pick18__00001000__s0001.wav,0.14965198934078217,0.16175739467144012,0.38394564390182495,0.7878616452217102,0.26640719175338745,0.0739661157131195
prs_neck_fing07__00001000__s0003.wav,0.09081730246543884,0.043255582451820374,0.4638863801956177,0.6465452909469604,0.191823348402977,0.4569332003593445
prs_neck_pick01__00001000__s0054.wav,0.544668436050415,0.23682869970798492,0.24346955120563507,0.3087572455406189,0.23390892148017883,0.39963823556900024
tele_neck_pick21__00001000__s0032.wav,0.5185436010360718,0.6467048525810242,0.2883787155151367,0.6524147987365723,0.6127802133560181,0.34644076228141785
prs_bridge_fing15__00001000__s0015.wav,0.4570179283618927,0.27991393208503723,0.9036095142364502,0.7795251607894897,0.8067018985748291,0.6178692579269409
tele_neck_pick25__00001000__s0051.wav,0.8227406144142151,0.8842622637748718,0.8060994148254395,0.817789614200592,0.6469708681106567,0.7392431497573853
strat_bridge_fing03__00001000__s0034.wav,0.6315881013870239,0.7267084717750549,0.8400779962539673,0.815377950668335,0.7511588335037231,0.7711780667304993
prs_bridge_pick12__00001000__s0051.wav,0.554709792137146,0.5066417455673218,0.2682442367076874,0.570965051651001,0.5336101055145264,0.5921826958656311
tele_bridge_fing14__00001000__s0037.wav,0.45535674691200256,0.48887157440185547,0.6976815462112427,0.3034155070781708,0.0755811557173729,0.22375650703907013
strat_neck_fing08__00001000__s0026.wav,0.989093542098999,0.9387069344520569,0.15373629331588745,0.8509281277656555,0.8495365977287292,0.7151806354522705
strat_bridge_fing11__00001000__s0031.wav,0.9762693047523499,0.9408568143844604,0.569189190864563,0.7822839021682739,0.9240753650665283,0.8412246704101562
prs_neck_fing20__00001000__s0013.wav,0.5907109379768372,0.5279525518417358,0.2551560401916504,0.32577937841415405,0.6763378977775574,0.5900033712387085
tele_bridge_pick01__00001000__s0004.wav,0.9882845878601074,0.6462939381599426,0.6045105457305908,0.6183724999427795,0.5639949440956116,0.5107284188270569
tele_neck_pick17__00001000__s0047.wav,0.33720725774765015,0.3790445029735565,0.5434874892234802,0.23141179978847504,0.9495129585266113,0.8722250461578369
strat_bridge_pick07__00001000__s0020.wav,0.29319241642951965,0.2783372104167938,0.33368316292762756,0.49258658289909363,0.049377258867025375,0.08173627406358719
tele_neck_pick21__00001000__s0004.wav,0.18521170318126678,0.16905930638313293,0.3727280795574188,0.26195263862609863,0.7400757074356079,0.7371975183486938
prs_bridge_fing18__00001000__s0055.wav,0.7620306611061096,0.8797119855880737,0.23687076568603516,0.5796626806259155,0.3410341739654541,0.40844088792800903
tele_bridge_pick08__00001000__s0045.wav,0.17904236912727356,0.31156930327415466,0.7107165455818176,0.6682523488998413,0.8946236371994019,0.7354387044906616
strat_neck_pick21__00001000__s0049.wav,0.981377899646759,0.7709208130836487,0.8503881692886353,0.5295097827911377,0.5865331888198853,0.5568742156028748
tele_neck_pick21__00001000__s0052.wav,0.9075552821159363,0.9226379990577698,0.5216202139854431,0.2203650325536728,0.8906606435775757,0.759797215461731
les_bridge_fing22__00001000__s0029.wav,0.8042954206466675,0.8299302458763123,0.467815637588501,0.3954916000366211,0.11844707280397415,0.06946936249732971
strat_neck_fing07__00001000__s0026.wav,0.5191443562507629,0.5447798371315002,0.8085058927536011,0.5408958196640015,0.42427241802215576,0.5309820175170898
prs_neck_fing24__00001000__s0010.wav,0.6074467301368713,0.7019210457801819,0.43561679124832153,0.3436899483203888,0.6275057792663574,0.6960607767105103
tele_neck_pick06__00001000__s0053.wav,0.22475308179855347,0.18806281685829163,0.6282156705856323,0.6157714128494263,0.10078222304582596,0.2380710393190384
prs_bridge_fing17__00001000__s0051.wav,0.2321985363960266,0.3212905526161194,0.8338389992713928,0.7437341213226318,0.5123283267021179,0.6041879057884216
strat_bridge_pick05__00001000__s0044.wav,0.18027463555335999,0.27700600028038025,0.8944531679153442,0.7855260372161865,0.25840795040130615,0.42164647579193115
prs_bridge_fing23__00001000__s0039.wav,0.9131037592887878,0.6150426268577576,0.09745758771896362,0.7524679899215698,0.53438800573349,0.6061983704566956
strat_bridge_pick07__00001000__s0042.wav,0.9036899209022522,0.5782338380813599,0.43360811471939087,0.4933025538921356,0.43649107217788696,0.33402591943740845
strat_bridge_pick04__00001000__s0053.wav,0.03083919920027256,0.04314061999320984,0.07875145971775055,0.3766701817512512,0.7168393731117249,0.7382593750953674
strat_bridge_pick22__00001000__s0024.wav,0.23629727959632874,0.28406190872192383,0.10290808230638504,0.3237474858760834,0.5394719243049622,0.43113183975219727
les_bridge_fing25__00001000__s0022.wav,0.9241368174552917,0.7203776836395264,0.6072198152542114,0.7191753387451172,0.4808003604412079,0.37764787673950195
prs_bridge_pick09__00001000__s0051.wav,0.04494244605302811,0.06436987221240997,0.9607980847358704,0.852749764919281,0.6703506112098694,0.6431812644004822
prs_bridge_fing14__00001000__s0018.wav,0.2594130039215088,0.2645062804222107,0.27666592597961426,0.8095067143440247,0.42172330617904663,0.5738136172294617
tele_neck_fing16__00001000__s0024.wav,0.6468358635902405,0.6667179465293884,0.9287970066070557,0.491584450006485,0.7116383910179138,0.7383521795272827
les_bridge_pick17__00001000__s0009.wav,0.6872568726539612,0.6614570617675781,0.2554004490375519,0.6600674390792847,0.8532998561859131,0.7163745760917664
prs_neck_pick25__00001000__s0048.wav,0.13527090847492218,0.2848038971424103,0.6383745074272156,0.6172025203704834,0.6599463224411011,0.3551362454891205
tele_bridge_pick08__00001000__s0024.wav,0.6177041530609131,0.6680962443351746,0.08872568607330322,0.40776950120925903,0.635418176651001,0.6462370157241821
strat_bridge_pick04__00001000__s0045.wav,0.5565820336341858,0.6396269202232361,0.924222469329834,0.3267863988876343,0.5278944373130798,0.604179859161377
prs_neck_fing18__00001000__s0024.wav,0.20749880373477936,0.27550292015075684,0.6988362073898315,0.6055458188056946,0.6574236154556274,0.5576943159103394
tele_neck_pick21__00001000__s0044.wav,0.14488695561885834,0.6765419244766235,0.1866762936115265,0.16934262216091156,0.10041985660791397,0.13598769903182983
prs_neck_pick16__00001000__s0001.wav,0.8997028470039368,0.8240545392036438,0.6473617553710938,0.6749237775802612,0.7646709680557251,0.7097116112709045
prs_bridge_pick20__00001000__s0002.wav,0.043957073241472244,0.020615875720977783,0.8728065490722656,0.8853278160095215,0.9462180733680725,0.9101220965385437
les_bridge_fing07__00001000__s0031.wav,0.5357517004013062,0.520182192325592,0.31004685163497925,0.08579625934362411,0.3779042065143585,0.2709951102733612
prs_bridge_fing11__00001000__s0002.wav,0.3574807643890381,0.4765835404396057,0.316369891166687,0.3819441795349121,0.07966849207878113,0.14280320703983307
tele_neck_fing04__00001000__s0051.wav,0.009925874881446362,0.6133468747138977,0.4681125581264496,0.6917624473571777,0.1571776121854782,0.2467266023159027
les_bridge_pick02__00001000__s0032.wav,0.9118558168411255,0.7959108948707581,0.19981729984283447,0.46398958563804626,0.8084191083908081,0.7953655123710632
les_neck_pick12__00001000__s0027.wav,0.5391292572021484,0.5122895240783691,0.42952197790145874,0.7584744691848755,0.7795681953430176,0.7479029297828674
les_bridge_pick21__00001000__s0039.wav,0.9981606602668762,0.9383236765861511,0.6841261982917786,0.5117854475975037,0.4749336540699005,0.19746673107147217
prs_bridge_fing01__00001000__s0053.wav,0.041422419250011444,0.10121986269950867,0.7819838523864746,0.6927211284637451,0.3220507800579071,0.48034316301345825
tele_neck_fing12__00001000__s0037.wav,0.03122120536863804,0.1835312694311142,0.3092624843120575,0.455643892288208,0.6072535514831543,0.3014346659183502
tele_neck_pick05__00001000__s0034.wav,0.2858952283859253,0.3018915355205536,0.44883066415786743,0.5597530007362366,0.8742938041687012,0.7906464338302612
les_neck_fing13__00001000__s0026.wav,0.7970782518386841,0.6235294938087463,0.3734363913536072,0.2045459896326065,0.18538977205753326,0.2564960718154907
prs_bridge_pick24__00001000__s0030.wav,0.22208835184574127,0.10886447131633759,0.5594573616981506,0.7003937363624573,0.11650709062814713,0.07421503961086273
les_neck_pick09__00001000__s0037.wav,0.12872956693172455,0.3252212405204773,0.09472548961639404,0.5050304532051086,0.1185842901468277,0.26746097207069397
tele_bridge_fing02__00001000__s0021.wav,0.7295779585838318,0.6125760078430176,0.3163963556289673,0.31767910718917847,0.6659103631973267,0.475176602602005
prs_bridge_pick13__00001000__s0000.wav,0.4313678741455078,0.28284090757369995,0.46894046664237976,0.6935195326805115,0.27285757660865784,0.32775840163230896
strat_neck_pick20__00001000__s0040.wav,0.1457453817129135,0.23314009606838226,0.17765595018863678,0.24581488966941833,0.5891169905662537,0.3507571220397949
strat_neck_fing12__00001000__s0007.wav,0.9888885021209717,0.7544440031051636,0.0703376978635788,0.4228604733943939,0.5717954635620117,0.2959165871143341
tele_neck_pick06__00001000__s0020.wav,0.12424007058143616,0.24826617538928986,0.6102728843688965,0.42418891191482544,0.2996616065502167,0.37176406383514404
strat_bridge_fing16__00001000__s0023.wav,0.9233031272888184,0.7736641764640808,0.6860063672065735,0.5745159983634949,0.1413695067167282,0.2557433843612671
les_neck_fing05__00001000__s0007.wav,0.8434180021286011,0.753560483455658,0.8615739941596985,0.5898934602737427,0.6974396109580994,0.5723088383674622
prs_neck_pick04__00001000__s0040.wav,0.22332210838794708,0.2988036274909973,0.8985446095466614,0.4776753783226013,0.2797536849975586,0.4423620104789734
les_bridge_fing11__00001000__s0016.wav,0.49788370728492737,0.7722020745277405,0.1695486605167389,0.31827032566070557,0.16685165464878082,0.6140643358230591
prs_bridge_pick05__00001000__s0040.wav,0.8523718118667603,0.7853235602378845,0.07789233326911926,0.46207287907600403,0.30602025985717773,0.5457003712654114
les_neck_pick24__00001000__s0025.wav,0.5335903763771057,0.48072847723960876,0.7335321307182312,0.6575616002082825,0.7280747294425964,0.8556531071662903
prs_bridge_fing24__00001000__s0046.wav,0.6129201054573059,0.48522675037384033,0.26153722405433655,0.2140912562608719,0.5945071578025818,0.24869364500045776
tele_bridge_fing05__00001000__s0021.wav,0.057276587933301926,0.2372225522994995,0.12128353118896484,0.30783382058143616,0.9659752249717712,0.8139688372612
tele_neck_pick16__00001000__s0045.wav,0.421121746301651,0.3062458038330078,0.9341058135032654,0.541888952255249,0.25160640478134155,0.32450076937675476
tele_bridge_fing10__00001000__s0015.wav,0.0008975783712230623,0.34904026985168457,0.5136426091194153,0.5106245875358582,0.13604985177516937,0.17365944385528564
tele_neck_pick24__00001000__s0007.wav,0.3086225688457489,0.2911158800125122,0.15841077268123627,0.12180713564157486,0.9690176248550415,0.9326465129852295
prs_neck_pick21__00001000__s0007.wav,0.20977997779846191,0.16566868126392365,0.5650185942649841,0.8060405850410461,0.9817005395889282,0.9448527693748474
strat_neck_fing07__00001000__s0003.wav,0.1412053108215332,0.7246546745300293,0.4761514365673065,0.28909653425216675,0.07609431445598602,0.22506895661354065
prs_bridge_pick21__00001000__s0002.wav,0.5405164361000061,0.4094122648239136,0.9325622320175171,0.702576220035553,0.04585720971226692,0.05833316221833229
strat_bridge_fing19__00001000__s0025.wav,0.09173804521560669,0.1854507178068161,0.02362196333706379,0.20492061972618103,0.6069572567939758,0.37415608763694763
prs_bridge_pick11__00001000__s0048.wav,0.4036034345626831,0.4323279857635498,0.38928210735321045,0.6315425634384155,0.941651463508606,0.8281952142715454
les_bridge_pick14__00001000__s0049.wav,0.34349021315574646,0.21994373202323914,0.014115594327449799,0.21104750037193298,0.159295454621315,0.1852467805147171
strat_neck_pick22__00001000__s0001.wav,0.8585036993026733,0.7030943036079407,0.4748806357383728,0.3385715186595917,0.29295963048934937,0.6550590395927429
prs_bridge_pick21__00001000__s0012.wav,0.9574280977249146,0.8080483675003052,0.7317211031913757,0.37363141775131226,0.17243845760822296,0.16935108602046967
tele_neck_fing13__00001000__s0026.wav,0.05959053337574005,0.05213069170713425,0.47307199239730835,0.40010207891464233,0.3540348410606384,0.6161283850669861
tele_bridge_fing13__00001000__s0025.wav,0.7551718950271606,0.6419975757598877,0.8300809860229492,0.6417484879493713,0.3583579659461975,0.3131735622882843
tele_bridge_pick10__00001000__s0001.wav,0.21696627140045166,0.13585637509822845,0.2391001433134079,0.5869391560554504,0.6208889484405518,0.5867728590965271
tele_bridge_pick03__00001000__s0036.wav,0.45344507694244385,0.2972360849380493,0.426906555891037,0.742878794670105,0.7486954927444458,0.748276948928833
prs_bridge_fing16__00001000__s0038.wav,0.8888611793518066,0.6833411455154419,0.95106041431427,0.4506225883960724,0.7405968904495239,0.6937951445579529
les_bridge_pick07__00001000__s0002.wav,0.15501655638217926,0.47341644763946533,0.355647474527359,0.29616838693618774,0.19722408056259155,0.4332481026649475
prs_neck_fing17__00001000__s0002.wav,0.4384528696537018,0.6268562078475952,0.5226250290870667,0.2454593926668167,0.1486309915781021,0.4003382623195648
les_bridge_pick21__00001000__s0025.wav,0.18008650839328766,0.32634004950523376,0.27837780117988586,0.3195246756076813,0.046484339982271194,0.03061322309076786
les_neck_pick16__00001000__s0007.wav,0.9586067199707031,0.9393952488899231,0.23877838253974915,0.5296843647956848,0.811865508556366,0.7495301365852356
prs_bridge_fing21__00001000__s0010.wav,0.6675466299057007,0.43140995502471924,0.038579460233449936,0.43783533573150635,0.3318038582801819,0.15269611775875092
strat_neck_fing23__00001000__s0047.wav,0.035431720316410065,0.11592244356870651,0.609308660030365,0.23997370898723602,0.2144249975681305,0.31583845615386963
tele_bridge_pick22__00001000__s0036.wav,0.012587307021021843,0.18615905940532684,0.39667171239852905,0.10793354362249374,0.3128628134727478,0.5452712178230286
tele_bridge_fing19__00001000__s0051.wav,0.7228479385375977,0.6051303148269653,0.46127650141716003,0.375223308801651,0.14686688780784607,0.18404941260814667
les_bridge_fing09__00001000__s0018.wav,0.9975005388259888,0.975765585899353,0.1762191653251648,0.5182374715805054,0.7457063794136047,0.5416097044944763
les_neck_pick24__00001000__s0024.wav,0.9279817342758179,0.7984716296195984,0.5240099430084229,0.393869012594223,0.4444992244243622,0.5853389501571655
strat_bridge_fing18__00001000__s0014.wav,0.1258043348789215,0.06551312655210495,0.5706763863563538,0.6290614008903503,0.567305326461792,0.4127260744571686
les_bridge_fing15__00001000__s0033.wav,0.31746599078178406,0.3679156005382538,0.44836345314979553,0.3920972943305969,0.3492872714996338,0.37622785568237305
tele_bridge_pick01__00001000__s0051.wav,0.8355070352554321,0.7586761713027954,0.29493120312690735,0.6542680263519287,0.4983111023902893,0.47196289896965027
prs_bridge_fing24__00001000__s0033.wav,0.2001282423734665,0.25242194533348083,0.029306527227163315,0.14811943471431732,0.7112761735916138,0.7374279499053955
strat_bridge_pick02__00001000__s0034.wav,0.14811496436595917,0.14535045623779297,0.06604130566120148,0.2716447114944458,0.919377326965332,0.9039674401283264
prs_bridge_fing18__00001000__s0025.wav,0.7523840069770813,0.7123240828514099,0.09167050570249557,0.45283037424087524,0.8561697006225586,0.7196968197822571
tele_bridge_pick12__00001000__s0040.wav,0.6279043555259705,0.5628545880317688,0.6340911388397217,0.6623315811157227,0.3091108500957489,0.1271820068359375
prs_bridge_fing24__00001000__s0031.wav,0.3946814239025116,0.7137233018875122,0.2040921449661255,0.5447434782981873,0.017230283468961716,0.120600625872612
strat_neck_fing09__00001000__s0016.wav,0.49764010310173035,0.6541337370872498,0.3124160170555115,0.5746506452560425,0.5257353782653809,0.5640217065811157
strat_neck_fing11__00001000__s0054.wav,0.3288126289844513,0.3918733596801758,0.23663677275180817,0.1311325579881668,0.8272631764411926,0.8170763254165649
prs_neck_fing15__00001000__s0018.wav,0.510654866695404,0.5037029385566711,0.519182562828064,0.7333912253379822,0.6226842999458313,0.5671529173851013
tele_neck_pick04__00001000__s0055.wav,0.41400906443595886,0.6222535967826843,0.02133137546479702,0.5164168477058411,0.7936164140701294,0.10099734365940094
les_neck_pick13__00001000__s0042.wav,0.6003281474113464,0.7007701396942139,0.9452427625656128,0.9039199948310852,0.6548641324043274,0.728146493434906
prs_bridge_pick04__00001000__s0030.wav,0.483560174703598,0.5283374786376953,0.005398440640419722,0.2809504568576813,0.42341309785842896,0.36850282549858093
les_neck_fing22__00001000__s0055.wav,0.06796199083328247,0.23584090173244476,0.9547157287597656,0.8768062591552734,0.09359481185674667,0.16966921091079712
strat_bridge_pick09__00001000__s0042.wav,0.45762699842453003,0.3905748724937439,0.82244473695755,0.7157986164093018,0.8709726333618164,0.727295458316803
les_bridge_pick05__00001000__s0008.wav,0.501764714717865,0.3848933279514313,0.9612670540809631,0.5746299624443054,0.9143321514129639,0.8502917885780334
tele_neck_pick15__00001000__s0019.wav,0.5158227682113647,0.6748014688491821,0.17608405649662018,0.4074631333351135,0.6977443695068359,0.858900249004364
prs_bridge_fing02__00001000__s0002.wav,0.532687783241272,0.8095889687538147,0.6486641764640808,0.5004715919494629,0.4512917101383209,0.43540889024734497
les_bridge_fing16__00001000__s0038.wav,0.7955467700958252,0.2728607952594757,0.9592697620391846,0.3729211688041687,0.012012667022645473,0.09286101907491684
prs_bridge_pick07__00001000__s0051.wav,0.28509315848350525,0.22471460700035095,0.2225429117679596,0.23573270440101624,0.9066106081008911,0.9311705231666565
tele_bridge_pick19__00001000__s0044.wav,0.8918750286102295,0.8973944187164307,0.629946768283844,0.3718549907207489,0.3935718536376953,0.2971554696559906
tele_neck_pick17__00001000__s0013.wav,0.38426223397254944,0.5035568475723267,0.9563934803009033,0.8332057595252991,0.7129335403442383,0.5735822916030884
tele_bridge_pick10__00001000__s0003.wav,0.2876834273338318,0.40700599551200867,0.17590752243995667,0.3101171553134918,0.06538809835910797,0.1727956384420395
strat_neck_pick18__00001000__s0032.wav,0.5881674885749817,0.5604256391525269,0.15830937027931213,0.46837517619132996,0.6731018424034119,0.570972740650177
les_bridge_pick25__00001000__s0052.wav,0.11859309673309326,0.20397557318210602,0.11662569642066956,0.227867990732193,0.22684776782989502,0.3343852758407593
strat_neck_fing03__00001000__s0003.wav,0.19968301057815552,0.44864392280578613,0.043069060891866684,0.41702160239219666,0.8193434476852417,0.32209548354148865
tele_bridge_fing03__00001000__s0032.wav,0.9513829946517944,0.3314518332481384,0.7190645337104797,0.25639352202415466,0.06642092019319534,0.12210749089717865
tele_bridge_pick14__00001000__s0044.wav,0.6054167747497559,0.4259653687477112,0.45965492725372314,0.3133430778980255,0.44764241576194763,0.2177584320306778
les_bridge_fing02__00001000__s0016.wav,0.692383348941803,0.7531264424324036,0.8576511144638062,0.4770469069480896,0.20856675505638123,0.15665565431118011
les_bridge_pick01__00001000__s0002.wav,0.5682879686355591,0.2553941607475281,0.7159863114356995,0.48731911182403564,0.0924871489405632,0.10978742688894272
prs_bridge_fing13__00001000__s0018.wav,0.9697955846786499,0.8410625457763672,0.16543398797512054,0.18055057525634766,0.6242833733558655,0.2199506014585495
tele_neck_fing09__00001000__s0052.wav,0.5021588206291199,0.4675029218196869,0.3175199031829834,0.37568679451942444,0.9780942797660828,0.9622421860694885
prs_bridge_fing05__00001000__s0041.wav,0.3394031822681427,0.3321893513202667,0.4807179868221283,0.5342577695846558,0.4944561719894409,0.6648315787315369
tele_bridge_pick18__00001000__s0031.wav,0.5263851881027222,0.5169986486434937,0.06393461674451828,0.2588502764701843,0.5930768251419067,0.6975812315940857
strat_neck_fing14__00001000__s0046.wav,0.5274196863174438,0.5093100070953369,0.10300493985414505,0.41336116194725037,0.7334233522415161,0.675416886806488
prs_bridge_fing22__00001000__s0014.wav,0.6263190507888794,0.6547112464904785,0.8875084519386292,0.46632176637649536,0.4423363506793976,0.6753619909286499
les_neck_pick13__00001000__s0043.wav,0.9139791131019592,0.9251900911331177,0.6970582008361816,0.5171215534210205,0.3201903998851776,0.2793159782886505
strat_neck_pick22__00001000__s0037.wav,0.7861145734786987,0.682777464389801,0.8201497197151184,0.2076013833284378,0.28139910101890564,0.47446170449256897
prs_bridge_fing12__00001000__s0029.wav,0.5320188999176025,0.5297648310661316,0.5944276452064514,0.6690983176231384,0.9193021655082703,0.888654887676239
tele_neck_fing25__00001000__s0010.wav,0.7086257934570312,0.4483497738838196,0.9539785981178284,0.552280843257904,0.08630350977182388,0.05329150706529617
prs_neck_pick23__00001000__s0028.wav,0.23214247822761536,0.42465999722480774,0.7256748676300049,0.7047543525695801,0.9825899004936218,0.8797090649604797
tele_neck_pick18__00001000__s0051.wav,0.48902037739753723,0.46545475721359253,0.34468981623649597,0.4898236393928528,0.18335109949111938,0.24685849249362946
strat_neck_pick11__00001000__s0020.wav,0.8462889790534973,0.6207980513572693,0.34098148345947266,0.5500368475914001,0.08411527425050735,0.3129531145095825
prs_bridge_fing17__00001000__s0055.wav,0.9665635228157043,0.7412957549095154,0.49638617038726807,0.27665024995803833,0.23492096364498138,0.1723843812942505
prs_bridge_pick21__00001000__s0017.wav,0.7834246754646301,0.6331058144569397,0.1948365569114685,0.3676004409790039,0.4740593731403351,0.6251752376556396
tele_neck_pick13__00001000__s0028.wav,0.43422335386276245,0.23360206186771393,0.4883812367916107,0.6875316500663757,0.23210543394088745,0.32113492488861084
prs_neck_fing21__00001000__s0050.wav,0.22828546166419983,0.3136226236820221,0.4167912006378174,0.4927876591682434,0.8260155916213989,0.586362361907959
strat_bridge_fing06__00001000__s0026.wav,0.4742559790611267,0.67125403881073,0.44026508927345276,0.6664358973503113,0.2770678997039795,0.201954647898674
strat_neck_fing11__00001000__s0024.wav,0.05698290467262268,0.292211651802063,0.8801056742668152,0.3245956003665924,0.11405353993177414,0.1646033525466919
strat_bridge_pick01__00001000__s0042.wav,0.7319830656051636,0.7072505354881287,0.6081900000572205,0.7373296618461609,0.6199294328689575,0.6738254427909851
prs_bridge_fing16__00001000__s0023.wav,0.6524397134780884,0.5192006230354309,0.38394641876220703,0.6232216954231262,0.27660679817199707,0.3520655930042267
tele_bridge_fing07__00001000__s0028.wav,0.22914379835128784,0.5832469463348389,0.07574529945850372,0.20607136189937592,0.12304672598838806,0.4346529543399811
tele_neck_fing10__00001000__s0048.wav,0.8030343055725098,0.6234791874885559,0.8913814425468445,0.6624142527580261,0.5348460078239441,0.5777333974838257
les_neck_fing03__00001000__s0034.wav,0.601292073726654,0.8405904173851013,0.06037179008126259,0.48550063371658325,0.252351850271225,0.08932282775640488
prs_neck_pick10__00001000__s0038.wav,0.2285085767507553,0.16926594078540802,0.6978455185890198,0.8206899166107178,0.38483425974845886,0.5547012686729431
les_neck_pick18__00001000__s0049.wav,0.5956414341926575,0.4713329076766968,0.7430427074432373,0.6704186201095581,0.5506026744842529,0.49158069491386414
prs_bridge_fing20__00001000__s0014.wav,0.4682449698448181,0.49519822001457214,0.08268684148788452,0.24640516936779022,0.8452253937721252,0.6403692960739136
tele_bridge_fing23__00001000__s0043.wav,0.04587787389755249,0.10254286229610443,0.5543912649154663,0.45964759588241577,0.933858335018158,0.32624462246894836
prs_neck_pick18__00001000__s0001.wav,0.9854409098625183,0.686560869216919,0.21846137940883636,0.3560473322868347,0.1361120641231537,0.09655904769897461
strat_bridge_pick17__00001000__s0029.wav,0.6187686920166016,0.4578895568847656,0.5787373185157776,0.598533570766449,0.6714966297149658,0.6645970940589905
strat_neck_fing18__00001000__s0032.wav,0.25771307945251465,0.415703684091568,0.38012436032295227,0.43895554542541504,0.5651438236236572,0.5752258896827698
les_neck_pick22__00001000__s0018.wav,0.3418232500553131,0.5334128737449646,0.2502378225326538,0.5504158735275269,0.09179037064313889,0.344342440366745
strat_bridge_pick13__00001000__s0010.wav,0.0366985909640789,0.0977608934044838,0.2702457308769226,0.36340266466140747,0.575851559638977,0.3420616090297699
prs_bridge_pick17__00001000__s0048.wav,0.852751612663269,0.7967519164085388,0.2837623357772827,0.727739155292511,0.7996595501899719,0.7615484595298767
strat_neck_fing08__00001000__s0034.wav,0.4809943735599518,0.32203394174575806,0.07472208142280579,0.3024698495864868,0.03274491801857948,0.07948796451091766
prs_bridge_pick12__00001000__s0052.wav,0.5376173257827759,0.47871798276901245,0.04262435436248779,0.29421088099479675,0.015432930551469326,0.08675020188093185
les_neck_pick15__00001000__s0017.wav,0.43284356594085693,0.4316718280315399,0.47971057891845703,0.5942163467407227,0.9024006128311157,0.782268226146698
strat_bridge_fing16__00001000__s0016.wav,0.7812633514404297,0.7644208669662476,0.10722909867763519,0.37150487303733826,0.8823884129524231,0.8963960409164429
strat_neck_pick03__00001000__s0045.wav,0.6395824551582336,0.7811397314071655,0.837443470954895,0.726655125617981,0.7067881226539612,0.6660676002502441
strat_bridge_pick09__00001000__s0040.wav,0.12766051292419434,0.26707202196121216,0.8585058450698853,0.7520222067832947,0.8969168663024902,0.7923399209976196
prs_neck_pick13__00001000__s0026.wav,0.3148219585418701,0.09230628609657288,0.6001487374305725,0.14728856086730957,0.1330215185880661,0.5863954424858093
strat_bridge_fing25__00001000__s0052.wav,0.5775346159934998,0.6518869400024414,0.030496682971715927,0.3612923324108124,0.7955318689346313,0.726928174495697
tele_neck_pick21__00001000__s0049.wav,0.6231153011322021,0.7417734861373901,0.21436232328414917,0.46633675694465637,0.12781922519207,0.09273578971624374
prs_neck_fing18__00001000__s0011.wav,0.6424882411956787,0.6720032691955566,0.3269690275192261,0.6079725623130798,0.6579009890556335,0.534477174282074
prs_neck_fing20__00001000__s0050.wav,0.9365167021751404,0.8119561672210693,0.5505246520042419,0.23954704403877258,0.07643718272447586,0.12430889159440994
strat_bridge_pick25__00001000__s0022.wav,0.45955055952072144,0.43543514609336853,0.3717631697654724,0.5510897636413574,0.8570389151573181,0.7437776327133179
tele_neck_pick06__00001000__s0014.wav,0.8904364705085754,0.8218591213226318,0.9609452486038208,0.3153330087661743,0.35345950722694397,0.7804185152053833
les_bridge_pick24__00001000__s0037.wav,0.539362370967865,0.5260772109031677,0.965296745300293,0.7749050259590149,0.9445051550865173,0.906989336013794
prs_bridge_pick06__00001000__s0020.wav,0.885251522064209,0.9651879668235779,0.008888017386198044,0.2943921387195587,0.79649817943573,0.7881184816360474
prs_neck_pick01__00001000__s0000.wav,0.9612144231796265,0.8413205146789551,0.20985707640647888,0.4137227535247803,0.1868196278810501,0.1008257046341896
prs_neck_fing12__00001000__s0045.wav,0.6472416520118713,0.6543878316879272,0.8311671018600464,0.5412704944610596,0.8243899345397949,0.6878588795661926
les_neck_pick08__00001000__s0049.wav,0.9765252470970154,0.9009481072425842,0.7457854747772217,0.2946562170982361,0.7980558276176453,0.8669590950012207
strat_bridge_pick11__00001000__s0049.wav,0.4551815092563629,0.481222003698349,0.3764500021934509,0.5470607280731201,0.596270740032196,0.455964058637619
les_neck_pick18__00001000__s0047.wav,0.6445489525794983,0.6151289939880371,0.3510495722293854,0.7008730173110962,0.6414702534675598,0.49625152349472046
strat_neck_fing18__00001000__s0029.wav,0.6991874575614929,0.7685067653656006,0.5468218326568604,0.24645274877548218,0.8748757839202881,0.9076353311538696
les_neck_pick02__00001000__s0019.wav,0.6137617826461792,0.5880696177482605,0.6339384913444519,0.4258853793144226,0.9192366600036621,0.7952712178230286
tele_bridge_fing14__00001000__s0039.wav,0.4620209336280823,0.4240628480911255,0.8259387612342834,0.0997745543718338,0.020082443952560425,0.17860214412212372
strat_neck_pick05__00001000__s0018.wav,0.25605878233909607,0.1497802734375,0.7906272411346436,0.800849974155426,0.7956401109695435,0.6424224972724915
tele_bridge_fing24__00001000__s0033.wav,0.35001102089881897,0.8755121827125549,0.7502632141113281,0.34221065044403076,0.08256655931472778,0.39243218302726746
tele_bridge_pick25__00001000__s0046.wav,0.5310431718826294,0.5912156701087952,0.2839931547641754,0.7028459310531616,0.8571637868881226,0.8747071027755737
prs_bridge_fing05__00001000__s0033.wav,0.8825231790542603,0.7684411406517029,0.41048696637153625,0.7270481586456299,0.7282248139381409,0.5943218469619751
tele_bridge_fing01__00001000__s0024.wav,0.5398090481758118,0.5621823668479919,0.46649426221847534,0.5631791353225708,0.38105306029319763,0.4784711003303528
strat_bridge_fing13__00001000__s0037.wav,0.20533940196037292,0.19866696000099182,0.3139411211013794,0.20219632983207703,0.13339713215827942,0.06394071131944656
prs_neck_fing12__00001000__s0038.wav,0.6478347182273865,0.6857309341430664,0.49221959710121155,0.2953210771083832,0.2254883497953415,0.13790734112262726
prs_bridge_pick25__00001000__s0021.wav,0.4664672911167145,0.4673902988433838,0.04008404538035393,0.3575211763381958,0.25321537256240845,0.46038949489593506
prs_bridge_fing04__00001000__s0016.wav,0.24494343996047974,0.28544458746910095,0.7786383032798767,0.19949863851070404,0.07226791977882385,0.1181522011756897
tele_bridge_pick05__00001000__s0036.wav,0.055007029324769974,0.3999175727367401,0.6046543717384338,0.27029719948768616,0.05510242283344269,0.1924131065607071
strat_neck_pick25__00001000__s0032.wav,0.4764114022254944,0.3946497440338135,0.7335216999053955,0.529578685760498,0.11188961565494537,0.2479391098022461
les_neck_pick14__00001000__s0044.wav,0.19047938287258148,0.28187447786331177,0.9562950730323792,0.5985620617866516,0.08908599615097046,0.24928346276283264
les_neck_fing02__00001000__s0023.wav,0.8903459310531616,0.9064120054244995,0.5750336050987244,0.599331796169281,0.8774522542953491,0.8712465167045593
les_neck_fing16__00001000__s0049.wav,0.806459367275238,0.6072969436645508,0.205960214138031,0.7006344199180603,0.34586334228515625,0.5244099497795105
tele_bridge_fing19__00001000__s0045.wav,0.6713395118713379,0.7506563663482666,0.16731156408786774,0.4448709189891815,0.03521442040801048,0.11140710860490799
prs_neck_fing18__00001000__s0004.wav,0.9787847995758057,0.7151291966438293,0.5656367540359497,0.23457719385623932,0.20642690360546112,0.1642690747976303
les_neck_fing09__00001000__s0015.wav,0.6598293781280518,0.6160752177238464,0.32619574666023254,0.4774499237537384,0.41381382942199707,0.2491726279258728
les_bridge_pick25__00001000__s0010.wav,0.9672690629959106,0.8714398145675659,0.6687720417976379,0.5802181959152222,0.526921808719635,0.44612377882003784
strat_bridge_fing25__00001000__s0011.wav,0.6572597026824951,0.6278704404830933,0.9733472466468811,0.7841395735740662,0.7736530303955078,0.8275108933448792
strat_bridge_fing05__00001000__s0026.wav,0.009530017152428627,0.08287398517131805,0.42352715134620667,0.28052228689193726,0.3528493642807007,0.20751608908176422
les_neck_pick09__00001000__s0019.wav,0.3650400638580322,0.581313967704773,0.8735730051994324,0.35501301288604736,0.5164161324501038,0.45141252875328064
strat_bridge_fing24__00001000__s0039.wav,0.9573172926902771,0.8731546401977539,0.12728825211524963,0.5116509795188904,0.42263877391815186,0.4094928801059723
strat_bridge_fing12__00001000__s0037.wav,0.6162150502204895,0.30054381489753723,0.2729276120662689,0.5705152750015259,0.5033185482025146,0.6927838325500488
strat_bridge_fing16__00001000__s0031.wav,0.9680346846580505,0.546120822429657,0.8408070206642151,0.6506750583648682,0.014622748829424381,0.09472361207008362
les_bridge_fing23__00001000__s0050.wav,0.8795602321624756,0.7132746577262878,0.012320016510784626,0.5335851311683655,0.0686420276761055,0.3433826267719269
strat_bridge_fing04__00001000__s0035.wav,0.8359265923500061,0.9433884024620056,0.7603462338447571,0.34710532426834106,0.5620702505111694,0.4919761121273041
tele_neck_fing18__00001000__s0034.wav,0.23653540015220642,0.31539806723594666,0.04824599623680115,0.49259260296821594,0.20322059094905853,0.2643875181674957
tele_neck_fing10__00001000__s0019.wav,0.472837895154953,0.6828283071517944,0.2659796476364136,0.47879257798194885,0.011576353572309017,0.09158284217119217
tele_neck_fing06__00001000__s0024.wav,0.47940295934677124,0.45924028754234314,0.8755629062652588,0.2935183346271515,0.16018046438694,0.5126341581344604
strat_bridge_pick12__00001000__s0003.wav,0.4243113696575165,0.4959922730922699,0.685516893863678,0.4056992530822754,0.1915065497159958,0.3021458387374878
strat_neck_fing08__00001000__s0000.wav,0.24203966557979584,0.37560147047042847,0.32413387298583984,0.4608466923236847,0.8851665258407593,0.897160530090332
strat_neck_fing19__00001000__s0033.wav,0.8912140727043152,0.8849287629127502,0.021051369607448578,0.5449590086936951,0.3179103136062622,0.12095265090465546
les_bridge_fing20__00001000__s0042.wav,0.7265306711196899,0.7630462050437927,0.0569307878613472,0.37583985924720764,0.3273025453090668,0.30424585938453674
les_bridge_fing21__00001000__s0038.wav,0.1207229346036911,0.2184496521949768,0.9380970001220703,0.6069915890693665,0.20809373259544373,0.7468734383583069
strat_bridge_fing07__00001000__s0011.wav,0.15176589787006378,0.19727227091789246,0.6865864992141724,0.5769472122192383,0.8936403393745422,0.9019986987113953
les_neck_fing23__00001000__s0042.wav,0.511949896812439,0.495116263628006,0.2733806371688843,0.2751155197620392,0.11738765984773636,0.19141075015068054
strat_bridge_fing11__00001000__s0015.wav,0.7766355276107788,0.5198546051979065,0.28412067890167236,0.9151470065116882,0.5894083976745605,0.4108119010925293
tele_bridge_fing11__00001000__s0007.wav,0.9073086380958557,0.9243910908699036,0.29721903800964355,0.5138180255889893,0.247656911611557,0.16225841641426086
prs_neck_fing25__00001000__s0001.wav,0.9886569976806641,0.9144408106803894,0.15304915606975555,0.5560941100120544,0.6199172735214233,0.5938069224357605
prs_bridge_fing08__00001000__s0021.wav,0.1703016757965088,0.29215532541275024,0.11892788857221603,0.1866462528705597,0.2827722430229187,0.33939623832702637
tele_bridge_fing01__00001000__s0011.wav,0.2996094822883606,0.6416378021240234,0.11089903116226196,0.27889034152030945,0.08554678410291672,0.4786655008792877
les_bridge_pick12__00001000__s0018.wav,0.49668991565704346,0.5906857848167419,0.6192188262939453,0.6305370330810547,0.7659168839454651,0.4900437891483307
prs_bridge_pick16__00001000__s0000.wav,0.7046778202056885,0.6012523770332336,0.4735666513442993,0.28064748644828796,0.059407930821180344,0.12517155706882477
tele_bridge_fing18__00001000__s0042.wav,0.07760090380907059,0.2949683368206024,0.8844112753868103,0.7335751056671143,0.26927831768989563,0.273660808801651
prs_bridge_pick09__00001000__s0052.wav,0.046704843640327454,0.4197314381599426,0.1049056276679039,0.29621008038520813,0.09265896677970886,0.07223738729953766
strat_neck_pick25__00001000__s0053.wav,0.5056657195091248,0.514822781085968,0.8462493419647217,0.7533019185066223,0.29376736283302307,0.47664767503738403
strat_bridge_fing11__00001000__s0051.wav,0.6173335909843445,0.7875306606292725,0.9278005957603455,0.49942976236343384,0.5965144634246826,0.602463960647583
strat_neck_fing21__00001000__s0008.wav,0.43033653497695923,0.7536429166793823,0.6871622800827026,0.36123383045196533,0.06605440378189087,0.09571362286806107
strat_bridge_fing16__00001000__s0013.wav,0.9660884737968445,0.8201932311058044,0.12407167255878448,0.24319976568222046,0.06716031581163406,0.043551791459321976
prs_neck_pick09__00001000__s0052.wav,0.6404438614845276,0.5666583776473999,0.475161612033844,0.5928871035575867,0.8514735698699951,0.7273675799369812
prs_bridge_pick13__00001000__s0023.wav,0.2900344133377075,0.24829991161823273,0.990014910697937,0.6442992091178894,0.6093620657920837,0.6020262837409973
tele_neck_fing21__00001000__s0051.wav,0.03209389001131058,0.15312696993350983,0.9581912755966187,0.6438871622085571,0.33654290437698364,0.6429802179336548
prs_bridge_pick03__00001000__s0040.wav,0.6576483249664307,0.6491895914077759,0.35368382930755615,0.6958944201469421,0.48979923129081726,0.5096192955970764
strat_neck_fing14__00001000__s0039.wav,0.233729287981987,0.483378142118454,0.6483428478240967,0.488019734621048,0.9745615720748901,0.886151134967804
les_bridge_fing18__00001000__s0011.wav,0.8735807538032532,0.8124945759773254,0.9284628033638,0.7540862560272217,0.5669872164726257,0.5113430619239807
les_bridge_pick02__00001000__s0014.wav,0.6352199912071228,0.5543745160102844,0.4307326078414917,0.6505559682846069,0.37520161271095276,0.22768229246139526
strat_bridge_fing10__00001000__s0029.wav,0.9349440336227417,0.9066655039787292,0.5972803235054016,0.7241058349609375,0.20924724638462067,0.3022504150867462
tele_bridge_fing03__00001000__s0033.wav,0.7134525775909424,0.534329354763031,0.32195305824279785,0.3024766147136688,0.047550708055496216,0.18341760337352753
les_neck_pick15__00001000__s0005.wav,0.4796455204486847,0.7894982099533081,0.5008496642112732,0.14419519901275635,0.05887361615896225,0.22288000583648682
strat_neck_fing21__00001000__s0045.wav,0.632370114326477,0.6715245246887207,0.678490161895752,0.7640177011489868,0.9656093716621399,0.8800193071365356
prs_bridge_pick18__00001000__s0045.wav,0.8955501914024353,0.8061516284942627,0.9360356330871582,0.3369442820549011,0.9227853417396545,0.9644855260848999
strat_neck_fing08__00001000__s0017.wav,0.7073166966438293,0.7142673134803772,0.4818505048751831,0.4019506275653839,0.19773222506046295,0.2834596335887909
tele_bridge_pick24__00001000__s0037.wav,0.6316794753074646,0.7355659008026123,0.4881861209869385,0.47178101539611816,0.5702394247055054,0.3719393312931061
strat_bridge_fing01__00001000__s0010.wav,0.2219797521829605,0.1850549876689911,0.6172550320625305,0.7162030935287476,0.5085176825523376,0.569409966468811
tele_bridge_fing24__00001000__s0006.wav,0.25327396392822266,0.5185803174972534,0.7425403594970703,0.646190881729126,0.4459300935268402,0.5768239498138428
les_neck_pick18__00001000__s0013.wav,0.606916069984436,0.6905056238174438,0.437966912984848,0.6487473845481873,0.7441663146018982,0.6182153224945068
les_bridge_pick06__00001000__s0051.wav,0.1911344677209854,0.25193288922309875,0.5323290824890137,0.5616245269775391,0.4359322786331177,0.5141516923904419
les_neck_fing21__00001000__s0033.wav,0.7306973934173584,0.7626212239265442,0.7505300641059875,0.8200039863586426,0.5732514262199402,0.6712479591369629
strat_neck_fing17__00001000__s0001.wav,0.2068091183900833,0.2527453899383545,0.10860202461481094,0.197299063205719,0.7078999280929565,0.4629114866256714
tele_bridge_fing02__00001000__s0037.wav,0.46154576539993286,0.4379611611366272,0.6379445195198059,0.5333341360092163,0.22262535989284515,0.44435277581214905
tele_neck_fing22__00001000__s0044.wav,0.6734687685966492,0.5662228465080261,0.2742176651954651,0.4921149015426636,0.33043476939201355,0.42216670513153076
tele_neck_fing15__00001000__s0035.wav,0.7592018842697144,0.5737109184265137,0.3304685652256012,0.7797494530677795,0.0368097685277462,0.057965680956840515
prs_bridge_fing05__00001000__s0009.wav,0.7002371549606323,0.5758557915687561,0.7365574836730957,0.5817741751670837,0.45259690284729004,0.3556942045688629
tele_neck_fing22__00001000__s0002.wav,0.9030889272689819,0.7736697196960449,0.6069043874740601,0.24056032299995422,0.029478980228304863,0.15484260022640228
les_bridge_pick24__00001000__s0024.wav,0.7482742667198181,0.6676061749458313,0.1923927217721939,0.5491878390312195,0.185989648103714,0.1961122751235962
prs_bridge_pick10__00001000__s0026.wav,0.14714370667934418,0.11412704735994339,0.22646641731262207,0.42894965410232544,0.6110182404518127,0.7756013870239258
strat_bridge_pick09__00001000__s0007.wav,0.5468463897705078,0.4609076678752899,0.426303505897522,0.48380568623542786,0.15807349979877472,0.23410291969776154
les_neck_fing10__00001000__s0046.wav,0.4600895345211029,0.474140465259552,0.6351557374000549,0.39644476771354675,0.17762380838394165,0.3576175570487976
prs_neck_fing18__00001000__s0010.wav,0.651811420917511,0.52910977602005,0.18497224152088165,0.21600167453289032,0.02957383543252945,0.2502861022949219
les_neck_fing25__00001000__s0009.wav,0.9018633961677551,0.8053275942802429,0.9975780248641968,0.6386986374855042,0.010915808379650116,0.06747275590896606
prs_bridge_pick22__00001000__s0020.wav,0.06323464959859848,0.1265115886926651,0.48276853561401367,0.5434001088142395,0.6353815793991089,0.3670732080936432
strat_neck_pick17__00001000__s0020.wav,0.864579975605011,0.8992455005645752,0.902367889881134,0.7506827712059021,0.4570401906967163,0.4630444645881653
strat_neck_pick22__00001000__s0011.wav,0.8716360926628113,0.8460023999214172,0.9298369884490967,0.6825500726699829,0.7943734526634216,0.8631093502044678
prs_bridge_fing02__00001000__s0006.wav,0.07476025074720383,0.14319774508476257,0.35684072971343994,0.36380618810653687,0.4213905930519104,0.6794097423553467
strat_neck_pick11__00001000__s0048.wav,0.3084210455417633,0.2145168036222458,0.3438378870487213,0.17169944941997528,0.5129938125610352,0.40195369720458984
strat_neck_fing18__00001000__s0042.wav,0.9405096769332886,0.7803736329078674,0.3910495340824127,0.3631056249141693,0.18776892125606537,0.21055540442466736
strat_bridge_fing10__00001000__s0013.wav,0.6318681240081787,0.7600704431533813,0.37185749411582947,0.881787121295929,0.5044017434120178,0.5205379128456116
tele_bridge_fing06__00001000__s0027.wav,0.6439448595046997,0.6648966670036316,0.16261911392211914,0.4364333152770996,0.9636739492416382,0.8778696060180664
tele_bridge_pick05__00001000__s0010.wav,0.3131084740161896,0.3739609122276306,0.18248534202575684,0.2661307752132416,0.105766162276268,0.19851844012737274
tele_neck_fing22__00001000__s0016.wav,0.057872217148542404,0.43166810274124146,0.7469135522842407,0.1829126626253128,0.03357616439461708,0.39596623182296753
tele_neck_fing23__00001000__s0018.wav,0.18030421435832977,0.17311953008174896,0.8047104477882385,0.7199304103851318,0.8672726154327393,0.6979526877403259
prs_neck_fing05__00001000__s0033.wav,0.849770188331604,0.6833755373954773,0.7956199645996094,0.8022053837776184,0.17943310737609863,0.049862075597047806
les_neck_pick07__00001000__s0028.wav,0.07430090010166168,0.3555704653263092,0.038378480821847916,0.16299262642860413,0.8537448644638062,0.7874504923820496
les_bridge_fing23__00001000__s0026.wav,0.618485152721405,0.5338291525840759,0.8759010434150696,0.5046567320823669,0.04539823532104492,0.0823182538151741
prs_bridge_fing24__00001000__s0025.wav,0.08164730668067932,0.04336567223072052,0.5871163010597229,0.5300755500793457,0.6154681444168091,0.6103591322898865
prs_neck_pick18__00001000__s0051.wav,0.053632430732250214,0.218600794672966,0.8668560981750488,0.410192608833313,0.5331076979637146,0.4725423753261566
prs_bridge_pick22__00001000__s0011.wav,0.32882604002952576,0.290420800447464,0.4653073847293854,0.7355440258979797,0.7597842216491699,0.7699766755104065
prs_neck_pick04__00001000__s0013.wav,0.7299556732177734,0.9360849261283875,0.7230042219161987,0.6527376174926758,0.25402581691741943,0.39540234208106995
strat_neck_pick12__00001000__s0020.wav,0.3463470935821533,0.44143134355545044,0.747591495513916,0.4815005362033844,0.7483605146408081,0.7809250950813293
tele_bridge_pick05__00001000__s0047.wav,0.177328422665596,0.1320454627275467,0.9409087896347046,0.6699979901313782,0.19966353476047516,0.3591305613517761
prs_neck_fing13__00001000__s0000.wav,0.5436726212501526,0.49794793128967285,0.1900964081287384,0.6381334066390991,0.10440768301486969,0.15724298357963562
les_bridge_fing05__00001000__s0049.wav,0.6770583987236023,0.7206363677978516,0.03763618320226669,0.2602221369743347,0.8384702801704407,0.7523913979530334
les_neck_fing15__00001000__s0032.wav,0.914108395576477,0.7905833125114441,0.8717746734619141,0.6801551580429077,0.017996450886130333,0.07237451523542404
tele_bridge_pick22__00001000__s0027.wav,0.568227231502533,0.5927495956420898,0.5545415878295898,0.555390477180481,0.3177182674407959,0.30910834670066833
tele_neck_fing10__00001000__s0035.wav,0.19660919904708862,0.4942568242549896,0.9597594141960144,0.19664976000785828,0.023259952664375305,0.07952752709388733
tele_bridge_fing15__00001000__s0039.wav,0.5307307839393616,0.5878052711486816,0.7674363255500793,0.5212790966033936,0.5583048462867737,0.6762118935585022
strat_bridge_fing19__00001000__s0048.wav,0.9952186942100525,0.8660575151443481,0.12181652337312698,0.4437929391860962,0.5962467193603516,0.18838366866111755
tele_neck_pick23__00001000__s0016.wav,0.8746435046195984,0.6333039999008179,0.9556887745857239,0.5055626034736633,0.035563550889492035,0.12716557085514069
prs_bridge_pick17__00001000__s0038.wav,0.552598237991333,0.6846394538879395,0.7173535823822021,0.5811092257499695,0.4366001784801483,0.516604483127594
prs_bridge_fing20__00001000__s0003.wav,0.7000133991241455,0.6602098941802979,0.11700886487960815,0.5834630131721497,0.21829821169376373,0.08945951610803604
tele_neck_pick12__00001000__s0041.wav,0.7856118083000183,0.828231930732727,0.6874037981033325,0.4632794260978699,0.7765465378761292,0.797744870185852
strat_bridge_pick12__00001000__s0030.wav,0.4290284216403961,0.36424216628074646,0.26399967074394226,0.4403127133846283,0.44705429673194885,0.2893972396850586
les_neck_fing07__00001000__s0035.wav,0.2523324191570282,0.17810837924480438,0.8882437944412231,0.6662152409553528,0.3105604946613312,0.49971798062324524
les_neck_pick04__00001000__s0020.wav,0.34728723764419556,0.2614237666130066,0.36293911933898926,0.4985634982585907,0.5963848233222961,0.3605635464191437
prs_bridge_pick25__00001000__s0001.wav,0.8146181702613831,0.6464266777038574,0.658501923084259,0.4087982773780823,0.10726156085729599,0.1273038685321808
tele_neck_pick04__00001000__s0054.wav,0.48971304297447205,0.3132670223712921,0.48705556988716125,0.7138444781303406,0.5860115885734558,0.726049542427063
les_neck_fing06__00001000__s0031.wav,0.01690417341887951,0.08019507676362991,0.16891790926456451,0.2442324161529541,0.23928791284561157,0.14705413579940796
tele_neck_fing15__00001000__s0025.wav,0.07784263044595718,0.048532068729400635,0.8056037425994873,0.8642300963401794,0.7601417303085327,0.8494959473609924
strat_bridge_fing09__00001000__s0018.wav,0.8652846217155457,0.7547627091407776,0.2868293225765228,0.485017865896225,0.6221699714660645,0.6871470212936401
strat_bridge_pick24__00001000__s0020.wav,0.8364028334617615,0.7936426401138306,0.2448337823152542,0.2245909422636032,0.07300904393196106,0.11523231118917465
les_bridge_pick06__00001000__s0024.wav,0.21299372613430023,0.18038778007030487,0.3087269365787506,0.5360093712806702,0.8967353105545044,0.8022177815437317
tele_neck_pick25__00001000__s0016.wav,0.7337253093719482,0.537939190864563,0.10620792955160141,0.6814404129981995,0.7339786887168884,0.724826991558075
tele_bridge_fing07__00001000__s0035.wav,0.03238415718078613,0.17864078283309937,0.33606842160224915,0.4267374277114868,0.4462490975856781,0.5182791352272034
tele_neck_fing02__00001000__s0001.wav,0.5174534320831299,0.5143519043922424,0.9767106771469116,0.7290912866592407,0.9316182732582092,0.9517489671707153
tele_bridge_fing16__00001000__s0013.wav,0.6199601888656616,0.5943583250045776,0.09107660502195358,0.25588831305503845,0.8535192012786865,0.809962809085846
strat_bridge_pick22__00001000__s0040.wav,0.3661844730377197,0.28516966104507446,0.8864152431488037,0.8486624956130981,0.5759509205818176,0.48110198974609375
strat_neck_fing19__00001000__s0017.wav,0.9864954352378845,0.7707589268684387,0.7592931985855103,0.36999067664146423,0.29914963245391846,0.1429588943719864
strat_neck_fing02__00001000__s0018.wav,0.9680342078208923,0.753116250038147,0.7204906940460205,0.5010159015655518,0.41565531492233276,0.5123453736305237
tele_bridge_pick04__00001000__s0020.wav,0.3710387647151947,0.23468439280986786,0.1198006272315979,0.22768308222293854,0.8830882906913757,0.9615730047225952
strat_bridge_pick24__00001000__s0017.wav,0.9631289839744568,0.7074409127235413,0.2983817756175995,0.406337708234787,0.18419240415096283,0.11527089029550552
prs_bridge_pick14__00001000__s0019.wav,0.2550503611564636,0.24286304414272308,0.34014323353767395,0.6900103688240051,0.16348229348659515,0.17819242179393768
strat_neck_pick12__00001000__s0010.wav,0.1471569985151291,0.48572197556495667,0.5115759968757629,0.5183921456336975,0.8074555397033691,0.5881915092468262
strat_bridge_fing17__00001000__s0003.wav,0.476445734500885,0.4419340193271637,0.5085163116455078,0.4213697910308838,0.2872394621372223,0.11180498450994492
strat_neck_pick15__00001000__s0004.wav,0.39554813504219055,0.42572784423828125,0.9109207391738892,0.5774714350700378,0.7388595938682556,0.4220665693283081
prs_bridge_fing17__00001000__s0039.wav,0.8469324111938477,0.41847217082977295,0.8096684813499451,0.46837103366851807,0.12979713082313538,0.2520104944705963
prs_bridge_pick08__00001000__s0011.wav,0.14360404014587402,0.09028853476047516,0.039499737322330475,0.3179015815258026,0.5449320077896118,0.4458343982696533
prs_neck_pick08__00001000__s0025.wav,0.5637288093566895,0.3840002119541168,0.7751641869544983,0.5131839513778687,0.09458143264055252,0.33023393154144287
strat_neck_pick25__00001000__s0055.wav,0.5917897820472717,0.6848275065422058,0.3959774374961853,0.6276183724403381,0.1696118414402008,0.4022805392742157
prs_bridge_fing25__00001000__s0025.wav,0.6138179898262024,0.5618181824684143,0.18107977509498596,0.2818947434425354,0.06103409454226494,0.38767534494400024
prs_bridge_fing07__00001000__s0018.wav,0.5102489590644836,0.5630769729614258,0.8554969429969788,0.6990271210670471,0.2824919521808624,0.6108365654945374
tele_bridge_fing14__00001000__s0029.wav,0.04974934831261635,0.03370726481080055,0.8476402163505554,0.7321187257766724,0.45064014196395874,0.7533214092254639
strat_bridge_pick13__00001000__s0044.wav,0.6076561808586121,0.715826690196991,0.2601727843284607,0.7075600028038025,0.7698637247085571,0.6732935905456543
strat_neck_pick18__00001000__s0030.wav,0.3288378119468689,0.28682398796081543,0.8006414175033569,0.7703483700752258,0.3753713369369507,0.4027436375617981
strat_neck_pick14__00001000__s0015.wav,0.9472058415412903,0.654187023639679,0.8540716171264648,0.4716160297393799,0.2289092093706131,0.47509586811065674
strat_neck_pick24__00001000__s0011.wav,0.9505053758621216,0.8709205985069275,0.0702260211110115,0.5818676948547363,0.3625902235507965,0.5153945684432983
strat_neck_pick16__00001000__s0016.wav,0.3978431820869446,0.47375455498695374,0.6570242643356323,0.7625899910926819,0.23301993310451508,0.3817720115184784
strat_bridge_pick10__00001000__s0048.wav,0.4607864320278168,0.6085649132728577,0.4797247350215912,0.49623069167137146,0.96918785572052,0.946923017501831
strat_bridge_fing07__00001000__s0040.wav,0.7458682656288147,0.4566439092159271,0.9141897559165955,0.3128114938735962,0.022297903895378113,0.31049644947052
tele_bridge_pick16__00001000__s0005.wav,0.7118260264396667,0.5942355394363403,0.5695643424987793,0.5694568753242493,0.8155428767204285,0.6617789268493652
tele_neck_fing14__00001000__s0013.wav,0.5163904428482056,0.5386924147605896,0.056003618985414505,0.5396201610565186,0.7092021107673645,0.6289461255073547
strat_neck_pick23__00001000__s0004.wav,0.33749887347221375,0.7309395670890808,0.11292310059070587,0.6239044666290283,0.022132525220513344,0.09044339507818222
strat_bridge_pick21__00001000__s0027.wav,0.4598446190357208,0.4922267496585846,0.9755215644836426,0.707430899143219,0.32911524176597595,0.3691104054450989
prs_bridge_pick14__00001000__s0003.wav,0.22053195536136627,0.19078736007213593,0.8385432362556458,0.7032947540283203,0.6691833138465881,0.6861833333969116
tele_bridge_fing07__00001000__s0034.wav,0.4253261685371399,0.4267784059047699,0.2334112823009491,0.39447668194770813,0.7177712917327881,0.4581340253353119
prs_bridge_fing21__00001000__s0021.wav,0.08238307386636734,0.15801355242729187,0.5862007737159729,0.31322968006134033,0.6308303475379944,0.5252947807312012
les_neck_pick22__00001000__s0045.wav,0.9788572788238525,0.8797606825828552,0.02403285726904869,0.5741040110588074,0.26055780053138733,0.3374737799167633
les_bridge_pick22__00001000__s0032.wav,0.04852375388145447,0.0870579183101654,0.4765351712703705,0.5677427053451538,0.8563873767852783,0.5650773048400879
tele_neck_fing18__00001000__s0026.wav,0.8942930698394775,0.552808403968811,0.5850908160209656,0.23143313825130463,0.11417616158723831,0.427919864654541
les_neck_fing01__00001000__s0006.wav,0.47751614451408386,0.4430002272129059,0.5702378153800964,0.31084102392196655,0.9594083428382874,0.9617463946342468
strat_neck_pick06__00001000__s0002.wav,0.4651484191417694,0.4526926279067993,0.653717041015625,0.550527036190033,0.5778589844703674,0.7640318274497986
les_neck_pick09__00001000__s0051.wav,0.39382699131965637,0.5775294899940491,0.3904663920402527,0.36636054515838623,0.9500393867492676,0.8781870007514954
les_bridge_pick15__00001000__s0053.wav,0.732926070690155,0.6712368726730347,0.5383730530738831,0.741807758808136,0.6166621446609497,0.5179949998855591
tele_bridge_fing17__00001000__s0005.wav,0.565227746963501,0.5418583154678345,0.3258160352706909,0.4105113744735718,0.8808298110961914,0.8494747877120972
les_neck_pick19__00001000__s0007.wav,0.3876422643661499,0.3543325364589691,0.8032982349395752,0.8034619092941284,0.5979140996932983,0.7491214871406555
tele_neck_fing23__00001000__s0003.wav,0.07017678022384644,0.04852144047617912,0.49779292941093445,0.24018706381320953,0.5242375135421753,0.7644745111465454
prs_neck_fing03__00001000__s0013.wav,0.9279715418815613,0.9119942784309387,0.08975547552108765,0.26834431290626526,0.06417574733495712,0.11312007158994675
tele_neck_pick04__00001000__s0009.wav,0.2335694283246994,0.6112985014915466,0.17958423495292664,0.8262547850608826,0.5475371479988098,0.7134013772010803
les_bridge_fing05__00001000__s0033.wav,0.3670109510421753,0.3630286455154419,0.28972530364990234,0.42578497529029846,0.7256373167037964,0.7731052041053772
les_neck_pick14__00001000__s0038.wav,0.00814136490225792,0.2603866159915924,0.0031971249263733625,0.5250421762466431,0.6917715072631836,0.4731730818748474
les_bridge_fing05__00001000__s0007.wav,0.5231910347938538,0.7580963969230652,0.964618980884552,0.6028210520744324,0.11305449157953262,0.23578457534313202
strat_bridge_pick18__00001000__s0031.wav,0.6505669951438904,0.27835920453071594,0.22674190998077393,0.24079538881778717,0.0020616541150957346,0.116187185049057
strat_bridge_pick21__00001000__s0048.wav,0.5065179467201233,0.6733733415603638,0.4933852255344391,0.3394969701766968,0.7978296875953674,0.7775120139122009
tele_neck_pick16__00001000__s0049.wav,0.2458896040916443,0.2204611450433731,0.815842866897583,0.4950661063194275,0.2170485109090805,0.11243828386068344
strat_bridge_pick10__00001000__s0002.wav,0.19338536262512207,0.12255861610174179,0.21037113666534424,0.3649909198284149,0.9187954664230347,0.8980779051780701
prs_bridge_fing24__00001000__s0048.wav,0.6672794222831726,0.38833490014076233,0.1767032891511917,0.28651171922683716,0.15760082006454468,0.10842186957597733
tele_neck_fing01__00001000__s0037.wav,0.394586443901062,0.486294686794281,0.23594918847084045,0.2962152659893036,0.9662205576896667,0.9009827375411987
prs_neck_fing23__00001000__s0027.wav,0.782576322555542,0.6695941090583801,0.2435702383518219,0.47275516390800476,0.1760561764240265,0.36915814876556396
tele_neck_fing06__00001000__s0022.wav,0.3191894590854645,0.3547319769859314,0.6392537355422974,0.8652122616767883,0.1095605194568634,0.2401733100414276
strat_neck_fing22__00001000__s0043.wav,0.18662886321544647,0.47008296847343445,0.91492760181427,0.4977884590625763,0.10549844801425934,0.4191378355026245
les_bridge_fing17__00001000__s0017.wav,0.21832744777202606,0.513983964920044,0.1617453694343567,0.7084594964981079,0.7831991910934448,0.7679691314697266
les_neck_fing04__00001000__s0033.wav,0.8888589143753052,0.7844659686088562,0.2698366940021515,0.2384897619485855,0.018442513421177864,0.19431476294994354
les_neck_pick04__00001000__s0007.wav,0.0415804497897625,0.0684947520494461,0.4436994791030884,0.5383310317993164,0.6140379309654236,0.6189241409301758
tele_neck_pick20__00001000__s0023.wav,0.11288606375455856,0.18915964663028717,0.6658210754394531,0.7649754881858826,0.5237388014793396,0.6960715651512146
prs_bridge_fing10__00001000__s0045.wav,0.4650701880455017,0.607844889163971,0.9819702506065369,0.5105692148208618,0.713071882724762,0.7968633770942688
prs_neck_pick23__00001000__s0030.wav,0.8942375779151917,0.8956277370452881,0.1280355453491211,0.5442513227462769,0.13613440096378326,0.1940607726573944
les_bridge_pick07__00001000__s0007.wav,0.7910521030426025,0.5896857976913452,0.9233084321022034,0.6906066536903381,0.25969913601875305,0.28859829902648926
les_neck_fing12__00001000__s0009.wav,0.861356258392334,0.8151569366455078,0.29052790999412537,0.20451970398426056,0.081342913210392,0.2024170607328415
strat_neck_pick22__00001000__s0024.wav,0.9227336645126343,0.6987537741661072,0.5994766354560852,0.6110451221466064,0.060821786522865295,0.0678686797618866
strat_bridge_pick25__00001000__s0018.wav,0.4295588731765747,0.578840434551239,0.5288792848587036,0.7081825733184814,0.9223343729972839,0.8117221593856812
prs_neck_fing08__00001000__s0027.wav,0.3685535788536072,0.38584527373313904,0.5228226184844971,0.18406426906585693,0.634382963180542,0.7544134855270386
prs_bridge_fing10__00001000__s0034.wav,0.6706235408782959,0.4759615957736969,0.6552615165710449,0.5838057994842529,0.391368567943573,0.4565369188785553
prs_bridge_pick15__00001000__s0042.wav,0.6277147531509399,0.615100622177124,0.32096293568611145,0.3592497706413269,0.3043646216392517,0.17654754221439362
tele_bridge_fing18__00001000__s0005.wav,0.11425072699785233,0.06764662265777588,0.5226988196372986,0.854948103427887,0.5629847645759583,0.621554970741272
les_neck_fing15__00001000__s0005.wav,0.18362264335155487,0.5429618954658508,0.4452941119670868,0.14849209785461426,0.009793903678655624,0.04972808063030243
tele_bridge_fing09__00001000__s0016.wav,0.42196616530418396,0.40592625737190247,0.13601519167423248,0.32671114802360535,0.178814098238945,0.4718046188354492
prs_bridge_fing21__00001000__s0055.wav,0.9028540849685669,0.8179733753204346,0.9021962285041809,0.42899367213249207,0.7161594033241272,0.517703652381897
tele_bridge_fing13__00001000__s0003.wav,0.7002478837966919,0.6829325556755066,0.011438863351941109,0.43894803524017334,0.4576464295387268,0.32061922550201416
strat_bridge_fing04__00001000__s0030.wav,0.23556506633758545,0.2896670401096344,0.14662477374076843,0.7794631123542786,0.9725964665412903,0.9548835754394531
tele_bridge_pick09__00001000__s0052.wav,0.41562339663505554,0.43428727984428406,0.5345522165298462,0.6441599726676941,0.9882131218910217,0.9698703289031982
les_bridge_pick17__00001000__s0016.wav,0.9243056774139404,0.7716538310050964,0.5687091946601868,0.3189229369163513,0.012996705248951912,0.09504132717847824
strat_bridge_pick17__00001000__s0055.wav,0.17284947633743286,0.23828907310962677,0.7098460793495178,0.6933543682098389,0.6430651545524597,0.7618043422698975
prs_bridge_fing05__00001000__s0028.wav,0.3182305097579956,0.48817819356918335,0.7275506258010864,0.6465786099433899,0.7905575633049011,0.7965203523635864
strat_bridge_fing09__00001000__s0031.wav,0.8395833969116211,0.8134118318557739,0.6168895363807678,0.7227256894111633,0.05773670971393585,0.06281716376543045
strat_neck_pick24__00001000__s0052.wav,0.036675337702035904,0.06729666143655777,0.23298560082912445,0.31477510929107666,0.7285502552986145,0.5651344060897827
prs_bridge_fing02__00001000__s0022.wav,0.8032301068305969,0.6945163607597351,0.312960147857666,0.5106456875801086,0.8448480367660522,0.8400395512580872
les_neck_fing12__00001000__s0017.wav,0.5322431325912476,0.5743241906166077,0.9135400652885437,0.35611942410469055,0.15519434213638306,0.22345809638500214
tele_bridge_fing19__00001000__s0022.wav,0.8403375148773193,0.7842223048210144,0.21007396280765533,0.4233644902706146,0.681556224822998,0.5893265604972839
prs_neck_fing08__00001000__s0029.wav,0.9424987435340881,0.8131886720657349,0.5801969766616821,0.5350818634033203,0.6428466439247131,0.23031923174858093
strat_neck_pick04__00001000__s0054.wav,0.2250644862651825,0.4519028663635254,0.7755086421966553,0.3367590010166168,0.047417059540748596,0.1429925262928009
prs_bridge_pick15__00001000__s0012.wav,0.35179051756858826,0.1957874894142151,0.0667833611369133,0.3692358136177063,0.6360947489738464,0.7643637657165527
les_neck_pick24__00001000__s0045.wav,0.6032938361167908,0.5287446975708008,0.15779589116573334,0.5241392254829407,0.9638915657997131,0.9763862490653992
tele_neck_fing19__00001000__s0030.wav,0.8424397706985474,0.6125628352165222,0.11963529884815216,0.23747481405735016,0.5690390467643738,0.529956042766571
strat_neck_fing07__00001000__s0001.wav,0.522851824760437,0.6294963359832764,0.3451045751571655,0.4460035562515259,0.18420596420764923,0.44709035754203796
strat_bridge_pick16__00001000__s0052.wav,0.853188157081604,0.7177508473396301,0.4525958001613617,0.4321299195289612,0.7840072512626648,0.913266658782959
les_neck_pick03__00001000__s0031.wav,0.5121815204620361,0.4494198262691498,0.2099328488111496,0.2938757538795471,0.8167564868927002,0.7287097573280334
tele_bridge_pick08__00001000__s0046.wav,0.4741923213005066,0.6457874774932861,0.9599587917327881,0.6536163091659546,0.75975501537323,0.8449565768241882
prs_bridge_fing21__00001000__s0039.wav,0.028179306536912918,0.354835569858551,0.6396427154541016,0.3324422240257263,0.017658505588769913,0.06772895157337189
prs_neck_fing03__00001000__s0029.wav,0.8890604376792908,0.8974149823188782,0.0026429672725498676,0.14274457097053528,0.39484384655952454,0.39228057861328125
tele_neck_pick09__00001000__s0023.wav,0.07403800636529922,0.218312069773674,0.528781533241272,0.5891852378845215,0.6387138962745667,0.45942309498786926
strat_bridge_fing16__00001000__s0010.wav,0.8033745288848877,0.7877320647239685,0.1469280868768692,0.6846787929534912,0.23322339355945587,0.1357756406068802
strat_neck_pick04__00001000__s0035.wav,0.31595221161842346,0.4181807041168213,0.5012154579162598,0.3786647319793701,0.7454338073730469,0.7192660570144653
les_bridge_pick05__00001000__s0020.wav,0.12877942621707916,0.171736940741539,0.04199014976620674,0.30566903948783875,0.8792617917060852,0.6646926999092102
prs_neck_fing08__00001000__s0013.wav,0.5120809078216553,0.6622903943061829,0.9925277233123779,0.47616833448410034,0.05306166410446167,0.17357881367206573
les_neck_pick02__00001000__s0035.wav,0.6589282751083374,0.722976565361023,0.032369039952754974,0.13851940631866455,0.6775602698326111,0.5683435797691345
tele_neck_fing02__00001000__s0027.wav,0.6648797392845154,0.7396157383918762,0.8709625005722046,0.8168477416038513,0.4707447588443756,0.46542200446128845
les_neck_pick01__00001000__s0019.wav,0.25320926308631897,0.3209385573863983,0.34802594780921936,0.29732999205589294,0.5106363892555237,0.7022355198860168
prs_neck_fing12__00001000__s0004.wav,0.7462961673736572,0.6684626936912537,0.4514816105365753,0.5052225589752197,0.45819512009620667,0.6345129609107971
les_bridge_fing02__00001000__s0047.wav,0.45070770382881165,0.5060192942619324,0.7023093700408936,0.5437914133071899,0.6511841416358948,0.5046080946922302
tele_neck_pick22__00001000__s0016.wav,0.33251792192459106,0.6124252080917358,0.9660183191299438,0.5332918763160706,0.32439857721328735,0.7552549242973328
prs_bridge_pick24__00001000__s0005.wav,0.8291313052177429,0.8344414234161377,0.18936756253242493,0.44681715965270996,0.2378172129392624,0.11370506882667542
tele_neck_pick03__00001000__s0020.wav,0.06593940407037735,0.15132933855056763,0.4941418468952179,0.5329350233078003,0.5975034832954407,0.5318549275398254
les_neck_fing25__00001000__s0047.wav,0.9191202521324158,0.7536981701850891,0.23902297019958496,0.4167850613594055,0.1398221105337143,0.19154876470565796
prs_bridge_fing03__00001000__s0007.wav,0.3317480981349945,0.24833916127681732,0.349317342042923,0.7686225175857544,0.3863212764263153,0.5162177085876465
prs_neck_fing21__00001000__s0046.wav,0.8810484409332275,0.9063960313796997,0.05851073935627937,0.34517544507980347,0.589670717716217,0.5749232172966003
prs_neck_pick01__00001000__s0041.wav,0.15636847913265228,0.26730677485466003,0.6395567059516907,0.23794019222259521,0.14091770350933075,0.1262771487236023
tele_neck_pick02__00001000__s0042.wav,0.3369079828262329,0.5900875329971313,0.7798731327056885,0.1110340803861618,0.029154842719435692,0.5232148170471191
les_neck_pick23__00001000__s0004.wav,0.06715649366378784,0.25227582454681396,0.5605999231338501,0.7136397361755371,0.5641099214553833,0.42562147974967957
prs_bridge_fing17__00001000__s0022.wav,0.5501412153244019,0.589466392993927,0.6175118088722229,0.5680407881736755,0.44426167011260986,0.32952526211738586
strat_neck_fing03__00001000__s0030.wav,0.9208173751831055,0.6901360750198364,0.59293133020401,0.5017990469932556,0.23997166752815247,0.11454088240861893
prs_neck_fing10__00001000__s0044.wav,0.3425886034965515,0.4281826317310333,0.5489630699157715,0.545370876789093,0.8032437562942505,0.6262360215187073
prs_neck_pick04__00001000__s0051.wav,0.09417729079723358,0.19785165786743164,0.46984487771987915,0.4838469326496124,0.22466814517974854,0.33337584137916565
les_neck_pick24__00001000__s0016.wav,0.5820133090019226,0.510934054851532,0.8708939552307129,0.5442801713943481,0.7994778156280518,0.8853293657302856
tele_bridge_fing13__00001000__s0035.wav,0.6213175654411316,0.6483539342880249,0.07433206588029861,0.6216681003570557,0.9427368640899658,0.9577851295471191
tele_neck_pick02__00001000__s0006.wav,0.16714966297149658,0.1455441117286682,0.108434297144413,0.22281663119792938,0.7852677702903748,0.7385562658309937
strat_bridge_pick05__00001000__s0030.wav,0.6804311275482178,0.5932988524436951,0.4129488468170166,0.30754485726356506,0.4736342132091522,0.539960503578186
les_neck_fing18__00001000__s0054.wav,0.48428893089294434,0.5991392135620117,0.6200228333473206,0.49716562032699585,0.11229731142520905,0.11468638479709625
strat_neck_fing06__00001000__s0023.wav,0.6721777319908142,0.4072464108467102,0.5070555806159973,0.40671196579933167,0.02728584222495556,0.08842414617538452
strat_bridge_fing08__00001000__s0022.wav,0.7148165106773376,0.44629237055778503,0.15650910139083862,0.6200798153877258,0.7195890545845032,0.8383401036262512
les_neck_fing05__00001000__s0019.wav,0.34650853276252747,0.3471231758594513,0.7898436784744263,0.8235942125320435,0.905764639377594,0.8498474955558777
strat_bridge_pick09__00001000__s0029.wav,0.4312564432621002,0.38225433230400085,0.7047258615493774,0.7448123097419739,0.2949092388153076,0.3458775579929352
tele_bridge_fing16__00001000__s0038.wav,0.5837774872779846,0.4858860969543457,0.14745371043682098,0.35349464416503906,0.19166073203086853,0.11657223850488663
prs_neck_fing10__00001000__s0025.wav,0.5528260469436646,0.4219623804092407,0.7469026446342468,0.6089644432067871,0.8290616273880005,0.8595012426376343
tele_bridge_fing22__00001000__s0051.wav,0.19890257716178894,0.19557049870491028,0.6835936903953552,0.8295919299125671,0.6658647656440735,0.7626931071281433
les_neck_fing01__00001000__s0048.wav,0.5266516208648682,0.62465900182724,0.2612040936946869,0.841402530670166,0.8375852704048157,0.948652982711792
tele_neck_fing06__00001000__s0019.wav,0.4094598889350891,0.29197070002555847,0.2466641068458557,0.12178894132375717,0.018367044627666473,0.13715310394763947
prs_bridge_pick05__00001000__s0044.wav,0.4615494906902313,0.4649072587490082,0.11077002435922623,0.18592941761016846,0.7414064407348633,0.716526448726654
strat_neck_fing05__00001000__s0055.wav,0.27789971232414246,0.6477487683296204,0.7808922529220581,0.7627657651901245,0.7611338496208191,0.620338499546051
les_bridge_fing21__00001000__s0024.wav,0.6098440289497375,0.47349587082862854,0.9202786684036255,0.7857561707496643,0.6322160363197327,0.5224173665046692
prs_bridge_pick17__00001000__s0035.wav,0.2213568091392517,0.16478277742862701,0.2835233807563782,0.3712383210659027,0.6356180906295776,0.7386001348495483
prs_bridge_pick09__00001000__s0047.wav,0.7312591671943665,0.8265008926391602,0.3642391562461853,0.5958349108695984,0.19513194262981415,0.24240612983703613
strat_bridge_fing04__00001000__s0048.wav,0.5930465459823608,0.5394653677940369,0.1271931380033493,0.15308621525764465,0.7348259687423706,0.7585081458091736
prs_neck_fing08__00001000__s0038.wav,0.48113515973091125,0.6595929861068726,0.07822924852371216,0.2851875424385071,0.37988588213920593,0.3127114176750183
les_neck_fing23__00001000__s0000.wav,0.4982626438140869,0.4637373089790344,0.591305673122406,0.3328094780445099,0.5877952575683594,0.5953556895256042
prs_neck_fing14__00001000__s0021.wav,0.7616238594055176,0.8674755096435547,0.7644616961479187,0.65577232837677,0.42186158895492554,0.2992279827594757
prs_neck_pick22__00001000__s0039.wav,0.897504985332489,0.89292973279953,0.1925344467163086,0.4847666621208191,0.6298019886016846,0.6544652581214905
strat_neck_pick12__00001000__s0022.wav,0.7317203283309937,0.6396737098693848,0.564352810382843,0.52845299243927,0.27116239070892334,0.4060555696487427
prs_neck_fing19__00001000__s0051.wav,0.714653730392456,0.5309970378875732,0.19583851099014282,0.47160425782203674,0.2431199997663498,0.3063417673110962
tele_bridge_pick25__00001000__s0027.wav,0.14467625319957733,0.09827689081430435,0.05649317428469658,0.1625691056251526,0.033208027482032776,0.41777536273002625
tele_neck_fing01__00001000__s0033.wav,0.4673461318016052,0.6377938389778137,0.09767146408557892,0.26288148760795593,0.6036863923072815,0.3772070109844208
les_bridge_fing02__00001000__s0001.wav,0.8937092423439026,0.9419512152671814,0.7854529023170471,0.6841269135475159,0.6381090879440308,0.34407979249954224
prs_neck_pick25__00001000__s0036.wav,0.35802915692329407,0.2521263659000397,0.6039553880691528,0.685166597366333,0.5889585614204407,0.4499529302120209
les_neck_fing03__00001000__s0031.wav,0.878648042678833,0.9227356314659119,0.7807625532150269,0.35982802510261536,0.9982061386108398,0.9707136154174805
tele_bridge_fing15__00001000__s0022.wav,0.9651165008544922,0.7993334531784058,0.09302670508623123,0.522854745388031,0.33948850631713867,0.3031303286552429
prs_neck_pick16__00001000__s0030.wav,0.15562286972999573,0.1969396322965622,0.044517651200294495,0.13826237618923187,0.15995129942893982,0.4036724269390106
tele_bridge_fing01__00001000__s0004.wav,0.8616909980773926,0.8402398824691772,0.2715740501880646,0.6432196497917175,0.6000121831893921,0.6993399858474731
strat_bridge_fing23__00001000__s0048.wav,0.9866881966590881,0.5961235165596008,0.0695122480392456,0.22787971794605255,0.24988730251789093,0.21354354918003082
strat_bridge_fing07__00001000__s0045.wav,0.4064788818359375,0.3836999535560608,0.34097278118133545,0.17792482674121857,0.15447872877120972,0.2573179304599762
strat_neck_pick17__00001000__s0053.wav,0.1993229240179062,0.14136630296707153,0.830455482006073,0.7690437436103821,0.5322461128234863,0.4875006079673767
les_bridge_fing24__00001000__s0051.wav,0.8477696180343628,0.8119873404502869,0.00037985085509717464,0.4627075791358948,0.2458031326532364,0.5848610401153564
tele_bridge_pick06__00001000__s0041.wav,0.38811591267585754,0.79649817943573,0.6765531301498413,0.6596784591674805,0.05792843550443649,0.08248059451580048
les_neck_fing19__00001000__s0018.wav,0.11203549057245255,0.16665375232696533,0.188502699136734,0.4713391661643982,0.6720309257507324,0.4416950047016144
tele_neck_pick10__00001000__s0009.wav,0.05549171566963196,0.08541199564933777,0.34895190596580505,0.8063058257102966,0.6112525463104248,0.4177249073982239
tele_bridge_fing25__00001000__s0006.wav,0.6759166121482849,0.6729316711425781,0.42441701889038086,0.5371752977371216,0.45838525891304016,0.3432902991771698
strat_bridge_fing19__00001000__s0006.wav,0.31291329860687256,0.5564363598823547,0.35455039143562317,0.3189370632171631,0.7766359448432922,0.8399463295936584
tele_bridge_fing15__00001000__s0017.wav,0.816342830657959,0.5720365047454834,0.05358346924185753,0.3553301990032196,0.4809410572052002,0.5005752444267273
tele_bridge_pick18__00001000__s0023.wav,0.66890549659729,0.5998197793960571,0.3766251504421234,0.4826996922492981,0.06104521453380585,0.15621110796928406
tele_bridge_pick06__00001000__s0035.wav,0.2327670156955719,0.09977984428405762,0.9700295329093933,0.9336176514625549,0.6745089888572693,0.7585265040397644
les_neck_pick09__00001000__s0012.wav,0.9371795058250427,0.6491780877113342,0.7361354827880859,0.3388728201389313,0.09373223036527634,0.22474989295005798
tele_neck_fing08__00001000__s0008.wav,0.48759445548057556,0.46791207790374756,0.5802001357078552,0.5454052686691284,0.4637070596218109,0.30630889534950256
les_neck_pick13__00001000__s0037.wav,0.691376805305481,0.5482329726219177,0.5242270231246948,0.5333041548728943,0.2664567828178406,0.1553746610879898
prs_neck_fing24__00001000__s0005.wav,0.25901997089385986,0.11522549390792847,0.13678504526615143,0.08962926268577576,0.8749298453330994,0.9065548181533813
strat_neck_pick03__00001000__s0023.wav,0.49941959977149963,0.5498504638671875,0.3820139169692993,0.6661837100982666,0.9975111484527588,0.9567413926124573
tele_neck_pick24__00001000__s0055.wav,0.7568420767784119,0.6511824131011963,0.08472895622253418,0.20976433157920837,0.062153540551662445,0.06110629811882973
strat_bridge_pick10__00001000__s0040.wav,0.47705981135368347,0.4746131896972656,0.3897611200809479,0.46921515464782715,0.5810625553131104,0.604806661605835
strat_neck_pick13__00001000__s0012.wav,0.8588017821311951,0.5249730348587036,0.8431032299995422,0.25648361444473267,0.002074695425108075,0.038676872849464417
prs_neck_fing16__00001000__s0030.wav,0.6633637547492981,0.4465114176273346,0.2698844075202942,0.530532717704773,0.3886730372905731,0.1662697196006775
strat_bridge_pick20__00001000__s0014.wav,0.10075080394744873,0.1765119880437851,0.8675227165222168,0.7649003863334656,0.848660409450531,0.73919278383255
tele_bridge_fing07__00001000__s0025.wav,0.006894837599247694,0.03120802715420723,0.6784204244613647,0.39723196625709534,0.26493021845817566,0.46182316541671753
les_bridge_pick17__00001000__s0005.wav,0.4639596939086914,0.6138349771499634,0.5283972024917603,0.49949780106544495,0.7655516266822815,0.7811634540557861
strat_neck_fing16__00001000__s0011.wav,0.18292191624641418,0.35107821226119995,0.34701335430145264,0.2981160283088684,0.04903920367360115,0.19966989755630493
les_neck_fing04__00001000__s0030.wav,0.1379750370979309,0.16703230142593384,0.2578902840614319,0.4124299883842468,0.6228824853897095,0.5036683082580566
prs_neck_pick05__00001000__s0035.wav,0.2748056948184967,0.21091391146183014,0.027597175911068916,0.41520774364471436,0.16408683359622955,0.0667225643992424
prs_bridge_fing08__00001000__s0053.wav,0.5367543697357178,0.27038702368736267,0.2906681299209595,0.29967764019966125,0.04932349920272827,0.19137455523014069
strat_neck_fing11__00001000__s0051.wav,0.6438501477241516,0.6278718113899231,0.7135690450668335,0.34971684217453003,0.9182132482528687,0.9448618292808533
prs_bridge_fing19__00001000__s0023.wav,0.10761900246143341,0.22763380408287048,0.912007749080658,0.47699594497680664,0.11282642930746078,0.30606597661972046
tele_neck_pick01__00001000__s0006.wav,0.7513405680656433,0.7001292109489441,0.23512566089630127,0.6656679511070251,0.5833739042282104,0.6489479541778564
les_bridge_fing07__00001000__s0043.wav,0.3590237498283386,0.4008800685405731,0.06562595814466476,0.07014816254377365,0.5790350437164307,0.4093821346759796
strat_bridge_pick20__00001000__s0021.wav,0.07091211527585983,0.12017375975847244,0.5341494679450989,0.5604183077812195,0.970340371131897,0.8259507417678833
les_neck_fing25__00001000__s0015.wav,0.01909116469323635,0.08566628396511078,0.7150968313217163,0.5740567445755005,0.4304344952106476,0.4017568826675415
strat_bridge_fing16__00001000__s0012.wav,0.2402711659669876,0.2789965569972992,0.04276365786790848,0.11233201622962952,0.02302929200232029,0.053701020777225494
prs_bridge_pick15__00001000__s0043.wav,0.36837437748908997,0.48203665018081665,0.3511600196361542,0.6133711338043213,0.5972627997398376,0.634882390499115
les_neck_pick18__00001000__s0034.wav,0.5866556763648987,0.5151342153549194,0.3603169023990631,0.47885385155677795,0.08827155083417892,0.17930711805820465
strat_bridge_fing13__00001000__s0014.wav,0.6335867047309875,0.874196469783783,0.5892899632453918,0.651515781879425,0.211487278342247,0.22094395756721497
tele_bridge_fing04__00001000__s0045.wav,0.1340961456298828,0.23282131552696228,0.7070184946060181,0.8127310276031494,0.7281858921051025,0.46568942070007324
tele_neck_fing07__00001000__s0053.wav,0.9515414237976074,0.4847768545150757,0.980641782283783,0.5296467542648315,0.42830556631088257,0.6200650334358215
strat_bridge_fing23__00001000__s0006.wav,0.5583082437515259,0.6926411986351013,0.6482589840888977,0.603042483329773,0.6046535968780518,0.684106171131134
les_bridge_fing17__00001000__s0031.wav,0.636816143989563,0.4550755023956299,0.6297802925109863,0.3967837989330292,0.02486751228570938,0.052094705402851105
prs_neck_fing10__00001000__s0024.wav,0.03705145791172981,0.1539761871099472,0.9593267440795898,0.7246431112289429,0.29704299569129944,0.5151906609535217
les_neck_pick17__00001000__s0039.wav,0.1503981202840805,0.14848656952381134,0.3680388629436493,0.4208938479423523,0.967441737651825,0.8369624614715576
tele_neck_pick07__00001000__s0024.wav,0.42188331484794617,0.510790228843689,0.17743070423603058,0.39765340089797974,0.46733441948890686,0.6116822957992554
strat_bridge_pick01__00001000__s0045.wav,0.03724648058414459,0.2455953061580658,0.49206846952438354,0.19390180706977844,0.47564464807510376,0.35050809383392334
prs_bridge_pick25__00001000__s0011.wav,0.23266753554344177,0.16962331533432007,0.41303667426109314,0.4124525189399719,0.8242356777191162,0.6674710512161255
tele_bridge_fing09__00001000__s0047.wav,0.03766920790076256,0.03438543900847435,0.6022266149520874,0.6842613816261292,0.6847372651100159,0.6877554655075073
prs_neck_fing14__00001000__s0001.wav,0.024570850655436516,0.3069279193878174,0.6573248505592346,0.1616518795490265,0.2217886745929718,0.7085735201835632
prs_neck_pick03__00001000__s0048.wav,0.5914212465286255,0.642941415309906,0.8468841910362244,0.3352958858013153,0.666753351688385,0.7383540868759155
les_neck_fing23__00001000__s0036.wav,0.6587634086608887,0.7484602928161621,0.8748956918716431,0.32584765553474426,0.5877170562744141,0.5257106423377991
les_bridge_fing08__00001000__s0007.wav,0.6480606198310852,0.7123998999595642,0.9269363880157471,0.3691917061805725,0.6202741861343384,0.6165825724601746
tele_neck_pick14__00001000__s0038.wav,0.7897219061851501,0.5423093438148499,0.3446475863456726,0.5526691675186157,0.32197171449661255,0.4446476101875305
prs_bridge_pick11__00001000__s0022.wav,0.46668127179145813,0.6458969712257385,0.6208318471908569,0.7132841348648071,0.6044667363166809,0.6129092574119568
prs_neck_pick22__00001000__s0024.wav,0.8353182077407837,0.6436187028884888,0.41598910093307495,0.5789797902107239,0.057296350598335266,0.16920018196105957
prs_bridge_pick18__00001000__s0031.wav,0.07866574078798294,0.041752733290195465,0.07315666228532791,0.1550053060054779,0.8525041341781616,0.4997190535068512
prs_bridge_fing21__00001000__s0050.wav,0.8265975713729858,0.8849971890449524,0.7068612575531006,0.26065337657928467,0.9043425917625427,0.9350126385688782
tele_neck_pick06__00001000__s0019.wav,0.4975307583808899,0.4774557054042816,0.2780260741710663,0.29774340987205505,0.8141674399375916,0.7588522434234619
les_bridge_pick20__00001000__s0039.wav,0.2637059986591339,0.26461079716682434,0.05478361248970032,0.40381184220314026,0.5098310708999634,0.23831221461296082
tele_bridge_fing18__00001000__s0036.wav,0.06441765278577805,0.07140927016735077,0.4661962389945984,0.21969567239284515,0.3510417640209198,0.3736509084701538
strat_bridge_fing24__00001000__s0021.wav,0.4641612768173218,0.3317255675792694,0.947639524936676,0.7441791296005249,0.8214992880821228,0.656823992729187
prs_bridge_fing02__00001000__s0031.wav,0.2611958980560303,0.8032588362693787,0.05539744719862938,0.3888337314128876,0.015906672924757004,0.09697092324495316
strat_neck_fing25__00001000__s0010.wav,0.9592720866203308,0.8621442317962646,0.9641759991645813,0.7003035545349121,0.3720451593399048,0.5045193433761597
strat_bridge_pick07__00001000__s0038.wav,0.12630435824394226,0.11785778403282166,0.7474916577339172,0.907072901725769,0.6493712663650513,0.8416751027107239
prs_neck_pick13__00001000__s0012.wav,0.4345662295818329,0.5040727853775024,0.17054840922355652,0.7039777040481567,0.6575193405151367,0.5651026964187622
prs_neck_fing06__00001000__s0009.wav,0.6654493808746338,0.6848306655883789,0.9481227993965149,0.3161863386631012,0.6173235774040222,0.6009132266044617
prs_neck_fing07__00001000__s0027.wav,0.5974637269973755,0.577191948890686,0.3558744192123413,0.28919896483421326,0.7451469302177429,0.6452035307884216
les_bridge_pick14__00001000__s0045.wav,0.8999433517456055,0.8705232739448547,0.5421757102012634,0.7291260361671448,0.7447720766067505,0.5360164046287537
strat_neck_pick19__00001000__s0022.wav,0.47496160864830017,0.7237957715988159,0.48601600527763367,0.6484361886978149,0.09199464321136475,0.0986761525273323
les_neck_pick25__00001000__s0013.wav,0.9589383006095886,0.6701740622520447,0.27891427278518677,0.511948823928833,0.791402280330658,0.5349656343460083
prs_bridge_fing14__00001000__s0027.wav,0.33658695220947266,0.577499270439148,0.7198123335838318,0.7597449421882629,0.6939323544502258,0.5393609404563904
prs_bridge_pick13__00001000__s0019.wav,0.5596179366111755,0.5784345269203186,0.6963363289833069,0.6538903713226318,0.23680445551872253,0.46818846464157104
prs_bridge_pick03__00001000__s0013.wav,0.6789013147354126,0.46682125329971313,0.5302032828330994,0.6840465664863586,0.4844655394554138,0.4343877136707306
prs_neck_fing17__00001000__s0004.wav,0.28189513087272644,0.4535081088542938,0.33604857325553894,0.5639936327934265,0.7890655398368835,0.6554937958717346
les_neck_pick03__00001000__s0010.wav,0.563427209854126,0.7339227795600891,0.9561231732368469,0.6727525591850281,0.9821799993515015,0.9461120963096619
strat_bridge_pick15__00001000__s0039.wav,0.09525085985660553,0.1406090259552002,0.9744488000869751,0.8014059066772461,0.4049656093120575,0.4386642575263977
les_bridge_pick20__00001000__s0033.wav,0.4486846327781677,0.30914098024368286,0.9900234341621399,0.41488903760910034,0.10409115999937057,0.11754245311021805
strat_neck_fing19__00001000__s0007.wav,0.20947861671447754,0.5607089996337891,0.2557690739631653,0.16003721952438354,0.5505673289299011,0.4904126226902008
strat_bridge_pick11__00001000__s0017.wav,0.7861983180046082,0.8699016571044922,0.25237080454826355,0.3230811357498169,0.9737939834594727,0.9479038715362549
prs_bridge_fing21__00001000__s0037.wav,0.46590811014175415,0.5446879267692566,0.3332009017467499,0.6788829565048218,0.1648285984992981,0.24519619345664978
les_bridge_fing19__00001000__s0003.wav,0.8808882832527161,0.8909375071525574,0.3674919605255127,0.46186432242393494,0.9630035758018494,0.9039398431777954
strat_bridge_fing11__00001000__s0004.wav,0.43206530809402466,0.5850771069526672,0.6062536835670471,0.4223814904689789,0.3367072343826294,0.3561474084854126
strat_neck_fing09__00001000__s0001.wav,0.023871544748544693,0.538875937461853,0.8594169616699219,0.28340572118759155,0.16503822803497314,0.5054225325584412
strat_neck_fing12__00001000__s0037.wav,0.03393760323524475,0.031914930790662766,0.5030255317687988,0.7081159949302673,0.5380951166152954,0.32168442010879517
prs_neck_fing18__00001000__s0049.wav,0.8963242173194885,0.7099376916885376,0.42353370785713196,0.7204331159591675,0.7107977867126465,0.8145830631256104
prs_bridge_pick11__00001000__s0053.wav,0.4440642297267914,0.5971055626869202,0.8303593993186951,0.6019843220710754,0.1602879911661148,0.2093588411808014
strat_bridge_fing19__00001000__s0049.wav,0.019253695383667946,0.09307189285755157,0.2960900068283081,0.34844961762428284,0.9731540679931641,0.8850237131118774
strat_bridge_pick20__00001000__s0051.wav,0.6360796093940735,0.6397786140441895,0.9305814504623413,0.8001832962036133,0.5734614133834839,0.7059825658798218
prs_bridge_pick10__00001000__s0014.wav,0.6120955944061279,0.6344523429870605,0.3553638756275177,0.2617717981338501,0.1590125560760498,0.3265429139137268
les_bridge_pick22__00001000__s0040.wav,0.972618043422699,0.4156076908111572,0.9649397730827332,0.5969851016998291,0.13375775516033173,0.2577553689479828
les_bridge_fing09__00001000__s0019.wav,0.3323904573917389,0.23833145201206207,0.5980709195137024,0.7604343295097351,0.9305471777915955,0.9151624441146851
tele_bridge_pick21__00001000__s0017.wav,0.6206558346748352,0.44432127475738525,0.020351329818367958,0.08905775845050812,0.8134509325027466,0.6894167065620422
strat_neck_pick24__00001000__s0040.wav,0.6640253663063049,0.7374820113182068,0.9496851563453674,0.7015164494514465,0.8425126671791077,0.755836009979248
prs_bridge_fing06__00001000__s0054.wav,0.0696357861161232,0.1421821564435959,0.6155989170074463,0.44557079672813416,0.11886684596538544,0.26842138171195984
tele_bridge_fing13__00001000__s0015.wav,0.35930928587913513,0.319925993680954,0.10199139267206192,0.2451273798942566,0.4896271228790283,0.44668594002723694
prs_neck_fing09__00001000__s0025.wav,0.10136771947145462,0.11930680274963379,0.030490785837173462,0.22622184455394745,0.48857995867729187,0.3581711947917938
tele_bridge_fing07__00001000__s0033.wav,0.0999363511800766,0.18369174003601074,0.9060888886451721,0.6162112355232239,0.041082944720983505,0.2580740451812744
les_neck_pick14__00001000__s0026.wav,0.5712445974349976,0.5041242837905884,0.32041510939598083,0.35932642221450806,0.2900179326534271,0.3374313414096832
strat_bridge_fing03__00001000__s0030.wav,0.3976185619831085,0.4580375552177429,0.5284479856491089,0.453609824180603,0.6402462720870972,0.6328829526901245
prs_bridge_fing13__00001000__s0039.wav,0.0329565554857254,0.11824489384889603,0.4261232316493988,0.338741660118103,0.744261622428894,0.8430145978927612
strat_bridge_pick03__00001000__s0019.wav,0.6864624619483948,0.6236147880554199,0.6463602185249329,0.48789578676223755,0.40692591667175293,0.651465654373169
les_neck_pick17__00001000__s0002.wav,0.5932117104530334,0.5766662359237671,0.9034539461135864,0.6812222599983215,0.8090612888336182,0.819234311580658
strat_bridge_fing14__00001000__s0048.wav,0.8591393828392029,0.36713817715644836,0.9182228446006775,0.247734934091568,0.09919513761997223,0.19108176231384277
prs_neck_fing18__00001000__s0048.wav,0.5848190188407898,0.5964847803115845,0.6790114641189575,0.761945366859436,0.3910481035709381,0.4149397611618042
les_neck_fing16__00001000__s0046.wav,0.948519229888916,0.9221357107162476,0.1320350468158722,0.5600549578666687,0.6905109882354736,0.566328227519989
prs_neck_pick14__00001000__s0019.wav,0.054255515336990356,0.0827408879995346,0.5126413702964783,0.6125063896179199,0.6403223276138306,0.5669741630554199
tele_neck_fing03__00001000__s0008.wav,0.9462095499038696,0.71358722448349,0.21656425297260284,0.39577290415763855,0.4875440001487732,0.7004817128181458
prs_bridge_pick02__00001000__s0015.wav,0.43169736862182617,0.37503716349601746,0.9028979539871216,0.8227229118347168,0.6481794118881226,0.668039858341217
tele_neck_pick04__00001000__s0028.wav,0.6754705309867859,0.7172894477844238,0.926361083984375,0.7511870861053467,0.7072959542274475,0.3421749472618103
prs_neck_pick24__00001000__s0029.wav,0.7962384223937988,0.6730039715766907,0.5004355311393738,0.25113582611083984,0.5621508955955505,0.5618371963500977
strat_bridge_pick22__00001000__s0000.wav,0.8623496294021606,0.9128279089927673,0.5914533734321594,0.11610118299722672,0.06844776123762131,0.27879393100738525
prs_bridge_pick17__00001000__s0040.wav,0.777308464050293,0.7524596452713013,0.07750114798545837,0.5869780778884888,0.4284830689430237,0.19935092329978943
strat_bridge_fing05__00001000__s0027.wav,0.5803959965705872,0.7670807242393494,0.44417545199394226,0.7814136147499084,0.4191407263278961,0.3634210526943207
tele_bridge_pick07__00001000__s0017.wav,0.3174974024295807,0.3427805006504059,0.03194146975874901,0.23209311068058014,0.8906989097595215,0.793537437915802
prs_neck_pick14__00001000__s0016.wav,0.8272884488105774,0.684813380241394,0.6403383612632751,0.6985703706741333,0.6418197751045227,0.7038732767105103
prs_neck_fing10__00001000__s0005.wav,0.4490412473678589,0.4365369379520416,0.3817582428455353,0.2705816328525543,0.9270240068435669,0.9312568306922913
tele_bridge_pick13__00001000__s0046.wav,0.7123221755027771,0.6052451729774475,0.27726706862449646,0.36845022439956665,0.7926124930381775,0.9020765423774719
tele_neck_pick05__00001000__s0004.wav,0.7565025687217712,0.665188729763031,0.4272536635398865,0.6034153699874878,0.4487462639808655,0.5385553240776062
strat_bridge_fing06__00001000__s0044.wav,0.40198376774787903,0.14322181046009064,0.02140945754945278,0.3780927062034607,0.04738650470972061,0.08397158980369568
tele_bridge_pick19__00001000__s0041.wav,0.7455389499664307,0.7099961042404175,0.21931953728199005,0.5711689591407776,0.7327682375907898,0.6716949343681335
prs_bridge_pick06__00001000__s0044.wav,0.2125258594751358,0.11452548205852509,0.17289946973323822,0.4723813235759735,0.7855177521705627,0.6553391218185425
tele_bridge_fing15__00001000__s0007.wav,0.19810540974140167,0.2902480661869049,0.5559279322624207,0.7596690058708191,0.5857278108596802,0.4432130455970764
tele_bridge_pick02__00001000__s0040.wav,0.9462533593177795,0.7924865484237671,0.4741067588329315,0.6117584705352783,0.24477876722812653,0.08399462699890137
les_bridge_pick08__00001000__s0026.wav,0.0830049216747284,0.22986947000026703,0.9581751227378845,0.8113882541656494,0.23533931374549866,0.29816505312919617
les_neck_pick04__00001000__s0033.wav,0.7359557747840881,0.7547449469566345,0.1239892989397049,0.2076263427734375,0.7619768977165222,0.556967556476593
les_bridge_fing12__00001000__s0035.wav,0.7671778798103333,0.6495094299316406,0.6684485077857971,0.49789559841156006,0.2939576804637909,0.23459523916244507
prs_neck_pick19__00001000__s0046.wav,0.7075728178024292,0.6449896693229675,0.8895689845085144,0.45068785548210144,0.13373880088329315,0.10032464563846588
strat_neck_fing20__00001000__s0054.wav,0.1747211068868637,0.2572583854198456,0.9022971391677856,0.840152382850647,0.708034873008728,0.5498936772346497
les_bridge_fing04__00001000__s0009.wav,0.3427411913871765,0.2963451147079468,0.28272005915641785,0.2855503559112549,0.29612472653388977,0.1587453931570053
les_bridge_fing01__00001000__s0003.wav,0.23687437176704407,0.17261768877506256,0.24428464472293854,0.28862234950065613,0.8029866218566895,0.6650039553642273
prs_neck_fing21__00001000__s0009.wav,0.2477550357580185,0.2623674273490906,0.9620204567909241,0.7238973379135132,0.6113004684448242,0.5795670747756958
tele_bridge_fing04__00001000__s0029.wav,0.6892294883728027,0.577753484249115,0.3542044162750244,0.12208441644906998,0.10894491523504257,0.5276393890380859
les_bridge_pick12__00001000__s0012.wav,0.570292592048645,0.5324864387512207,0.5692858695983887,0.5869118571281433,0.8677391409873962,0.8556243777275085
les_bridge_pick14__00001000__s0054.wav,0.11365435272455215,0.17462795972824097,0.21158884465694427,0.537096381187439,0.5754477381706238,0.4355926513671875
prs_neck_pick01__00001000__s0022.wav,0.4886721074581146,0.3921583890914917,0.04527859017252922,0.28711947798728943,0.3839137852191925,0.303791344165802
prs_bridge_fing10__00001000__s0015.wav,0.599246084690094,0.44651487469673157,0.2968074679374695,0.48127445578575134,0.5354627966880798,0.567562997341156
tele_neck_pick07__00001000__s0037.wav,0.6209604144096375,0.4307411313056946,0.5022706389427185,0.7193549275398254,0.19158819317817688,0.24948248267173767
strat_neck_pick19__00001000__s0049.wav,0.6367101669311523,0.41869300603866577,0.6492892503738403,0.37081649899482727,0.219793900847435,0.17061682045459747
les_bridge_pick06__00001000__s0052.wav,0.954796552658081,0.6382209658622742,0.11586648970842361,0.28825825452804565,0.014410312287509441,0.11410509049892426
tele_bridge_fing10__00001000__s0007.wav,0.570055365562439,0.572314977645874,0.7610899806022644,0.6990949511528015,0.956420361995697,0.9437187910079956
strat_neck_pick11__00001000__s0047.wav,0.39394286274909973,0.1825520247220993,0.761713981628418,0.26197606325149536,0.018275011330842972,0.07122105360031128
prs_neck_pick25__00001000__s0044.wav,0.6189282536506653,0.44057396054267883,0.33501869440078735,0.6725322008132935,0.5332428216934204,0.33137083053588867
les_bridge_pick18__00001000__s0040.wav,0.8622110486030579,0.8406022787094116,0.3976065516471863,0.5743128061294556,0.923254668712616,0.866994321346283
les_bridge_pick06__00001000__s0000.wav,0.28271058201789856,0.29121217131614685,0.9906536340713501,0.8739350438117981,0.621808648109436,0.6231891512870789
les_neck_pick17__00001000__s0016.wav,0.636976420879364,0.7645047307014465,0.44911402463912964,0.2214300036430359,0.4509323239326477,0.6828823685646057
tele_bridge_fing02__00001000__s0018.wav,0.0922212302684784,0.36996012926101685,0.9386605620384216,0.5468693971633911,0.06728886812925339,0.29564595222473145
tele_bridge_fing21__00001000__s0017.wav,0.8809018135070801,0.9009522795677185,0.1877368688583374,0.4368114471435547,0.8743537664413452,0.9151798486709595
tele_bridge_pick14__00001000__s0028.wav,0.20229773223400116,0.386245995759964,0.01432831771671772,0.20485475659370422,0.5507757067680359,0.6494858860969543
prs_bridge_pick25__00001000__s0018.wav,0.5833835005760193,0.4872003495693207,0.6253006458282471,0.4577833116054535,0.6106892228126526,0.6282931566238403
strat_neck_pick24__00001000__s0020.wav,0.6577140092849731,0.6462845802307129,0.696467399597168,0.6413893103599548,0.9288403987884521,0.9143365621566772
prs_bridge_fing04__00001000__s0047.wav,0.9159494042396545,0.6072084903717041,0.4999562203884125,0.423723042011261,0.5301771759986877,0.40731579065322876
tele_neck_fing06__00001000__s0026.wav,0.04855234548449516,0.16738562285900116,0.3438599705696106,0.33013829588890076,0.9523974061012268,0.749763011932373
prs_bridge_fing15__00001000__s0040.wav,0.36584195494651794,0.40008968114852905,0.29065170884132385,0.2631511688232422,0.6002057194709778,0.7487246990203857
tele_neck_pick18__00001000__s0043.wav,0.3253713548183441,0.3088272213935852,0.3526346981525421,0.6533625721931458,0.7030349969863892,0.5452753901481628
strat_bridge_fing12__00001000__s0052.wav,0.28333619236946106,0.27064844965934753,0.623014509677887,0.5875728130340576,0.531456470489502,0.42443352937698364
tele_bridge_pick18__00001000__s0007.wav,0.0010209600441157818,0.17437931895256042,0.3051527440547943,0.40951547026634216,0.19484730064868927,0.38687872886657715
tele_neck_pick24__00001000__s0024.wav,0.7230570912361145,0.9138683080673218,0.5065773725509644,0.30553966760635376,0.642845094203949,0.5951309204101562
prs_bridge_pick01__00001000__s0033.wav,0.898501992225647,0.6979573965072632,0.5329408645629883,0.8197005391120911,0.4439264237880707,0.5388410091400146
tele_bridge_fing03__00001000__s0024.wav,0.01859288103878498,0.14526313543319702,0.942345917224884,0.806572437286377,0.2077145129442215,0.40007755160331726
tele_bridge_fing14__00001000__s0031.wav,0.9037632942199707,0.6240336894989014,0.21782368421554565,0.278984010219574,0.5199394226074219,0.4294700622558594
les_bridge_fing01__00001000__s0042.wav,0.25434932112693787,0.19770710170269012,0.2585125267505646,0.31850138306617737,0.7172945141792297,0.6613881587982178
tele_neck_pick08__00001000__s0023.wav,0.03396337479352951,0.11738846451044083,0.8807337284088135,0.8481500744819641,0.8233322501182556,0.8310129046440125
strat_bridge_pick19__00001000__s0006.wav,0.16027502715587616,0.3932560682296753,0.5779072046279907,0.7860473990440369,0.4726105034351349,0.5528861880302429
les_neck_fing14__00001000__s0042.wav,0.770362377166748,0.8011389970779419,0.37295016646385193,0.7168197631835938,0.04785306379199028,0.26247289776802063
les_neck_fing20__00001000__s0030.wav,0.8403314352035522,0.797885537147522,0.16696186363697052,0.38872066140174866,0.8020243644714355,0.5951158404350281
prs_neck_pick12__00001000__s0028.wav,0.9190922379493713,0.4640578329563141,0.36322396993637085,0.6324635148048401,0.15473486483097076,0.1042751744389534
tele_neck_pick16__00001000__s0009.wav,0.5994147062301636,0.5927335619926453,0.9007245302200317,0.7605669498443604,0.34711381793022156,0.2183498740196228
strat_neck_fing01__00001000__s0008.wav,0.13251712918281555,0.28109976649284363,0.8119667768478394,0.7785020470619202,0.5135418176651001,0.5089468359947205
les_bridge_fing15__00001000__s0011.wav,0.07531017810106277,0.13211503624916077,0.9432002305984497,0.8556990027427673,0.28779393434524536,0.7034568786621094
tele_bridge_pick22__00001000__s0001.wav,0.809452474117279,0.6982470154762268,0.5392159223556519,0.5408198237419128,0.07010017335414886,0.05333443358540535
les_bridge_fing08__00001000__s0004.wav,0.8654504418373108,0.5279417037963867,0.47112709283828735,0.43904784321784973,0.7916601896286011,0.7502286434173584
prs_bridge_pick02__00001000__s0016.wav,0.9921537041664124,0.41420772671699524,0.34722432494163513,0.4488239288330078,0.4357384443283081,0.4896196126937866
strat_neck_fing09__00001000__s0019.wav,0.3207698464393616,0.39681077003479004,0.9229490756988525,0.6227563619613647,0.7731959223747253,0.6800124049186707
tele_bridge_pick06__00001000__s0015.wav,0.2803223133087158,0.5045794248580933,0.41443735361099243,0.37915828824043274,0.1258535534143448,0.1613447070121765
les_bridge_pick15__00001000__s0029.wav,0.07086765021085739,0.06415250897407532,0.806674063205719,0.8267027735710144,0.5750277042388916,0.5991977453231812
tele_bridge_fing01__00001000__s0021.wav,0.5342620611190796,0.32683563232421875,0.380417138338089,0.6849234104156494,0.41058412194252014,0.228148952126503
tele_bridge_fing10__00001000__s0047.wav,0.4070958197116852,0.41818514466285706,0.8155204057693481,0.25810691714286804,0.2460578978061676,0.3533703088760376
tele_neck_pick05__00001000__s0035.wav,0.2161073088645935,0.19247207045555115,0.9115860462188721,0.7876726388931274,0.18756869435310364,0.3353421092033386
prs_bridge_pick23__00001000__s0023.wav,0.515031099319458,0.4302736520767212,0.49327942728996277,0.7201942205429077,0.36460211873054504,0.2607410252094269
tele_bridge_pick05__00001000__s0013.wav,0.8378196954727173,0.8590936064720154,0.7814289331436157,0.4535273015499115,0.7685375213623047,0.6808897852897644
les_neck_pick20__00001000__s0022.wav,0.08176609873771667,0.4986633062362671,0.9576664566993713,0.27351903915405273,0.008538387715816498,0.19994547963142395
tele_bridge_pick25__00001000__s0050.wav,0.05486694723367691,0.17154307663440704,0.1840815246105194,0.4018516540527344,0.5074376463890076,0.42304179072380066
les_neck_pick05__00001000__s0037.wav,0.6093617081642151,0.7955569624900818,0.6802834272384644,0.17748957872390747,0.24216626584529877,0.3202802538871765
prs_bridge_pick18__00001000__s0024.wav,0.6788490414619446,0.7316703200340271,0.13126510381698608,0.1669769436120987,0.6074936389923096,0.5353851914405823
prs_bridge_fing20__00001000__s0041.wav,0.8714002370834351,0.4637593924999237,0.00550913717597723,0.27914926409721375,0.4916600286960602,0.18428707122802734
prs_neck_pick10__00001000__s0027.wav,0.6146411895751953,0.6235439777374268,0.2334332913160324,0.300018846988678,0.9963338375091553,0.9790968298912048
prs_bridge_fing15__00001000__s0000.wav,0.09655456244945526,0.08213671296834946,0.5657364130020142,0.6389275193214417,0.7855910658836365,0.7583083510398865
les_bridge_fing08__00001000__s0015.wav,0.7129904627799988,0.5918298959732056,0.939237654209137,0.6132387518882751,0.284354567527771,0.3838779926300049
tele_neck_fing04__00001000__s0054.wav,0.4177396893501282,0.5384855270385742,0.6456998586654663,0.33823350071907043,0.03907671570777893,0.11186310648918152
prs_bridge_pick11__00001000__s0043.wav,0.6363801956176758,0.6306981444358826,0.46781644225120544,0.3890529274940491,0.8638994097709656,0.8528028130531311
les_bridge_fing01__00001000__s0046.wav,0.933055579662323,0.6915457844734192,0.5131851434707642,0.24663130939006805,0.5224415063858032,0.6953449249267578
tele_neck_pick22__00001000__s0023.wav,0.23707644641399384,0.36595475673675537,0.7256938815116882,0.4427220821380615,0.5244947671890259,0.6412522196769714
tele_neck_pick09__00001000__s0050.wav,0.5208764672279358,0.5316327214241028,0.8092795014381409,0.7745421528816223,0.9646279811859131,0.9222100377082825
strat_neck_pick01__00001000__s0021.wav,0.45262208580970764,0.5645420551300049,0.023711470887064934,0.2701742351055145,0.8849429488182068,0.3429897725582123
les_neck_fing19__00001000__s0032.wav,0.20339752733707428,0.4027183949947357,0.8394245505332947,0.6195461750030518,0.06898152083158493,0.10910572856664658
strat_bridge_pick19__00001000__s0029.wav,0.951259434223175,0.7982499003410339,0.7146157026290894,0.4016059637069702,0.259795218706131,0.34838518500328064
strat_neck_pick21__00001000__s0005.wav,0.6472303867340088,0.48706942796707153,0.5167564153671265,0.4173840582370758,0.7468211054801941,0.6337626576423645
prs_neck_fing19__00001000__s0034.wav,0.28681597113609314,0.356353759765625,0.16535772383213043,0.30690670013427734,0.11271003633737564,0.19156226515769958
tele_neck_pick02__00001000__s0028.wav,0.3888047933578491,0.36350250244140625,0.43328070640563965,0.4060349762439728,0.1699640154838562,0.21911612153053284
strat_neck_fing20__00001000__s0003.wav,0.9137688279151917,0.9528477191925049,0.007362256292253733,0.2830275595188141,0.7793724536895752,0.5255075097084045
strat_neck_fing24__00001000__s0004.wav,0.05112917348742485,0.031402524560689926,0.7636064887046814,0.8012155890464783,0.7381327748298645,0.9155399203300476
les_neck_pick01__00001000__s0005.wav,0.5324930548667908,0.5576010942459106,0.7086727619171143,0.5809931755065918,0.28939032554626465,0.2389747053384781
strat_bridge_pick22__00001000__s0021.wav,0.4753119945526123,0.5054076910018921,0.22130924463272095,0.19182579219341278,0.04360292851924896,0.13618503510951996
strat_bridge_pick23__00001000__s0047.wav,0.5923284888267517,0.617357075214386,0.555151104927063,0.7788988947868347,0.7683383226394653,0.6165237426757812
tele_neck_pick16__00001000__s0040.wav,0.8217560648918152,0.6557359099388123,0.8303978443145752,0.19231902062892914,0.7373649477958679,0.6807242035865784
prs_neck_fing19__00001000__s0045.wav,0.37150517106056213,0.3892121911048889,0.7777330875396729,0.663299024105072,0.7027456760406494,0.8567987680435181
prs_neck_fing03__00001000__s0030.wav,0.4128294587135315,0.7066057920455933,0.8634470701217651,0.5159810185432434,0.1482759714126587,0.24696992337703705
strat_bridge_fing05__00001000__s0003.wav,0.24317730963230133,0.33582544326782227,0.811967134475708,0.761313259601593,0.8901321887969971,0.7989019751548767
prs_bridge_fing11__00001000__s0004.wav,0.575535237789154,0.541454017162323,0.21323330700397491,0.2283501774072647,0.7524731159210205,0.5546464920043945
strat_neck_fing03__00001000__s0047.wav,0.5588429570198059,0.6381043791770935,0.6404561996459961,0.5837178230285645,0.7494876384735107,0.6025140881538391
tele_neck_fing04__00001000__s0021.wav,0.3553285300731659,0.35006338357925415,0.17494317889213562,0.5498355627059937,0.8952423930168152,0.8341637253761292
strat_neck_pick25__00001000__s0000.wav,0.3463153839111328,0.3930976092815399,0.20876039564609528,0.4511430561542511,0.9558748602867126,0.8687803149223328
tele_bridge_fing14__00001000__s0028.wav,0.6764249801635742,0.19656135141849518,0.2399953305721283,0.285299688577652,0.6220197677612305,0.5217851996421814
tele_bridge_fing24__00001000__s0001.wav,0.274731308221817,0.4178854823112488,0.24303200840950012,0.2848592698574066,0.5853880643844604,0.3040991723537445
tele_bridge_pick17__00001000__s0008.wav,0.5361970663070679,0.48462527990341187,0.5138265490531921,0.6744475364685059,0.08420667797327042,0.06834922730922699
strat_neck_pick09__00001000__s0052.wav,0.880008339881897,0.6336639523506165,0.551115095615387,0.6710689663887024,0.47148048877716064,0.5131872892379761
strat_neck_fing19__00001000__s0016.wav,0.6657003164291382,0.4614584147930145,0.1068662777543068,0.5656247735023499,0.019067972898483276,0.028397610411047935
prs_bridge_pick21__00001000__s0054.wav,0.5185189843177795,0.508103609085083,0.1016521230340004,0.22354628145694733,0.4701293706893921,0.36221668124198914
les_bridge_pick20__00001000__s0021.wav,0.3745259642601013,0.1432214379310608,0.09972798824310303,0.13557913899421692,0.0509774424135685,0.13442014157772064
tele_bridge_pick16__00001000__s0011.wav,0.8652927875518799,0.28140535950660706,0.26679572463035583,0.17128914594650269,0.12770752608776093,0.26838842034339905
prs_neck_fing05__00001000__s0051.wav,0.8123342394828796,0.7561382055282593,0.6605135202407837,0.7298629879951477,0.18452045321464539,0.08610870689153671
prs_neck_fing05__00001000__s0013.wav,0.7672051787376404,0.8314347267150879,0.852993369102478,0.699356734752655,0.6163786053657532,0.3369807302951813
strat_neck_fing05__00001000__s0005.wav,0.3703671395778656,0.5683043003082275,0.9851895570755005,0.7877801656723022,0.8697086572647095,0.7351223230361938
strat_neck_pick01__00001000__s0046.wav,0.08059447258710861,0.24591347575187683,0.7563275098800659,0.6425667405128479,0.8146854639053345,0.6160640716552734
tele_bridge_fing06__00001000__s0032.wav,0.380757600069046,0.397286593914032,0.5385020971298218,0.5226250886917114,0.7864736318588257,0.7811554074287415
tele_neck_fing21__00001000__s0010.wav,0.20999020338058472,0.19314923882484436,0.8630006313323975,0.753336489200592,0.5954527258872986,0.7365220785140991
les_neck_pick05__00001000__s0023.wav,0.4541688561439514,0.5678468942642212,0.7687723636627197,0.757948100566864,0.5619466304779053,0.6973490118980408
strat_neck_fing12__00001000__s0028.wav,0.06962502747774124,0.3276047110557556,0.269239604473114,0.5487669706344604,0.7863911986351013,0.5457072854042053
strat_bridge_pick17__00001000__s0001.wav,0.675200879573822,0.4432131350040436,0.47659721970558167,0.4690200686454773,0.28071051836013794,0.4398338496685028
les_bridge_pick20__00001000__s0019.wav,0.9774460792541504,0.71100914478302,0.9775932431221008,0.45445653796195984,0.7289420366287231,0.5804499983787537
prs_neck_pick22__00001000__s0002.wav,0.7926024794578552,0.5278568267822266,0.6555883884429932,0.8613901138305664,0.5998522639274597,0.23702438175678253
tele_bridge_fing06__00001000__s0046.wav,0.49001073837280273,0.4156810939311981,0.9362339973449707,0.4901230037212372,0.6733623147010803,0.7971334457397461
strat_bridge_fing18__00001000__s0010.wav,0.29102593660354614,0.3306453227996826,0.41045674681663513,0.5548341870307922,0.4218376576900482,0.39748385548591614
tele_bridge_fing04__00001000__s0005.wav,0.8793344497680664,0.882546067237854,0.31234362721443176,0.3173528015613556,0.9275026321411133,0.8134157061576843
tele_bridge_fing14__00001000__s0044.wav,0.7390153408050537,0.6454400420188904,0.527904212474823,0.34528404474258423,0.4101176857948303,0.30275800824165344
tele_neck_pick04__00001000__s0001.wav,0.10845338553190231,0.2478846311569214,0.483498752117157,0.44573670625686646,0.1263376921415329,0.12514199316501617
strat_bridge_pick18__00001000__s0018.wav,0.4002074897289276,0.4367404282093048,0.704644501209259,0.7763680219650269,0.6080445647239685,0.6031292080879211
prs_bridge_pick03__00001000__s0000.wav,0.37968865036964417,0.31842291355133057,0.08666876703500748,0.4030802547931671,0.6237794160842896,0.5397811532020569
tele_neck_fing16__00001000__s0020.wav,0.09261289983987808,0.10190682858228683,0.20876263082027435,0.12431371212005615,0.9219512939453125,0.4236537218093872
prs_bridge_pick16__00001000__s0043.wav,0.7242453694343567,0.7518271803855896,0.5508822202682495,0.529063880443573,0.5452747941017151,0.5184019207954407
strat_bridge_fing03__00001000__s0001.wav,0.34746643900871277,0.339695006608963,0.8783788084983826,0.7607715725898743,0.3825141489505768,0.4727153480052948
strat_neck_pick20__00001000__s0033.wav,0.5257226824760437,0.34507426619529724,0.5223093032836914,0.7065308094024658,0.07378638535737991,0.0625164583325386
strat_neck_pick09__00001000__s0045.wav,0.2935100197792053,0.3827371597290039,0.2084052860736847,0.2890786826610565,0.36487939953804016,0.43003734946250916
les_bridge_pick17__00001000__s0023.wav,0.6605360507965088,0.5026463866233826,0.5454962849617004,0.6243063807487488,0.6292479038238525,0.19626536965370178
strat_bridge_fing07__00001000__s0030.wav,0.20594638586044312,0.2000330686569214,0.019285187125205994,0.1254095435142517,0.8352315425872803,0.1125023290514946
prs_neck_fing17__00001000__s0053.wav,0.10925689339637756,0.17070992290973663,0.9586088061332703,0.8955639600753784,0.6216189861297607,0.6193610429763794
prs_neck_fing20__00001000__s0043.wav,0.9601218700408936,0.8570864200592041,0.46080395579338074,0.4431333839893341,0.8557230234146118,0.8251227736473083
les_bridge_fing11__00001000__s0024.wav,0.21436777710914612,0.5845615267753601,0.7675908803939819,0.39630797505378723,0.0309245977550745,0.08302673697471619
prs_neck_fing06__00001000__s0023.wav,0.6038817167282104,0.7514476180076599,0.7946053743362427,0.33492833375930786,0.6739019155502319,0.5586713552474976
strat_neck_pick01__00001000__s0013.wav,0.8188639283180237,0.8801231980323792,0.48879414796829224,0.5590609908103943,0.8704679608345032,0.904929518699646
prs_neck_pick08__00001000__s0020.wav,0.5939653515815735,0.6439287662506104,0.7153494954109192,0.3978520929813385,0.08787980675697327,0.17415113747119904
prs_neck_pick21__00001000__s0028.wav,0.5692901015281677,0.5809786915779114,0.01368599385023117,0.44081681966781616,0.5164873003959656,0.3622320592403412
strat_bridge_pick08__00001000__s0016.wav,0.6271756887435913,0.2873958647251129,0.9515742659568787,0.6176729202270508,0.2762260437011719,0.22534345090389252
les_bridge_pick22__00001000__s0046.wav,0.6168429255485535,0.6283101439476013,0.7257359623908997,0.7158523797988892,0.9407359957695007,0.9112251400947571
strat_bridge_pick09__00001000__s0001.wav,0.6903792023658752,0.8258522152900696,0.3131755292415619,0.4141010344028473,0.06865134835243225,0.1157042607665062
tele_neck_fing17__00001000__s0018.wav,0.2869187593460083,0.41818106174468994,0.40046030282974243,0.37769991159439087,0.1711861938238144,0.1124139279127121
les_neck_fing13__00001000__s0053.wav,0.1591559797525406,0.1881549209356308,0.4845685362815857,0.32351383566856384,0.20100103318691254,0.43131130933761597
les_bridge_pick22__00001000__s0026.wav,0.2444864958524704,0.2484230399131775,0.18476347625255585,0.3591751754283905,0.19743460416793823,0.22538907825946808
prs_neck_pick14__00001000__s0032.wav,0.019839761778712273,0.026777420192956924,0.632622241973877,0.73540860414505,0.6702013611793518,0.4077465534210205
les_neck_fing09__00001000__s0048.wav,0.06605114042758942,0.2049061805009842,0.38621702790260315,0.1147158071398735,0.04461713880300522,0.02873741276562214
prs_neck_pick01__00001000__s0044.wav,0.726445734500885,0.6422443985939026,0.6710609793663025,0.5678508281707764,0.1484885960817337,0.3195919692516327
les_bridge_fing13__00001000__s0036.wav,0.7879899740219116,0.8908754587173462,0.5125410556793213,0.8043209314346313,0.9339351654052734,0.9352310299873352
les_bridge_fing15__00001000__s0035.wav,0.7299267649650574,0.6883072853088379,0.7683036923408508,0.6571714282035828,0.3510538339614868,0.555497944355011
les_bridge_pick24__00001000__s0014.wav,0.9368792772293091,0.8037978410720825,0.9125811457633972,0.522765040397644,0.41942298412323,0.28857696056365967
tele_bridge_fing05__00001000__s0011.wav,0.7284032106399536,0.48520544171333313,0.022792816162109375,0.2349911779165268,0.399120956659317,0.7302442789077759
strat_bridge_fing07__00001000__s0015.wav,0.007235129829496145,0.11888501048088074,0.7735671401023865,0.6298907399177551,0.24836266040802002,0.32720765471458435
les_bridge_pick08__00001000__s0030.wav,0.2510790526866913,0.24041752517223358,0.2923088073730469,0.5084956288337708,0.41981860995292664,0.5000199675559998
prs_neck_pick05__00001000__s0002.wav,0.3147510588169098,0.3174762725830078,0.3938392996788025,0.628632128238678,0.9552998542785645,0.8415494561195374
les_neck_pick12__00001000__s0008.wav,0.18569518625736237,0.41685378551483154,0.8951820135116577,0.7196523547172546,0.5212925672531128,0.39020758867263794
prs_bridge_pick21__00001000__s0031.wav,0.22440946102142334,0.3466692566871643,0.9408661127090454,0.38194817304611206,0.08237916976213455,0.2712239623069763
tele_neck_pick19__00001000__s0043.wav,0.922532320022583,0.3813232183456421,0.09420770406723022,0.5932238698005676,0.05328398570418358,0.1610841602087021
prs_bridge_fing11__00001000__s0013.wav,0.9414792656898499,0.844835638999939,0.9500455260276794,0.293093740940094,0.44692885875701904,0.3797125518321991
les_bridge_pick06__00001000__s0042.wav,0.42212915420532227,0.40773072838783264,0.0862589031457901,0.19659538567066193,0.2576308846473694,0.26788681745529175
strat_bridge_fing18__00001000__s0008.wav,0.6610225439071655,0.7614032626152039,0.5553984642028809,0.4485175311565399,0.781531035900116,0.7871066331863403
tele_bridge_pick16__00001000__s0050.wav,0.23983824253082275,0.2747664749622345,0.5217882990837097,0.37338849902153015,0.23125512897968292,0.3909512758255005
tele_neck_fing03__00001000__s0054.wav,0.23689638078212738,0.3168978989124298,0.4070199429988861,0.4260929822921753,0.7436473369598389,0.7156752943992615
prs_neck_fing01__00001000__s0026.wav,0.2027464509010315,0.19252343475818634,0.7964822053909302,0.5811096429824829,0.2615140378475189,0.3225163519382477
tele_neck_pick03__00001000__s0036.wav,0.054969001561403275,0.5411345362663269,0.749558687210083,0.13904370367527008,0.04523240029811859,0.20755702257156372
les_neck_pick04__00001000__s0032.wav,0.9604883193969727,0.9489473104476929,0.4906196892261505,0.39409056305885315,0.5133386254310608,0.4643603265285492
strat_neck_pick01__00001000__s0042.wav,0.5346893072128296,0.30301371216773987,0.27545374631881714,0.6100431680679321,0.29376929998397827,0.3497374355792999
prs_bridge_pick09__00001000__s0026.wav,0.5467595458030701,0.5157070159912109,0.6678138971328735,0.6432102918624878,0.10834988951683044,0.2792392373085022
strat_bridge_fing12__00001000__s0011.wav,0.9742729067802429,0.9742276072502136,0.9210438132286072,0.486853688955307,0.8555423021316528,0.795382559299469
tele_neck_pick02__00001000__s0022.wav,0.6885900497436523,0.4280337989330292,0.2012542188167572,0.38839998841285706,0.06608511507511139,0.21452964842319489
tele_neck_pick17__00001000__s0008.wav,0.46322017908096313,0.42114320397377014,0.24311251938343048,0.5094084143638611,0.8196133971214294,0.7753026485443115
tele_bridge_pick12__00001000__s0002.wav,0.3270173668861389,0.3591502904891968,0.32352614402770996,0.44983503222465515,0.1896948516368866,0.3508929908275604
tele_bridge_fing09__00001000__s0051.wav,0.2076006531715393,0.1691858321428299,0.24593953788280487,0.6229823231697083,0.5248891711235046,0.4248039126396179
strat_bridge_pick10__00001000__s0035.wav,0.569755494594574,0.5498587489128113,0.8986567258834839,0.44745808839797974,0.5616559386253357,0.6340153813362122
strat_neck_pick03__00001000__s0043.wav,0.41402339935302734,0.5043236613273621,0.5831940770149231,0.2735075056552887,0.22609113156795502,0.32882365584373474
tele_bridge_fing08__00001000__s0007.wav,0.3912433385848999,0.5282657742500305,0.46706077456474304,0.5792378783226013,0.03114301897585392,0.08368511497974396
les_neck_pick24__00001000__s0012.wav,0.014368160627782345,0.04029441997408867,0.43256041407585144,0.26041775941848755,0.6947966814041138,0.5132485032081604
prs_neck_fing03__00001000__s0026.wav,0.41004934906959534,0.37545958161354065,0.9555458426475525,0.8620042204856873,0.8174916505813599,0.888023853302002
tele_neck_fing02__00001000__s0008.wav,0.2322424203157425,0.22101004421710968,0.9977251887321472,0.8667095899581909,0.7587921619415283,0.6495567560195923
prs_bridge_pick16__00001000__s0033.wav,0.18924430012702942,0.25756970047950745,0.671109139919281,0.7729864120483398,0.5896427035331726,0.4906810224056244
les_neck_fing15__00001000__s0049.wav,0.4589945673942566,0.35877037048339844,0.3479541540145874,0.13326366245746613,0.12646199762821198,0.06264279037714005
les_bridge_fing12__00001000__s0028.wav,0.7836382389068604,0.8949137926101685,0.20046241581439972,0.6828793287277222,0.43396398425102234,0.23691746592521667
strat_bridge_fing07__00001000__s0012.wav,0.0010561231756582856,0.049403075128793716,0.973376452922821,0.8866462707519531,0.4287243187427521,0.6143455505371094
strat_bridge_pick15__00001000__s0003.wav,0.5609921216964722,0.495537132024765,0.33305996656417847,0.14000031352043152,0.6120947599411011,0.6016924977302551
prs_neck_fing02__00001000__s0033.wav,0.7703667879104614,0.5167275667190552,0.4635309875011444,0.466779500246048,0.46165627241134644,0.544714093208313
tele_bridge_fing13__00001000__s0033.wav,0.06334511935710907,0.09613277018070221,0.59584641456604,0.5586295127868652,0.5337737202644348,0.33407822251319885
prs_bridge_fing16__00001000__s0027.wav,0.7514844536781311,0.7340701222419739,0.26726236939430237,0.24321043491363525,0.2527785301208496,0.2924882173538208
les_neck_fing12__00001000__s0039.wav,0.8968201279640198,0.4444199502468109,0.1501021385192871,0.23662233352661133,0.06713970005512238,0.23498554527759552
prs_neck_fing03__00001000__s0039.wav,0.30273112654685974,0.4126508831977844,0.991260290145874,0.7320178151130676,0.6366410255432129,0.6799801588058472
prs_bridge_pick14__00001000__s0025.wav,0.6019814610481262,0.656317412853241,0.862199068069458,0.6628530621528625,0.590732753276825,0.4768536388874054
les_bridge_fing21__00001000__s0033.wav,0.4931991994380951,0.559483528137207,0.29268085956573486,0.7078160047531128,0.5580813884735107,0.10187774151563644
tele_neck_pick05__00001000__s0006.wav,0.8208627700805664,0.6671655774116516,0.6974457502365112,0.4429342746734619,0.4389764964580536,0.42349013686180115
tele_bridge_fing02__00001000__s0008.wav,0.029371073469519615,0.2688222825527191,0.3435062766075134,0.5605771541595459,0.3113340735435486,0.3064863681793213
les_neck_fing15__00001000__s0008.wav,0.4690251648426056,0.6280746459960938,0.7665232419967651,0.6174435615539551,0.023777015507221222,0.058839187026023865
tele_bridge_pick16__00001000__s0021.wav,0.3407011032104492,0.23577170073986053,0.27871203422546387,0.24749378859996796,0.21380898356437683,0.3845939040184021
prs_neck_pick08__00001000__s0002.wav,0.44851067662239075,0.40469223260879517,0.9011768698692322,0.7481818199157715,0.7517470717430115,0.8705850839614868
strat_neck_fing19__00001000__s0020.wav,0.8574097752571106,0.8440917134284973,0.8161638975143433,0.662746250629425,0.8519904613494873,0.8277589678764343
prs_neck_fing23__00001000__s0015.wav,0.24883657693862915,0.1635901927947998,0.08729095011949539,0.5658377408981323,0.6829917430877686,0.21785137057304382
les_bridge_pick22__00001000__s0029.wav,0.30673688650131226,0.292736679315567,0.5379675626754761,0.6861161589622498,0.5393014550209045,0.4366077780723572
les_bridge_pick14__00001000__s0005.wav,0.019004374742507935,0.04793955758213997,0.16893300414085388,0.3488399386405945,0.17412839829921722,0.5652652978897095
strat_neck_pick25__00001000__s0017.wav,0.20682530105113983,0.27227139472961426,0.3230006992816925,0.740148663520813,0.07041460275650024,0.040736764669418335
tele_bridge_fing14__00001000__s0009.wav,0.32805436849594116,0.29339319467544556,0.71515953540802,0.20273075997829437,0.11733192950487137,0.46745172142982483
tele_bridge_fing25__00001000__s0005.wav,0.05142978951334953,0.19590982794761658,0.7069171667098999,0.8092340230941772,0.9048104286193848,0.6691499948501587
les_bridge_pick09__00001000__s0021.wav,0.8684693574905396,0.8172722458839417,0.5669211149215698,0.45095980167388916,0.09065242856740952,0.18383553624153137
strat_bridge_fing13__00001000__s0053.wav,0.3335829973220825,0.3548639118671417,0.6174332499504089,0.6272402405738831,0.8670226335525513,0.6737204790115356
prs_bridge_pick10__00001000__s0030.wav,0.6734135746955872,0.3391088545322418,0.5297789573669434,0.38511452078819275,0.02832714281976223,0.15501032769680023
strat_bridge_fing10__00001000__s0037.wav,0.7358255982398987,0.6940163969993591,0.15056610107421875,0.5212925672531128,0.4933023750782013,0.34302276372909546
tele_bridge_fing01__00001000__s0044.wav,0.05895970016717911,0.06130838766694069,0.7977316975593567,0.8501622676849365,0.7951755523681641,0.877752423286438
strat_neck_pick17__00001000__s0052.wav,0.49252861738204956,0.4804234802722931,0.5634941458702087,0.655536413192749,0.79505455493927,0.837334930896759
prs_neck_pick23__00001000__s0049.wav,0.17453813552856445,0.24193820357322693,0.7835218906402588,0.3780771493911743,0.12207456678152084,0.344020813703537
tele_bridge_fing20__00001000__s0053.wav,0.9517770409584045,0.5886800289154053,0.6148368120193481,0.4725080728530884,0.427430659532547,0.3530518710613251
strat_bridge_fing11__00001000__s0026.wav,0.8959082365036011,0.8795635104179382,0.6832696795463562,0.6739266514778137,0.17767930030822754,0.21877272427082062
tele_neck_pick16__00001000__s0011.wav,0.5885306000709534,0.4598715007305145,0.41891270875930786,0.20297709107398987,0.8641161918640137,0.8672748804092407
les_neck_fing20__00001000__s0048.wav,0.4873119294643402,0.4200926423072815,0.3117847442626953,0.7223662734031677,0.3175157606601715,0.1305694282054901
les_bridge_pick01__00001000__s0030.wav,0.012610582634806633,0.023223400115966797,0.7193121314048767,0.7501350045204163,0.6487006545066833,0.6189405918121338
les_bridge_fing17__00001000__s0025.wav,0.7788010239601135,0.2779879570007324,0.5943045616149902,0.5299550890922546,0.24316634237766266,0.33860716223716736
tele_bridge_pick12__00001000__s0022.wav,0.3665512204170227,0.4827997386455536,0.11745988577604294,0.6307405233383179,0.35572078824043274,0.2358328104019165
tele_bridge_fing05__00001000__s0014.wav,0.4565022885799408,0.4105750322341919,0.17786069214344025,0.28865212202072144,0.32088619470596313,0.6270355582237244
strat_bridge_pick02__00001000__s0011.wav,0.2276373654603958,0.25612539052963257,0.7020112872123718,0.3903437852859497,0.05384259298443794,0.22639630734920502
les_bridge_pick20__00001000__s0041.wav,0.9783651828765869,0.8697866797447205,0.4960750937461853,0.5954837203025818,0.34303581714630127,0.29455435276031494
tele_bridge_fing20__00001000__s0040.wav,0.5498539805412292,0.44310691952705383,0.7947661280632019,0.5219271183013916,0.7415908575057983,0.737007737159729
strat_bridge_pick24__00001000__s0048.wav,0.1996947079896927,0.26551997661590576,0.5815252065658569,0.548753023147583,0.5423209071159363,0.5541607141494751
tele_neck_fing17__00001000__s0048.wav,0.2654407322406769,0.2965005338191986,0.8591560125350952,0.47962212562561035,0.2718978822231293,0.41945067048072815
strat_bridge_fing12__00001000__s0042.wav,0.2783072590827942,0.22117801010608673,0.1067277044057846,0.41214174032211304,0.45729896426200867,0.5185039043426514
strat_bridge_pick05__00001000__s0013.wav,0.33493804931640625,0.399188369512558,0.39319249987602234,0.3323487341403961,0.1728331297636032,0.2414482682943344
strat_neck_pick25__00001000__s0046.wav,0.5880750417709351,0.4498068690299988,0.9896790981292725,0.7185099720954895,0.6755340099334717,0.6356885433197021
prs_bridge_pick09__00001000__s0020.wav,0.27697765827178955,0.5035796761512756,0.007632059045135975,0.19682925939559937,0.44001930952072144,0.3010728657245636
prs_bridge_fing07__00001000__s0043.wav,0.7671725153923035,0.615725040435791,0.1924159675836563,0.8138443231582642,0.5560286641120911,0.42727482318878174
tele_bridge_pick19__00001000__s0028.wav,0.8144861459732056,0.8724992871284485,0.8419047594070435,0.5308129787445068,0.9215449690818787,0.9143110513687134
prs_bridge_pick09__00001000__s0036.wav,0.25991103053092957,0.271138459444046,0.22870853543281555,0.34369614720344543,0.7311381101608276,0.719343364238739
prs_bridge_pick03__00001000__s0003.wav,0.43021440505981445,0.2267707735300064,0.7601480484008789,0.7763910889625549,0.35414233803749084,0.4525689482688904
les_bridge_pick17__00001000__s0030.wav,0.952741265296936,0.8634576797485352,0.5543423891067505,0.7526879906654358,0.2545662820339203,0.06185295060276985
tele_neck_fing02__00001000__s0034.wav,0.6066307425498962,0.6938260793685913,0.9804929494857788,0.4155903458595276,0.2064182460308075,0.3156880736351013
strat_neck_fing20__00001000__s0031.wav,0.7469877004623413,0.9042650461196899,0.05225437879562378,0.2107439637184143,0.9965969920158386,0.9801850318908691
strat_bridge_fing12__00001000__s0020.wav,0.33214467763900757,0.4041360318660736,0.4061286747455597,0.4367547929286957,0.8482516407966614,0.7748867273330688
tele_neck_pick09__00001000__s0046.wav,0.8479678630828857,0.6647244691848755,0.905689001083374,0.17982074618339539,0.011964118108153343,0.0835832878947258
prs_bridge_fing20__00001000__s0010.wav,0.6619390845298767,0.649932861328125,0.837864339351654,0.5582820177078247,0.7425005435943604,0.7352837324142456
strat_neck_pick07__00001000__s0021.wav,0.8502123355865479,0.57704758644104,0.7382690906524658,0.39608991146087646,0.1260574609041214,0.20738030970096588
strat_neck_pick13__00001000__s0040.wav,0.8488501310348511,0.6963921785354614,0.1146506816148758,0.36875760555267334,0.5065975785255432,0.45916125178337097
les_neck_pick21__00001000__s0025.wav,0.22451382875442505,0.2283189445734024,0.46889936923980713,0.5023387670516968,0.8007510304450989,0.903208315372467
prs_neck_pick20__00001000__s0006.wav,0.6853909492492676,0.5512950420379639,0.9204566478729248,0.5127587914466858,0.0519670732319355,0.15229488909244537
les_bridge_fing22__00001000__s0023.wav,0.1403791308403015,0.08701103180646896,0.21870540082454681,0.1864340454339981,0.8941983580589294,0.674471378326416
prs_bridge_pick04__00001000__s0033.wav,0.6015415787696838,0.5468989014625549,0.00518278731033206,0.2127111852169037,0.9405909180641174,0.9673557281494141
strat_bridge_fing24__00001000__s0033.wav,0.7253372073173523,0.7983903884887695,0.12200867384672165,0.3295978307723999,0.5404025316238403,0.510304868221283
les_bridge_fing09__00001000__s0009.wav,0.6667431592941284,0.735643208026886,0.3609400987625122,0.5104312896728516,0.8762162327766418,0.9133074283599854
tele_bridge_pick21__00001000__s0003.wav,0.621425211429596,0.5988542437553406,0.1311141848564148,0.6022018790245056,0.23836760222911835,0.18697181344032288
prs_neck_pick06__00001000__s0045.wav,0.05032770335674286,0.047407202422618866,0.9511151909828186,0.9340294599533081,0.8020381927490234,0.767302393913269
prs_neck_fing08__00001000__s0037.wav,0.7371537089347839,0.7152040004730225,0.6669193506240845,0.8434921503067017,0.5077672004699707,0.3634432554244995
prs_neck_fing03__00001000__s0004.wav,0.3991539180278778,0.43580037355422974,0.8160039782524109,0.5877212882041931,0.8289907574653625,0.8850586414337158
les_bridge_fing09__00001000__s0023.wav,0.8416047096252441,0.6608809232711792,0.29924342036247253,0.7697852849960327,0.5086817145347595,0.7214285731315613
prs_neck_pick09__00001000__s0033.wav,0.23608678579330444,0.2501161992549896,0.59378981590271,0.3173471987247467,0.5410000085830688,0.39732953906059265
tele_bridge_fing07__00001000__s0031.wav,0.5110535621643066,0.5601537227630615,0.8987247943878174,0.7857913374900818,0.6041542291641235,0.6435631513595581
strat_neck_fing13__00001000__s0046.wav,0.8710401058197021,0.9644860625267029,0.5960244536399841,0.6514936685562134,0.5846787095069885,0.6423332691192627
strat_neck_pick11__00001000__s0045.wav,0.4083895981311798,0.3606799840927124,0.5465203523635864,0.7821287512779236,0.8670145273208618,0.8416579961776733
prs_bridge_fing03__00001000__s0036.wav,0.30606070160865784,0.3547760248184204,0.8104239702224731,0.8922991752624512,0.9686568379402161,0.9511152505874634
prs_bridge_pick12__00001000__s0045.wav,0.27906912565231323,0.21747812628746033,0.22528958320617676,0.5843229293823242,0.3108072280883789,0.1716693788766861
strat_neck_pick05__00001000__s0048.wav,0.3475194275379181,0.5359816551208496,0.09033168107271194,0.5158267617225647,0.12055368721485138,0.19429554045200348
tele_neck_pick03__00001000__s0009.wav,0.548247754573822,0.4495120346546173,0.09361113607883453,0.2616114616394043,0.7144258618354797,0.5509644150733948
les_neck_fing10__00001000__s0019.wav,0.44288039207458496,0.4894312918186188,0.9289242625236511,0.7057166695594788,0.9696601629257202,0.9238803386688232
les_neck_pick15__00001000__s0034.wav,0.307926744222641,0.565800666809082,0.7599170207977295,0.32251298427581787,0.1697949767112732,0.4156278967857361
tele_neck_pick23__00001000__s0020.wav,0.9147186875343323,0.9164326786994934,0.6159541010856628,0.49699220061302185,0.12538987398147583,0.39699339866638184
les_neck_pick03__00001000__s0032.wav,0.7789124846458435,0.8093752861022949,0.6473836302757263,0.31442442536354065,0.8128023743629456,0.7681072354316711
tele_neck_pick03__00001000__s0000.wav,0.9297758340835571,0.4327976107597351,0.9078658819198608,0.5443758964538574,0.1660728007555008,0.28320571780204773
tele_bridge_pick16__00001000__s0040.wav,0.7124050855636597,0.6176088452339172,0.7951174378395081,0.40405192971229553,0.3990898132324219,0.6186730265617371
tele_neck_fing16__00001000__s0003.wav,0.8490361571311951,0.7342944741249084,0.5350921750068665,0.3804369568824768,0.5100257992744446,0.676074206829071
les_bridge_pick13__00001000__s0045.wav,0.3035545349121094,0.2006143033504486,0.3364390432834625,0.8066940903663635,0.8277324438095093,0.7273321151733398
tele_neck_pick09__00001000__s0034.wav,0.6570664048194885,0.5109902620315552,0.5615214109420776,0.45714080333709717,0.15378423035144806,0.3012544512748718
prs_bridge_pick16__00001000__s0030.wav,0.4878194332122803,0.48441869020462036,0.2556535601615906,0.412864089012146,0.9687941670417786,0.915259599685669
les_bridge_fing12__00001000__s0052.wav,0.8211250901222229,0.7147085666656494,0.5857406258583069,0.37120258808135986,0.8555957078933716,0.9070606827735901
les_bridge_fing21__00001000__s0042.wav,0.491254985332489,0.4261588454246521,0.822991132736206,0.6690829396247864,0.8171642422676086,0.6866970062255859
tele_bridge_fing12__00001000__s0050.wav,0.13667672872543335,0.14805148541927338,0.7143230438232422,0.6561657786369324,0.29560568928718567,0.22597476840019226
les_neck_pick23__00001000__s0027.wav,0.33473363518714905,0.3652915954589844,0.6023474335670471,0.5184371471405029,0.8545787930488586,0.8695858120918274
les_neck_pick05__00001000__s0000.wav,0.9585237503051758,0.854684591293335,0.9925277829170227,0.5572368502616882,0.6580756306648254,0.5833935737609863
strat_neck_pick17__00001000__s0005.wav,0.7553976774215698,0.6819430589675903,0.6733701825141907,0.42082449793815613,0.03387000784277916,0.17875215411186218
strat_neck_pick21__00001000__s0043.wav,0.27637991309165955,0.2820466458797455,0.12160070985555649,0.556954562664032,0.7216477394104004,0.51662278175354
prs_bridge_pick03__00001000__s0009.wav,0.30613845586776733,0.1885048747062683,0.8103479743003845,0.8568060398101807,0.8372108340263367,0.8036708235740662
prs_neck_fing09__00001000__s0048.wav,0.18800431489944458,0.22005239129066467,0.14574305713176727,0.2028675675392151,0.34161320328712463,0.567438006401062
prs_neck_fing14__00001000__s0025.wav,0.6567183136940002,0.7602744102478027,1.537178468424827e-05,0.3124876320362091,0.1003292128443718,0.03847257047891617
prs_bridge_pick12__00001000__s0049.wav,0.39190536737442017,0.3644430935382843,0.8857437372207642,0.40547752380371094,0.27755206823349,0.6200354695320129
les_bridge_fing22__00001000__s0043.wav,0.041769348084926605,0.23751527070999146,0.24863290786743164,0.10878085345029831,0.20519816875457764,0.17403067648410797
les_bridge_fing08__00001000__s0039.wav,0.7619245052337646,0.5668013691902161,0.7147355079650879,0.7396723628044128,0.6880926489830017,0.5687245726585388
strat_neck_pick18__00001000__s0046.wav,0.052196990698575974,0.11070676147937775,0.34715917706489563,0.660805344581604,0.5851494073867798,0.3146896958351135
les_neck_pick13__00001000__s0049.wav,0.6625419855117798,0.5151259303092957,0.20876151323318481,0.4084008038043976,0.6802135705947876,0.5905499458312988
tele_bridge_fing03__00001000__s0013.wav,0.3843781054019928,0.26829567551612854,0.6809346079826355,0.4849851131439209,0.47787997126579285,0.3125356435775757
strat_bridge_fing24__00001000__s0052.wav,0.24282346665859222,0.34380149841308594,0.14501021802425385,0.29095497727394104,0.968734860420227,0.900813639163971
les_neck_pick23__00001000__s0024.wav,0.34027448296546936,0.5464425683021545,0.3911050856113434,0.6510313749313354,0.013130445964634418,0.06693555414676666
tele_neck_fing23__00001000__s0007.wav,0.3855980932712555,0.6790066361427307,0.8630627393722534,0.5621135234832764,0.06961827725172043,0.08724988996982574
les_bridge_fing12__00001000__s0031.wav,0.3492608368396759,0.6383922696113586,0.11557013541460037,0.31306082010269165,0.18148653209209442,0.052021026611328125
les_neck_pick24__00001000__s0037.wav,0.7230399250984192,0.6781150698661804,0.6923295259475708,0.6390413641929626,0.986412763595581,0.9590024352073669
les_neck_pick23__00001000__s0014.wav,0.6088024377822876,0.6698397397994995,0.6990136504173279,0.6623144149780273,0.07005804032087326,0.18129712343215942
prs_neck_pick08__00001000__s0050.wav,0.476392924785614,0.3819666802883148,0.5787397027015686,0.17887362837791443,0.021357372403144836,0.21918199956417084
prs_neck_pick23__00001000__s0050.wav,0.7875370979309082,0.7928673624992371,0.6515509486198425,0.6011466979980469,0.5019490718841553,0.2642010450363159
tele_bridge_fing03__00001000__s0012.wav,0.8244287371635437,0.7925255298614502,0.485978364944458,0.676569938659668,0.6700455546379089,0.5279667377471924
tele_bridge_fing15__00001000__s0045.wav,0.278501957654953,0.3679356873035431,0.9289924502372742,0.6987221837043762,0.23098784685134888,0.4899328649044037
prs_bridge_pick06__00001000__s0050.wav,0.21932832896709442,0.3252958059310913,0.8515049815177917,0.3032906651496887,0.03143405541777611,0.12262896448373795
prs_neck_fing07__00001000__s0042.wav,0.5158005356788635,0.5919893980026245,0.03270730376243591,0.18687359988689423,0.8368136286735535,0.8327703475952148
les_neck_pick12__00001000__s0026.wav,0.6622290015220642,0.7073050141334534,0.1955663412809372,0.4776807427406311,0.30743589997291565,0.18845507502555847
les_bridge_pick24__00001000__s0006.wav,0.8804531097412109,0.8331647515296936,0.8706412315368652,0.574171245098114,0.2825825810432434,0.39504915475845337
tele_bridge_fing24__00001000__s0019.wav,0.2812672555446625,0.5307416915893555,0.18702015280723572,0.20706051588058472,0.3654857575893402,0.3843249976634979
tele_neck_pick14__00001000__s0027.wav,0.9385466575622559,0.734792947769165,0.06901635974645615,0.2817249000072479,0.11911624670028687,0.18049263954162598
prs_bridge_pick19__00001000__s0022.wav,0.16651023924350739,0.09574323892593384,0.7578883767127991,0.8718499541282654,0.60874342918396,0.5582462549209595
strat_neck_pick01__00001000__s0020.wav,0.3947969973087311,0.33272916078567505,0.40038827061653137,0.5727582573890686,0.3868096172809601,0.8582156300544739
strat_bridge_fing15__00001000__s0041.wav,0.33027341961860657,0.244628444314003,0.07128463685512543,0.2316179722547531,0.5906487703323364,0.579250156879425
prs_neck_pick05__00001000__s0025.wav,0.4911371171474457,0.5283108353614807,0.8714287877082825,0.7910126447677612,0.7956045866012573,0.7763412594795227
les_neck_pick02__00001000__s0023.wav,0.34389933943748474,0.45329606533050537,0.12679167091846466,0.4682231843471527,0.5644723773002625,0.5201669335365295
prs_bridge_fing12__00001000__s0054.wav,0.8892301917076111,0.9050846099853516,0.8723056316375732,0.3497566878795624,0.8911617398262024,0.81534743309021
tele_bridge_pick15__00001000__s0018.wav,0.37200650572776794,0.6423945426940918,0.7395485043525696,0.8978320360183716,0.5203484892845154,0.5684828162193298
prs_neck_pick12__00001000__s0032.wav,0.9876805543899536,0.8888363242149353,0.6305773854255676,0.3012106418609619,0.9778774380683899,0.9307861924171448
strat_bridge_fing07__00001000__s0021.wav,0.142094224691391,0.3256300985813141,0.7291991114616394,0.7824380397796631,0.6050288677215576,0.408552885055542
tele_neck_fing24__00001000__s0001.wav,0.23988451063632965,0.27556106448173523,0.03697722405195236,0.37365490198135376,0.7892857193946838,0.7565481662750244
les_bridge_fing06__00001000__s0035.wav,0.47896817326545715,0.5269753336906433,0.07159966230392456,0.41707491874694824,0.03801961988210678,0.26918163895606995
tele_bridge_fing01__00001000__s0019.wav,0.28431272506713867,0.317013680934906,0.23418477177619934,0.29972758889198303,0.04575608670711517,0.0726277306675911
tele_neck_pick14__00001000__s0002.wav,0.03301234543323517,0.17143775522708893,0.28762897849082947,0.29092440009117126,0.39846789836883545,0.6652529239654541
strat_bridge_pick18__00001000__s0054.wav,0.07523688673973083,0.15917672216892242,0.05490981414914131,0.16626176238059998,0.27264443039894104,0.20435597002506256
prs_neck_pick06__00001000__s0012.wav,0.5592185854911804,0.4786207675933838,0.8955653309822083,0.7374129891395569,0.643183708190918,0.5896459221839905
tele_neck_fing04__00001000__s0046.wav,0.42376062273979187,0.3893934488296509,0.17245960235595703,0.1832657903432846,0.34386587142944336,0.4664154052734375
les_bridge_pick01__00001000__s0019.wav,0.2746521830558777,0.37574347853660583,0.7391490936279297,0.7692234516143799,0.6595912575721741,0.6344118118286133
tele_bridge_pick08__00001000__s0010.wav,0.4470205307006836,0.6823373436927795,0.16769438982009888,0.47622817754745483,0.7018561363220215,0.7136547565460205
tele_neck_fing03__00001000__s0037.wav,0.9200529456138611,0.9360902309417725,0.8944530487060547,0.6610435247421265,0.603430986404419,0.3743577301502228
prs_neck_pick24__00001000__s0030.wav,0.5131659507751465,0.5149373412132263,0.46729886531829834,0.6537987589836121,0.2075023353099823,0.21315288543701172
strat_neck_fing12__00001000__s0040.wav,0.5709006190299988,0.5023617744445801,0.4391941726207733,0.7437319755554199,0.7400650978088379,0.5373364090919495
les_neck_pick05__00001000__s0039.wav,0.8680830001831055,0.6942952275276184,0.6748586297035217,0.5764715075492859,0.6706874370574951,0.6101891994476318
prs_bridge_pick23__00001000__s0035.wav,0.10551607608795166,0.15605191886425018,0.6021504402160645,0.751507043838501,0.8571749329566956,0.6423583030700684
tele_neck_pick01__00001000__s0054.wav,0.5665687322616577,0.4932093322277069,0.41891178488731384,0.6471999883651733,0.6333005428314209,0.4922463893890381
tele_neck_fing05__00001000__s0042.wav,0.9092628955841064,0.9221988916397095,0.8936855792999268,0.6721977591514587,0.9214363098144531,0.8848873376846313
prs_neck_pick25__00001000__s0004.wav,0.39520829916000366,0.3646610975265503,0.8105992078781128,0.6018804311752319,0.49614983797073364,0.44547510147094727
les_bridge_pick24__00001000__s0015.wav,0.15543587505817413,0.19872350990772247,0.369549959897995,0.15380987524986267,0.6128754019737244,0.4572623670101166
strat_neck_fing05__00001000__s0050.wav,0.29766741394996643,0.733834981918335,0.3511282503604889,0.5404955148696899,0.002458549104630947,0.041834570467472076
tele_neck_fing23__00001000__s0038.wav,0.7514954209327698,0.7426985502243042,0.4687332212924957,0.2806025445461273,0.0902104526758194,0.16319651901721954
strat_bridge_fing22__00001000__s0005.wav,0.6035326719284058,0.9115613102912903,0.12827308475971222,0.19663168489933014,0.0005337866023182869,0.05319232866168022
tele_neck_fing07__00001000__s0050.wav,0.5096654295921326,0.40559232234954834,0.5949223637580872,0.6069257259368896,0.4610629677772522,0.36122792959213257
strat_bridge_pick25__00001000__s0014.wav,0.40355369448661804,0.20669299364089966,0.033391065895557404,0.15297119319438934,0.5401937365531921,0.3518671691417694
strat_neck_fing13__00001000__s0040.wav,0.15724727511405945,0.38060325384140015,0.5914211273193359,0.12300417572259903,0.34294506907463074,0.4087083339691162
tele_neck_fing16__00001000__s0055.wav,0.6433476805686951,0.67275071144104,0.8238804936408997,0.7598777413368225,0.674922525882721,0.7021930813789368
les_bridge_fing06__00001000__s0006.wav,0.7706841826438904,0.5006524920463562,0.7255474328994751,0.45857787132263184,0.024612676352262497,0.1406463384628296
tele_bridge_fing13__00001000__s0032.wav,0.20541539788246155,0.2111717313528061,0.2757657468318939,0.5242998600006104,0.7791296243667603,0.6018494963645935
prs_bridge_fing20__00001000__s0034.wav,0.3353304862976074,0.6111275553703308,0.06326708942651749,0.5135042667388916,0.12062618136405945,0.05707234889268875
les_neck_fing13__00001000__s0016.wav,0.7028513550758362,0.612022876739502,0.4762774705886841,0.727224588394165,0.7277479767799377,0.5956143140792847
prs_bridge_fing19__00001000__s0051.wav,0.21416613459587097,0.07564105093479156,0.44279491901397705,0.24309667944908142,0.854198157787323,0.6373440027236938
tele_bridge_fing16__00001000__s0043.wav,0.25757691264152527,0.3197650611400604,0.9165614247322083,0.7774694561958313,0.39677169919013977,0.4613124430179596
strat_neck_pick09__00001000__s0006.wav,0.3512389659881592,0.4501524567604065,0.6485220193862915,0.415957510471344,0.12634946405887604,0.40070414543151855
prs_bridge_pick19__00001000__s0040.wav,0.26422351598739624,0.1864529550075531,0.9231138825416565,0.8430649638175964,0.5217404365539551,0.47266408801078796
prs_neck_pick18__00001000__s0029.wav,0.8557804226875305,0.866515040397644,0.9078816175460815,0.7557347416877747,0.6070976257324219,0.6038283705711365
strat_bridge_pick11__00001000__s0035.wav,0.5323436856269836,0.45842182636260986,0.899285614490509,0.8163950443267822,0.8130925893783569,0.7726361155509949
prs_neck_pick01__00001000__s0014.wav,0.8913698792457581,0.7924271821975708,0.17455826699733734,0.6607257723808289,0.962979257106781,0.9407985806465149
tele_bridge_fing06__00001000__s0053.wav,0.16887250542640686,0.25026947259902954,0.48609235882759094,0.32851433753967285,0.2802940905094147,0.48602697253227234
les_bridge_fing06__00001000__s0013.wav,0.2663394808769226,0.1389288455247879,0.23459091782569885,0.5134106874465942,0.8855562806129456,0.871656596660614
tele_neck_pick25__00001000__s0054.wav,0.25834760069847107,0.24862536787986755,0.8549736142158508,0.5692188739776611,0.5019400119781494,0.4776259660720825
les_neck_fing15__00001000__s0050.wav,0.868121862411499,0.7134748101234436,0.9496262669563293,0.45330655574798584,0.8613343238830566,0.7305169105529785
tele_neck_pick10__00001000__s0038.wav,0.20042204856872559,0.26948273181915283,0.0681697204709053,0.39033228158950806,0.08425576239824295,0.19424325227737427
tele_bridge_fing18__00001000__s0040.wav,0.22062453627586365,0.09415337443351746,0.4314822554588318,0.6612488031387329,0.39870959520339966,0.558540403842926
strat_bridge_fing04__00001000__s0049.wav,0.9162503480911255,0.9390513896942139,0.8854853510856628,0.6775994896888733,0.9026627540588379,0.8210589289665222
tele_neck_fing16__00001000__s0029.wav,0.8788239359855652,0.7734131217002869,0.8324116468429565,0.5152171850204468,0.09578806906938553,0.2215694785118103
strat_bridge_fing16__00001000__s0028.wav,0.9903782606124878,0.9048644304275513,0.36674928665161133,0.36083319783210754,0.9391369819641113,0.9532819390296936
les_neck_pick10__00001000__s0020.wav,0.8649435639381409,0.854493260383606,0.26088282465934753,0.48000627756118774,0.9408172965049744,0.915119469165802
les_neck_fing05__00001000__s0053.wav,0.8406742811203003,0.909008264541626,0.017253566533327103,0.5060676336288452,0.10014976561069489,0.07960723340511322
les_neck_fing07__00001000__s0053.wav,0.20452533662319183,0.2837429642677307,0.3271464705467224,0.4447731375694275,0.2466871738433838,0.216091588139534
prs_bridge_pick19__00001000__s0021.wav,0.30014410614967346,0.2972726821899414,0.7714989185333252,0.7679340839385986,0.633997917175293,0.49758273363113403
les_bridge_pick24__00001000__s0040.wav,0.5143013000488281,0.5181134343147278,0.6665961146354675,0.6615644693374634,0.950313925743103,0.8959017992019653
strat_bridge_pick21__00001000__s0046.wav,0.16649971902370453,0.07862166315317154,0.8112366795539856,0.8664774894714355,0.7401138544082642,0.8635501861572266
tele_neck_pick22__00001000__s0034.wav,0.1602596938610077,0.36690354347229004,0.7998168468475342,0.6901878714561462,0.2866314649581909,0.16427260637283325
tele_neck_fing10__00001000__s0008.wav,0.4288933277130127,0.3379036486148834,0.5529972314834595,0.3905715346336365,0.572686493396759,0.4806077480316162
les_neck_pick15__00001000__s0054.wav,0.5118152499198914,0.6944432854652405,0.07639836519956589,0.5835810899734497,0.2531973719596863,0.16835032403469086
prs_bridge_fing15__00001000__s0023.wav,0.13835708796977997,0.2670312523841858,0.08155516535043716,0.21537677943706512,0.03084534779191017,0.05406435579061508
strat_bridge_pick11__00001000__s0028.wav,0.6978323459625244,0.831238865852356,0.34178274869918823,0.7057932615280151,0.7106761336326599,0.7009952068328857
les_bridge_pick11__00001000__s0034.wav,0.8628172278404236,0.899162232875824,0.8644596338272095,0.6137153506278992,0.0964972972869873,0.09147541970014572
les_neck_pick06__00001000__s0009.wav,0.771049439907074,0.6531283855438232,0.2588549852371216,0.27818170189857483,0.6779511570930481,0.49292537569999695
strat_neck_fing22__00001000__s0015.wav,0.40156298875808716,0.24767635762691498,0.17839086055755615,0.2654131054878235,0.11074893176555634,0.1328309029340744
les_bridge_fing12__00001000__s0005.wav,0.6552035808563232,0.7185185551643372,0.44460517168045044,0.5386477708816528,0.8822360634803772,0.8908445835113525
tele_bridge_pick08__00001000__s0053.wav,0.7115397453308105,0.8014855980873108,0.8564339280128479,0.7364901304244995,0.8381449580192566,0.8564139604568481
prs_bridge_pick15__00001000__s0027.wav,0.7614457607269287,0.6015622615814209,0.8392261862754822,0.3872821033000946,0.2209228277206421,0.3912440836429596
tele_bridge_fing14__00001000__s0012.wav,0.15328875184059143,0.12821732461452484,0.6038630604743958,0.6400109529495239,0.20540481805801392,0.6228792667388916
les_neck_fing22__00001000__s0039.wav,0.7320215702056885,0.3410103917121887,0.5258742570877075,0.2784596085548401,0.023101143538951874,0.12270498275756836
prs_neck_pick14__00001000__s0052.wav,0.9120680093765259,0.5778142809867859,0.9108047485351562,0.7583395838737488,0.2307616025209427,0.33694398403167725
prs_bridge_fing23__00001000__s0004.wav,0.36081042885780334,0.4414910674095154,0.9439888596534729,0.25579389929771423,0.07904935628175735,0.19146278500556946
tele_bridge_fing19__00001000__s0006.wav,0.6130056977272034,0.7490816712379456,0.46285900473594666,0.2771073579788208,0.7166177034378052,0.5547862648963928
tele_neck_pick18__00001000__s0032.wav,0.9562331438064575,0.24929814040660858,0.258476197719574,0.24827727675437927,0.0008645331836305559,0.05931093171238899
strat_bridge_pick03__00001000__s0033.wav,0.09417293965816498,0.1128295511007309,0.8188496232032776,0.8317705392837524,0.9566649794578552,0.8172204494476318
strat_bridge_fing06__00001000__s0029.wav,0.3357761800289154,0.35350725054740906,0.7135571241378784,0.851848304271698,0.7131391763687134,0.7902348041534424
prs_bridge_pick09__00001000__s0010.wav,0.09161705523729324,0.13880056142807007,0.5527339577674866,0.7899832725524902,0.7768651843070984,0.7691202163696289
prs_bridge_pick09__00001000__s0018.wav,0.5944584608078003,0.6225200295448303,0.31557703018188477,0.6068147420883179,0.10516457259654999,0.11260314285755157
les_neck_pick17__00001000__s0043.wav,0.260299950838089,0.3518814742565155,0.8812010884284973,0.7823919653892517,0.8840572834014893,0.8865503072738647
tele_neck_fing03__00001000__s0005.wav,0.005947700701653957,0.892767071723938,0.3241865634918213,0.40054845809936523,0.08879446238279343,0.418674111366272
prs_bridge_pick16__00001000__s0037.wav,0.08007733523845673,0.24187985062599182,0.45475977659225464,0.3064752519130707,0.13376665115356445,0.2982114255428314
strat_neck_pick06__00001000__s0029.wav,0.752759575843811,0.7486329674720764,0.02679850347340107,0.5660828351974487,0.6582785844802856,0.6597115397453308
strat_neck_fing13__00001000__s0048.wav,0.021692711859941483,0.5646383166313171,0.19715914130210876,0.11493213474750519,0.764497697353363,0.4227280914783478
prs_bridge_fing24__00001000__s0003.wav,0.05817043408751488,0.10197383165359497,0.32935860753059387,0.5978308320045471,0.23038800060749054,0.08504082262516022
strat_bridge_fing18__00001000__s0024.wav,0.6861660480499268,0.6205900311470032,0.4111436605453491,0.4694671332836151,0.12272795289754868,0.2801843583583832
prs_neck_fing04__00001000__s0044.wav,0.11328576505184174,0.4038999676704407,0.1484900563955307,0.6096880435943604,0.07605043798685074,0.34219565987586975
prs_bridge_pick12__00001000__s0011.wav,0.6065767407417297,0.7598941326141357,0.7832254767417908,0.5473598837852478,0.6314504742622375,0.34429091215133667
les_neck_fing03__00001000__s0023.wav,0.9563632011413574,0.7477077841758728,0.9752913117408752,0.5352505445480347,0.23312684893608093,0.11697368323802948
strat_bridge_fing07__00001000__s0001.wav,0.15015684068202972,0.17860960960388184,0.4115968346595764,0.7905151844024658,0.7414411902427673,0.6945058107376099
les_neck_pick12__00001000__s0034.wav,0.20321856439113617,0.27609485387802124,0.39386501908302307,0.6322592496871948,0.5018815398216248,0.536404013633728
les_neck_pick01__00001000__s0003.wav,0.09514018148183823,0.13454627990722656,0.03593355417251587,0.3507125675678253,0.5366895198822021,0.23691076040267944
les_neck_fing21__00001000__s0028.wav,0.16025088727474213,0.1858469843864441,0.1664157658815384,0.2529277205467224,0.9493405222892761,0.9439197182655334
les_bridge_pick15__00001000__s0023.wav,0.10904685407876968,0.37826380133628845,0.2676292359828949,0.5279988646507263,0.09236716479063034,0.04223914071917534
tele_bridge_pick05__00001000__s0002.wav,0.9762174487113953,0.8855303525924683,0.6701752543449402,0.7460286617279053,0.8676312565803528,0.8371086120605469
les_bridge_fing14__00001000__s0008.wav,0.3583845794200897,0.31518805027008057,0.4063219726085663,0.4299958646297455,0.32857292890548706,0.40325936675071716
prs_bridge_fing01__00001000__s0047.wav,0.2144729346036911,0.1237199604511261,0.17926780879497528,0.08823511004447937,0.08226968348026276,0.08816155791282654
les_neck_fing17__00001000__s0032.wav,0.8565182089805603,0.718651294708252,0.06720199435949326,0.47927579283714294,0.06639634072780609,0.15888383984565735
strat_bridge_fing19__00001000__s0015.wav,0.17954938113689423,0.13062840700149536,0.43500930070877075,0.6472213864326477,0.9546945095062256,0.8934985995292664
les_bridge_fing09__00001000__s0002.wav,0.34959888458251953,0.273241251707077,0.2182091474533081,0.41289862990379333,0.48700854182243347,0.45264503359794617
strat_bridge_pick21__00001000__s0006.wav,0.3317749500274658,0.3471195697784424,0.4716781675815582,0.7718995213508606,0.9634805917739868,0.9659026861190796
les_bridge_pick12__00001000__s0050.wav,0.4998694062232971,0.5680716633796692,0.05363529175519943,0.16685926914215088,0.935469925403595,0.9186559915542603
strat_neck_pick09__00001000__s0046.wav,0.3911682665348053,0.4105958640575409,0.8596086502075195,0.7398912310600281,0.6770862936973572,0.6535462737083435
les_bridge_fing20__00001000__s0007.wav,0.9882491230964661,0.7450321912765503,0.4135037660598755,0.22017721831798553,0.006096128839999437,0.1850360482931137
strat_neck_pick19__00001000__s0042.wav,0.92417311668396,0.5355637073516846,0.6011350750923157,0.42055127024650574,0.39810124039649963,0.18972471356391907
tele_neck_fing14__00001000__s0037.wav,0.7966583967208862,0.6051007509231567,0.6528811454772949,0.5082135796546936,0.5203611850738525,0.3441371023654938
prs_bridge_fing06__00001000__s0008.wav,0.32967400550842285,0.37453749775886536,0.7116296291351318,0.5085490942001343,0.30595633387565613,0.3008345067501068
prs_neck_pick17__00001000__s0037.wav,0.6689560413360596,0.7200710773468018,0.8925496339797974,0.5169129371643066,0.8019577264785767,0.6987126469612122
prs_bridge_pick16__00001000__s0046.wav,0.6399996876716614,0.6251432299613953,0.9182827472686768,0.7798804640769958,0.9168140888214111,0.8953354358673096
strat_bridge_fing21__00001000__s0046.wav,0.34667542576789856,0.339314728975296,0.4231931269168854,0.5240376591682434,0.5626311302185059,0.452256441116333
prs_bridge_pick21__00001000__s0045.wav,0.8537554144859314,0.5847558975219727,0.1965257227420807,0.36230793595314026,0.3521597385406494,0.16421258449554443
les_bridge_fing23__00001000__s0005.wav,0.8582268357276917,0.9355543851852417,0.6661036610603333,0.5990009903907776,0.9806278347969055,0.9706088304519653
les_neck_pick23__00001000__s0041.wav,0.3764207363128662,0.4359318017959595,0.8841649293899536,0.855813205242157,0.7515807151794434,0.7005375623703003
strat_neck_pick25__00001000__s0013.wav,0.4159449636936188,0.17174164950847626,0.7853389978408813,0.16200675070285797,0.04180830717086792,0.12075446546077728
prs_neck_fing10__00001000__s0035.wav,0.8968924283981323,0.8236945271492004,0.9766697287559509,0.32548537850379944,0.22411705553531647,0.5254781246185303
prs_neck_pick12__00001000__s0012.wav,0.8879738450050354,0.8871769309043884,0.6078137159347534,0.2797745168209076,0.05758320540189743,0.32746732234954834
strat_bridge_pick15__00001000__s0001.wav,0.5696050524711609,0.6841177344322205,0.6553451418876648,0.38673803210258484,0.33961737155914307,0.5867027640342712
les_bridge_fing01__00001000__s0041.wav,0.04467051476240158,0.022583317011594772,0.6988760828971863,0.5594940185546875,0.943282425403595,0.9332312941551208
strat_neck_pick20__00001000__s0006.wav,0.6168155670166016,0.6189490556716919,0.8023415803909302,0.7351111769676208,0.7623724937438965,0.6297293305397034
strat_bridge_pick17__00001000__s0039.wav,0.549415647983551,0.43798401951789856,0.0021948281209915876,0.507685124874115,0.38752391934394836,0.3940131664276123
tele_neck_fing13__00001000__s0015.wav,0.44039931893348694,0.4346214532852173,0.6321324110031128,0.7831381559371948,0.5537025928497314,0.7886874079704285
les_bridge_pick22__00001000__s0002.wav,0.9616827964782715,0.3790009915828705,0.9540348649024963,0.7287939190864563,0.11669881641864777,0.123423270881176
prs_neck_pick12__00001000__s0029.wav,0.2529236376285553,0.15811306238174438,0.015400892123579979,0.24734999239444733,0.035597655922174454,0.07706855982542038
strat_neck_pick19__00001000__s0012.wav,0.09084329009056091,0.32692766189575195,0.11136702448129654,0.47686508297920227,0.24327921867370605,0.20485655963420868
les_neck_fing13__00001000__s0002.wav,0.7267919182777405,0.6285352110862732,0.34760940074920654,0.6672565937042236,0.576597273349762,0.6451628804206848
tele_bridge_pick08__00001000__s0004.wav,0.816277801990509,0.5400508046150208,0.09982073307037354,0.6264613270759583,0.3728751242160797,0.4512976109981537
les_bridge_fing21__00001000__s0003.wav,0.34693267941474915,0.6094542145729065,0.5293217897415161,0.43451574444770813,0.18756984174251556,0.26870059967041016
strat_bridge_pick19__00001000__s0009.wav,0.6103305220603943,0.5129974484443665,0.4494284689426422,0.35196319222450256,0.34125685691833496,0.43597766757011414
les_neck_pick04__00001000__s0049.wav,0.6431611180305481,0.727156400680542,0.9011616706848145,0.6667461395263672,0.7358407378196716,0.6949877738952637
les_bridge_pick15__00001000__s0039.wav,0.4204329550266266,0.43876758217811584,0.6331148743629456,0.4148579239845276,0.6029015779495239,0.6293260455131531
tele_neck_fing02__00001000__s0004.wav,0.039067257195711136,0.02222510054707527,0.2895199656486511,0.07136686146259308,0.6616434454917908,0.8048511743545532
prs_bridge_fing04__00001000__s0032.wav,0.36764538288116455,0.3745659291744232,0.8172324895858765,0.2036018967628479,0.18437416851520538,0.23799976706504822
les_bridge_pick22__00001000__s0009.wav,0.7150211334228516,0.6529958844184875,0.014418699778616428,0.5167014002799988,0.08105020225048065,0.21363364160060883
strat_bridge_pick09__00001000__s0032.wav,0.865610659122467,0.7555423378944397,0.4726490378379822,0.6787453889846802,0.023221421986818314,0.36892300844192505
tele_neck_fing15__00001000__s0044.wav,0.4027758538722992,0.298338383436203,0.7845195531845093,0.6745153069496155,0.11736097931861877,0.1185864731669426
tele_neck_fing04__00001000__s0026.wav,0.14471812546253204,0.031194547191262245,0.9899093508720398,0.9349499940872192,0.35953274369239807,0.5962246656417847
tele_bridge_pick01__00001000__s0031.wav,0.12892109155654907,0.16032785177230835,0.4735424816608429,0.686441957950592,0.9755592346191406,0.7400861978530884
tele_neck_pick02__00001000__s0041.wav,0.24954856932163239,0.21169544756412506,0.6333117485046387,0.7761714458465576,0.7471705079078674,0.6761508584022522
tele_bridge_fing24__00001000__s0048.wav,0.8733193278312683,0.6438941359519958,0.05864400416612625,0.22006908059120178,0.0011955215595662594,0.021343694999814034
prs_neck_fing07__00001000__s0037.wav,0.6212266683578491,0.6719163060188293,0.16245849430561066,0.2578985393047333,0.4149094521999359,0.6122512817382812
prs_bridge_pick08__00001000__s0053.wav,0.29326558113098145,0.2271183282136917,0.5694528818130493,0.7822186946868896,0.6686665415763855,0.6345619559288025
les_bridge_fing02__00001000__s0034.wav,0.748919665813446,0.6490333676338196,0.8085846900939941,0.6344484090805054,0.09699363261461258,0.11799190193414688
prs_bridge_pick11__00001000__s0011.wav,0.9923820495605469,0.8920472264289856,0.23370906710624695,0.590925395488739,0.8429144620895386,0.7960663437843323
tele_bridge_pick18__00001000__s0027.wav,0.36296841502189636,0.332446813583374,0.7893221974372864,0.6492670774459839,0.18856626749038696,0.4082798659801483
strat_neck_pick11__00001000__s0024.wav,0.5055063366889954,0.5186617374420166,0.13682028651237488,0.37185320258140564,0.8986175656318665,0.7524046897888184
tele_neck_pick13__00001000__s0036.wav,0.004494851920753717,0.07309012115001678,0.6686148643493652,0.33657288551330566,0.18857137858867645,0.5145783424377441
prs_bridge_fing03__00001000__s0031.wav,0.20284755527973175,0.223785400390625,0.05733070895075798,0.43447425961494446,0.9345539212226868,0.7823699712753296
strat_bridge_fing08__00001000__s0011.wav,0.32730796933174133,0.6158947944641113,0.7472986578941345,0.5414784550666809,0.15147696435451508,0.37360909581184387
strat_neck_fing22__00001000__s0049.wav,0.03431655094027519,0.21880170702934265,0.8117804527282715,0.5707235932350159,0.8887814879417419,0.7020538449287415
les_neck_pick10__00001000__s0039.wav,0.4083589017391205,0.3484470546245575,0.5917970538139343,0.49149855971336365,0.45121297240257263,0.4947468042373657
les_bridge_fing13__00001000__s0033.wav,0.04894277825951576,0.03622294217348099,0.7696470618247986,0.8991811871528625,0.7498134970664978,0.7675476670265198
strat_neck_fing06__00001000__s0048.wav,0.9497835040092468,0.47804132103919983,0.9753987193107605,0.4259663224220276,0.08995921909809113,0.2055569887161255
prs_bridge_pick22__00001000__s0017.wav,0.251626580953598,0.6936928033828735,0.04533931240439415,0.1781800091266632,0.39548370242118835,0.27585700154304504
tele_bridge_fing19__00001000__s0049.wav,0.632439911365509,0.588306188583374,0.631939172744751,0.6334269046783447,0.705818772315979,0.6479941010475159
prs_neck_pick12__00001000__s0018.wav,0.06479211151599884,0.07733161747455597,0.021303724497556686,0.17146065831184387,0.7428149580955505,0.5390700697898865
tele_neck_pick14__00001000__s0029.wav,0.9414968490600586,0.8777720928192139,0.2477632611989975,0.27401795983314514,0.5424339771270752,0.4523105323314667
les_neck_fing03__00001000__s0046.wav,0.47092002630233765,0.5890346169471741,0.03226906433701515,0.3527469038963318,0.7593297362327576,0.4324477016925812
tele_bridge_pick13__00001000__s0014.wav,0.18135783076286316,0.32932808995246887,0.08084071427583694,0.43223893642425537,0.6857264637947083,0.16196000576019287
strat_bridge_fing07__00001000__s0051.wav,0.007877119816839695,0.35045692324638367,0.2688536047935486,0.2163006067276001,0.28298789262771606,0.21115624904632568
les_neck_fing09__00001000__s0000.wav,0.005711906123906374,0.15272681415081024,0.9503840208053589,0.8230933547019958,0.8832693696022034,0.747480034828186
prs_bridge_pick17__00001000__s0026.wav,0.5525961518287659,0.5057407021522522,0.17891807854175568,0.19175195693969727,0.1373991221189499,0.33007919788360596
prs_neck_pick04__00001000__s0014.wav,0.5481401681900024,0.5570789575576782,0.3861551284790039,0.49264439940452576,0.8100540637969971,0.7231312990188599
tele_neck_fing19__00001000__s0045.wav,0.8157283663749695,0.8732638359069824,0.05374647304415703,0.6286646127700806,0.4533279240131378,0.3997061550617218
les_bridge_fing20__00001000__s0022.wav,0.011993331834673882,0.11854700744152069,0.21455618739128113,0.10045959055423737,0.9474705457687378,0.7395094633102417
prs_bridge_fing21__00001000__s0015.wav,0.8275870680809021,0.6002550721168518,0.02492024190723896,0.33613646030426025,0.5114899277687073,0.471427321434021
strat_neck_fing10__00001000__s0009.wav,0.22257234156131744,0.3589193522930145,0.01489210594445467,0.2232699692249298,0.999210774898529,0.7846366167068481
les_neck_fing25__00001000__s0022.wav,0.8400331735610962,0.6298618912696838,0.5773206949234009,0.4377090036869049,0.0633111372590065,0.18069760501384735
les_bridge_pick11__00001000__s0042.wav,0.5891678929328918,0.6839143633842468,0.3604542016983032,0.4786275327205658,0.7034369707107544,0.753296434879303
tele_neck_pick23__00001000__s0001.wav,0.6278913617134094,0.561502993106842,0.2390422523021698,0.286765456199646,0.7396790385246277,0.7343155741691589
tele_neck_fing23__00001000__s0042.wav,0.0921320915222168,0.12296902388334274,0.2191544771194458,0.1034468412399292,0.18139535188674927,0.3277461528778076
tele_neck_pick04__00001000__s0037.wav,0.6181727051734924,0.6272092461585999,0.2812128961086273,0.669062077999115,0.9893048405647278,0.932763934135437
strat_neck_fing02__00001000__s0011.wav,0.24355195462703705,0.4772193431854248,0.9446244239807129,0.7765229940414429,0.32639384269714355,0.3525178134441376
strat_bridge_fing03__00001000__s0008.wav,0.13843640685081482,0.20344553887844086,0.09123677015304565,0.36231815814971924,0.7797890305519104,0.41449475288391113
strat_bridge_pick19__00001000__s0020.wav,0.709054708480835,0.7290571331977844,0.5721759796142578,0.14769908785820007,0.48308098316192627,0.44391921162605286
les_neck_pick14__00001000__s0021.wav,0.6285595893859863,0.6945713758468628,0.6428308486938477,0.7365926504135132,0.8977078795433044,0.8639218807220459
tele_bridge_fing16__00001000__s0039.wav,0.45420512557029724,0.4712755084037781,0.23690056800842285,0.5664726495742798,0.21221426129341125,0.15225054323673248
prs_neck_fing09__00001000__s0009.wav,0.3218638002872467,0.32083070278167725,0.34907686710357666,0.5256210565567017,0.33617672324180603,0.17766740918159485
les_neck_pick10__00001000__s0036.wav,0.31822553277015686,0.3660595715045929,0.5037136077880859,0.5700446963310242,0.5733711123466492,0.414872944355011
strat_bridge_pick04__00001000__s0036.wav,0.9412735104560852,0.7769303321838379,0.686525821685791,0.7505368590354919,0.7831332683563232,0.8518112301826477
strat_bridge_fing23__00001000__s0009.wav,0.43088361620903015,0.28762176632881165,0.0892559215426445,0.30338549613952637,0.8818658590316772,0.9129979610443115
tele_neck_pick11__00001000__s0019.wav,0.6770130395889282,0.689342200756073,0.5711586475372314,0.3710119426250458,0.3044261932373047,0.4135840833187103
strat_bridge_fing17__00001000__s0050.wav,0.3266468942165375,0.5745388269424438,0.27753040194511414,0.12525248527526855,0.18769893050193787,0.5423852205276489
les_neck_pick19__00001000__s0046.wav,0.07767301052808762,0.3041478097438812,0.29711735248565674,0.15464617311954498,0.10465950518846512,0.18265336751937866
tele_bridge_pick04__00001000__s0055.wav,0.8109716773033142,0.5891428589820862,0.5186321139335632,0.5329827666282654,0.9816163778305054,0.9537513256072998
les_bridge_pick09__00001000__s0018.wav,0.6896352767944336,0.7447895407676697,0.9226256012916565,0.8308323621749878,0.9938713908195496,0.9807657599449158
strat_bridge_fing23__00001000__s0043.wav,0.38002118468284607,0.2552216649055481,0.9123677611351013,0.7752847075462341,0.7993477582931519,0.7188829779624939
tele_neck_pick11__00001000__s0006.wav,0.39148879051208496,0.4805174469947815,0.6900876760482788,0.4215741455554962,0.1706455945968628,0.18776240944862366
prs_neck_fing25__00001000__s0052.wav,0.6508493423461914,0.7162360548973083,0.08850236982107162,0.41049516201019287,0.6651438474655151,0.5973019003868103
les_neck_fing11__00001000__s0045.wav,0.21390342712402344,0.19161997735500336,0.6694875359535217,0.872544527053833,0.6275662183761597,0.6002470850944519
prs_neck_fing04__00001000__s0035.wav,0.16056092083454132,0.22036625444889069,0.4970032274723053,0.6227307319641113,0.5636023879051208,0.25463563203811646
prs_neck_pick19__00001000__s0047.wav,0.9333905577659607,0.9378053545951843,0.556023120880127,0.3242061138153076,0.9820952415466309,0.9570447206497192
les_bridge_fing15__00001000__s0052.wav,0.9769240021705627,0.7897471785545349,0.14430928230285645,0.5373978018760681,0.3141464293003082,0.21771463751792908
tele_neck_pick18__00001000__s0026.wav,0.3991505205631256,0.32050395011901855,0.31256648898124695,0.7343056201934814,0.6299828886985779,0.487591952085495
tele_bridge_pick05__00001000__s0045.wav,0.9476065635681152,0.7851942181587219,0.885448694229126,0.3888437747955322,0.9571777582168579,0.9551916718482971
prs_bridge_fing06__00001000__s0041.wav,0.15062932670116425,0.4592716693878174,0.7642029523849487,0.2801133990287781,0.29982084035873413,0.43860965967178345
prs_bridge_pick22__00001000__s0044.wav,0.2571061849594116,0.24274452030658722,0.9873591661453247,0.7540038824081421,0.32625651359558105,0.33434703946113586
prs_bridge_pick20__00001000__s0053.wav,0.5695478916168213,0.6593049168586731,0.3476502597332001,0.313158243894577,0.9960342645645142,0.9487636685371399
prs_bridge_fing20__00001000__s0021.wav,0.19363565742969513,0.13134315609931946,0.3198835253715515,0.5908680558204651,0.8203096389770508,0.8972487449645996
tele_bridge_pick19__00001000__s0023.wav,0.5362080335617065,0.5391175746917725,0.5286582708358765,0.8405826687812805,0.7234855890274048,0.8020952343940735
prs_bridge_fing17__00001000__s0036.wav,0.8194762468338013,0.6502636075019836,0.29235854744911194,0.2910937964916229,0.18319888412952423,0.14886339008808136
prs_neck_pick22__00001000__s0045.wav,0.12139320373535156,0.2800661027431488,0.5617634654045105,0.40425747632980347,0.930161714553833,0.767896831035614
les_neck_pick12__00001000__s0016.wav,0.5388134717941284,0.4620424509048462,0.07182766497135162,0.2586515545845032,0.470324844121933,0.5230920314788818
tele_bridge_pick12__00001000__s0037.wav,0.7912746071815491,0.6801910996437073,0.05667641758918762,0.5166816115379333,0.07363930344581604,0.2880193591117859
strat_bridge_fing12__00001000__s0038.wav,0.9329788088798523,0.9546533823013306,0.742001473903656,0.5577537417411804,0.6014940142631531,0.5140379667282104
strat_bridge_fing09__00001000__s0029.wav,0.927294909954071,0.8434217572212219,0.6116032004356384,0.327788770198822,0.25725632905960083,0.16027963161468506
les_neck_fing13__00001000__s0009.wav,0.5733703970909119,0.5924684405326843,0.15185081958770752,0.5702335238456726,0.9591841697692871,0.9391611218452454
tele_neck_fing02__00001000__s0017.wav,0.6106269359588623,0.5992842316627502,0.8384656310081482,0.5278435349464417,0.3540318012237549,0.2639264166355133
les_bridge_fing25__00001000__s0013.wav,0.3362022042274475,0.18334658443927765,0.05333900451660156,0.20114412903785706,0.18888674676418304,0.08270188421010971
strat_neck_pick25__00001000__s0049.wav,0.1640518456697464,0.1530081033706665,0.9446656703948975,0.8129268288612366,0.6715784072875977,0.8301365971565247
tele_neck_fing21__00001000__s0031.wav,0.6295552849769592,0.5699976682662964,0.8978323936462402,0.8614528179168701,0.45295587182044983,0.46498289704322815
tele_bridge_pick07__00001000__s0027.wav,0.8980705142021179,0.8457092046737671,0.2738175392150879,0.6014074683189392,0.6684712767601013,0.5410535931587219
les_neck_fing10__00001000__s0050.wav,0.28059500455856323,0.46065565943717957,0.01458931714296341,0.1550266146659851,0.8878989219665527,0.8286334872245789
tele_bridge_fing24__00001000__s0012.wav,0.08326832205057144,0.5605027675628662,0.4697658121585846,0.39159291982650757,0.19899582862854004,0.2790191173553467
les_bridge_fing24__00001000__s0033.wav,0.5411881804466248,0.6122003197669983,0.2849642336368561,0.09787847846746445,0.31182795763015747,0.29481300711631775
prs_neck_fing23__00001000__s0049.wav,0.4728373885154724,0.5140788555145264,0.9182955622673035,0.526904821395874,0.5218417644500732,0.6253635883331299
les_neck_pick21__00001000__s0044.wav,0.6900303959846497,0.6089462041854858,0.6169665455818176,0.5613846778869629,0.10817992687225342,0.13701866567134857
tele_bridge_pick22__00001000__s0029.wav,0.3901653587818146,0.3434186577796936,0.06299959868192673,0.44747957587242126,0.6491799354553223,0.6909622550010681
les_neck_fing13__00001000__s0013.wav,0.7173395156860352,0.8384779691696167,0.5145701766014099,0.3356603682041168,0.24709953367710114,0.3527093827724457
prs_neck_fing01__00001000__s0006.wav,0.6769672632217407,0.6141102313995361,0.9351876378059387,0.3990815579891205,0.38121160864830017,0.45278939604759216
les_bridge_pick10__00001000__s0001.wav,0.008882667869329453,0.028024116531014442,0.3823585510253906,0.2193572223186493,0.2570953071117401,0.16747316718101501
les_neck_fing22__00001000__s0031.wav,0.5878187417984009,0.4593033492565155,0.8130868673324585,0.6449304819107056,0.7912763953208923,0.8335220217704773
prs_bridge_pick02__00001000__s0044.wav,0.2073865383863449,0.21847127377986908,0.7873928546905518,0.8787935972213745,0.45082390308380127,0.5286829471588135
prs_neck_fing07__00001000__s0029.wav,0.7048162817955017,0.7337116599082947,0.4103146195411682,0.5311970114707947,0.08193637430667877,0.17949122190475464
les_bridge_fing21__00001000__s0013.wav,0.7699646353721619,0.5848973393440247,0.1304711401462555,0.5916785597801208,0.18205615878105164,0.1369061917066574
tele_bridge_fing25__00001000__s0037.wav,0.7490704655647278,0.31779444217681885,0.9352906346321106,0.6950589418411255,0.296363890171051,0.4230746924877167
prs_bridge_fing13__00001000__s0003.wav,0.060777466744184494,0.5394646525382996,0.7568041682243347,0.861016035079956,0.015776898711919785,0.11353305727243423
prs_bridge_fing04__00001000__s0036.wav,0.5199229121208191,0.6503080129623413,0.66172194480896,0.8580310344696045,0.4822790026664734,0.5331252813339233
strat_neck_pick21__00001000__s0031.wav,0.6964800357818604,0.5913532972335815,0.07772692292928696,0.2797185480594635,0.8119021654129028,0.7939065098762512
les_neck_fing16__00001000__s0032.wav,0.4607100784778595,0.5555298328399658,0.4943954348564148,0.4488106071949005,0.8120071291923523,0.6617693305015564
les_neck_fing17__00001000__s0025.wav,0.08247818052768707,0.3881046772003174,0.9850283265113831,0.425008624792099,0.15664497017860413,0.3943374454975128
les_neck_pick17__00001000__s0033.wav,0.5916349291801453,0.5983763337135315,0.5634704232215881,0.31606361269950867,0.5358566045761108,0.5428265333175659
tele_neck_fing08__00001000__s0027.wav,0.2719739079475403,0.3687377870082855,0.8238701224327087,0.713540256023407,0.35707974433898926,0.4251921772956848
les_bridge_fing25__00001000__s0052.wav,0.6363734006881714,0.687117874622345,0.09478966891765594,0.4196554124355316,0.5108771324157715,0.6113577485084534
tele_neck_fing04__00001000__s0032.wav,0.8058866262435913,0.8012100458145142,0.9971511960029602,0.5256454944610596,0.7886830568313599,0.7779045104980469
tele_neck_pick24__00001000__s0047.wav,0.8338613510131836,0.7735310196876526,0.6873576641082764,0.6584406495094299,0.39050307869911194,0.36904263496398926
strat_neck_pick15__00001000__s0005.wav,0.09726054221391678,0.1834263652563095,0.24568425118923187,0.35148003697395325,0.720565676689148,0.4203985929489136
strat_bridge_fing07__00001000__s0035.wav,0.4272160828113556,0.6125682592391968,0.4166452884674072,0.7341786623001099,0.44177916646003723,0.6265676617622375
strat_neck_pick17__00001000__s0014.wav,0.22759763896465302,0.4803878366947174,0.946037232875824,0.5816265940666199,0.04423544183373451,0.10357142984867096
les_neck_pick07__00001000__s0012.wav,0.19534926116466522,0.1447620838880539,0.11021947115659714,0.17215685546398163,0.34647464752197266,0.3270223140716553
les_bridge_pick07__00001000__s0003.wav,0.03959241881966591,0.03790806606411934,0.7882863283157349,0.6903348565101624,0.17896881699562073,0.37116822600364685
strat_neck_pick17__00001000__s0038.wav,0.2039390355348587,0.6767459511756897,0.061869967728853226,0.27087506651878357,0.12875066697597504,0.3621163070201874
strat_bridge_pick07__00001000__s0021.wav,0.18102692067623138,0.19982896745204926,0.5639601349830627,0.7596710920333862,0.5459772944450378,0.41610828042030334
tele_neck_fing23__00001000__s0002.wav,0.29466918110847473,0.32353028655052185,0.3003677427768707,0.4160011410713196,0.8694469928741455,0.7029455304145813
prs_neck_fing03__00001000__s0032.wav,0.23888716101646423,0.3073870539665222,0.6240901350975037,0.33359619975090027,0.9524247646331787,0.8776259422302246
prs_neck_fing25__00001000__s0027.wav,0.22465552389621735,0.32895442843437195,0.13609521090984344,0.6371610760688782,0.8083436489105225,0.7634426355361938
les_neck_pick22__00001000__s0012.wav,0.060389116406440735,0.23146629333496094,0.6872265338897705,0.6431080102920532,0.7458224892616272,0.6758321523666382
tele_neck_pick22__00001000__s0050.wav,0.9863506555557251,0.8079763054847717,0.5374391674995422,0.4277662932872772,0.19379159808158875,0.17176590859889984
tele_neck_fing19__00001000__s0023.wav,0.5305150151252747,0.587525486946106,0.43274858593940735,0.7044968008995056,0.4997864365577698,0.5079538226127625
strat_neck_pick12__00001000__s0025.wav,0.2816895842552185,0.5581716895103455,0.30228689312934875,0.2588617205619812,0.2507646083831787,0.32208141684532166
les_neck_fing25__00001000__s0048.wav,0.6601759195327759,0.3754352331161499,0.2690359652042389,0.6309101581573486,0.2111692875623703,0.18830569088459015
strat_neck_pick18__00001000__s0000.wav,0.9088322520256042,0.7765389084815979,0.5739029049873352,0.7618786692619324,0.37772509455680847,0.4513242542743683
les_bridge_fing16__00001000__s0051.wav,0.9196620583534241,0.8980432152748108,0.45581936836242676,0.4542582929134369,0.7207658886909485,0.7254390120506287
prs_neck_fing18__00001000__s0008.wav,0.9445133209228516,0.8143847584724426,0.7566315531730652,0.5407099723815918,0.8533716797828674,0.8973656296730042
tele_bridge_fing13__00001000__s0014.wav,0.5608909130096436,0.48152706027030945,0.017439596354961395,0.35519206523895264,0.6252896785736084,0.6202751994132996
les_bridge_fing24__00001000__s0035.wav,0.3910007178783417,0.3390005826950073,0.4507107138633728,0.5334776043891907,0.9043105840682983,0.753611147403717
strat_bridge_fing09__00001000__s0007.wav,0.8851403594017029,0.8179337978363037,0.4238702952861786,0.2538541853427887,0.88211590051651,0.8986558318138123
strat_neck_fing25__00001000__s0038.wav,0.8755607008934021,0.8009047508239746,0.04633338004350662,0.6878535747528076,0.1116008535027504,0.22660335898399353
les_bridge_pick08__00001000__s0046.wav,0.32961562275886536,0.3909958600997925,0.29828542470932007,0.4153764843940735,0.5952890515327454,0.6031896471977234
les_neck_pick13__00001000__s0030.wav,0.7201794385910034,0.6774331331253052,0.016626209020614624,0.278963565826416,0.5180642604827881,0.2589225172996521
prs_neck_fing14__00001000__s0035.wav,0.015202918089926243,0.05538756400346756,0.9740609526634216,0.9156145453453064,0.493889182806015,0.5790013670921326
tele_neck_pick24__00001000__s0019.wav,0.906529426574707,0.6706030964851379,0.7466979622840881,0.548058807849884,0.19475135207176208,0.21076074242591858
prs_neck_fing19__00001000__s0013.wav,0.23190928995609283,0.45880645513534546,0.10563895106315613,0.6743435859680176,0.8624983429908752,0.7195318937301636
tele_bridge_pick14__00001000__s0054.wav,0.7604195475578308,0.7642194628715515,0.7663666605949402,0.8892776966094971,0.7219230532646179,0.6695727705955505
les_bridge_fing07__00001000__s0051.wav,0.4993218183517456,0.5869059562683105,0.7696803212165833,0.46794599294662476,0.22836321592330933,0.4156718850135803
strat_bridge_pick22__00001000__s0029.wav,0.474919855594635,0.6588326692581177,0.98512202501297,0.3330289423465729,0.07630076259374619,0.29834604263305664
prs_bridge_fing19__00001000__s0042.wav,0.8730714321136475,0.29333505034446716,0.8269456028938293,0.56215500831604,0.33066630363464355,0.31617218255996704
strat_neck_pick25__00001000__s0003.wav,0.7209250926971436,0.4541361331939697,0.006136513315141201,0.48129257559776306,0.47841906547546387,0.519490659236908
les_bridge_fing25__00001000__s0014.wav,0.47469112277030945,0.32854345440864563,0.17245236039161682,0.5279318690299988,0.6319314241409302,0.6115401983261108
tele_neck_fing23__00001000__s0032.wav,0.7748357653617859,0.856744647026062,0.02937925048172474,0.31266382336616516,0.9227939248085022,0.8652240037918091
prs_bridge_pick10__00001000__s0020.wav,0.44137904047966003,0.4221349358558655,0.4891233444213867,0.546695351600647,0.49197763204574585,0.44091060757637024
les_bridge_pick19__00001000__s0040.wav,0.43164780735969543,0.2655348777770996,0.2603291869163513,0.6023584008216858,0.4255822002887726,0.19559065997600555
les_bridge_fing16__00001000__s0001.wav,0.6165319681167603,0.5172469019889832,0.6786790490150452,0.6490963101387024,0.6742482781410217,0.6467556953430176
strat_neck_fing14__00001000__s0052.wav,0.6227938532829285,0.684855043888092,0.7892678380012512,0.5768975019454956,0.8902683854103088,0.7586395144462585
tele_neck_pick22__00001000__s0045.wav,0.3795047700405121,0.44859039783477783,0.9748983979225159,0.6437891721725464,0.6629260778427124,0.6604450941085815
tele_neck_pick23__00001000__s0049.wav,0.18747417628765106,0.1836603581905365,0.42204052209854126,0.6616809964179993,0.2674979865550995,0.19677616655826569
tele_neck_fing25__00001000__s0018.wav,0.09744410216808319,0.27163952589035034,0.7444624304771423,0.629189133644104,0.4558279812335968,0.5389869809150696
strat_neck_fing24__00001000__s0032.wav,0.21428647637367249,0.44401267170906067,0.7990662455558777,0.5896278619766235,0.9278078079223633,0.9184142351150513
prs_bridge_fing12__00001000__s0028.wav,0.9991086721420288,0.772448718547821,0.1508331596851349,0.6859428882598877,0.7892886400222778,0.7193982601165771
prs_bridge_fing13__00001000__s0013.wav,0.8502553105354309,0.24225951731204987,0.3093094825744629,0.5373972654342651,0.15180088579654694,0.07198337465524673
strat_neck_pick19__00001000__s0009.wav,0.5740026831626892,0.48036059737205505,0.7948408126831055,0.34736835956573486,0.47343680262565613,0.319861501455307
prs_neck_fing16__00001000__s0020.wav,0.9553801417350769,0.5715934038162231,0.4053925573825836,0.596375584602356,0.1571410596370697,0.12071061134338379
les_bridge_fing03__00001000__s0028.wav,0.6308168172836304,0.5379645228385925,0.03880934789776802,0.7914583683013916,0.15937554836273193,0.10027989745140076
tele_neck_fing09__00001000__s0002.wav,0.6421663165092468,0.6450988054275513,0.7155167460441589,0.40262144804000854,0.6842142343521118,0.6283396482467651
tele_bridge_fing14__00001000__s0011.wav,0.3897712826728821,0.44774001836776733,0.49228042364120483,0.6253679394721985,0.7895740270614624,0.4167815148830414
prs_neck_pick12__00001000__s0027.wav,0.6845905184745789,0.49867480993270874,0.7844575047492981,0.46167266368865967,0.5031296610832214,0.41027700901031494
prs_neck_fing17__00001000__s0042.wav,0.7923988699913025,0.7822197079658508,0.20702268183231354,0.5962866544723511,0.31242552399635315,0.09238606691360474
tele_bridge_pick22__00001000__s0047.wav,0.8288776874542236,0.8288682103157043,0.4810839593410492,0.4230809211730957,0.21836504340171814,0.4055024981498718
prs_neck_fing19__00001000__s0040.wav,0.38539817929267883,0.43685242533683777,0.112989142537117,0.17327426373958588,0.7251184582710266,0.47339287400245667
les_bridge_pick12__00001000__s0049.wav,0.8163183331489563,0.784067690372467,0.3970607817173004,0.3991871178150177,0.9607969522476196,0.9258831739425659
tele_bridge_fing20__00001000__s0001.wav,0.3794805705547333,0.5040321946144104,0.10484681278467178,0.6415725946426392,0.779259443283081,0.6456741094589233
les_neck_fing11__00001000__s0016.wav,0.5186355710029602,0.26334840059280396,0.5892155170440674,0.6999890804290771,0.28566598892211914,0.3363739550113678
les_bridge_pick01__00001000__s0044.wav,0.3327365815639496,0.34954485297203064,0.04223718121647835,0.2700757384300232,0.5521031618118286,0.6514027714729309
les_bridge_fing25__00001000__s0028.wav,0.5253456830978394,0.5207650065422058,0.504868745803833,0.5968096256256104,0.6042671203613281,0.6628017425537109
les_bridge_pick25__00001000__s0009.wav,0.1405583620071411,0.2049025297164917,0.25193169713020325,0.6269696950912476,0.598223090171814,0.36109021306037903
les_neck_fing10__00001000__s0031.wav,0.5475153923034668,0.5346826910972595,0.014223298989236355,0.2242494821548462,0.7577188611030579,0.6156213879585266
strat_neck_fing17__00001000__s0040.wav,0.7877578139305115,0.67295902967453,0.17511746287345886,0.34347525238990784,0.43301376700401306,0.1882409304380417
tele_bridge_pick03__00001000__s0016.wav,0.31896209716796875,0.2016308456659317,0.28145453333854675,0.4864727556705475,0.4675614833831787,0.7078590393066406
strat_neck_fing16__00001000__s0022.wav,0.6011338829994202,0.5972524881362915,0.16983924806118011,0.38371849060058594,0.7454671263694763,0.6639807224273682
prs_neck_fing04__00001000__s0036.wav,0.2545616924762726,0.5808336734771729,0.014163120649755001,0.4554714560508728,0.1395445615053177,0.08263759315013885
prs_neck_fing13__00001000__s0052.wav,0.12166432291269302,0.12474074959754944,0.1730765402317047,0.15661516785621643,0.9949597716331482,0.9675925970077515
prs_neck_fing11__00001000__s0021.wav,0.11670839041471481,0.4657244384288788,0.13563254475593567,0.06749366968870163,0.6871019601821899,0.909325897693634
tele_bridge_pick22__00001000__s0030.wav,0.014109743759036064,0.07435411214828491,0.24311618506908417,0.19153457880020142,0.5955802798271179,0.2206304520368576
strat_bridge_pick04__00001000__s0002.wav,0.7247572541236877,0.744208037853241,0.717395007610321,0.8441269397735596,0.8242008686065674,0.7571910619735718
strat_bridge_fing22__00001000__s0029.wav,0.5581261515617371,0.6139775514602661,0.28523164987564087,0.25154566764831543,0.4254736006259918,0.2594843804836273
prs_neck_pick14__00001000__s0046.wav,0.3860848844051361,0.4161943197250366,0.8202842473983765,0.692956268787384,0.721962571144104,0.7793495655059814
les_neck_fing19__00001000__s0028.wav,0.14234229922294617,0.3422589600086212,0.7385998368263245,0.5300442576408386,0.2878687381744385,0.5353306531906128
les_bridge_fing19__00001000__s0039.wav,0.9768363237380981,0.7078601121902466,0.7951285243034363,0.5622124075889587,0.22580194473266602,0.2824503779411316
tele_neck_fing20__00001000__s0000.wav,0.19956012070178986,0.2793036699295044,0.9048681855201721,0.7930967211723328,0.3095879852771759,0.38853558897972107
tele_bridge_pick05__00001000__s0043.wav,0.17028984427452087,0.17598877847194672,0.4995327889919281,0.640061616897583,0.8196497559547424,0.9184812903404236
prs_neck_fing07__00001000__s0021.wav,0.10875997692346573,0.08975305408239365,0.48963603377342224,0.7735359072685242,0.9768893718719482,0.9616203904151917
prs_neck_pick22__00001000__s0014.wav,0.3327521085739136,0.3523249924182892,0.15917441248893738,0.18522611260414124,0.18352767825126648,0.5524119734764099
tele_neck_fing06__00001000__s0030.wav,0.5380270481109619,0.47987520694732666,0.3454211950302124,0.7249688506126404,0.9869083762168884,0.9580813646316528
prs_bridge_fing08__00001000__s0010.wav,0.4086947739124298,0.3422486186027527,0.5001794695854187,0.6844959855079651,0.9461497664451599,0.9519062638282776
strat_neck_fing16__00001000__s0032.wav,0.24296420812606812,0.2872438430786133,0.7160140872001648,0.4202291667461395,0.33005520701408386,0.7298906445503235
prs_neck_fing23__00001000__s0053.wav,0.8954276442527771,0.9193212985992432,0.920819878578186,0.5222431421279907,0.7177790403366089,0.7261895537376404
strat_bridge_fing23__00001000__s0011.wav,0.21872203052043915,0.15839581191539764,0.3614334762096405,0.1529412716627121,0.41473186016082764,0.293498158454895
prs_neck_fing11__00001000__s0050.wav,0.5823370814323425,0.47303810715675354,0.7599856853485107,0.6748934984207153,0.25944554805755615,0.0852055698633194
les_neck_pick06__00001000__s0025.wav,0.2244008183479309,0.1572902500629425,0.49976852536201477,0.23212076723575592,0.37509557604789734,0.3618640601634979
prs_neck_pick02__00001000__s0046.wav,0.027265144512057304,0.1368073970079422,0.12490085512399673,0.1298004686832428,0.2749868929386139,0.2480781227350235
tele_neck_fing07__00001000__s0004.wav,0.5280526876449585,0.43889743089675903,0.9187573790550232,0.8301763534545898,0.6073976159095764,0.765394926071167
strat_bridge_pick13__00001000__s0053.wav,0.33104684948921204,0.41893044114112854,0.7750342488288879,0.8259663581848145,0.3660929203033447,0.5755417346954346
tele_bridge_pick24__00001000__s0052.wav,0.37218478322029114,0.44337889552116394,0.34822770953178406,0.14158236980438232,0.9627949595451355,0.922126293182373
strat_neck_fing15__00001000__s0014.wav,0.2809920012950897,0.5961792469024658,0.6979061961174011,0.3769877851009369,0.341899573802948,0.45582810044288635
les_neck_fing02__00001000__s0050.wav,0.6083015203475952,0.6122987866401672,0.4897332191467285,0.5490815043449402,0.685133159160614,0.7263174057006836
prs_neck_fing13__00001000__s0008.wav,0.1446397751569748,0.3782552480697632,0.6969565749168396,0.48559269309043884,0.5890061259269714,0.6154095530509949
prs_neck_fing18__00001000__s0030.wav,0.462241530418396,0.6540836095809937,0.8466649055480957,0.7111927270889282,0.46281981468200684,0.4933777451515198
tele_neck_fing20__00001000__s0007.wav,0.1620965451002121,0.12030605226755142,0.32849666476249695,0.20235124230384827,0.8922739624977112,0.8233867883682251
prs_bridge_pick25__00001000__s0008.wav,0.5990460515022278,0.5940279364585876,0.9102823734283447,0.48265236616134644,0.28779175877571106,0.38316017389297485
strat_neck_fing03__00001000__s0046.wav,0.4963425099849701,0.40642228722572327,0.6889770030975342,0.7935866713523865,0.6308341026306152,0.5521247982978821
prs_neck_pick11__00001000__s0009.wav,0.5822676420211792,0.4990854263305664,0.77315753698349,0.17697852849960327,0.017847109586000443,0.2915274202823639
prs_bridge_fing08__00001000__s0028.wav,0.8078787326812744,0.686870276927948,0.6353263854980469,0.7071363925933838,0.4674939215183258,0.5499587655067444
tele_bridge_pick21__00001000__s0046.wav,0.5252876877784729,0.6239489316940308,0.29567959904670715,0.7566847801208496,0.8271299004554749,0.49674519896507263
strat_neck_pick09__00001000__s0021.wav,0.20686891674995422,0.29770350456237793,0.8388578295707703,0.86661696434021,0.4570426642894745,0.4822562336921692
les_neck_pick03__00001000__s0013.wav,0.14503218233585358,0.27598294615745544,0.05366344377398491,0.19498737156391144,0.6928399205207825,0.3640611469745636
strat_bridge_pick01__00001000__s0031.wav,0.37047818303108215,0.4771879017353058,0.4607425928115845,0.33928126096725464,0.09303431212902069,0.2291790097951889
les_neck_pick22__00001000__s0040.wav,0.7991254329681396,0.8993629217147827,0.20243629813194275,0.6002336144447327,0.9019308686256409,0.8451653718948364
prs_bridge_fing12__00001000__s0021.wav,0.47542205452919006,0.6219192743301392,0.8428276181221008,0.7001203894615173,0.6195187568664551,0.6583093404769897
les_bridge_pick06__00001000__s0025.wav,0.589766263961792,0.6403882503509521,0.06317250430583954,0.21855853497982025,0.4574431777000427,0.6224952340126038
les_neck_fing02__00001000__s0000.wav,0.44363489747047424,0.45179256796836853,0.12966510653495789,0.1962103694677353,0.9184503555297852,0.8235973119735718
prs_neck_fing01__00001000__s0041.wav,0.11279881000518799,0.4770292043685913,0.7492584586143494,0.45390981435775757,0.03738674893975258,0.14366692304611206
les_bridge_fing09__00001000__s0028.wav,0.39717790484428406,0.5153995156288147,0.5018729567527771,0.3685908019542694,0.4747791290283203,0.5839077830314636
strat_bridge_fing03__00001000__s0023.wav,0.5494140982627869,0.6391565799713135,0.15577752888202667,0.5423091650009155,0.13672567903995514,0.10626573860645294
strat_neck_fing09__00001000__s0039.wav,0.7470369338989258,0.8654743432998657,0.9538869261741638,0.4459022283554077,0.2620835304260254,0.40208709239959717
strat_bridge_pick17__00001000__s0034.wav,0.9312843084335327,0.8246325850486755,0.42205673456192017,0.7643746137619019,0.4528219997882843,0.41295671463012695
tele_neck_fing24__00001000__s0022.wav,0.7787691950798035,0.6706194281578064,0.03790688142180443,0.5368203520774841,0.3222697675228119,0.4687837064266205
prs_bridge_pick17__00001000__s0012.wav,0.4029151201248169,0.3744965195655823,0.21959158778190613,0.3160625398159027,0.19419604539871216,0.29010722041130066
tele_neck_pick24__00001000__s0003.wav,0.9969354867935181,0.897463858127594,0.46254217624664307,0.6731926202774048,0.9089796543121338,0.8133890628814697
tele_bridge_fing06__00001000__s0041.wav,0.9746789932250977,0.9408672451972961,0.25231242179870605,0.5575147867202759,0.49707749485969543,0.22477832436561584
les_neck_fing13__00001000__s0021.wav,0.6573925614356995,0.7082769870758057,0.4329274594783783,0.43971192836761475,0.46388402581214905,0.6052117347717285
strat_bridge_fing19__00001000__s0019.wav,0.6011091470718384,0.4964916706085205,0.7597359418869019,0.21916905045509338,0.0433809719979763,0.14912106096744537
tele_neck_pick19__00001000__s0035.wav,0.8506924510002136,0.7298415303230286,0.7951160669326782,0.6391024589538574,0.5777319073677063,0.5615017414093018
les_bridge_pick25__00001000__s0033.wav,0.44198766350746155,0.35853105783462524,0.5426360368728638,0.6110928058624268,0.18230514228343964,0.10527396202087402
strat_bridge_fing24__00001000__s0005.wav,0.640438973903656,0.6693700551986694,0.17280267179012299,0.19536268711090088,0.9022281169891357,0.7657405138015747
les_bridge_fing10__00001000__s0049.wav,0.3090226650238037,0.08586296439170837,0.48943036794662476,0.5636755228042603,0.37202927470207214,0.5179482102394104
prs_neck_fing19__00001000__s0043.wav,0.5660658478736877,0.5411586761474609,0.1433788537979126,0.6191501021385193,0.6827507615089417,0.6399807929992676
les_neck_pick21__00001000__s0034.wav,0.8732811212539673,0.7452792525291443,0.47205057740211487,0.7660382390022278,0.07381457835435867,0.0931171253323555
tele_bridge_pick18__00001000__s0036.wav,0.8293073773384094,0.8069738149642944,0.24461014568805695,0.3854776918888092,0.9544248580932617,0.9082231521606445
tele_neck_pick23__00001000__s0014.wav,0.9089791774749756,0.9127890467643738,0.07789923250675201,0.28068286180496216,0.973891019821167,0.9376644492149353
tele_neck_pick05__00001000__s0026.wav,0.012121051549911499,0.027377460151910782,0.5797786712646484,0.647106945514679,0.8342918157577515,0.7010478377342224
tele_bridge_pick15__00001000__s0005.wav,0.7546053528785706,0.8855509161949158,0.4016471207141876,0.7301005721092224,0.41870084404945374,0.6624465584754944
strat_neck_pick02__00001000__s0034.wav,0.3420368432998657,0.36305803060531616,0.018294263631105423,0.13127382099628448,0.6447245478630066,0.5665616393089294
strat_bridge_fing16__00001000__s0002.wav,0.024447157979011536,0.6340616941452026,0.10223715007305145,0.46483665704727173,0.017148055136203766,0.23964561522006989
strat_neck_pick16__00001000__s0052.wav,0.9751942753791809,0.8600302934646606,0.28358179330825806,0.48568692803382874,0.8699974417686462,0.8717867732048035
tele_neck_pick06__00001000__s0034.wav,0.6424034237861633,0.6961758732795715,0.7850667834281921,0.7545708417892456,0.9672050476074219,0.9496252536773682
les_neck_pick13__00001000__s0022.wav,0.16905686259269714,0.11667019873857498,0.3663913905620575,0.46323251724243164,0.7517490983009338,0.5580890774726868
prs_neck_fing04__00001000__s0047.wav,0.400105744600296,0.37007665634155273,0.6259421706199646,0.8543524146080017,0.19301684200763702,0.12899024784564972
les_neck_fing07__00001000__s0020.wav,0.9775452613830566,0.613970160484314,0.23648859560489655,0.2513147294521332,0.0003288382722530514,0.03462342545390129
strat_neck_fing13__00001000__s0007.wav,0.7125539779663086,0.8117476105690002,0.0006519469898194075,0.39090192317962646,0.24597299098968506,0.14298556745052338
strat_bridge_fing14__00001000__s0019.wav,0.43939080834388733,0.40753471851348877,0.7579793930053711,0.5647656321525574,0.4725300967693329,0.42842045426368713
strat_bridge_fing05__00001000__s0032.wav,0.4741286337375641,0.5041928291320801,0.6196871399879456,0.2536308467388153,0.7707276940345764,0.8509144186973572
tele_bridge_pick09__00001000__s0039.wav,0.2712727189064026,0.38920384645462036,0.12834499776363373,0.2206786870956421,0.4714895188808441,0.6441962718963623
les_neck_fing08__00001000__s0050.wav,0.48549017310142517,0.6284661889076233,0.12963595986366272,0.5644239783287048,0.347909539937973,0.19632521271705627
tele_neck_fing07__00001000__s0021.wav,0.17571263015270233,0.21732406318187714,0.6572970151901245,0.7252655625343323,0.20700863003730774,0.4957852065563202
tele_bridge_fing24__00001000__s0018.wav,0.039039067924022675,0.36552101373672485,0.3234226703643799,0.3918161988258362,0.24817797541618347,0.11841613054275513
tele_neck_pick12__00001000__s0001.wav,0.02742026373744011,0.514032781124115,0.03588720038533211,0.49306559562683105,0.3562614619731903,0.381521999835968
les_neck_pick19__00001000__s0036.wav,0.5725050568580627,0.45302972197532654,0.5740579962730408,0.7624461054801941,0.8436365723609924,0.8663902878761292
tele_bridge_fing09__00001000__s0002.wav,0.2204335331916809,0.24368685483932495,0.13632453978061676,0.4147547781467438,0.680194616317749,0.3713741898536682
tele_bridge_pick12__00001000__s0054.wav,0.04166574403643608,0.5243169665336609,0.4728725552558899,0.49649471044540405,0.011092989705502987,0.2239767611026764
les_bridge_fing24__00001000__s0047.wav,0.5698951482772827,0.4349972605705261,0.7269999980926514,0.6545132398605347,0.28230369091033936,0.5462395548820496
prs_bridge_pick12__00001000__s0040.wav,0.9766846895217896,0.8130114674568176,0.5525686144828796,0.7114346027374268,0.9176307320594788,0.8218541741371155
les_neck_fing02__00001000__s0016.wav,0.04039829969406128,0.10523835569620132,0.5158746838569641,0.5136227011680603,0.40336695313453674,0.28577011823654175
strat_neck_fing12__00001000__s0035.wav,0.5612521171569824,0.6014149785041809,0.9027664661407471,0.40694117546081543,0.031096870079636574,0.2329692840576172
strat_neck_pick16__00001000__s0002.wav,0.6676430702209473,0.5109097957611084,0.9382284879684448,0.6673246026039124,0.49422481656074524,0.64911949634552
tele_bridge_pick02__00001000__s0052.wav,0.7966188788414001,0.8370142579078674,0.5195338726043701,0.8104888796806335,0.3222733736038208,0.4706987738609314
tele_bridge_fing15__00001000__s0021.wav,0.4456585943698883,0.35537487268447876,0.9470431804656982,0.7800468802452087,0.7270681262016296,0.6660631895065308
les_bridge_pick11__00001000__s0031.wav,0.3414391577243805,0.25918322801589966,0.7806745171546936,0.6937078237533569,0.8778306245803833,0.87930828332901
les_bridge_pick21__00001000__s0016.wav,0.9910240173339844,0.9298337697982788,0.9753801226615906,0.703857958316803,0.762244701385498,0.7246896028518677
prs_neck_fing16__00001000__s0036.wav,0.35468047857284546,0.3576371967792511,0.45883965492248535,0.6113451719284058,0.4502655565738678,0.6833248138427734
strat_bridge_fing15__00001000__s0052.wav,0.7408151030540466,0.8095064759254456,0.816023051738739,0.8114893436431885,0.7187833786010742,0.6371505260467529
tele_neck_fing19__00001000__s0004.wav,0.9605932831764221,0.6821727752685547,0.5923278331756592,0.34650883078575134,0.35680800676345825,0.72812420129776
strat_bridge_pick06__00001000__s0027.wav,0.9356377720832825,0.9789556860923767,0.006958058103919029,0.664506733417511,0.8476535081863403,0.7426714897155762
prs_neck_fing02__00001000__s0054.wav,0.45947596430778503,0.30603471398353577,0.6675131916999817,0.5560597777366638,0.7632716298103333,0.6630905270576477
prs_neck_pick01__00001000__s0016.wav,0.9272319674491882,0.8949773907661438,0.07155714184045792,0.38337722420692444,0.9124351739883423,0.8336886167526245
prs_neck_pick04__00001000__s0021.wav,0.2834829092025757,0.36281681060791016,0.8938186764717102,0.6179022789001465,0.5753382444381714,0.6481843590736389
prs_neck_fing15__00001000__s0001.wav,0.2821200489997864,0.28979024291038513,0.48479822278022766,0.5618435144424438,0.30960914492607117,0.3582538962364197
les_neck_pick11__00001000__s0028.wav,0.3572785258293152,0.4390346109867096,0.337285578250885,0.7359666228294373,0.7063981890678406,0.7350659370422363
prs_neck_fing04__00001000__s0006.wav,0.3774056136608124,0.4850744605064392,0.6580289602279663,0.42414605617523193,0.8612918257713318,0.6896399259567261
strat_bridge_pick23__00001000__s0038.wav,0.7285605072975159,0.8703672289848328,0.16997972130775452,0.14053788781166077,0.48850592970848083,0.4019373655319214
les_neck_pick23__00001000__s0040.wav,0.08476296067237854,0.10229694843292236,0.0971948653459549,0.12396276742219925,0.9974578022956848,0.8740307688713074
strat_neck_pick07__00001000__s0053.wav,0.5148838758468628,0.44639328122138977,0.8411532640457153,0.7401323318481445,0.2546675503253937,0.4508606791496277
strat_bridge_fing21__00001000__s0028.wav,0.2722043991088867,0.35213175415992737,0.277174711227417,0.13765566051006317,0.5890894532203674,0.4578636586666107
les_neck_pick16__00001000__s0031.wav,0.464980810880661,0.633728563785553,0.5229780077934265,0.8608619570732117,0.04854883998632431,0.10278204083442688
strat_bridge_fing08__00001000__s0005.wav,0.6705116033554077,0.757420539855957,0.791980504989624,0.46206551790237427,0.017707571387290955,0.0695151537656784
tele_neck_pick22__00001000__s0024.wav,0.34795722365379333,0.33732905983924866,0.12220557034015656,0.720741868019104,0.7257465124130249,0.5423944592475891
prs_bridge_fing15__00001000__s0006.wav,0.9642250537872314,0.6856934428215027,0.7005925178527832,0.7346778512001038,0.2611444592475891,0.19537758827209473
les_bridge_pick10__00001000__s0053.wav,0.8860674500465393,0.3125405013561249,0.7354856133460999,0.36497655510902405,0.030097071081399918,0.17179369926452637
prs_bridge_fing23__00001000__s0047.wav,0.989286482334137,0.7144343852996826,0.13085313141345978,0.5292368531227112,0.28684094548225403,0.5634428262710571
tele_neck_pick22__00001000__s0047.wav,0.8565627336502075,0.767027735710144,0.02642226777970791,0.5441862344741821,0.5564444661140442,0.3490232825279236
strat_neck_pick03__00001000__s0030.wav,0.6694304943084717,0.49545997381210327,0.8436152935028076,0.3580659329891205,0.2590804994106293,0.5283669233322144
les_neck_pick12__00001000__s0047.wav,0.9316469430923462,0.8988745212554932,0.048999395221471786,0.40461447834968567,0.7812548279762268,0.551741361618042
les_neck_fing14__00001000__s0000.wav,0.058894045650959015,0.16931681334972382,0.9281901121139526,0.5578827261924744,0.30710309743881226,0.5824000239372253
les_neck_fing05__00001000__s0001.wav,0.00408564368262887,0.05518368259072304,0.9439247846603394,0.8688591122627258,0.45206958055496216,0.46465158462524414
tele_bridge_pick11__00001000__s0008.wav,0.532404363155365,0.49162954092025757,0.9374467134475708,0.7604536414146423,0.08350635319948196,0.098109170794487
les_bridge_pick24__00001000__s0011.wav,0.13806521892547607,0.174476757645607,0.6026474833488464,0.6402304768562317,0.19889013469219208,0.29702356457710266
les_neck_fing10__00001000__s0033.wav,0.003081830218434334,0.025510357692837715,0.27946940064430237,0.3069120943546295,0.2664855420589447,0.6952334046363831
tele_bridge_pick18__00001000__s0047.wav,0.7646104097366333,0.7593567371368408,0.8426339030265808,0.5570650100708008,0.3089137077331543,0.3678642213344574
tele_bridge_pick18__00001000__s0016.wav,0.5008365511894226,0.275581032037735,0.4659026861190796,0.7287700772285461,0.6474587321281433,0.6889889240264893
strat_bridge_pick18__00001000__s0002.wav,0.9510800838470459,0.6746753454208374,0.0026251839008182287,0.3247930705547333,0.32368719577789307,0.38428187370300293
prs_neck_fing02__00001000__s0031.wav,0.6896286606788635,0.8009509444236755,0.3739350140094757,0.26739904284477234,0.5590534210205078,0.48889243602752686
les_neck_fing04__00001000__s0043.wav,0.41834667325019836,0.439927875995636,0.7811813950538635,0.6886330842971802,0.9021967053413391,0.9220083355903625
tele_bridge_pick17__00001000__s0041.wav,0.9266160130500793,0.3917248547077179,0.9378324151039124,0.17718440294265747,0.0321420393884182,0.5680109262466431
strat_bridge_fing03__00001000__s0025.wav,0.7047459483146667,0.7537173628807068,0.19089004397392273,0.7352458834648132,0.5863166451454163,0.6262832283973694
prs_neck_fing04__00001000__s0000.wav,0.34400156140327454,0.6333853602409363,0.5848516821861267,0.5296605825424194,0.3244338929653168,0.4454304873943329
les_neck_pick15__00001000__s0000.wav,0.1535670906305313,0.3515111207962036,0.42589080333709717,0.526012122631073,0.5624542832374573,0.35174790024757385
prs_bridge_pick14__00001000__s0017.wav,0.24848522245883942,0.3582099676132202,0.9549083709716797,0.649898111820221,0.718782365322113,0.767037570476532
strat_bridge_pick16__00001000__s0026.wav,0.6377468705177307,0.6645787954330444,0.17331692576408386,0.4817388951778412,0.9433167576789856,0.9099019169807434
strat_bridge_pick10__00001000__s0047.wav,0.5996615886688232,0.5250293016433716,0.17554689943790436,0.5623065233230591,0.2426922470331192,0.22394932806491852
tele_neck_fing12__00001000__s0015.wav,0.8451340198516846,0.5376842617988586,0.03031502477824688,0.6021685600280762,0.5722751021385193,0.3853312134742737
prs_neck_fing15__00001000__s0015.wav,0.09433145821094513,0.04591397941112518,0.7741422653198242,0.7398839592933655,0.9667170643806458,0.751954972743988
strat_neck_fing07__00001000__s0027.wav,0.342367559671402,0.3197309970855713,0.025130096822977066,0.5577483773231506,0.4014626443386078,0.13763585686683655
strat_bridge_pick23__00001000__s0053.wav,0.7677472829818726,0.9069654941558838,0.6690318584442139,0.682899534702301,0.09661697596311569,0.1874147206544876
tele_neck_pick15__00001000__s0038.wav,0.7555444836616516,0.6221193075180054,0.11382684111595154,0.3029559254646301,0.006296177394688129,0.052919577807188034
tele_neck_fing17__00001000__s0023.wav,0.8084682822227478,0.8878442645072937,0.881722629070282,0.6552261114120483,0.2340627759695053,0.13485996425151825
les_bridge_pick14__00001000__s0001.wav,0.9438169002532959,0.8497602343559265,0.5068820714950562,0.40971794724464417,0.36891382932662964,0.21307243406772614
les_bridge_pick19__00001000__s0006.wav,0.44491446018218994,0.6402551531791687,0.8503178954124451,0.772811770439148,0.26286110281944275,0.43134012818336487
les_bridge_pick25__00001000__s0050.wav,0.5175446271896362,0.338914692401886,0.8483462333679199,0.6534820795059204,0.31087207794189453,0.2671942412853241
strat_bridge_fing16__00001000__s0004.wav,0.592170238494873,0.6337180137634277,0.8783671855926514,0.5767475962638855,0.1302417516708374,0.19547811150550842
tele_bridge_fing22__00001000__s0025.wav,0.22193332016468048,0.18872566521167755,0.2255537211894989,0.21172498166561127,0.7358536124229431,0.554940402507782
les_bridge_fing11__00001000__s0032.wav,0.3547293245792389,0.3414711058139801,0.08644405007362366,0.4435296952724457,0.3432193100452423,0.38447192311286926
prs_bridge_fing14__00001000__s0012.wav,0.727010190486908,0.8483512997627258,0.3561021089553833,0.42844268679618835,0.14789630472660065,0.16756975650787354
les_bridge_pick23__00001000__s0052.wav,0.8105550408363342,0.8324469327926636,0.3096671402454376,0.2994774878025055,0.9896156787872314,0.9494349360466003
tele_bridge_pick23__00001000__s0004.wav,0.21098019182682037,0.4666127562522888,0.8196045160293579,0.24292920529842377,0.3660590350627899,0.3672988712787628
tele_neck_fing04__00001000__s0055.wav,0.783665120601654,0.6595314145088196,0.9841957688331604,0.5052481293678284,0.5343083739280701,0.4914948046207428
tele_bridge_fing03__00001000__s0010.wav,0.055147405713796616,0.4376010000705719,0.0862145721912384,0.08692637085914612,0.7412155866622925,0.6535500884056091
