file_name,y_true_chorus_rate_hz,y_pred_chorus_rate_hz,y_true_chorus_depth,y_pred_chorus_depth,y_true_slapback_delay_delay_seconds,y_pred_slapback_delay_delay_seconds,y_true_slapback_delay_mix,y_pred_slapback_delay_mix
strat_bridge_fing12__01000100__s0014.wav,0.16417661309242249,0.1757575124502182,0.7270035147666931,0.4545287489891052,0.7561742067337036,0.7317277789115906,0.6540461182594299,0.6009647846221924
prs_neck_fing04__01000100__s0005.wav,0.3695123493671417,0.2580721378326416,0.16823717951774597,0.20385684072971344,0.729979395866394,0.6057331562042236,0.0069322241470217705,0.060465067625045776
prs_bridge_fing18__01000100__s0034.wav,0.08464085310697556,0.2967914938926697,0.9495055079460144,0.2820958197116852,0.190938800573349,0.8400751948356628,0.959050714969635,0.9477682709693909
prs_neck_fing15__01000100__s0050.wav,0.6207274794578552,0.6047819256782532,0.8015740513801575,0.40585047006607056,0.530653178691864,0.7250757217407227,0.6171931624412537,0.6117863059043884
strat_neck_pick21__01000100__s0050.wav,0.8352375626564026,0.9044142961502075,0.57484370470047,0.6252385377883911,0.862892210483551,0.43927547335624695,0.013090766035020351,0.0494549386203289
prs_neck_pick10__01000100__s0015.wav,0.08817212283611298,0.20701029896736145,0.9421629309654236,0.5440039038658142,0.4029206931591034,0.46312999725341797,0.7873016595840454,0.6058045625686646
prs_neck_fing04__01000100__s0002.wav,0.6985180974006653,0.6660213470458984,0.37118762731552124,0.5908899307250977,0.9359668493270874,0.8391839861869812,0.6708371639251709,0.5451388359069824
tele_neck_pick09__01000100__s0001.wav,0.7709295153617859,0.5172494649887085,0.6846123933792114,0.6746615767478943,0.7868754267692566,0.9374312162399292,0.3939843773841858,0.3265673816204071
tele_neck_pick24__01000100__s0034.wav,0.9841780066490173,0.8100041747093201,0.9784954786300659,0.9502160549163818,0.230764240026474,0.13172724843025208,0.7658125162124634,0.6957457661628723
prs_neck_pick13__01000100__s0008.wav,0.40243828296661377,0.5519746541976929,0.4668840765953064,0.34146595001220703,0.2465348094701767,0.4050109088420868,0.08105482161045074,0.57467120885849
prs_bridge_pick21__01000100__s0023.wav,0.09325221180915833,0.16754750907421112,0.1167495846748352,0.5812413096427917,0.7026633620262146,0.7422976493835449,0.25591227412223816,0.3510623574256897
strat_bridge_pick21__01000100__s0035.wav,0.21155576407909393,0.372925341129303,0.6669175028800964,0.5240994095802307,0.1432701200246811,0.18358367681503296,0.34288355708122253,0.3752056658267975
strat_neck_pick09__01000100__s0014.wav,0.24352045357227325,0.33354365825653076,0.4734307825565338,0.3435441851615906,0.6697560548782349,0.695052981376648,0.959949254989624,0.7512823343276978
strat_bridge_fing20__01000100__s0039.wav,0.4838916063308716,0.6186462640762329,0.6734515428543091,0.3861578702926636,0.5765232443809509,0.7067400217056274,0.9427160024642944,0.9066712260246277
prs_neck_pick04__01000100__s0007.wav,0.01475188322365284,0.11524773389101028,0.6261389255523682,0.4660927653312683,0.9776299595832825,0.8836579322814941,0.6636866331100464,0.42702504992485046
prs_bridge_fing14__01000100__s0049.wav,0.7822160720825195,0.9141407608985901,0.9354056119918823,0.8249111175537109,0.7470842003822327,0.551970899105072,0.12885355949401855,0.24374735355377197
prs_neck_fing25__01000100__s0034.wav,0.1499706208705902,0.1751127690076828,0.33756235241889954,0.21649272739887238,0.4751374423503876,0.6361798644065857,0.10067718476057053,0.12210755050182343
strat_bridge_pick05__01000100__s0021.wav,0.6337816715240479,0.3902078866958618,0.6141192317008972,0.36179038882255554,0.8175893425941467,0.8227304220199585,0.909809410572052,0.7482274770736694
les_neck_pick18__01000100__s0030.wav,0.1931067854166031,0.35815152525901794,0.6593490839004517,0.5509732961654663,0.03726327046751976,0.04989602044224739,0.6208490133285522,0.5310555100440979
strat_neck_fing11__01000100__s0055.wav,0.20042860507965088,0.4171486794948578,0.7915526032447815,0.6883842945098877,0.35121941566467285,0.42735642194747925,0.8825663328170776,0.7443007826805115
tele_bridge_fing02__01000100__s0048.wav,0.39327549934387207,0.5797679424285889,0.9481014609336853,0.33766990900039673,0.9166240692138672,0.45208504796028137,0.5510400533676147,0.30037668347358704
strat_neck_fing24__01000100__s0036.wav,0.8087466955184937,0.658764123916626,0.16966019570827484,0.6761612892150879,0.01686878874897957,0.08686148375272751,0.6915278434753418,0.7334871292114258
les_bridge_pick22__01000100__s0003.wav,0.7047088146209717,0.6441134810447693,0.17060208320617676,0.5596593618392944,0.5067420601844788,0.6165624260902405,0.10515036433935165,0.2169945389032364
strat_bridge_fing13__01000100__s0051.wav,0.7457380890846252,0.6851255893707275,0.6488004922866821,0.573793888092041,0.843292772769928,0.7725304365158081,0.14136284589767456,0.16582171618938446
tele_bridge_fing21__01000100__s0023.wav,0.015482409857213497,0.05767926201224327,0.6134228110313416,0.430255264043808,0.8838139772415161,0.8782182931900024,0.7560781240463257,0.7533974647521973
prs_neck_pick10__01000100__s0012.wav,0.40398964285850525,0.15393337607383728,0.08576023578643799,0.513479471206665,0.18155324459075928,0.1747666895389557,0.3143022954463959,0.6516724824905396
prs_bridge_pick13__01000100__s0041.wav,0.6240342259407043,0.3061071038246155,0.0952465608716011,0.5702472925186157,0.6129117608070374,0.5276868343353271,0.6999112367630005,0.6387199759483337
tele_neck_fing02__01000100__s0007.wav,0.8234387636184692,0.5655046105384827,0.09894038736820221,0.36720767617225647,0.8100112676620483,0.55027174949646,0.037030186504125595,0.13723061978816986
les_bridge_fing06__01000100__s0003.wav,0.2892705500125885,0.31587398052215576,0.02889038622379303,0.5531688332557678,0.13534119725227356,0.4254971444606781,0.03616013005375862,0.4652516841888428
les_neck_fing23__01000100__s0053.wav,0.6119988560676575,0.559519350528717,0.12648619711399078,0.42996346950531006,0.05379596725106239,0.13922201097011566,0.34228330850601196,0.5547748804092407
les_neck_pick08__01000100__s0008.wav,0.5910174250602722,0.7014060020446777,0.3106076121330261,0.30138882994651794,0.5193060040473938,0.46402645111083984,0.6207762956619263,0.6105310916900635
prs_bridge_fing21__01000100__s0020.wav,0.04618193581700325,0.20462559163570404,0.027646809816360474,0.5022028088569641,0.08360038697719574,0.061143409460783005,0.675239086151123,0.5601914525032043
tele_bridge_fing08__01000100__s0013.wav,0.9649989604949951,0.8760963082313538,0.8834969401359558,0.846460223197937,0.9357870817184448,0.9388558864593506,0.592599630355835,0.648720920085907
strat_neck_fing02__01000100__s0017.wav,0.06868311017751694,0.35012900829315186,0.5237072110176086,0.22061504423618317,0.8310126066207886,0.8043472170829773,0.24352218210697174,0.19822876155376434
prs_neck_pick07__01000100__s0039.wav,0.7820863127708435,0.9058029055595398,0.30276456475257874,0.378361314535141,0.8713066577911377,0.7879159450531006,0.768915593624115,0.7295857071876526
tele_neck_fing02__01000100__s0015.wav,0.6384066939353943,0.7538501620292664,0.8915888667106628,0.6461600065231323,0.13612163066864014,0.14147673547267914,0.5950313210487366,0.48062893748283386
strat_neck_fing23__01000100__s0009.wav,0.3644119203090668,0.5023053884506226,0.8230656981468201,0.3415660858154297,0.6313196420669556,0.5354660153388977,0.2286490797996521,0.5323313474655151
prs_neck_fing11__01000100__s0040.wav,0.6190316677093506,0.7856786251068115,0.8032331466674805,0.6495575308799744,0.20611874759197235,0.4323616325855255,0.9363222718238831,0.9537492394447327
les_neck_pick24__01000100__s0039.wav,0.1226564347743988,0.16531844437122345,0.9702795743942261,0.27447572350502014,0.4010142982006073,0.7442062497138977,0.07746246457099915,0.506981611251831
prs_neck_pick03__01000100__s0014.wav,0.5774580240249634,0.8176608681678772,0.8606914281845093,0.7933840751647949,0.5909954905509949,0.5527270436286926,0.44024842977523804,0.4710792899131775
tele_neck_fing15__01000100__s0013.wav,0.07158910483121872,0.19254058599472046,0.6224773526191711,0.35412028431892395,0.2627582252025604,0.2855713963508606,0.20351552963256836,0.12684176862239838
les_neck_pick25__01000100__s0001.wav,5.9954658354399726e-05,0.05055069550871849,0.8165051341056824,0.41859379410743713,0.3579687774181366,0.40358975529670715,0.18731841444969177,0.3472026288509369
les_neck_pick06__01000100__s0039.wav,0.21025007963180542,0.1707724779844284,0.23798558115959167,0.46505117416381836,0.39524346590042114,0.549385130405426,0.3110819458961487,0.5068808197975159
les_bridge_fing19__01000100__s0055.wav,0.4738765060901642,0.7325594425201416,0.6407920718193054,0.3915750980377197,0.8505851626396179,0.7300675511360168,0.026286041364073753,0.3244533836841583
prs_neck_fing09__01000100__s0020.wav,0.9481968879699707,0.721964955329895,0.92593914270401,0.6626779437065125,0.272082656621933,0.2629968225955963,0.6561888456344604,0.672913134098053
prs_neck_fing23__01000100__s0014.wav,0.6303225159645081,0.862484872341156,0.9422452449798584,0.8533449769020081,0.9220747947692871,0.25683829188346863,0.08874434232711792,0.5720707178115845
strat_bridge_fing12__01000100__s0001.wav,0.34513166546821594,0.566540002822876,0.28102171421051025,0.1386331021785736,0.5094396471977234,0.5260016322135925,0.5661023259162903,0.5780825614929199
prs_neck_fing02__01000100__s0052.wav,0.08544810861349106,0.11687877029180527,0.8295844197273254,0.25209563970565796,0.6129656434059143,0.3532012104988098,0.0007507247501052916,0.10823576897382736
prs_neck_fing25__01000100__s0048.wav,0.41330236196517944,0.371238648891449,0.8578764796257019,0.6708016395568848,0.3387880027294159,0.35190513730049133,0.3389776051044464,0.1540224552154541
tele_bridge_pick22__01000100__s0041.wav,0.4997074604034424,0.6331756711006165,0.6905440092086792,0.34013426303863525,0.09497565031051636,0.14314109086990356,0.8079049587249756,0.6449114084243774
les_neck_pick08__01000100__s0013.wav,0.9565088152885437,0.8349829316139221,0.48091739416122437,0.763191282749176,0.27882149815559387,0.37572893500328064,0.42811933159828186,0.43067118525505066
prs_neck_fing20__01000100__s0034.wav,0.20890985429286957,0.186440572142601,0.4664906859397888,0.4431256651878357,0.5318285822868347,0.6120108366012573,0.2245154082775116,0.30604061484336853
tele_neck_pick04__01000100__s0047.wav,0.5090675354003906,0.5687752366065979,0.08452222496271133,0.2440897822380066,0.24746911227703094,0.4747505187988281,0.0637732446193695,0.11719148606061935
les_neck_pick21__01000100__s0017.wav,0.9646346569061279,0.8804879784584045,0.5946993827819824,0.7540283203125,0.12049058079719543,0.13926687836647034,0.6333327889442444,0.4522933065891266
prs_bridge_fing03__01000100__s0034.wav,0.5781862735748291,0.5305081009864807,0.14527088403701782,0.6141335368156433,0.9978505373001099,0.5926125645637512,0.9367315173149109,0.7430282235145569
prs_neck_fing17__01000100__s0003.wav,0.23908747732639313,0.4681110382080078,0.7075234651565552,0.7471846342086792,0.728894054889679,0.7400212287902832,0.4765123724937439,0.2926601469516754
tele_bridge_pick13__01000100__s0039.wav,0.8262140154838562,0.7688888907432556,0.5195732116699219,0.5670485496520996,0.6862218976020813,0.7208104133605957,0.9708583354949951,0.9256065487861633
tele_neck_fing10__01000100__s0032.wav,0.9214875102043152,0.7172248959541321,0.41755568981170654,0.6413092613220215,0.520756721496582,0.2691769301891327,0.2518822252750397,0.14916370809078217
prs_bridge_fing20__01000100__s0042.wav,0.4096076786518097,0.6124799847602844,0.5539969205856323,0.42547062039375305,0.12161217629909515,0.11774373054504395,0.7779351472854614,0.6362311840057373
prs_bridge_pick04__01000100__s0007.wav,0.010793283581733704,0.13400952517986298,0.4423714578151703,0.39925241470336914,0.9370681047439575,0.7449665665626526,0.08173546940088272,0.1788269281387329
prs_bridge_pick12__01000100__s0030.wav,0.8094284534454346,0.8904067277908325,0.9719296097755432,0.7749088406562805,0.20020343363285065,0.2105855494737625,0.95615154504776,0.949066698551178
strat_neck_pick19__01000100__s0044.wav,0.6012832522392273,0.8396700024604797,0.958130419254303,0.6600342988967896,0.5413008332252502,0.6037991642951965,0.4218202233314514,0.5593440532684326
les_bridge_pick16__01000100__s0050.wav,0.45967379212379456,0.530285656452179,0.44728884100914,0.47440770268440247,0.4386969208717346,0.5582752227783203,0.030667316168546677,0.05923449993133545
tele_bridge_pick06__01000100__s0047.wav,0.11413219571113586,0.14517055451869965,0.3836323618888855,0.20400850474834442,0.517276406288147,0.5198964476585388,0.240687295794487,0.11783517152070999
prs_bridge_pick11__01000100__s0018.wav,0.5728317499160767,0.5472220182418823,0.2534846365451813,0.6264779567718506,0.7878645658493042,0.7580636143684387,0.5201728343963623,0.6070851683616638
strat_neck_fing18__01000100__s0048.wav,0.5276750922203064,0.7492207884788513,0.3807348906993866,0.4594000279903412,0.12749245762825012,0.05745656043291092,0.9274144172668457,0.8231501579284668
tele_neck_fing06__01000100__s0023.wav,0.07667824625968933,0.11158354580402374,0.16286610066890717,0.36754077672958374,0.7525957226753235,0.6938828229904175,0.8803142309188843,0.7873103022575378
prs_neck_fing01__01000100__s0007.wav,0.0014376940671354532,0.21501417458057404,0.1293918490409851,0.3073147237300873,0.9510077238082886,0.9227475523948669,0.4025227129459381,0.4442864954471588
prs_bridge_pick17__01000100__s0004.wav,0.8631585836410522,0.8748178482055664,0.47320351004600525,0.801853358745575,0.650055468082428,0.6035117506980896,0.4987146556377411,0.6046527624130249
tele_bridge_fing17__01000100__s0039.wav,0.21679531037807465,0.40795162320137024,0.6062082648277283,0.5307595133781433,0.548737108707428,0.3703402578830719,0.3016689717769623,0.313424289226532
les_neck_fing15__01000100__s0001.wav,0.8516029715538025,0.4746743142604828,0.11290711164474487,0.41422873735427856,0.9173433184623718,0.7120994925498962,0.10670938342809677,0.137430801987648
prs_bridge_fing17__01000100__s0054.wav,0.9493321776390076,0.811980128288269,0.5573016405105591,0.5143424272537231,0.7751947045326233,0.7910119295120239,0.3914506435394287,0.31833624839782715
les_neck_fing05__01000100__s0029.wav,0.7916052341461182,0.7070392370223999,0.19797667860984802,0.5408617854118347,0.6346458196640015,0.5249365568161011,0.242095947265625,0.4170295298099518
prs_neck_pick22__01000100__s0049.wav,0.9711011648178101,0.9595022797584534,0.47302788496017456,0.6106846332550049,0.8227658867835999,0.8571198582649231,0.6393827199935913,0.7903169393539429
prs_bridge_pick25__01000100__s0036.wav,0.7866789698600769,0.8643454909324646,0.33774277567863464,0.6437826752662659,0.793864905834198,0.5871390104293823,0.6101771593093872,0.4435654282569885
prs_neck_pick09__01000100__s0021.wav,0.10990642011165619,0.30109554529190063,0.513520359992981,0.24105873703956604,0.05324908718466759,0.06983161717653275,0.4335252344608307,0.5568009614944458
strat_neck_pick18__01000100__s0027.wav,0.8597666621208191,0.8296332955360413,0.6031628251075745,0.554558277130127,0.26811715960502625,0.39524826407432556,0.6007078886032104,0.5622844099998474
prs_bridge_pick03__01000100__s0026.wav,0.4006047248840332,0.5256958603858948,0.8139882683753967,0.8860577940940857,0.6170855164527893,0.24524523317813873,0.18743309378623962,0.25144001841545105
les_bridge_fing10__01000100__s0012.wav,0.8254194259643555,0.9439945220947266,0.9763928055763245,0.8629496693611145,0.5547544360160828,0.454121470451355,0.9752044081687927,0.9337754249572754
prs_neck_fing18__01000100__s0046.wav,0.4896107614040375,0.5680985450744629,0.5095357298851013,0.8904122710227966,0.7419339418411255,0.5053787231445312,0.35096475481987,0.701823890209198
les_bridge_fing07__01000100__s0047.wav,0.46900343894958496,0.552552342414856,0.9813417792320251,0.7384915947914124,0.8080597519874573,0.7626007199287415,0.438007116317749,0.5267046689987183
strat_neck_fing19__01000100__s0008.wav,0.14713966846466064,0.187653049826622,0.6039021015167236,0.3377094566822052,0.606992244720459,0.4711151719093323,0.4063144326210022,0.5773188471794128
tele_neck_pick17__01000100__s0034.wav,0.3223119378089905,0.47262975573539734,0.8243827223777771,0.664570689201355,0.772673487663269,0.7592033743858337,0.3391614556312561,0.2959970533847809
les_neck_fing04__01000100__s0055.wav,0.5521933436393738,0.8668122887611389,0.37941908836364746,0.6685168147087097,0.6272179484367371,0.45644906163215637,0.085844486951828,0.31518661975860596
strat_bridge_pick07__01000100__s0033.wav,0.13089875876903534,0.36909669637680054,0.6799746751785278,0.27816903591156006,0.2788882553577423,0.42069053649902344,0.3745584189891815,0.5262150168418884
prs_neck_fing22__01000100__s0038.wav,0.5277067422866821,0.24759425222873688,0.43310531973838806,0.5848839282989502,0.1606433391571045,0.18650084733963013,0.4648377597332001,0.5802657604217529
prs_bridge_pick25__01000100__s0051.wav,0.5195082426071167,0.5809090733528137,0.27478915452957153,0.4712944030761719,0.38608476519584656,0.2539311647415161,0.32969701290130615,0.3818565607070923
strat_neck_pick21__01000100__s0044.wav,0.9872711300849915,0.8638991117477417,0.5783676505088806,0.8441919684410095,0.7003390789031982,0.809924304485321,0.3898269832134247,0.3029455840587616
strat_bridge_fing23__01000100__s0055.wav,0.7243595719337463,0.7129769921302795,0.1649317741394043,0.1318630427122116,0.3433951735496521,0.22421567142009735,0.6366203427314758,0.5092785954475403
prs_bridge_pick09__01000100__s0021.wav,0.38226446509361267,0.5769793391227722,0.8594528436660767,0.4368690848350525,0.05109453946352005,0.0639050081372261,0.5302529335021973,0.5593716502189636
strat_bridge_pick11__01000100__s0037.wav,0.10232852399349213,0.22330757975578308,0.23020468652248383,0.2183760404586792,0.3287481963634491,0.4255858063697815,0.6666178107261658,0.6039286255836487
les_neck_fing09__01000100__s0008.wav,0.4123016893863678,0.3378211259841919,0.16366024315357208,0.17892536520957947,0.10696301609277725,0.46276336908340454,0.7237270474433899,0.3165838122367859
tele_bridge_pick21__01000100__s0044.wav,0.9859849214553833,0.843337893486023,0.6659075617790222,0.656747043132782,0.5782825350761414,0.20362059772014618,0.05030055344104767,0.08060098439455032
strat_bridge_fing03__01000100__s0052.wav,0.7495713233947754,0.7030840516090393,0.5801921486854553,0.6564847230911255,0.46015700697898865,0.500533938407898,0.4268096387386322,0.519523561000824
les_neck_fing08__01000100__s0019.wav,0.04063960164785385,0.1442902535200119,0.9118564128875732,0.2062022089958191,0.4690592885017395,0.36865177750587463,0.272687703371048,0.3356746733188629
les_bridge_fing08__01000100__s0055.wav,0.577717661857605,0.47888293862342834,0.05098668113350868,0.4141651690006256,0.5286576747894287,0.46446168422698975,0.4423106908798218,0.40261974930763245
tele_neck_pick03__01000100__s0031.wav,0.9020198583602905,0.8494139909744263,0.6787415146827698,0.6306760907173157,0.18767033517360687,0.4666946232318878,0.8020790815353394,0.7458516955375671
les_bridge_fing05__01000100__s0035.wav,0.4241056442260742,0.5638381242752075,0.6510164141654968,0.6205704808235168,0.28168508410453796,0.14840425550937653,0.4999241530895233,0.2978207468986511
tele_neck_fing06__01000100__s0042.wav,0.5831539630889893,0.727506697177887,0.8537753224372864,0.7387834191322327,0.2104584127664566,0.3537822663784027,0.13969838619232178,0.21225658059120178
strat_neck_pick07__01000100__s0052.wav,0.8951889276504517,0.9475312829017639,0.9939298629760742,0.9075802564620972,0.030359208583831787,0.44319403171539307,0.08008044958114624,0.14068904519081116
tele_bridge_fing17__01000100__s0022.wav,0.010367094539105892,0.12534010410308838,0.3486013114452362,0.2069847732782364,0.7997259497642517,0.901008129119873,0.47531166672706604,0.7915619611740112
strat_bridge_fing09__01000100__s0034.wav,0.8303946852684021,0.5104966163635254,0.40548738837242126,0.4449250400066376,0.44637617468833923,0.49441489577293396,0.6818405389785767,0.5863402485847473
les_bridge_fing04__01000100__s0053.wav,0.8983235955238342,0.7247482538223267,0.25241780281066895,0.6112900376319885,0.029157577082514763,0.0471985749900341,0.9575737714767456,0.9033738970756531
prs_bridge_fing16__01000100__s0054.wav,0.6607245802879333,0.8156477212905884,0.8087393045425415,0.5265001058578491,0.24478256702423096,0.16627994179725647,0.9495149254798889,0.9664162397384644
les_bridge_pick17__01000100__s0050.wav,0.00516846589744091,0.22469578683376312,0.051770780235528946,0.7696697115898132,0.7297550439834595,0.7953928709030151,0.46526220440864563,0.8044663071632385
prs_bridge_fing22__01000100__s0003.wav,0.5993108153343201,0.5857920050621033,0.28350263833999634,0.5443341732025146,0.7089954614639282,0.37905353307724,0.41815778613090515,0.29483744502067566
tele_neck_pick17__01000100__s0039.wav,0.6712473630905151,0.6924610137939453,0.7790165543556213,0.6884101033210754,0.2214210033416748,0.1266535222530365,0.8080416321754456,0.7768092155456543
prs_neck_fing11__01000100__s0020.wav,0.4250188171863556,0.581596314907074,0.36158519983291626,0.5305476784706116,0.8329247832298279,0.8488030433654785,0.30556926131248474,0.2841903865337372
prs_bridge_fing24__01000100__s0032.wav,0.3169368505477905,0.23596306145191193,0.2735961675643921,0.2406664490699768,0.5412505865097046,0.5506176948547363,0.6841320991516113,0.5789660811424255
prs_neck_pick13__01000100__s0033.wav,0.018628805875778198,0.5387340784072876,0.09683811664581299,0.32792386412620544,0.16316452622413635,0.8215978145599365,0.0600503645837307,0.14164215326309204
les_neck_fing08__01000100__s0030.wav,0.7932965159416199,0.7128851413726807,0.43457213044166565,0.5024471282958984,0.09398093819618225,0.4344790279865265,0.03737906366586685,0.2162785679101944
prs_neck_fing23__01000100__s0028.wav,0.005779820028692484,0.17464999854564667,0.6763036847114563,0.3586863577365875,0.5947431325912476,0.6881935596466064,0.308968722820282,0.169648677110672
les_bridge_fing05__01000100__s0023.wav,0.6946064233779907,0.8413364291191101,0.7308796644210815,0.7173543572425842,0.10468480736017227,0.44495218992233276,0.11303110420703888,0.13578711450099945
les_neck_fing25__01000100__s0042.wav,0.19062547385692596,0.19387909770011902,0.7574737668037415,0.3540620505809784,0.060383278876543045,0.13352087140083313,0.3581804931163788,0.5780936479568481
tele_neck_pick03__01000100__s0030.wav,0.07873968034982681,0.09426163136959076,0.4212360084056854,0.6179988980293274,0.6407541036605835,0.5541566014289856,0.9643288254737854,0.9630566835403442
tele_bridge_pick20__01000100__s0052.wav,0.06741717457771301,0.19787485897541046,0.3040063679218292,0.41666483879089355,0.5695923566818237,0.6277791857719421,0.5618117451667786,0.18373994529247284
prs_bridge_fing15__01000100__s0054.wav,0.7914804220199585,0.2981930375099182,0.4232282042503357,0.7201311588287354,0.07478620111942291,0.5290623903274536,0.38492101430892944,0.2097637802362442
les_bridge_fing09__01000100__s0026.wav,0.1627303808927536,0.12842293083667755,0.0072264280170202255,0.7186821103096008,0.2214052677154541,0.2543517053127289,0.3314429223537445,0.48343420028686523
prs_bridge_pick06__01000100__s0035.wav,0.12529246509075165,0.3959650993347168,0.193470299243927,0.4990379810333252,0.7445771098136902,0.8727086186408997,0.5640466213226318,0.694822371006012
strat_neck_fing03__01000100__s0014.wav,0.5098552703857422,0.5333671569824219,0.5324905514717102,0.6523105502128601,0.6656472086906433,0.7313112020492554,0.5418025851249695,0.34645217657089233
strat_neck_fing24__01000100__s0014.wav,0.5192561745643616,0.5337982177734375,0.3629966378211975,0.4852840304374695,0.8163393139839172,0.7945608496665955,0.4811649024486542,0.4737870395183563
tele_neck_pick21__01000100__s0014.wav,0.2823529541492462,0.5431206226348877,0.7362229824066162,0.6511190533638,0.7635294198989868,0.8590463995933533,0.7257634401321411,0.782750129699707
les_bridge_fing03__01000100__s0022.wav,0.4246937930583954,0.5609681606292725,0.18127496540546417,0.4746135175228119,0.7003602981567383,0.7618963122367859,0.44347280263900757,0.5015299916267395
les_neck_fing17__01000100__s0008.wav,0.5859768986701965,0.4405296742916107,0.7340133190155029,0.4522976577281952,0.5208389759063721,0.5465854406356812,0.5089954733848572,0.6121018528938293
strat_neck_fing08__01000100__s0019.wav,0.6363475918769836,0.8384000658988953,0.042828578501939774,0.31610673666000366,0.4796723425388336,0.2196170687675476,0.39682090282440186,0.5169354677200317
strat_neck_fing01__01000100__s0053.wav,0.17074836790561676,0.46788233518600464,0.19292455911636353,0.1638914942741394,0.17093069851398468,0.29241859912872314,0.4875243604183197,0.3555262088775635
prs_neck_pick04__01000100__s0042.wav,0.6205121874809265,0.8943109512329102,0.9355704188346863,0.6661595702171326,0.17666329443454742,0.12254083156585693,0.9369725584983826,0.9227799773216248
prs_neck_fing21__01000100__s0006.wav,0.5754793286323547,0.7275372743606567,0.8439331650733948,0.7042912840843201,0.09677921235561371,0.21886315941810608,0.27537044882774353,0.3612310290336609
les_neck_fing13__01000100__s0001.wav,0.12353169918060303,0.4739440977573395,0.569014310836792,0.3798288404941559,0.4956204295158386,0.37701791524887085,0.25141027569770813,0.6374965906143188
strat_bridge_pick09__01000100__s0053.wav,0.8320488929748535,0.8308902978897095,0.0671682357788086,0.2935125529766083,0.17384210228919983,0.3933405578136444,0.10119285434484482,0.2357410043478012
strat_neck_fing13__01000100__s0053.wav,0.015118276700377464,0.3238762617111206,0.7067564129829407,0.5793182849884033,0.3230615258216858,0.35709521174430847,0.8517526388168335,0.7480064034461975
prs_bridge_fing05__01000100__s0019.wav,0.24776428937911987,0.3915337920188904,0.9595006108283997,0.7226820588111877,0.8575841188430786,0.8660615682601929,0.9685630798339844,0.8000622987747192
strat_neck_pick04__01000100__s0046.wav,0.1449272632598877,0.22151139378547668,0.9925665855407715,0.1373712718486786,0.7032850980758667,0.7937877774238586,0.446203351020813,0.5368049740791321
prs_neck_pick08__01000100__s0043.wav,0.1316298544406891,0.2244195193052292,0.7364159822463989,0.5467275381088257,0.08754128217697144,0.23268312215805054,0.6472220420837402,0.40572288632392883
les_neck_fing02__01000100__s0048.wav,0.8880256414413452,0.7802368998527527,0.2519283890724182,0.41489285230636597,0.6278219819068909,0.5923658013343811,0.4906790852546692,0.5503418445587158
tele_bridge_pick05__01000100__s0005.wav,0.8258112668991089,0.6520838737487793,0.5967568755149841,0.790477991104126,0.8141485452651978,0.8655847907066345,0.6005123257637024,0.5731755495071411
prs_neck_pick25__01000100__s0034.wav,0.7980613112449646,0.7263203263282776,0.94367915391922,0.5667006373405457,0.004106997046619654,0.6119460463523865,0.11920840293169022,0.03303264454007149
tele_bridge_pick07__01000100__s0054.wav,0.12748824059963226,0.3685332238674164,0.7431593537330627,0.1596754640340805,0.15102575719356537,0.1658318191766739,0.5711017847061157,0.3186408579349518
prs_bridge_pick06__01000100__s0021.wav,0.3187268078327179,0.3389642834663391,0.4789679944515228,0.4563259482383728,0.4132296144962311,0.5739594101905823,0.18253053724765778,0.3648909032344818
tele_bridge_pick04__01000100__s0037.wav,0.11327265948057175,0.2134823054075241,0.04076961800456047,0.5320190191268921,0.010216983035206795,0.23808600008487701,0.346531480550766,0.46239563822746277
tele_bridge_pick25__01000100__s0011.wav,0.051097381860017776,0.13256895542144775,0.03225548192858696,0.29907363653182983,0.927416980266571,0.7566390633583069,0.11356773972511292,0.11990521848201752
les_neck_pick18__01000100__s0031.wav,0.5525639653205872,0.7173434495925903,0.8398692011833191,0.6939194798469543,0.39648643136024475,0.44805601239204407,0.937312662601471,0.8755412697792053
strat_bridge_fing15__01000100__s0004.wav,0.3772788941860199,0.5153598189353943,0.9026063084602356,0.3134101629257202,0.16640211641788483,0.3860083222389221,0.33403006196022034,0.2739432454109192
prs_bridge_pick17__01000100__s0021.wav,0.48350775241851807,0.3240232467651367,0.12254241853952408,0.38473477959632874,0.4017854928970337,0.5196431279182434,0.527768075466156,0.40149444341659546
prs_neck_fing19__01000100__s0029.wav,0.06936492770910263,0.1990697681903839,0.2907923758029938,0.5614089965820312,0.06702359765768051,0.0645599365234375,0.785334050655365,0.7452356815338135
tele_bridge_pick06__01000100__s0048.wav,0.07020364701747894,0.12065767496824265,0.5269142985343933,0.4411790370941162,0.3213658928871155,0.27827224135398865,0.05812358483672142,0.04074305668473244
tele_bridge_pick12__01000100__s0014.wav,0.678158700466156,0.6553241610527039,0.48206207156181335,0.5102647542953491,0.8917461633682251,0.6712832450866699,0.22086550295352936,0.18698695302009583
les_bridge_fing10__01000100__s0043.wav,0.8778185844421387,0.6486894488334656,0.3077060878276825,0.27965736389160156,0.444669246673584,0.25949332118034363,0.1471114456653595,0.17329159379005432
les_neck_fing09__01000100__s0038.wav,0.16990824043750763,0.3470737636089325,0.849867582321167,0.7529235482215881,0.13427679240703583,0.32412484288215637,0.15476274490356445,0.2374713271856308
prs_bridge_fing12__01000100__s0008.wav,0.331956684589386,0.533964991569519,0.9566158056259155,0.47615352272987366,0.11738471686840057,0.15976788103580475,0.37728461623191833,0.7367841005325317
tele_neck_fing11__01000100__s0033.wav,0.17256024479866028,0.5218483805656433,0.9042653441429138,0.31389129161834717,0.7792366743087769,0.6968856453895569,0.8274043202400208,0.6442405581474304
les_bridge_fing16__01000100__s0016.wav,0.02628304250538349,0.20571909844875336,0.6337811946868896,0.32889309525489807,0.7279230356216431,0.725343644618988,0.5892237424850464,0.5635954141616821
tele_bridge_fing20__01000100__s0042.wav,0.641061544418335,0.6260534524917603,0.23840270936489105,0.2045546919107437,0.8226310610771179,0.8155733346939087,0.7932127118110657,0.7002736926078796
prs_bridge_fing08__01000100__s0047.wav,0.5446486473083496,0.3156338036060333,0.0728621557354927,0.6207430958747864,0.21082839369773865,0.6206130385398865,0.1356825828552246,0.14748087525367737
les_neck_pick23__01000100__s0042.wav,0.4754532277584076,0.6445425748825073,0.6742282509803772,0.6840831637382507,0.28176748752593994,0.35810285806655884,0.3460291624069214,0.36628642678260803
strat_bridge_pick03__01000100__s0046.wav,0.9918795824050903,0.8661997318267822,0.25419557094573975,0.4903288185596466,0.39455050230026245,0.8518568873405457,0.012234739027917385,0.07019609212875366
les_neck_fing13__01000100__s0046.wav,0.203678697347641,0.21199777722358704,0.20699048042297363,0.38792046904563904,0.5914637446403503,0.4472428262233734,0.38024356961250305,0.3780715763568878
prs_neck_pick10__01000100__s0052.wav,0.7770487666130066,0.7844418883323669,0.5241391062736511,0.4735197126865387,0.921850323677063,0.8883156180381775,0.6221750974655151,0.8115098476409912
strat_bridge_pick24__01000100__s0023.wav,0.9419286847114563,0.49837037920951843,0.01625458337366581,0.22364211082458496,0.7335208058357239,0.8068662881851196,0.9239494800567627,0.9742377400398254
strat_bridge_pick11__01000100__s0000.wav,0.9247729182243347,0.9440074563026428,0.5982413291931152,0.8231565952301025,0.918327271938324,0.8823464512825012,0.19396531581878662,0.22500072419643402
strat_neck_pick20__01000100__s0022.wav,0.5894949436187744,0.5972570180892944,0.09053926169872284,0.2170453816652298,0.5547764897346497,0.4792258143424988,0.6046454906463623,0.4459240734577179
strat_neck_pick24__01000100__s0024.wav,0.9682145118713379,0.8126848936080933,0.8726086020469666,0.7244343757629395,0.049521878361701965,0.06708434969186783,0.9557381868362427,0.824981689453125
strat_neck_pick03__01000100__s0054.wav,0.9270768165588379,0.8970003128051758,0.619889497756958,0.5843206644058228,0.7569661736488342,0.9192160964012146,0.21258647739887238,0.4440779685974121
prs_neck_pick04__01000100__s0039.wav,0.26895153522491455,0.34378543496131897,0.7706713676452637,0.6985762119293213,0.4817206859588623,0.8046309947967529,0.10725154727697372,0.12022177875041962
prs_neck_pick21__01000100__s0039.wav,0.23455362021923065,0.305555522441864,0.8533284068107605,0.5802798867225647,0.43311673402786255,0.3586294949054718,0.408803790807724,0.7315607070922852
les_neck_fing16__01000100__s0022.wav,0.5231438279151917,0.7134502530097961,0.6094563007354736,0.44935646653175354,0.6275278329849243,0.5077227354049683,0.8047345280647278,0.8079891800880432
strat_neck_fing14__01000100__s0033.wav,0.600466787815094,0.445084810256958,0.5751479864120483,0.40788349509239197,0.15875384211540222,0.08120608329772949,0.9137588143348694,0.25840437412261963
prs_bridge_fing22__01000100__s0034.wav,0.7854828834533691,0.48981747031211853,0.0028957496397197247,0.3651392459869385,0.8320308327674866,0.7895493507385254,0.19376280903816223,0.10761964321136475
tele_bridge_pick22__01000100__s0046.wav,0.3729734420776367,0.6526848673820496,0.8269646167755127,0.5574771165847778,0.461117684841156,0.3311518430709839,0.6983926892280579,0.5811636447906494
prs_bridge_fing05__01000100__s0017.wav,0.6283050775527954,0.7656596302986145,0.13387589156627655,0.324993371963501,0.7946805953979492,0.468641072511673,0.5027572512626648,0.4318494498729706
les_bridge_fing13__01000100__s0016.wav,0.6548674702644348,0.5762915015220642,0.6211264133453369,0.535395085811615,0.2363370656967163,0.463238388299942,0.7122864127159119,0.7372005581855774
prs_neck_pick19__01000100__s0026.wav,0.7012251615524292,0.8179262280464172,0.9008848071098328,0.7251440286636353,0.29700934886932373,0.4794580340385437,0.8394481539726257,0.7078354954719543
les_bridge_fing04__01000100__s0031.wav,0.2503527104854584,0.5835992097854614,0.6106470227241516,0.5673062801361084,0.09658345580101013,0.12992623448371887,0.7190640568733215,0.6893525123596191
prs_bridge_fing06__01000100__s0020.wav,0.9177966117858887,0.9324823021888733,0.8559141755104065,0.8583754301071167,0.5419414639472961,0.682902455329895,0.09628671407699585,0.21348747611045837
les_neck_pick22__01000100__s0001.wav,0.831405758857727,0.28271225094795227,0.06002221256494522,0.2229982167482376,0.12102817744016647,0.2401697337627411,0.5206382274627686,0.4666667878627777
les_bridge_pick22__01000100__s0007.wav,0.8234454989433289,0.7527759671211243,0.5927141904830933,0.3329489529132843,0.11146613210439682,0.08656088262796402,0.8760981559753418,0.8708798885345459
tele_bridge_pick13__01000100__s0030.wav,0.37091317772865295,0.2790473401546478,0.8266535401344299,0.5281954407691956,0.6789586544036865,0.25934380292892456,0.22136148810386658,0.3714902997016907
tele_bridge_pick12__01000100__s0011.wav,0.8219656348228455,0.9657726883888245,0.9467064738273621,0.8654157519340515,0.39902791380882263,0.44251784682273865,0.8819087743759155,0.913489043712616
tele_bridge_fing04__01000100__s0035.wav,0.3023775517940521,0.34731894731521606,0.1929868906736374,0.21677352488040924,0.511245846748352,0.5359252095222473,0.7597310543060303,0.8114719986915588
tele_bridge_fing17__01000100__s0050.wav,0.9964510202407837,0.7555497884750366,0.0493694506585598,0.219528928399086,0.3054511547088623,0.22373086214065552,0.2882283329963684,0.3214714825153351
tele_bridge_fing05__01000100__s0013.wav,0.6630735993385315,0.3299412429332733,0.00907610822468996,0.49373340606689453,0.27751877903938293,0.24211330711841583,0.25290998816490173,0.29908427596092224
strat_bridge_pick12__01000100__s0033.wav,0.8104773759841919,0.8903713822364807,0.629317045211792,0.768893301486969,0.4225517511367798,0.5800116658210754,0.044211581349372864,0.06990280002355576
strat_bridge_fing07__01000100__s0026.wav,0.283241868019104,0.5438653230667114,0.9470889568328857,0.6454682946205139,0.33136022090911865,0.33089083433151245,0.9887996912002563,0.7839298248291016
tele_bridge_pick06__01000100__s0003.wav,0.8457702398300171,0.8886530995368958,0.9562888741493225,0.6567491888999939,0.9267145395278931,0.6927582621574402,0.621545672416687,0.25933122634887695
tele_neck_pick16__01000100__s0036.wav,0.9399705529212952,0.9784208536148071,0.861807107925415,0.9199845790863037,0.801083505153656,0.8871818780899048,0.9066620469093323,0.9655989408493042
strat_neck_fing24__01000100__s0037.wav,0.23882901668548584,0.4369727075099945,0.3797209560871124,0.23917382955551147,0.9686407446861267,0.554574728012085,0.6910421252250671,0.8676641583442688
strat_bridge_pick11__01000100__s0005.wav,0.1972220540046692,0.45732998847961426,0.7053655385971069,0.14587372541427612,0.1951500028371811,0.4985660910606384,0.3549998104572296,0.2710305154323578
tele_bridge_fing18__01000100__s0015.wav,0.8152028918266296,0.5692141652107239,0.8938081860542297,0.6234371066093445,0.07146521657705307,0.3549289405345917,0.14115160703659058,0.3516733646392822
prs_neck_pick24__01000100__s0031.wav,0.37380701303482056,0.1111709326505661,0.00962434709072113,0.6764215230941772,0.7892343997955322,0.5887745022773743,0.017242712900042534,0.209165558218956
les_bridge_fing24__01000100__s0009.wav,0.45305880904197693,0.648363471031189,0.4782496690750122,0.34667956829071045,0.8975239396095276,0.6953337788581848,0.3886796534061432,0.3963506519794464
tele_neck_fing05__01000100__s0036.wav,0.4020857512950897,0.6329774856567383,0.20843330025672913,0.569344699382782,0.8350197672843933,0.22168047726154327,0.011539623141288757,0.2737797796726227
prs_bridge_pick24__01000100__s0049.wav,0.23529008030891418,0.4847593307495117,0.7371640205383301,0.40527063608169556,0.9578430652618408,0.8106138110160828,0.24686482548713684,0.2934325039386749
les_neck_pick13__01000100__s0031.wav,0.4251803755760193,0.26634177565574646,0.6394248008728027,0.67344731092453,0.7450386881828308,0.6751265525817871,0.7685136795043945,0.901412308216095
strat_neck_fing12__01000100__s0004.wav,0.14759381115436554,0.37339186668395996,0.17989802360534668,0.30726170539855957,0.3081306219100952,0.6363939046859741,0.13727256655693054,0.19488781690597534
tele_bridge_pick14__01000100__s0035.wav,0.0860811322927475,0.36610227823257446,0.9762864708900452,0.5484611392021179,0.8989049792289734,0.7109147906303406,0.7056094408035278,0.10452964901924133
tele_neck_pick11__01000100__s0055.wav,0.28866228461265564,0.5240780711174011,0.48537781834602356,0.36540454626083374,0.7802748680114746,0.6483849883079529,0.6096542477607727,0.6514327526092529
les_neck_pick06__01000100__s0045.wav,0.019257426261901855,0.2680724561214447,0.1573200672864914,0.28179872035980225,0.9958462715148926,0.9506754279136658,0.6872790455818176,0.8200033903121948
strat_neck_fing15__01000100__s0002.wav,0.8226369619369507,0.8435775637626648,0.9669252038002014,0.8827301859855652,0.5593060851097107,0.48669788241386414,0.9795142412185669,0.969155490398407
strat_neck_fing12__01000100__s0016.wav,0.9304050803184509,0.5841624736785889,0.3521213233470917,0.7011118531227112,0.033269252628088,0.5101884603500366,0.01010509766638279,0.4401753544807434
prs_bridge_fing05__01000100__s0040.wav,0.641556441783905,0.7538120746612549,0.7514200806617737,0.6563384532928467,0.6256383657455444,0.48308372497558594,0.7755304574966431,0.8577713370323181
prs_neck_fing04__01000100__s0008.wav,0.7952097654342651,0.733538806438446,0.7883303165435791,0.5437556505203247,0.054194290190935135,0.1901356428861618,0.17896351218223572,0.1134478747844696
strat_neck_pick08__01000100__s0011.wav,0.09067994356155396,0.45924028754234314,0.9271114468574524,0.31175509095191956,0.2357492446899414,0.36724793910980225,0.988533079624176,0.90928715467453
strat_bridge_fing23__01000100__s0007.wav,0.32891446352005005,0.17149391770362854,0.024476351216435432,0.34956058859825134,0.4546910226345062,0.32102635502815247,0.04668605700135231,0.20069333910942078
prs_bridge_fing23__01000100__s0010.wav,0.6625615954399109,0.688342809677124,0.21171465516090393,0.7496180534362793,0.6636057496070862,0.6588181853294373,0.5616403818130493,0.48831215500831604
strat_neck_fing10__01000100__s0007.wav,0.33320873975753784,0.3073049485683441,0.12285100668668747,0.30467545986175537,0.8578372597694397,0.4442536532878876,0.8903982639312744,0.8201343417167664
prs_bridge_pick04__01000100__s0053.wav,0.5555514693260193,0.5335837006568909,0.03336533531546593,0.4762500822544098,0.7963691353797913,0.671783447265625,0.12827955186367035,0.14440855383872986
les_neck_pick07__01000100__s0038.wav,0.6461784839630127,0.6041929125785828,0.38357704877853394,0.6478139758110046,0.6457964181900024,0.5249463319778442,0.8195070624351501,0.6687387824058533
les_bridge_fing19__01000100__s0048.wav,0.8983455896377563,0.8323001861572266,0.8453229665756226,0.7572720050811768,0.6787236928939819,0.5313416719436646,0.38630688190460205,0.5603238940238953
prs_neck_pick16__01000100__s0008.wav,0.12954087555408478,0.2610674500465393,0.7799819111824036,0.6850215196609497,0.3080916702747345,0.2803291082382202,0.7624457478523254,0.8628680109977722
strat_bridge_pick12__01000100__s0013.wav,0.29653653502464294,0.2868402600288391,0.09071259945631027,0.5799673199653625,0.9763423204421997,0.6832368969917297,0.20714333653450012,0.43414995074272156
strat_neck_fing23__01000100__s0011.wav,0.9207096695899963,0.9117032885551453,0.43734270334243774,0.4776839017868042,0.061768997460603714,0.020508358255028725,0.9123807549476624,0.8006636500358582
tele_bridge_pick24__01000100__s0026.wav,0.031096328049898148,0.2872422933578491,0.18774481117725372,0.5902431607246399,0.807990312576294,0.8829518556594849,0.9593817591667175,0.8365509510040283
les_neck_fing19__01000100__s0036.wav,0.6784783005714417,0.33911368250846863,0.41706931591033936,0.5355768799781799,0.23467698693275452,0.6700978875160217,0.03493429347872734,0.34168022871017456
prs_bridge_fing23__01000100__s0031.wav,0.12998807430267334,0.22405393421649933,0.8253185153007507,0.4165796637535095,0.149868905544281,0.5175280570983887,0.2807142734527588,0.4383963942527771
tele_neck_fing07__01000100__s0001.wav,0.9337295889854431,0.9367083311080933,0.8453822135925293,0.8972448706626892,0.22975309193134308,0.4530307352542877,0.22331982851028442,0.2604042589664459
strat_bridge_pick12__01000100__s0020.wav,0.5797980427742004,0.6563501358032227,0.6542196869850159,0.5248586535453796,0.49371156096458435,0.4633997082710266,0.8548124432563782,0.5296571850776672
prs_neck_pick04__01000100__s0033.wav,0.3543137013912201,0.3876156806945801,0.4442429840564728,0.4756414294242859,0.24960696697235107,0.28445756435394287,0.22177381813526154,0.26997917890548706
prs_bridge_fing13__01000100__s0035.wav,0.6700248718261719,0.6169836521148682,0.9550522565841675,0.5551050305366516,0.778156042098999,0.8781173825263977,0.4435434639453888,0.24679768085479736
les_bridge_fing05__01000100__s0054.wav,0.7706360220909119,0.9268167614936829,0.903673529624939,0.9584755897521973,0.07166749984025955,0.08729235082864761,0.39058324694633484,0.40227800607681274
les_bridge_pick16__01000100__s0005.wav,0.4787408411502838,0.7213112711906433,0.5507449507713318,0.4714570939540863,0.16247540712356567,0.14229971170425415,0.8181213736534119,0.8163909316062927
prs_bridge_fing09__01000100__s0052.wav,0.4629514515399933,0.5640078783035278,0.4182485342025757,0.6487303972244263,0.6759688854217529,0.7362406253814697,0.3343978524208069,0.40186867117881775
strat_neck_fing13__01000100__s0018.wav,0.9807532429695129,0.8496153950691223,0.7241983413696289,0.6035069823265076,0.60249924659729,0.48893773555755615,0.5096967220306396,0.5520284175872803
prs_bridge_fing10__01000100__s0022.wav,0.3148149251937866,0.44045254588127136,0.516429603099823,0.5129414200782776,0.6323387026786804,0.6493583917617798,0.2605891823768616,0.5748823881149292
les_bridge_pick22__01000100__s0041.wav,0.6778163909912109,0.2763751149177551,0.002118313917890191,0.5879871249198914,0.8813721537590027,0.6649332046508789,0.5805729031562805,0.4988046884536743
prs_neck_pick04__01000100__s0027.wav,0.8196624517440796,0.8439445495605469,0.8337617516517639,0.7927312850952148,0.5792827010154724,0.5486980676651001,0.8949748277664185,0.8912258148193359
tele_neck_fing24__01000100__s0015.wav,0.9733591675758362,0.8977926969528198,0.1401505023241043,0.21845433115959167,0.538271427154541,0.7232206463813782,0.15677616000175476,0.26627975702285767
prs_bridge_fing11__01000100__s0055.wav,0.20815345644950867,0.2912825644016266,0.37540367245674133,0.29260358214378357,0.9092547297477722,0.8816968202590942,0.049532242119312286,0.2344716340303421
tele_bridge_fing04__01000100__s0006.wav,0.7828152179718018,0.6459492444992065,0.5627366900444031,0.7516321539878845,0.3922601342201233,0.49149683117866516,0.43279749155044556,0.3793624937534332
prs_bridge_pick17__01000100__s0011.wav,0.4079025685787201,0.5055350661277771,0.4202226400375366,0.2182472199201584,0.07350355386734009,0.18076476454734802,0.990551233291626,0.9789621233940125
prs_neck_pick03__01000100__s0020.wav,0.4526686370372772,0.7262005805969238,0.6550373435020447,0.23923847079277039,0.2750248312950134,0.2568441331386566,0.7855631113052368,0.4705057740211487
les_neck_fing19__01000100__s0012.wav,0.777125358581543,0.5193943977355957,0.5182527899742126,0.8019189834594727,0.46290647983551025,0.6238029599189758,0.09470581263303757,0.19321078062057495
prs_bridge_fing12__01000100__s0009.wav,0.09042635560035706,0.19521623849868774,0.11289102584123611,0.5792379975318909,0.700741171836853,0.7773879170417786,0.05415186658501625,0.11247921735048294
tele_neck_fing20__01000100__s0020.wav,0.4417213797569275,0.528335690498352,0.6019763946533203,0.45859214663505554,0.23744569718837738,0.5136592984199524,0.1403399407863617,0.20058144629001617
strat_neck_pick21__01000100__s0052.wav,0.5629817843437195,0.731902003288269,0.6983174085617065,0.4237254559993744,0.565278947353363,0.6039398312568665,0.7280331254005432,0.8825276494026184
prs_neck_pick15__01000100__s0013.wav,0.4392966032028198,0.4565398395061493,0.5813049077987671,0.30188024044036865,0.696684718132019,0.7052387595176697,0.7558388113975525,0.6154031157493591
strat_bridge_pick17__01000100__s0044.wav,0.09264696389436722,0.11118118464946747,0.8182947635650635,0.25672993063926697,0.626291811466217,0.5198656916618347,0.11288188397884369,0.4789186120033264
les_bridge_pick06__01000100__s0030.wav,0.5585275292396545,0.6435050368309021,0.20668134093284607,0.19409413635730743,0.11436542123556137,0.04298096522688866,0.8478599786758423,0.9036731123924255
prs_bridge_fing02__01000100__s0007.wav,0.043529972434043884,0.27040421962738037,0.3259807527065277,0.6129980683326721,0.27252957224845886,0.43132877349853516,0.02562876231968403,0.05274294689297676
strat_bridge_fing19__01000100__s0038.wav,0.5255987048149109,0.7322221398353577,0.8890969753265381,0.5145897269248962,0.7943862676620483,0.7723942399024963,0.919708251953125,0.6269181370735168
les_neck_fing11__01000100__s0033.wav,0.9757744073867798,0.7078558206558228,0.3123084306716919,0.4256449043750763,0.9987503290176392,0.7658012509346008,0.7478188872337341,0.8926413655281067
les_neck_pick16__01000100__s0010.wav,0.023420151323080063,0.15237033367156982,0.5601722002029419,0.5042767524719238,0.6887890696525574,0.8227614164352417,0.850273072719574,0.7458143830299377
tele_neck_fing06__01000100__s0052.wav,0.06000741571187973,0.22712381184101105,0.4964999258518219,0.21020999550819397,0.7175909280776978,0.7167879343032837,0.2589001953601837,0.6298231482505798
prs_neck_pick25__01000100__s0006.wav,0.01937120407819748,0.21765007078647614,0.566705048084259,0.28247442841529846,0.4051584005355835,0.4765796959400177,0.31174182891845703,0.4913868308067322
strat_neck_fing06__01000100__s0040.wav,0.9927834272384644,0.7950619459152222,0.4631696939468384,0.5612358450889587,0.11077553033828735,0.44816839694976807,0.009775390848517418,0.22848208248615265
strat_bridge_fing10__01000100__s0054.wav,0.11463326215744019,0.19176021218299866,0.47024768590927124,0.5451645255088806,0.6739627122879028,0.7298247814178467,0.6695253252983093,0.5917620658874512
strat_neck_pick05__01000100__s0042.wav,0.8336526155471802,0.8542034029960632,0.4753316044807434,0.31041428446769714,0.7389794588088989,0.6913670897483826,0.9967496395111084,0.9890522360801697
strat_neck_fing13__01000100__s0038.wav,0.26174551248550415,0.4782746434211731,0.4368484914302826,0.708831250667572,0.012154211290180683,0.09968328475952148,0.9421483874320984,0.8394457101821899
les_bridge_fing09__01000100__s0055.wav,0.6490371823310852,0.6590588092803955,0.6865277290344238,0.24622893333435059,0.7380619645118713,0.7515535950660706,0.3401828408241272,0.49824225902557373
tele_bridge_pick20__01000100__s0032.wav,0.49727728962898254,0.4423774778842926,0.413700133562088,0.2963521182537079,0.2935558259487152,0.28958553075790405,0.3651437759399414,0.23058021068572998
strat_neck_pick19__01000100__s0006.wav,0.2638697326183319,0.24039791524410248,0.44364821910858154,0.7581614851951599,0.6578406691551208,0.8103092908859253,0.6953231692314148,0.6286333799362183
prs_bridge_fing16__01000100__s0044.wav,0.8149500489234924,0.6798103451728821,0.4830383062362671,0.6752321720123291,0.9106339812278748,0.5503832697868347,0.23105740547180176,0.1398162990808487
les_bridge_fing21__01000100__s0011.wav,0.5486801266670227,0.23161940276622772,0.08010050654411316,0.3888727128505707,0.7945302128791809,0.6749963164329529,0.5216225981712341,0.6028259992599487
strat_bridge_pick07__01000100__s0052.wav,0.5677473545074463,0.5636774301528931,0.45308682322502136,0.6119910478591919,0.9500725865364075,0.5914388298988342,0.45263639092445374,0.43919286131858826
prs_bridge_fing08__01000100__s0044.wav,0.6333821415901184,0.7964627742767334,0.6675360798835754,0.7068853974342346,0.8310490250587463,0.6929916143417358,0.7588562369346619,0.8830228447914124
prs_bridge_pick05__01000100__s0043.wav,0.08180384337902069,0.27771851420402527,0.5989609360694885,0.3204554319381714,0.294741690158844,0.6296278834342957,0.8902312517166138,0.4237193465232849
strat_bridge_fing24__01000100__s0054.wav,0.3928992450237274,0.7006480097770691,0.8946429491043091,0.6154778599739075,0.6110798716545105,0.5028920769691467,0.007881836965680122,0.09249649941921234
strat_neck_fing01__01000100__s0006.wav,0.027570249512791634,0.23579110205173492,0.9526987075805664,0.1291021704673767,0.5613499879837036,0.3381517231464386,0.8926239013671875,0.8108316659927368
prs_bridge_pick23__01000100__s0053.wav,0.6077656745910645,0.6167553663253784,0.4511381685733795,0.7645830512046814,0.580751895904541,0.519281268119812,0.5023146271705627,0.5109255909919739
tele_neck_pick17__01000100__s0011.wav,0.45177510380744934,0.5268450379371643,0.8502011299133301,0.796236515045166,0.5248139500617981,0.5562406778335571,0.8083683848381042,0.8044487237930298
strat_neck_pick17__01000100__s0009.wav,0.5183516144752502,0.4171518385410309,0.20373477041721344,0.3444242775440216,0.15167811512947083,0.16523514688014984,0.6991492509841919,0.45515742897987366
les_bridge_pick12__01000100__s0027.wav,0.05424675717949867,0.186710387468338,0.6623106598854065,0.3310973346233368,0.0786823257803917,0.08937940001487732,0.12632711231708527,0.05011742562055588
prs_bridge_fing12__01000100__s0014.wav,0.615217387676239,0.49995845556259155,0.8731036186218262,0.7340018153190613,0.2513599097728729,0.27276909351348877,0.15041106939315796,0.15897236764431
les_bridge_pick04__01000100__s0012.wav,0.7823390960693359,0.9015348553657532,0.8577405214309692,0.8330502510070801,0.8284411430358887,0.8555851578712463,0.20532667636871338,0.10867778956890106
les_neck_fing04__01000100__s0050.wav,0.2816905081272125,0.499112993478775,0.5214306712150574,0.20286186039447784,0.9477494955062866,0.7594215273857117,0.1986536681652069,0.2633000314235687
prs_bridge_pick06__01000100__s0042.wav,0.6978837251663208,0.7512467503547668,0.4401678144931793,0.5238520503044128,0.7030588984489441,0.6987065076828003,0.1361246109008789,0.12654349207878113
prs_bridge_fing16__01000100__s0026.wav,0.1938551366329193,0.3918682336807251,0.9048288464546204,0.597478449344635,0.1699613332748413,0.1251431554555893,0.8787384033203125,0.9093518257141113
les_bridge_pick21__01000100__s0014.wav,0.18805934488773346,0.16121424734592438,0.2398822158575058,0.7751435041427612,0.262647807598114,0.21967899799346924,0.6003386378288269,0.5552757382392883
les_bridge_fing01__01000100__s0044.wav,0.3032100200653076,0.4959777295589447,0.7570981383323669,0.6215495467185974,0.3844504654407501,0.3611457347869873,0.4410665035247803,0.45108526945114136
les_neck_pick08__01000100__s0047.wav,0.760155200958252,0.4794405996799469,0.008777931332588196,0.08931469917297363,0.33754584193229675,0.24503959715366364,0.1146450862288475,0.17923830449581146
strat_bridge_fing11__01000100__s0008.wav,0.11186142265796661,0.1967012882232666,0.6196159720420837,0.461291640996933,0.19166414439678192,0.336203008890152,0.4683465361595154,0.8055788278579712
strat_neck_fing03__01000100__s0005.wav,0.6445069313049316,0.6395767331123352,0.9028233289718628,0.7761560678482056,0.9529538750648499,0.855879545211792,0.3661399781703949,0.2803572416305542
strat_neck_pick01__01000100__s0048.wav,0.35060182213783264,0.47833457589149475,0.7468215227127075,0.49964267015457153,0.11784408241510391,0.21313416957855225,0.48645612597465515,0.40789729356765747
les_bridge_pick12__01000100__s0037.wav,0.18694835901260376,0.3058142066001892,0.5457605123519897,0.17468902468681335,0.9078385829925537,0.9023548364639282,0.42226243019104004,0.44001492857933044
prs_bridge_pick22__01000100__s0006.wav,0.6370734572410583,0.5693660378456116,0.8260572552680969,0.7851502895355225,0.057514846324920654,0.15602149069309235,0.2819153666496277,0.09677325189113617
les_bridge_pick05__01000100__s0011.wav,0.31807711720466614,0.43008002638816833,0.357037752866745,0.14050212502479553,0.6268209218978882,0.7573571801185608,0.3599224090576172,0.35185542702674866
strat_neck_pick19__01000100__s0053.wav,0.08214262872934341,0.24779967963695526,0.0896274670958519,0.1929236799478531,0.18772666156291962,0.17705504596233368,0.8082922101020813,0.7827432155609131
tele_neck_fing25__01000100__s0007.wav,0.3835515081882477,0.25631973147392273,0.028958870097994804,0.2743440270423889,0.74746173620224,0.8107786774635315,0.012080470100045204,0.11635826528072357
les_bridge_fing24__01000100__s0023.wav,0.14981067180633545,0.11541369557380676,0.558739185333252,0.3223414719104767,0.9868365526199341,0.8950268626213074,0.3275243639945984,0.33598676323890686
strat_neck_fing13__01000100__s0042.wav,0.8304378390312195,0.9356696605682373,0.7821896076202393,0.8670682907104492,0.6742368936538696,0.4032783806324005,0.6097919940948486,0.8606694936752319
tele_neck_fing21__01000100__s0036.wav,0.5767814517021179,0.7576077580451965,0.5303833484649658,0.5552405714988708,0.9673736691474915,0.8493263721466064,0.9194154143333435,0.805391788482666
prs_neck_fing20__01000100__s0031.wav,0.7654744386672974,0.6942877769470215,0.9547879099845886,0.8816747069358826,0.5179953575134277,0.4863518178462982,0.7981207370758057,0.568558931350708
strat_neck_fing09__01000100__s0035.wav,0.9654653668403625,0.9010850787162781,0.4927246868610382,0.35648781061172485,0.8348293304443359,0.7988678812980652,0.4787468910217285,0.5244660973548889
les_bridge_pick08__01000100__s0035.wav,0.9394067525863647,0.9063419699668884,0.7700506448745728,0.8640632033348083,0.35497838258743286,0.42635446786880493,0.20450326800346375,0.3954150974750519
prs_neck_fing24__01000100__s0045.wav,0.11697960644960403,0.4392719268798828,0.1045275405049324,0.3857032060623169,0.6508438587188721,0.6247109770774841,0.6094616055488586,0.8102607727050781
les_neck_pick16__01000100__s0030.wav,0.8018162250518799,0.39559656381607056,0.21378304064273834,0.8839120268821716,0.6772440671920776,0.7875414490699768,0.3215760886669159,0.7281197905540466
strat_neck_pick17__01000100__s0021.wav,0.6719880700111389,0.6371555924415588,0.3347175121307373,0.44893917441368103,0.6978905200958252,0.7100577354431152,0.7359074354171753,0.667736291885376
prs_neck_fing10__01000100__s0028.wav,0.7029775381088257,0.682340145111084,0.5315656661987305,0.7614437341690063,0.471245676279068,0.6665346026420593,0.3124453127384186,0.272724449634552
prs_bridge_pick20__01000100__s0041.wav,0.6557809710502625,0.42600855231285095,0.5419074892997742,0.7698705792427063,0.5064700841903687,0.48057469725608826,0.04099848121404648,0.14914104342460632
prs_bridge_pick15__01000100__s0037.wav,0.008559340611100197,0.26572170853614807,0.8432998061180115,0.31589022278785706,0.05183371156454086,0.17864318192005157,0.6393540501594543,0.722015380859375
prs_bridge_fing03__01000100__s0042.wav,0.5381485819816589,0.6912621855735779,0.5747452974319458,0.41283440589904785,0.36961981654167175,0.5458064079284668,0.9973724484443665,0.9689892530441284
strat_neck_pick17__01000100__s0043.wav,0.5190342664718628,0.7345237731933594,0.34683656692504883,0.3309331238269806,0.7700875401496887,0.6991452574729919,0.20119668543338776,0.5157740116119385
prs_neck_fing03__01000100__s0038.wav,0.5904958844184875,0.7077372074127197,0.3186658024787903,0.5068886876106262,0.36110466718673706,0.29391607642173767,0.8621949553489685,0.6080365777015686
tele_neck_pick03__01000100__s0021.wav,0.008874772116541862,0.282598078250885,0.15097686648368835,0.4386323094367981,0.5764586329460144,0.5637757182121277,0.8268934488296509,0.8216741681098938
les_neck_fing21__01000100__s0002.wav,0.05348102003335953,0.2121252566576004,0.7468104958534241,0.3940228521823883,0.03583086282014847,0.19850027561187744,0.1240885853767395,0.20188134908676147
strat_bridge_fing06__01000100__s0040.wav,0.3194950520992279,0.37632203102111816,0.3672100901603699,0.3720773160457611,0.16493555903434753,0.24215632677078247,0.4101734757423401,0.5928738713264465
tele_neck_fing16__01000100__s0021.wav,0.5288481712341309,0.7576801776885986,0.4590117037296295,0.5170681476593018,0.09463956207036972,0.36696383357048035,0.30093538761138916,0.3895966708660126
les_neck_fing10__01000100__s0037.wav,0.3330291211605072,0.24465061724185944,0.39020612835884094,0.48062556982040405,0.6007993817329407,0.6277892589569092,0.7195623517036438,0.44499310851097107
les_bridge_pick25__01000100__s0037.wav,0.3607949912548065,0.18547113239765167,0.58504718542099,0.4344659745693207,0.9866062998771667,0.9102469086647034,0.21888357400894165,0.2000037431716919
strat_bridge_pick17__01000100__s0010.wav,0.15934230387210846,0.17209909856319427,0.66366046667099,0.3776397705078125,0.9099565148353577,0.7785366773605347,0.31795525550842285,0.2133805900812149
tele_bridge_fing10__01000100__s0012.wav,0.5188645720481873,0.5613266825675964,0.9110093712806702,0.7134509086608887,0.15521571040153503,0.6382623314857483,0.0460602268576622,0.08946099877357483
les_bridge_fing03__01000100__s0007.wav,0.9168152213096619,0.9341049194335938,0.840240478515625,0.7717580795288086,0.5936729311943054,0.6488288640975952,0.17671337723731995,0.30156898498535156
les_neck_pick02__01000100__s0053.wav,0.5617366433143616,0.6754220128059387,0.5887690782546997,0.28863388299942017,0.27124762535095215,0.22968067228794098,0.8739442825317383,0.8756915926933289
strat_neck_pick13__01000100__s0024.wav,0.10656391084194183,0.13019995391368866,0.09311296045780182,0.7325271368026733,0.4101159870624542,0.5834313631057739,0.6477216482162476,0.71884685754776
tele_bridge_pick23__01000100__s0012.wav,0.29606661200523376,0.45470279455184937,0.6402868628501892,0.5606474280357361,0.3661316931247711,0.17284975945949554,0.3548900783061981,0.6990134119987488
tele_neck_fing18__01000100__s0020.wav,0.42314258217811584,0.6753457188606262,0.9934089779853821,0.38555651903152466,0.8376386165618896,0.3136802315711975,0.7568737268447876,0.49205392599105835
tele_bridge_pick11__01000100__s0030.wav,0.7098884582519531,0.6752172112464905,0.34429454803466797,0.35406360030174255,0.029640765860676765,0.6367908120155334,0.21345427632331848,0.1547144502401352
les_bridge_fing12__01000100__s0024.wav,0.9654674530029297,0.6820300221443176,0.28827667236328125,0.5787144899368286,0.7478338479995728,0.7466480731964111,0.5301700830459595,0.558602511882782
les_neck_pick25__01000100__s0006.wav,0.8877127766609192,0.8019886612892151,0.3727344572544098,0.3439326584339142,0.3568780720233917,0.40911975502967834,0.24526813626289368,0.39824822545051575
tele_neck_fing14__01000100__s0014.wav,0.7713695764541626,0.49570369720458984,0.030894896015524864,0.3449079394340515,0.25833651423454285,0.19217264652252197,0.924720287322998,0.5851113200187683
strat_neck_pick06__01000100__s0013.wav,0.7081423997879028,0.509497880935669,0.3928777873516083,0.3813360631465912,0.6773133277893066,0.8225476741790771,0.08782430738210678,0.21889984607696533
les_bridge_fing15__01000100__s0044.wav,0.3035763204097748,0.2632480561733246,0.6752170324325562,0.6121706962585449,0.34958431124687195,0.358256459236145,0.637061595916748,0.5488526225090027
les_bridge_pick13__01000100__s0055.wav,0.9253612160682678,0.8255172967910767,0.4538939595222473,0.2713046371936798,0.02030218206346035,0.11511242389678955,0.4077027142047882,0.404535710811615
prs_bridge_pick12__01000100__s0042.wav,0.5192604660987854,0.551339328289032,0.6215883493423462,0.7377021908760071,0.09801127016544342,0.16251540184020996,0.15259742736816406,0.39387595653533936
les_bridge_fing01__01000100__s0034.wav,0.35668766498565674,0.3960980474948883,0.2578255534172058,0.44883573055267334,0.06956872344017029,0.16898185014724731,0.34483835101127625,0.24564792215824127
tele_bridge_pick11__01000100__s0011.wav,0.37868642807006836,0.24415501952171326,0.4645400643348694,0.3870915472507477,0.46675756573677063,0.5527328252792358,0.39933347702026367,0.27813857793807983
tele_bridge_fing11__01000100__s0046.wav,0.477022647857666,0.5735189318656921,0.568947970867157,0.6907835006713867,0.02682921476662159,0.1314685195684433,0.4052950441837311,0.672354519367218
tele_neck_pick20__01000100__s0010.wav,0.5863646268844604,0.60052490234375,0.9674983620643616,0.7894585132598877,0.06908610463142395,0.20485304296016693,0.19902056455612183,0.20903758704662323
strat_neck_fing08__01000100__s0024.wav,0.7865142822265625,0.7743943929672241,0.6633694171905518,0.4110049605369568,0.668965756893158,0.6977355480194092,0.0930861234664917,0.18325944244861603
tele_neck_fing14__01000100__s0024.wav,0.754116415977478,0.8274487257003784,0.9893767833709717,0.7430952787399292,0.8538751006126404,0.7611374258995056,0.014875829219818115,0.0937333032488823
les_neck_fing08__01000100__s0015.wav,0.7820962071418762,0.8434250950813293,0.8526707887649536,0.963878870010376,0.32269710302352905,0.487416535615921,0.2595393657684326,0.3416299819946289
les_neck_fing21__01000100__s0001.wav,0.5617789626121521,0.6361761093139648,0.2650403678417206,0.4593474268913269,0.4401375949382782,0.4797486364841461,0.966304361820221,0.9319493174552917
les_bridge_pick19__01000100__s0017.wav,0.15482471883296967,0.20418617129325867,0.6087779402732849,0.5492097735404968,0.01650707796216011,0.492881178855896,0.07332633435726166,0.1006956547498703
tele_bridge_pick04__01000100__s0046.wav,0.41580507159233093,0.41845718026161194,0.9232462048530579,0.7373241186141968,0.2712048590183258,0.8096188902854919,0.01777280494570732,0.4206092953681946
les_bridge_pick16__01000100__s0015.wav,0.703722357749939,0.43782639503479004,0.19009064137935638,0.34920284152030945,0.7615355253219604,0.8046276569366455,0.5962179899215698,0.5804094076156616
les_neck_pick08__01000100__s0053.wav,0.43310219049453735,0.428273469209671,0.5311200022697449,0.5670563578605652,0.15261586010456085,0.18243974447250366,0.9556028842926025,0.94269198179245
les_bridge_pick20__01000100__s0037.wav,0.5238987803459167,0.516429603099823,0.5878199934959412,0.7454239726066589,0.4335956275463104,0.47405412793159485,0.222421795129776,0.5529884696006775
strat_bridge_fing19__01000100__s0053.wav,0.5897895097732544,0.7331877946853638,0.8495040535926819,0.28803882002830505,0.3590680658817291,0.4600774645805359,0.7157222032546997,0.8735536336898804
strat_bridge_pick24__01000100__s0037.wav,0.5213813185691833,0.5925294160842896,0.3627327084541321,0.681416928768158,0.12757928669452667,0.5293543338775635,0.621650218963623,0.376342236995697
strat_bridge_pick08__01000100__s0006.wav,0.6970195770263672,0.8150771856307983,0.8697531819343567,0.6353838443756104,0.9146378040313721,0.8559497594833374,0.21906396746635437,0.116266168653965
strat_bridge_fing17__01000100__s0005.wav,0.35921213030815125,0.2578497529029846,0.07380116730928421,0.5749719142913818,0.06523521989583969,0.16154520213603973,0.4805886149406433,0.2928740382194519
les_neck_pick25__01000100__s0020.wav,0.753963828086853,0.787388801574707,0.7808396816253662,0.345280259847641,0.8738744854927063,0.8523238301277161,0.691174328327179,0.7848246693611145
les_bridge_fing25__01000100__s0039.wav,0.5072005391120911,0.7955986261367798,0.6508527398109436,0.6476117968559265,0.2296946793794632,0.13787952065467834,0.8620511889457703,0.9588308930397034
prs_bridge_pick18__01000100__s0046.wav,0.48707494139671326,0.3657260835170746,0.5276065468788147,0.6757883429527283,0.9290872812271118,0.9227609038352966,0.39008671045303345,0.22772659361362457
tele_neck_fing14__01000100__s0040.wav,0.5462999939918518,0.49709320068359375,0.5344557762145996,0.5198469758033752,0.9711321592330933,0.5511711835861206,0.33891183137893677,0.11583638936281204
strat_neck_pick08__01000100__s0047.wav,0.535283625125885,0.32244980335235596,0.18661631643772125,0.5665070414543152,0.7049033045768738,0.8362458944320679,0.5845110416412354,0.714596152305603
prs_bridge_pick11__01000100__s0028.wav,0.7192211747169495,0.8841756582260132,0.380426824092865,0.5209255218505859,0.8030266165733337,0.8291745781898499,0.23839691281318665,0.26915183663368225
prs_bridge_pick01__01000100__s0030.wav,0.07624385505914688,0.09930440038442612,0.7001468539237976,0.368080198764801,0.07426256686449051,0.14831864833831787,0.878770112991333,0.5125885605812073
les_neck_fing04__01000100__s0032.wav,0.07505279779434204,0.19631953537464142,0.46141740679740906,0.2581642270088196,0.8870075345039368,0.7958230972290039,0.4599083662033081,0.5870161652565002
tele_neck_pick20__01000100__s0031.wav,0.7573345899581909,0.7066884636878967,0.8446215987205505,0.7965191602706909,0.22180818021297455,0.7411580681800842,0.5554956197738647,0.4362253248691559
prs_neck_fing12__01000100__s0027.wav,0.22412888705730438,0.21387404203414917,0.532105565071106,0.20843687653541565,0.35564473271369934,0.2811734974384308,0.46291592717170715,0.17195793986320496
strat_neck_fing12__01000100__s0031.wav,0.5194032192230225,0.6457028985023499,0.4132891297340393,0.33792659640312195,0.7253069281578064,0.8586565256118774,0.08237524330615997,0.15451540052890778
les_bridge_pick01__01000100__s0048.wav,0.8900609612464905,0.7747842669487,0.011044482700526714,0.2454831302165985,0.2461429089307785,0.2747109532356262,0.18591530621051788,0.3394552767276764
les_neck_pick25__01000100__s0023.wav,0.21785476803779602,0.5645926594734192,0.8835983276367188,0.3455650508403778,0.6105329990386963,0.5908558368682861,0.8662456274032593,0.8775504231452942
les_bridge_fing20__01000100__s0028.wav,0.8963891267776489,0.7194951176643372,0.7465582489967346,0.7761278748512268,0.1324279010295868,0.18186746537685394,0.7993550896644592,0.6099575161933899
les_neck_pick17__01000100__s0020.wav,0.5952142477035522,0.6879781484603882,0.4920502007007599,0.35985398292541504,0.5330888628959656,0.22140084207057953,0.30498504638671875,0.6251978874206543
strat_neck_fing14__01000100__s0048.wav,0.6592383980751038,0.7060142159461975,0.7570838928222656,0.5397300124168396,0.1877533346414566,0.18477918207645416,0.508077085018158,0.5193265080451965
prs_neck_fing10__01000100__s0048.wav,0.32948750257492065,0.2525046169757843,0.6003520488739014,0.26296794414520264,0.3116580843925476,0.2406667321920395,0.26037275791168213,0.5336664319038391
les_neck_pick23__01000100__s0021.wav,0.03675235062837601,0.10093386471271515,0.8946427702903748,0.4577438235282898,0.4201279878616333,0.4510117769241333,0.7510971426963806,0.3234168589115143
strat_neck_fing21__01000100__s0030.wav,0.5969627499580383,0.5545536279678345,0.06158718466758728,0.3724682331085205,0.08465129137039185,0.09190095216035843,0.9077162146568298,0.8309077024459839
tele_neck_pick12__01000100__s0031.wav,0.8760592937469482,0.8947343826293945,0.49109387397766113,0.36675745248794556,0.6152181029319763,0.5651537775993347,0.6780562400817871,0.5524853467941284
prs_bridge_pick06__01000100__s0036.wav,0.5441054701805115,0.5765466690063477,0.3793489634990692,0.544931948184967,0.011902958154678345,0.2063276320695877,0.4020993411540985,0.5181559324264526
prs_neck_fing24__01000100__s0023.wav,0.7480983734130859,0.6713979840278625,0.30330950021743774,0.3062151074409485,0.4167684316635132,0.40858709812164307,0.7458986043930054,0.6915144324302673
les_bridge_fing11__01000100__s0003.wav,0.1419108361005783,0.3455212116241455,0.9704601764678955,0.2667328119277954,0.879723846912384,0.878430187702179,0.8624980449676514,0.9134142994880676
tele_neck_pick20__01000100__s0015.wav,0.5808084607124329,0.5396451354026794,0.5627715587615967,0.6050979495048523,0.6004118919372559,0.5347000360488892,0.4065871834754944,0.4894959628582001
strat_neck_pick15__01000100__s0022.wav,0.20085979998111725,0.1768680363893509,0.21482084691524506,0.45044538378715515,0.8345274925231934,0.7189846038818359,0.5496479868888855,0.608394980430603
les_bridge_pick16__01000100__s0030.wav,0.31719720363616943,0.5824860334396362,0.2582983672618866,0.388846755027771,0.03262706845998764,0.37820273637771606,0.5061449408531189,0.35814163088798523
les_neck_fing22__01000100__s0017.wav,0.7043629288673401,0.546255886554718,0.3189508020877838,0.8236847519874573,0.8376708030700684,0.8637353181838989,0.83696049451828,0.715593159198761
les_bridge_pick13__01000100__s0013.wav,0.9594741463661194,0.42846813797950745,0.21012690663337708,0.5514532327651978,0.050997525453567505,0.11982731521129608,0.6161240935325623,0.5039490461349487
strat_bridge_pick17__01000100__s0033.wav,0.8603516817092896,0.9192918539047241,0.9843122959136963,0.8614915609359741,0.9209144115447998,0.9385149478912354,0.9330655336380005,0.8320929408073425
prs_bridge_pick06__01000100__s0013.wav,0.4430207908153534,0.4493967294692993,0.8465939164161682,0.6781542301177979,0.34831956028938293,0.44798049330711365,0.8922488689422607,0.8285346031188965
tele_neck_pick15__01000100__s0049.wav,0.37941160798072815,0.5208932757377625,0.39224863052368164,0.3623606264591217,0.32791125774383545,0.3872840404510498,0.6993017196655273,0.8805179595947266
prs_bridge_fing25__01000100__s0012.wav,0.9436389207839966,0.8075188994407654,0.25311052799224854,0.5418528914451599,0.01754329353570938,0.043358948081731796,0.922609806060791,0.8266687393188477
tele_neck_fing25__01000100__s0040.wav,0.616988480091095,0.5845135450363159,0.12265878915786743,0.42515355348587036,0.6183426380157471,0.5122768878936768,0.022342247888445854,0.7455508708953857
les_bridge_fing25__01000100__s0054.wav,0.10527199506759644,0.33814406394958496,0.00252139731310308,0.5876455307006836,0.4450068175792694,0.46428239345550537,0.6399557590484619,0.7553181052207947
prs_neck_fing08__01000100__s0035.wav,0.0676392987370491,0.10046103596687317,0.17498290538787842,0.3859631419181824,0.9538995027542114,0.6828199028968811,0.8949406147003174,0.6363032460212708
les_bridge_fing04__01000100__s0049.wav,0.03957486152648926,0.30098819732666016,0.2421574890613556,0.24361161887645721,0.7472630143165588,0.7540444135665894,0.13091979920864105,0.11898251622915268
les_neck_pick14__01000100__s0045.wav,0.8301165699958801,0.6889592409133911,0.12300600111484528,0.6341665983200073,0.45287641882896423,0.2685301899909973,0.24868819117546082,0.519179105758667
les_neck_pick03__01000100__s0026.wav,0.6932602524757385,0.6161504983901978,0.20021045207977295,0.533250629901886,0.6745272278785706,0.7120815515518188,0.4060463309288025,0.6070355772972107
strat_bridge_fing03__01000100__s0043.wav,0.161430224776268,0.14890921115875244,0.06759913265705109,0.21205304563045502,0.33454883098602295,0.595281183719635,0.8346224427223206,0.6056650876998901
strat_neck_fing12__01000100__s0011.wav,0.0660991296172142,0.3251041769981384,0.5717111229896545,0.45367103815078735,0.617972731590271,0.6366745233535767,0.377432256937027,0.44039076566696167
prs_neck_fing06__01000100__s0014.wav,0.9533042907714844,0.828554630279541,0.6712894439697266,0.8420585989952087,0.5848001837730408,0.36872100830078125,0.736083447933197,0.5070366859436035
prs_bridge_pick24__01000100__s0018.wav,0.49543774127960205,0.6511597037315369,0.4589094817638397,0.2695087194442749,0.4017886817455292,0.48444828391075134,0.4014451503753662,0.5132526755332947
tele_neck_fing01__01000100__s0019.wav,0.6096999049186707,0.7575082182884216,0.8870968222618103,0.7186938524246216,0.22041954100131989,0.1488640457391739,0.47553151845932007,0.5381079316139221
les_neck_fing04__01000100__s0046.wav,0.016845406964421272,0.32931146025657654,0.8484996557235718,0.49223437905311584,0.2796924114227295,0.2873257100582123,0.14400649070739746,0.39193814992904663
strat_bridge_pick16__01000100__s0007.wav,0.9049068093299866,0.811322808265686,0.30459854006767273,0.39695557951927185,0.8935286402702332,0.7635390758514404,0.7040334343910217,0.5774933099746704
strat_neck_pick13__01000100__s0029.wav,0.3349170386791229,0.4841528832912445,0.9964483380317688,0.5222598910331726,0.0404023639857769,0.15055610239505768,0.5248401165008545,0.5792744755744934
prs_bridge_pick21__01000100__s0006.wav,0.41909584403038025,0.5014804005622864,0.7959761619567871,0.7157862186431885,0.4281482398509979,0.37756991386413574,0.8011590838432312,0.7791740298271179
tele_bridge_pick09__01000100__s0016.wav,0.6938871145248413,0.8192673921585083,0.9533584713935852,0.7478278875350952,0.7989979386329651,0.855866014957428,0.7441946864128113,0.801620364189148
strat_neck_fing25__01000100__s0006.wav,0.48690953850746155,0.8547801375389099,0.9551578760147095,0.3769480884075165,0.3665646016597748,0.369602233171463,0.08463381975889206,0.2899295389652252
prs_bridge_fing07__01000100__s0039.wav,0.07680632919073105,0.26343753933906555,0.44841665029525757,0.2255561649799347,0.5663031339645386,0.6352540850639343,0.18814411759376526,0.11376279592514038
prs_neck_pick17__01000100__s0030.wav,0.9202644228935242,0.9129016995429993,0.9236540794372559,0.8177706003189087,0.6033743619918823,0.761850118637085,0.356650173664093,0.3145126402378082
les_bridge_pick09__01000100__s0053.wav,0.7407646775245667,0.7862976789474487,0.9602206349372864,0.8245701789855957,0.37343457341194153,0.4233952462673187,0.9319202303886414,0.8604218363761902
prs_bridge_fing12__01000100__s0018.wav,0.6667205691337585,0.5077850818634033,0.11079070717096329,0.4897878170013428,0.5945338010787964,0.6841835379600525,0.9882262945175171,0.9673030972480774
prs_neck_fing06__01000100__s0020.wav,0.6977168321609497,0.6747006177902222,0.001532069523818791,0.2119455486536026,0.8973473310470581,0.6551842093467712,0.161729633808136,0.30674970149993896
strat_bridge_fing21__01000100__s0011.wav,0.07957038283348083,0.17522600293159485,0.24141399562358856,0.4630013406276703,0.4118086099624634,0.44704747200012207,0.7518844604492188,0.6315797567367554
strat_bridge_pick19__01000100__s0024.wav,0.23843644559383392,0.2704126238822937,0.13793113827705383,0.2760634422302246,0.8465007543563843,0.5174369812011719,0.09022130072116852,0.07345332950353622
strat_bridge_pick11__01000100__s0007.wav,0.28856077790260315,0.5852882862091064,0.9666569232940674,0.2822880744934082,0.7613564729690552,0.7349984049797058,0.2120707780122757,0.3375251889228821
les_neck_pick13__01000100__s0005.wav,0.2420012652873993,0.5824870467185974,0.8316529393196106,0.4546407461166382,0.030121074989438057,0.06975872814655304,0.8893572688102722,0.7998287677764893
les_neck_pick09__01000100__s0005.wav,0.2048465460538864,0.3977002203464508,0.5867164731025696,0.46121853590011597,0.8713421821594238,0.4875216782093048,0.10296699404716492,0.062491752207279205
prs_bridge_pick08__01000100__s0025.wav,0.7786985635757446,0.6701928377151489,0.5820654630661011,0.6225607991218567,0.4292321801185608,0.4805677533149719,0.3723127841949463,0.5570738911628723
prs_bridge_pick20__01000100__s0045.wav,0.9232475757598877,0.8472785949707031,0.13835063576698303,0.36417824029922485,0.024324968457221985,0.21220551431179047,0.3517730236053467,0.4599161744117737
les_neck_fing02__01000100__s0002.wav,0.7466012239456177,0.8421037197113037,0.7333717346191406,0.6946125626564026,0.4086437523365021,0.5003059506416321,0.6262452006340027,0.5247714519500732
prs_neck_fing12__01000100__s0031.wav,0.47164109349250793,0.5236818194389343,0.5806977152824402,0.712885856628418,0.6763134598731995,0.42136284708976746,0.861673891544342,0.6321682929992676
tele_bridge_pick22__01000100__s0028.wav,0.710162878036499,0.6509783864021301,0.08164659142494202,0.181849405169487,0.9139875173568726,0.6329425573348999,0.19828017055988312,0.16124053299427032
les_neck_fing12__01000100__s0054.wav,0.024003727361559868,0.31687432527542114,0.7956268191337585,0.2332836091518402,0.023455193266272545,0.07185738533735275,0.4865797162055969,0.5183847546577454
strat_neck_fing19__01000100__s0038.wav,0.7839446067810059,0.6384679675102234,0.3565356731414795,0.30850961804389954,0.2913069427013397,0.16351936757564545,0.07870059460401535,0.043320413678884506
les_neck_fing02__01000100__s0029.wav,0.18782232701778412,0.10116496682167053,0.5982494950294495,0.37358301877975464,0.48883289098739624,0.4813973605632782,0.586552083492279,0.5105295777320862
prs_bridge_pick06__01000100__s0026.wav,0.8784326314926147,0.6504191160202026,0.762730598449707,0.8846996426582336,0.4778367578983307,0.4797151982784271,0.5470583438873291,0.5181655883789062
tele_neck_pick09__01000100__s0005.wav,0.8264268636703491,0.6267717480659485,0.3789993226528168,0.5122687816619873,0.7480030655860901,0.6789079308509827,0.5914995670318604,0.5754774808883667
tele_bridge_pick16__01000100__s0026.wav,0.2216556966304779,0.23284411430358887,0.29806196689605713,0.38251832127571106,0.284839004278183,0.47843873500823975,0.20166009664535522,0.37777334451675415
prs_bridge_pick21__01000100__s0019.wav,0.43994876742362976,0.2470356673002243,0.04334031045436859,0.3032192289829254,0.6882025599479675,0.7945665717124939,0.9999550580978394,0.9794434309005737
prs_bridge_pick23__01000100__s0030.wav,0.6646034121513367,0.7218031883239746,0.565167248249054,0.4910091459751129,0.995821475982666,0.7862948775291443,0.5193228721618652,0.399250328540802
tele_bridge_pick01__01000100__s0035.wav,0.2977440059185028,0.5017738342285156,0.9348009824752808,0.7214735150337219,0.9481217265129089,0.7386314868927002,0.7340596318244934,0.5374358892440796
les_bridge_pick13__01000100__s0018.wav,0.9405902028083801,0.4664136469364166,0.33546116948127747,0.6286996006965637,0.4650913178920746,0.6380441784858704,0.777965247631073,0.49622204899787903
prs_neck_fing02__01000100__s0048.wav,0.8863215446472168,0.7036008238792419,0.09469764679670334,0.49795228242874146,0.6394473910331726,0.5201241970062256,0.6281560659408569,0.5470886826515198
tele_bridge_pick16__01000100__s0042.wav,0.21812789142131805,0.24042844772338867,0.9827538132667542,0.5303909182548523,0.9693925380706787,0.9323105812072754,0.7741132378578186,0.6564418077468872
les_bridge_fing11__01000100__s0025.wav,0.3333337903022766,0.5380619168281555,0.7693526148796082,0.5807998180389404,0.18303777277469635,0.21353495121002197,0.6346461176872253,0.3873637318611145
prs_neck_fing09__01000100__s0013.wav,0.47144460678100586,0.5815867781639099,0.5620019435882568,0.4935454726219177,0.659384548664093,0.5656316876411438,0.9190641641616821,0.7319051623344421
strat_neck_fing21__01000100__s0011.wav,0.9336802363395691,0.7665975093841553,0.37402623891830444,0.39293959736824036,0.13271845877170563,0.4671661853790283,0.5848549604415894,0.8104596138000488
les_bridge_pick15__01000100__s0038.wav,0.929352879524231,0.7559170722961426,0.5001062154769897,0.683974027633667,0.861883282661438,0.530098021030426,0.4741721451282501,0.2954806983470917
les_neck_fing19__01000100__s0005.wav,0.10269215703010559,0.0724153220653534,0.16745436191558838,0.3704214096069336,0.8264865875244141,0.8032698035240173,0.7444111108779907,0.666930615901947
strat_bridge_pick23__01000100__s0043.wav,0.39114028215408325,0.593833863735199,0.979080080986023,0.47403478622436523,0.4575835168361664,0.4734387993812561,0.3123548924922943,0.25615882873535156
les_neck_fing22__01000100__s0027.wav,0.3848673403263092,0.770172655582428,0.9789990186691284,0.5513752698898315,0.7287359833717346,0.5502647161483765,0.1358788013458252,0.4229583740234375
les_neck_fing21__01000100__s0038.wav,0.8399883508682251,0.46437516808509827,0.06415839493274689,0.3248354196548462,0.03659699112176895,0.09381917119026184,0.9672366380691528,0.8903538584709167
prs_bridge_fing12__01000100__s0027.wav,0.5990620255470276,0.7192943692207336,0.9512722492218018,0.804777979850769,0.9182818531990051,0.87137371301651,0.6626306772232056,0.4903649389743805
les_neck_pick20__01000100__s0018.wav,0.6672513484954834,0.558742105960846,0.0016541312215849757,0.42627274990081787,0.4175456166267395,0.5620840191841125,0.42927709221839905,0.3050728142261505
tele_neck_fing19__01000100__s0036.wav,0.6119542717933655,0.7712861895561218,0.5085679888725281,0.6339429616928101,0.8268438577651978,0.849073588848114,0.9666120409965515,0.9611324071884155
les_bridge_pick11__01000100__s0002.wav,0.9517983198165894,0.8579418063163757,0.42003199458122253,0.5117493867874146,0.8649184703826904,0.730686604976654,0.1447584480047226,0.15250203013420105
strat_bridge_fing03__01000100__s0021.wav,0.7425149083137512,0.9140490889549255,0.9227378368377686,0.700602114200592,0.03968513384461403,0.32529062032699585,0.21770814061164856,0.6930149793624878
les_bridge_pick19__01000100__s0000.wav,0.8375710248947144,0.9106569290161133,0.8075618147850037,0.8136773109436035,0.95920729637146,0.9446315765380859,0.41807737946510315,0.5560228824615479
prs_bridge_pick05__01000100__s0054.wav,0.9619669318199158,0.6367987394332886,0.3592013418674469,0.39165985584259033,0.8410382270812988,0.8494452834129333,0.9121288061141968,0.8012303709983826
tele_bridge_pick18__01000100__s0015.wav,0.953822910785675,0.632758378982544,0.0778638944029808,0.5188743472099304,0.4876551032066345,0.7360570430755615,0.4130638539791107,0.47503602504730225
tele_neck_fing17__01000100__s0005.wav,0.539361834526062,0.6310753226280212,0.2926075756549835,0.25881269574165344,0.3700079917907715,0.4430330693721771,0.6666018962860107,0.6891236901283264
les_bridge_pick02__01000100__s0018.wav,0.0004183462879154831,0.09689608961343765,0.6062611937522888,0.4472981095314026,0.5912848114967346,0.5876323580741882,0.1260140836238861,0.08332047611474991
prs_bridge_fing03__01000100__s0024.wav,0.6545056700706482,0.8291731476783752,0.3420652449131012,0.4168180227279663,0.3171521723270416,0.38672035932540894,0.20665399730205536,0.3905344307422638
les_bridge_pick15__01000100__s0011.wav,0.7262962460517883,0.696614146232605,0.10539667308330536,0.28117701411247253,0.5413344502449036,0.6179108023643494,0.03498977795243263,0.11673679202795029
tele_bridge_pick05__01000100__s0031.wav,0.9165635108947754,0.7840035557746887,0.38998281955718994,0.7322826385498047,0.9734514951705933,0.7725304365158081,0.7387098073959351,0.49528053402900696
tele_neck_pick14__01000100__s0041.wav,0.4990779161453247,0.6096399426460266,0.8273501992225647,0.39936232566833496,0.9475648999214172,0.5664098262786865,0.025459343567490578,0.13634556531906128
prs_neck_fing13__01000100__s0047.wav,0.8080252408981323,0.7318484783172607,0.46103179454803467,0.8504272103309631,0.24742835760116577,0.2223488837480545,0.23484335839748383,0.35759633779525757
tele_bridge_pick10__01000100__s0038.wav,0.6569146513938904,0.6387891173362732,0.13130584359169006,0.3129481077194214,0.9551286101341248,0.872952938079834,0.032273199409246445,0.0967492014169693
prs_bridge_pick25__01000100__s0007.wav,0.39932551980018616,0.7213538885116577,0.41513609886169434,0.31156405806541443,0.7698702216148376,0.789705216884613,0.8290218114852905,0.8578126430511475
les_neck_fing23__01000100__s0026.wav,0.07569021731615067,0.13446174561977386,0.10369622707366943,0.2615372836589813,0.3363074064254761,0.3917299211025238,0.8748598694801331,0.8098568916320801
strat_neck_pick09__01000100__s0005.wav,0.5420121550559998,0.49669256806373596,0.32480016350746155,0.2874121069908142,0.1922311931848526,0.3106752336025238,0.9607506394386292,0.8946378231048584
tele_neck_fing24__01000100__s0041.wav,0.5450862646102905,0.4128134846687317,0.30303120613098145,0.5386188626289368,0.8772227168083191,0.9184451699256897,0.7637909650802612,0.7513324022293091
les_neck_fing13__01000100__s0035.wav,0.2875848114490509,0.612714409828186,0.6680191159248352,0.5460310578346252,0.8427786231040955,0.7956625819206238,0.7164175510406494,0.30102115869522095
strat_bridge_fing21__01000100__s0015.wav,0.6289421916007996,0.6996296048164368,0.1861925721168518,0.594738781452179,0.6896098256111145,0.44842037558555603,0.7329757213592529,0.5050407648086548
prs_neck_fing11__01000100__s0048.wav,0.07513762265443802,0.1310647428035736,0.41786783933639526,0.35807326436042786,0.8169788718223572,0.8503820896148682,0.5552379488945007,0.7719700336456299
strat_bridge_pick25__01000100__s0010.wav,0.9979074001312256,0.777024507522583,0.1502387374639511,0.10909711569547653,0.4965232014656067,0.6339362263679504,0.38315343856811523,0.23662948608398438
prs_bridge_pick11__01000100__s0032.wav,0.9845206141471863,0.8070449829101562,0.4788711965084076,0.6944923996925354,0.1338421255350113,0.08976935595273972,0.8550171256065369,0.8456240892410278
prs_bridge_pick14__01000100__s0005.wav,0.28626444935798645,0.2287173569202423,0.5479457974433899,0.377444863319397,0.7079293727874756,0.5681763291358948,0.07854000478982925,0.25523558259010315
tele_bridge_pick17__01000100__s0015.wav,0.8167105913162231,0.5718734860420227,0.26695215702056885,0.3914265036582947,0.48212704062461853,0.4930659532546997,0.33787572383880615,0.39214563369750977
strat_neck_fing03__01000100__s0035.wav,0.6765407919883728,0.8025794625282288,0.4849205017089844,0.5912465453147888,0.4024834930896759,0.3653155565261841,0.598798394203186,0.6703016757965088
tele_bridge_fing15__01000100__s0025.wav,0.19392912089824677,0.3133402168750763,0.18250106275081635,0.5402562022209167,0.204629048705101,0.3747977018356323,0.70168137550354,0.5632286667823792
prs_bridge_fing14__01000100__s0032.wav,0.09577545523643494,0.42491090297698975,0.4603979289531708,0.13254882395267487,0.978927731513977,0.5472040176391602,0.17156082391738892,0.36030930280685425
tele_neck_fing25__01000100__s0027.wav,0.3600252866744995,0.5776463150978088,0.9097545742988586,0.7695372104644775,0.870322585105896,0.858103334903717,0.7986011505126953,0.8207429051399231
les_neck_pick08__01000100__s0037.wav,0.8419354557991028,0.8862464427947998,0.8533307909965515,0.681579053401947,0.33453723788261414,0.4221831262111664,0.8141622543334961,0.8801100850105286
les_bridge_pick19__01000100__s0042.wav,0.07845548540353775,0.2756458520889282,0.458486944437027,0.3138557970523834,0.17895284295082092,0.2677115797996521,0.515765368938446,0.4897998869419098
prs_neck_pick05__01000100__s0015.wav,0.40609994530677795,0.5522386431694031,0.16076555848121643,0.12702800333499908,0.14811623096466064,0.351687490940094,0.4002557098865509,0.4383239150047302
strat_neck_pick08__01000100__s0050.wav,0.918254554271698,0.8505847454071045,0.3451615869998932,0.5352309942245483,0.8946865200996399,0.2930052876472473,0.07164407521486282,0.33665117621421814
tele_neck_fing01__01000100__s0004.wav,0.3737580180168152,0.6138501167297363,0.8146743774414062,0.4725187420845032,0.43557116389274597,0.3931988477706909,0.2305305004119873,0.21352481842041016
strat_neck_fing14__01000100__s0043.wav,0.36934688687324524,0.3729587197303772,0.35799556970596313,0.8089519143104553,0.7999719381332397,0.4199209213256836,0.42581912875175476,0.37312930822372437
prs_bridge_fing18__01000100__s0038.wav,0.7487901449203491,0.7808775901794434,0.18483027815818787,0.26753687858581543,0.5224044919013977,0.48198202252388,0.8462902307510376,0.8184021711349487
les_neck_pick16__01000100__s0005.wav,0.29027000069618225,0.7080857753753662,0.832841694355011,0.7861382961273193,0.4851566553115845,0.5492013096809387,0.6283183097839355,0.570146918296814
prs_neck_fing18__01000100__s0054.wav,0.0906510278582573,0.19964134693145752,0.7130480408668518,0.21848168969154358,0.39292192459106445,0.6698456406593323,0.4278753399848938,0.21738916635513306
tele_bridge_fing06__01000100__s0025.wav,0.00975886918604374,0.18088337779045105,0.13958899676799774,0.3284437954425812,0.9022631049156189,0.8343961238861084,0.6093406081199646,0.4208298325538635
strat_neck_pick21__01000100__s0009.wav,0.8192187547683716,0.7418256402015686,0.4060051143169403,0.6309956312179565,0.05657249316573143,0.06019320711493492,0.3665599226951599,0.5028847455978394
tele_bridge_pick20__01000100__s0034.wav,0.26554664969444275,0.19378921389579773,0.09050032496452332,0.4467483460903168,0.39534732699394226,0.6054258346557617,0.024049419909715652,0.062268033623695374
tele_neck_fing21__01000100__s0015.wav,0.2702817916870117,0.3388422429561615,0.470738023519516,0.26644015312194824,0.458390474319458,0.7682378888130188,0.5043995380401611,0.6633197665214539
strat_neck_fing05__01000100__s0026.wav,0.6745544672012329,0.7845960855484009,0.38868048787117004,0.4391925632953644,0.3381463885307312,0.2965727150440216,0.1261560469865799,0.20444799959659576
les_neck_fing06__01000100__s0033.wav,0.6417230367660522,0.5405184626579285,0.13159683346748352,0.4997241795063019,0.9281983971595764,0.6731556057929993,0.195721834897995,0.06295991688966751
les_bridge_fing16__01000100__s0026.wav,0.09935358166694641,0.11424176394939423,0.3141939640045166,0.4642355442047119,0.4441755414009094,0.5329256057739258,0.6130069494247437,0.5383213758468628
tele_neck_pick14__01000100__s0021.wav,0.7814779281616211,0.8486232757568359,0.4485241770744324,0.27303367853164673,0.5874101519584656,0.5697816610336304,0.35491999983787537,0.38539642095565796
prs_bridge_pick15__01000100__s0002.wav,0.16654358804225922,0.262135773897171,0.9950857758522034,0.16377022862434387,0.7886606454849243,0.2303556352853775,0.12283480167388916,0.43328171968460083
les_bridge_pick25__01000100__s0045.wav,0.25691133737564087,0.3139835596084595,0.2195352464914322,0.15745024383068085,0.1288440227508545,0.13513557612895966,0.5311118364334106,0.24228425323963165
tele_neck_fing09__01000100__s0009.wav,0.35443827509880066,0.35794129967689514,0.07439765334129333,0.15715397894382477,0.6378953456878662,0.6399304866790771,0.5035619735717773,0.44126880168914795
les_bridge_fing06__01000100__s0011.wav,0.478225976228714,0.6958128213882446,0.9830127358436584,0.6528124809265137,0.9725152254104614,0.8887039422988892,0.7293573021888733,0.5463644862174988
tele_neck_fing23__01000100__s0041.wav,0.23150809109210968,0.5634746551513672,0.4751441180706024,0.5344358086585999,0.4035611152648926,0.5858972072601318,0.194886714220047,0.36212700605392456
tele_bridge_pick09__01000100__s0009.wav,0.219670832157135,0.36361443996429443,0.018671056255698204,0.24765238165855408,0.005249776877462864,0.31175941228866577,0.1800536960363388,0.41320642828941345
les_neck_fing21__01000100__s0044.wav,0.02483578398823738,0.15306082367897034,0.05415663868188858,0.6083704233169556,0.47046273946762085,0.4527919888496399,0.5425872206687927,0.340839147567749
tele_bridge_fing02__01000100__s0033.wav,0.4378356337547302,0.5297554135322571,0.5127134919166565,0.4589461088180542,0.23670250177383423,0.373339980840683,0.857486367225647,0.7478649020195007
les_neck_fing11__01000100__s0036.wav,0.7328698039054871,0.7496154308319092,0.8431289196014404,0.9252128601074219,0.28907427191734314,0.14421682059764862,0.7493181228637695,0.6183870434761047
tele_bridge_pick02__01000100__s0004.wav,0.3441123366355896,0.19961845874786377,0.019769877195358276,0.1868610382080078,0.6380606293678284,0.4350004494190216,0.47283321619033813,0.5748118162155151
strat_bridge_fing25__01000100__s0015.wav,0.4584863483905792,0.5631975531578064,0.7628146409988403,0.8012892603874207,0.2765764892101288,0.27766987681388855,0.9357120990753174,0.9443725347518921
prs_bridge_fing20__01000100__s0035.wav,0.1879056990146637,0.2741948366165161,0.9942179918289185,0.5913267135620117,0.4163168966770172,0.47869613766670227,0.5742369294166565,0.6667577028274536
tele_neck_pick16__01000100__s0015.wav,0.0020016792695969343,0.30376386642456055,0.2847975492477417,0.2139619141817093,0.612545907497406,0.5448849201202393,0.15532274544239044,0.0887160375714302
tele_neck_pick05__01000100__s0014.wav,0.28311416506767273,0.28620344400405884,0.006837677676230669,0.11719685792922974,0.01930992864072323,0.11137300729751587,0.6712031364440918,0.8717170357704163
prs_bridge_fing11__01000100__s0028.wav,0.7392443418502808,0.7350021600723267,0.5552769899368286,0.162032350897789,0.7389103770256042,0.7929794788360596,0.8727579712867737,0.872830867767334
les_bridge_fing08__01000100__s0031.wav,0.908668577671051,0.7395629286766052,0.43794718384742737,0.7255184650421143,0.8592395186424255,0.8126015663146973,0.26186275482177734,0.4325167238712311
strat_neck_fing19__01000100__s0031.wav,0.20172254741191864,0.09421183168888092,0.02976657636463642,0.2024921029806137,0.7960438132286072,0.8304575681686401,0.4411637485027313,0.3137603998184204
strat_neck_pick10__01000100__s0010.wav,0.19493551552295685,0.41644200682640076,0.5977546572685242,0.4174838364124298,0.7798962593078613,0.8172646760940552,0.33596280217170715,0.42249977588653564
strat_bridge_fing25__01000100__s0049.wav,0.8412600159645081,0.8756036758422852,0.8201726675033569,0.6996960043907166,0.3865540623664856,0.35699886083602905,0.16732677817344666,0.08422182500362396
prs_bridge_fing11__01000100__s0001.wav,0.8593870997428894,0.7586832046508789,0.5594416856765747,0.5904707908630371,0.3955143094062805,0.4353266954421997,0.8264968991279602,0.6883241534233093
tele_bridge_pick15__01000100__s0048.wav,0.5852040648460388,0.8026070594787598,0.8441386818885803,0.644804060459137,0.4431324601173401,0.5143389701843262,0.01042440440505743,0.1611906886100769
les_neck_fing15__01000100__s0039.wav,0.855056881904602,0.688606858253479,0.4501439332962036,0.4593413770198822,0.7323426604270935,0.7701649069786072,0.19306369125843048,0.18363015353679657
prs_neck_pick06__01000100__s0024.wav,0.19106070697307587,0.29144740104675293,0.25408148765563965,0.2953086495399475,0.09907881170511246,0.18181797862052917,0.9991068840026855,0.9650636315345764
tele_neck_pick08__01000100__s0021.wav,0.512730598449707,0.5692619681358337,0.16022317111492157,0.2878587543964386,0.6999207139015198,0.6996615529060364,0.8582483530044556,0.7102010846138
tele_neck_fing20__01000100__s0039.wav,0.9153341054916382,0.9221479892730713,0.6086832880973816,0.6457200050354004,0.931338906288147,0.9370428323745728,0.9896225929260254,0.9942103028297424
tele_neck_pick04__01000100__s0003.wav,0.7188093662261963,0.8434760570526123,0.18623173236846924,0.16586138308048248,0.7482666969299316,0.8111667633056641,0.47395509481430054,0.48907193541526794
strat_bridge_pick15__01000100__s0043.wav,0.10604925453662872,0.1785353273153305,0.3640126585960388,0.6026526093482971,0.7028283476829529,0.7460816502571106,0.24485896527767181,0.23801791667938232
prs_neck_fing06__01000100__s0012.wav,0.4080508053302765,0.7241545915603638,0.916753351688385,0.6399253010749817,0.41822776198387146,0.2918185591697693,0.9573756456375122,0.9132596850395203
prs_bridge_fing08__01000100__s0023.wav,0.11713384836912155,0.3072524070739746,0.029237553477287292,0.3665062487125397,0.9146825075149536,0.8112733960151672,0.8828985095024109,0.8364363312721252
tele_bridge_pick01__01000100__s0001.wav,0.6375397443771362,0.6016612648963928,0.2702952027320862,0.5251446962356567,0.9460602402687073,0.8198474049568176,0.38772350549697876,0.41773074865341187
strat_neck_pick16__01000100__s0008.wav,0.45964789390563965,0.7825568318367004,0.9213343262672424,0.46288594603538513,0.011143684387207031,0.1110764741897583,0.6236851811408997,0.3864087462425232
les_neck_fing12__01000100__s0042.wav,0.7074456810951233,0.6620380282402039,0.030268212780356407,0.2824324369430542,0.915851354598999,0.654126763343811,0.18352313339710236,0.4070560932159424
strat_bridge_fing15__01000100__s0013.wav,0.5127133727073669,0.7046392560005188,0.33344942331314087,0.5098193883895874,0.10180216282606125,0.09164775907993317,0.22391341626644135,0.40069958567619324
prs_bridge_fing24__01000100__s0026.wav,0.3168160319328308,0.5051228404045105,0.5044392347335815,0.6181501746177673,0.8356074094772339,0.7860249876976013,0.5774394273757935,0.686884343624115
les_neck_fing18__01000100__s0000.wav,0.6096599698066711,0.5595892667770386,0.4855720102787018,0.6596763730049133,0.3619052469730377,0.5392693877220154,0.5193856358528137,0.4997638761997223
prs_bridge_fing06__01000100__s0036.wav,0.6014394760131836,0.6862890720367432,0.7261281609535217,0.6695920825004578,0.27515870332717896,0.3164554536342621,0.9046565890312195,0.8809919953346252
les_bridge_fing18__01000100__s0018.wav,0.8216084241867065,0.8083720207214355,0.3445907235145569,0.7388215661048889,0.414774090051651,0.1569860875606537,0.15550202131271362,0.29319629073143005
prs_neck_pick23__01000100__s0011.wav,0.5590808391571045,0.2678902745246887,0.11670441180467606,0.6440614461898804,0.2327459305524826,0.7851033806800842,0.0557120107114315,0.09523256868124008
strat_bridge_pick13__01000100__s0018.wav,0.9893548488616943,0.9239349961280823,0.8463565111160278,0.7503116726875305,0.5306151509284973,0.47469237446784973,0.9856956601142883,0.9755349159240723
strat_bridge_pick09__01000100__s0025.wav,0.14597856998443604,0.23909522593021393,0.7687775492668152,0.44491758942604065,0.785526692867279,0.7924792766571045,0.047943614423274994,0.19038927555084229
strat_neck_pick09__01000100__s0020.wav,0.8512710332870483,0.840792179107666,0.5652620792388916,0.48520347476005554,0.7762792706489563,0.8948502540588379,0.7351592779159546,0.6388646364212036
strat_bridge_fing22__01000100__s0006.wav,0.2690572440624237,0.32809144258499146,0.884781539440155,0.41061049699783325,0.7678889036178589,0.8699585199356079,0.314147025346756,0.2902185320854187
strat_bridge_pick15__01000100__s0028.wav,0.10816053301095963,0.2807086110115051,0.6594529747962952,0.2976910173892975,0.2274329960346222,0.20975035429000854,0.5532896518707275,0.7452946305274963
strat_bridge_pick05__01000100__s0032.wav,0.5827875137329102,0.40405070781707764,0.10111403465270996,0.2617693543434143,0.615293025970459,0.6355858445167542,0.7693861126899719,0.32243746519088745
prs_neck_pick19__01000100__s0032.wav,0.22088514268398285,0.2847859859466553,0.6650583744049072,0.5153664946556091,0.8947919011116028,0.5544179081916809,0.1866038739681244,0.5065599083900452
tele_bridge_fing05__01000100__s0012.wav,0.2055778205394745,0.1143406480550766,0.07565999031066895,0.19787992537021637,0.4396468698978424,0.5022376775741577,0.7484145164489746,0.7301822900772095
prs_neck_pick17__01000100__s0045.wav,0.8710513710975647,0.7501133680343628,0.22074611485004425,0.3357548713684082,0.8575010895729065,0.8998398780822754,0.36398014426231384,0.10768228769302368
les_neck_pick21__01000100__s0037.wav,0.44171011447906494,0.24698765575885773,0.023073211312294006,0.3265955150127411,0.9175037145614624,0.676028311252594,0.5342044234275818,0.5296001434326172
tele_neck_fing03__01000100__s0051.wav,0.6924945116043091,0.7512133121490479,0.5388079285621643,0.47019731998443604,0.7336257100105286,0.7826089262962341,0.7850391268730164,0.6081413626670837
tele_neck_pick09__01000100__s0029.wav,0.9557920098304749,0.5595403909683228,0.03282822296023369,0.5716208219528198,0.7251262068748474,0.706603467464447,0.186379075050354,0.2935696840286255
tele_neck_fing10__01000100__s0045.wav,0.7924858331680298,0.8679866194725037,0.9097944498062134,0.8041761517524719,0.7121039032936096,0.7728433012962341,0.9071727991104126,0.8984679579734802
tele_bridge_pick16__01000100__s0013.wav,0.712834358215332,0.8313534259796143,0.9078020453453064,0.8448702096939087,0.3817075192928314,0.6219508647918701,0.6615679860115051,0.8086971640586853
les_neck_fing10__01000100__s0049.wav,0.5046178698539734,0.5939882397651672,0.05980544909834862,0.2171710729598999,0.10155798494815826,0.2749241292476654,0.4330322742462158,0.35824793577194214
tele_bridge_pick15__01000100__s0027.wav,0.05855375900864601,0.24559026956558228,0.5470017194747925,0.16010908782482147,0.1393333226442337,0.24462391436100006,0.42066657543182373,0.6437948346138
les_bridge_fing19__01000100__s0044.wav,0.6942151784896851,0.6802798509597778,0.9960565567016602,0.8448401689529419,0.4883997440338135,0.49266448616981506,0.8664394021034241,0.8715847730636597
strat_bridge_pick06__01000100__s0005.wav,0.12855874001979828,0.20535831153392792,0.7002514004707336,0.25507277250289917,0.35185086727142334,0.647970974445343,0.12968096137046814,0.4977732300758362
les_neck_fing10__01000100__s0048.wav,0.5139210820198059,0.26866614818573,0.3533298671245575,0.3944525420665741,0.057660166174173355,0.4943643808364868,0.037281863391399384,0.14035192131996155
tele_bridge_fing08__01000100__s0029.wav,0.1531504988670349,0.1514379233121872,0.31992608308792114,0.26290491223335266,0.20326738059520721,0.3936285376548767,0.20657184720039368,0.27752962708473206
tele_neck_pick19__01000100__s0040.wav,0.316884309053421,0.366335928440094,0.17184153199195862,0.15170875191688538,0.29440003633499146,0.37639379501342773,0.8753246068954468,0.7008635997772217
strat_bridge_fing12__01000100__s0004.wav,0.8789222836494446,0.49382027983665466,0.013953257352113724,0.5357949733734131,0.9398601055145264,0.785407543182373,0.2111634463071823,0.32179996371269226
les_bridge_fing14__01000100__s0007.wav,0.4044015109539032,0.20671673119068146,0.30704444646835327,0.3981873393058777,0.954789936542511,0.8708831667900085,0.928407609462738,0.9362216591835022
prs_bridge_fing01__01000100__s0001.wav,0.1906728595495224,0.5179722905158997,0.9126903414726257,0.4448593556880951,0.5835696458816528,0.6107406616210938,0.15856212377548218,0.7041375041007996
prs_bridge_fing02__01000100__s0015.wav,0.20535270869731903,0.4898611605167389,0.8815151453018188,0.6797474026679993,0.03769474849104881,0.12885881960391998,0.6093475818634033,0.5742408037185669
strat_bridge_fing02__01000100__s0029.wav,0.24110446870326996,0.21754972636699677,0.42704594135284424,0.4243744909763336,0.2894582450389862,0.2120201587677002,0.948771595954895,0.55209881067276
tele_neck_fing04__01000100__s0017.wav,0.42765942215919495,0.5575469136238098,0.5703598856925964,0.5602130889892578,0.9497718811035156,0.6599647998809814,0.1867811232805252,0.15366686880588531
prs_neck_fing03__01000100__s0034.wav,0.8698174953460693,0.9078660607337952,0.7546466588973999,0.8564072847366333,0.6192983984947205,0.5033966898918152,0.7160892486572266,0.7366163730621338
strat_bridge_fing22__01000100__s0008.wav,0.7305025458335876,0.6214543581008911,0.6973496675491333,0.7177960872650146,0.3705921769142151,0.36841368675231934,0.5856202244758606,0.6682472825050354
prs_neck_pick06__01000100__s0009.wav,0.4278647005558014,0.415771484375,0.3195358216762543,0.6413833498954773,0.18892142176628113,0.12936140596866608,0.4126058518886566,0.537606418132782
les_neck_fing18__01000100__s0032.wav,0.6997396349906921,0.5699042677879333,0.5212637782096863,0.824465811252594,0.16697697341442108,0.23396827280521393,0.9465682506561279,0.9181718230247498
les_neck_fing11__01000100__s0002.wav,0.2773480713367462,0.15231356024742126,0.31353092193603516,0.3039183020591736,0.30076807737350464,0.3022611737251282,0.5605238080024719,0.5038154721260071
tele_neck_fing01__01000100__s0003.wav,0.8162271976470947,0.8337512612342834,0.6065425872802734,0.8771275877952576,0.4680946171283722,0.5168985724449158,0.6310160756111145,0.5592486262321472
tele_bridge_pick03__01000100__s0002.wav,0.390681654214859,0.47396349906921387,0.9853346347808838,0.7603674530982971,0.9526785612106323,0.3766307532787323,0.1388169229030609,0.06683485209941864
prs_bridge_pick17__01000100__s0002.wav,0.8321259617805481,0.8612470030784607,0.4835836887359619,0.6387236714363098,0.03280652314424515,0.1669325828552246,0.42418792843818665,0.6274994611740112
les_bridge_fing13__01000100__s0046.wav,0.050033088773489,0.24737124145030975,0.8137523531913757,0.25399693846702576,0.40935018658638,0.6484570503234863,0.08409447968006134,0.157347172498703
tele_neck_pick10__01000100__s0000.wav,0.659385085105896,0.7950145602226257,0.5567361116409302,0.3109453618526459,0.1602499932050705,0.2505744695663452,0.19791540503501892,0.15950405597686768
prs_neck_fing23__01000100__s0055.wav,0.6239444017410278,0.628693163394928,0.49977099895477295,0.5843948125839233,0.36972320079803467,0.39046812057495117,0.6867929100990295,0.5967804193496704
strat_bridge_pick11__01000100__s0009.wav,0.1600407063961029,0.24037666618824005,0.5325683355331421,0.3020535111427307,0.720660388469696,0.30701369047164917,0.9817571640014648,0.9520808458328247
strat_neck_fing25__01000100__s0052.wav,0.5728050470352173,0.8213949799537659,0.6735064387321472,0.30420631170272827,0.6299559473991394,0.5394141674041748,0.06261380016803741,0.16237811744213104
tele_bridge_pick11__01000100__s0025.wav,0.7443469166755676,0.5031396746635437,0.9139622449874878,0.5097067952156067,0.457001656293869,0.5789725184440613,0.18644845485687256,0.2539720833301544
tele_neck_fing18__01000100__s0052.wav,0.7151213884353638,0.5587315559387207,0.27736660838127136,0.4436407685279846,0.6580586433410645,0.6738511323928833,0.80552077293396,0.6153042912483215
tele_bridge_fing04__01000100__s0037.wav,0.6984992623329163,0.6087713837623596,0.49977797269821167,0.5781261324882507,0.22955743968486786,0.7242473363876343,0.032480910420417786,0.0695960521697998
les_bridge_pick18__01000100__s0036.wav,0.9426220059394836,0.9198983311653137,0.9723289012908936,0.9115749597549438,0.8342441320419312,0.8703528642654419,0.9359535574913025,0.8974782228469849
les_neck_fing13__01000100__s0031.wav,0.06708398461341858,0.5319341421127319,0.1673526167869568,0.4670642614364624,0.019373470917344093,0.07349004596471786,0.5842394828796387,0.38440415263175964
strat_bridge_fing05__01000100__s0004.wav,0.34776902198791504,0.22889100015163422,0.3104648292064667,0.6978986263275146,0.21233125030994415,0.6894928216934204,0.4314514100551605,0.4385126233100891
strat_neck_fing25__01000100__s0045.wav,0.012791908346116543,0.3450720012187958,0.024886421859264374,0.4010058641433716,0.8871356844902039,0.9382718205451965,0.9235650300979614,0.8002621531486511
strat_neck_fing03__01000100__s0053.wav,0.0867483839392662,0.24514895677566528,0.46461591124534607,0.3332807123661041,0.04365532472729683,0.1583591103553772,0.2514876127243042,0.2560182213783264
tele_bridge_pick15__01000100__s0020.wav,0.6871585249900818,0.568652331829071,0.2865721583366394,0.35736027359962463,0.21383340656757355,0.22732897102832794,0.7965691089630127,0.6959268450737
strat_neck_pick06__01000100__s0010.wav,0.269893616437912,0.31353047490119934,0.008436114527285099,0.22108618915081024,0.30125629901885986,0.3529060184955597,0.2680565416812897,0.16682742536067963
prs_bridge_fing13__01000100__s0053.wav,0.589800238609314,0.7492126822471619,0.6536394953727722,0.3217768371105194,0.10904525220394135,0.07619041949510574,0.8275482058525085,0.8126713633537292
tele_bridge_fing15__01000100__s0026.wav,0.07144257426261902,0.3402964770793915,0.023600179702043533,0.20956259965896606,0.32903072237968445,0.387075811624527,0.28633421659469604,0.4381829798221588
tele_neck_pick05__01000100__s0002.wav,0.5803207159042358,0.6164076924324036,0.5855737328529358,0.6794758439064026,0.1922474205493927,0.49947139620780945,0.18101060390472412,0.5100384950637817
prs_bridge_pick21__01000100__s0016.wav,0.48575788736343384,0.571209728717804,0.15905523300170898,0.2678331136703491,0.4795522391796112,0.34937822818756104,0.8664613962173462,0.5711972713470459
les_neck_pick11__01000100__s0019.wav,0.6748396754264832,0.6821746230125427,0.7340598702430725,0.3248209059238434,0.5472182631492615,0.5069689750671387,0.7219012975692749,0.6375511288642883
prs_neck_pick02__01000100__s0012.wav,0.5728932023048401,0.7395474314689636,0.5277886986732483,0.5273293852806091,0.5449219942092896,0.48893287777900696,0.6451412439346313,0.5490196347236633
les_bridge_fing07__01000100__s0033.wav,0.1424708217382431,0.1500004082918167,0.4059883654117584,0.4951309263706207,0.16074474155902863,0.12625496089458466,0.8584582805633545,0.8015739321708679
tele_bridge_fing20__01000100__s0016.wav,0.8379356265068054,0.5704832673072815,0.2661864161491394,0.6355096697807312,0.483103483915329,0.6291664838790894,0.3210933804512024,0.8407905101776123
strat_bridge_pick21__01000100__s0019.wav,0.37826284766197205,0.3500746488571167,0.23501984775066376,0.49503737688064575,0.4151444733142853,0.5024767518043518,0.8639200925827026,0.9136412739753723
strat_bridge_pick11__01000100__s0034.wav,0.7601919174194336,0.7121104598045349,0.23169821500778198,0.5172752141952515,0.3979165256023407,0.646034300327301,0.06855620443820953,0.15971365571022034
les_bridge_fing17__01000100__s0040.wav,0.027233412489295006,0.11248338967561722,0.5360322594642639,0.28535914421081543,0.5213173627853394,0.7992964386940002,0.4165817201137543,0.5411545038223267
tele_bridge_pick15__01000100__s0054.wav,0.5540038347244263,0.3299959599971771,0.2791837155818939,0.44031110405921936,0.9920214414596558,0.857128381729126,0.8821833729743958,0.8515163660049438
strat_neck_fing04__01000100__s0008.wav,0.6535744667053223,0.72786945104599,0.27831289172172546,0.230122908949852,0.5667277574539185,0.5552932024002075,0.5585399866104126,0.6678149700164795
tele_neck_pick25__01000100__s0044.wav,0.8861372470855713,0.7715848684310913,0.28266385197639465,0.4617728292942047,0.22971223294734955,0.29060572385787964,0.32091179490089417,0.13883641362190247
prs_neck_pick03__01000100__s0049.wav,0.950471043586731,0.8419721126556396,0.18547981977462769,0.4261292815208435,0.7195429801940918,0.7995914220809937,0.37804359197616577,0.5409308671951294
tele_neck_fing10__01000100__s0023.wav,0.15799866616725922,0.31337496638298035,0.2760574221611023,0.18686282634735107,0.10682469606399536,0.13984759151935577,0.6204255819320679,0.5173783898353577
prs_neck_fing05__01000100__s0049.wav,0.11150112748146057,0.20624834299087524,0.1175680086016655,0.350445955991745,0.3532043397426605,0.4254091680049896,0.8309504389762878,0.6373283863067627
tele_neck_pick24__01000100__s0053.wav,0.8366945385932922,0.8847340941429138,0.9732134342193604,0.7875464558601379,0.5992302298545837,0.44336193799972534,0.5048052668571472,0.39590269327163696
tele_neck_pick07__01000100__s0036.wav,0.8924382925033569,0.9064366817474365,0.7875167727470398,0.56099933385849,0.9812147617340088,0.7453064918518066,0.19316531717777252,0.2777504622936249
strat_neck_fing20__01000100__s0002.wav,0.09410644322633743,0.11213558167219162,0.4533415138721466,0.55781090259552,0.48421066999435425,0.747419536113739,0.4384021759033203,0.43204882740974426
strat_neck_pick19__01000100__s0052.wav,0.47245901823043823,0.4217723309993744,0.5651732683181763,0.72154301404953,0.7268656492233276,0.8150002360343933,0.5928509831428528,0.47605517506599426
strat_neck_fing12__01000100__s0020.wav,0.6099393963813782,0.6827141046524048,0.7701643705368042,0.6713197827339172,0.9103044271469116,0.7563199996948242,0.6255539655685425,0.2230190932750702
strat_neck_pick03__01000100__s0025.wav,0.23846954107284546,0.5649840235710144,0.8052422404289246,0.49425774812698364,0.04912726581096649,0.346489816904068,0.41716402769088745,0.631391704082489
strat_neck_fing08__01000100__s0013.wav,0.714217483997345,0.6730948686599731,0.4034425616264343,0.47294363379478455,0.665380597114563,0.3235388398170471,0.9892289042472839,0.8905190825462341
prs_bridge_pick02__01000100__s0037.wav,0.956263542175293,0.9124332070350647,0.8205097913742065,0.674541711807251,0.5819754600524902,0.7195625305175781,0.6709071397781372,0.7027729153633118
les_neck_pick02__01000100__s0037.wav,0.6167498230934143,0.5927683115005493,0.4803963005542755,0.5878094434738159,0.5183916091918945,0.7468376755714417,0.47922733426094055,0.6549004316329956
strat_neck_fing17__01000100__s0010.wav,0.08864670991897583,0.2422870546579361,0.0649900734424591,0.741341233253479,0.3823939859867096,0.24464216828346252,0.222013920545578,0.1921052634716034
tele_bridge_pick08__01000100__s0018.wav,0.29193592071533203,0.6143372058868408,0.8215610980987549,0.49225887656211853,0.5107740163803101,0.4870884418487549,0.6704171299934387,0.6990163922309875
prs_bridge_fing03__01000100__s0030.wav,0.2368573397397995,0.6527272462844849,0.6729165315628052,0.38334426283836365,0.4678625166416168,0.5811102986335754,0.4609110951423645,0.4916592836380005
strat_bridge_pick10__01000100__s0050.wav,0.9052973389625549,0.785544216632843,0.47489744424819946,0.6543781757354736,0.9689327478408813,0.8725423216819763,0.6930292844772339,0.6427435278892517
tele_bridge_fing14__01000100__s0033.wav,0.06038914993405342,0.26526007056236267,0.14364062249660492,0.5608015656471252,0.3254147469997406,0.35927027463912964,0.8594359755516052,0.8560075163841248
strat_neck_pick06__01000100__s0015.wav,0.5614461302757263,0.39586180448532104,0.4752120077610016,0.5836012363433838,0.20949947834014893,0.6448622345924377,0.0026601445861160755,0.09551212191581726
les_neck_fing09__01000100__s0006.wav,0.9809523820877075,0.7636003494262695,0.8454911708831787,0.7710387110710144,0.6396417021751404,0.5605989098548889,0.6745774149894714,0.3841445744037628
tele_neck_fing08__01000100__s0045.wav,0.5127632021903992,0.6002983450889587,0.4613543152809143,0.3161500096321106,0.7834758758544922,0.5174130797386169,0.024490540847182274,0.11950486898422241
les_neck_pick06__01000100__s0024.wav,0.38736671209335327,0.2099064737558365,0.15898431837558746,0.5401579141616821,0.27897024154663086,0.2098865509033203,0.23520472645759583,0.4041750729084015
prs_bridge_pick02__01000100__s0038.wav,0.3588108718395233,0.2709631323814392,0.07949373126029968,0.37959393858909607,0.6334601044654846,0.8059584498405457,0.7597880363464355,0.7732235789299011
tele_bridge_pick11__01000100__s0023.wav,0.6462907195091248,0.7635445594787598,0.39906367659568787,0.36354610323905945,0.47662875056266785,0.6470746994018555,0.9303680062294006,0.6453074812889099
prs_neck_fing20__01000100__s0028.wav,0.7796022891998291,0.9302445650100708,0.8117427825927734,0.7808090448379517,0.3569857180118561,0.5481481552124023,0.8857487440109253,0.7731260657310486
prs_neck_fing06__01000100__s0006.wav,0.6840554475784302,0.7811103463172913,0.5805350542068481,0.5625475645065308,0.2221461683511734,0.10298660397529602,0.6516611576080322,0.6973145604133606
prs_bridge_pick13__01000100__s0047.wav,0.7045208215713501,0.8498743772506714,0.9417557120323181,0.6959494352340698,0.4471290707588196,0.24554555118083954,0.4391117990016937,0.7925275564193726
tele_neck_pick11__01000100__s0024.wav,0.580348014831543,0.7376393675804138,0.5121803283691406,0.3684743642807007,0.37973740696907043,0.35426637530326843,0.7641253471374512,0.5879647135734558
strat_neck_fing13__01000100__s0001.wav,0.7645034790039062,0.7925809025764465,0.8528749346733093,0.7554013133049011,0.6239670515060425,0.872184693813324,0.8532589673995972,0.7753039598464966
prs_bridge_fing15__01000100__s0041.wav,0.32673439383506775,0.368317574262619,0.9057325124740601,0.2705574929714203,0.15094080567359924,0.17066943645477295,0.537328839302063,0.25363606214523315
strat_neck_fing05__01000100__s0017.wav,0.6536915898323059,0.537894070148468,0.4842488169670105,0.5332684516906738,0.9055190086364746,0.7869077920913696,0.9759165048599243,0.9002775549888611
tele_bridge_pick12__01000100__s0000.wav,0.5102484226226807,0.6197926998138428,0.7553606033325195,0.8088213205337524,0.692546010017395,0.7183823585510254,0.6773524880409241,0.6392455101013184
les_neck_fing16__01000100__s0028.wav,0.2945815622806549,0.4273356795310974,0.020357050001621246,0.2106461077928543,0.8268877863883972,0.8427242040634155,0.23946945369243622,0.30417031049728394
strat_neck_fing02__01000100__s0039.wav,0.2525591254234314,0.4422144293785095,0.49258410930633545,0.2874457836151123,0.3327658772468567,0.5091822147369385,0.4733104705810547,0.1802740842103958
tele_neck_pick16__01000100__s0002.wav,0.2493547946214676,0.24696595966815948,0.08351543545722961,0.19481341540813446,0.6750349998474121,0.5398038029670715,0.13500308990478516,0.32832813262939453
prs_neck_fing08__01000100__s0024.wav,0.7680647373199463,0.7275254130363464,0.6921494603157043,0.7343363761901855,0.5485032200813293,0.5614228248596191,0.3758156895637512,0.49233901500701904
prs_bridge_fing20__01000100__s0028.wav,0.8828714489936829,0.5269111394882202,0.316887229681015,0.5995509028434753,0.8596680760383606,0.8776689171791077,0.17138507962226868,0.23074054718017578
les_bridge_pick03__01000100__s0022.wav,0.19670894742012024,0.3935947120189667,0.5450543761253357,0.3310597836971283,0.24233075976371765,0.22616255283355713,0.4738272428512573,0.41722428798675537
les_neck_fing23__01000100__s0011.wav,0.09327657520771027,0.19985632598400116,0.736045777797699,0.323135644197464,0.18525071442127228,0.49928992986679077,0.3172464966773987,0.5739759206771851
les_neck_pick24__01000100__s0040.wav,0.26551273465156555,0.23956075310707092,0.616144061088562,0.33352452516555786,0.9831074476242065,0.9354003667831421,0.6953834891319275,0.6673731207847595
tele_neck_pick22__01000100__s0037.wav,0.9706863760948181,0.8404600620269775,0.4030739367008209,0.5933396816253662,0.7926661372184753,0.8521841764450073,0.8008697628974915,0.9023292660713196
prs_neck_pick11__01000100__s0005.wav,0.5702022910118103,0.6492952704429626,0.18879587948322296,0.4525076150894165,0.3375731110572815,0.28675732016563416,0.160284623503685,0.1333317756652832
prs_bridge_pick02__01000100__s0021.wav,0.6619590520858765,0.6345217823982239,0.25345200300216675,0.19535858929157257,0.449978232383728,0.3779042661190033,0.2773774564266205,0.23816987872123718
prs_neck_pick21__01000100__s0025.wav,0.5097741484642029,0.6744584441184998,0.30302372574806213,0.16958674788475037,0.9511637687683105,0.7889918684959412,0.16634485125541687,0.18283334374427795
tele_bridge_fing08__01000100__s0019.wav,0.28072449564933777,0.2069171816110611,0.09741266071796417,0.380816787481308,0.8017188906669617,0.8031353950500488,0.5897137522697449,0.499252587556839
prs_neck_pick24__01000100__s0047.wav,0.15111833810806274,0.26481205224990845,0.12141631543636322,0.15091297030448914,0.13818153738975525,0.21130330860614777,0.947814404964447,0.9373951554298401
strat_neck_fing22__01000100__s0006.wav,0.7390004992485046,0.6470110416412354,0.9503915309906006,0.8350527286529541,0.19227035343647003,0.2322118878364563,0.9787184596061707,0.9653128385543823
strat_bridge_fing20__01000100__s0038.wav,0.3796788454055786,0.3863174319267273,0.947902262210846,0.8429921269416809,0.9892494678497314,0.657833456993103,0.763019323348999,0.17869125306606293
tele_neck_pick13__01000100__s0039.wav,0.004062832798808813,0.1823514997959137,0.8966509103775024,0.3606719672679901,0.339599609375,0.4436638653278351,0.7819820642471313,0.7195272445678711
les_neck_fing02__01000100__s0028.wav,0.3922562301158905,0.5521584749221802,0.9708490371704102,0.7525166273117065,0.6986811757087708,0.5260276198387146,0.4263460338115692,0.3720940053462982
les_neck_fing10__01000100__s0024.wav,0.12317675352096558,0.24298690259456635,0.7068034410476685,0.30076125264167786,0.14622944593429565,0.11373098194599152,0.07052936404943466,0.12419594824314117
strat_neck_pick02__01000100__s0040.wav,0.34665149450302124,0.4981843829154968,0.5638492703437805,0.24284936487674713,0.09805670380592346,0.07855866849422455,0.982355535030365,0.9311529397964478
tele_bridge_pick19__01000100__s0052.wav,0.6682912707328796,0.7474218010902405,0.749550461769104,0.7264696955680847,0.36416512727737427,0.637839138507843,0.6914798617362976,0.6104276776313782
tele_bridge_fing18__01000100__s0000.wav,0.1685205101966858,0.28930002450942993,0.45886075496673584,0.1583772599697113,0.1585616022348404,0.21394698321819305,0.47271907329559326,0.5338774919509888
prs_neck_pick21__01000100__s0013.wav,0.7294802069664001,0.5221939086914062,0.3226664066314697,0.6217021942138672,0.5130727887153625,0.6124544143676758,0.9553362131118774,0.7858172059059143
prs_neck_pick04__01000100__s0008.wav,0.8757733702659607,0.6807542443275452,0.10838080197572708,0.5150585770606995,0.24076534807682037,0.1675707995891571,0.7406995892524719,0.9491210579872131
strat_bridge_fing08__01000100__s0004.wav,0.6574658155441284,0.31029999256134033,0.10467742383480072,0.353939950466156,0.6375719904899597,0.6113938093185425,0.9573885798454285,0.8709816932678223
strat_bridge_pick16__01000100__s0009.wav,0.4983767569065094,0.5336617231369019,0.9771191477775574,0.7394093871116638,0.6423887014389038,0.584728479385376,0.1504809409379959,0.1159525066614151
les_neck_pick10__01000100__s0003.wav,0.7646931409835815,0.7718828916549683,0.8602998852729797,0.6278349161148071,0.8694047331809998,0.7102404236793518,0.10149134695529938,0.17592906951904297
prs_neck_fing05__01000100__s0020.wav,0.7328930497169495,0.7288976311683655,0.7107646465301514,0.7369439005851746,0.10742129385471344,0.11055852472782135,0.786638617515564,0.44339534640312195
strat_neck_pick24__01000100__s0018.wav,0.12155170738697052,0.2381887137889862,0.1058124527335167,0.3062053918838501,0.26631301641464233,0.3220478594303131,0.6648643016815186,0.38222432136535645
strat_bridge_fing06__01000100__s0000.wav,0.4852316081523895,0.5425410866737366,0.6414928436279297,0.5909144878387451,0.6155005693435669,0.7047380805015564,0.1781211644411087,0.24987846612930298
prs_bridge_fing18__01000100__s0050.wav,0.022699614986777306,0.17253322899341583,0.3107718527317047,0.5795115828514099,0.10444258898496628,0.3511204421520233,0.47153371572494507,0.21236495673656464
prs_neck_fing23__01000100__s0034.wav,0.2298169881105423,0.31098806858062744,0.21474941074848175,0.14774484932422638,0.938775360584259,0.8739298582077026,0.7602898478507996,0.82878577709198
prs_neck_pick04__01000100__s0026.wav,0.5299229025840759,0.7877368927001953,0.5393475294113159,0.5106074213981628,0.25858038663864136,0.20561625063419342,0.836559534072876,0.8825469017028809
tele_neck_pick08__01000100__s0029.wav,0.43301376700401306,0.7024919390678406,0.6725122332572937,0.5078797936439514,0.8482739329338074,0.6249324679374695,0.1425727754831314,0.287181556224823
tele_bridge_pick16__01000100__s0009.wav,0.2673855721950531,0.383529394865036,0.8432006239891052,0.603861391544342,0.6460673213005066,0.6017912030220032,0.5601137280464172,0.509975254535675
les_neck_fing24__01000100__s0027.wav,0.7468870282173157,0.6907906532287598,0.3735104501247406,0.6452242732048035,0.7192879319190979,0.4040201008319855,0.046928029507398605,0.1718662828207016
les_neck_fing07__01000100__s0006.wav,0.8165877461433411,0.8230111598968506,0.6658815145492554,0.660770058631897,0.6758186221122742,0.6055126190185547,0.9981970191001892,0.9784234166145325
prs_bridge_pick17__01000100__s0016.wav,0.5564841032028198,0.6136053204536438,0.33859580755233765,0.3185185492038727,0.4359934329986572,0.48693305253982544,0.676516592502594,0.7826890349388123
strat_neck_fing15__01000100__s0025.wav,0.8381734490394592,0.8101744055747986,0.7078239321708679,0.7594567537307739,0.5219308733940125,0.4673904478549957,0.2792438864707947,0.5376390814781189
les_bridge_pick05__01000100__s0038.wav,0.5196765661239624,0.5619150996208191,0.5184723734855652,0.4638473689556122,0.7822657823562622,0.5937269926071167,0.43120077252388,0.4401760399341583
prs_neck_fing02__01000100__s0010.wav,0.5318339467048645,0.43817317485809326,0.09565310180187225,0.5877804756164551,0.4392094314098358,0.46851763129234314,0.7763064503669739,0.7294328808784485
strat_bridge_pick16__01000100__s0055.wav,0.6684994101524353,0.5815553069114685,0.5386490821838379,0.5928310751914978,0.970937967300415,0.8680874109268188,0.746752917766571,0.6003748774528503
les_neck_pick03__01000100__s0033.wav,0.10667422413825989,0.19215644896030426,0.4593507647514343,0.2334674745798111,0.5384564399719238,0.7048404216766357,0.9307445883750916,0.7099424600601196
tele_neck_fing13__01000100__s0046.wav,0.1207827776670456,0.19739076495170593,0.4112531244754791,0.2958848476409912,0.5673010945320129,0.3690652549266815,0.8249738812446594,0.7776306867599487
les_neck_fing11__01000100__s0028.wav,0.12509498000144958,0.3163122832775116,0.8561853170394897,0.32612892985343933,0.3730585277080536,0.6007362008094788,0.9435238838195801,0.8750311732292175
les_neck_pick22__01000100__s0036.wav,0.8225696086883545,0.8566790819168091,0.9040757417678833,0.7773222923278809,0.8007428646087646,0.9179729223251343,0.6213878393173218,0.7784625887870789
les_bridge_fing09__01000100__s0043.wav,0.7983309626579285,0.5896868705749512,0.24199050664901733,0.6044378876686096,0.3637334108352661,0.37922805547714233,0.661651611328125,0.7263966202735901
prs_neck_pick13__01000100__s0047.wav,0.3076430857181549,0.4384177327156067,0.25657182931900024,0.2805555760860443,0.7874537706375122,0.4645110070705414,0.19619031250476837,0.43292734026908875
strat_bridge_pick24__01000100__s0028.wav,0.544384777545929,0.7904936671257019,0.18936805427074432,0.5925109386444092,0.3237304091453552,0.24710145592689514,0.5478212833404541,0.5307298302650452
les_bridge_pick18__01000100__s0009.wav,0.7777635455131531,0.7302946448326111,0.2711520493030548,0.7374692559242249,0.46335723996162415,0.3743266463279724,0.5528128743171692,0.42465531826019287
prs_neck_fing15__01000100__s0025.wav,0.6820268630981445,0.5998595356941223,0.4559236466884613,0.39514508843421936,0.27474692463874817,0.24359393119812012,0.409705251455307,0.3204856812953949
tele_neck_fing16__01000100__s0046.wav,0.6226324439048767,0.6287469267845154,0.5552911758422852,0.6430520415306091,0.895473301410675,0.7357177734375,0.7963657379150391,0.6569743156433105
tele_neck_pick17__01000100__s0036.wav,0.7185048460960388,0.7261213064193726,0.7448773384094238,0.5625864267349243,0.6226280331611633,0.2938782274723053,0.024546470493078232,0.04434904456138611
tele_bridge_fing06__01000100__s0022.wav,0.9823096990585327,0.644864022731781,0.023700028657913208,0.6205301284790039,0.33969175815582275,0.31861504912376404,0.46605202555656433,0.78865647315979
strat_neck_fing11__01000100__s0017.wav,0.05686061456799507,0.11920014768838882,0.3495614230632782,0.4434501528739929,0.9173463582992554,0.7477803826332092,0.16799570620059967,0.07871419936418533
tele_neck_fing01__01000100__s0027.wav,0.7970923781394958,0.7869229316711426,0.5701468586921692,0.5790233612060547,0.5731745362281799,0.39854690432548523,0.03381456807255745,0.10120604932308197
strat_bridge_pick24__01000100__s0007.wav,0.559283435344696,0.20427489280700684,0.08883959800004959,0.5638788938522339,0.522486686706543,0.6782195568084717,0.17426815629005432,0.17626674473285675
les_bridge_pick06__01000100__s0018.wav,0.914860725402832,0.8610174655914307,0.5342268943786621,0.6546375751495361,0.28392764925956726,0.3006054162979126,0.8940697908401489,0.8401100635528564
prs_bridge_fing25__01000100__s0006.wav,0.7522311210632324,0.6206900477409363,0.19712170958518982,0.5546688437461853,0.5638052225112915,0.4891810119152069,0.35066455602645874,0.08208050578832626
les_neck_pick19__01000100__s0045.wav,0.8249654769897461,0.8062415719032288,0.800026535987854,0.7159892916679382,0.15826916694641113,0.8067317605018616,0.02685462310910225,0.08980178833007812
strat_bridge_fing01__01000100__s0012.wav,0.762834370136261,0.7773149609565735,0.9742692708969116,0.7383471131324768,0.12056546658277512,0.279702365398407,0.5812507271766663,0.5194695591926575
tele_bridge_pick15__01000100__s0017.wav,0.08668171614408493,0.21946024894714355,0.32999148964881897,0.4730188548564911,0.37195754051208496,0.42461588978767395,0.5904474258422852,0.585023045539856
prs_neck_fing24__01000100__s0035.wav,0.03366493433713913,0.06524323672056198,0.9617491364479065,0.2207990437746048,0.38987159729003906,0.4363226294517517,0.942935049533844,0.9427865147590637
les_neck_pick14__01000100__s0027.wav,0.251545250415802,0.2289954423904419,0.13613034784793854,0.39202290773391724,0.2607422471046448,0.449764609336853,0.5574938654899597,0.5848925709724426
strat_bridge_pick12__01000100__s0022.wav,0.15835519134998322,0.2780546247959137,0.7178325057029724,0.5737295150756836,0.4386000335216522,0.47213634848594666,0.297659307718277,0.5378192663192749
tele_bridge_pick04__01000100__s0045.wav,0.4770543575286865,0.6278129816055298,0.8901802897453308,0.8132328987121582,0.22933456301689148,0.21589423716068268,0.9096232056617737,0.8975075483322144
les_bridge_fing22__01000100__s0016.wav,0.556036114692688,0.5710850358009338,0.5399283766746521,0.7320284247398376,0.37053775787353516,0.3040914237499237,0.5981560349464417,0.3564571738243103
prs_neck_pick03__01000100__s0036.wav,0.2340213507413864,0.20257468521595,0.16455873847007751,0.554611086845398,0.015132964588701725,0.153276726603508,0.20717790722846985,0.21587994694709778
les_bridge_pick02__01000100__s0037.wav,0.9706513285636902,0.9449792504310608,0.5765702724456787,0.6437370181083679,0.593820333480835,0.38598915934562683,0.14153021574020386,0.13498030602931976
prs_neck_pick15__01000100__s0025.wav,0.11005769670009613,0.14706246554851532,0.6571294069290161,0.5689207315444946,0.2580922842025757,0.1854446530342102,0.6483416557312012,0.7250058650970459
tele_bridge_pick14__01000100__s0052.wav,0.6270104646682739,0.6019929647445679,0.6258271336555481,0.6011238694190979,0.37417906522750854,0.6242689490318298,0.2731948792934418,0.3214150369167328
strat_bridge_fing11__01000100__s0049.wav,0.3628200590610504,0.3045613467693329,0.5177980065345764,0.1867760717868805,0.8623141646385193,0.7008811831474304,0.29604145884513855,0.09751319885253906
les_bridge_pick04__01000100__s0027.wav,0.6713134050369263,0.3782889246940613,0.08452262729406357,0.36247068643569946,0.7491119503974915,0.7817391157150269,0.5272755026817322,0.48406174778938293
prs_neck_pick09__01000100__s0013.wav,0.41085416078567505,0.2670694887638092,0.017510270699858665,0.3799414038658142,0.34381037950515747,0.5654116868972778,0.6414103507995605,0.36133572459220886
prs_neck_pick19__01000100__s0028.wav,0.6012616753578186,0.5636299252510071,0.1987295001745224,0.24312792718410492,0.5778698921203613,0.7786448001861572,0.04514119029045105,0.17113231122493744
tele_neck_fing22__01000100__s0012.wav,0.07411707192659378,0.21739764511585236,0.4473012387752533,0.46471357345581055,0.9460772275924683,0.8992414474487305,0.4144442081451416,0.2693294882774353
les_neck_pick11__01000100__s0012.wav,0.7198131084442139,0.8250702619552612,0.6767830848693848,0.7061543464660645,0.4813708961009979,0.5144096612930298,0.7161216139793396,0.4289394021034241
les_neck_fing14__01000100__s0001.wav,0.6913290619850159,0.6285133361816406,0.17906951904296875,0.3661755323410034,0.5933316946029663,0.5450069308280945,0.6625739932060242,0.7897117137908936
tele_neck_fing11__01000100__s0054.wav,0.20271757245063782,0.5285026431083679,0.6896465420722961,0.5177218317985535,0.8448649048805237,0.829864501953125,0.5917021632194519,0.5822171568870544
prs_neck_pick14__01000100__s0051.wav,0.8327651619911194,0.6906502842903137,0.3056968152523041,0.4765619933605194,0.4572969079017639,0.506768524646759,0.06229586899280548,0.3567289412021637
prs_bridge_fing22__01000100__s0050.wav,0.6525514125823975,0.5017889738082886,0.3235563337802887,0.5675323605537415,0.3505212068557739,0.47380363941192627,0.4182707667350769,0.384135365486145
les_bridge_pick25__01000100__s0008.wav,0.6702257990837097,0.5621885061264038,0.5248051881790161,0.7721743583679199,0.21909713745117188,0.7963742017745972,0.05326518788933754,0.19788327813148499
strat_neck_fing08__01000100__s0014.wav,0.03225663676857948,0.182332381606102,0.6464381814002991,0.4532850384712219,0.09616920351982117,0.06182647496461868,0.6105228662490845,0.5344211459159851
tele_bridge_fing21__01000100__s0047.wav,0.4117463231086731,0.18486011028289795,0.14186841249465942,0.31706637144088745,0.16881734132766724,0.3744523525238037,0.7045854330062866,0.7170220017433167
tele_bridge_fing07__01000100__s0036.wav,0.07291615009307861,0.16305582225322723,0.058964475989341736,0.6014336943626404,0.92217618227005,0.6338829398155212,0.33557766675949097,0.389663964509964
tele_bridge_pick13__01000100__s0015.wav,0.5254265069961548,0.5141199827194214,0.20176878571510315,0.19711513817310333,0.8229952454566956,0.8938102126121521,0.47037044167518616,0.39571264386177063
prs_neck_pick17__01000100__s0051.wav,0.21701501309871674,0.1532922387123108,0.23667749762535095,0.17120137810707092,0.33892250061035156,0.4559662640094757,0.944291353225708,0.7583603858947754
strat_neck_fing13__01000100__s0022.wav,0.06520069390535355,0.22759601473808289,0.9462127089500427,0.769532322883606,0.8898236155509949,0.5076878070831299,0.36145684123039246,0.458484023809433
prs_neck_pick01__01000100__s0035.wav,0.22982476651668549,0.7708255052566528,0.8993992805480957,0.5585273504257202,0.02052457630634308,0.34337425231933594,0.028213083744049072,0.2519332766532898
prs_neck_fing10__01000100__s0009.wav,0.5541305541992188,0.2305244505405426,0.3474101722240448,0.27612361311912537,0.19982095062732697,0.39042478799819946,0.9379380941390991,0.7155517935752869
strat_bridge_fing10__01000100__s0023.wav,0.5091904997825623,0.6870760917663574,0.8440936207771301,0.7308881878852844,0.34984228014945984,0.4114832580089569,0.8952480554580688,0.7981885671615601
strat_bridge_fing13__01000100__s0028.wav,0.39582741260528564,0.5937425494194031,0.6302754878997803,0.6590815782546997,0.20869481563568115,0.2041233479976654,0.5576075911521912,0.31074872612953186
les_bridge_pick01__01000100__s0029.wav,0.9013618230819702,0.8373927474021912,0.06566382199525833,0.27766692638397217,0.68886399269104,0.6014595627784729,0.1777980923652649,0.20184291899204254
strat_bridge_pick09__01000100__s0006.wav,0.15925908088684082,0.15677453577518463,0.4729349613189697,0.5408087372779846,0.01844579353928566,0.44819769263267517,0.045452602207660675,0.10208047181367874
les_neck_fing14__01000100__s0005.wav,0.3075166940689087,0.35352012515068054,0.8210927844047546,0.6876569390296936,0.06904972344636917,0.7662873268127441,0.014058937318623066,0.1694587767124176
strat_neck_fing24__01000100__s0007.wav,0.522770881652832,0.5152122378349304,0.25502315163612366,0.24893459677696228,0.5131208300590515,0.32530826330184937,0.5908297300338745,0.726141095161438
prs_bridge_fing06__01000100__s0005.wav,0.25973212718963623,0.17041128873825073,0.0681166797876358,0.29645290970802307,0.7799191474914551,0.8082947134971619,0.01600213535130024,0.04873836785554886
tele_bridge_fing17__01000100__s0009.wav,0.7588402628898621,0.6552211046218872,0.4318930506706238,0.5942454934120178,0.4505288600921631,0.37675541639328003,0.34950733184814453,0.44022950530052185
strat_neck_pick20__01000100__s0051.wav,0.7087664604187012,0.6593562960624695,0.6948885321617126,0.5954315662384033,0.07906193286180496,0.15951596200466156,0.8460682034492493,0.8176704049110413
les_bridge_fing19__01000100__s0026.wav,0.14114505052566528,0.1379762440919876,0.5990771055221558,0.3323214650154114,0.8464051485061646,0.7981428503990173,0.005212070886045694,0.1131918653845787
prs_neck_fing21__01000100__s0015.wav,0.682276725769043,0.6314881443977356,0.8976544141769409,0.5541642308235168,0.8163806796073914,0.8375532031059265,0.9872822165489197,0.8768482208251953
les_bridge_pick15__01000100__s0018.wav,0.1395796686410904,0.3755733370780945,0.983938455581665,0.4109066426753998,0.07995200157165527,0.538578987121582,0.09785589575767517,0.30955231189727783
les_neck_pick20__01000100__s0042.wav,0.5575368404388428,0.5536440014839172,0.9309049844741821,0.8422693610191345,0.19291609525680542,0.29668429493904114,0.5739394426345825,0.42626866698265076
tele_bridge_pick06__01000100__s0038.wav,0.5728999972343445,0.5493552684783936,0.72514408826828,0.5679208040237427,0.35834622383117676,0.6255420446395874,0.7460524439811707,0.5517808794975281
les_bridge_pick19__01000100__s0004.wav,0.3712480068206787,0.7246444821357727,0.8592256903648376,0.615331768989563,0.70107501745224,0.5686753988265991,0.43223148584365845,0.4470430016517639
tele_bridge_pick05__01000100__s0012.wav,0.6451736688613892,0.7423402667045593,0.7832097411155701,0.7037999629974365,0.26140373945236206,0.21210043132305145,0.3707565367221832,0.45784616470336914
strat_neck_pick16__01000100__s0037.wav,0.30356696248054504,0.20832638442516327,0.6261623501777649,0.5052376985549927,0.22787559032440186,0.33873432874679565,0.21873362362384796,0.4820532500743866
prs_neck_fing16__01000100__s0014.wav,0.0457616001367569,0.22194631397724152,0.9523301124572754,0.35508817434310913,0.9683941006660461,0.7963785529136658,0.7744537591934204,0.7880572080612183
les_neck_fing13__01000100__s0007.wav,0.5996008515357971,0.7360802292823792,0.6859824061393738,0.5002253651618958,0.6562569737434387,0.6718242764472961,0.6540132164955139,0.5898755788803101
tele_bridge_pick03__01000100__s0013.wav,0.06579001247882843,0.13092344999313354,0.6689773797988892,0.31667017936706543,0.7164697647094727,0.8836946487426758,0.5686511397361755,0.5421550869941711
strat_bridge_pick22__01000100__s0015.wav,0.4817052185535431,0.6163753271102905,0.8079286217689514,0.5933857560157776,0.7092687487602234,0.7696523666381836,0.7192402482032776,0.6563465595245361
les_neck_fing20__01000100__s0035.wav,0.03497738391160965,0.42957451939582825,0.6096005439758301,0.568686842918396,0.5063542127609253,0.42091184854507446,0.8153369426727295,0.6710922718048096
tele_neck_pick11__01000100__s0054.wav,0.017866283655166626,0.2854458689689636,0.7380175590515137,0.4789399206638336,0.011333550326526165,0.06355013698339462,0.772244930267334,0.7709991335868835
prs_neck_fing01__01000100__s0010.wav,0.549872100353241,0.37791669368743896,0.021357350051403046,0.2114674597978592,0.015903716906905174,0.1356573849916458,0.9262744784355164,0.6512838006019592
tele_neck_fing02__01000100__s0036.wav,0.8112229108810425,0.8818269371986389,0.6578930616378784,0.7326525449752808,0.7080038785934448,0.6962932348251343,0.38526713848114014,0.25723934173583984
les_neck_pick11__01000100__s0007.wav,0.32249507308006287,0.36952003836631775,0.3719748258590698,0.4507673382759094,0.5412032604217529,0.5275099277496338,0.9673246741294861,0.9380680322647095
tele_bridge_pick14__01000100__s0036.wav,0.366475909948349,0.1810489147901535,0.4240013659000397,0.38832682371139526,0.11775536835193634,0.11597206443548203,0.9344242811203003,0.6005620956420898
les_bridge_pick14__01000100__s0040.wav,0.06253872066736221,0.34154918789863586,0.10893357545137405,0.285403311252594,0.4919334650039673,0.5359563231468201,0.517302930355072,0.8106012344360352
tele_neck_pick23__01000100__s0055.wav,0.49577832221984863,0.6675018072128296,0.9453182220458984,0.7667191624641418,0.776641845703125,0.7428111433982849,0.25507062673568726,0.2167857587337494
strat_neck_pick16__01000100__s0031.wav,0.28687867522239685,0.6323374509811401,0.21070122718811035,0.37422072887420654,0.06287379562854767,0.30176836252212524,0.9710951447486877,0.8273317813873291
tele_neck_fing11__01000100__s0030.wav,0.43808043003082275,0.5222141742706299,0.8691734671592712,0.6628648042678833,0.8587511777877808,0.7316834926605225,0.2733244299888611,0.22990207374095917
strat_neck_fing01__01000100__s0050.wav,0.6709514856338501,0.911804735660553,0.9055160284042358,0.6880807280540466,0.39144694805145264,0.3586634397506714,0.6590306162834167,0.36681240797042847
tele_neck_fing04__01000100__s0022.wav,0.24268576502799988,0.21837790310382843,0.18650376796722412,0.25841856002807617,0.23168964684009552,0.2719508707523346,0.3523891568183899,0.28836333751678467
tele_neck_pick24__01000100__s0000.wav,0.42622435092926025,0.438147634267807,0.8218624591827393,0.7792404890060425,0.20665059983730316,0.15214002132415771,0.6656156182289124,0.7331497073173523
prs_neck_pick13__01000100__s0023.wav,0.9199841618537903,0.9649472832679749,0.7225116491317749,0.9155663251876831,0.87157142162323,0.9157813787460327,0.9741626977920532,0.9268985390663147
les_neck_fing21__01000100__s0009.wav,0.8175753951072693,0.9068902730941772,0.2459501326084137,0.11182741075754166,0.03027142584323883,0.5271235704421997,0.29269087314605713,0.3726452887058258
strat_neck_fing01__01000100__s0015.wav,0.36085402965545654,0.4453520178794861,0.5960968136787415,0.6921616792678833,0.4817982017993927,0.4539909064769745,0.3022485375404358,0.365323930978775
tele_neck_fing05__01000100__s0055.wav,0.8016883134841919,0.618907630443573,0.014372548088431358,0.19788089394569397,0.3064659833908081,0.37907901406288147,0.9264377951622009,0.7382189035415649
tele_neck_pick18__01000100__s0025.wav,0.9818534255027771,0.6588122248649597,0.19087059795856476,0.5129242539405823,0.9104251265525818,0.7482060194015503,0.4580276310443878,0.672171413898468
strat_bridge_pick20__01000100__s0017.wav,0.340573787689209,0.21573907136917114,0.014075805433094501,0.22581835091114044,0.5654668807983398,0.5908134579658508,0.11992783099412918,0.12493970990180969
strat_neck_pick01__01000100__s0026.wav,0.871924638748169,0.8137471079826355,0.47742968797683716,0.34233805537223816,0.2423928678035736,0.17105573415756226,0.9807903170585632,0.9065935015678406
les_neck_fing17__01000100__s0015.wav,0.8560547828674316,0.8220104575157166,0.22772543132305145,0.5447400808334351,0.23630636930465698,0.41334494948387146,0.166657954454422,0.26998215913772583
prs_neck_fing23__01000100__s0013.wav,0.18584328889846802,0.39237865805625916,0.12043152749538422,0.27456846833229065,0.020940374583005905,0.06705927848815918,0.5531299710273743,0.49292850494384766
prs_bridge_pick06__01000100__s0006.wav,0.7668649554252625,0.7153021693229675,0.301502525806427,0.5520092248916626,0.3782239258289337,0.2955807149410248,0.6222432851791382,0.435533732175827
les_neck_pick23__01000100__s0034.wav,0.9564907550811768,0.8872539401054382,0.807904064655304,0.7771140933036804,0.1452549546957016,0.2386295646429062,0.31377074122428894,0.14849136769771576
tele_neck_fing02__01000100__s0021.wav,0.9089242219924927,0.6063019633293152,0.35455775260925293,0.734158456325531,0.48044461011886597,0.6598516702651978,0.2643250823020935,0.3851790130138397
les_neck_pick16__01000100__s0008.wav,0.7977148294448853,0.859409749507904,0.443483829498291,0.5839206576347351,0.04132304713129997,0.0805133581161499,0.8834362030029297,0.6607986688613892
strat_neck_pick12__01000100__s0017.wav,0.1219894215464592,0.2811855971813202,0.531437873840332,0.3495752513408661,0.7050867676734924,0.6125926375389099,0.8626549243927002,0.7208930850028992
tele_neck_fing09__01000100__s0030.wav,0.33677566051483154,0.1935281902551651,0.4813891053199768,0.21895940601825714,0.29162314534187317,0.3286890387535095,0.715589702129364,0.6405158638954163
les_bridge_fing11__01000100__s0046.wav,0.8001161217689514,0.8143526911735535,0.8020339012145996,0.7122640013694763,0.009012497030198574,0.03528952598571777,0.3407614827156067,0.30354782938957214
tele_neck_fing25__01000100__s0044.wav,0.3517863154411316,0.48616036772727966,0.6815075874328613,0.525152325630188,0.12632155418395996,0.3516433835029602,0.2352987825870514,0.3255471885204315
tele_bridge_pick21__01000100__s0036.wav,0.252533882856369,0.36428356170654297,0.5023776292800903,0.4663085341453552,0.6188092231750488,0.48907631635665894,0.958605945110321,0.9047431349754333
tele_bridge_pick25__01000100__s0007.wav,0.4142909348011017,0.3764348328113556,0.031212257221341133,0.3001689314842224,0.9570350050926208,0.7515347003936768,0.2010693997144699,0.20261339843273163
strat_bridge_fing15__01000100__s0044.wav,0.18375642597675323,0.23325610160827637,0.4516453146934509,0.3959713876247406,0.5405594110488892,0.6631549596786499,0.8461598753929138,0.702918291091919
tele_bridge_fing23__01000100__s0027.wav,0.002486834768205881,0.16475588083267212,0.43434226512908936,0.1434817761182785,0.26399850845336914,0.4212237298488617,0.07695813477039337,0.06293220072984695
les_bridge_fing22__01000100__s0014.wav,0.7131805419921875,0.9035842418670654,0.756618320941925,0.7226351499557495,0.709490954875946,0.33641350269317627,0.3594915270805359,0.3705419600009918
les_bridge_pick20__01000100__s0012.wav,0.05524344742298126,0.17743365466594696,0.34350723028182983,0.20814627408981323,0.274956077337265,0.5707741975784302,0.3562008738517761,0.542635977268219
prs_bridge_fing06__01000100__s0048.wav,0.7476867437362671,0.7102702260017395,0.32228416204452515,0.337262362241745,0.9758188128471375,0.8681910037994385,0.309083491563797,0.22870203852653503
tele_neck_pick09__01000100__s0045.wav,0.9044463038444519,0.858457088470459,0.6620511412620544,0.4504472017288208,0.011697815731167793,0.04676311835646629,0.5479757189750671,0.3465845584869385
les_bridge_pick15__01000100__s0048.wav,0.49850213527679443,0.485550194978714,0.2108917385339737,0.24024374783039093,0.2573852241039276,0.40682926774024963,0.10219315439462662,0.3418107330799103
prs_neck_pick19__01000100__s0012.wav,0.3051818311214447,0.6507753133773804,0.7235211730003357,0.4815731942653656,0.1874285787343979,0.26885244250297546,0.6531403064727783,0.7625696063041687
les_neck_pick20__01000100__s0029.wav,0.8853848576545715,0.8071862459182739,0.9586254358291626,0.6208580732345581,0.1576351523399353,0.19318930804729462,0.6082066297531128,0.7982951402664185
tele_bridge_fing23__01000100__s0031.wav,0.03174164146184921,0.08127477765083313,0.5476459860801697,0.21956290304660797,0.8497157692909241,0.7917487025260925,0.7490247488021851,0.6659857034683228
strat_neck_fing20__01000100__s0040.wav,0.5096918940544128,0.7058818936347961,0.20304466784000397,0.5077093839645386,0.6138976812362671,0.7506592869758606,0.3413725197315216,0.3178045153617859
tele_neck_pick16__01000100__s0042.wav,0.05480733886361122,0.16856718063354492,0.5406635403633118,0.2554565370082855,0.4061392843723297,0.4796791672706604,0.619266927242279,0.4253537952899933
strat_bridge_pick18__01000100__s0007.wav,0.15900003910064697,0.5508632063865662,0.7961256504058838,0.5052919387817383,0.957018256187439,0.8681768774986267,0.31233978271484375,0.290141224861145
prs_neck_fing22__01000100__s0008.wav,0.40265366435050964,0.3090929388999939,0.7856225371360779,0.5913446545600891,0.6048904657363892,0.6057644486427307,0.745113730430603,0.6400647759437561
les_bridge_pick17__01000100__s0036.wav,0.3352835178375244,0.5157040953636169,0.5876327753067017,0.6806492805480957,0.7820172905921936,0.7641551494598389,0.6788923144340515,0.8602843880653381
prs_bridge_fing25__01000100__s0015.wav,0.6251886487007141,0.6348970532417297,0.8908743858337402,0.5587390661239624,0.3588142395019531,0.44371989369392395,0.20296788215637207,0.3232424557209015
prs_bridge_fing25__01000100__s0003.wav,0.3315788209438324,0.32472777366638184,0.37427860498428345,0.8133769631385803,0.20988884568214417,0.19617651402950287,0.7064240574836731,0.8821115493774414
tele_bridge_fing25__01000100__s0000.wav,0.3984054923057556,0.34582239389419556,0.07834123075008392,0.1530698984861374,0.40313979983329773,0.49157920479774475,0.9741353988647461,0.915865957736969
strat_neck_pick15__01000100__s0052.wav,0.45340633392333984,0.6477572917938232,0.7934762239456177,0.5562133193016052,0.2367388755083084,0.23242342472076416,0.9479926228523254,0.9309000968933105
tele_bridge_pick06__01000100__s0044.wav,0.8265343308448792,0.8309663534164429,0.8270057439804077,0.7831183671951294,0.787556529045105,0.6548985242843628,0.8562757968902588,0.5785405039787292
strat_bridge_pick15__01000100__s0026.wav,0.8367632031440735,0.9410187005996704,0.8925558924674988,0.8751415610313416,0.37183570861816406,0.4600793123245239,0.16309082508087158,0.22368741035461426
les_bridge_pick07__01000100__s0032.wav,0.41738829016685486,0.23383301496505737,0.10038569569587708,0.6962410807609558,0.9724153280258179,0.9004277586936951,0.8420127034187317,0.5493103265762329
tele_neck_fing01__01000100__s0005.wav,0.2784218192100525,0.2887937128543854,0.28651705384254456,0.292226642370224,0.7766234278678894,0.8900269269943237,0.4269959032535553,0.14636868238449097
les_neck_pick07__01000100__s0027.wav,0.42640888690948486,0.5810009837150574,0.7064210176467896,0.37982767820358276,0.023535067215561867,0.3468075692653656,0.37370428442955017,0.41993629932403564
tele_bridge_pick19__01000100__s0029.wav,0.2588381767272949,0.22877748310565948,0.9714328050613403,0.7518534064292908,0.10385370999574661,0.17606183886528015,0.7767108082771301,0.6296247243881226
prs_neck_fing25__01000100__s0029.wav,0.6994112133979797,0.495318740606308,0.45482513308525085,0.472795695066452,0.8408320546150208,0.803149938583374,0.1869625300168991,0.19158527255058289
prs_neck_pick12__01000100__s0030.wav,0.7371861934661865,0.6542461514472961,0.3425840437412262,0.7480306029319763,0.48531806468963623,0.4961051940917969,0.5636058449745178,0.5193942785263062
les_bridge_fing19__01000100__s0019.wav,0.8985692858695984,0.6381701231002808,0.11226440966129303,0.8508583307266235,0.3830142319202423,0.6239594221115112,0.03072650544345379,0.1720571219921112
prs_bridge_pick23__01000100__s0036.wav,0.3229525685310364,0.3105739951133728,0.340413361787796,0.21490478515625,0.6286481022834778,0.3590245246887207,0.14363230764865875,0.2882240116596222
les_neck_pick02__01000100__s0034.wav,0.9737347960472107,0.7670265436172485,0.6207524538040161,0.8417461514472961,0.11624651402235031,0.11684410274028778,0.5584241151809692,0.46024805307388306
strat_neck_pick05__01000100__s0024.wav,0.3332904875278473,0.5424531698226929,0.3168533146381378,0.2531853914260864,0.7056547999382019,0.33405542373657227,0.6559906601905823,0.7101534605026245
strat_bridge_pick22__01000100__s0005.wav,0.8219631910324097,0.4617099165916443,0.01863090507686138,0.5180929899215698,0.5872788429260254,0.629212498664856,0.0753486379981041,0.16192372143268585
strat_bridge_pick25__01000100__s0040.wav,0.7425744533538818,0.76703280210495,0.9851428866386414,0.8631506562232971,0.2970563471317291,0.3209817111492157,0.4127267599105835,0.6640509963035583
prs_bridge_pick03__01000100__s0037.wav,0.7758464217185974,0.8636074662208557,0.6730771660804749,0.7684394121170044,0.3012172281742096,0.3672507107257843,0.8982753157615662,0.7281986474990845
tele_bridge_pick14__01000100__s0009.wav,0.8885296583175659,0.8431941270828247,0.3939051032066345,0.322145015001297,0.8276923894882202,0.7950382828712463,0.062306784093379974,0.16264379024505615
les_bridge_pick01__01000100__s0043.wav,0.5192770957946777,0.6389675140380859,0.09198351204395294,0.41856569051742554,0.6177639961242676,0.6858062744140625,0.9491235017776489,0.8669918179512024
prs_bridge_pick16__01000100__s0001.wav,0.33246517181396484,0.598895251750946,0.3877470791339874,0.1914595514535904,0.4058848023414612,0.24697789549827576,0.8211691379547119,0.7053464651107788
strat_bridge_fing06__01000100__s0019.wav,0.736733615398407,0.7004905343055725,0.399954229593277,0.4947458505630493,0.4879171848297119,0.16196855902671814,0.030480030924081802,0.051221493631601334
prs_bridge_fing11__01000100__s0038.wav,0.5767360925674438,0.57749342918396,0.8923267722129822,0.656475305557251,0.539016604423523,0.5149240493774414,0.968307614326477,0.985348641872406
prs_neck_pick02__01000100__s0014.wav,0.6417548060417175,0.7733270525932312,0.6334482431411743,0.5022961497306824,0.7930886149406433,0.8551362752914429,0.5575876235961914,0.5803141593933105
tele_bridge_fing25__01000100__s0047.wav,0.290193647146225,0.4082159399986267,0.42685794830322266,0.42728596925735474,0.7377175688743591,0.7847727537155151,0.5995000600814819,0.4246138632297516
strat_neck_pick06__01000100__s0023.wav,0.2787927985191345,0.6277768015861511,0.807353675365448,0.43685001134872437,0.7004455327987671,0.4871205687522888,0.3146628439426422,0.17071031033992767
strat_neck_fing17__01000100__s0002.wav,0.884956955909729,0.8723793625831604,0.7747796773910522,0.40072059631347656,0.9294228553771973,0.9089266657829285,0.3538306951522827,0.5155816078186035
prs_neck_fing07__01000100__s0007.wav,0.5904399156570435,0.6515500545501709,0.5527743101119995,0.7060876488685608,0.20976608991622925,0.22868254780769348,0.9500788450241089,0.774427592754364
tele_neck_fing20__01000100__s0029.wav,0.8375303745269775,0.6813360452651978,0.31566810607910156,0.5655555725097656,0.3037078380584717,0.7661164402961731,0.864440381526947,0.8777221441268921
prs_bridge_fing10__01000100__s0024.wav,0.8999151587486267,0.7292796969413757,0.29473209381103516,0.41014721989631653,0.44584569334983826,0.44425690174102783,0.8293485641479492,0.5196714997291565
les_neck_pick08__01000100__s0018.wav,0.753017246723175,0.7595711946487427,0.6564204096794128,0.6298998594284058,0.17939379811286926,0.1971622258424759,0.4840960204601288,0.5664535164833069
prs_neck_pick02__01000100__s0030.wav,0.9393975138664246,0.9203634858131409,0.6851828098297119,0.46113041043281555,0.3107014298439026,0.3109491765499115,0.8473503589630127,0.7184114456176758
tele_bridge_fing14__01000100__s0045.wav,0.4675922393798828,0.6134885549545288,0.4683070778846741,0.5028256773948669,0.1104407012462616,0.09055507928133011,0.9441324472427368,0.6095737814903259
les_neck_fing23__01000100__s0012.wav,0.31375372409820557,0.3272906541824341,0.46189168095588684,0.45513492822647095,0.20832808315753937,0.3345600366592407,0.011470150202512741,0.0653134286403656
les_neck_pick01__01000100__s0052.wav,0.34462884068489075,0.8364879488945007,0.5440869927406311,0.24722425639629364,0.1399610936641693,0.2080247849225998,0.6189598441123962,0.5330895185470581
tele_bridge_fing24__01000100__s0051.wav,0.11186046898365021,0.18409565091133118,0.7232341170310974,0.6863651871681213,0.5769709944725037,0.423418253660202,0.6231144070625305,0.3892505168914795
strat_neck_fing07__01000100__s0042.wav,0.23214444518089294,0.4290403127670288,0.060780640691518784,0.46156373620033264,0.03980423882603645,0.06988048553466797,0.2164773941040039,0.45296910405158997
les_bridge_pick03__01000100__s0015.wav,0.555159330368042,0.5884372591972351,0.7967355251312256,0.6030963659286499,0.634215235710144,0.6755495667457581,0.631870687007904,0.6416186094284058
les_neck_pick10__01000100__s0035.wav,0.015213378705084324,0.2404053509235382,0.5044894218444824,0.23037099838256836,0.008745812810957432,0.10438532382249832,0.7881563305854797,0.7257726192474365
les_neck_pick07__01000100__s0010.wav,0.14676061272621155,0.3344004154205322,0.9170628786087036,0.41566354036331177,0.23548133671283722,0.10328920185565948,0.8290083408355713,0.836356520652771
les_neck_fing21__01000100__s0027.wav,0.08123776316642761,0.23816393315792084,0.7964792251586914,0.3389648497104645,0.5888281464576721,0.470889151096344,0.7452622652053833,0.7175901532173157
tele_bridge_fing13__01000100__s0038.wav,0.6382306814193726,0.6736664772033691,0.2933008074760437,0.4884880483150482,0.6415339708328247,0.643213152885437,0.6463309526443481,0.42697766423225403
les_neck_fing08__01000100__s0005.wav,0.13336777687072754,0.1872924119234085,0.12446631491184235,0.2583065330982208,0.7995699644088745,0.7351618409156799,0.4207057058811188,0.4007914662361145
les_bridge_pick21__01000100__s0026.wav,0.8906143307685852,0.8589545488357544,0.5410476326942444,0.6329951286315918,0.849054217338562,0.40311434864997864,0.04013160616159439,0.2502603530883789
tele_neck_fing09__01000100__s0010.wav,0.9212529063224792,0.8045393228530884,0.8228214383125305,0.34794560074806213,0.2282857447862625,0.16431668400764465,0.9584249258041382,0.9666728377342224
les_neck_fing02__01000100__s0037.wav,0.13549643754959106,0.17454411089420319,0.2781204879283905,0.46595168113708496,0.010103474371135235,0.4543680250644684,0.053083937615156174,0.08199945092201233
strat_neck_pick24__01000100__s0012.wav,0.6961263418197632,0.6703438758850098,0.250178724527359,0.47981810569763184,0.8595014214515686,0.8186927437782288,0.739994466304779,0.634202241897583
strat_neck_pick06__01000100__s0033.wav,0.37328392267227173,0.564185380935669,0.400638222694397,0.5977722406387329,0.9118601083755493,0.9500178098678589,0.7868967652320862,0.7427601218223572
strat_bridge_fing18__01000100__s0036.wav,0.1067868024110794,0.3829563558101654,0.0027995610143989325,0.3793104290962219,0.9592464566230774,0.779491662979126,0.5986708998680115,0.5423252582550049
tele_neck_pick04__01000100__s0005.wav,0.748335599899292,0.45996198058128357,0.05671894922852516,0.34238994121551514,0.8791407942771912,0.8603022694587708,0.8492522835731506,0.7282280921936035
tele_neck_pick19__01000100__s0010.wav,0.2631029188632965,0.19693565368652344,0.4740280210971832,0.40884697437286377,0.25051620602607727,0.2714725434780121,0.5105739831924438,0.43907201290130615
prs_bridge_fing02__01000100__s0027.wav,0.1918347328901291,0.2164505571126938,0.032883014529943466,0.5475636720657349,0.8473078608512878,0.6656668782234192,0.21201567351818085,0.34914591908454895
strat_neck_pick11__01000100__s0007.wav,0.49532845616340637,0.4576685130596161,0.26404133439064026,0.5248366594314575,0.6012167930603027,0.6052325963973999,0.7231625318527222,0.7432398796081543
strat_neck_fing12__01000100__s0014.wav,0.866929829120636,0.7869915962219238,0.32140371203422546,0.32950693368911743,0.9985867142677307,0.9022586345672607,0.8691282272338867,0.557228147983551
strat_bridge_pick19__01000100__s0047.wav,0.5478874444961548,0.6610758304595947,0.5773012638092041,0.6910496354103088,0.40820151567459106,0.4115114212036133,0.5724424123764038,0.5691952109336853
prs_neck_pick24__01000100__s0055.wav,0.6091399192810059,0.7115728855133057,0.861116886138916,0.47200196981430054,0.46350783109664917,0.4845897853374481,0.35394051671028137,0.3036237061023712
tele_neck_fing16__01000100__s0026.wav,0.4050108790397644,0.5320135951042175,0.7245311141014099,0.6675978302955627,0.8552055954933167,0.778060793876648,0.45392927527427673,0.4369499087333679
tele_bridge_pick21__01000100__s0041.wav,0.7035918235778809,0.675932765007019,0.6314348578453064,0.6756497025489807,0.31896039843559265,0.2470395714044571,0.9637619256973267,0.8853022456169128
strat_bridge_pick22__01000100__s0009.wav,0.9373692274093628,0.7984641790390015,0.53655606508255,0.5594760179519653,0.009262927807867527,0.13986985385417938,0.5856927633285522,0.4539429247379303
les_bridge_fing07__01000100__s0049.wav,0.5612534880638123,0.33792391419410706,0.9766988754272461,0.8908819556236267,0.3028821647167206,0.3177723288536072,0.30167993903160095,0.33928239345550537
les_bridge_pick10__01000100__s0039.wav,0.6634075045585632,0.8192985653877258,0.8328526020050049,0.5278359651565552,0.7884532809257507,0.7468069791793823,0.4286777675151825,0.30916333198547363
tele_neck_pick08__01000100__s0028.wav,0.28583720326423645,0.5065691471099854,0.8602571487426758,0.3033396899700165,0.4683317244052887,0.22233706712722778,0.4867192506790161,0.5021250247955322
les_neck_fing25__01000100__s0021.wav,0.8763386011123657,0.8974222540855408,0.82606440782547,0.8298727869987488,0.3392544984817505,0.38253721594810486,0.2655163109302521,0.28225332498550415
tele_bridge_fing21__01000100__s0016.wav,0.9501513838768005,0.822486400604248,0.5003464818000793,0.3810129463672638,0.3599766492843628,0.44463902711868286,0.6186232566833496,0.6040846109390259
strat_neck_fing12__01000100__s0008.wav,0.6422450542449951,0.6611034274101257,0.20659299194812775,0.2896556556224823,0.8364635705947876,0.8678380846977234,0.721281111240387,0.4235743284225464
les_neck_fing16__01000100__s0003.wav,0.7038751244544983,0.6881186366081238,0.47195306420326233,0.7039139270782471,0.5882698893547058,0.5280355215072632,0.6979169845581055,0.6855298280715942
les_bridge_pick12__01000100__s0004.wav,0.0731218010187149,0.15385419130325317,0.9364063143730164,0.3089609146118164,0.4577999413013458,0.4365381598472595,0.5581464767456055,0.4956265389919281
tele_bridge_pick23__01000100__s0011.wav,0.051173169165849686,0.16941839456558228,0.36652618646621704,0.3639930188655853,0.5610756874084473,0.6095108985900879,0.8685897588729858,0.8418589234352112
prs_bridge_fing20__01000100__s0018.wav,0.7152049541473389,0.8243147134780884,0.46604984998703003,0.6889248490333557,0.26997485756874084,0.3777409493923187,0.6513233184814453,0.611172080039978
prs_neck_pick11__01000100__s0013.wav,0.212513267993927,0.7107261419296265,0.15345458686351776,0.23625968396663666,0.1937253177165985,0.6913735866546631,0.729181706905365,0.17151132225990295
prs_bridge_fing12__01000100__s0007.wav,0.49714797735214233,0.5645654201507568,0.6821286678314209,0.6975988149642944,0.2726483643054962,0.497969388961792,0.10173246264457703,0.10658004879951477
prs_neck_pick20__01000100__s0035.wav,0.08145240694284439,0.09488170593976974,0.26419392228126526,0.6654760837554932,0.8473691940307617,0.7754994630813599,0.15123148262500763,0.23522686958312988
tele_bridge_fing17__01000100__s0038.wav,0.7415975332260132,0.9068599939346313,0.49741122126579285,0.31660568714141846,0.1414434164762497,0.17722094058990479,0.7449696660041809,0.4971064627170563
strat_neck_fing13__01000100__s0035.wav,0.6330356597900391,0.7847157120704651,0.09048841148614883,0.4682798385620117,0.9721227288246155,0.4649699330329895,0.4743614196777344,0.39738455414772034
les_bridge_fing17__01000100__s0002.wav,0.55852210521698,0.4254184067249298,0.333572119474411,0.35152629017829895,0.2330014556646347,0.3550591766834259,0.5994875431060791,0.5095400810241699
les_neck_pick25__01000100__s0031.wav,0.7429171800613403,0.8197757005691528,0.8392637968063354,0.5679375529289246,0.15727601945400238,0.3041459619998932,0.3036731779575348,0.37120532989501953
strat_neck_pick19__01000100__s0039.wav,0.29786762595176697,0.28087398409843445,0.9267921447753906,0.7053899168968201,0.021332425996661186,0.6703112125396729,0.016908830031752586,0.11713066697120667
les_bridge_pick18__01000100__s0051.wav,0.8234472274780273,0.8429145216941833,0.27476292848587036,0.4549133777618408,0.6468692421913147,0.513408362865448,0.93365877866745,0.9385020136833191
tele_neck_fing16__01000100__s0012.wav,0.7114511132240295,0.7879339456558228,0.276899516582489,0.34633007645606995,0.5852463245391846,0.5371407866477966,0.5412828922271729,0.46390944719314575
tele_neck_fing11__01000100__s0019.wav,0.6625721454620361,0.7150393128395081,0.18886367976665497,0.4855002760887146,0.5218983888626099,0.3610422909259796,0.3349255621433258,0.49130481481552124
les_bridge_pick11__01000100__s0044.wav,0.9899532794952393,0.9686181545257568,0.7826483845710754,0.9849790930747986,0.6693630814552307,0.5473656058311462,0.2480827420949936,0.4699314832687378
prs_neck_pick20__01000100__s0018.wav,0.26847389340400696,0.42611467838287354,0.3905918300151825,0.17863520979881287,0.4189377725124359,0.5145096778869629,0.6985728740692139,0.5011778473854065
prs_neck_pick21__01000100__s0023.wav,0.17862902581691742,0.4108145534992218,0.6400976181030273,0.4086489975452423,0.10489463806152344,0.16422593593597412,0.5687753558158875,0.499446302652359
strat_neck_pick24__01000100__s0034.wav,0.3547958433628082,0.7292299866676331,0.9786381721496582,0.25308188796043396,0.8491165041923523,0.783645749092102,0.9707324504852295,0.9470564126968384
prs_neck_fing02__01000100__s0030.wav,0.3405446410179138,0.3509480357170105,0.3503122925758362,0.594176709651947,0.9355100989341736,0.8852742910385132,0.9481478333473206,0.7780898213386536
tele_neck_fing07__01000100__s0034.wav,0.5767345428466797,0.5274332165718079,0.3070070147514343,0.3909899592399597,0.6890666484832764,0.4627845287322998,0.4711267352104187,0.47557422518730164
tele_bridge_pick01__01000100__s0039.wav,0.010956532321870327,0.09625788033008575,0.5972182154655457,0.20264078676700592,0.8746467232704163,0.5932867527008057,0.1902940422296524,0.13557687401771545
strat_bridge_fing01__01000100__s0053.wav,0.16846510767936707,0.1388886421918869,0.039422523230314255,0.20580510795116425,0.6600260138511658,0.4262588322162628,0.0847899541258812,0.22009174525737762
les_neck_fing07__01000100__s0029.wav,0.6165714263916016,0.4525485336780548,0.2903715670108795,0.3414921462535858,0.931778073310852,0.8576803207397461,0.28902870416641235,0.07961945235729218
strat_bridge_fing18__01000100__s0005.wav,0.04276879131793976,0.40361475944519043,0.19445884227752686,0.36795634031295776,0.6565220355987549,0.33481961488723755,0.4324452579021454,0.3135099709033966
prs_bridge_pick14__01000100__s0044.wav,0.45873555541038513,0.3507322669029236,0.4202258586883545,0.5989356637001038,0.2326461672782898,0.5663622617721558,0.2651936709880829,0.3062071204185486
tele_neck_fing24__01000100__s0025.wav,0.5205205082893372,0.5012325048446655,0.3368949592113495,0.5869437456130981,0.7851926684379578,0.8178200721740723,0.8691093325614929,0.7855932116508484
prs_bridge_fing21__01000100__s0005.wav,0.18748125433921814,0.16369587182998657,0.037136320024728775,0.28909385204315186,0.15995457768440247,0.8264244198799133,0.046464547514915466,0.09565714001655579
les_neck_fing21__01000100__s0030.wav,0.6851328015327454,0.6575607061386108,0.4379734396934509,0.5576340556144714,0.9666864275932312,0.7754630446434021,0.6538280248641968,0.3717266917228699
prs_bridge_fing01__01000100__s0035.wav,0.65501868724823,0.6160839200019836,0.8370912075042725,0.6314989328384399,0.5762679576873779,0.8594979643821716,0.2514388859272003,0.274213045835495
tele_bridge_pick09__01000100__s0023.wav,0.1919526308774948,0.23136745393276215,0.8159623146057129,0.32737675309181213,0.18897055089473724,0.3070391118526459,0.6411146521568298,0.5391056537628174
strat_neck_fing23__01000100__s0020.wav,0.08652253448963165,0.06706482172012329,0.45830684900283813,0.4186437726020813,0.39900079369544983,0.4472944140434265,0.6100982427597046,0.5439068675041199
prs_bridge_pick08__01000100__s0035.wav,0.9588059186935425,0.8617485165596008,0.8007475733757019,0.7509080171585083,0.7013283967971802,0.8493338227272034,0.7691411375999451,0.32470256090164185
prs_neck_pick11__01000100__s0006.wav,0.7363930344581604,0.7284342646598816,0.7194544076919556,0.23891054093837738,0.566702663898468,0.5873372554779053,0.9593750834465027,0.9619992971420288
strat_neck_pick08__01000100__s0002.wav,0.8500882983207703,0.8026231527328491,0.7478858232498169,0.7125630974769592,0.24922797083854675,0.12564562261104584,0.9423761963844299,0.7867242693901062
strat_bridge_pick10__01000100__s0006.wav,0.565527081489563,0.5271771550178528,0.8366682529449463,0.3651520907878876,0.012602847069501877,0.09850634634494781,0.7689958810806274,0.5879577994346619
les_bridge_fing18__01000100__s0028.wav,0.1171167865395546,0.18435852229595184,0.489945650100708,0.4751603305339813,0.6856300830841064,0.8259031772613525,0.9587351679801941,0.9102775454521179
les_neck_pick18__01000100__s0043.wav,0.934562087059021,0.9423016905784607,0.9985693097114563,0.8658135533332825,0.9151624441146851,0.8405740857124329,0.4323316812515259,0.3050137460231781
les_bridge_pick19__01000100__s0049.wav,0.3824373781681061,0.31504353880882263,0.20201809704303741,0.19833318889141083,0.4464799463748932,0.4221246540546417,0.7046528458595276,0.6522255539894104
les_neck_pick23__01000100__s0005.wav,0.6545923948287964,0.6659872531890869,0.6326935291290283,0.37265729904174805,0.4913270175457001,0.562747597694397,0.06657806038856506,0.150922492146492
prs_neck_pick10__01000100__s0033.wav,0.4576593041419983,0.5790262222290039,0.6745445132255554,0.5249868631362915,0.5550799369812012,0.4874213933944702,0.6784425973892212,0.7668839693069458
strat_neck_pick18__01000100__s0049.wav,0.8641928434371948,0.8401342630386353,0.4784010946750641,0.3855260908603668,0.9657720327377319,0.6251429915428162,0.015769226476550102,0.07762782275676727
prs_bridge_fing06__01000100__s0045.wav,0.28262168169021606,0.5792468190193176,0.7221400737762451,0.6235125660896301,0.8907761573791504,0.5933178067207336,0.28886815905570984,0.3539545238018036
tele_bridge_pick04__01000100__s0014.wav,0.5695474147796631,0.7587523460388184,0.5245024561882019,0.306077778339386,0.3713805675506592,0.47359350323677063,0.16655419766902924,0.4416545331478119
tele_neck_pick17__01000100__s0030.wav,0.05586175248026848,0.2228086292743683,0.8855435848236084,0.24278776347637177,0.36848166584968567,0.3380962312221527,0.813576340675354,0.613049328327179
strat_neck_pick05__01000100__s0019.wav,0.15012672543525696,0.21944375336170197,0.9563730359077454,0.6922111511230469,0.941348671913147,0.7896434664726257,0.0929272323846817,0.24878929555416107
strat_neck_pick07__01000100__s0002.wav,0.6355170607566833,0.678080677986145,0.45452040433883667,0.549480140209198,0.5810310244560242,0.6201629638671875,0.9879610538482666,0.9427469968795776
les_neck_fing03__01000100__s0015.wav,0.14558717608451843,0.4965822994709015,0.739565908908844,0.4401771128177643,0.4788132607936859,0.38077428936958313,0.5864469408988953,0.5871917605400085
tele_neck_pick17__01000100__s0033.wav,0.2605549395084381,0.5891668796539307,0.631256639957428,0.32137539982795715,0.24177299439907074,0.1517944037914276,0.5147541165351868,0.8094100952148438
prs_neck_fing10__01000100__s0014.wav,0.44619667530059814,0.6219942569732666,0.5501654744148254,0.7840496301651001,0.7428921461105347,0.8015178442001343,0.37979766726493835,0.23546461760997772
prs_bridge_fing10__01000100__s0004.wav,0.17424003779888153,0.20534782111644745,0.620642900466919,0.7217002511024475,0.7176498770713806,0.7740409970283508,0.5411940813064575,0.6252601146697998
les_neck_pick06__01000100__s0004.wav,0.2126993089914322,0.42345380783081055,0.793560266494751,0.2370758354663849,0.3988637924194336,0.4755963385105133,0.9762760400772095,0.9065645337104797
prs_bridge_pick23__01000100__s0047.wav,0.8005965948104858,0.7720611095428467,0.76479172706604,0.7279423475265503,0.4737444221973419,0.5442870259284973,0.6201919317245483,0.5240997076034546
tele_neck_pick10__01000100__s0032.wav,0.16336263716220856,0.35362479090690613,0.21361365914344788,0.1738092005252838,0.6188663840293884,0.5326685309410095,0.6598809361457825,0.8944752216339111
tele_bridge_fing20__01000100__s0012.wav,0.07026781886816025,0.24880564212799072,0.5021795630455017,0.4407830834388733,0.7775063514709473,0.9156873226165771,0.31713324785232544,0.2593371868133545
prs_neck_fing06__01000100__s0024.wav,0.7267618775367737,0.8678298592567444,0.9899604916572571,0.8156932592391968,0.7295260429382324,0.5898309350013733,0.2635175883769989,0.3597238063812256
les_neck_fing13__01000100__s0010.wav,0.37851133942604065,0.2993938624858856,0.5661816000938416,0.2842055559158325,0.15851113200187683,0.11095388233661652,0.4729282855987549,0.515312910079956
prs_bridge_fing10__01000100__s0047.wav,0.8734911680221558,0.7915492653846741,0.34760817885398865,0.49401965737342834,0.26695722341537476,0.3291904926300049,0.4567458927631378,0.5547677278518677
strat_neck_fing22__01000100__s0025.wav,0.7400394082069397,0.6503956913948059,0.3902333080768585,0.29613953828811646,0.9539120197296143,0.9003675580024719,0.09475655853748322,0.10914857685565948
les_bridge_pick18__01000100__s0028.wav,0.8262463212013245,0.6976302862167358,0.8936330080032349,0.8263214230537415,0.6138325929641724,0.5291932225227356,0.7844092845916748,0.773038923740387
prs_bridge_fing07__01000100__s0017.wav,0.329938679933548,0.6109371185302734,0.45359817147254944,0.3147478997707367,0.480896919965744,0.3960529863834381,0.8294772505760193,0.7692299485206604
prs_neck_fing16__01000100__s0039.wav,0.28975677490234375,0.4838004410266876,0.2652829885482788,0.3261978328227997,0.6121306419372559,0.4149801731109619,0.30977293848991394,0.6954752802848816
tele_neck_pick18__01000100__s0039.wav,0.25159725546836853,0.5588746666908264,0.9611354470252991,0.7207311391830444,0.8821728229522705,0.7553070783615112,0.10611452907323837,0.12360802292823792
prs_neck_fing09__01000100__s0035.wav,0.5933353900909424,0.5728480219841003,0.7134837508201599,0.5174806118011475,0.12126165628433228,0.057537686079740524,0.41854339838027954,0.5257977843284607
tele_neck_pick22__01000100__s0043.wav,0.08338918536901474,0.18212130665779114,0.28651902079582214,0.2897493541240692,0.9947818517684937,0.9562439322471619,0.8756755590438843,0.9402660131454468
les_neck_pick04__01000100__s0052.wav,0.18027038872241974,0.44374847412109375,0.9502106308937073,0.6897326111793518,0.2298932820558548,0.19783760607242584,0.6982210874557495,0.4212169647216797
strat_neck_pick14__01000100__s0034.wav,0.1575985550880432,0.32716742157936096,0.04571705311536789,0.2822559177875519,0.8847540020942688,0.8306909799575806,0.13166961073875427,0.1464911699295044
prs_neck_fing11__01000100__s0000.wav,0.2579052448272705,0.42505261301994324,0.9381135106086731,0.42292460799217224,0.01712244376540184,0.5922583341598511,0.018421903252601624,0.16968761384487152
prs_bridge_fing03__01000100__s0037.wav,0.6031917333602905,0.695784330368042,0.7895903587341309,0.5830086469650269,0.26568761467933655,0.2490791380405426,0.5071588754653931,0.43672841787338257
strat_neck_fing17__01000100__s0048.wav,0.9072773456573486,0.6319140195846558,0.20166796445846558,0.6870145797729492,0.3737282156944275,0.35154780745506287,0.040785156190395355,0.6182512044906616
les_neck_pick02__01000100__s0026.wav,0.8451988101005554,0.8120722770690918,0.7245742082595825,0.7510829567909241,0.7808430194854736,0.7956275939941406,0.7386296391487122,0.7282364368438721
les_neck_pick20__01000100__s0013.wav,0.444441556930542,0.6013584136962891,0.842324435710907,0.7512259483337402,0.9309350848197937,0.8392608761787415,0.2967781722545624,0.13089486956596375
prs_neck_fing25__01000100__s0054.wav,0.6374460458755493,0.5158709287643433,0.2263682782649994,0.5528819561004639,0.7334277033805847,0.6526540517807007,0.8943048715591431,0.7161574959754944
prs_neck_pick05__01000100__s0012.wav,0.6650694608688354,0.4735011160373688,0.17602242529392242,0.3835216462612152,0.20344695448875427,0.2145339846611023,0.519034206867218,0.40677404403686523
tele_bridge_pick19__01000100__s0016.wav,0.006040411535650492,0.5320202708244324,0.07317976653575897,0.2804045081138611,0.08663865923881531,0.28485530614852905,0.6942735910415649,0.44838935136795044
tele_bridge_pick24__01000100__s0027.wav,0.9556452035903931,0.8806965351104736,0.13867008686065674,0.20972776412963867,0.906440258026123,0.663774847984314,0.2724512815475464,0.35485249757766724
strat_bridge_pick24__01000100__s0026.wav,0.5542882084846497,0.32107993960380554,0.517733633518219,0.5768827795982361,0.4321148991584778,0.50445157289505,0.47649863362312317,0.4957581162452698
prs_bridge_fing09__01000100__s0047.wav,0.4933834373950958,0.5895646810531616,0.9610344767570496,0.8417745232582092,0.07040796428918839,0.2670302093029022,0.620764434337616,0.5775675773620605
prs_bridge_fing13__01000100__s0036.wav,0.8219621181488037,0.4482852518558502,0.3381156921386719,0.45865073800086975,0.17239810526371002,0.21452689170837402,0.8922320008277893,0.7655269503593445
prs_neck_pick04__01000100__s0024.wav,0.20857912302017212,0.38109269738197327,0.8699095249176025,0.5703603625297546,0.28197699785232544,0.35157445073127747,0.517801821231842,0.4885725975036621
tele_bridge_pick16__01000100__s0019.wav,0.4858035147190094,0.4862652122974396,0.6403924226760864,0.6235393285751343,0.8383254408836365,0.9058868288993835,0.927789568901062,0.7831816673278809
prs_bridge_fing17__01000100__s0012.wav,0.7282149195671082,0.5222994685173035,0.6793165802955627,0.756725013256073,0.231754869222641,0.24292625486850739,0.777344822883606,0.8017213940620422
strat_bridge_fing22__01000100__s0046.wav,0.6877256631851196,0.8573791980743408,0.4250725209712982,0.6905251741409302,0.12491580843925476,0.19689439237117767,0.9819299578666687,0.950717031955719
prs_bridge_fing17__01000100__s0053.wav,0.1507931798696518,0.2018318474292755,0.9016394019126892,0.6525428295135498,0.0860675647854805,0.6686413884162903,0.24638967216014862,0.12711113691329956
prs_neck_fing19__01000100__s0010.wav,0.3494531512260437,0.5242324471473694,0.8269094228744507,0.48154133558273315,0.4869993031024933,0.3374193012714386,0.618686854839325,0.5553717613220215
strat_bridge_fing19__01000100__s0009.wav,0.6382902264595032,0.6095555424690247,0.47306203842163086,0.5049033164978027,0.4446648359298706,0.4830448031425476,0.6543024182319641,0.8378998637199402
les_bridge_fing19__01000100__s0027.wav,0.13347871601581573,0.18363048136234283,0.5151801109313965,0.5341213345527649,0.6251550912857056,0.7011328935623169,0.18361599743366241,0.130609393119812
strat_neck_fing05__01000100__s0031.wav,0.1428236961364746,0.3896319568157196,0.6260266900062561,0.20081020891666412,0.9743361473083496,0.8640072345733643,0.44699016213417053,0.29526856541633606
tele_bridge_pick05__01000100__s0048.wav,0.12073352187871933,0.3174540102481842,0.39095598459243774,0.3448651432991028,0.8740823268890381,0.8267351984977722,0.6116472482681274,0.5167403817176819
strat_bridge_fing03__01000100__s0010.wav,0.11807835102081299,0.26903674006462097,0.8637046217918396,0.5400794148445129,0.7079849243164062,0.8156248927116394,0.6523358225822449,0.6294335722923279
strat_bridge_pick10__01000100__s0011.wav,0.272087424993515,0.5600379109382629,0.8637025356292725,0.46263402700424194,0.1659054011106491,0.28972119092941284,0.8520007133483887,0.5538941025733948
les_bridge_pick23__01000100__s0051.wav,0.06630814075469971,0.13092413544654846,0.1110253632068634,0.2892790734767914,0.2774938642978668,0.5564174652099609,0.13280107080936432,0.13608862459659576
prs_bridge_fing23__01000100__s0055.wav,0.5160942077636719,0.48471617698669434,0.8487749695777893,0.5651061534881592,0.8651484847068787,0.7744612693786621,0.28023508191108704,0.1703857034444809
strat_neck_pick08__01000100__s0040.wav,0.2543180584907532,0.23740674555301666,0.1875232607126236,0.18012459576129913,0.9082280397415161,0.5960874557495117,0.10782858729362488,0.6835378408432007
strat_neck_fing11__01000100__s0020.wav,0.5678170323371887,0.8095666170120239,0.9399916529655457,0.7297458648681641,0.3259219527244568,0.34772729873657227,0.3512033522129059,0.6032069325447083
prs_neck_fing13__01000100__s0026.wav,0.24401433765888214,0.5146029591560364,0.6912229657173157,0.5526267886161804,0.7803610563278198,0.21935561299324036,0.02672780305147171,0.4220791161060333
tele_neck_fing11__01000100__s0020.wav,0.9842079281806946,0.859997034072876,0.5335814356803894,0.5740219950675964,0.2971861958503723,0.3634958863258362,0.4368654191493988,0.44420453906059265
les_bridge_pick14__01000100__s0022.wav,0.5049477219581604,0.5840643644332886,0.6277656555175781,0.3288343548774719,0.8861615061759949,0.8636471033096313,0.4819234609603882,0.5158452391624451
tele_bridge_fing20__01000100__s0054.wav,0.8102890253067017,0.7076179385185242,0.6659559011459351,0.5723267197608948,0.728825569152832,0.5636318325996399,0.787877082824707,0.7447866201400757
strat_bridge_fing01__01000100__s0006.wav,0.15297365188598633,0.15480859577655792,0.7422025799751282,0.5480732321739197,0.10855909436941147,0.09004870802164078,0.7366257309913635,0.6713657975196838
les_neck_fing22__01000100__s0037.wav,0.7365196943283081,0.684290885925293,0.08794307708740234,0.3611389696598053,0.2712910771369934,0.2947325110435486,0.523403525352478,0.47409874200820923
tele_neck_pick11__01000100__s0051.wav,0.5923974514007568,0.3114922344684601,0.04922592639923096,0.1869862675666809,0.7023360729217529,0.8344377279281616,0.7813383936882019,0.24958045780658722
les_neck_fing20__01000100__s0010.wav,0.6352927088737488,0.30630162358283997,0.019063085317611694,0.41227245330810547,0.8549162149429321,0.5321552753448486,0.03496336564421654,0.19508586823940277
tele_neck_fing07__01000100__s0007.wav,0.029169829562306404,0.10019616782665253,0.6090477108955383,0.3420027494430542,0.08885443210601807,0.04094088077545166,0.7788263559341431,0.45519083738327026
les_bridge_fing06__01000100__s0046.wav,0.7080084085464478,0.6671923995018005,0.35727620124816895,0.6236351728439331,0.6554893255233765,0.7859399914741516,0.6189475655555725,0.5616392493247986
tele_neck_pick15__01000100__s0035.wav,0.5059331059455872,0.6447970271110535,0.3395918011665344,0.30473592877388,0.03506506234407425,0.18101291358470917,0.415615439414978,0.4434111416339874
strat_bridge_pick11__01000100__s0025.wav,0.8213815689086914,0.6152151226997375,0.13375476002693176,0.19521722197532654,0.8502714037895203,0.8406345248222351,0.8711822628974915,0.9647402763366699
tele_neck_fing05__01000100__s0019.wav,0.34189775586128235,0.16879159212112427,0.12779207527637482,0.3850742280483246,0.9920662045478821,0.9081252217292786,0.8588425517082214,0.8855982422828674
tele_bridge_pick02__01000100__s0020.wav,0.7155100107192993,0.5672900676727295,0.15654151141643524,0.3217288553714752,0.9485669732093811,0.5844943523406982,0.9148089289665222,0.8115148544311523
prs_bridge_pick17__01000100__s0053.wav,0.17857761681079865,0.48214390873908997,0.7394670248031616,0.2611841559410095,0.23219236731529236,0.21283933520317078,0.24842636287212372,0.6813742518424988
strat_neck_fing01__01000100__s0034.wav,0.34633949398994446,0.515518307685852,0.8673553466796875,0.4639047682285309,0.3647608757019043,0.22568784654140472,0.19010838866233826,0.37170907855033875
tele_neck_pick01__01000100__s0044.wav,0.534263551235199,0.6250699758529663,0.21376749873161316,0.5512977242469788,0.20404775440692902,0.35303807258605957,0.261560320854187,0.3005458414554596
tele_neck_pick22__01000100__s0039.wav,0.5644426345825195,0.5498786568641663,0.017376065254211426,0.155023992061615,0.9380467534065247,0.8889256119728088,0.966056227684021,0.9619528651237488
les_neck_pick24__01000100__s0020.wav,0.8415661454200745,0.9167211055755615,0.8792580962181091,0.6442095637321472,0.5085144639015198,0.6056026816368103,0.6320438981056213,0.4740638732910156
prs_bridge_pick13__01000100__s0040.wav,0.031507715582847595,0.2082981914281845,0.2316720187664032,0.37045425176620483,0.19553732872009277,0.2745101749897003,0.4071585237979889,0.5398991107940674
prs_bridge_pick25__01000100__s0010.wav,0.6655140519142151,0.818809449672699,0.8548609018325806,0.8712077736854553,0.05797753110527992,0.06176475062966347,0.6875085830688477,0.49421098828315735
strat_neck_pick07__01000100__s0033.wav,0.6329817771911621,0.6302567720413208,0.21634216606616974,0.24091656506061554,0.6440137624740601,0.726588785648346,0.828768253326416,0.9274844527244568
prs_neck_pick02__01000100__s0016.wav,0.45394837856292725,0.626038134098053,0.26930782198905945,0.3123643696308136,0.553777277469635,0.5599307417869568,0.9422903060913086,0.8530359268188477
prs_bridge_fing09__01000100__s0021.wav,0.06155374273657799,0.09754547476768494,0.15831701457500458,0.4273752272129059,0.6050814390182495,0.5391842126846313,0.9129174947738647,0.9141831994056702
les_neck_fing24__01000100__s0022.wav,0.5829865336418152,0.7612614631652832,0.10945609211921692,0.5146336555480957,0.9407369494438171,0.7497637867927551,0.19432079792022705,0.5260292291641235
strat_bridge_fing10__01000100__s0036.wav,0.10492943227291107,0.3131900429725647,0.5294778943061829,0.23608428239822388,0.3017818331718445,0.4190573990345001,0.5749772191047668,0.3976914584636688
tele_bridge_fing19__01000100__s0017.wav,0.4421660602092743,0.7183539867401123,0.9292868375778198,0.47186964750289917,0.9024089574813843,0.7598475217819214,0.9245989322662354,0.8664406538009644
strat_bridge_fing13__01000100__s0025.wav,0.9882113337516785,0.9045957922935486,0.8701279163360596,0.7725457549095154,0.6661615371704102,0.6457181572914124,0.0005266349180601537,0.13031814992427826
tele_neck_fing10__01000100__s0002.wav,0.11795163154602051,0.6614890694618225,0.984268069267273,0.29472842812538147,0.4587821960449219,0.36528584361076355,0.02536613680422306,0.08484950661659241
les_bridge_fing04__01000100__s0032.wav,0.06744563579559326,0.205321803689003,0.802466630935669,0.17361003160476685,0.3435545265674591,0.5974103808403015,0.09026095271110535,0.08788163214921951
les_neck_fing12__01000100__s0045.wav,0.8612447381019592,0.8575872778892517,0.18071964383125305,0.5121081471443176,0.38786381483078003,0.7575981020927429,0.020568421110510826,0.29625171422958374
tele_bridge_fing11__01000100__s0044.wav,0.11996377259492874,0.44208312034606934,0.3297520875930786,0.1476401686668396,0.30799558758735657,0.3206131160259247,0.9746165871620178,0.7690852880477905
prs_bridge_fing14__01000100__s0000.wav,0.7363308072090149,0.8904914855957031,0.9508869647979736,0.653799295425415,0.12675857543945312,0.4709564745426178,0.1981469839811325,0.30961766839027405
strat_bridge_fing23__01000100__s0025.wav,0.7346226572990417,0.821826696395874,0.4104224443435669,0.6426287293434143,0.8144152760505676,0.887688934803009,0.45674368739128113,0.3745807111263275
tele_bridge_pick08__01000100__s0002.wav,0.21864564716815948,0.2289768010377884,0.25896844267845154,0.2805536985397339,0.10635645687580109,0.04170713573694229,0.6820001602172852,0.5675142407417297
tele_neck_pick13__01000100__s0049.wav,0.4908964931964874,0.5108684301376343,0.19145061075687408,0.4032672941684723,0.14730894565582275,0.11363326758146286,0.45657557249069214,0.5020256638526917
les_bridge_fing07__01000100__s0009.wav,0.25848695635795593,0.18066135048866272,0.6614316701889038,0.6291622519493103,0.7897191643714905,0.476016104221344,0.5588557124137878,0.6233000755310059
tele_bridge_fing08__01000100__s0025.wav,0.375345915555954,0.40730738639831543,0.5376279950141907,0.30307191610336304,0.3002346158027649,0.3607536256313324,0.6477569937705994,0.6908557415008545
les_neck_fing05__01000100__s0023.wav,0.28168976306915283,0.42872127890586853,0.82679283618927,0.4851122796535492,0.4056527018547058,0.4230794310569763,0.2618582248687744,0.2034110724925995
les_neck_pick10__01000100__s0000.wav,0.9430503845214844,0.6916064620018005,0.3294380009174347,0.4579908549785614,0.40316593647003174,0.7142897248268127,0.08881276100873947,0.4047791063785553
strat_neck_fing17__01000100__s0030.wav,0.458658367395401,0.38868942856788635,0.6699326038360596,0.7149780988693237,0.23680473864078522,0.20335380733013153,0.22647006809711456,0.25668588280677795
tele_bridge_pick04__01000100__s0012.wav,0.5501931309700012,0.36187872290611267,0.9245081543922424,0.8082664012908936,0.38632330298423767,0.3763282597064972,0.8140199184417725,0.6391223073005676
les_neck_fing06__01000100__s0045.wav,0.45974722504615784,0.5168101787567139,0.5736045837402344,0.6030493378639221,0.6011133193969727,0.8464866280555725,0.17393431067466736,0.14658237993717194
tele_bridge_pick22__01000100__s0008.wav,0.26595205068588257,0.44654420018196106,0.6778330206871033,0.2834130823612213,0.5879172086715698,0.6770973801612854,0.20129525661468506,0.4587134122848511
tele_neck_fing12__01000100__s0032.wav,0.4991658627986908,0.5890141725540161,0.7005141377449036,0.8052215576171875,0.3997306227684021,0.34493568539619446,0.7393913269042969,0.5295693874359131
tele_neck_fing07__01000100__s0044.wav,0.5641054511070251,0.5860829949378967,0.18241703510284424,0.2743460536003113,0.7785171866416931,0.7704653739929199,0.5331215858459473,0.718889057636261
strat_bridge_pick06__01000100__s0010.wav,0.026647362858057022,0.25466299057006836,0.8311724662780762,0.17550379037857056,0.15657645463943481,0.21981263160705566,0.4756390452384949,0.6461871862411499
prs_bridge_pick03__01000100__s0041.wav,0.0322384312748909,0.4864218831062317,0.6992736458778381,0.7166159749031067,0.7625609040260315,0.6884732246398926,0.737394392490387,0.45263734459877014
prs_bridge_fing11__01000100__s0021.wav,0.04998385161161423,0.26708200573921204,0.9467057585716248,0.515461266040802,0.42494338750839233,0.7438797950744629,0.33868348598480225,0.27461352944374084
les_neck_pick12__01000100__s0035.wav,0.08324401080608368,0.17154134809970856,0.4308067858219147,0.39121517539024353,0.8684335947036743,0.9019850492477417,0.671884298324585,0.280239462852478
les_bridge_fing13__01000100__s0053.wav,0.8943870663642883,0.8140727877616882,0.551548421382904,0.7232039570808411,0.6040359735488892,0.5760958790779114,0.9985826015472412,0.9902241230010986
tele_neck_pick07__01000100__s0027.wav,0.6283960342407227,0.6879863739013672,0.5575566291809082,0.6479184627532959,0.5697982311248779,0.7915557026863098,0.43313050270080566,0.38580867648124695
prs_bridge_fing16__01000100__s0015.wav,0.5750211477279663,0.575133204460144,0.31494754552841187,0.41931459307670593,0.335487961769104,0.27709662914276123,0.07651440799236298,0.3339989483356476
tele_bridge_fing15__01000100__s0000.wav,0.7769695520401001,0.8711545467376709,0.6835382580757141,0.7254584431648254,0.9099466800689697,0.8374245762825012,0.9096328020095825,0.8046853542327881
strat_bridge_pick14__01000100__s0050.wav,0.3648882806301117,0.47326505184173584,0.650878369808197,0.5718681216239929,0.414279967546463,0.45041340589523315,0.07058624178171158,0.07663694024085999
tele_bridge_pick11__01000100__s0012.wav,0.6477022767066956,0.6015095114707947,0.6891417503356934,0.7574912309646606,0.20279251039028168,0.6687737107276917,0.0632360577583313,0.16037136316299438
prs_bridge_pick22__01000100__s0002.wav,0.9200646281242371,0.7292194962501526,0.07424351572990417,0.4804002046585083,0.6280955076217651,0.5047949552536011,0.05688131973147392,0.11327710747718811
les_neck_fing09__01000100__s0017.wav,0.006874742452055216,0.22758807241916656,0.021311266347765923,0.5568733215332031,0.39913713932037354,0.7216213345527649,0.8363233804702759,0.7570528984069824
strat_neck_fing25__01000100__s0013.wav,0.4467714726924896,0.6921463012695312,0.305462509393692,0.2155693769454956,0.699221134185791,0.21165525913238525,0.3942393362522125,0.3118404448032379
strat_bridge_fing14__01000100__s0054.wav,0.19681359827518463,0.38153865933418274,0.7907050251960754,0.6470246315002441,0.8748372793197632,0.6082373261451721,0.1573716253042221,0.3942504823207855
tele_bridge_pick20__01000100__s0007.wav,0.6307610273361206,0.5306141376495361,0.3925657868385315,0.7649627923965454,0.9457224011421204,0.9345995783805847,0.7050788998603821,0.7218550443649292
tele_neck_pick19__01000100__s0028.wav,0.8603227734565735,0.7987691760063171,0.8214187622070312,0.6354999542236328,0.3464590609073639,0.5826980471611023,0.10753495246171951,0.10465120524168015
prs_bridge_pick07__01000100__s0010.wav,0.5300866365432739,0.5946633219718933,0.34790533781051636,0.5701453685760498,0.7664163112640381,0.7683289647102356,0.5514819622039795,0.5926230549812317
tele_neck_fing16__01000100__s0022.wav,0.9156220555305481,0.7989243268966675,0.25425663590431213,0.5851854085922241,0.530281662940979,0.5042089223861694,0.3619386553764343,0.5677885413169861
prs_bridge_fing19__01000100__s0039.wav,0.3250414729118347,0.14239737391471863,0.5585902333259583,0.5952174067497253,0.1542629450559616,0.30989620089530945,0.6770086288452148,0.5360444784164429
strat_neck_fing14__01000100__s0051.wav,0.1307501196861267,0.4777452349662781,0.9409191608428955,0.28916630148887634,0.648294985294342,0.7459624409675598,0.04304329678416252,0.32443371415138245
les_neck_fing05__01000100__s0011.wav,0.7067235708236694,0.5165258646011353,0.0534931942820549,0.4014805257320404,0.9803153276443481,0.8609074950218201,0.6972365379333496,0.4527066946029663
prs_neck_pick19__01000100__s0049.wav,0.807563841342926,0.9381994009017944,0.9085055589675903,0.8986182808876038,0.6278010606765747,0.728796660900116,0.2170117199420929,0.229516863822937
tele_bridge_pick08__01000100__s0016.wav,0.8782269358634949,0.887458860874176,0.5236514806747437,0.6644056439399719,0.4726507067680359,0.3453543782234192,0.6592262387275696,0.6097487211227417
prs_bridge_fing15__01000100__s0034.wav,0.5769290328025818,0.6447604298591614,0.526889443397522,0.3737783133983612,0.38418814539909363,0.435024231672287,0.601128876209259,0.6413484215736389
les_bridge_pick04__01000100__s0031.wav,0.17688728868961334,0.15274284780025482,0.23551322519779205,0.34426209330558777,0.41558122634887695,0.38146162033081055,0.29178088903427124,0.3750010132789612
strat_neck_fing13__01000100__s0050.wav,0.739850640296936,0.7284305691719055,0.6435298323631287,0.7330451607704163,0.14839915931224823,0.18867288529872894,0.2125956416130066,0.1549110859632492
prs_neck_pick14__01000100__s0000.wav,0.714217483997345,0.6408319473266602,0.5514065027236938,0.6147857308387756,0.10476819425821304,0.20230214297771454,0.5103206634521484,0.5110576152801514
strat_neck_fing25__01000100__s0031.wav,0.6482362151145935,0.6725378036499023,0.16421441733837128,0.34900665283203125,0.030018441379070282,0.13148188591003418,0.9871366024017334,0.9454861283302307
prs_bridge_pick15__01000100__s0000.wav,0.8285698890686035,0.8834905624389648,0.340158075094223,0.392559677362442,0.021028639748692513,0.21275877952575684,0.7447099685668945,0.6949477791786194
tele_neck_fing05__01000100__s0024.wav,0.7665030360221863,0.6787154078483582,0.24328087270259857,0.3584250807762146,0.5791080594062805,0.3308791220188141,0.24659079313278198,0.10678531229496002
les_neck_fing12__01000100__s0005.wav,0.09556195139884949,0.5178202390670776,0.3737517297267914,0.12735773622989655,0.9643717408180237,0.7870463728904724,0.4348633587360382,0.48484039306640625
strat_bridge_pick06__01000100__s0007.wav,0.4041694402694702,0.5068842172622681,0.6097017526626587,0.8981366753578186,0.8659566640853882,0.8010514378547668,0.6175409555435181,0.29184889793395996
les_neck_pick06__01000100__s0048.wav,0.18833447992801666,0.0950980857014656,0.03391417860984802,0.24774862825870514,0.8061279654502869,0.8460442423820496,0.6307542324066162,0.822090208530426
strat_bridge_pick20__01000100__s0031.wav,0.6428114175796509,0.599603533744812,0.04493889957666397,0.3238062262535095,0.5063324570655823,0.6097689867019653,0.9944239258766174,0.9656409621238708
les_neck_pick25__01000100__s0028.wav,0.4409947693347931,0.5182677507400513,0.8340564370155334,0.5460959076881409,0.881938636302948,0.806933581829071,0.7380673885345459,0.6052232384681702
les_neck_fing02__01000100__s0020.wav,0.6283345222473145,0.6330837607383728,0.46882879734039307,0.38369694352149963,0.6018745303153992,0.7879511117935181,0.5932050943374634,0.5511709451675415
tele_neck_pick10__01000100__s0043.wav,0.6679150462150574,0.7225330471992493,0.19738860428333282,0.5524221062660217,0.9802390933036804,0.9261296391487122,0.4658133089542389,0.6010407209396362
les_neck_pick02__01000100__s0002.wav,0.09235010296106339,0.14077860116958618,0.8822763562202454,0.23661629855632782,0.6749404668807983,0.8596073389053345,0.8341009020805359,0.689416766166687
prs_bridge_fing21__01000100__s0040.wav,0.11294476687908173,0.25682803988456726,0.794139564037323,0.478302001953125,0.2634107172489166,0.19613981246948242,0.9715830087661743,0.9597080945968628
tele_neck_pick18__01000100__s0013.wav,0.5576244592666626,0.5570582151412964,0.294857382774353,0.37813523411750793,0.9694563746452332,0.9411793351173401,0.9258386492729187,0.8441272974014282
strat_bridge_fing24__01000100__s0051.wav,0.5055102705955505,0.707732617855072,0.4311025142669678,0.37921208143234253,0.05010611563920975,0.31113895773887634,0.5657995343208313,0.22378960251808167
tele_bridge_pick03__01000100__s0023.wav,0.9165701866149902,0.8592473864555359,0.2569192945957184,0.34386637806892395,0.08165480196475983,0.09526881575584412,0.5159205794334412,0.5065093040466309
strat_bridge_pick13__01000100__s0037.wav,0.04657989740371704,0.6252874732017517,0.2760069668292999,0.27366194128990173,0.33423230051994324,0.7969440817832947,0.28915131092071533,0.3653600513935089
tele_neck_pick11__01000100__s0007.wav,0.7888883948326111,0.7078643441200256,0.5897470712661743,0.8606762886047363,0.9177932739257812,0.8047628998756409,0.6923898458480835,0.8809903264045715
les_neck_fing12__01000100__s0002.wav,0.6708859205245972,0.6585832238197327,0.9939015507698059,0.6676759123802185,0.6987854242324829,0.7051156163215637,0.9669763445854187,0.8983142971992493
strat_bridge_fing19__01000100__s0039.wav,0.6524128913879395,0.79649817943573,0.1390679031610489,0.19347935914993286,0.2014104723930359,0.21001438796520233,0.9042705297470093,0.7336791753768921
strat_bridge_fing04__01000100__s0050.wav,0.034832943230867386,0.20565631985664368,0.5015457272529602,0.2122720181941986,0.11110091954469681,0.17290133237838745,0.40073031187057495,0.36455655097961426
prs_bridge_fing06__01000100__s0030.wav,0.7507007718086243,0.8327795267105103,0.777952253818512,0.8135746121406555,0.2496843785047531,0.486322820186615,0.2566010355949402,0.4796161949634552
strat_neck_pick06__01000100__s0012.wav,0.02217765897512436,0.3350173532962799,0.5652831196784973,0.34118467569351196,0.807601273059845,0.9133909344673157,0.2707682251930237,0.43104782700538635
tele_neck_fing23__01000100__s0004.wav,0.24662403762340546,0.33328333497047424,0.3693951666355133,0.3457503020763397,0.5982379913330078,0.5495464205741882,0.6561489701271057,0.6045135855674744
strat_bridge_fing06__01000100__s0025.wav,0.06254803389310837,0.11342369765043259,0.2851819396018982,0.35813066363334656,0.17740938067436218,0.28206849098205566,0.7890370488166809,0.7982993125915527
prs_bridge_fing10__01000100__s0028.wav,0.958025336265564,0.6888787150382996,0.30185380578041077,0.5373744368553162,0.7102214097976685,0.7880858182907104,0.8737993240356445,0.7089382410049438
strat_neck_fing14__01000100__s0020.wav,0.31089577078819275,0.29662632942199707,0.5047591924667358,0.5994194746017456,0.16510656476020813,0.20102226734161377,0.2247491180896759,0.3502335548400879
les_bridge_pick08__01000100__s0015.wav,0.5776163935661316,0.4761981964111328,0.0009400731069035828,0.6177850365638733,0.5547613501548767,0.5257037878036499,0.42146068811416626,0.5835776925086975
les_neck_fing18__01000100__s0026.wav,0.44755658507347107,0.22906170785427094,0.31756144762039185,0.39865005016326904,0.8665605783462524,0.8763276934623718,0.9401776194572449,0.9286620616912842
strat_bridge_fing20__01000100__s0046.wav,0.3730463981628418,0.4322844445705414,0.9111710786819458,0.36815786361694336,0.49514591693878174,0.25892651081085205,0.09195531159639359,0.06915615499019623
strat_bridge_pick20__01000100__s0036.wav,0.18014945089817047,0.44893932342529297,0.6607511639595032,0.6284694671630859,0.638291597366333,0.561409592628479,0.6465240120887756,0.549437403678894
les_bridge_fing21__01000100__s0002.wav,0.9380737543106079,0.8917542099952698,0.45719113945961,0.4506407082080841,0.9499974250793457,0.949364423751831,0.9034816026687622,0.8381960391998291
les_bridge_fing07__01000100__s0005.wav,0.907830536365509,0.9377003908157349,0.7598481178283691,0.765483021736145,0.7711682319641113,0.8841228485107422,0.8376567363739014,0.7113634943962097
prs_neck_pick20__01000100__s0005.wav,0.36823078989982605,0.46370813250541687,0.6549140214920044,0.49095430970191956,0.6565859913825989,0.4099571108818054,0.6583036184310913,0.37879547476768494
strat_bridge_pick13__01000100__s0035.wav,0.9933597445487976,0.8399190306663513,0.023161523044109344,0.3811400830745697,0.9864952564239502,0.7944648861885071,0.337843120098114,0.2922232151031494
les_neck_fing17__01000100__s0007.wav,0.49161240458488464,0.6341066360473633,0.7299861311912537,0.4104692041873932,0.3423445522785187,0.42515769600868225,0.8436250686645508,0.49676674604415894
les_bridge_fing13__01000100__s0024.wav,0.3205072581768036,0.2100404053926468,0.6490426063537598,0.5132920742034912,0.8393625020980835,0.9082526564598083,0.612549901008606,0.7817169427871704
tele_bridge_fing11__01000100__s0034.wav,0.7088577151298523,0.5782115459442139,0.4333131015300751,0.8699035048484802,0.1285710632801056,0.3337372839450836,0.3480461537837982,0.5135778188705444
les_neck_fing11__01000100__s0009.wav,0.8597688674926758,0.5280578136444092,0.08326328545808792,0.23225606977939606,0.4092860817909241,0.43402305245399475,0.4871681332588196,0.5087026357650757
tele_neck_pick17__01000100__s0000.wav,0.7857474088668823,0.5796599984169006,0.07910353690385818,0.34755855798721313,0.4218733608722687,0.3917149305343628,0.45496833324432373,0.43910837173461914
prs_neck_fing21__01000100__s0039.wav,0.9489031434059143,0.7409460544586182,0.24117587506771088,0.42073529958724976,0.9830673933029175,0.9157701134681702,0.8442777395248413,0.8563173413276672
tele_bridge_pick04__01000100__s0002.wav,0.03885667026042938,0.4334418475627899,0.8869084715843201,0.3102453649044037,0.027688805013895035,0.6241792440414429,0.14148561656475067,0.6405284404754639
strat_bridge_fing21__01000100__s0044.wav,0.021439293399453163,0.20155838131904602,0.7948030233383179,0.5155173540115356,0.2529889643192291,0.28755971789360046,0.6971143484115601,0.47536391019821167
strat_bridge_fing24__01000100__s0011.wav,0.1685008704662323,0.502748966217041,0.7116389274597168,0.4994141757488251,0.6638224124908447,0.7087828516960144,0.908926784992218,0.8123856782913208
les_bridge_fing04__01000100__s0040.wav,0.4250180721282959,0.37650951743125916,0.24459046125411987,0.30202582478523254,0.4551475942134857,0.3083138167858124,0.9520508646965027,0.518953800201416
les_bridge_fing20__01000100__s0023.wav,0.021892599761486053,0.11167741566896439,0.40600475668907166,0.2712652385234833,0.4163038432598114,0.47699758410453796,0.6724268198013306,0.6382132172584534
tele_neck_pick19__01000100__s0009.wav,0.22807066142559052,0.09776078909635544,0.6678270697593689,0.47044530510902405,0.4932985305786133,0.5185511112213135,0.5657867789268494,0.5478547215461731
strat_neck_fing07__01000100__s0010.wav,0.9606692790985107,0.8829976916313171,0.4260924756526947,0.6608038544654846,0.523301899433136,0.5600969791412354,0.644946813583374,0.742662250995636
tele_neck_pick24__01000100__s0042.wav,0.6770892143249512,0.5286056399345398,0.1450282782316208,0.5879935026168823,0.21911102533340454,0.18259720504283905,0.6251777410507202,0.6021664142608643
prs_bridge_fing05__01000100__s0024.wav,0.9911034107208252,0.8936957120895386,0.27182096242904663,0.7739527225494385,0.5472670197486877,0.49028411507606506,0.38339942693710327,0.5709289312362671
strat_neck_fing06__01000100__s0033.wav,0.932546854019165,0.92367023229599,0.8827305436134338,0.7441180348396301,0.2170671671628952,0.29245901107788086,0.40853962302207947,0.11176156997680664
tele_neck_fing13__01000100__s0045.wav,0.21710705757141113,0.34828269481658936,0.8736713528633118,0.732162594795227,0.28372204303741455,0.2589367926120758,0.10955578833818436,0.07695736736059189
tele_bridge_pick15__01000100__s0011.wav,0.37213200330734253,0.3349313735961914,0.3276652991771698,0.49423032999038696,0.38766801357269287,0.391401082277298,0.5163402557373047,0.5970053672790527
strat_bridge_fing09__01000100__s0032.wav,0.20875824987888336,0.15349237620830536,0.9863617420196533,0.38485708832740784,0.5393717288970947,0.6221773624420166,0.16754287481307983,0.5123499035835266
prs_bridge_fing13__01000100__s0014.wav,0.7177726030349731,0.630523681640625,0.8037587404251099,0.576262891292572,0.04056639224290848,0.40891721844673157,0.039484843611717224,0.04421285167336464
prs_neck_pick19__01000100__s0055.wav,0.3124059736728668,0.3351568281650543,0.25067344307899475,0.3385522961616516,0.48967283964157104,0.5655466914176941,0.9280882477760315,0.6176575422286987
prs_bridge_pick21__01000100__s0051.wav,0.009777151979506016,0.12047459930181503,0.5998929738998413,0.39940953254699707,0.9083855748176575,0.9302026629447937,0.9490084052085876,0.9713700413703918
strat_bridge_fing24__01000100__s0043.wav,0.8381901979446411,0.9140114784240723,0.30025991797447205,0.20999188721179962,0.8566011786460876,0.7429625391960144,0.2643245458602905,0.36104294657707214
tele_bridge_fing16__01000100__s0015.wav,0.9941807985305786,0.9798612594604492,0.9948713183403015,0.9311912059783936,0.7546291947364807,0.8342791795730591,0.5972893834114075,0.7042047381401062
strat_neck_fing18__01000100__s0025.wav,0.2693749964237213,0.15359851717948914,0.285213828086853,0.5116263628005981,0.2893044054508209,0.6798546314239502,0.41862964630126953,0.45437324047088623
les_neck_fing20__01000100__s0023.wav,0.7937427759170532,0.7163188457489014,0.21089550852775574,0.5502973198890686,0.26421934366226196,0.136749267578125,0.6327865123748779,0.9348374605178833
tele_bridge_fing09__01000100__s0042.wav,0.3399697542190552,0.41721826791763306,0.37825748324394226,0.5550366044044495,0.5350911021232605,0.6254773139953613,0.6553477644920349,0.4356810450553894
prs_neck_fing12__01000100__s0023.wav,0.9925228357315063,0.9513509273529053,0.7400542497634888,0.9206640720367432,0.6536834239959717,0.6431025862693787,0.5104553699493408,0.6656261682510376
les_neck_fing22__01000100__s0052.wav,0.49611005187034607,0.4552558958530426,0.2004903107881546,0.4193163514137268,0.8692704439163208,0.8299459218978882,0.9416606426239014,0.7947297692298889
tele_bridge_pick12__01000100__s0021.wav,0.2324819415807724,0.2559396028518677,0.30467790365219116,0.3652108907699585,0.3917771279811859,0.5116125345230103,0.10025911778211594,0.30054911971092224
tele_bridge_fing19__01000100__s0012.wav,0.7383869886398315,0.5922555327415466,0.3422437906265259,0.34521394968032837,0.5851458311080933,0.7819529175758362,0.1958197057247162,0.33423662185668945
les_bridge_fing22__01000100__s0051.wav,0.5808328986167908,0.7009444832801819,0.4514700472354889,0.6860902905464172,0.5145031213760376,0.5887388586997986,0.5497534275054932,0.6141060590744019
les_neck_fing12__01000100__s0047.wav,0.48034510016441345,0.3795285224914551,0.990115225315094,0.8104545474052429,0.5552681684494019,0.5295450091362,0.9142501950263977,0.5139103531837463
tele_bridge_fing22__01000100__s0042.wav,0.7473931312561035,0.6334514021873474,0.8811911344528198,0.873271644115448,0.6857346296310425,0.36722245812416077,0.2149854153394699,0.14693649113178253
les_neck_fing13__01000100__s0029.wav,0.19486285746097565,0.4614722728729248,0.8006637692451477,0.6835174560546875,0.30698445439338684,0.2880869507789612,0.3868579566478729,0.32977110147476196
prs_neck_pick15__01000100__s0014.wav,0.1488952934741974,0.14027072489261627,0.2219819575548172,0.3252404034137726,0.6313722729682922,0.5233900547027588,0.4011668264865875,0.3941502273082733
tele_bridge_pick24__01000100__s0047.wav,0.41115090250968933,0.3730601966381073,0.13808831572532654,0.13358855247497559,0.7345105409622192,0.8069305419921875,0.17685987055301666,0.14663738012313843
prs_neck_fing20__01000100__s0048.wav,0.24132388830184937,0.15189076960086823,0.08618370443582535,0.4924568831920624,0.5386217832565308,0.49120596051216125,0.7563942670822144,0.5971694588661194
strat_neck_pick25__01000100__s0002.wav,0.8910667300224304,0.8863244652748108,0.9596741795539856,0.7703005075454712,0.2893569767475128,0.416500449180603,0.3305359482765198,0.4230157434940338
tele_bridge_pick12__01000100__s0041.wav,0.9055028557777405,0.9730758666992188,0.9917284846305847,0.8438735008239746,0.49632295966148376,0.49284762144088745,0.38229960203170776,0.48885464668273926
strat_bridge_fing19__01000100__s0008.wav,0.9243906736373901,0.7337867617607117,0.4183714687824249,0.4435866177082062,0.4173191487789154,0.5276599526405334,0.13338136672973633,0.23697113990783691
strat_neck_pick04__01000100__s0053.wav,0.9522939324378967,0.8507892489433289,0.5488722324371338,0.33805224299430847,0.12416817992925644,0.07019101828336716,0.6297882795333862,0.5673593282699585
strat_neck_fing21__01000100__s0017.wav,0.665092408657074,0.35183489322662354,0.1847512125968933,0.4997319281101227,0.2260787934064865,0.6912965178489685,0.32429420948028564,0.21507768332958221
prs_bridge_pick19__01000100__s0000.wav,0.6014605760574341,0.7040433287620544,0.5952122807502747,0.4921741485595703,0.620158314704895,0.6553750038146973,0.10506295412778854,0.31893062591552734
strat_bridge_pick23__01000100__s0039.wav,0.49962741136550903,0.4095996022224426,0.25857070088386536,0.5267322063446045,0.39104005694389343,0.4555765688419342,0.5275346636772156,0.42623913288116455
les_neck_pick05__01000100__s0038.wav,0.10129314661026001,0.054383620619773865,0.5371716022491455,0.2031545490026474,0.41728660464286804,0.4883759319782257,0.5953590869903564,0.6908837556838989
les_neck_pick22__01000100__s0015.wav,0.3742682635784149,0.38107919692993164,0.24305179715156555,0.31033769249916077,0.3548210561275482,0.45480069518089294,0.7233099937438965,0.5884639620780945
strat_bridge_pick16__01000100__s0037.wav,0.16413523256778717,0.40131229162216187,0.6931719183921814,0.23255397379398346,0.6297343969345093,0.5134235620498657,0.18218740820884705,0.0983676090836525
les_neck_pick23__01000100__s0053.wav,0.33544057607650757,0.3093748986721039,0.7123878002166748,0.7040940523147583,0.9774207472801208,0.4920125901699066,0.256131649017334,0.14607855677604675
prs_bridge_fing06__01000100__s0013.wav,0.8592439889907837,0.7059326767921448,0.2460504174232483,0.6638566255569458,0.8815139532089233,0.5526886582374573,0.12382354587316513,0.6344080567359924
prs_bridge_fing01__01000100__s0010.wav,0.8962785005569458,0.9594409465789795,0.7146082520484924,0.9326164722442627,0.09072375297546387,0.063138447701931,0.8516998291015625,0.9055274724960327
prs_neck_pick01__01000100__s0006.wav,0.12940426170825958,0.20813652873039246,0.824007511138916,0.42455172538757324,0.5824477672576904,0.482919305562973,0.6756405830383301,0.29930102825164795
prs_bridge_pick09__01000100__s0029.wav,0.8069160580635071,0.5282475352287292,0.008568708784878254,0.39251551032066345,0.9144682288169861,0.8552039265632629,0.7480637431144714,0.18735317885875702
tele_bridge_pick17__01000100__s0038.wav,0.23936021327972412,0.26390424370765686,0.08550149947404861,0.24407421052455902,0.18174031376838684,0.21471285820007324,0.8669248223304749,0.7376806735992432
les_bridge_pick17__01000100__s0012.wav,0.7832528352737427,0.686612069606781,0.5058075189590454,0.5401850342750549,0.006972598843276501,0.23653185367584229,0.9695956110954285,0.9205777049064636
les_neck_fing24__01000100__s0009.wav,0.5003101825714111,0.410316526889801,0.7215875387191772,0.3262675702571869,0.3383665680885315,0.3350831866264343,0.6308274269104004,0.5750811100006104
strat_neck_fing11__01000100__s0032.wav,0.22381266951560974,0.28691720962524414,0.07306069135665894,0.5131910443305969,0.8573418855667114,0.5382295846939087,0.04190542921423912,0.1144835576415062
tele_neck_fing03__01000100__s0013.wav,0.023755056783556938,0.13027212023735046,0.12246706336736679,0.3751414120197296,0.0010872675338760018,0.17528752982616425,0.6015172600746155,0.4278509318828583
tele_neck_fing16__01000100__s0032.wav,0.419074147939682,0.7136304378509521,0.5855788588523865,0.34132105112075806,0.30176717042922974,0.3776707351207733,0.3285817801952362,0.4234384596347809
prs_bridge_pick22__01000100__s0019.wav,0.2639765441417694,0.24620912969112396,0.0402086116373539,0.2940562069416046,0.5689662098884583,0.7815639972686768,0.5442856550216675,0.27032187581062317
tele_bridge_pick02__01000100__s0054.wav,0.2666868567466736,0.4606286585330963,0.7727806568145752,0.4837542474269867,0.5500434041023254,0.5033935904502869,0.8468310236930847,0.8753799200057983
les_neck_pick07__01000100__s0055.wav,0.8629862666130066,0.758184015750885,0.3617575168609619,0.43281954526901245,0.2510632574558258,0.8197810649871826,0.004953071475028992,0.09216628968715668
les_neck_fing09__01000100__s0013.wav,0.0779535323381424,0.16789844632148743,0.8968998193740845,0.14613178372383118,0.4340416491031647,0.4570304751396179,0.6873698830604553,0.3022524416446686
tele_neck_pick13__01000100__s0054.wav,0.3791202902793884,0.47558262944221497,0.5223585367202759,0.6264722943305969,0.5217079520225525,0.5139365792274475,0.7510693073272705,0.6621006727218628
les_bridge_pick17__01000100__s0027.wav,0.8385066986083984,0.816697359085083,0.257775217294693,0.5771864056587219,0.09522554278373718,0.06638415157794952,0.8058165311813354,0.8761657476425171
les_neck_fing02__01000100__s0006.wav,0.22477099299430847,0.7269637584686279,0.8241874575614929,0.3862648606300354,0.1635047197341919,0.1717628836631775,0.16575448215007782,0.23675787448883057
les_neck_pick19__01000100__s0019.wav,0.1860514134168625,0.14887145161628723,0.04476670175790787,0.1596125215291977,0.6414158344268799,0.6095494031906128,0.14020684361457825,0.263698548078537
tele_bridge_pick21__01000100__s0055.wav,0.4230138659477234,0.7281428575515747,0.546211838722229,0.330513596534729,0.4678315818309784,0.42995738983154297,0.10001644492149353,0.07221077382564545
tele_bridge_fing23__01000100__s0044.wav,0.9476863741874695,0.9152666330337524,0.8696532845497131,0.8774440884590149,0.7443903088569641,0.6866914629936218,0.2836250960826874,0.2569015920162201
les_neck_pick13__01000100__s0012.wav,0.04270437732338905,0.042091988027095795,0.8730245232582092,0.06919589638710022,0.5885045528411865,0.5487193465232849,0.69356769323349,0.7261924743652344
strat_neck_fing03__01000100__s0011.wav,0.6902236938476562,0.6714417338371277,0.2991113066673279,0.33523133397102356,0.6988751888275146,0.6496462225914001,0.3314610421657562,0.3658861219882965
tele_bridge_fing02__01000100__s0015.wav,0.3541736602783203,0.32323187589645386,0.24922317266464233,0.3528211712837219,0.36573803424835205,0.3089539110660553,0.7174134850502014,0.6037143468856812
prs_neck_pick17__01000100__s0004.wav,0.3981377184391022,0.44348588585853577,0.9643794298171997,0.2836337685585022,0.10307411104440689,0.5994450449943542,0.04797551408410072,0.08917955309152603
tele_neck_fing07__01000100__s0005.wav,0.30030232667922974,0.2137525975704193,0.5281577706336975,0.6930865049362183,0.03807492181658745,0.18306784331798553,0.41027650237083435,0.8054675459861755
tele_bridge_pick10__01000100__s0042.wav,0.20378291606903076,0.19773991405963898,0.10922849178314209,0.23313234746456146,0.8905457258224487,0.8473790884017944,0.7922268509864807,0.7021036148071289
les_bridge_fing22__01000100__s0025.wav,0.6726013422012329,0.7149994373321533,0.2772243320941925,0.4109747111797333,0.5549818277359009,0.7585612535476685,0.10073235630989075,0.3773355185985565
tele_bridge_fing22__01000100__s0045.wav,0.08550529181957245,0.17197556793689728,0.44954362511634827,0.3687528967857361,0.9653756618499756,0.8297260999679565,0.5442917346954346,0.25505897402763367
tele_bridge_pick01__01000100__s0054.wav,0.3909866213798523,0.2932201027870178,0.2757781147956848,0.3265695869922638,0.7900535464286804,0.6010736227035522,0.5970194339752197,0.2879776954650879
les_bridge_fing22__01000100__s0006.wav,0.42857301235198975,0.549156129360199,0.1993369162082672,0.2521635890007019,0.9178056120872498,0.8798711895942688,0.9433987140655518,0.6328747272491455
strat_bridge_fing04__01000100__s0010.wav,0.5842221975326538,0.7233583331108093,0.9918249249458313,0.5358547568321228,0.9633990526199341,0.8410831093788147,0.1588447093963623,0.1610085815191269
les_bridge_pick24__01000100__s0010.wav,0.864620566368103,0.7852322459220886,0.34474509954452515,0.4667684733867645,0.9175143837928772,0.8985916376113892,0.42777496576309204,0.35310161113739014
les_bridge_fing18__01000100__s0019.wav,0.34176942706108093,0.6013727784156799,0.6397989988327026,0.40452489256858826,0.7057883143424988,0.7989519834518433,0.20155446231365204,0.34850266575813293
prs_bridge_pick14__01000100__s0052.wav,0.009859241545200348,0.4704001247882843,0.169765904545784,0.4362637996673584,0.1757994294166565,0.1900911033153534,0.4879554808139801,0.5332450866699219
les_bridge_fing04__01000100__s0042.wav,0.3799075186252594,0.4746271073818207,0.2866734266281128,0.22157657146453857,0.3491106927394867,0.5001466274261475,0.19694043695926666,0.13793985545635223
les_neck_fing19__01000100__s0039.wav,0.5987673997879028,0.5336980223655701,0.08061962574720383,0.2989438772201538,0.30990615487098694,0.4963292181491852,0.5023156404495239,0.5679254531860352
strat_neck_fing02__01000100__s0005.wav,0.6299781203269958,0.7053282260894775,0.6253308057785034,0.6418936848640442,0.5123038291931152,0.5098227858543396,0.9604813456535339,0.9305337071418762
prs_bridge_pick17__01000100__s0018.wav,0.05022694170475006,0.19355838000774384,0.1350836306810379,0.2674052119255066,0.4186060428619385,0.5101233720779419,0.8107801675796509,0.7899714112281799
strat_neck_pick02__01000100__s0026.wav,0.169110968708992,0.3086889982223511,0.15105374157428741,0.18651926517486572,0.18805250525474548,0.2803715467453003,0.46032488346099854,0.4911104440689087
les_bridge_fing08__01000100__s0032.wav,0.15604491531848907,0.21901540458202362,0.38671499490737915,0.2966437339782715,0.3053264021873474,0.358187735080719,0.8742557764053345,0.5350437164306641
les_neck_fing06__01000100__s0048.wav,0.565316915512085,0.5802031755447388,0.8031607270240784,0.683610200881958,0.10618693381547928,0.1433885395526886,0.796683132648468,0.766441285610199
strat_bridge_fing04__01000100__s0021.wav,0.4969059228897095,0.3747365474700928,0.3081101179122925,0.3588597774505615,0.24352283775806427,0.19796034693717957,0.8823487758636475,0.9267565011978149
les_bridge_pick10__01000100__s0036.wav,0.22258955240249634,0.20316016674041748,0.8921146392822266,0.7723814845085144,0.7298911213874817,0.7469637989997864,0.009019243530929089,0.08397766202688217
prs_neck_pick01__01000100__s0029.wav,0.3014066815376282,0.7016133069992065,0.7550557851791382,0.42243868112564087,0.1366083323955536,0.1962083876132965,0.5795201659202576,0.48468542098999023
strat_neck_fing14__01000100__s0008.wav,0.7667133808135986,0.8120947480201721,0.6328818798065186,0.6675482392311096,0.30899932980537415,0.6770561933517456,0.9686867594718933,0.9589699506759644
prs_bridge_fing13__01000100__s0034.wav,0.1419382393360138,0.15060952305793762,0.24435581266880035,0.6107000708580017,0.19594483077526093,0.375090092420578,0.4903864860534668,0.3663925528526306
tele_neck_fing22__01000100__s0031.wav,0.6230025291442871,0.8130364418029785,0.8860971331596375,0.6316572427749634,0.8404490351676941,0.4889412820339203,0.3573889434337616,0.5011665225028992
prs_bridge_pick22__01000100__s0022.wav,0.18140734732151031,0.31537866592407227,0.7354939579963684,0.24665191769599915,0.16020601987838745,0.4852558374404907,0.24899670481681824,0.29955044388771057
les_bridge_pick02__01000100__s0033.wav,0.9687965512275696,0.575015664100647,0.021247291937470436,0.5092191696166992,0.5699886083602905,0.6136589050292969,0.5438381433486938,0.14995798468589783
tele_bridge_fing06__01000100__s0040.wav,0.3832648992538452,0.13970637321472168,0.07225769758224487,0.3536837697029114,0.9055904746055603,0.9320122599601746,0.7837703227996826,0.7619017958641052
strat_bridge_pick25__01000100__s0051.wav,0.4426185190677643,0.4723667502403259,0.17801564931869507,0.30096152424812317,0.8446161150932312,0.7759644985198975,0.8522157073020935,0.7091797590255737
tele_bridge_fing06__01000100__s0033.wav,0.9220936298370361,0.7358304262161255,0.15675164759159088,0.490772545337677,0.7274461984634399,0.7557857632637024,0.38313961029052734,0.5502166748046875
les_bridge_fing15__01000100__s0028.wav,0.5863900780677795,0.647196888923645,0.5129607915878296,0.7555434107780457,0.27082422375679016,0.2705860137939453,0.9838178157806396,0.9864708781242371
strat_bridge_fing13__01000100__s0024.wav,0.5231792330741882,0.5379485487937927,0.3723520040512085,0.3867601156234741,0.8656331300735474,0.8574931025505066,0.8728582859039307,0.7900835275650024
strat_bridge_pick22__01000100__s0025.wav,0.5731421113014221,0.5295615196228027,0.1479414701461792,0.5670560002326965,0.8502156734466553,0.7441595792770386,0.24794940650463104,0.1907343864440918
strat_neck_fing09__01000100__s0023.wav,0.8438705801963806,0.9157403111457825,0.9003385305404663,0.6695249080657959,0.11208999156951904,0.06658315658569336,0.6813520193099976,0.8111670017242432
prs_bridge_fing05__01000100__s0022.wav,0.04429998621344566,0.19256019592285156,0.8578229546546936,0.2143511027097702,0.5022358298301697,0.5151901841163635,0.7302736043930054,0.6949955224990845
strat_neck_pick08__01000100__s0021.wav,0.4488397240638733,0.44032952189445496,0.6527987122535706,0.4307031035423279,0.7798252105712891,0.6973952054977417,0.19856145977973938,0.51020747423172
prs_bridge_fing11__01000100__s0005.wav,0.24008452892303467,0.2504992187023163,0.22415578365325928,0.41365429759025574,0.16489563882350922,0.14636358618736267,0.9497148990631104,0.9096606969833374
les_bridge_fing17__01000100__s0049.wav,0.24430494010448456,0.20319373905658722,0.1892879158258438,0.3310678005218506,0.35495904088020325,0.46879664063453674,0.639013946056366,0.7659696340560913
prs_bridge_fing21__01000100__s0030.wav,0.9737250804901123,0.8281077146530151,0.496282160282135,0.5508702397346497,0.8563619256019592,0.7360000610351562,0.8061784505844116,0.7861746549606323
les_neck_fing19__01000100__s0013.wav,0.6332221031188965,0.31323784589767456,0.25069954991340637,0.09426763653755188,0.9162634015083313,0.8887388706207275,0.49263688921928406,0.8213605284690857
prs_neck_pick03__01000100__s0019.wav,0.8882941007614136,0.8108734488487244,0.7446582317352295,0.8571446537971497,0.6837223172187805,0.5888606905937195,0.626300036907196,0.6925758719444275
prs_bridge_pick07__01000100__s0040.wav,0.12644295394420624,0.16213718056678772,0.8007420301437378,0.41845354437828064,0.3333459496498108,0.31820982694625854,0.7179211378097534,0.6981659531593323
tele_neck_fing14__01000100__s0035.wav,0.12424831837415695,0.23913338780403137,0.8141027092933655,0.2944723963737488,0.34855446219444275,0.33669793605804443,0.760186493396759,0.6766409277915955
les_neck_pick25__01000100__s0026.wav,0.017625603824853897,0.28972604870796204,0.5938753485679626,0.2825053632259369,0.7662749886512756,0.7454672455787659,0.6796616911888123,0.720203697681427
strat_bridge_pick04__01000100__s0009.wav,0.5450905561447144,0.35459455847740173,0.039101742208004,0.1700463742017746,0.9419727921485901,0.513448178768158,0.0671796202659607,0.2813788652420044
les_bridge_pick16__01000100__s0012.wav,0.4401831030845642,0.7998538613319397,0.9300253391265869,0.8192446827888489,0.01982300914824009,0.4607613980770111,0.5793047547340393,0.6014769077301025
tele_bridge_pick14__01000100__s0033.wav,0.25009748339653015,0.34096604585647583,0.5925798416137695,0.3744440972805023,0.10619918256998062,0.5893256068229675,0.05483385920524597,0.09225410223007202
prs_neck_pick15__01000100__s0021.wav,0.24744880199432373,0.4485751688480377,0.7507206201553345,0.49553391337394714,0.5775073170661926,0.3329051434993744,0.18152594566345215,0.3819626569747925
tele_neck_pick04__01000100__s0021.wav,0.5516747236251831,0.6011360287666321,0.6724448800086975,0.6182510852813721,0.4918001890182495,0.49476781487464905,0.6100128889083862,0.67226642370224
les_bridge_pick14__01000100__s0043.wav,0.06369662284851074,0.3368551433086395,0.8873609304428101,0.5253855586051941,0.09851483255624771,0.12177607417106628,0.9429857134819031,0.645740270614624
les_neck_fing15__01000100__s0004.wav,0.8546733260154724,0.42429792881011963,0.5087824463844299,0.13550344109535217,0.6278272867202759,0.5703418850898743,0.3055195212364197,0.12464481592178345
strat_bridge_fing18__01000100__s0034.wav,0.9485368132591248,0.8830831050872803,0.870840847492218,0.7573162913322449,0.5404736995697021,0.5199214816093445,0.27257847785949707,0.5573655962944031
strat_neck_pick22__01000100__s0008.wav,0.5190166234970093,0.38755738735198975,0.32808825373649597,0.5143305659294128,0.7290905714035034,0.7248326539993286,0.13007484376430511,0.09678139537572861
prs_neck_fing14__01000100__s0044.wav,0.44756585359573364,0.3999904692173004,0.6850714683532715,0.5997066497802734,0.6926630735397339,0.3811221718788147,0.8309897780418396,0.5397747755050659
strat_neck_fing01__01000100__s0024.wav,0.2516027092933655,0.6865778565406799,0.9472337961196899,0.502653181552887,0.3983798623085022,0.6075101494789124,0.2416898012161255,0.46262118220329285
tele_neck_fing05__01000100__s0015.wav,0.8380961418151855,0.8214372992515564,0.4200713336467743,0.8247819542884827,0.2959599792957306,0.2920120060443878,0.16950030624866486,0.29617786407470703
tele_neck_pick07__01000100__s0018.wav,0.8677008152008057,0.7946611046791077,0.26900264620780945,0.2545512318611145,0.014874853193759918,0.11279777437448502,0.49541768431663513,0.20488984882831573
tele_neck_pick17__01000100__s0050.wav,0.8978050351142883,0.5004251599311829,0.14758017659187317,0.5856575965881348,0.8848296403884888,0.8746971487998962,0.7597408890724182,0.42172810435295105
prs_neck_pick05__01000100__s0038.wav,0.7109618782997131,0.781851053237915,0.33110615611076355,0.3986729383468628,0.25012657046318054,0.21697402000427246,0.06466084718704224,0.05509310960769653
tele_neck_fing09__01000100__s0022.wav,0.9091381430625916,0.8862708806991577,0.8097789287567139,0.852850079536438,0.9700526595115662,0.5447427034378052,0.46737608313560486,0.16399195790290833
prs_neck_pick16__01000100__s0016.wav,0.30967459082603455,0.4909263849258423,0.7371242046356201,0.5512946248054504,0.9170406460762024,0.8905968070030212,0.6785547137260437,0.6674922108650208
tele_bridge_fing04__01000100__s0049.wav,0.9074519276618958,0.840898871421814,0.27595412731170654,0.5088569521903992,0.7096405029296875,0.7424381375312805,0.12500333786010742,0.08366946876049042
les_neck_pick17__01000100__s0032.wav,0.24785497784614563,0.5477907657623291,0.5397512912750244,0.6080892086029053,0.13889344036579132,0.07839469611644745,0.7209609150886536,0.6001858711242676
strat_neck_pick15__01000100__s0019.wav,0.6088777780532837,0.717868983745575,0.2953466773033142,0.6797720193862915,0.9980689883232117,0.5800849795341492,0.35821688175201416,0.1602054238319397
les_neck_pick15__01000100__s0001.wav,0.06283947080373764,0.3667360246181488,0.0856424942612648,0.39454323053359985,0.8464041352272034,0.9159016609191895,0.5781348943710327,0.4270903468132019
tele_bridge_fing06__01000100__s0049.wav,0.903186023235321,0.8013820052146912,0.6109535098075867,0.713018000125885,0.06702828407287598,0.36650410294532776,0.061263274401426315,0.2654632329940796
les_bridge_fing10__01000100__s0008.wav,0.5537078976631165,0.6344672441482544,0.7319929003715515,0.5056231021881104,0.3874015212059021,0.4029844403266907,0.1787014603614807,0.15094180405139923
tele_bridge_fing16__01000100__s0036.wav,0.05436686798930168,0.11659589409828186,0.8490288257598877,0.4943176507949829,0.9060176610946655,0.7388667464256287,0.9587185382843018,0.6387317776679993
tele_neck_fing21__01000100__s0003.wav,0.39922136068344116,0.24963563680648804,0.22161829471588135,0.5650566220283508,0.42749056220054626,0.4946240484714508,0.5719649791717529,0.7111047506332397
les_neck_pick09__01000100__s0030.wav,0.8173643946647644,0.6008453369140625,0.17251382768154144,0.3704538941383362,0.8056411743164062,0.8993703722953796,0.32537293434143066,0.6311277747154236
strat_bridge_fing05__01000100__s0040.wav,0.08493893593549728,0.2803884744644165,0.10074169933795929,0.2622434198856354,0.400452584028244,0.36668315529823303,0.6671770215034485,0.7255067825317383
tele_bridge_fing12__01000100__s0010.wav,0.6746616959571838,0.5876736044883728,0.7846922874450684,0.7497492432594299,0.5758852362632751,0.4180254340171814,0.18564240634441376,0.22987942397594452
prs_bridge_pick18__01000100__s0017.wav,0.540715754032135,0.7515815496444702,0.8070207238197327,0.7856106758117676,0.95064777135849,0.8409514427185059,0.11015543341636658,0.13665629923343658
prs_neck_fing02__01000100__s0014.wav,0.28756433725357056,0.3139475882053375,0.2770267724990845,0.48279157280921936,0.3600476086139679,0.4072900414466858,0.5470240712165833,0.6028556823730469
strat_bridge_pick23__01000100__s0004.wav,0.04404359683394432,0.21389806270599365,0.25970569252967834,0.20543113350868225,0.3734242618083954,0.2731986343860626,0.7940986156463623,0.6967614889144897
tele_neck_fing18__01000100__s0014.wav,0.4376606047153473,0.2991768717765808,0.33049118518829346,0.3243820369243622,0.05895490571856499,0.26187506318092346,0.46390488743782043,0.3264527916908264
tele_neck_pick04__01000100__s0038.wav,0.423170804977417,0.7016755938529968,0.6004401445388794,0.2720515727996826,0.47445452213287354,0.4608878195285797,0.6470943689346313,0.54399573802948
tele_neck_fing05__01000100__s0047.wav,0.005752054043114185,0.08843893557786942,0.3869835436344147,0.3996068835258484,0.08344604074954987,0.14317864179611206,0.8703403472900391,0.795315682888031
tele_neck_pick02__01000100__s0030.wav,0.5386360883712769,0.4178682565689087,0.11498158425092697,0.452543705701828,0.3321757912635803,0.4206438660621643,0.5556055307388306,0.5418723225593567
prs_neck_fing10__01000100__s0021.wav,0.9186828136444092,0.5718324780464172,0.3222115635871887,0.38036370277404785,0.47522664070129395,0.4898085296154022,0.8327186703681946,0.7522380352020264
strat_bridge_fing16__01000100__s0041.wav,0.15838436782360077,0.23559418320655823,0.21657682955265045,0.40091797709465027,0.8991469144821167,0.3763755261898041,0.5301637649536133,0.5165674686431885
prs_neck_fing02__01000100__s0027.wav,0.4714796841144562,0.4205510914325714,0.6325476765632629,0.671596884727478,0.19884297251701355,0.4762469530105591,0.41629788279533386,0.3471592664718628
strat_neck_fing20__01000100__s0047.wav,0.5365244746208191,0.47332680225372314,0.3660924434661865,0.5608640313148499,0.6035197973251343,0.5450546145439148,0.9398853182792664,0.9723178148269653
tele_bridge_pick09__01000100__s0048.wav,0.8619741201400757,0.7346599102020264,0.956351101398468,0.6352135539054871,0.7731541991233826,0.8046322464942932,0.942155659198761,0.9269784688949585
tele_bridge_pick01__01000100__s0052.wav,0.6390558481216431,0.7509612441062927,0.8479052186012268,0.4928557574748993,0.4889719486236572,0.476877897977829,0.7012889385223389,0.5109127163887024
prs_bridge_fing07__01000100__s0044.wav,0.301730751991272,0.2780630886554718,0.1711045652627945,0.22388315200805664,0.21684613823890686,0.5154852271080017,0.02515426278114319,0.14367640018463135
prs_bridge_pick20__01000100__s0024.wav,0.9320055246353149,0.8768683671951294,0.43723294138908386,0.4984130561351776,0.08111214637756348,0.2464846968650818,0.4840301275253296,0.5230075716972351
les_bridge_pick12__01000100__s0045.wav,0.12717612087726593,0.27479788661003113,0.4819526970386505,0.22369062900543213,0.6918168663978577,0.6803779602050781,0.13468992710113525,0.14645372331142426
les_bridge_fing14__01000100__s0048.wav,0.39701947569847107,0.6006421446800232,0.9965631365776062,0.6765973567962646,0.9180532097816467,0.7713560461997986,0.6679999828338623,0.15952838957309723
tele_bridge_pick08__01000100__s0020.wav,0.3620895743370056,0.387348473072052,0.5391184687614441,0.8896450996398926,0.7996659874916077,0.40434953570365906,0.400837779045105,0.5846949219703674
strat_bridge_fing10__01000100__s0006.wav,0.7331905961036682,0.6022051572799683,0.08697058260440826,0.44071897864341736,0.45728856325149536,0.4908590316772461,0.9191222190856934,0.773952305316925
les_neck_fing25__01000100__s0012.wav,0.2632919251918793,0.22898060083389282,0.004922119434922934,0.23867666721343994,0.6482464075088501,0.6564184427261353,0.7475919723510742,0.8612178564071655
prs_bridge_fing12__01000100__s0012.wav,0.208014577627182,0.30965617299079895,0.5332633852958679,0.4880315363407135,0.5371834635734558,0.5226376056671143,0.5698619484901428,0.5785099864006042
tele_bridge_fing25__01000100__s0001.wav,0.939232587814331,0.44264042377471924,0.28592410683631897,0.4569881558418274,0.4385415315628052,0.6944882273674011,0.3030286133289337,0.4525998532772064
prs_bridge_fing17__01000100__s0019.wav,0.018921511247754097,0.19098421931266785,0.8409073948860168,0.2597472071647644,0.09075406938791275,0.1894150674343109,0.11675240099430084,0.12899038195610046
strat_neck_fing10__01000100__s0022.wav,0.1806778609752655,0.32725247740745544,0.6733872890472412,0.48337027430534363,0.7882232069969177,0.29009172320365906,0.02869470603764057,0.0948820486664772
prs_neck_fing19__01000100__s0050.wav,0.42295441031455994,0.7409941554069519,0.9092110395431519,0.6637312173843384,0.11703505367040634,0.16051413118839264,0.4930914640426636,0.5058433413505554
strat_neck_pick12__01000100__s0004.wav,0.3629251718521118,0.34234684705734253,0.39165282249450684,0.3925185203552246,0.6870864033699036,0.6383213400840759,0.82378751039505,0.6353428363800049
strat_neck_fing08__01000100__s0054.wav,0.10109970718622208,0.564017653465271,0.17760537564754486,0.43811431527137756,0.7163227200508118,0.7023919224739075,0.8224331736564636,0.8435681462287903
les_neck_fing01__01000100__s0012.wav,0.28166982531547546,0.5697842240333557,0.7401294112205505,0.5245993137359619,0.493203729391098,0.4355752170085907,0.8559396862983704,0.808940052986145
strat_bridge_pick12__01000100__s0051.wav,0.26737040281295776,0.6864442229270935,0.9272973537445068,0.621106743812561,0.1417941302061081,0.34785088896751404,0.6518769264221191,0.44221723079681396
prs_bridge_pick09__01000100__s0033.wav,0.4389968812465668,0.5205629467964172,0.6687380075454712,0.5308735370635986,0.20153926312923431,0.4783335328102112,0.9190962314605713,0.7196154594421387
strat_bridge_fing13__01000100__s0004.wav,0.6353737115859985,0.6649251580238342,0.9013482928276062,0.6786318421363831,0.1575559675693512,0.320621132850647,0.15557876229286194,0.5488170385360718
les_bridge_fing08__01000100__s0016.wav,0.34954777359962463,0.7222251296043396,0.614078164100647,0.34714385867118835,0.3508729636669159,0.3253689706325531,0.4729633331298828,0.30532702803611755
les_neck_pick12__01000100__s0005.wav,0.5645829439163208,0.5466099977493286,0.40074867010116577,0.3744660019874573,0.2530973255634308,0.25379592180252075,0.28879937529563904,0.6153143644332886
strat_bridge_pick10__01000100__s0014.wav,0.006887828931212425,0.2157677412033081,0.9473200440406799,0.44576001167297363,0.672360897064209,0.7772738337516785,0.45577719807624817,0.8133074045181274
les_neck_fing17__01000100__s0011.wav,0.17660672962665558,0.5034645199775696,0.19251401722431183,0.5045162439346313,0.8774177432060242,0.6995992064476013,0.25533053278923035,0.14428816735744476
les_bridge_fing22__01000100__s0021.wav,0.7349665760993958,0.8012033700942993,0.6293261051177979,0.8033357262611389,0.23713117837905884,0.24020026624202728,0.9221800565719604,0.9032107591629028
les_bridge_pick09__01000100__s0043.wav,0.8736041188240051,0.7084082365036011,0.5049720406532288,0.7094311118125916,0.32016220688819885,0.3116837441921234,0.5070881247520447,0.5488827228546143
les_neck_fing14__01000100__s0050.wav,0.010119432583451271,0.08550601452589035,0.5467826128005981,0.5294432044029236,0.5811348557472229,0.7556815147399902,0.009355264715850353,0.3345334529876709
strat_neck_fing02__01000100__s0010.wav,0.796821653842926,0.5466669201850891,0.0816945806145668,0.6502912640571594,0.729471743106842,0.6826356649398804,0.2381863296031952,0.6043835878372192
les_neck_fing06__01000100__s0035.wav,0.8058399558067322,0.7016997933387756,0.6836511492729187,0.6152247786521912,0.5439462661743164,0.4946743845939636,0.7020227909088135,0.6535853743553162
les_neck_fing01__01000100__s0051.wav,0.765174388885498,0.7012276649475098,0.5872743129730225,0.6952620148658752,0.30871033668518066,0.451443612575531,0.5871309041976929,0.663641631603241
strat_neck_fing21__01000100__s0039.wav,0.27425748109817505,0.6374862194061279,0.5217467546463013,0.3362633287906647,0.29015594720840454,0.36457735300064087,0.27049684524536133,0.36099007725715637
tele_bridge_fing03__01000100__s0036.wav,0.12622611224651337,0.39769411087036133,0.6482590436935425,0.12350939214229584,0.7466387152671814,0.7957921028137207,0.08137872815132141,0.21436797082424164
les_bridge_fing10__01000100__s0050.wav,0.3195958137512207,0.25538721680641174,0.6534677743911743,0.33867859840393066,0.011387649923563004,0.032781053334474564,0.563605546951294,0.5563956499099731
strat_neck_pick07__01000100__s0016.wav,0.41310229897499084,0.5981066823005676,0.5360087752342224,0.45318832993507385,0.278121680021286,0.27886727452278137,0.5022180676460266,0.6103615760803223
tele_neck_fing09__01000100__s0051.wav,0.7808763980865479,0.8236140608787537,0.8362982273101807,0.7836948037147522,0.050936464220285416,0.21235500276088715,0.17511847615242004,0.2693140208721161
strat_neck_pick01__01000100__s0000.wav,0.595213770866394,0.7542350888252258,0.39376962184906006,0.5029222369194031,0.42196735739707947,0.35795652866363525,0.916917085647583,0.936189591884613
tele_bridge_pick16__01000100__s0039.wav,0.3517290949821472,0.11886733025312424,0.011557192541658878,0.2980215847492218,0.8373727798461914,0.6813135147094727,0.5483222007751465,0.7160210013389587
prs_neck_fing06__01000100__s0047.wav,0.416164368391037,0.521216630935669,0.523678719997406,0.4589218199253082,0.6337662935256958,0.5751721858978271,0.8613121509552002,0.8049457669258118
les_bridge_pick14__01000100__s0024.wav,0.7902205586433411,0.8622023463249207,0.8634801506996155,0.8223597407341003,0.6944682002067566,0.41942209005355835,0.19512377679347992,0.5565382838249207
strat_neck_fing20__01000100__s0007.wav,0.5040304064750671,0.6219603419303894,0.1831142008304596,0.21490485966205597,0.053089577704668045,0.4391893446445465,0.6211252212524414,0.522249162197113
les_bridge_pick02__01000100__s0054.wav,0.9291684627532959,0.7218689322471619,0.056617025285959244,0.43744102120399475,0.27833113074302673,0.32126739621162415,0.9901391267776489,0.9683851003646851
les_bridge_fing19__01000100__s0037.wav,0.4063349962234497,0.30302780866622925,0.2313503623008728,0.45495423674583435,0.516753613948822,0.4999889135360718,0.8983131647109985,0.810804545879364
les_neck_fing08__01000100__s0054.wav,0.05431915447115898,0.13277199864387512,0.44835570454597473,0.40331795811653137,0.02153586596250534,0.1260913759469986,0.4521102011203766,0.31846854090690613
les_neck_fing07__01000100__s0033.wav,0.24130073189735413,0.1817275583744049,0.7462581992149353,0.2872355878353119,0.09590409696102142,0.20654787123203278,0.4298820197582245,0.7377496957778931
les_bridge_pick24__01000100__s0036.wav,0.6394855380058289,0.7831624746322632,0.8207694888114929,0.6340242028236389,0.9556262493133545,0.3620637059211731,0.2957626283168793,0.3633541166782379
tele_bridge_pick15__01000100__s0016.wav,0.5878069996833801,0.456404447555542,0.10454974323511124,0.25867751240730286,0.5751017928123474,0.6227627396583557,0.3957957327365875,0.4436298906803131
strat_neck_pick16__01000100__s0014.wav,0.9040691256523132,0.80245441198349,0.2806383967399597,0.5732645392417908,0.8300482034683228,0.40069419145584106,0.30866825580596924,0.3452554941177368
strat_neck_fing24__01000100__s0030.wav,0.8108680844306946,0.7758132815361023,0.13133949041366577,0.5558373332023621,0.5451956987380981,0.1884864866733551,0.7417042851448059,0.5117031335830688
strat_neck_pick18__01000100__s0048.wav,0.08664649724960327,0.08510296046733856,0.8923758864402771,0.7448707818984985,0.9484863877296448,0.5795271992683411,0.3870062232017517,0.5655127763748169
strat_neck_pick15__01000100__s0044.wav,0.932816743850708,0.8111987709999084,0.17439931631088257,0.5682520270347595,0.9413304328918457,0.7530987858772278,0.5643567442893982,0.7021663188934326
tele_bridge_fing06__01000100__s0008.wav,0.24608366191387177,0.21526947617530823,0.11518829315900803,0.40564149618148804,0.6580304503440857,0.2735358774662018,0.07864061743021011,0.2736056447029114
tele_neck_pick22__01000100__s0029.wav,0.22463390231132507,0.6023610234260559,0.9249275326728821,0.2137688547372818,0.6323560476303101,0.8355094194412231,0.3115258514881134,0.3171595335006714
les_neck_fing10__01000100__s0006.wav,0.0928906574845314,0.21128781139850616,0.9503967761993408,0.20012924075126648,0.6349726319313049,0.6460519433021545,0.5266343355178833,0.7291494011878967
prs_neck_pick21__01000100__s0033.wav,0.5373361110687256,0.5688667297363281,0.2750396430492401,0.5045860409736633,0.03937767073512077,0.07820963859558105,0.2399945706129074,0.4905354976654053
prs_neck_pick02__01000100__s0008.wav,0.8771977424621582,0.7305547595024109,0.43772757053375244,0.7514665126800537,0.6528423428535461,0.4711848795413971,0.5786975026130676,0.45026999711990356
strat_neck_pick17__01000100__s0037.wav,0.16040298342704773,0.26256877183914185,0.7312758564949036,0.41706570982933044,0.6461548209190369,0.6632819771766663,0.38994109630584717,0.42351898550987244
prs_bridge_fing12__01000100__s0026.wav,0.9488374590873718,0.7171322703361511,0.11167588084936142,0.5711730718612671,0.7413825392723083,0.7797356247901917,0.9425392746925354,0.9286303520202637
tele_bridge_pick06__01000100__s0049.wav,0.16283497214317322,0.2195766568183899,0.4531905949115753,0.5267661213874817,0.16650733351707458,0.11294935643672943,0.9540691375732422,0.9573344588279724
strat_neck_fing17__01000100__s0013.wav,0.23008722066879272,0.4442101716995239,0.5656468272209167,0.3667178153991699,0.7335436940193176,0.6918091177940369,0.613289475440979,0.6212688684463501
strat_neck_fing10__01000100__s0021.wav,0.18732084333896637,0.4011830687522888,0.6230843663215637,0.23227010667324066,0.7292003631591797,0.6593057513237,0.10578815639019012,0.1257322132587433
les_neck_pick17__01000100__s0011.wav,0.5904959440231323,0.34626469016075134,0.11908508092164993,0.7412258982658386,0.901979386806488,0.9350577592849731,0.39865824580192566,0.5140131711959839
les_bridge_pick06__01000100__s0039.wav,0.31096628308296204,0.793563187122345,0.7235745191574097,0.18737272918224335,0.822318971157074,0.670907199382782,0.23293831944465637,0.2955845296382904
les_neck_fing11__01000100__s0006.wav,0.10745451599359512,0.2656327486038208,0.1677141785621643,0.2586594820022583,0.16167964041233063,0.19560261070728302,0.13119590282440186,0.19062413275241852
tele_neck_fing17__01000100__s0030.wav,0.6454359889030457,0.5171979069709778,0.747290313243866,0.8189609050750732,0.03241618350148201,0.155125692486763,0.9557816386222839,0.8472263216972351
tele_bridge_pick02__01000100__s0036.wav,0.4784924387931824,0.6441419124603271,0.8235233426094055,0.6450285911560059,0.7045800089836121,0.6164027452468872,0.39495745301246643,0.38421881198883057
prs_neck_pick25__01000100__s0014.wav,0.13567450642585754,0.2972167432308197,0.2420760542154312,0.19031113386154175,0.9522804617881775,0.8917642831802368,0.5519994497299194,0.658795952796936
strat_bridge_fing06__01000100__s0028.wav,0.2928740680217743,0.37440353631973267,0.3770672380924225,0.4230383336544037,0.5692116022109985,0.59857577085495,0.7816876769065857,0.7706836462020874
tele_neck_pick25__01000100__s0041.wav,0.15476955473423004,0.45529964566230774,0.8403189778327942,0.25973695516586304,0.922339141368866,0.7721816897392273,0.9076483845710754,0.6455727815628052
strat_bridge_pick06__01000100__s0029.wav,0.9069464206695557,0.6521697640419006,0.08900972455739975,0.5639667510986328,0.6906651854515076,0.8254709839820862,0.29274627566337585,0.5851269960403442
prs_bridge_pick07__01000100__s0012.wav,0.20424410700798035,0.3914094567298889,0.15387579798698425,0.7256750464439392,0.19747254252433777,0.42731860280036926,0.9646647572517395,0.8650102615356445
strat_bridge_fing15__01000100__s0035.wav,0.7429472208023071,0.7315692901611328,0.8087829947471619,0.6279007792472839,0.43845829367637634,0.522779107093811,0.16415168344974518,0.18782489001750946
tele_bridge_pick20__01000100__s0000.wav,0.8227826356887817,0.7394222021102905,0.27379778027534485,0.5003964304924011,0.665736734867096,0.4885033965110779,0.6341541409492493,0.27318891882896423
les_bridge_pick14__01000100__s0025.wav,0.036108072847127914,0.12302170693874359,0.9704980850219727,0.45257535576820374,0.29216450452804565,0.6929648518562317,0.06907343864440918,0.1056310161948204
les_bridge_fing06__01000100__s0042.wav,0.6554622054100037,0.6476226449012756,0.7610722184181213,0.6797150373458862,0.21799400448799133,0.4865027964115143,0.08436157554388046,0.08644190430641174
strat_bridge_fing11__01000100__s0006.wav,0.5026538372039795,0.3462066054344177,0.05661800876259804,0.7076097130775452,0.5627270340919495,0.37221142649650574,0.79106605052948,0.7447555661201477
strat_neck_fing10__01000100__s0031.wav,0.18998423218727112,0.6381103992462158,0.6972172856330872,0.6143515706062317,0.3237425982952118,0.25866541266441345,0.7370352149009705,0.6242386102676392
prs_bridge_pick20__01000100__s0018.wav,0.9375396370887756,0.8545934557914734,0.6617735028266907,0.8278987407684326,0.34668588638305664,0.4143398106098175,0.8192113041877747,0.682391345500946
tele_bridge_fing12__01000100__s0026.wav,0.11393019556999207,0.4156412184238434,0.988760232925415,0.5340037941932678,0.5584378838539124,0.39095255732536316,0.6055026650428772,0.6456249952316284
prs_neck_pick16__01000100__s0024.wav,0.2713419795036316,0.41946035623550415,0.9884489178657532,0.7697124481201172,0.4839482009410858,0.5058619976043701,0.6084258556365967,0.7400847673416138
prs_neck_pick22__01000100__s0006.wav,0.43502116203308105,0.656821608543396,0.6807340979576111,0.8027276396751404,0.593202531337738,0.5221227407455444,0.33578774333000183,0.702167809009552
tele_neck_fing23__01000100__s0049.wav,0.604630172252655,0.4489884674549103,0.2686942517757416,0.34342139959335327,0.19104830920696259,0.5623680353164673,0.1135682538151741,0.17399774491786957
strat_bridge_fing24__01000100__s0036.wav,0.7876715064048767,0.8685897588729858,0.7618973851203918,0.6630116701126099,0.5768247842788696,0.5458344221115112,0.5139968395233154,0.5527967810630798
prs_bridge_fing07__01000100__s0001.wav,0.08383943885564804,0.4486052691936493,0.597022294998169,0.3484509289264679,0.9575005173683167,0.8689134120941162,0.3709058463573456,0.36671626567840576
tele_neck_pick13__01000100__s0015.wav,0.021614007651805878,0.33028435707092285,0.10724537074565887,0.469453901052475,0.5773147344589233,0.3653717041015625,0.5482915639877319,0.43796050548553467
les_neck_fing08__01000100__s0034.wav,0.3386482298374176,0.44636595249176025,0.3214062750339508,0.2884126305580139,0.7877716422080994,0.6787822246551514,0.5046320557594299,0.16032299399375916
les_neck_fing07__01000100__s0048.wav,0.5364593863487244,0.48841798305511475,0.285880982875824,0.2976319491863251,0.6148300766944885,0.5986717939376831,0.44408169388771057,0.4118146300315857
les_neck_pick04__01000100__s0045.wav,0.067962147295475,0.19238749146461487,0.7557814717292786,0.5307895541191101,0.12415198981761932,0.27063167095184326,0.8830427527427673,0.7120106220245361
prs_bridge_fing11__01000100__s0042.wav,0.3197174072265625,0.24044236540794373,0.02890874817967415,0.2070067822933197,0.3178125321865082,0.83180832862854,0.09032738208770752,0.3864308297634125
strat_bridge_fing13__01000100__s0000.wav,0.6299773454666138,0.7229361534118652,0.6003063321113586,0.49019595980644226,0.4407287538051605,0.41604384779930115,0.9068692326545715,0.6038156151771545
les_bridge_pick13__01000100__s0012.wav,0.2682960629463196,0.1933394819498062,0.4196646809577942,0.7441081404685974,0.4892734885215759,0.6136713624000549,0.18438762426376343,0.20013414323329926
prs_neck_pick09__01000100__s0046.wav,0.36942359805107117,0.27504706382751465,0.26614487171173096,0.42725932598114014,0.3197234869003296,0.42493972182273865,0.31842514872550964,0.4092518985271454
les_neck_pick21__01000100__s0005.wav,0.6191202998161316,0.8195475339889526,0.999025285243988,0.8412913084030151,0.8788148164749146,0.8452366590499878,0.34142935276031494,0.5467383861541748
prs_bridge_fing17__01000100__s0005.wav,0.9617020487785339,0.9244074821472168,0.7938570976257324,0.8145240545272827,0.9676781296730042,0.9755271673202515,0.5774811506271362,0.5634180307388306
tele_neck_fing09__01000100__s0007.wav,0.08114653825759888,0.14566239714622498,0.28168463706970215,0.7995760440826416,0.5230070352554321,0.5096760392189026,0.45715010166168213,0.44582709670066833
strat_neck_fing01__01000100__s0055.wav,0.7228874564170837,0.8491479754447937,0.6031793355941772,0.42370277643203735,0.7449504137039185,0.7272967100143433,0.15464413166046143,0.43224748969078064
prs_neck_fing16__01000100__s0024.wav,0.5209413766860962,0.722032904624939,0.7152162194252014,0.7369913458824158,0.8227059841156006,0.7914649844169617,0.5473486185073853,0.695132315158844
strat_bridge_fing20__01000100__s0021.wav,0.08237962424755096,0.1939486265182495,0.8476106524467468,0.5995333790779114,0.4172452390193939,0.703579306602478,0.7093777656555176,0.7053147554397583
les_neck_pick08__01000100__s0042.wav,0.6026449799537659,0.7778851985931396,0.8208049535751343,0.3926071226596832,0.4337572455406189,0.4191233813762665,0.36576974391937256,0.5901516675949097
tele_bridge_pick20__01000100__s0013.wav,0.6776393055915833,0.7979339957237244,0.8817194700241089,0.8081592917442322,0.11622000485658646,0.10360891371965408,0.5573679208755493,0.5941948890686035
prs_neck_fing08__01000100__s0050.wav,0.9085432291030884,0.8919538259506226,0.28745630383491516,0.2561456561088562,0.5845950245857239,0.5345422029495239,0.49603667855262756,0.640598714351654
strat_bridge_pick13__01000100__s0006.wav,0.5530415177345276,0.456135094165802,0.21165356040000916,0.5447043776512146,0.8934149146080017,0.7711237668991089,0.08555657416582108,0.1358259618282318
prs_bridge_pick03__01000100__s0047.wav,0.8740755915641785,0.8481109142303467,0.8666448593139648,0.907213032245636,0.5997198820114136,0.5802209973335266,0.0289926677942276,0.23650987446308136
tele_neck_fing15__01000100__s0038.wav,0.06267914175987244,0.10262174159288406,0.13418404757976532,0.3770520091056824,0.3881416618824005,0.3865422308444977,0.5031774044036865,0.3183281421661377
strat_neck_fing04__01000100__s0016.wav,0.1497950702905655,0.20690809190273285,0.4862523376941681,0.5276414155960083,0.6284145712852478,0.8929455280303955,0.034722574055194855,0.2131689190864563
tele_neck_pick03__01000100__s0051.wav,0.8703311681747437,0.7307143807411194,0.49582549929618835,0.4379977285861969,0.3873915672302246,0.3726736009120941,0.9622147679328918,0.936314046382904
strat_bridge_fing19__01000100__s0022.wav,0.12166847288608551,0.5866441130638123,0.3696518838405609,0.1547161191701889,0.1637265384197235,0.09912396222352982,0.3406803011894226,0.42883020639419556
strat_bridge_fing20__01000100__s0005.wav,0.02064652554690838,0.19247378408908844,0.8032174706459045,0.26597335934638977,0.8025549054145813,0.7556841373443604,0.946702241897583,0.9455225467681885
tele_bridge_pick24__01000100__s0016.wav,0.6379421949386597,0.37820330262184143,0.05811721831560135,0.5105915069580078,0.8621760606765747,0.8588298559188843,0.9722272157669067,0.9258604049682617
strat_neck_pick02__01000100__s0053.wav,0.47381094098091125,0.5305637121200562,0.554955780506134,0.47722068428993225,0.1756087690591812,0.6112011671066284,0.11325203627347946,0.3438093960285187
prs_neck_pick02__01000100__s0020.wav,0.23739272356033325,0.08688808977603912,0.0023069262970238924,0.5341825485229492,0.8088938593864441,0.681600034236908,0.07688575237989426,0.042710818350315094
tele_neck_fing23__01000100__s0054.wav,0.4482119083404541,0.324601948261261,0.39096489548683167,0.5272135734558105,0.22891415655612946,0.19924774765968323,0.30920568108558655,0.35807883739471436
strat_neck_fing16__01000100__s0010.wav,0.8011736869812012,0.7161135077476501,0.6287743449211121,0.5792607069015503,0.6628099679946899,0.7948175668716431,0.11573406308889389,0.25136300921440125
strat_bridge_pick22__01000100__s0047.wav,0.8272988200187683,0.7792194485664368,0.07667877525091171,0.32417166233062744,0.8184276223182678,0.34814730286598206,0.2542039155960083,0.15331770479679108
strat_neck_fing10__01000100__s0018.wav,0.24842801690101624,0.25303947925567627,0.2489117532968521,0.24070456624031067,0.08397800475358963,0.11899048089981079,0.42304766178131104,0.4236014485359192
les_neck_pick23__01000100__s0028.wav,0.5804482102394104,0.6544665694236755,0.8407021760940552,0.709141731262207,0.7218044996261597,0.7407394647598267,0.635032594203949,0.6966517567634583
les_bridge_pick16__01000100__s0026.wav,0.7677769660949707,0.7389575242996216,0.3183137774467468,0.5306375026702881,0.5246777534484863,0.6733551621437073,0.3989171087741852,0.4702834486961365
tele_neck_pick01__01000100__s0028.wav,0.04561734199523926,0.3979777693748474,0.8436918258666992,0.2511523962020874,0.2816985547542572,0.36645033955574036,0.3187744617462158,0.3731149137020111
strat_bridge_fing14__01000100__s0045.wav,0.7926051020622253,0.7644230723381042,0.39717957377433777,0.7262060642242432,0.0400380864739418,0.04680142551660538,0.6954411268234253,0.40564748644828796
tele_neck_pick20__01000100__s0025.wav,0.029741670936346054,0.15975987911224365,0.47182023525238037,0.4028093218803406,0.5240856409072876,0.5685239434242249,0.6556773781776428,0.3854101002216339
strat_neck_fing11__01000100__s0004.wav,0.8984101414680481,0.9785489439964294,0.5941700339317322,0.7124054431915283,0.4277864694595337,0.3118997812271118,0.11466676741838455,0.029099715873599052
prs_bridge_pick13__01000100__s0005.wav,0.903404176235199,0.9266433119773865,0.9459176659584045,0.912648618221283,0.061557184904813766,0.31347522139549255,0.25072428584098816,0.12167104333639145
tele_neck_fing13__01000100__s0038.wav,0.5961043238639832,0.3203224241733551,0.1341032236814499,0.35083669424057007,0.963121235370636,0.8759512305259705,0.3447124660015106,0.3326354920864105
tele_neck_pick15__01000100__s0018.wav,0.7983018755912781,0.7402125000953674,0.5167000889778137,0.6368716359138489,0.6866181492805481,0.7309463024139404,0.8121715188026428,0.8927563428878784
les_neck_pick18__01000100__s0028.wav,0.7473748922348022,0.8137418031692505,0.9292862415313721,0.4323280453681946,0.6700894236564636,0.5674377679824829,0.870750904083252,0.8428851366043091
les_neck_fing15__01000100__s0054.wav,0.12402205169200897,0.4578302204608917,0.7043840289115906,0.3208259642124176,0.6435783505439758,0.6540207266807556,0.4766877591609955,0.3098117709159851
tele_bridge_fing06__01000100__s0012.wav,0.7580390572547913,0.8537890315055847,0.12978209555149078,0.694819450378418,0.9035996794700623,0.8795908093452454,0.23646250367164612,0.17076344788074493
les_bridge_pick20__01000100__s0003.wav,0.03161080181598663,0.1857767254114151,0.7804247736930847,0.5517168045043945,0.3739283084869385,0.3450976610183716,0.6476773023605347,0.5397496819496155
strat_neck_pick09__01000100__s0043.wav,0.5504099130630493,0.5666508674621582,0.7100681662559509,0.5316433906555176,0.7358747720718384,0.7624332904815674,0.6244180202484131,0.5320209264755249
strat_neck_pick02__01000100__s0006.wav,0.7799431085586548,0.74769127368927,0.9335945248603821,0.6877039670944214,0.6163251399993896,0.5193021297454834,0.812319278717041,0.9029872417449951
tele_neck_pick21__01000100__s0001.wav,0.3724822402000427,0.5720598697662354,0.5270698666572571,0.27385395765304565,0.09701655805110931,0.5848188996315002,0.5260751247406006,0.5921863317489624
tele_neck_fing20__01000100__s0035.wav,0.7965589165687561,0.7201106548309326,0.8027143478393555,0.8305973410606384,0.39533761143684387,0.7899773120880127,0.26905909180641174,0.45307424664497375
strat_bridge_pick06__01000100__s0020.wav,0.7261795401573181,0.820082426071167,0.920636773109436,0.5640451908111572,0.672713577747345,0.8124020099639893,0.5563529133796692,0.5667271018028259
tele_bridge_fing25__01000100__s0007.wav,0.8042063117027283,0.6309364438056946,0.5102120041847229,0.8729569315910339,0.4021171033382416,0.36513519287109375,0.6931887269020081,0.7097917199134827
tele_bridge_pick11__01000100__s0044.wav,0.7912870049476624,0.7259451150894165,0.8319100141525269,0.7705418467521667,0.8963013887405396,0.9124354124069214,0.5394783616065979,0.5949841737747192
tele_neck_fing23__01000100__s0035.wav,0.51884925365448,0.4382641017436981,0.8000662326812744,0.7741016149520874,0.8088047504425049,0.7264293432235718,0.20077496767044067,0.17392921447753906
prs_neck_fing05__01000100__s0055.wav,0.12305955588817596,0.3273528218269348,0.39841246604919434,0.565680980682373,0.8325740694999695,0.8610644340515137,0.36430951952934265,0.2710585594177246
strat_bridge_pick12__01000100__s0043.wav,0.824311375617981,0.950347363948822,0.71952885389328,0.6692617535591125,0.8999030590057373,0.39782747626304626,0.016056343913078308,0.04207760840654373
les_bridge_pick21__01000100__s0013.wav,0.5088176131248474,0.4726942479610443,0.034210480749607086,0.3074144124984741,0.21543695032596588,0.23863564431667328,0.8593032956123352,0.8608651757240295
les_bridge_pick16__01000100__s0010.wav,0.0027004277799278498,0.1840856820344925,0.6626800298690796,0.2882474660873413,0.9887173175811768,0.9461144208908081,0.8266302943229675,0.61005699634552
tele_bridge_fing23__01000100__s0053.wav,0.484920859336853,0.505570113658905,0.5567092299461365,0.5230265259742737,0.38150662183761597,0.48588818311691284,0.8256022334098816,0.7682591080665588
prs_neck_pick08__01000100__s0031.wav,0.9550799131393433,0.8566407561302185,0.2779448926448822,0.33253243565559387,0.16443119943141937,0.20426130294799805,0.7051820755004883,0.5072015523910522
les_neck_pick25__01000100__s0053.wav,0.9733383655548096,0.8342909812927246,0.2051602452993393,0.18954072892665863,0.9478334188461304,0.6497777104377747,0.07508883625268936,0.16299788653850555
prs_bridge_pick14__01000100__s0007.wav,0.24631614983081818,0.7419114708900452,0.4271269738674164,0.19677673280239105,0.9585026502609253,0.6312423944473267,0.6795474290847778,0.5319422483444214
prs_bridge_pick14__01000100__s0032.wav,0.21137474477291107,0.21803678572177887,0.34122323989868164,0.23164181411266327,0.9568418860435486,0.8203798532485962,0.9276059865951538,0.8798437714576721
les_bridge_pick25__01000100__s0023.wav,0.3888832628726959,0.5076521635055542,0.6870559453964233,0.7194966077804565,0.5384131073951721,0.692565381526947,0.07277312874794006,0.10703859478235245
prs_neck_fing03__01000100__s0045.wav,0.6544992923736572,0.6218603849411011,0.040958914905786514,0.7369382381439209,0.9605811238288879,0.7123086452484131,0.6549595594406128,0.6375027894973755
strat_neck_pick25__01000100__s0033.wav,0.31094035506248474,0.5615607500076294,0.7734997272491455,0.4315189719200134,0.05575137585401535,0.25232017040252686,0.4652567207813263,0.5540159940719604
strat_neck_fing20__01000100__s0055.wav,0.9157853722572327,0.8089668154716492,0.039926812052726746,0.24349519610404968,0.46675437688827515,0.30947235226631165,0.49828773736953735,0.5064496994018555
strat_neck_pick22__01000100__s0017.wav,0.028258182108402252,0.42974647879600525,0.13120506703853607,0.29284289479255676,0.6269506216049194,0.5065778493881226,0.34461891651153564,0.6503067016601562
tele_bridge_fing03__01000100__s0025.wav,0.09357260167598724,0.19594994187355042,0.7750147581100464,0.3833056688308716,0.24555803835391998,0.23642130196094513,0.475506067276001,0.36995309591293335
tele_neck_pick13__01000100__s0055.wav,0.9216927289962769,0.2938287556171417,0.23540455102920532,0.5214338302612305,0.5081095695495605,0.5056576728820801,0.9773030877113342,0.9793751835823059
tele_bridge_pick09__01000100__s0053.wav,0.5510101318359375,0.5363555550575256,0.754620373249054,0.666826605796814,0.12982293963432312,0.6604145765304565,0.13758249580860138,0.20663537085056305
prs_neck_pick06__01000100__s0046.wav,0.5980520844459534,0.4767390191555023,0.1371651589870453,0.5424939393997192,0.22450624406337738,0.2529999911785126,0.7086025476455688,0.4504142105579376
strat_bridge_fing24__01000100__s0025.wav,0.26533031463623047,0.29752644896507263,0.729665994644165,0.6605933308601379,0.028535271063447,0.2410764992237091,0.4839300513267517,0.47000205516815186
strat_bridge_pick11__01000100__s0031.wav,0.6865329742431641,0.7977215647697449,0.8534454703330994,0.7894801497459412,0.7019662857055664,0.44157010316848755,0.021357810124754906,0.047303665429353714
les_neck_pick02__01000100__s0040.wav,0.19169744849205017,0.20830708742141724,0.2261831909418106,0.19440136849880219,0.9730573296546936,0.9125152826309204,0.6285515427589417,0.3822537660598755
tele_neck_fing21__01000100__s0017.wav,0.13628913462162018,0.3103817403316498,0.5455788969993591,0.28753140568733215,0.007446549832820892,0.15330156683921814,0.47156432271003723,0.40299132466316223
prs_neck_fing13__01000100__s0043.wav,0.2342873066663742,0.36787235736846924,0.5007023215293884,0.3897594213485718,0.7594633102416992,0.4496356248855591,0.7598729729652405,0.4091176986694336
tele_neck_pick25__01000100__s0007.wav,0.8614922761917114,0.9160758256912231,0.6132874488830566,0.3823266625404358,0.5527169704437256,0.6336843371391296,0.9050697684288025,0.6095398664474487
tele_bridge_fing22__01000100__s0014.wav,0.9090548753738403,0.8748725652694702,0.2528352737426758,0.3473036289215088,0.4170317053794861,0.45871803164482117,0.8195562958717346,0.814078152179718
tele_bridge_fing11__01000100__s0012.wav,0.4368935823440552,0.7916495203971863,0.8490875959396362,0.5918866395950317,0.19993913173675537,0.5017639398574829,0.2060815691947937,0.8013004064559937
les_bridge_fing07__01000100__s0008.wav,0.11245593428611755,0.2250557243824005,0.8295691013336182,0.4638711214065552,0.4511754512786865,0.47678834199905396,0.7803540229797363,0.7048733830451965
strat_bridge_fing17__01000100__s0039.wav,0.17116530239582062,0.29301032423973083,0.47979065775871277,0.5616435408592224,0.8919535279273987,0.7717121243476868,0.947596549987793,0.37977030873298645
tele_neck_fing18__01000100__s0012.wav,0.5697872042655945,0.6241658329963684,0.5182181596755981,0.3102998733520508,0.2161720246076584,0.22424335777759552,0.4734231233596802,0.5483869314193726
tele_bridge_fing18__01000100__s0016.wav,0.6696004271507263,0.7403668761253357,0.9756894111633301,0.3750634789466858,0.5896191596984863,0.6466450691223145,0.8190613985061646,0.771186113357544
strat_neck_fing22__01000100__s0008.wav,0.2496597170829773,0.13548073172569275,0.45069608092308044,0.2646560072898865,0.2596333622932434,0.5617547035217285,0.6085172891616821,0.7269246578216553
strat_neck_fing15__01000100__s0028.wav,0.6539322733879089,0.7513243556022644,0.6167543530464172,0.5082100033760071,0.5467618107795715,0.45323342084884644,0.5534271597862244,0.5282598733901978
les_bridge_pick09__01000100__s0014.wav,0.49681779742240906,0.737013041973114,0.6520019769668579,0.516242504119873,0.4271663427352905,0.571103036403656,0.7111284136772156,0.8715444803237915
tele_neck_fing01__01000100__s0042.wav,0.8863755464553833,0.8112125396728516,0.03941183164715767,0.38198965787887573,0.4367763102054596,0.3774425983428955,0.084149070084095,0.15742534399032593
strat_bridge_fing05__01000100__s0012.wav,0.21073172986507416,0.25959253311157227,0.23487578332424164,0.20780891180038452,0.5814929008483887,0.6030765771865845,0.9481199383735657,0.8740884065628052
strat_bridge_pick10__01000100__s0029.wav,0.4007810950279236,0.4831409454345703,0.057803601026535034,0.4718557298183441,0.387990266084671,0.82505863904953,0.7377697825431824,0.7806761860847473
strat_neck_fing02__01000100__s0032.wav,0.7084476947784424,0.7538582682609558,0.5261226296424866,0.288635790348053,0.36993610858917236,0.44437307119369507,0.7652513384819031,0.6398797631263733
les_neck_pick14__01000100__s0050.wav,0.8432321548461914,0.49655184149742126,0.033090800046920776,0.6177762150764465,0.11021570861339569,0.17026816308498383,0.7206859588623047,0.5533970594406128
prs_neck_pick12__01000100__s0008.wav,0.8994331359863281,0.8370157480239868,0.7193819880485535,0.8570672273635864,0.16866610944271088,0.6047722101211548,0.07623368501663208,0.2564341425895691
les_bridge_pick02__01000100__s0047.wav,0.5063055753707886,0.728574812412262,0.38957178592681885,0.5673960447311401,0.9366812109947205,0.5996940732002258,0.24411426484584808,0.1898890882730484
les_bridge_pick01__01000100__s0012.wav,0.7079691886901855,0.764459490776062,0.3183102607727051,0.3766612112522125,0.8755796551704407,0.721889078617096,0.08314140886068344,0.047826167196035385
prs_bridge_fing08__01000100__s0032.wav,0.48925265669822693,0.45796212553977966,0.35079801082611084,0.6132720112800598,0.8667668700218201,0.8995401263237,0.8377607464790344,0.5415510535240173
tele_neck_pick10__01000100__s0033.wav,0.1837874948978424,0.3164842128753662,0.8478764891624451,0.7976720333099365,0.9717280864715576,0.7529866695404053,0.20053327083587646,0.4949401021003723
strat_neck_pick23__01000100__s0024.wav,0.9792634844779968,0.9690743684768677,0.7722470760345459,0.9467530846595764,0.5046969652175903,0.5277888774871826,0.25441211462020874,0.3386697769165039
prs_neck_pick10__01000100__s0049.wav,0.10050878673791885,0.14933514595031738,0.10719316452741623,0.6959403157234192,0.7174968123435974,0.8593088388442993,0.6155292987823486,0.45839864015579224
les_neck_fing23__01000100__s0005.wav,0.14556491374969482,0.14761757850646973,0.19516180455684662,0.33361268043518066,0.90329509973526,0.8624281883239746,0.17772258818149567,0.3299005627632141
strat_bridge_fing12__01000100__s0002.wav,0.6732501983642578,0.8362260460853577,0.968161404132843,0.63109290599823,0.45979154109954834,0.46044349670410156,0.9201217293739319,0.885443925857544
prs_bridge_pick20__01000100__s0050.wav,0.3177722692489624,0.5350528359413147,0.7537459135055542,0.4030147194862366,0.7360568642616272,0.48824501037597656,0.017469903454184532,0.26106563210487366
prs_bridge_fing16__01000100__s0008.wav,0.5500659346580505,0.5501518249511719,0.8482767343521118,0.7773050665855408,0.7524183988571167,0.6472744345664978,0.19480815529823303,0.30549192428588867
prs_neck_pick25__01000100__s0031.wav,0.676626443862915,0.654853343963623,0.9932971000671387,0.6846281886100769,0.5140834450721741,0.514130175113678,0.5679941773414612,0.5534341931343079
strat_bridge_pick23__01000100__s0005.wav,0.853939414024353,0.910610556602478,0.8034541010856628,0.7054100036621094,0.9129194617271423,0.9620944261550903,0.6840556859970093,0.7169316411018372
prs_neck_pick01__01000100__s0049.wav,0.698024570941925,0.558713972568512,0.2600279450416565,0.5222386717796326,0.13984809815883636,0.1306390017271042,0.6224148273468018,0.7127118110656738
tele_neck_pick09__01000100__s0015.wav,0.10152395814657211,0.20508478581905365,0.3137561082839966,0.17755760252475739,0.9622470736503601,0.8234120011329651,0.8404891490936279,0.7885448932647705
strat_bridge_pick21__01000100__s0022.wav,0.3876798152923584,0.44135424494743347,0.512019157409668,0.4167520999908447,0.08880617469549179,0.1598488986492157,0.7289812564849854,0.655832827091217
les_neck_pick16__01000100__s0050.wav,0.468289852142334,0.8514626026153564,0.6595857739448547,0.7763315439224243,0.5904340147972107,0.15937058627605438,0.19480128586292267,0.22615918517112732
les_bridge_pick20__01000100__s0054.wav,0.06681393086910248,0.38277098536491394,0.1959003508090973,0.46170756220817566,0.09753036499023438,0.8055409789085388,0.026976224035024643,0.44895073771476746
strat_bridge_pick02__01000100__s0024.wav,0.28233450651168823,0.5542226433753967,0.7172589898109436,0.24712754786014557,0.5166923999786377,0.4153112769126892,0.6853607892990112,0.5868824124336243
strat_neck_fing20__01000100__s0030.wav,0.0207158662378788,0.4031786024570465,0.5309550166130066,0.23373007774353027,0.7192902565002441,0.6794684529304504,0.9007459282875061,0.8919753432273865
prs_neck_fing06__01000100__s0051.wav,0.17191264033317566,0.22542929649353027,0.7439765334129333,0.35107898712158203,0.8759809732437134,0.7319028973579407,0.7367319464683533,0.5860854387283325
prs_bridge_pick08__01000100__s0036.wav,0.14907705783843994,0.23893749713897705,0.4463348388671875,0.650119423866272,0.02810327149927616,0.11455997079610825,0.8009845018386841,0.8453009724617004
les_bridge_fing24__01000100__s0040.wav,0.44801750779151917,0.47736549377441406,0.1818951815366745,0.6928451061248779,0.016417691484093666,0.12651176750659943,0.4498010277748108,0.30974826216697693
prs_bridge_fing20__01000100__s0008.wav,0.40691784024238586,0.258150577545166,0.20760110020637512,0.4578191637992859,0.3646892309188843,0.4034566283226013,0.36924076080322266,0.33878767490386963
tele_neck_fing09__01000100__s0027.wav,0.9461991190910339,0.6749463081359863,0.08969566971063614,0.5672494173049927,0.9807474613189697,0.9083913564682007,0.20767740905284882,0.41316962242126465
les_bridge_pick03__01000100__s0000.wav,0.8869971632957458,0.8922058939933777,0.274372398853302,0.2794550359249115,0.4104499816894531,0.6539093255996704,0.2469397336244583,0.3165458142757416
strat_neck_fing08__01000100__s0033.wav,0.3084333539009094,0.3993005156517029,0.3579111099243164,0.32539013028144836,0.3918149173259735,0.697322428226471,0.3258466422557831,0.3418305814266205
strat_bridge_pick12__01000100__s0004.wav,0.4192127287387848,0.7291266918182373,0.7462806105613708,0.539794385433197,0.3878145217895508,0.3870190382003784,0.2074952870607376,0.35281944274902344
les_bridge_pick06__01000100__s0033.wav,0.636001467704773,0.5568755865097046,0.5201965570449829,0.9055963158607483,0.12924467027187347,0.10295182466506958,0.9295034408569336,0.8311152458190918
prs_bridge_fing23__01000100__s0048.wav,0.9724653959274292,0.9436440467834473,0.6962614059448242,0.5509899854660034,0.19435979425907135,0.134304016828537,0.2964038848876953,0.18515455722808838
prs_bridge_pick09__01000100__s0054.wav,0.511562168598175,0.7498692870140076,0.9688791632652283,0.7509718537330627,0.813526451587677,0.49671345949172974,0.4239439368247986,0.24882028996944427
prs_neck_pick21__01000100__s0021.wav,0.9176258444786072,0.7760462164878845,0.30860111117362976,0.5336647033691406,0.050479356199502945,0.44540196657180786,0.2242661565542221,0.370731383562088
tele_bridge_pick07__01000100__s0049.wav,0.4649650752544403,0.6560904383659363,0.8749558329582214,0.49005967378616333,0.04896555468440056,0.41634446382522583,0.14584100246429443,0.15083102881908417
strat_neck_fing16__01000100__s0002.wav,0.694904625415802,0.5309018492698669,0.18731270730495453,0.603035569190979,0.48887041211128235,0.38552600145339966,0.8255377411842346,0.567638635635376
tele_neck_pick11__01000100__s0011.wav,0.9495956897735596,0.41655367612838745,0.2455178201198578,0.693824052810669,0.34078919887542725,0.461628794670105,0.25054484605789185,0.2231616973876953
strat_bridge_fing13__01000100__s0052.wav,0.28336748480796814,0.379848450422287,0.6120238900184631,0.5775251388549805,0.29193615913391113,0.559695303440094,0.44050583243370056,0.5778396725654602
prs_neck_pick08__01000100__s0027.wav,0.960893988609314,0.9598983526229858,0.8528239130973816,0.8975796699523926,0.34395331144332886,0.28500694036483765,0.8710741400718689,0.7107408046722412
strat_neck_pick02__01000100__s0044.wav,0.3453595042228699,0.17381948232650757,0.39562422037124634,0.5363505482673645,0.9526118636131287,0.8396616578102112,0.23207806050777435,0.22730782628059387
tele_bridge_pick15__01000100__s0026.wav,0.6735846996307373,0.6237643361091614,0.39880284667015076,0.23602505028247833,0.5024155974388123,0.5296062231063843,0.947349488735199,0.9238344430923462
les_neck_pick05__01000100__s0051.wav,0.10565049201250076,0.13578826189041138,0.7626699805259705,0.30442264676094055,0.8666955232620239,0.9387511610984802,0.5090306401252747,0.7248690724372864
prs_bridge_pick19__01000100__s0011.wav,0.5691908597946167,0.5394437909126282,0.5107256770133972,0.6652606725692749,0.194173201918602,0.3648277521133423,0.11481765657663345,0.16872146725654602
tele_neck_pick22__01000100__s0044.wav,0.0051154885441064835,0.28810304403305054,0.5884788036346436,0.2346746325492859,0.6978240609169006,0.7750444412231445,0.6606267690658569,0.7099886536598206
tele_bridge_pick25__01000100__s0035.wav,0.6647245287895203,0.6395868062973022,0.4312206506729126,0.7287003993988037,0.5756267309188843,0.5157259106636047,0.305492103099823,0.5212331414222717
prs_bridge_pick15__01000100__s0047.wav,0.6861597895622253,0.6145092248916626,0.17294521629810333,0.48026126623153687,0.25786828994750977,0.28072261810302734,0.644872784614563,0.6470081210136414
prs_neck_pick14__01000100__s0044.wav,0.8787193298339844,0.8062965869903564,0.8120624423027039,0.7427452802658081,0.3145281970500946,0.43261855840682983,0.6479648947715759,0.5049610733985901
les_neck_fing12__01000100__s0018.wav,0.7578098177909851,0.7478430867195129,0.7608294486999512,0.6602441072463989,0.43390920758247375,0.48569074273109436,0.3900580406188965,0.4682205617427826
strat_bridge_fing02__01000100__s0048.wav,0.713519811630249,0.6913266181945801,0.8409665822982788,0.8155142664909363,0.518354058265686,0.508634090423584,0.821212887763977,0.4720071852207184
prs_neck_fing08__01000100__s0041.wav,0.8788602352142334,0.19851647317409515,0.224287211894989,0.4847964644432068,0.5975670218467712,0.5116146802902222,0.3243311643600464,0.2947912812232971
strat_neck_pick05__01000100__s0023.wav,0.3558903634548187,0.6617701649665833,0.16647417843341827,0.11897716671228409,0.9979757070541382,0.7590501308441162,0.6656395792961121,0.3822731375694275
tele_bridge_fing21__01000100__s0054.wav,0.08407095074653625,0.1568787544965744,0.11004394292831421,0.515580952167511,0.6923807859420776,0.5101014375686646,0.2606636583805084,0.07344982028007507
tele_neck_pick24__01000100__s0018.wav,0.661835253238678,0.49419572949409485,0.8239080905914307,0.8123143911361694,0.027155278250575066,0.12931711971759796,0.49095234274864197,0.5626240372657776
les_bridge_pick13__01000100__s0039.wav,0.30470672249794006,0.1755550056695938,0.039098601788282394,0.306397944688797,0.46255457401275635,0.5257535576820374,0.9686335325241089,0.9305911064147949
les_bridge_pick23__01000100__s0015.wav,0.23621271550655365,0.17127202451229095,0.9141287803649902,0.2826860845088959,0.8248007297515869,0.8534516096115112,0.8859409093856812,0.6330243349075317
prs_neck_pick10__01000100__s0042.wav,0.25689697265625,0.20763914287090302,0.21012164652347565,0.37195146083831787,0.20491862297058105,0.5167794823646545,0.03268571197986603,0.4208458364009857
tele_bridge_pick23__01000100__s0023.wav,0.7623855471611023,0.952917218208313,0.6707423329353333,0.430508553981781,0.9848874807357788,0.7138921022415161,0.22705496847629547,0.06606411933898926
les_neck_fing14__01000100__s0044.wav,0.9279530048370361,0.62734055519104,0.1345377415418625,0.7869846224784851,0.9301509261131287,0.9253436923027039,0.8602099418640137,0.424243688583374
prs_neck_pick12__01000100__s0047.wav,0.15502451360225677,0.5155198574066162,0.8901116847991943,0.3587915897369385,0.1763940453529358,0.23769547045230865,0.3471088409423828,0.5044261813163757
les_neck_fing17__01000100__s0003.wav,0.18167820572853088,0.18378160893917084,0.5519596338272095,0.2910943925380707,0.13609932363033295,0.22677306830883026,0.788784921169281,0.24342826008796692
prs_neck_fing24__01000100__s0002.wav,0.28033342957496643,0.5149164199829102,0.19056056439876556,0.36981701850891113,0.6637276411056519,0.20211035013198853,0.13914303481578827,0.2040635049343109
prs_bridge_pick24__01000100__s0003.wav,0.6001484990119934,0.15696251392364502,0.002327683148905635,0.4089440107345581,0.5233809351921082,0.6292390823364258,0.7436595559120178,0.617753803730011
strat_bridge_pick08__01000100__s0032.wav,0.195989727973938,0.28325721621513367,0.5277284383773804,0.2924022674560547,0.23794391751289368,0.2472180277109146,0.4510798156261444,0.4571521282196045
tele_neck_fing01__01000100__s0009.wav,0.5149965882301331,0.26345130801200867,0.05582251027226448,0.1930920034646988,0.7167395353317261,0.8194898962974548,0.7282577157020569,0.6807095408439636
les_neck_pick04__01000100__s0042.wav,0.5203225016593933,0.685365617275238,0.3306577801704407,0.21752533316612244,0.2443658858537674,0.8324633836746216,0.022302307188510895,0.2811731696128845
les_bridge_pick09__01000100__s0032.wav,0.17525216937065125,0.25268810987472534,0.026469459757208824,0.1565273106098175,0.7029542922973633,0.8888955116271973,0.9636951684951782,0.9414696097373962
strat_neck_fing17__01000100__s0007.wav,0.785144031047821,0.6950449347496033,0.1056109219789505,0.5517539978027344,0.37871110439300537,0.44736912846565247,0.10129232704639435,0.2033877968788147
prs_neck_fing02__01000100__s0029.wav,0.4651941955089569,0.4306206703186035,0.4529573321342468,0.7366604804992676,0.8719606399536133,0.8081729412078857,0.1382562518119812,0.18315348029136658
tele_neck_pick12__01000100__s0002.wav,0.9356621503829956,0.8887284994125366,0.9038896560668945,0.5414204597473145,0.7184386253356934,0.8034641146659851,0.2965846359729767,0.43638885021209717
prs_neck_pick12__01000100__s0039.wav,0.70100998878479,0.8463926911354065,0.10588552802801132,0.6636658906936646,0.16828778386116028,0.18331025540828705,0.15918894112110138,0.13867315649986267
les_neck_pick19__01000100__s0051.wav,0.6077387928962708,0.6718421578407288,0.8548938035964966,0.6773285269737244,0.6442092061042786,0.33696383237838745,0.46177127957344055,0.6506889462471008
tele_neck_pick09__01000100__s0021.wav,0.3258250057697296,0.6155158281326294,0.7018681168556213,0.3927379548549652,0.09817568212747574,0.26555106043815613,0.24202945828437805,0.19810743629932404
les_neck_fing04__01000100__s0047.wav,0.6119457483291626,0.7267597913742065,0.4927660822868347,0.5531307458877563,0.037741806358098984,0.1610463559627533,0.028272224590182304,0.08662279695272446
strat_bridge_fing16__01000100__s0026.wav,0.9337193369865417,0.40524598956108093,0.24051743745803833,0.4055320918560028,0.3373222053050995,0.5250348448753357,0.7120600938796997,0.7555943131446838
tele_bridge_fing02__01000100__s0043.wav,0.5691276788711548,0.4609225392341614,0.00021570746321231127,0.21064484119415283,0.7072638273239136,0.875612199306488,0.728679358959198,0.5232210755348206
strat_neck_fing23__01000100__s0053.wav,0.977229118347168,0.8164697885513306,0.7345291972160339,0.90168297290802,0.08372006565332413,0.22925888001918793,0.3953371047973633,0.4170430898666382
strat_neck_fing23__01000100__s0006.wav,0.3316650390625,0.6411920785903931,0.8081875443458557,0.6849268674850464,0.7426386475563049,0.6216082572937012,0.09461811929941177,0.15245793759822845
tele_neck_fing23__01000100__s0050.wav,0.5764207243919373,0.25339964032173157,0.17363913357257843,0.6920784711837769,0.6336062550544739,0.6582183241844177,0.872733473777771,0.8490206599235535
les_neck_fing13__01000100__s0030.wav,0.044968634843826294,0.16081556677818298,0.72770094871521,0.37965279817581177,0.19153355062007904,0.2906534671783447,0.05204180255532265,0.12350118905305862
les_neck_fing10__01000100__s0030.wav,0.031945616006851196,0.14338743686676025,0.5403865575790405,0.2613944113254547,0.8824692964553833,0.8069899678230286,0.4802907407283783,0.6138190031051636
tele_bridge_pick09__01000100__s0013.wav,0.13335290551185608,0.30346250534057617,0.17054763436317444,0.39299094676971436,0.6600556373596191,0.8010104894638062,0.47672587633132935,0.27411824464797974
les_bridge_pick06__01000100__s0004.wav,0.7954393625259399,0.8736771941184998,0.5683724284172058,0.9649893641471863,0.7938028573989868,0.8219879269599915,0.40125855803489685,0.43004027009010315
tele_bridge_fing16__01000100__s0033.wav,0.8153160214424133,0.8774433732032776,0.7098169922828674,0.8851591944694519,0.35034385323524475,0.4455935060977936,0.5044467449188232,0.5096128582954407
prs_neck_fing21__01000100__s0007.wav,0.28253868222236633,0.4032852053642273,0.3649444878101349,0.43246990442276,0.6111404299736023,0.5571606755256653,0.2861303985118866,0.3393497169017792
prs_neck_pick04__01000100__s0017.wav,0.15095782279968262,0.12596412003040314,0.29062414169311523,0.5296051502227783,0.5860012173652649,0.5859335064888,0.90723717212677,0.7829855680465698
strat_neck_fing15__01000100__s0024.wav,0.916587769985199,0.831328809261322,0.1624479442834854,0.5728516578674316,0.6506712436676025,0.6371261477470398,0.6833350658416748,0.7185882329940796
les_bridge_fing09__01000100__s0036.wav,0.9485249519348145,0.9699072241783142,0.4755018651485443,0.6113167405128479,0.912225067615509,0.9381166100502014,0.07697346061468124,0.117786705493927
prs_bridge_fing17__01000100__s0031.wav,0.6969600319862366,0.47641897201538086,0.2967284023761749,0.39695343375205994,0.6451981663703918,0.6406595706939697,0.7387440800666809,0.6286243796348572
prs_bridge_pick12__01000100__s0022.wav,0.5323790907859802,0.642638087272644,0.8213346004486084,0.6640427708625793,0.5539390444755554,0.6268786191940308,0.18289166688919067,0.6441718339920044
les_bridge_fing16__01000100__s0003.wav,0.8627217411994934,0.5019217133522034,0.03201838955283165,0.4691199064254761,0.23932185769081116,0.17661046981811523,0.48951366543769836,0.36775827407836914
prs_neck_pick22__01000100__s0017.wav,0.6854296922683716,0.8754376769065857,0.9720507860183716,0.8659557104110718,0.7727980017662048,0.8856889605522156,0.24537718296051025,0.45279330015182495
strat_neck_pick17__01000100__s0044.wav,0.3373792767524719,0.5852190256118774,0.4323887228965759,0.35184794664382935,0.05589762330055237,0.7519792914390564,0.16697564721107483,0.5045217275619507
strat_neck_fing15__01000100__s0048.wav,0.5811660289764404,0.4291635751724243,0.2571675777435303,0.4634968042373657,0.8022934794425964,0.8533251285552979,0.5558661222457886,0.564701497554779
prs_bridge_pick24__01000100__s0000.wav,0.06983260810375214,0.20083105564117432,0.7296575307846069,0.24281686544418335,0.6049674153327942,0.8677422404289246,0.8214325904846191,0.7466647028923035
tele_neck_pick24__01000100__s0016.wav,0.10375992953777313,0.2526097297668457,0.04843719303607941,0.43688610196113586,0.6359187364578247,0.575640857219696,0.4358396530151367,0.1343095302581787
les_neck_fing23__01000100__s0052.wav,0.519212543964386,0.31794124841690063,0.3069072961807251,0.3572215139865875,0.288352370262146,0.27688276767730713,0.035024501383304596,0.09885324537754059
tele_bridge_pick20__01000100__s0025.wav,0.8491355776786804,0.9809101223945618,0.9381837844848633,0.9589675664901733,0.735136091709137,0.8615981340408325,0.6562808156013489,0.7771714925765991
les_neck_pick25__01000100__s0005.wav,0.21494777500629425,0.17034707963466644,0.33032920956611633,0.3954453766345978,0.9037440419197083,0.8925604224205017,0.302458792924881,0.21227596700191498
les_neck_fing11__01000100__s0038.wav,0.7175410985946655,0.7146168351173401,0.41301149129867554,0.47541314363479614,0.9795454144477844,0.6049941778182983,0.3186502158641815,0.22746464610099792
les_bridge_fing18__01000100__s0044.wav,0.09570278972387314,0.23084703087806702,0.4114494025707245,0.2764798402786255,0.8592872619628906,0.8295882344245911,0.9220181703567505,0.925507664680481
les_bridge_pick07__01000100__s0029.wav,0.6342301964759827,0.7086966633796692,0.4424973130226135,0.7571749687194824,0.7828033566474915,0.85235196352005,0.5352470874786377,0.4068377912044525
prs_bridge_pick18__01000100__s0022.wav,0.30025848746299744,0.1403801590204239,0.19018609821796417,0.2318165898323059,0.8001106977462769,0.8097610473632812,0.585321307182312,0.6336835622787476
prs_bridge_fing09__01000100__s0019.wav,0.23969429731369019,0.40268319845199585,0.943427324295044,0.3680223822593689,0.9362683296203613,0.9365542531013489,0.7347986698150635,0.6458003520965576
tele_bridge_pick10__01000100__s0031.wav,0.9580091238021851,0.9015882015228271,0.6121534705162048,0.7680789232254028,0.5589303374290466,0.38021019101142883,0.06434669345617294,0.39611709117889404
prs_neck_pick14__01000100__s0047.wav,0.79653400182724,0.8533520102500916,0.4467158913612366,0.2376978099346161,0.8662806749343872,0.6989607810974121,0.011984518729150295,0.0840863585472107
prs_bridge_pick22__01000100__s0037.wav,0.7520955801010132,0.789767861366272,0.7274156212806702,0.6266635656356812,0.4017923176288605,0.45506390929222107,0.7005231380462646,0.6569153666496277
strat_bridge_fing07__01000100__s0034.wav,0.6159104704856873,0.664883017539978,0.593298077583313,0.28318968415260315,0.01964338682591915,0.8068046569824219,0.2102842628955841,0.7030618786811829
les_bridge_fing14__01000100__s0010.wav,0.07581700384616852,0.20518821477890015,0.16275499761104584,0.25386762619018555,0.039503198117017746,0.02743588387966156,0.48485279083251953,0.4519377052783966
prs_bridge_fing04__01000100__s0002.wav,0.605134129524231,0.8076064586639404,0.933782160282135,0.7257896661758423,0.3309747278690338,0.30306392908096313,0.5323479771614075,0.49348199367523193
les_bridge_fing23__01000100__s0029.wav,0.21477584540843964,0.2732154130935669,0.47372815012931824,0.35827821493148804,0.09306034445762634,0.16151869297027588,0.4112839698791504,0.5587488412857056
tele_bridge_fing19__01000100__s0003.wav,0.9213669896125793,0.8533110022544861,0.8472749590873718,0.7556470632553101,0.5362923741340637,0.5818408727645874,0.8171389102935791,0.8468676209449768
les_bridge_pick02__01000100__s0019.wav,0.23393453657627106,0.34500786662101746,0.663657546043396,0.35229289531707764,0.3908160626888275,0.3630354404449463,0.015208282507956028,0.10168422758579254
tele_bridge_pick23__01000100__s0000.wav,0.8718657493591309,0.7327905893325806,0.4231921434402466,0.5955389738082886,0.18788142502307892,0.26116588711738586,0.729324221611023,0.6310030221939087
strat_bridge_pick15__01000100__s0014.wav,0.32214033603668213,0.5593510866165161,0.9246338605880737,0.598409116268158,0.7891929149627686,0.8735589385032654,0.47762390971183777,0.7541935443878174
les_bridge_pick14__01000100__s0013.wav,0.09144637733697891,0.4917534291744232,0.04307121783494949,0.05843064561486244,0.7218396663665771,0.8028597831726074,0.4685908854007721,0.7027916312217712
prs_neck_fing18__01000100__s0028.wav,0.7384710311889648,0.6315577030181885,0.49183380603790283,0.6833995580673218,0.008273066952824593,0.1278756856918335,0.7629290819168091,0.7876065969467163
strat_bridge_pick13__01000100__s0025.wav,0.1674482226371765,0.4642314314842224,0.28020021319389343,0.3335106074810028,0.4418032467365265,0.5681301951408386,0.24874968826770782,0.5165150165557861
prs_bridge_fing25__01000100__s0034.wav,0.12526492774486542,0.4474070370197296,0.7666722536087036,0.4468440115451813,0.9891971945762634,0.8558438420295715,0.19595645368099213,0.2325928956270218
tele_neck_fing08__01000100__s0015.wav,0.6640873551368713,0.6620053648948669,0.461825430393219,0.5566076040267944,0.13447201251983643,0.12203744798898697,0.32321709394454956,0.4379099905490875
les_neck_fing17__01000100__s0006.wav,0.9824889302253723,0.6346509456634521,0.14807634055614471,0.33312785625457764,0.1900310516357422,0.14435012638568878,0.6941296458244324,0.6268829107284546
prs_bridge_pick13__01000100__s0049.wav,0.00991794653236866,0.3248986005783081,0.8116164207458496,0.6941996216773987,0.06481228768825531,0.2447986602783203,0.5758469104766846,0.44007599353790283
les_neck_fing06__01000100__s0042.wav,0.6361832618713379,0.6952806711196899,0.4395025372505188,0.19283340871334076,0.5086297392845154,0.5501272082328796,0.26781097054481506,0.2577022910118103
strat_neck_pick03__01000100__s0021.wav,0.2688218653202057,0.3835238814353943,0.26886340975761414,0.3039771318435669,0.27469179034233093,0.4824756979942322,0.3536524772644043,0.4608369767665863
les_neck_fing10__01000100__s0011.wav,0.9041799306869507,0.8167235255241394,0.8010921478271484,0.5500599145889282,0.06167222186923027,0.06174342334270477,0.2349233478307724,0.5016673803329468
prs_bridge_fing23__01000100__s0044.wav,0.3135577440261841,0.7364004254341125,0.7638153433799744,0.7569276690483093,0.24596993625164032,0.26325368881225586,0.2464454621076584,0.29167014360427856
strat_bridge_fing02__01000100__s0045.wav,0.03247562423348427,0.1523134410381317,0.9730083346366882,0.447204053401947,0.48236480355262756,0.5227857828140259,0.667317807674408,0.6051994562149048
tele_neck_fing02__01000100__s0048.wav,0.4766135513782501,0.49067407846450806,0.07373323291540146,0.248561292886734,0.225065678358078,0.3879304826259613,0.12439917773008347,0.12779608368873596
les_neck_fing09__01000100__s0047.wav,0.09517909586429596,0.14689674973487854,0.6735760569572449,0.36444637179374695,0.7378011345863342,0.48488229513168335,0.8646161556243896,0.7984902858734131
prs_neck_pick17__01000100__s0026.wav,0.3829093277454376,0.7783647179603577,0.9862773418426514,0.2370384931564331,0.40230855345726013,0.8034033179283142,0.6891636848449707,0.5596020221710205
strat_bridge_pick17__01000100__s0036.wav,0.03068404458463192,0.26318761706352234,0.645636260509491,0.2845393121242523,0.35132381319999695,0.3025358319282532,0.5896544456481934,0.6044178009033203
strat_bridge_pick15__01000100__s0053.wav,0.36201047897338867,0.38024577498435974,0.28102219104766846,0.4630884528160095,0.6211034059524536,0.5259101986885071,0.16242973506450653,0.22583763301372528
strat_bridge_fing25__01000100__s0030.wav,0.5878979563713074,0.6624945402145386,0.459437757730484,0.4823014736175537,0.8794098496437073,0.7720959782600403,0.38064417243003845,0.1462642401456833
prs_neck_fing22__01000100__s0001.wav,0.02225968800485134,0.10118044912815094,0.7076231837272644,0.6069520711898804,0.7431333661079407,0.7471305131912231,0.8063490986824036,0.8821152448654175
strat_neck_pick02__01000100__s0038.wav,0.7759878039360046,0.38136324286460876,0.009077712893486023,0.5449647903442383,0.40731438994407654,0.43324828147888184,0.38663676381111145,0.46034547686576843
strat_bridge_fing05__01000100__s0008.wav,0.9900736808776855,0.9654532670974731,0.5400997400283813,0.7629831433296204,0.818527102470398,0.7349870800971985,0.7866840362548828,0.7571471929550171
tele_bridge_fing02__01000100__s0050.wav,0.8785441517829895,0.7912214994430542,0.18050995469093323,0.21440593898296356,0.9813674092292786,0.8001238107681274,0.9966858625411987,0.955137312412262
strat_bridge_pick22__01000100__s0007.wav,0.9578736424446106,0.8954460024833679,0.8623751401901245,0.7475144863128662,0.8721016049385071,0.794926106929779,0.5429810285568237,0.3789912760257721
strat_neck_fing07__01000100__s0032.wav,0.5752676725387573,0.4333771765232086,0.09156981110572815,0.27934205532073975,0.12089043855667114,0.5526652932167053,0.06154854968190193,0.09657909721136093
les_neck_pick05__01000100__s0025.wav,0.2623923420906067,0.3148595988750458,0.4115295708179474,0.21292798221111298,0.5878665447235107,0.3611869812011719,0.5554959177970886,0.6337955594062805
tele_bridge_fing14__01000100__s0034.wav,0.1453464925289154,0.5393317341804504,0.5510479807853699,0.29555225372314453,0.848038911819458,0.9049367308616638,0.9201079607009888,0.763779878616333
prs_bridge_pick04__01000100__s0031.wav,0.8723166584968567,0.9138507843017578,0.5031787157058716,0.6827605962753296,0.9591447710990906,0.8249703645706177,0.48148152232170105,0.23736926913261414
les_neck_fing21__01000100__s0006.wav,0.9728714823722839,0.7146055102348328,0.3681902587413788,0.4938957393169403,0.9484197497367859,0.5886789560317993,0.3535928726196289,0.2811141908168793
prs_neck_pick14__01000100__s0008.wav,0.8800477981567383,0.717608630657196,0.7157807946205139,0.7101837396621704,0.6857054829597473,0.7805954217910767,0.7079680562019348,0.45203524827957153
prs_neck_fing05__01000100__s0034.wav,0.3840455412864685,0.46208715438842773,0.0003973842831328511,0.22155627608299255,0.09744029492139816,0.1290138214826584,0.7047518491744995,0.876436710357666
prs_neck_fing16__01000100__s0010.wav,0.8426820039749146,0.41211381554603577,0.08421394228935242,0.42343538999557495,0.2074468433856964,0.20226122438907623,0.9436505436897278,0.8419983386993408
les_bridge_fing09__01000100__s0003.wav,0.26644307374954224,0.40696945786476135,0.7214382290840149,0.5241350531578064,0.4382910132408142,0.49410101771354675,0.5717788338661194,0.7989075779914856
strat_bridge_fing07__01000100__s0031.wav,0.48727351427078247,0.3938203454017639,0.1344396024942398,0.41594213247299194,0.8030154705047607,0.9159440994262695,0.9454841017723083,0.8568234443664551
tele_bridge_pick16__01000100__s0044.wav,0.1469946652650833,0.06348464637994766,0.31469494104385376,0.17224447429180145,0.4674887955188751,0.5680615305900574,0.7542305588722229,0.8135218620300293
strat_bridge_fing17__01000100__s0037.wav,0.5633090138435364,0.5818088054656982,0.30531060695648193,0.4123973250389099,0.835820198059082,0.6878967881202698,0.8497326970100403,0.6544089317321777
prs_neck_pick17__01000100__s0000.wav,0.5359548330307007,0.6632275581359863,0.44991499185562134,0.5667487382888794,0.8715211749076843,0.9605123996734619,0.7107540369033813,0.7077305316925049
tele_bridge_fing12__01000100__s0011.wav,0.7800467014312744,0.6603592038154602,0.24465176463127136,0.2413707822561264,0.24584463238716125,0.10382512956857681,0.8675893545150757,0.7313864827156067
les_neck_pick03__01000100__s0016.wav,0.9786380529403687,0.9142442345619202,0.38804319500923157,0.3057613670825958,0.4649185836315155,0.47535037994384766,0.6175000667572021,0.40766119956970215
les_neck_fing11__01000100__s0026.wav,0.31830981373786926,0.5084288120269775,0.23923905193805695,0.36747294664382935,0.6667499542236328,0.256069153547287,0.003920842427760363,0.060827240347862244
prs_bridge_fing19__01000100__s0005.wav,0.013400021009147167,0.32180055975914,0.22903938591480255,0.5049580335617065,0.627583384513855,0.5772826075553894,0.4067106246948242,0.052382174879312515
les_bridge_fing17__01000100__s0015.wav,0.9649670720100403,0.9807470440864563,0.8836448788642883,0.8863702416419983,0.7553496956825256,0.8186526298522949,0.42724618315696716,0.5945008397102356
strat_bridge_fing11__01000100__s0013.wav,0.8727357983589172,0.19919940829277039,0.10698294639587402,0.6337329745292664,0.8717548847198486,0.6785472631454468,0.5940048694610596,0.6517634987831116
strat_bridge_fing21__01000100__s0052.wav,0.5877957344055176,0.5896766185760498,0.7291882038116455,0.7463712096214294,0.8320064544677734,0.7928155064582825,0.1141510158777237,0.3132471740245819
tele_bridge_pick24__01000100__s0046.wav,0.3786454498767853,0.629740834236145,0.7509694695472717,0.3476261496543884,0.23108446598052979,0.33940666913986206,0.15004803240299225,0.4434182643890381
strat_neck_fing17__01000100__s0034.wav,0.8872706890106201,0.6428343057632446,0.825914740562439,0.5715057849884033,0.01515007670968771,0.13508880138397217,0.8299828767776489,0.639575183391571
strat_neck_fing04__01000100__s0046.wav,0.2175559550523758,0.3878188133239746,0.5814388990402222,0.16301590204238892,0.724676787853241,0.7963600158691406,0.8425887823104858,0.7176821827888489
les_neck_pick12__01000100__s0028.wav,0.8022544384002686,0.5178148150444031,0.18055447936058044,0.6854758858680725,0.5081512331962585,0.5028094053268433,0.3833265006542206,0.805482804775238
tele_neck_fing12__01000100__s0031.wav,0.36025840044021606,0.5744906067848206,0.6134485602378845,0.3082055449485779,0.32179102301597595,0.5049275159835815,0.8148923516273499,0.7573145627975464
les_bridge_pick24__01000100__s0052.wav,0.6958391666412354,0.6182107329368591,0.2966954708099365,0.5714296698570251,0.7326093912124634,0.7952597141265869,0.6887535452842712,0.640498697757721
les_bridge_pick05__01000100__s0018.wav,0.4968745708465576,0.4134996831417084,0.43051961064338684,0.5502449870109558,0.30183571577072144,0.29910144209861755,0.22914893925189972,0.18686184287071228
tele_bridge_pick20__01000100__s0040.wav,0.8223524689674377,0.688707172870636,0.44191643595695496,0.7255369424819946,0.8092553019523621,0.7937723398208618,0.5750225782394409,0.5522124767303467
prs_neck_pick25__01000100__s0021.wav,0.19064874947071075,0.3065367341041565,0.9105861783027649,0.5856960415840149,0.19480271637439728,0.20001311600208282,0.17590650916099548,0.4745153784751892
les_neck_pick13__01000100__s0032.wav,0.29114416241645813,0.2639671564102173,0.18484854698181152,0.2562403082847595,0.17316505312919617,0.27529406547546387,0.6585453748703003,0.6611958146095276
strat_bridge_pick02__01000100__s0038.wav,0.2483789026737213,0.38226598501205444,0.719893217086792,0.6235079169273376,0.10597985982894897,0.203500896692276,0.7016430497169495,0.6008588075637817
tele_neck_pick09__01000100__s0043.wav,0.6073214411735535,0.6654465198516846,0.3000331521034241,0.19325289130210876,0.6844235062599182,0.7015182971954346,0.5809704065322876,0.579633891582489
les_neck_fing04__01000100__s0034.wav,0.0006104850326664746,0.4864210784435272,0.7791154980659485,0.5090008974075317,0.23105944693088531,0.2403029352426529,0.22756463289260864,0.29807254672050476
les_bridge_fing03__01000100__s0021.wav,0.7961015105247498,0.8944857120513916,0.4502740502357483,0.7792261838912964,0.43075108528137207,0.43768492341041565,0.5927221775054932,0.5110525488853455
prs_bridge_fing20__01000100__s0051.wav,0.23827457427978516,0.2359660416841507,0.26189348101615906,0.5001844763755798,0.013730388134717941,0.08400546759366989,0.9905907511711121,0.7549080848693848
prs_bridge_pick15__01000100__s0025.wav,0.6332245469093323,0.6691409945487976,0.9034414887428284,0.5211361050605774,0.7668042778968811,0.7740527987480164,0.12703494727611542,0.16466575860977173
les_neck_fing06__01000100__s0016.wav,0.2322150617837906,0.1878739595413208,0.16265538334846497,0.24680915474891663,0.9063591957092285,0.767945408821106,0.6969609260559082,0.614220380783081
prs_bridge_fing10__01000100__s0016.wav,0.12413639575242996,0.1283947229385376,0.11218860000371933,0.4621897041797638,0.579912543296814,0.5404663681983948,0.07168404757976532,0.1846122443675995
les_bridge_fing01__01000100__s0035.wav,0.504531979560852,0.705745279788971,0.830868661403656,0.7591662406921387,0.020225703716278076,0.36814939975738525,0.880011796951294,0.6291431784629822
tele_neck_fing23__01000100__s0019.wav,0.3455633819103241,0.20882448554039001,0.051289625465869904,0.17660845816135406,0.5809470415115356,0.23179183900356293,0.05467899888753891,0.05027548596262932
tele_neck_fing16__01000100__s0016.wav,0.6625266671180725,0.7657486796379089,0.9990660548210144,0.6605533957481384,0.8146326541900635,0.9027059078216553,0.6760072112083435,0.3986499011516571
tele_bridge_pick22__01000100__s0004.wav,0.5061215162277222,0.5579026937484741,0.7917881608009338,0.41500768065452576,0.9691103100776672,0.8673610091209412,0.5880194902420044,0.5820049047470093
les_bridge_pick12__01000100__s0025.wav,0.3401060998439789,0.5866343379020691,0.6279492378234863,0.34948042035102844,0.4517452120780945,0.6010853052139282,0.1009499654173851,0.2378723919391632
prs_bridge_pick10__01000100__s0023.wav,0.2035111039876938,0.214766725897789,0.22028221189975739,0.28215187788009644,0.47900137305259705,0.39575254917144775,0.49669763445854187,0.2916916608810425
prs_neck_pick14__01000100__s0006.wav,0.44353634119033813,0.5541092753410339,0.5618432760238647,0.506729245185852,0.944125771522522,0.8508090376853943,0.15292106568813324,0.25546249747276306
prs_neck_fing04__01000100__s0014.wav,0.13796508312225342,0.26700156927108765,0.007487723603844643,0.4548645317554474,0.45032331347465515,0.4501219391822815,0.8203226923942566,0.8227133750915527
les_neck_fing09__01000100__s0026.wav,0.9035975933074951,0.7202736735343933,0.46884438395500183,0.6723121404647827,0.387691468000412,0.4339240789413452,0.4653434455394745,0.2710687518119812
les_neck_fing05__01000100__s0021.wav,0.6099676489830017,0.7195074558258057,0.7220790386199951,0.398964524269104,0.4549207389354706,0.5127126574516296,0.8433383107185364,0.6840002536773682
tele_bridge_pick17__01000100__s0052.wav,0.2443484216928482,0.2235320806503296,0.4840036630630493,0.26062318682670593,0.7770785689353943,0.7436225414276123,0.9565965533256531,0.7877078056335449
strat_bridge_fing03__01000100__s0013.wav,0.16499894857406616,0.2426982820034027,0.44011300802230835,0.4216412603855133,0.022433055564761162,0.5740114450454712,0.1908954679965973,0.14130420982837677
tele_neck_pick15__01000100__s0052.wav,0.5066788196563721,0.4406881630420685,0.429021954536438,0.677247941493988,0.7550833225250244,0.8664793968200684,0.30919161438941956,0.44620445370674133
strat_neck_pick17__01000100__s0032.wav,0.6842155456542969,0.6434709429740906,0.5062867403030396,0.6555861830711365,0.8148838877677917,0.7950259447097778,0.9144560694694519,0.8899370431900024
strat_bridge_fing01__01000100__s0044.wav,0.7181865572929382,0.7258095741271973,0.8850142955780029,0.7691534161567688,0.20967262983322144,0.36466726660728455,0.07011030614376068,0.11168041080236435
tele_bridge_fing19__01000100__s0000.wav,0.45320796966552734,0.4539952874183655,0.6700431704521179,0.7381928563117981,0.10191621631383896,0.18928425014019012,0.09218871593475342,0.372647762298584
strat_neck_fing23__01000100__s0004.wav,0.052422646433115005,0.16321811079978943,0.5306564569473267,0.37545326352119446,0.6509337425231934,0.7089537978172302,0.01230976078659296,0.1985325962305069
strat_neck_fing16__01000100__s0043.wav,0.2896209955215454,0.1728944331407547,0.08300923556089401,0.3892505466938019,0.45414480566978455,0.28424543142318726,0.29921919107437134,0.22868233919143677
prs_neck_pick18__01000100__s0032.wav,0.5357697010040283,0.6277974247932434,0.3296888470649719,0.45059946179389954,0.24897585809230804,0.12324605882167816,0.6391061544418335,0.731415331363678
strat_bridge_fing22__01000100__s0032.wav,0.569724440574646,0.7690627574920654,0.5274004936218262,0.4718903601169586,0.08933712542057037,0.29089221358299255,0.32578277587890625,0.6158806085586548
prs_neck_fing21__01000100__s0055.wav,0.1703156679868698,0.1328369826078415,0.5768249034881592,0.6375067234039307,0.7191556096076965,0.7120993137359619,0.555087149143219,0.30521664023399353
strat_neck_fing23__01000100__s0055.wav,0.6749614477157593,0.633160412311554,0.527816116809845,0.4012199938297272,0.3641784191131592,0.5683850049972534,0.24449925124645233,0.3985626697540283
prs_bridge_fing23__01000100__s0014.wav,0.23006340861320496,0.4131384491920471,0.2022767812013626,0.5324546098709106,0.9778005480766296,0.6659526228904724,0.2742701768875122,0.25322726368904114
les_neck_pick15__01000100__s0035.wav,0.31417116522789,0.2946169972419739,0.41040071845054626,0.25025081634521484,0.21040795743465424,0.28187549114227295,0.2745443284511566,0.43656405806541443
les_bridge_fing18__01000100__s0008.wav,0.7294993996620178,0.7764132022857666,0.8449386358261108,0.8019795417785645,0.936876654624939,0.4379864037036896,0.35542142391204834,0.37900182604789734
strat_neck_pick03__01000100__s0039.wav,0.8483844995498657,0.7383365631103516,0.48188042640686035,0.7596648931503296,0.5753247737884521,0.5222053527832031,0.9020446538925171,0.6696705222129822
strat_neck_pick23__01000100__s0039.wav,0.22916530072689056,0.30645543336868286,0.9731438159942627,0.7269420623779297,0.16315461695194244,0.43685993552207947,0.6216164827346802,0.3811052441596985
prs_bridge_fing17__01000100__s0010.wav,0.6345961689949036,0.4997590184211731,0.1766442507505417,0.32122522592544556,0.03359360247850418,0.416748046875,0.006228211335837841,0.0937703549861908
strat_neck_fing03__01000100__s0025.wav,0.3405006229877472,0.5788679122924805,0.9620329141616821,0.49301406741142273,0.8394152522087097,0.8186958432197571,0.7675989270210266,0.5263882279396057
strat_neck_fing09__01000100__s0014.wav,0.9181209802627563,0.6940581202507019,0.2987653315067291,0.40014976263046265,0.4854848086833954,0.5304213762283325,0.756868839263916,0.6958229541778564
les_neck_pick06__01000100__s0040.wav,0.4143068492412567,0.39803454279899597,0.47228118777275085,0.6116245985031128,0.8149889707565308,0.8694291710853577,0.4224412739276886,0.5640823245048523
strat_bridge_fing17__01000100__s0044.wav,0.31296730041503906,0.5585168600082397,0.6891312003135681,0.5588765740394592,0.44753381609916687,0.4684668779373169,0.13794104754924774,0.11548245698213577
tele_bridge_fing08__01000100__s0052.wav,0.6621907353401184,0.7364677786827087,0.5194876790046692,0.5429068207740784,0.30452507734298706,0.3960173726081848,0.7363327741622925,0.7103925347328186
tele_neck_fing09__01000100__s0006.wav,0.8044705986976624,0.6867668628692627,0.43600189685821533,0.467295378446579,0.10600536316633224,0.14479176700115204,0.7516890168190002,0.7883706092834473
strat_neck_pick20__01000100__s0001.wav,0.8198773264884949,0.6021813154220581,0.3579917550086975,0.48776620626449585,0.7392928600311279,0.5578187108039856,0.16931982338428497,0.2155914008617401
strat_neck_fing06__01000100__s0024.wav,0.7719728946685791,0.7296461462974548,0.24137967824935913,0.5630943775177002,0.3505536615848541,0.4527243375778198,0.9434939026832581,0.5597400069236755
strat_bridge_fing08__01000100__s0025.wav,0.4468957483768463,0.6590914130210876,0.35982537269592285,0.3733941912651062,0.3039819598197937,0.7119359374046326,0.06995900720357895,0.10397021472454071
prs_bridge_pick23__01000100__s0009.wav,0.7068521976470947,0.4600084722042084,0.6024688482284546,0.6519777774810791,0.311199814081192,0.47239387035369873,0.44254374504089355,0.2789290249347687
strat_bridge_pick17__01000100__s0052.wav,0.799813449382782,0.7427548170089722,0.24496681988239288,0.473400354385376,0.39702436327934265,0.3472330868244171,0.15608584880828857,0.13118749856948853
strat_bridge_pick18__01000100__s0025.wav,0.6184244751930237,0.5138066411018372,0.968311071395874,0.7779682278633118,0.35510584712028503,0.4287000596523285,0.08089113235473633,0.13108497858047485
strat_neck_fing22__01000100__s0009.wav,0.4335339367389679,0.29818981885910034,0.3979286849498749,0.5650843381881714,0.2216973602771759,0.18719159066677094,0.9326574206352234,0.7807814478874207
les_bridge_pick07__01000100__s0011.wav,0.45680058002471924,0.40063390135765076,0.245058074593544,0.48293131589889526,0.650585949420929,0.7868998050689697,0.2509876787662506,0.3217617869377136
tele_bridge_fing02__01000100__s0032.wav,0.3807392418384552,0.19412554800510406,0.025624480098485947,0.24922409653663635,0.7923527359962463,0.6745461821556091,0.19861024618148804,0.2336474359035492
strat_bridge_fing08__01000100__s0018.wav,0.7317875623703003,0.4969063401222229,0.0014308672398328781,0.6650291681289673,0.47826826572418213,0.26478347182273865,0.05859050154685974,0.041616152971982956
prs_bridge_pick08__01000100__s0010.wav,0.8956893086433411,0.7664552927017212,0.8466764688491821,0.6324201226234436,0.562677264213562,0.5802593231201172,0.6616079807281494,0.6716936826705933
tele_bridge_pick05__01000100__s0055.wav,0.30788367986679077,0.19954776763916016,0.12332365661859512,0.2998116612434387,0.5198623538017273,0.45644816756248474,0.9465283751487732,0.860525906085968
strat_bridge_fing01__01000100__s0047.wav,0.5570912957191467,0.47479313611984253,0.1582932323217392,0.41725003719329834,0.48008987307548523,0.4820539355278015,0.9049225449562073,0.7570879459381104
strat_bridge_pick16__01000100__s0022.wav,0.497582346200943,0.4423942267894745,0.011333535425364971,0.7069546580314636,0.5096997618675232,0.3852412700653076,0.666884183883667,0.1706198900938034
prs_neck_fing11__01000100__s0002.wav,0.7201565504074097,0.6337916851043701,0.696886420249939,0.5639254450798035,0.6821324825286865,0.6109678149223328,0.23743729293346405,0.08535709232091904
prs_neck_fing09__01000100__s0034.wav,0.3108804225921631,0.4855748116970062,0.5401896834373474,0.3142487704753876,0.9959473609924316,0.899272620677948,0.9264367818832397,0.8151256442070007
prs_neck_pick13__01000100__s0017.wav,0.9709900617599487,0.713164746761322,0.03344663977622986,0.5163262486457825,0.03423349931836128,0.0536026768386364,0.931562066078186,0.8760547637939453
prs_neck_pick18__01000100__s0009.wav,0.7939512729644775,0.8093685507774353,0.3133765459060669,0.18220734596252441,0.819998025894165,0.5935107469558716,0.07903125137090683,0.12080887705087662
les_neck_pick21__01000100__s0012.wav,0.8294311165809631,0.751836359500885,0.40025725960731506,0.67208331823349,0.10454318672418594,0.08874393254518509,0.24324333667755127,0.5466447472572327
strat_bridge_pick17__01000100__s0038.wav,0.8554712533950806,0.7114189267158508,0.18097244203090668,0.5249515175819397,0.33540987968444824,0.43226805329322815,0.5658295750617981,0.5156235098838806
strat_bridge_fing20__01000100__s0015.wav,0.5992499589920044,0.6891790628433228,0.6800612211227417,0.7015571594238281,0.0852322205901146,0.13782964646816254,0.9965768456459045,0.9526412487030029
strat_neck_pick11__01000100__s0050.wav,0.44125011563301086,0.3014013469219208,0.11000847816467285,0.24516481161117554,0.3635896146297455,0.764592707157135,0.047023724764585495,0.3754733204841614
prs_neck_fing24__01000100__s0016.wav,0.43155187368392944,0.6250213384628296,0.605082094669342,0.6449332237243652,0.5758919715881348,0.6317514777183533,0.4493274688720703,0.6231704950332642
prs_bridge_fing05__01000100__s0029.wav,0.4656027555465698,0.7139441967010498,0.21695472300052643,0.4185931980609894,0.934587836265564,0.923069953918457,0.7984097003936768,0.4615801274776459
les_neck_fing04__01000100__s0013.wav,0.7656950950622559,0.5402706265449524,0.2744736671447754,0.6249778866767883,0.4451867938041687,0.5587472915649414,0.8864792585372925,0.5696696639060974
prs_bridge_pick20__01000100__s0005.wav,0.9122368693351746,0.878576397895813,0.7695971727371216,0.7492132782936096,0.7091193199157715,0.8625984787940979,0.7700292468070984,0.6444867253303528
tele_bridge_pick04__01000100__s0008.wav,0.6680732369422913,0.27871808409690857,0.03980810195207596,0.44706156849861145,0.09310689568519592,0.11422931402921677,0.8413223028182983,0.6100285053253174
strat_neck_pick04__01000100__s0025.wav,0.2999664843082428,0.5102917551994324,0.732821524143219,0.4443965554237366,0.19592441618442535,0.7431989312171936,0.3942870497703552,0.5210878252983093
les_bridge_pick18__01000100__s0052.wav,0.7658222317695618,0.848607063293457,0.7130711078643799,0.8878514766693115,0.4748995900154114,0.770067036151886,0.04624435678124428,0.1530393660068512
prs_neck_fing12__01000100__s0043.wav,0.2320336252450943,0.14347074925899506,0.042095448821783066,0.32227906584739685,0.6318495273590088,0.5977931618690491,0.22172726690769196,0.12047858536243439
prs_bridge_pick16__01000100__s0048.wav,0.3234556317329407,0.4829756021499634,0.9574690461158752,0.5062245726585388,0.02817458286881447,0.26399490237236023,0.3905019164085388,0.4459903836250305
strat_bridge_pick12__01000100__s0027.wav,0.686225950717926,0.6363545060157776,0.6287787556648254,0.8100565671920776,0.7467241287231445,0.6494202613830566,0.0982985571026802,0.26113659143447876
prs_neck_pick19__01000100__s0034.wav,0.2621833086013794,0.17533989250659943,0.22170794010162354,0.17995710670948029,0.7413262128829956,0.6508970856666565,0.27331599593162537,0.17638778686523438
tele_neck_fing21__01000100__s0021.wav,0.8614630103111267,0.6741532683372498,0.6076968908309937,0.5515474677085876,0.34955912828445435,0.4049586057662964,0.24314343929290771,0.2519943118095398
prs_bridge_fing02__01000100__s0045.wav,0.9738394021987915,0.8710975646972656,0.5727202892303467,0.6928810477256775,0.23949512839317322,0.12104492634534836,0.607866108417511,0.4972163140773773
prs_bridge_fing04__01000100__s0043.wav,0.42272821068763733,0.30993735790252686,0.1834002584218979,0.4716586768627167,0.1788148283958435,0.22730927169322968,0.5212770104408264,0.3914743959903717
prs_neck_fing07__01000100__s0050.wav,0.6671721339225769,0.7704247832298279,0.20171481370925903,0.30809494853019714,0.5445022583007812,0.49707311391830444,0.9372893571853638,0.7654649615287781
tele_neck_pick13__01000100__s0021.wav,0.02428942546248436,0.244627445936203,0.6763666868209839,0.4367581605911255,0.08459725975990295,0.6550276875495911,0.05273003503680229,0.11667439341545105
strat_bridge_fing20__01000100__s0030.wav,0.7853257656097412,0.8549475073814392,0.9612427353858948,0.8667761087417603,0.22444936633110046,0.2868179380893707,0.6109558343887329,0.5594314336776733
tele_neck_pick19__01000100__s0034.wav,0.5640060305595398,0.43589240312576294,0.8390566110610962,0.795107901096344,0.279213011264801,0.6587748527526855,0.10068329423666,0.36915159225463867
prs_neck_fing08__01000100__s0040.wav,0.6671673655509949,0.7274297475814819,0.8031880259513855,0.612989604473114,0.2613542973995209,0.3215727210044861,0.4666198492050171,0.29160523414611816
tele_bridge_pick07__01000100__s0048.wav,0.43938931822776794,0.6042495369911194,0.3486766815185547,0.3610192835330963,0.3058420717716217,0.3178521692752838,0.06662926822900772,0.4273321032524109
les_neck_pick19__01000100__s0008.wav,0.6510396003723145,0.6573699116706848,0.7576329708099365,0.7625342607498169,0.49509289860725403,0.5014780163764954,0.6632641553878784,0.2626921832561493
les_neck_fing24__01000100__s0055.wav,0.29929620027542114,0.4944090247154236,0.18684107065200806,0.24713686108589172,0.041328951716423035,0.1569768190383911,0.11545360088348389,0.26518353819847107
tele_neck_fing15__01000100__s0014.wav,0.031545959413051605,0.0848083347082138,0.7059736847877502,0.43223172426223755,0.7456541657447815,0.6715516448020935,0.9134324193000793,0.675017237663269
prs_neck_pick09__01000100__s0049.wav,0.3907896876335144,0.2578881084918976,0.44980138540267944,0.40336883068084717,0.5851714611053467,0.5010645389556885,0.6285601854324341,0.7779363989830017
les_neck_fing20__01000100__s0037.wav,0.949388325214386,0.9122519493103027,0.5409702062606812,0.542423665523529,0.6937054991722107,0.6787940859794617,0.1901945322751999,0.21054454147815704
les_neck_pick23__01000100__s0045.wav,0.5684826970100403,0.6538020968437195,0.2854924201965332,0.3609206974506378,0.9808614253997803,0.6977698802947998,0.49760428071022034,0.33872485160827637
les_neck_pick22__01000100__s0029.wav,0.2588723599910736,0.27977555990219116,0.5202869772911072,0.46167129278182983,0.027259524911642075,0.1330416202545166,0.08790372312068939,0.16977576911449432
strat_bridge_fing18__01000100__s0042.wav,0.1260077804327011,0.33924606442451477,0.1404746025800705,0.39956629276275635,0.6628297567367554,0.47715890407562256,0.572277307510376,0.49319255352020264
prs_neck_fing06__01000100__s0035.wav,0.8979947566986084,0.5939633250236511,0.01059208158403635,0.7399701476097107,0.9521908760070801,0.8326539397239685,0.25474298000335693,0.26991361379623413
strat_neck_pick04__01000100__s0011.wav,0.25126662850379944,0.1764565259218216,0.1271316260099411,0.2983790934085846,0.4263097941875458,0.6275115609169006,0.6690434217453003,0.4408297836780548
tele_neck_pick02__01000100__s0052.wav,0.017098242416977882,0.24840623140335083,0.0009702885872684419,0.524137020111084,0.8325095772743225,0.8920202851295471,0.358419269323349,0.47788572311401367
prs_neck_pick08__01000100__s0007.wav,0.05667170509696007,0.15249115228652954,0.24184316396713257,0.45538851618766785,0.5079511404037476,0.6909197568893433,0.6881144046783447,0.6181612610816956
tele_bridge_pick11__01000100__s0055.wav,0.8241471648216248,0.7198216319084167,0.9789661765098572,0.7593113780021667,0.522018313407898,0.5931704640388489,0.5861252546310425,0.5373697280883789
prs_bridge_pick12__01000100__s0009.wav,0.6241212487220764,0.5905224084854126,0.7519439458847046,0.8226093053817749,0.5579521059989929,0.47710245847702026,0.07725181430578232,0.16451607644557953
les_neck_pick08__01000100__s0026.wav,0.947314977645874,0.9326707124710083,0.7558767795562744,0.7079764008522034,0.20771591365337372,0.3171771764755249,0.1341933161020279,0.21001535654067993
strat_bridge_pick24__01000100__s0021.wav,0.873534083366394,0.8264961242675781,0.444835364818573,0.23175738751888275,0.8413336873054504,0.9283839464187622,0.8177497386932373,0.6085081696510315
tele_neck_fing14__01000100__s0043.wav,0.8400354385375977,0.4779753088951111,0.1345852017402649,0.6396304965019226,0.5639737248420715,0.21416158974170685,0.088173046708107,0.26050013303756714
strat_bridge_fing16__01000100__s0050.wav,0.7376487255096436,0.768259584903717,0.8669974207878113,0.7422787547111511,0.003847206709906459,0.5381553173065186,0.028290914371609688,0.07664617151021957
strat_bridge_fing23__01000100__s0029.wav,0.32158583402633667,0.6067827343940735,0.5907120704650879,0.4798564314842224,0.7907252311706543,0.8809273838996887,0.6389862298965454,0.7386718988418579
prs_neck_pick07__01000100__s0004.wav,0.2807455360889435,0.22045938670635223,0.18800771236419678,0.32642310857772827,0.14638185501098633,0.3376370370388031,0.21479927003383636,0.6269350051879883
les_bridge_fing24__01000100__s0050.wav,0.4381697177886963,0.5971565842628479,0.6365658640861511,0.4149761199951172,0.09188245981931686,0.19974246621131897,0.22775302827358246,0.2127140313386917
les_neck_pick07__01000100__s0043.wav,0.27162426710128784,0.19573034346103668,0.44499126076698303,0.46775761246681213,0.7003754377365112,0.7794772386550903,0.8715021014213562,0.6671981811523438
strat_neck_fing04__01000100__s0055.wav,0.7071000337600708,0.7241608500480652,0.6946065425872803,0.4759054481983185,0.021436523646116257,0.41441088914871216,0.5517884492874146,0.30628636479377747
les_bridge_fing07__01000100__s0017.wav,0.9213348031044006,0.3034029006958008,0.19327497482299805,0.26901257038116455,0.3632584810256958,0.6405925750732422,0.9408684968948364,0.919135332107544
prs_bridge_fing14__01000100__s0024.wav,0.4333909749984741,0.42597612738609314,0.17620247602462769,0.23452425003051758,0.05906810984015465,0.03521016240119934,0.9380027651786804,0.9232051968574524
prs_neck_fing08__01000100__s0026.wav,0.020742181688547134,0.19280681014060974,0.22583746910095215,0.16948920488357544,0.3395867645740509,0.6959060430526733,0.10137584805488586,0.33551228046417236
prs_neck_fing21__01000100__s0041.wav,0.9941741228103638,0.9100380539894104,0.05756783112883568,0.3114936649799347,0.3863082826137543,0.5809348821640015,0.09793674945831299,0.21730543673038483
prs_neck_pick21__01000100__s0032.wav,0.11904960125684738,0.34904351830482483,0.9314577579498291,0.44106611609458923,0.3680536150932312,0.377318799495697,0.2052055150270462,0.42372941970825195
prs_bridge_pick08__01000100__s0001.wav,0.27799779176712036,0.26776543259620667,0.4615854322910309,0.20364530384540558,0.7374183535575867,0.7227951884269714,0.46570780873298645,0.13902287185192108
prs_neck_fing04__01000100__s0050.wav,0.3430396020412445,0.2612297534942627,0.08306484669446945,0.2519042193889618,0.40441834926605225,0.45413386821746826,0.2938846945762634,0.277925580739975
les_neck_pick23__01000100__s0051.wav,0.8731809258460999,0.7143924832344055,0.8090869188308716,0.7269762754440308,0.17189444601535797,0.22278402745723724,0.7276501655578613,0.3361886143684387
tele_neck_pick12__01000100__s0010.wav,0.8408220410346985,0.9341384172439575,0.7091799378395081,0.6308596730232239,0.7523514032363892,0.7850597500801086,0.8072354197502136,0.7463823556900024
tele_bridge_pick10__01000100__s0052.wav,0.5615116357803345,0.5317151546478271,0.6269785761833191,0.6612940430641174,0.32042187452316284,0.3565243184566498,0.7984802722930908,0.7854264974594116
prs_neck_fing01__01000100__s0032.wav,0.25561729073524475,0.6200198531150818,0.9293559193611145,0.6005418300628662,0.684166431427002,0.41873520612716675,0.415355920791626,0.4350103735923767
les_bridge_pick11__01000100__s0008.wav,0.36337825655937195,0.23222559690475464,0.1318744421005249,0.4227787256240845,0.6153947114944458,0.5737227201461792,0.9700361490249634,0.9421752095222473
les_neck_fing08__01000100__s0018.wav,0.5353461503982544,0.626949667930603,0.5352059602737427,0.8242740035057068,0.38642534613609314,0.3943266272544861,0.4113999009132385,0.3862185776233673
tele_neck_pick22__01000100__s0049.wav,0.7384689450263977,0.6782578825950623,0.46707025170326233,0.6146518588066101,0.1414971798658371,0.07234098762273788,0.9234746694564819,0.8306782841682434
strat_bridge_fing22__01000100__s0030.wav,0.17820009589195251,0.4761020243167877,0.26339906454086304,0.33468011021614075,0.43027687072753906,0.368896484375,0.17175507545471191,0.34608474373817444
prs_bridge_pick23__01000100__s0019.wav,0.8126569390296936,0.7486737370491028,0.20633578300476074,0.4314780533313751,0.43817228078842163,0.6287083625793457,0.969365119934082,0.943271815776825
strat_bridge_pick08__01000100__s0026.wav,0.3694330155849457,0.4303942620754242,0.3041117191314697,0.5229103565216064,0.22802092134952545,0.2969260811805725,0.16914249956607819,0.2997448444366455
prs_bridge_fing22__01000100__s0036.wav,0.0814206600189209,0.212178573012352,0.530974268913269,0.37894782423973083,0.8630004525184631,0.5530595183372498,0.2822823226451874,0.18240459263324738
prs_bridge_pick13__01000100__s0054.wav,0.4750836491584778,0.42850905656814575,0.26110681891441345,0.8159136176109314,0.13911017775535583,0.5288678407669067,0.3819429576396942,0.44833892583847046
prs_bridge_fing07__01000100__s0009.wav,0.863896369934082,0.406171590089798,0.23406971991062164,0.17757262289524078,0.8481001853942871,0.6934261322021484,0.8465369343757629,0.4362950325012207
les_neck_fing12__01000100__s0021.wav,0.22794371843338013,0.5214805006980896,0.3702923357486725,0.25596851110458374,0.4217259883880615,0.21383921802043915,0.9405493140220642,0.8868162035942078
tele_bridge_fing08__01000100__s0001.wav,0.2826874256134033,0.2077767699956894,0.25044694542884827,0.6521285176277161,0.3092969059944153,0.15038301050662994,0.9967015981674194,0.861911952495575
prs_neck_fing15__01000100__s0017.wav,0.10847094655036926,0.25146812200546265,0.7143404483795166,0.0813545361161232,0.9495159387588501,0.503264307975769,0.7270764112472534,0.7212408781051636
les_neck_pick21__01000100__s0039.wav,0.005008768755942583,0.14928139746189117,0.7254963517189026,0.4561905264854431,0.2119068205356598,0.21353578567504883,0.5481154322624207,0.5400137305259705
prs_bridge_pick11__01000100__s0049.wav,0.032164618372917175,0.3052830696105957,0.6995446681976318,0.23926740884780884,0.6942085027694702,0.7491281032562256,0.5285587310791016,0.23655176162719727
tele_neck_pick10__01000100__s0022.wav,0.08490361273288727,0.30787393450737,0.8386308550834656,0.29924502968788147,0.37160640954971313,0.3755347728729248,0.6667569279670715,0.6257409453392029
les_bridge_pick16__01000100__s0025.wav,0.10940774530172348,0.4900660812854767,0.4815186560153961,0.32481545209884644,0.334593266248703,0.40248265862464905,0.8316055536270142,0.8351531624794006
strat_neck_pick05__01000100__s0035.wav,0.09769579023122787,0.20815503597259521,0.18761418759822845,0.20466327667236328,0.7194135189056396,0.6259806156158447,0.00975623819977045,0.10552731901407242
prs_bridge_fing19__01000100__s0017.wav,0.988730251789093,0.9636573195457458,0.8222441077232361,0.8192353248596191,0.9686651825904846,0.7283545732498169,0.8350630402565002,0.9520406126976013
tele_bridge_fing08__01000100__s0047.wav,0.6638456583023071,0.5022121071815491,0.2773875296115875,0.3792875409126282,0.6937261819839478,0.6125249266624451,0.13629232347011566,0.4879760146141052
les_neck_fing14__01000100__s0004.wav,0.18480755388736725,0.36728590726852417,0.15753938257694244,0.2965136766433716,0.3075641691684723,0.31781303882598877,0.8913441896438599,0.8441699743270874
les_bridge_fing09__01000100__s0034.wav,0.8285343647003174,0.8687849044799805,0.9467576146125793,0.6825246214866638,0.3123914897441864,0.6066221594810486,0.862535834312439,0.5679523348808289
les_bridge_pick23__01000100__s0003.wav,0.6631250381469727,0.4970550835132599,0.46801432967185974,0.5434229969978333,0.3856639564037323,0.5615528225898743,0.1229390799999237,0.5675483345985413
les_neck_fing23__01000100__s0016.wav,0.4587535858154297,0.4636673331260681,0.14231367409229279,0.4714004099369049,0.23244236409664154,0.35850805044174194,0.040144070982933044,0.4872341454029083
les_bridge_pick21__01000100__s0008.wav,0.7995561361312866,0.7581507563591003,0.48957228660583496,0.2665026783943176,0.2458169162273407,0.20428095757961273,0.9379849433898926,0.9304270148277283
tele_bridge_fing07__01000100__s0002.wav,0.6651089787483215,0.7430523037910461,0.9433596730232239,0.4730643630027771,0.497636079788208,0.2975352108478546,0.1930142641067505,0.24359732866287231
tele_neck_pick12__01000100__s0008.wav,0.9061875343322754,0.8241472244262695,0.4886065721511841,0.4138604998588562,0.6718071103096008,0.6340528130531311,0.7957857251167297,0.5889975428581238
prs_neck_pick06__01000100__s0050.wav,0.27889057993888855,0.4323965013027191,0.5894098877906799,0.19787247478961945,0.9134018421173096,0.8752643465995789,0.9824842214584351,0.9573767781257629
les_bridge_pick11__01000100__s0021.wav,0.08652672916650772,0.18719720840454102,0.23167634010314941,0.5261290073394775,0.8712367415428162,0.9084884524345398,0.5944298505783081,0.6079176664352417
prs_bridge_pick19__01000100__s0046.wav,0.008479878306388855,0.17738661170005798,0.45872849225997925,0.3662973940372467,0.6268686056137085,0.5903226733207703,0.6634033918380737,0.8020545840263367
les_neck_fing01__01000100__s0042.wav,0.9825928211212158,0.8596312403678894,0.6922280192375183,0.7388321757316589,0.060697413980960846,0.29306334257125854,0.14992879331111908,0.1493372768163681
prs_bridge_pick13__01000100__s0028.wav,0.560875654220581,0.6226864457130432,0.6120629906654358,0.6763916015625,0.4777331054210663,0.5125281810760498,0.14542216062545776,0.33627238869667053
strat_neck_fing01__01000100__s0003.wav,0.689933180809021,0.8335367441177368,0.9498706459999084,0.7856124639511108,0.962192177772522,0.8467751741409302,0.5987986922264099,0.6403895616531372
strat_neck_fing23__01000100__s0044.wav,0.7195999622344971,0.8051866888999939,0.24614667892456055,0.5898693203926086,0.021766535937786102,0.13424380123615265,0.6933973431587219,0.6680096387863159
tele_neck_fing01__01000100__s0008.wav,0.8917425274848938,0.7479644417762756,0.5302862524986267,0.6388969421386719,0.2871566712856293,0.20700891315937042,0.7494110465049744,0.5563120245933533
les_neck_pick21__01000100__s0045.wav,0.6872959733009338,0.6098752021789551,0.8058032989501953,0.6338813304901123,0.40412044525146484,0.40614378452301025,0.6989818811416626,0.713711142539978
les_bridge_fing03__01000100__s0027.wav,0.8601915836334229,0.8169722557067871,0.9505957961082458,0.9214949011802673,0.903746485710144,0.7300311326980591,0.5258060693740845,0.5820274353027344
strat_bridge_pick02__01000100__s0004.wav,0.40523800253868103,0.3750215172767639,0.11167018115520477,0.2172752469778061,0.837851881980896,0.9187477827072144,0.4078182280063629,0.42509278655052185
prs_neck_fing22__01000100__s0044.wav,0.2445683628320694,0.44084006547927856,0.5326934456825256,0.449871689081192,0.10590040683746338,0.06127863749861717,0.6260051131248474,0.48053592443466187
tele_neck_fing06__01000100__s0002.wav,0.3157981336116791,0.4259273111820221,0.8263310790061951,0.5609959959983826,0.9634309411048889,0.193784698843956,0.04371939226984978,0.13935056328773499
les_bridge_fing10__01000100__s0016.wav,0.46350914239883423,0.6218945980072021,0.6142069697380066,0.5127163529396057,0.8968615531921387,0.8573586940765381,0.6789412498474121,0.6904863119125366
les_bridge_pick15__01000100__s0037.wav,0.9584839940071106,0.8777552843093872,0.25773337483406067,0.29514333605766296,0.5557529330253601,0.4994942247867584,0.9553923606872559,0.741522490978241
tele_neck_fing15__01000100__s0011.wav,0.9681888222694397,0.5994230508804321,0.3268599510192871,0.5208699703216553,0.6366844773292542,0.5039595365524292,0.6653456687927246,0.4036749601364136
tele_bridge_pick01__01000100__s0006.wav,0.1331568956375122,0.26346150040626526,0.6825816035270691,0.36263859272003174,0.1408565640449524,0.06153238192200661,0.7948700785636902,0.7336644530296326
strat_bridge_pick14__01000100__s0009.wav,0.5828465819358826,0.4706610143184662,0.13959304988384247,0.17595207691192627,0.6447469592094421,0.5723167657852173,0.17812232673168182,0.43342798948287964
strat_neck_pick25__01000100__s0014.wav,0.32307058572769165,0.44967934489250183,0.7593299746513367,0.5352587699890137,0.863294780254364,0.46283629536628723,0.2830551564693451,0.4773401618003845
tele_bridge_fing04__01000100__s0033.wav,0.5325220823287964,0.8110888004302979,0.9054455161094666,0.5528579354286194,0.942246675491333,0.8686342835426331,0.40482428669929504,0.7514680624008179
prs_bridge_pick24__01000100__s0007.wav,0.9388402700424194,0.5246556997299194,0.06864626705646515,0.6337794661521912,0.01918693259358406,0.7860174775123596,0.009689420461654663,0.1261332929134369
les_bridge_fing05__01000100__s0041.wav,0.9665290117263794,0.916835367679596,0.31194591522216797,0.6997570991516113,0.42500564455986023,0.7002965211868286,0.26905038952827454,0.39244046807289124
prs_neck_pick21__01000100__s0048.wav,0.293412446975708,0.35875266790390015,0.4187174439430237,0.3737936317920685,0.5900814533233643,0.5063593983650208,0.9498977661132812,0.8534014225006104
strat_bridge_pick17__01000100__s0053.wav,0.3859473168849945,0.6893160939216614,0.9682605266571045,0.7555586695671082,0.6161848902702332,0.5641840100288391,0.6213018894195557,0.6192582249641418
prs_neck_fing04__01000100__s0042.wav,0.7180956602096558,0.6568467617034912,0.36416444182395935,0.5868603587150574,0.35498955845832825,0.49195075035095215,0.8834453821182251,0.7474473714828491
strat_neck_pick19__01000100__s0046.wav,0.41826489567756653,0.4329988658428192,0.9932850003242493,0.9254622459411621,0.49544039368629456,0.34651029109954834,0.046796802431344986,0.3229057788848877
prs_neck_pick23__01000100__s0036.wav,0.7179377675056458,0.3174675703048706,0.029890436679124832,0.17378480732440948,0.41542720794677734,0.3975428342819214,0.822519838809967,0.7347637414932251
strat_neck_fing10__01000100__s0010.wav,0.9992960095405579,0.6756761074066162,0.964837908744812,0.8546053767204285,0.07483972609043121,0.046673860400915146,0.5455721020698547,0.4988236129283905
tele_neck_fing02__01000100__s0016.wav,0.4890943765640259,0.44253841042518616,0.10546468198299408,0.19353358447551727,0.18767055869102478,0.498304158449173,0.27578064799308777,0.4119457006454468
les_neck_fing21__01000100__s0026.wav,0.9194116592407227,0.8399912714958191,0.3394368886947632,0.4856049418449402,0.4595503807067871,0.41325414180755615,0.8715248107910156,0.8537092208862305
strat_neck_pick14__01000100__s0008.wav,0.5549622178077698,0.7581522464752197,0.9226701259613037,0.670616626739502,0.6674519181251526,0.8006710410118103,0.24249669909477234,0.5335811376571655
strat_bridge_pick23__01000100__s0010.wav,0.63423091173172,0.8031529784202576,0.7835445404052734,0.8346747756004333,0.5054811239242554,0.508759617805481,0.18046414852142334,0.3133857548236847
strat_neck_pick15__01000100__s0045.wav,0.006542291957885027,0.23738907277584076,0.7878246903419495,0.3167625665664673,0.924238920211792,0.7696401476860046,0.6044995784759521,0.5658411383628845
les_bridge_pick04__01000100__s0043.wav,0.866019606590271,0.9279513955116272,0.8932220339775085,0.8460565805435181,0.055830273777246475,0.5161413550376892,0.09518630057573318,0.08148334920406342
prs_neck_fing20__01000100__s0025.wav,0.8205984234809875,0.6989955306053162,0.6066775321960449,0.6195074915885925,0.10589432716369629,0.25498491525650024,0.24474047124385834,0.35312119126319885
prs_neck_fing21__01000100__s0035.wav,0.15483281016349792,0.5890489220619202,0.7543728351593018,0.2873546779155731,0.06999124586582184,0.2912740707397461,0.7168585062026978,0.6755751371383667
prs_bridge_fing09__01000100__s0022.wav,0.40210336446762085,0.2758093774318695,0.1277676522731781,0.2827841341495514,0.25909608602523804,0.16808468103408813,0.24029400944709778,0.15978500247001648
les_bridge_fing16__01000100__s0012.wav,0.8989114761352539,0.8726407289505005,0.2885587215423584,0.4760283827781677,0.042263783514499664,0.024499112740159035,0.4640772342681885,0.46946871280670166
strat_neck_fing15__01000100__s0042.wav,0.9473877549171448,0.7808083295822144,0.4623088538646698,0.5695366859436035,0.1087561845779419,0.10991634428501129,0.6695146560668945,0.558422863483429
prs_neck_fing24__01000100__s0040.wav,0.7740301489830017,0.7224012017250061,0.47824668884277344,0.5293661952018738,0.7223752737045288,0.7412054538726807,0.1480274796485901,0.2412531077861786
tele_bridge_fing17__01000100__s0020.wav,0.979613184928894,0.9254443645477295,0.764436662197113,0.9404828548431396,0.5281332731246948,0.3153071403503418,0.7098348140716553,0.6495938301086426
les_bridge_pick15__01000100__s0054.wav,0.21094167232513428,0.15401262044906616,0.22352613508701324,0.36434870958328247,0.31652769446372986,0.1736403852701187,0.5526526570320129,0.4251180589199066
tele_neck_pick05__01000100__s0048.wav,0.36445072293281555,0.3274692893028259,0.35197684168815613,0.4921545684337616,0.8697084784507751,0.9278220534324646,0.7609950304031372,0.6971352696418762
prs_bridge_pick02__01000100__s0032.wav,0.01627720147371292,0.33489713072776794,0.5441215634346008,0.40591272711753845,0.5549274682998657,0.46383315324783325,0.6131055951118469,0.23246470093727112
tele_neck_pick09__01000100__s0038.wav,0.9457215666770935,0.7828001379966736,0.6801824569702148,0.5621127486228943,0.5959470272064209,0.5806698799133301,0.197723388671875,0.27101218700408936
prs_bridge_fing18__01000100__s0010.wav,0.734847903251648,0.5972582697868347,0.42661696672439575,0.6529413461685181,0.39731720089912415,0.3155156373977661,0.40470102429389954,0.4399445950984955
tele_bridge_fing16__01000100__s0053.wav,0.011461105197668076,0.2222425639629364,0.6729219555854797,0.3844820559024811,0.5428733229637146,0.7010252475738525,0.6709444522857666,0.8732770085334778
tele_neck_pick22__01000100__s0013.wav,0.05966265872120857,0.08885815739631653,0.7162977457046509,0.44349807500839233,0.6386638879776001,0.6185908913612366,0.053487639874219894,0.040079906582832336
les_bridge_pick02__01000100__s0001.wav,0.3484760820865631,0.4052220284938812,0.899488091468811,0.7082722783088684,0.22034969925880432,0.5550621151924133,0.21803848445415497,0.47518250346183777
strat_bridge_fing18__01000100__s0029.wav,0.8471225500106812,0.2580045759677887,0.18968835473060608,0.7067763209342957,0.798745334148407,0.5322258472442627,0.4122166931629181,0.5166776180267334
tele_bridge_fing08__01000100__s0050.wav,0.35232388973236084,0.5290072560310364,0.5943634510040283,0.3194632828235626,0.3530248701572418,0.35429471731185913,0.9352691173553467,0.903181791305542
prs_bridge_fing11__01000100__s0027.wav,0.6831438541412354,0.6236031651496887,0.3861324191093445,0.23596373200416565,0.6631854176521301,0.6093873381614685,0.5334410071372986,0.26484087109565735
tele_neck_fing17__01000100__s0021.wav,0.6829135417938232,0.35992223024368286,0.23338256776332855,0.3356020152568817,0.7439591884613037,0.7673237919807434,0.84322589635849,0.4399629831314087
prs_bridge_pick25__01000100__s0016.wav,0.02304892987012863,0.5608193874359131,0.035420406609773636,0.21125087141990662,0.20658113062381744,0.5383121967315674,0.5567523837089539,0.4600207507610321
les_neck_pick08__01000100__s0038.wav,0.17425718903541565,0.28065061569213867,0.3843930959701538,0.23280452191829681,0.9188587665557861,0.9205251932144165,0.9409268498420715,0.7804158926010132
tele_neck_fing20__01000100__s0048.wav,0.04072945564985275,0.1786412000656128,0.2959829270839691,0.45875346660614014,0.17765842378139496,0.4841284453868866,0.08006034046411514,0.09947963804006577
tele_neck_fing24__01000100__s0002.wav,0.46868327260017395,0.39901596307754517,0.21759122610092163,0.6133939027786255,0.31786203384399414,0.3360162079334259,0.7085992693901062,0.7216256260871887
les_neck_fing02__01000100__s0008.wav,0.6084038019180298,0.641192615032196,0.4905201196670532,0.43952956795692444,0.6564608812332153,0.6253514289855957,0.7485344409942627,0.30715203285217285
tele_neck_fing06__01000100__s0054.wav,0.9768052697181702,0.8135563731193542,0.4381095767021179,0.609423816204071,0.8062468767166138,0.8757708668708801,0.5945744514465332,0.7513331770896912
strat_neck_pick15__01000100__s0040.wav,0.20327545702457428,0.13223151862621307,0.1556197702884674,0.3343662917613983,0.6746817827224731,0.8153040409088135,0.6160712838172913,0.6387231945991516
les_neck_pick25__01000100__s0049.wav,0.7076897025108337,0.7112608551979065,0.26060041785240173,0.3127279281616211,0.2962202727794647,0.6277690529823303,0.0676947757601738,0.12592923641204834
les_bridge_fing24__01000100__s0002.wav,0.7492043375968933,0.7038632035255432,0.31623250246047974,0.44605565071105957,0.40234366059303284,0.17536620795726776,0.29681962728500366,0.4950448274612427
prs_bridge_pick07__01000100__s0017.wav,0.13593019545078278,0.2879927456378937,0.7833629846572876,0.688782274723053,0.7480394840240479,0.7076029777526855,0.4444751739501953,0.49057427048683167
prs_neck_pick02__01000100__s0036.wav,0.8245657682418823,0.874787449836731,0.7576882243156433,0.7403741478919983,0.044519733637571335,0.5927416682243347,0.03501932695508003,0.1863100528717041
tele_neck_fing16__01000100__s0013.wav,0.22298789024353027,0.5009033679962158,0.9670349955558777,0.2869677245616913,0.03424662724137306,0.2029392421245575,0.9405792355537415,0.3826359212398529
tele_bridge_pick24__01000100__s0012.wav,0.7802873253822327,0.7309359312057495,0.8554815649986267,0.6381363272666931,0.6527594923973083,0.6191576719284058,0.6674376130104065,0.7973560094833374
strat_neck_fing08__01000100__s0049.wav,0.6837183833122253,0.8238776922225952,0.5778256058692932,0.7673102617263794,0.6807851195335388,0.49755415320396423,0.3368639647960663,0.26871612668037415
les_neck_fing22__01000100__s0034.wav,0.26509666442871094,0.2956696152687073,0.3581339418888092,0.42838120460510254,0.9658772945404053,0.7458318471908569,0.43964502215385437,0.5481120347976685
tele_bridge_fing16__01000100__s0044.wav,0.3520194888114929,0.3662905991077423,0.4786634147167206,0.8370646238327026,0.5495201945304871,0.6340457797050476,0.3717438578605652,0.5055142045021057
tele_bridge_fing06__01000100__s0047.wav,0.8720259666442871,0.559444010257721,0.1149219498038292,0.5234358310699463,0.9305171966552734,0.6545984148979187,0.7004473209381104,0.5601532459259033
strat_bridge_pick20__01000100__s0008.wav,0.9460147619247437,0.854059636592865,0.7460451126098633,0.8104674220085144,0.2260385900735855,0.10242114961147308,0.5478406548500061,0.3889029920101166
prs_neck_pick12__01000100__s0007.wav,0.28137412667274475,0.6725527048110962,0.6209328174591064,0.4118046760559082,0.7850708961486816,0.8434123396873474,0.529899001121521,0.6421725153923035
prs_neck_pick05__01000100__s0051.wav,0.64390629529953,0.3481287956237793,0.20822125673294067,0.40311679244041443,0.10663692653179169,0.1755937784910202,0.6989926695823669,0.70457923412323
tele_bridge_fing25__01000100__s0030.wav,0.9178947806358337,0.8913410902023315,0.7993775606155396,0.9020116329193115,0.3904270529747009,0.36897486448287964,0.7716224193572998,0.5958080887794495
prs_neck_fing17__01000100__s0024.wav,0.3855505883693695,0.5777169466018677,0.9479469656944275,0.6028445363044739,0.07412734627723694,0.6905797719955444,0.15880972146987915,0.14957259595394135
tele_neck_fing05__01000100__s0017.wav,0.025508753955364227,0.29806727170944214,0.5716085433959961,0.39177224040031433,0.9729270339012146,0.7044024467468262,0.006392727140337229,0.07301624864339828
strat_bridge_fing09__01000100__s0039.wav,0.04538171738386154,0.08301611989736557,0.3104468584060669,0.15126992762088776,0.9548459053039551,0.7980154752731323,0.9708012938499451,0.28667178750038147
prs_bridge_fing01__01000100__s0017.wav,0.6154721975326538,0.6925407648086548,0.6998624801635742,0.8295103907585144,0.6205904483795166,0.6920661330223083,0.0765923261642456,0.5199465751647949
les_bridge_fing05__01000100__s0050.wav,0.5142850279808044,0.6268438100814819,0.9190260171890259,0.8007997870445251,0.04503084719181061,0.2795054018497467,0.3395558297634125,0.5012853145599365
les_bridge_fing23__01000100__s0011.wav,0.8204030394554138,0.7118321061134338,0.30580005049705505,0.5262627005577087,0.09919100254774094,0.08470343053340912,0.8077892065048218,0.532637357711792
les_bridge_pick16__01000100__s0027.wav,0.46427324414253235,0.7711857557296753,0.4120941162109375,0.847855269908905,0.09268787503242493,0.09032365679740906,0.9302806854248047,0.823886513710022
prs_neck_pick16__01000100__s0050.wav,0.2892100214958191,0.33802852034568787,0.8754192590713501,0.6808647513389587,0.6759278774261475,0.5734114646911621,0.03219696879386902,0.09272927045822144
les_neck_pick07__01000100__s0011.wav,0.5422277450561523,0.665428638458252,0.8646114468574524,0.8478143215179443,0.6721011996269226,0.6749376058578491,0.5858650207519531,0.6116048693656921
prs_neck_pick25__01000100__s0008.wav,0.4633692502975464,0.4495347738265991,0.4766530990600586,0.7247135639190674,0.8743912577629089,0.9031346440315247,0.7751609683036804,0.46078673005104065
les_bridge_fing15__01000100__s0019.wav,0.8233945965766907,0.647678554058075,0.23525945842266083,0.6932848691940308,0.5460668206214905,0.5105932354927063,0.5645738840103149,0.4939400255680084
les_neck_fing01__01000100__s0030.wav,0.41133254766464233,0.2559516131877899,0.08991005271673203,0.33795949816703796,0.37119802832603455,0.4109015464782715,0.6095864772796631,0.5140694975852966
tele_bridge_pick13__01000100__s0054.wav,0.8165967464447021,0.6612824201583862,0.14820532500743866,0.1193457767367363,0.9726369380950928,0.7686948180198669,0.704257607460022,0.5622850656509399
prs_bridge_pick11__01000100__s0015.wav,0.19980986416339874,0.2614974081516266,0.5828757882118225,0.39195460081100464,0.44898930191993713,0.5548208951950073,0.6184623837471008,0.4968973994255066
les_bridge_pick23__01000100__s0006.wav,0.4971718490123749,0.7714415788650513,0.9493630528450012,0.44243067502975464,0.12983310222625732,0.32326823472976685,0.4489668011665344,0.4057701528072357
tele_bridge_fing05__01000100__s0028.wav,0.8717148900032043,0.9206981658935547,0.6073384284973145,0.4115051329135895,0.11808925122022629,0.2569216191768646,0.11534725874662399,0.27071982622146606
les_bridge_pick13__01000100__s0043.wav,0.7118111848831177,0.8159964680671692,0.36002278327941895,0.6876089572906494,0.5826770663261414,0.31413063406944275,0.08872312307357788,0.16139985620975494
strat_bridge_fing06__01000100__s0009.wav,0.8834686875343323,0.781383752822876,0.1498909592628479,0.5191856026649475,0.4437163174152374,0.4854717254638672,0.8953152894973755,0.8875440359115601
prs_bridge_pick10__01000100__s0038.wav,0.8000032901763916,0.8055779337882996,0.2427631914615631,0.531187117099762,0.22769968211650848,0.33169224858283997,0.6049174666404724,0.46525293588638306
prs_neck_fing15__01000100__s0040.wav,0.14152532815933228,0.3170989751815796,0.3742038309574127,0.5111770033836365,0.4323846399784088,0.4277803301811218,0.3920627236366272,0.2686704695224762
tele_bridge_pick02__01000100__s0017.wav,0.16778500378131866,0.31834256649017334,0.2400255650281906,0.1596866250038147,0.6146660447120667,0.582077145576477,0.818607747554779,0.6689664721488953
tele_bridge_pick25__01000100__s0016.wav,0.9813207387924194,0.7784737348556519,0.3387031555175781,0.41857007145881653,0.8391616344451904,0.916541337966919,0.2924225628376007,0.4721720516681671
tele_neck_fing24__01000100__s0012.wav,0.5465736985206604,0.6507260203361511,0.08613854646682739,0.2779500186443329,0.8024905920028687,0.9016831517219543,0.9866440892219543,0.9792283773422241
strat_bridge_fing15__01000100__s0010.wav,0.4692022502422333,0.6034350395202637,0.4233095943927765,0.5308109521865845,0.1586303561925888,0.11337962001562119,0.19556812942028046,0.16375064849853516
tele_neck_fing22__01000100__s0039.wav,0.7140564918518066,0.38555148243904114,0.02716619148850441,0.17216342687606812,0.8203845620155334,0.6954165697097778,0.7425165176391602,0.4260927736759186
prs_bridge_pick01__01000100__s0020.wav,0.2174067348241806,0.1591905951499939,0.22536277770996094,0.25792986154556274,0.3249834477901459,0.4404003918170929,0.3309794068336487,0.2409694939851761
les_neck_pick04__01000100__s0029.wav,0.18393756449222565,0.34611082077026367,0.12914103269577026,0.5002868175506592,0.8536913394927979,0.9022746682167053,0.6289436221122742,0.6422342658042908
prs_neck_fing21__01000100__s0012.wav,0.7289764881134033,0.7042531967163086,0.2404802441596985,0.391571581363678,0.4413011968135834,0.6252322196960449,0.18628032505512238,0.18682031333446503
strat_neck_pick20__01000100__s0013.wav,0.73451167345047,0.4996461868286133,0.33508288860321045,0.6425699591636658,0.3107699453830719,0.4529346227645874,0.16267971694469452,0.6540927290916443
tele_bridge_fing03__01000100__s0029.wav,0.5834513306617737,0.7328280806541443,0.5975071787834167,0.7081592679023743,0.7476615905761719,0.4887356460094452,0.30881139636039734,0.18722805380821228
strat_neck_pick05__01000100__s0052.wav,0.5869203209877014,0.21994465589523315,0.015013777650892735,0.4282335937023163,0.15761050581932068,0.2473836988210678,0.46951764822006226,0.40538886189460754
les_bridge_fing06__01000100__s0043.wav,0.4295695126056671,0.5723403692245483,0.2994358241558075,0.10216464102268219,0.3943994641304016,0.4190559387207031,0.46853283047676086,0.511946439743042
strat_bridge_fing02__01000100__s0003.wav,0.1526578664779663,0.11948927491903305,0.2179405242204666,0.31239938735961914,0.336210161447525,0.7462738156318665,0.3522306978702545,0.23636089265346527
les_neck_fing14__01000100__s0043.wav,0.9316009879112244,0.9080874919891357,0.5709884762763977,0.7666903734207153,0.8497090339660645,0.9157091975212097,0.08852636069059372,0.11357372254133224
les_neck_fing13__01000100__s0039.wav,0.19483324885368347,0.6692909002304077,0.8623440265655518,0.4815915822982788,0.14001502096652985,0.20819538831710815,0.7729769945144653,0.5455154776573181
tele_bridge_fing13__01000100__s0044.wav,0.35193735361099243,0.543877363204956,0.9511459469795227,0.1553325653076172,0.4045673608779907,0.42427030205726624,0.8608452081680298,0.8173704743385315
prs_bridge_pick01__01000100__s0007.wav,0.29660099744796753,0.17045317590236664,0.3111778795719147,0.25961652398109436,0.8025602698326111,0.8773242831230164,0.47014644742012024,0.4078162908554077
prs_neck_fing18__01000100__s0053.wav,0.799053430557251,0.7392132878303528,0.6503186225891113,0.48658886551856995,0.8114864230155945,0.7446597218513489,0.1609143763780594,0.32334980368614197
tele_neck_fing01__01000100__s0011.wav,0.772843062877655,0.6625411510467529,0.035094715654850006,0.6310539841651917,0.5351669788360596,0.3014306128025055,0.46918395161628723,0.49823740124702454
prs_neck_pick07__01000100__s0008.wav,0.4035835564136505,0.25794968008995056,0.46718162298202515,0.7388942241668701,0.1619260013103485,0.20161429047584534,0.7164446711540222,0.6151134371757507
les_neck_fing13__01000100__s0020.wav,0.8131394982337952,0.4540858864784241,0.43034255504608154,0.5715422630310059,0.37329599261283875,0.45813992619514465,0.9150441884994507,0.9436855912208557
strat_bridge_fing03__01000100__s0053.wav,0.0568271279335022,0.16243088245391846,0.31354790925979614,0.2037844955921173,0.6614497900009155,0.6789894700050354,0.6170895099639893,0.6153151392936707
strat_neck_fing01__01000100__s0002.wav,0.8814080357551575,0.6880139112472534,0.09037155658006668,0.4709462523460388,0.5388091206550598,0.42607399821281433,0.6740656495094299,0.6334532499313354
strat_neck_pick05__01000100__s0004.wav,0.785426914691925,0.7100110650062561,0.257445365190506,0.30533015727996826,0.6264743804931641,0.5572267174720764,0.7982288002967834,0.7573254704475403
strat_bridge_fing11__01000100__s0018.wav,0.06611233204603195,0.3188687264919281,0.5888484120368958,0.14133614301681519,0.9339092969894409,0.7961305379867554,0.15120358765125275,0.14774766564369202
strat_neck_pick19__01000100__s0019.wav,0.7211899757385254,0.6645671725273132,0.42625635862350464,0.6886165142059326,0.5657423734664917,0.5515170097351074,0.22494453191757202,0.2670348286628723
strat_bridge_fing14__01000100__s0027.wav,0.5382073521614075,0.5974704623222351,0.9743139743804932,0.6743232011795044,0.6087712645530701,0.26953890919685364,0.2588138282299042,0.3623376488685608
prs_neck_pick04__01000100__s0043.wav,0.5868421196937561,0.7110005617141724,0.6176617741584778,0.6314427852630615,0.03526248037815094,0.09343267232179642,0.5564830899238586,0.4047614336013794
strat_neck_fing19__01000100__s0000.wav,0.5654793977737427,0.5772209763526917,0.9408016204833984,0.7071764469146729,0.20391945540905,0.44492828845977783,0.04291114956140518,0.06594289094209671
tele_bridge_pick03__01000100__s0006.wav,0.3561403751373291,0.5924383401870728,0.4754442274570465,0.5644378662109375,0.3342816233634949,0.3182350993156433,0.47600123286247253,0.3930606245994568
les_bridge_pick02__01000100__s0027.wav,0.395870178937912,0.5670623779296875,0.564266562461853,0.5980367064476013,0.02472187578678131,0.498555064201355,0.06082242354750633,0.2626832127571106
strat_bridge_pick19__01000100__s0032.wav,0.9289249777793884,0.7450789213180542,0.43013298511505127,0.47962257266044617,0.6393804550170898,0.6414747834205627,0.6185573935508728,0.647203266620636
prs_neck_fing06__01000100__s0029.wav,0.3104231655597687,0.28237882256507874,0.2555578649044037,0.3809034526348114,0.9969277381896973,0.8764223456382751,0.6101914048194885,0.6899996995925903
tele_bridge_fing10__01000100__s0024.wav,0.060801584273576736,0.21008743345737457,0.9571884274482727,0.4546395540237427,0.8400967121124268,0.8948790431022644,0.10434611886739731,0.16191238164901733
les_bridge_pick24__01000100__s0026.wav,0.3749471604824066,0.5782967209815979,0.41691967844963074,0.2261486053466797,0.5885220170021057,0.5167142748832703,0.9654057025909424,0.8701496124267578
prs_neck_pick15__01000100__s0029.wav,0.7538152933120728,0.6835138201713562,0.8647701740264893,0.49431973695755005,0.6869986653327942,0.610909640789032,0.46134573221206665,0.3883829116821289
les_neck_fing25__01000100__s0005.wav,0.030062081292271614,0.28310874104499817,0.38699793815612793,0.2992923855781555,0.886275589466095,0.7467653155326843,0.5380421280860901,0.5215756297111511
tele_bridge_fing03__01000100__s0048.wav,0.7076786756515503,0.5460984706878662,0.17193807661533356,0.7491859197616577,0.47587135434150696,0.4534369111061096,0.8520632982254028,0.42799147963523865
les_bridge_pick04__01000100__s0004.wav,0.5978394746780396,0.5060562491416931,0.4966442286968231,0.6828498244285583,0.4990006387233734,0.44935038685798645,0.49278709292411804,0.6633276343345642
tele_neck_pick03__01000100__s0028.wav,0.6387036442756653,0.722432017326355,0.1119956374168396,0.475288063287735,0.8536848425865173,0.9280216693878174,0.49508827924728394,0.6869610548019409
prs_neck_pick16__01000100__s0006.wav,0.6238628029823303,0.6980308294296265,0.1490270346403122,0.5480843186378479,0.33535608649253845,0.49816638231277466,0.051504213362932205,0.09713080525398254
strat_bridge_fing11__01000100__s0001.wav,0.21314039826393127,0.24780049920082092,0.11521498113870621,0.30448922514915466,0.8183363080024719,0.8232727646827698,0.7611333131790161,0.27542248368263245
tele_neck_pick01__01000100__s0005.wav,0.4234831631183624,0.5547288656234741,0.3863850235939026,0.5166723132133484,0.1854049414396286,0.3262379765510559,0.6409019231796265,0.5123869180679321
strat_neck_fing21__01000100__s0043.wav,0.2843162715435028,0.3571188151836395,0.29910504817962646,0.49749213457107544,0.19766227900981903,0.6520077586174011,0.36168479919433594,0.2489817589521408
les_bridge_pick17__01000100__s0004.wav,0.42467933893203735,0.3968885540962219,0.36304473876953125,0.3382813036441803,0.007792908698320389,0.1362111121416092,0.8731134533882141,0.5042604804039001
les_neck_fing23__01000100__s0027.wav,0.5609129071235657,0.5181633830070496,0.797111451625824,0.6531274318695068,0.8543803691864014,0.5078704953193665,0.4475736916065216,0.1361178308725357
tele_bridge_pick22__01000100__s0035.wav,0.20450769364833832,0.26120543479919434,0.47743430733680725,0.26902148127555847,0.638587474822998,0.7689681649208069,0.3021543323993683,0.22102276980876923
les_bridge_fing20__01000100__s0050.wav,0.7966431379318237,0.9092167019844055,0.890342116355896,0.8719111680984497,0.03158925101161003,0.4752654433250427,0.892035961151123,0.548022985458374
strat_bridge_pick23__01000100__s0020.wav,0.3304474353790283,0.2142653912305832,0.004472576547414064,0.12610484659671783,0.6851715445518494,0.755826473236084,0.8591038584709167,0.8538318872451782
tele_neck_pick09__01000100__s0016.wav,0.5179078578948975,0.5479043126106262,0.4949372410774231,0.2084909826517105,0.25208064913749695,0.19806845486164093,0.8024243712425232,0.714480459690094
les_neck_pick17__01000100__s0055.wav,0.09440666437149048,0.07610373944044113,0.4169280230998993,0.5483469367027283,0.3683604598045349,0.5123715996742249,0.8398377895355225,0.6641977429389954
prs_neck_fing06__01000100__s0007.wav,0.6448331475257874,0.7930835485458374,0.8932163715362549,0.8746408224105835,0.9413421154022217,0.6127997040748596,0.7580630779266357,0.5317995548248291
strat_neck_pick24__01000100__s0000.wav,0.5028429627418518,0.5341728925704956,0.3890380561351776,0.475801557302475,0.615504264831543,0.6437779068946838,0.7910950779914856,0.7589683532714844
tele_bridge_pick19__01000100__s0036.wav,0.5425697565078735,0.6306483149528503,0.4818499684333801,0.6578275561332703,0.6803100109100342,0.5496657490730286,0.3303641974925995,0.3976544439792633
strat_neck_fing09__01000100__s0006.wav,0.8618035912513733,0.727331280708313,0.6776729226112366,0.7212113738059998,0.8060801029205322,0.9280596971511841,0.8322896957397461,0.9082659482955933
les_neck_fing03__01000100__s0017.wav,0.6477990746498108,0.838589608669281,0.8597895503044128,0.7240362167358398,0.9160102009773254,0.8053444027900696,0.45519396662712097,0.30088678002357483
prs_bridge_pick02__01000100__s0014.wav,0.5370044708251953,0.7653735280036926,0.4049646556377411,0.3485645055770874,0.2932262420654297,0.21604837477207184,0.26946863532066345,0.27992042899131775
les_neck_fing25__01000100__s0016.wav,0.6628174185752869,0.7215914130210876,0.8988707661628723,0.5737483501434326,0.8443343639373779,0.9205529689788818,0.7460408210754395,0.6213316917419434
les_neck_pick24__01000100__s0026.wav,0.5894766449928284,0.65091872215271,0.20642875134944916,0.4174802005290985,0.6709877252578735,0.8030930757522583,0.3979901075363159,0.36714601516723633
tele_neck_fing16__01000100__s0037.wav,0.6101588010787964,0.5690227150917053,0.4060898423194885,0.45303794741630554,0.276985764503479,0.30122125148773193,0.5902761220932007,0.4368453621864319
tele_bridge_fing03__01000100__s0000.wav,0.17927759885787964,0.339542955160141,0.6344773173332214,0.3119505047798157,0.0837700292468071,0.25102412700653076,0.6883901357650757,0.4621126055717468
prs_bridge_pick06__01000100__s0004.wav,0.5424458384513855,0.6490428447723389,0.5040974020957947,0.503728985786438,0.9126831293106079,0.7489709258079529,0.032067108899354935,0.09508991986513138
prs_bridge_pick09__01000100__s0003.wav,0.11965674161911011,0.5596201419830322,0.4900538921356201,0.29414618015289307,0.08153264224529266,0.5219781994819641,0.1585303694009781,0.2988986372947693
les_bridge_fing20__01000100__s0013.wav,0.26829832792282104,0.23128533363342285,0.15954118967056274,0.09653716534376144,0.6043254137039185,0.5942918062210083,0.6720098853111267,0.8038724064826965
les_bridge_pick24__01000100__s0046.wav,0.20240037143230438,0.5012474656105042,0.6045400500297546,0.19298642873764038,0.2284269779920578,0.06516458839178085,0.9540031552314758,0.929410994052887
les_bridge_pick21__01000100__s0041.wav,0.10249252617359161,0.21083277463912964,0.5032181739807129,0.5645825266838074,0.1695784479379654,0.24285052716732025,0.46503064036369324,0.4361232817173004
strat_neck_fing19__01000100__s0049.wav,0.40816935896873474,0.27574974298477173,0.2846876382827759,0.13274362683296204,0.4783507287502289,0.5137311220169067,0.6508762240409851,0.7234736084938049
strat_bridge_fing16__01000100__s0055.wav,0.7746700644493103,0.49891197681427,0.17822720110416412,0.20821411907672882,0.6042482256889343,0.5004867911338806,0.4050613045692444,0.33452078700065613
les_neck_fing08__01000100__s0041.wav,0.37492021918296814,0.304404616355896,0.5591186285018921,0.6291216015815735,0.9261818528175354,0.8096156120300293,0.4132406413555145,0.1955178827047348
les_neck_pick11__01000100__s0034.wav,0.5379119515419006,0.7033359408378601,0.8606486916542053,0.5414417386054993,0.32622069120407104,0.880160391330719,0.02820245549082756,0.344478040933609
les_bridge_fing08__01000100__s0005.wav,0.43602216243743896,0.6542127728462219,0.6594508290290833,0.6212138533592224,0.7755497694015503,0.7359921932220459,0.28552648425102234,0.4606572985649109
tele_neck_fing25__01000100__s0038.wav,0.6150605082511902,0.6255349516868591,0.23604553937911987,0.6387423276901245,0.813858687877655,0.8184101581573486,0.8969175219535828,0.9027026295661926
strat_neck_pick12__01000100__s0008.wav,0.7964134216308594,0.7150602340698242,0.11401685327291489,0.45410504937171936,0.28601953387260437,0.37486228346824646,0.2931228578090668,0.17884184420108795
tele_bridge_pick01__01000100__s0042.wav,0.9178774952888489,0.7217972874641418,0.14459262788295746,0.6774137020111084,0.7399027943611145,0.8210857510566711,0.3677138686180115,0.38411036133766174
les_neck_pick09__01000100__s0031.wav,0.5306717753410339,0.5304099917411804,0.19459465146064758,0.36014142632484436,0.10839809477329254,0.10794749110937119,0.6811584234237671,0.5325533151626587
prs_neck_fing25__01000100__s0023.wav,0.1825924515724182,0.2638472020626068,0.17459164559841156,0.4586696922779083,0.05914399027824402,0.09695134311914444,0.23680679500102997,0.2918677031993866
prs_neck_fing13__01000100__s0009.wav,0.7325275540351868,0.7686561942100525,0.9109371304512024,0.5992935299873352,0.6113841533660889,0.514017641544342,0.4829830527305603,0.5759113430976868
prs_bridge_pick13__01000100__s0009.wav,0.14652521908283234,0.18133629858493805,0.06134216859936714,0.3741930425167084,0.6073014140129089,0.6359972357749939,0.07576774060726166,0.49260422587394714
prs_neck_fing13__01000100__s0012.wav,0.12283813208341599,0.23647856712341309,0.20833346247673035,0.4042105972766876,0.643456220626831,0.7032292485237122,0.42698290944099426,0.2695217728614807
strat_neck_fing23__01000100__s0026.wav,0.6247588992118835,0.7838751077651978,0.2661617398262024,0.12343990802764893,0.8695612549781799,0.717768132686615,0.25743916630744934,0.4134538471698761
strat_neck_pick19__01000100__s0055.wav,0.43200546503067017,0.47537800669670105,0.25238293409347534,0.5286785364151001,0.4952402114868164,0.4280156195163727,0.4239274263381958,0.34626907110214233
strat_neck_pick14__01000100__s0040.wav,0.11218298971652985,0.22357699275016785,0.4517326056957245,0.18822301924228668,0.2123810052871704,0.2626510262489319,0.9272010326385498,0.8606418371200562
tele_neck_pick21__01000100__s0025.wav,0.9889208674430847,0.7004730105400085,0.5987617373466492,0.720205545425415,0.9213874936103821,0.5266798138618469,0.7049808502197266,0.2918647527694702
prs_neck_pick17__01000100__s0016.wav,0.17126722633838654,0.5406160950660706,0.21361033618450165,0.3663015067577362,0.9902170300483704,0.9753730297088623,0.649588406085968,0.8264853358268738
prs_neck_pick09__01000100__s0004.wav,0.7687022686004639,0.4794282615184784,0.02288181520998478,0.26330408453941345,0.4686029851436615,0.44655218720436096,0.8961300253868103,0.8159459233283997
prs_neck_pick17__01000100__s0001.wav,0.0517139807343483,0.3205251097679138,0.3280545175075531,0.19827508926391602,0.30712196230888367,0.31776294112205505,0.9716833233833313,0.8290246725082397
les_bridge_pick17__01000100__s0029.wav,0.8238465189933777,0.9453302025794983,0.6734095215797424,0.7281941175460815,0.2316519170999527,0.3855103552341461,0.22243420779705048,0.15026891231536865
les_neck_fing15__01000100__s0031.wav,0.0663318857550621,0.18586179614067078,0.38501864671707153,0.1703401356935501,0.5576188564300537,0.42735862731933594,0.8423033356666565,0.8390335440635681
strat_bridge_pick05__01000100__s0026.wav,0.48533549904823303,0.5370045304298401,0.25244516134262085,0.6014714241027832,0.35850048065185547,0.6348970532417297,0.851368248462677,0.6943158507347107
tele_neck_pick10__01000100__s0007.wav,0.5421679615974426,0.4488513469696045,0.4743279218673706,0.29568713903427124,0.31776881217956543,0.3184831142425537,0.5975706577301025,0.38290688395500183
prs_neck_pick24__01000100__s0054.wav,0.008450551889836788,0.16457659006118774,0.2832454442977905,0.3929685354232788,0.610432505607605,0.7482705116271973,0.3131762146949768,0.21859535574913025
prs_bridge_pick19__01000100__s0017.wav,0.933235764503479,0.6348680257797241,0.13918599486351013,0.5870753526687622,0.40268802642822266,0.8381847143173218,0.01912658102810383,0.11551093310117722
prs_neck_pick16__01000100__s0004.wav,0.03225661441683769,0.43910855054855347,0.0677318200469017,0.4209998846054077,0.1754726618528366,0.4116065502166748,0.26129648089408875,0.5015117526054382
les_neck_pick04__01000100__s0036.wav,0.1789129227399826,0.28643015027046204,0.5828860402107239,0.41253751516342163,0.27770328521728516,0.5566112995147705,0.8940631747245789,0.8400551676750183
prs_neck_fing04__01000100__s0007.wav,0.2932623624801636,0.5613659620285034,0.8296583294868469,0.42021748423576355,0.5170778036117554,0.5395158529281616,0.9188255071640015,0.7863711714744568
tele_neck_fing12__01000100__s0027.wav,0.5660932064056396,0.6339443922042847,0.08054204285144806,0.47046977281570435,0.8668532967567444,0.7654446959495544,0.5440782308578491,0.6968899965286255
prs_bridge_fing14__01000100__s0034.wav,0.32112550735473633,0.2803078591823578,0.0486033670604229,0.5661782622337341,0.9246059656143188,0.522835373878479,0.9715133309364319,0.2093280851840973
les_neck_pick12__01000100__s0031.wav,0.9447740912437439,0.9140284657478333,0.6057867407798767,0.5398054122924805,0.5707937479019165,0.6160671710968018,0.21444687247276306,0.45582085847854614
strat_neck_pick02__01000100__s0030.wav,0.26140278577804565,0.2576594948768616,0.05541101470589638,0.2888215184211731,0.16374622285366058,0.3493620455265045,0.4035789668560028,0.3322487473487854
prs_neck_fing10__01000100__s0033.wav,0.91719651222229,0.8986666202545166,0.7932126522064209,0.8210719227790833,0.8983606100082397,0.8356954455375671,0.9716432690620422,0.9398109912872314
strat_bridge_pick21__01000100__s0034.wav,0.15565818548202515,0.2905712425708771,0.609649658203125,0.1939612179994583,0.3082241714000702,0.59866863489151,0.4539352357387543,0.5785366892814636
tele_neck_fing07__01000100__s0037.wav,0.842433512210846,0.8630321621894836,0.9889073967933655,0.9120107293128967,0.84683758020401,0.9284176230430603,0.7479071021080017,0.716058611869812
tele_neck_pick04__01000100__s0046.wav,0.4910564124584198,0.5845370292663574,0.9550681114196777,0.4440988600254059,0.8427205681800842,0.9259738326072693,0.43171125650405884,0.3546172082424164
strat_neck_fing07__01000100__s0004.wav,0.17300525307655334,0.48308923840522766,0.6156324744224548,0.4283949136734009,0.35061877965927124,0.5058631300926208,0.19423221051692963,0.6015928983688354
strat_bridge_fing02__01000100__s0051.wav,0.019000325351953506,0.6237664222717285,0.22441673278808594,0.4377208352088928,0.9397155046463013,0.8757055997848511,4.1657320252852514e-05,0.11032209545373917
les_bridge_fing18__01000100__s0041.wav,0.45490485429763794,0.4430414140224457,0.10435773432254791,0.5512727499008179,0.24941016733646393,0.4648743271827698,0.7261051535606384,0.7867053747177124
strat_bridge_fing04__01000100__s0001.wav,0.554423451423645,0.540687620639801,0.8168936371803284,0.737025260925293,0.20471809804439545,0.13543128967285156,0.25900915265083313,0.15674607455730438
les_bridge_fing16__01000100__s0035.wav,0.5589283108711243,0.5797642469406128,0.851679265499115,0.6325591802597046,0.8986284136772156,0.7728229761123657,0.7347444891929626,0.6474113464355469
tele_bridge_pick07__01000100__s0023.wav,0.026146002113819122,0.3106015920639038,0.07031890749931335,0.39221352338790894,0.1005018800497055,0.13584212958812714,0.1559039056301117,0.12570132315158844
tele_neck_fing04__01000100__s0053.wav,0.6890925168991089,0.7323716282844543,0.25383198261260986,0.5290107727050781,0.35012584924697876,0.3655107617378235,0.7021996974945068,0.7369275689125061
tele_bridge_fing24__01000100__s0049.wav,0.9981873631477356,0.9038247466087341,0.8625048398971558,0.7573990225791931,0.05049673467874527,0.12601177394390106,0.2987547218799591,0.4487127661705017
prs_neck_fing05__01000100__s0002.wav,0.17213010787963867,0.07162478566169739,0.13154713809490204,0.5648623108863831,0.509224534034729,0.5032688975334167,0.7300494909286499,0.7902866005897522
tele_bridge_fing17__01000100__s0033.wav,0.7896330952644348,0.7501649260520935,0.7777472138404846,0.7484772205352783,0.751068651676178,0.8379846215248108,0.3168383538722992,0.4112145006656647
tele_bridge_pick10__01000100__s0008.wav,0.4052051603794098,0.6708526015281677,0.1613747924566269,0.17727790772914886,0.4941287338733673,0.6681559085845947,0.6329507827758789,0.43671587109565735
tele_neck_fing23__01000100__s0031.wav,0.014531130902469158,0.374039888381958,0.5952780246734619,0.3561655282974243,0.6325697898864746,0.7115978002548218,0.9667773246765137,0.9667646288871765
prs_neck_fing03__01000100__s0018.wav,0.6085410714149475,0.5256008505821228,0.4783265292644501,0.5134120583534241,0.7964098453521729,0.5885618925094604,0.028639433905482292,0.09724985808134079
prs_neck_fing19__01000100__s0004.wav,0.39491790533065796,0.7024052739143372,0.7540962100028992,0.784095287322998,0.4220223128795624,0.4634891152381897,0.9295848608016968,0.857430636882782
tele_bridge_pick06__01000100__s0050.wav,0.6084095239639282,0.7186885476112366,0.855850338935852,0.723964273929596,0.30508923530578613,0.2648499011993408,0.39458608627319336,0.5037330985069275
strat_bridge_pick12__01000100__s0052.wav,0.6975566148757935,0.8643763065338135,0.9269942045211792,0.7858242392539978,0.27805233001708984,0.44517773389816284,0.2715395987033844,0.3754987418651581
prs_neck_pick08__01000100__s0029.wav,0.6562781929969788,0.7223203182220459,0.5739256739616394,0.4258268177509308,0.7914050817489624,0.888975203037262,0.8924082517623901,0.7737247347831726
prs_neck_pick23__01000100__s0005.wav,0.06611432880163193,0.12674905359745026,0.24048928916454315,0.3791637420654297,0.05915122106671333,0.45620620250701904,0.12187487632036209,0.17166705429553986
strat_neck_pick18__01000100__s0007.wav,0.6664594411849976,0.7772489190101624,0.6952981352806091,0.6422217488288879,0.06760420650243759,0.1230870932340622,0.16859789192676544,0.30530646443367004
strat_bridge_pick10__01000100__s0046.wav,0.4370402693748474,0.6020204424858093,0.720469057559967,0.6935604810714722,0.5914753079414368,0.878662645816803,0.022420451045036316,0.149366557598114
prs_bridge_pick12__01000100__s0044.wav,0.7392053604125977,0.673829972743988,0.3593205213546753,0.6728984117507935,0.012257065623998642,0.17213958501815796,0.2950999140739441,0.14901287853717804
tele_bridge_pick12__01000100__s0013.wav,0.9790813326835632,0.7120208740234375,0.22253496944904327,0.21630984544754028,0.7987443804740906,0.8717249631881714,0.4010986387729645,0.7573370337486267
tele_neck_pick18__01000100__s0052.wav,0.6632862091064453,0.7934862375259399,0.9253956079483032,0.5393946170806885,0.2064453810453415,0.3441469967365265,0.06000912934541702,0.11586569994688034
tele_neck_fing23__01000100__s0029.wav,0.13300137221813202,0.395621120929718,0.9965546727180481,0.6716123223304749,0.9852328896522522,0.6213935017585754,0.16317875683307648,0.22891241312026978
tele_bridge_pick13__01000100__s0000.wav,0.8319026231765747,0.8230240941047668,0.5744532346725464,0.2758350670337677,0.912720799446106,0.7497374415397644,0.4995282292366028,0.4979061186313629
les_neck_fing21__01000100__s0051.wav,0.2985434830188751,0.3350197374820709,0.4293617010116577,0.36137866973876953,0.7230855226516724,0.7012902498245239,0.7085945010185242,0.5537448525428772
prs_neck_fing13__01000100__s0045.wav,0.0254223570227623,0.21364624798297882,0.9847978949546814,0.6433836817741394,0.7302272915840149,0.8142770528793335,0.34253641963005066,0.424637109041214
strat_bridge_pick17__01000100__s0030.wav,0.06806275993585587,0.08794596791267395,0.44857439398765564,0.16464965045452118,0.7052379846572876,0.8433667421340942,0.25804567337036133,0.2763327956199646
tele_neck_pick18__01000100__s0029.wav,0.2994252145290375,0.07272350788116455,0.3090193569660187,0.6962757706642151,0.8073497414588928,0.524919331073761,0.03961971774697304,0.08210917562246323
les_neck_pick22__01000100__s0042.wav,0.08033384382724762,0.19886985421180725,0.448808491230011,0.5065502524375916,0.9202868342399597,0.8911699056625366,0.9686824083328247,0.9779294729232788
tele_bridge_fing04__01000100__s0008.wav,0.7486217617988586,0.8901243805885315,0.9275048971176147,0.8592316508293152,0.4412672817707062,0.40964505076408386,0.6071245670318604,0.5544219017028809
tele_bridge_pick09__01000100__s0020.wav,0.2711648941040039,0.5579242706298828,0.12762941420078278,0.25728416442871094,0.9163888096809387,0.7285529375076294,0.14175516366958618,0.45551928877830505
tele_bridge_fing03__01000100__s0015.wav,0.6960863471031189,0.7078024744987488,0.6514688730239868,0.7508862614631653,0.6633222103118896,0.8138272762298584,0.46357741951942444,0.5253375768661499
tele_neck_pick04__01000100__s0018.wav,0.6791509389877319,0.7638565897941589,0.8020855188369751,0.8751484751701355,0.13194066286087036,0.45783695578575134,0.085117869079113,0.1724119633436203
les_bridge_fing17__01000100__s0011.wav,0.5011649131774902,0.54737389087677,0.4913093149662018,0.44188642501831055,0.14541776478290558,0.1732335090637207,0.21308955550193787,0.23797321319580078
prs_neck_pick03__01000100__s0051.wav,0.3888932466506958,0.3065686523914337,0.09526706486940384,0.3594277501106262,0.9031022787094116,0.7552168369293213,0.8419361114501953,0.673460066318512
les_bridge_fing07__01000100__s0010.wav,0.12500424683094025,0.35355329513549805,0.2913147211074829,0.2119385004043579,0.3043457567691803,0.25206896662712097,0.4587472975254059,0.5284733772277832
prs_neck_pick19__01000100__s0004.wav,0.7491888999938965,0.8623006939888,0.022495873272418976,0.15160921216011047,0.5647438168525696,0.5700186491012573,0.5066713094711304,0.4737059772014618
strat_neck_pick05__01000100__s0053.wav,0.3681093156337738,0.7265764474868774,0.8458359241485596,0.2935968339443207,0.647007405757904,0.4601287841796875,0.04256667569279671,0.21361246705055237
strat_neck_pick20__01000100__s0000.wav,0.6115864515304565,0.13683095574378967,0.1532486528158188,0.5480538010597229,0.274715393781662,0.4794962406158447,0.5033649206161499,0.4856247305870056
strat_bridge_fing22__01000100__s0036.wav,0.07069561630487442,0.19428545236587524,0.15036918222904205,0.2993660271167755,0.9603004455566406,0.9472103118896484,0.5874487161636353,0.49848681688308716
les_neck_fing18__01000100__s0024.wav,0.994972825050354,0.6020993590354919,0.26500368118286133,0.6085619926452637,0.6459521651268005,0.7117028832435608,0.8852605223655701,0.899070680141449
prs_bridge_fing08__01000100__s0003.wav,0.2891365885734558,0.5905164480209351,0.868561863899231,0.548426628112793,0.9264618754386902,0.5973675847053528,0.5430548191070557,0.3635537922382355
prs_bridge_fing09__01000100__s0043.wav,0.37349626421928406,0.5325613021850586,0.6890558004379272,0.6066271662712097,0.2897533178329468,0.2401551902294159,0.6504077911376953,0.832314133644104
strat_bridge_fing08__01000100__s0031.wav,0.3719536364078522,0.5384106636047363,0.2407863438129425,0.45979684591293335,0.09488401561975479,0.2925899922847748,0.7199738025665283,0.6165368556976318
strat_neck_fing11__01000100__s0021.wav,0.23390895128250122,0.23488689959049225,0.1837741881608963,0.49050381779670715,0.5246973037719727,0.4981785714626312,0.8436619639396667,0.7733328938484192
tele_neck_fing09__01000100__s0047.wav,0.37751856446266174,0.7769373059272766,0.6824982166290283,0.17257487773895264,0.07113721966743469,0.11506305634975433,0.6482007503509521,0.8127016425132751
prs_bridge_fing24__01000100__s0011.wav,0.49673405289649963,0.5293084979057312,0.468511164188385,0.6653925180435181,0.22296644747257233,0.30293694138526917,0.12325464189052582,0.5174531936645508
les_bridge_pick23__01000100__s0009.wav,0.8514683842658997,0.7620134949684143,0.9419061541557312,0.7270060777664185,0.06530522555112839,0.1355220526456833,0.6161335706710815,0.46712440252304077
strat_neck_pick23__01000100__s0050.wav,0.17620065808296204,0.3489863872528076,0.9040656685829163,0.3513842225074768,0.0896250456571579,0.25191980600357056,0.03473760187625885,0.11015177518129349
les_neck_fing23__01000100__s0017.wav,0.9027748703956604,0.6260526776313782,0.3529621660709381,0.6364538669586182,0.7943291068077087,0.8951915502548218,0.21744532883167267,0.3688296377658844
les_neck_fing20__01000100__s0013.wav,0.7704351544380188,0.784697949886322,0.8099963665008545,0.48247048258781433,0.09026636928319931,0.054210908710956573,0.24215760827064514,0.33548322319984436
strat_neck_fing07__01000100__s0017.wav,0.5264674425125122,0.23780673742294312,0.11062154918909073,0.18547461926937103,0.9667880535125732,0.7781713008880615,0.5730699300765991,0.5825516581535339
tele_bridge_pick24__01000100__s0011.wav,0.4650822877883911,0.7468058466911316,0.9277123212814331,0.4366214871406555,0.9083443880081177,0.8623395562171936,0.18463966250419617,0.07803988456726074
strat_neck_pick02__01000100__s0003.wav,0.46782147884368896,0.39704203605651855,0.21340854465961456,0.7578651905059814,0.29598185420036316,0.33443543314933777,0.6547951102256775,0.6879226565361023
prs_neck_pick05__01000100__s0013.wav,0.014891678467392921,0.3088974356651306,0.16414840519428253,0.37315359711647034,0.2823706269264221,0.2680787146091461,0.6217588782310486,0.40602803230285645
strat_neck_pick11__01000100__s0026.wav,0.23753786087036133,0.1834971308708191,0.903312623500824,0.6885630488395691,0.03669294714927673,0.11092477291822433,0.40299904346466064,0.4539942741394043
tele_bridge_pick15__01000100__s0030.wav,0.7575184106826782,0.8951481580734253,0.7333268523216248,0.5028561949729919,0.9297860860824585,0.8481584191322327,0.696609616279602,0.5313369035720825
les_bridge_fing10__01000100__s0005.wav,0.5102468729019165,0.3313906788825989,0.5971708297729492,0.5742659568786621,0.7527125477790833,0.7248905897140503,0.09094823151826859,0.23060865700244904
strat_bridge_pick23__01000100__s0032.wav,0.41375380754470825,0.19119198620319366,0.19701245427131653,0.5286965370178223,0.34422874450683594,0.25475192070007324,0.7133216857910156,0.5466099977493286
tele_bridge_pick06__01000100__s0025.wav,0.5769142508506775,0.7375301718711853,0.5483415126800537,0.6348273754119873,0.6914728283882141,0.7283406257629395,0.8151463270187378,0.7640636563301086
strat_bridge_fing17__01000100__s0025.wav,0.621014416217804,0.7951246500015259,0.7386482357978821,0.21592862904071808,0.12087125331163406,0.052859362214803696,0.5436030030250549,0.4472823739051819
prs_neck_fing21__01000100__s0016.wav,0.9926623106002808,0.7524756789207458,0.7357539534568787,0.6895639896392822,0.010328871197998524,0.14386674761772156,0.9859923720359802,0.7955310940742493
prs_neck_fing10__01000100__s0054.wav,0.3949650228023529,0.6129209995269775,0.24018104374408722,0.6291403770446777,0.7830881476402283,0.7374090552330017,0.21561576426029205,0.6851209402084351
les_neck_fing02__01000100__s0003.wav,0.07431625574827194,0.15856726467609406,0.038715910166502,0.468976229429245,0.6014975905418396,0.6354243755340576,0.7200647592544556,0.8119528293609619
tele_neck_pick10__01000100__s0029.wav,0.7227796316146851,0.5488839149475098,0.4618511497974396,0.5436602234840393,0.9006463289260864,0.8085424304008484,0.8849014043807983,0.7494683861732483
tele_bridge_fing05__01000100__s0054.wav,0.6189693212509155,0.7579950094223022,0.4603576362133026,0.5843019485473633,0.6141408085823059,0.56593918800354,0.6043387651443481,0.8356126546859741
les_neck_pick16__01000100__s0028.wav,0.2467784583568573,0.3075825273990631,0.18259383738040924,0.5459187030792236,0.4289035499095917,0.4869460463523865,0.7971963286399841,0.7565621137619019
les_neck_fing03__01000100__s0018.wav,0.8807507157325745,0.759274423122406,0.7845715880393982,0.6470298767089844,0.817206084728241,0.8233401775360107,0.850463330745697,0.7346242666244507
tele_bridge_fing16__01000100__s0049.wav,0.6475266218185425,0.740731418132782,0.6496829986572266,0.3475073277950287,0.6167170405387878,0.5741066336631775,0.13168379664421082,0.26446884870529175
les_bridge_fing14__01000100__s0016.wav,0.2704807221889496,0.3642096221446991,0.7764711976051331,0.5628826022148132,0.6656651496887207,0.396512895822525,0.7957538366317749,0.4505695402622223
prs_neck_fing11__01000100__s0017.wav,0.6958600282669067,0.6070327162742615,0.8373556137084961,0.548736035823822,0.3243149518966675,0.5807267427444458,0.0017640221631154418,0.21884150803089142
tele_neck_fing03__01000100__s0039.wav,0.3729887008666992,0.39931750297546387,0.23008328676223755,0.5898571014404297,0.23683224618434906,0.1655702441930771,0.3428288400173187,0.31678473949432373
prs_neck_fing24__01000100__s0032.wav,0.12170907109975815,0.288224458694458,0.8482072949409485,0.5459278225898743,0.9609598517417908,0.6986627578735352,0.5232658982276917,0.5241166353225708
strat_bridge_fing20__01000100__s0019.wav,0.19638121128082275,0.3800458312034607,0.88214510679245,0.5548633933067322,0.11990538239479065,0.1504392921924591,0.27345001697540283,0.4723937213420868
strat_bridge_pick13__01000100__s0045.wav,0.02446225844323635,0.6349034309387207,0.09621710330247879,0.30126699805259705,0.21027973294258118,0.6499916911125183,0.9972085356712341,0.9735811352729797
les_neck_pick11__01000100__s0014.wav,0.8474805951118469,0.7800332903862,0.03390595689415932,0.49234411120414734,0.45828425884246826,0.6334425210952759,0.013955527916550636,0.046553418040275574
les_bridge_pick08__01000100__s0013.wav,0.7954272031784058,0.8098859786987305,0.6750531792640686,0.8727433681488037,0.9979900121688843,0.8114749789237976,0.5484527945518494,0.5831579566001892
les_bridge_fing12__01000100__s0033.wav,0.5448369979858398,0.22923815250396729,0.2810627818107605,0.18316848576068878,0.5651654005050659,0.7376159429550171,0.016222987323999405,0.03360402211546898
les_bridge_fing08__01000100__s0046.wav,0.18071633577346802,0.27832841873168945,0.8039808869361877,0.6052314639091492,0.45988795161247253,0.46614715456962585,0.8233791589736938,0.6188123822212219
tele_bridge_pick23__01000100__s0053.wav,0.06946394592523575,0.11096830666065216,0.6340617537498474,0.6291695237159729,0.6975384950637817,0.747510552406311,0.6230932474136353,0.6144322156906128
strat_neck_fing25__01000100__s0055.wav,0.13652300834655762,0.29591256380081177,0.2101897895336151,0.20138408243656158,0.3779192566871643,0.7816101908683777,0.2598087787628174,0.33208659291267395
strat_neck_fing07__01000100__s0048.wav,0.5704708099365234,0.31029748916625977,0.03173687309026718,0.6187981963157654,0.4641762971878052,0.5364046692848206,0.381279319524765,0.1280478835105896
tele_bridge_pick24__01000100__s0023.wav,0.9402303099632263,0.9332399368286133,0.7395361065864563,0.47236403822898865,0.21733678877353668,0.35151833295822144,0.12329854816198349,0.4922301471233368
strat_neck_pick02__01000100__s0035.wav,0.7606540322303772,0.7836610674858093,0.7202114462852478,0.5136194825172424,0.3468390107154846,0.6288259625434875,0.1680949628353119,0.4711822271347046
prs_bridge_pick05__01000100__s0004.wav,0.7618071436882019,0.7600653171539307,0.308508962392807,0.18790514767169952,0.24649925529956818,0.15753166377544403,0.5976763367652893,0.6145850419998169
prs_bridge_fing06__01000100__s0049.wav,0.45621177554130554,0.4822153151035309,0.1740739941596985,0.26330801844596863,0.913668692111969,0.7311543226242065,0.8934409022331238,0.8656650185585022
les_bridge_pick11__01000100__s0052.wav,0.12767580151557922,0.2724741995334625,0.009922167286276817,0.34692248702049255,0.3546293377876282,0.4705084562301636,0.7214983701705933,0.68844074010849
tele_bridge_pick11__01000100__s0053.wav,0.4418606758117676,0.7023867964744568,0.5854613184928894,0.5902509689331055,0.8097981214523315,0.8262789249420166,0.7862364053726196,0.6364920735359192
les_bridge_pick21__01000100__s0044.wav,0.9745922088623047,0.819972574710846,0.7555249929428101,0.8167459964752197,0.06136412173509598,0.11592303216457367,0.5837552547454834,0.3452088534832001
tele_bridge_pick25__01000100__s0006.wav,0.45678743720054626,0.2783448100090027,0.5961094498634338,0.4576345980167389,0.318808376789093,0.3762715458869934,0.07389236241579056,0.09685304015874863
les_bridge_pick02__01000100__s0000.wav,0.7504924535751343,0.6936229467391968,0.7710159420967102,0.6367782354354858,0.48409542441368103,0.5811289548873901,0.08928705006837845,0.16920188069343567
strat_neck_fing10__01000100__s0000.wav,0.9851099252700806,0.8817012906074524,0.5684057474136353,0.6244989037513733,0.43103644251823425,0.5013863444328308,0.003950511105358601,0.5080453157424927
prs_bridge_fing21__01000100__s0033.wav,0.40714889764785767,0.551511824131012,0.480698823928833,0.48256343603134155,0.148153617978096,0.07237209379673004,0.9608305096626282,0.911016583442688
prs_bridge_fing09__01000100__s0049.wav,0.7059447765350342,0.6719791889190674,0.6726840734481812,0.4951137900352478,0.2808656394481659,0.49775803089141846,0.7405380010604858,0.7712734341621399
les_neck_fing13__01000100__s0033.wav,0.6956736445426941,0.5296141505241394,0.8715241551399231,0.9084929823875427,0.6096548438072205,0.2783910036087036,0.16275914013385773,0.11021512746810913
les_bridge_pick17__01000100__s0054.wav,0.4942549467086792,0.24984809756278992,0.15213944017887115,0.55263751745224,0.7183528542518616,0.5927655100822449,0.0875941589474678,0.1816461980342865
strat_neck_pick01__01000100__s0010.wav,0.32821139693260193,0.5168589949607849,0.6684830784797668,0.30974507331848145,0.04105760529637337,0.13435621559619904,0.7339139580726624,0.7254698872566223
strat_bridge_pick07__01000100__s0011.wav,0.05694711208343506,0.20784324407577515,0.08993710577487946,0.2762489914894104,0.3251141607761383,0.23419801890850067,0.844346284866333,0.858841061592102
les_bridge_pick17__01000100__s0046.wav,0.40659067034721375,0.30616670846939087,0.22072738409042358,0.27101466059684753,0.2076692134141922,0.6009864807128906,0.45977452397346497,0.17897668480873108
strat_neck_fing20__01000100__s0038.wav,0.0771099105477333,0.2664366066455841,0.9929628968238831,0.23849479854106903,0.5783951878547668,0.3542535603046417,0.23322224617004395,0.2917182147502899
strat_bridge_pick25__01000100__s0043.wav,0.8907660245895386,0.6894219517707825,0.22180169820785522,0.20451144874095917,0.7707623839378357,0.8422368168830872,0.507280707359314,0.5682411193847656
strat_bridge_fing23__01000100__s0002.wav,0.924263060092926,0.8045932650566101,0.33630332350730896,0.6211908459663391,0.7794182300567627,0.6514201164245605,0.1334616243839264,0.37431636452674866
prs_bridge_fing07__01000100__s0024.wav,0.3323991298675537,0.31659996509552,0.17864279448986053,0.2769578993320465,0.5406802892684937,0.47681283950805664,0.930167555809021,0.6437506675720215
les_neck_pick10__01000100__s0034.wav,0.9558520317077637,0.7626720666885376,0.393880695104599,0.7060039043426514,0.6185999512672424,0.7638645768165588,0.24092614650726318,0.1138726994395256
les_neck_fing09__01000100__s0054.wav,0.6890363693237305,0.6784691214561462,0.8896695375442505,0.7786962389945984,0.2362823784351349,0.6766276359558105,0.04965168610215187,0.06359843909740448
prs_neck_fing02__01000100__s0009.wav,0.997593104839325,0.805195689201355,0.47782060503959656,0.5229551196098328,0.142537921667099,0.31675776839256287,0.4951494336128235,0.44840243458747864
tele_neck_fing22__01000100__s0018.wav,0.43656328320503235,0.7405215501785278,0.9810044765472412,0.7158117294311523,0.09365689754486084,0.13259516656398773,0.9128377437591553,0.7837370038032532
tele_bridge_fing21__01000100__s0027.wav,0.2940458059310913,0.4715704321861267,0.8367302417755127,0.7036991715431213,0.9977174401283264,0.6466537117958069,0.6127580404281616,0.32507678866386414
prs_bridge_fing09__01000100__s0020.wav,0.04666642099618912,0.10006356984376907,0.3096187114715576,0.3689768314361572,0.42375966906547546,0.4749802350997925,0.9355074763298035,0.8790825009346008
les_bridge_fing22__01000100__s0039.wav,0.8380626440048218,0.7606236934661865,0.29199284315109253,0.729593813419342,0.3630478084087372,0.37649571895599365,0.7387104034423828,0.5099154114723206
les_bridge_pick25__01000100__s0022.wav,0.6018998026847839,0.529371440410614,0.3742257058620453,0.641471803188324,0.0528373084962368,0.08013994991779327,0.5443562865257263,0.31966638565063477
prs_neck_fing15__01000100__s0011.wav,0.08966338634490967,0.19936741888523102,0.37220385670661926,0.30598822236061096,0.8839441537857056,0.7982689142227173,0.19305571913719177,0.11377839744091034
tele_neck_fing08__01000100__s0032.wav,0.8409378528594971,0.7956063151359558,0.9027718901634216,0.7819737195968628,0.7207888960838318,0.7088460326194763,0.19087150692939758,0.3576507866382599
strat_bridge_pick08__01000100__s0022.wav,0.8819575309753418,0.7326407432556152,0.41448062658309937,0.5290530323982239,0.8715057969093323,0.8390771746635437,0.5207236409187317,0.7110642194747925
tele_bridge_fing08__01000100__s0037.wav,0.2535976767539978,0.28019315004348755,0.6003707051277161,0.31133735179901123,0.447541743516922,0.4691590964794159,0.8462051153182983,0.8409246802330017
tele_neck_pick08__01000100__s0027.wav,0.2725635766983032,0.450168251991272,0.8751040697097778,0.37704169750213623,0.27895990014076233,0.3168790936470032,0.6509320139884949,0.6725345849990845
les_bridge_pick11__01000100__s0018.wav,0.38947057723999023,0.505885124206543,0.9564696550369263,0.8058002591133118,0.8441363573074341,0.8772613406181335,0.3482702970504761,0.44830307364463806
les_bridge_fing13__01000100__s0002.wav,0.3553687334060669,0.45864519476890564,0.1928185224533081,0.18857264518737793,0.743885338306427,0.5978517532348633,0.017593415454030037,0.3603467345237732
les_bridge_pick01__01000100__s0053.wav,0.04850068315863609,0.18508446216583252,0.4692230522632599,0.2638268768787384,0.6644688844680786,0.713934600353241,0.5905053019523621,0.4348522126674652
strat_neck_fing14__01000100__s0012.wav,0.5321459174156189,0.771609902381897,0.7161523103713989,0.703289270401001,0.91825270652771,0.8427453637123108,0.35243523120880127,0.19426441192626953
prs_neck_pick13__01000100__s0035.wav,0.06597109138965607,0.27037471532821655,0.49749255180358887,0.4056081771850586,0.4675280451774597,0.5966616272926331,0.6182675361633301,0.5230522751808167
les_bridge_fing05__01000100__s0027.wav,0.9997555613517761,0.719636082649231,0.4776079058647156,0.7650389671325684,0.21830174326896667,0.15504741668701172,0.6035481691360474,0.5991424322128296
strat_neck_fing21__01000100__s0016.wav,0.5579869747161865,0.6446081399917603,0.20841962099075317,0.31611624360084534,0.5645079612731934,0.508359432220459,0.7648844122886658,0.5711614489555359
tele_neck_pick03__01000100__s0040.wav,0.9650105834007263,0.8071017265319824,0.23425810039043427,0.2359355092048645,0.20861966907978058,0.11337080597877502,0.7682059407234192,0.8438689708709717
prs_bridge_fing17__01000100__s0008.wav,0.5720173716545105,0.7356747984886169,0.9565243124961853,0.8694342970848083,0.7153035402297974,0.49843859672546387,0.10152702033519745,0.14400723576545715
tele_bridge_pick01__01000100__s0053.wav,0.8548560738563538,0.835583508014679,0.34217020869255066,0.4534035623073578,0.5045941472053528,0.4541607201099396,0.2478923201560974,0.3219749629497528
prs_bridge_pick24__01000100__s0006.wav,0.9956544041633606,0.9419245719909668,0.579687237739563,0.8651883006095886,0.876253604888916,0.9662970304489136,0.38201260566711426,0.4554573893547058
les_bridge_pick01__01000100__s0050.wav,0.11714764684438705,0.14424394071102142,0.7413749694824219,0.3051186203956604,0.28841158747673035,0.26756447553634644,0.594907283782959,0.6190493106842041
les_bridge_pick01__01000100__s0027.wav,0.46639978885650635,0.6835218071937561,0.5999857783317566,0.4422588050365448,0.8366722464561462,0.8851463198661804,0.8338498473167419,0.8025804162025452
tele_neck_pick17__01000100__s0015.wav,0.737908661365509,0.40316882729530334,0.18464109301567078,0.4284948706626892,0.6996772289276123,0.9028998017311096,0.8631169199943542,0.8624103665351868
prs_neck_pick20__01000100__s0013.wav,0.11990971118211746,0.14410185813903809,0.09709399938583374,0.1329369843006134,0.17010097205638885,0.2437327355146408,0.9431775808334351,0.9334309101104736
les_neck_pick05__01000100__s0055.wav,0.6801098585128784,0.7257688641548157,0.5139427185058594,0.6571844816207886,0.22511938214302063,0.29991722106933594,0.4413807690143585,0.5145346522331238
tele_neck_fing17__01000100__s0014.wav,0.9454838633537292,0.561972439289093,0.13145051896572113,0.5504452586174011,0.38430505990982056,0.5862241387367249,0.1967509686946869,0.16375237703323364
strat_neck_pick02__01000100__s0021.wav,0.07328856736421585,0.10720395296812057,0.7166109085083008,0.32238858938217163,0.3162615895271301,0.7706493139266968,0.12546412646770477,0.5826533436775208
les_neck_pick10__01000100__s0016.wav,0.24565823376178741,0.1789608597755432,0.2704053521156311,0.34022438526153564,0.5926331877708435,0.5606696009635925,0.4151687026023865,0.4465908110141754
strat_bridge_pick04__01000100__s0024.wav,0.2778760492801666,0.1461370885372162,0.4128637909889221,0.4280594289302826,0.15615089237689972,0.26388901472091675,0.25530558824539185,0.18682368099689484
tele_bridge_pick04__01000100__s0039.wav,0.109479621052742,0.24846765398979187,0.6216614246368408,0.4041424095630646,0.4704527258872986,0.6944852471351624,0.5019084811210632,0.5408315658569336
prs_neck_fing19__01000100__s0005.wav,0.5999062061309814,0.7756587266921997,0.7936489582061768,0.4570785462856293,0.12940354645252228,0.0736604779958725,0.5191054344177246,0.463083416223526
strat_bridge_pick01__01000100__s0006.wav,0.4928220212459564,0.7508928775787354,0.7488503456115723,0.3153311014175415,0.05698974430561066,0.09240131825208664,0.5868369340896606,0.639146089553833
tele_neck_fing11__01000100__s0051.wav,0.7817971110343933,0.738605260848999,0.31574076414108276,0.5271670818328857,0.13768985867500305,0.1552509069442749,0.3136533200740814,0.21939526498317719
les_bridge_pick15__01000100__s0045.wav,0.43335533142089844,0.5746456384658813,0.6793249249458313,0.6662251949310303,0.9065738320350647,0.7277000546455383,0.530620813369751,0.5895090699195862
tele_neck_fing20__01000100__s0033.wav,0.46302664279937744,0.58730548620224,0.5356345176696777,0.4360697567462921,0.8374722003936768,0.7148396968841553,0.32905760407447815,0.20203305780887604
tele_neck_pick17__01000100__s0028.wav,0.7088552117347717,0.8118577599525452,0.8328818082809448,0.6248120665550232,0.48305317759513855,0.44516658782958984,0.6392229199409485,0.5764914155006409
strat_bridge_pick11__01000100__s0015.wav,0.4063870906829834,0.52724289894104,0.7070934772491455,0.4568735659122467,0.7666010856628418,0.7927265167236328,0.9857962727546692,0.9400026202201843
les_neck_fing13__01000100__s0037.wav,0.7173185348510742,0.687491774559021,0.8922736048698425,0.8343977928161621,0.7384141683578491,0.5847899913787842,0.9548799991607666,0.9252339005470276
les_bridge_pick17__01000100__s0038.wav,0.4039999544620514,0.23684744536876678,0.14546048641204834,0.3900759220123291,0.1300734281539917,0.37644585967063904,0.10732434689998627,0.062464285641908646
strat_neck_fing19__01000100__s0006.wav,0.5539617538452148,0.45631876587867737,0.18429675698280334,0.45486393570899963,0.15877453982830048,0.10574349015951157,0.7367014288902283,0.8974612355232239
prs_bridge_pick24__01000100__s0004.wav,0.9807690978050232,0.8133424520492554,0.27296164631843567,0.3240063488483429,0.06359043717384338,0.030627425760030746,0.8229225873947144,0.6029595136642456
prs_neck_fing25__01000100__s0014.wav,0.8578253984451294,0.758094310760498,0.855036735534668,0.7718774080276489,0.7522797584533691,0.6605629920959473,0.9593936800956726,0.7399209141731262
strat_neck_pick10__01000100__s0006.wav,0.1822691112756729,0.25741398334503174,0.666820764541626,0.4327068328857422,0.04115275666117668,0.5178466439247131,0.7526038289070129,0.5009908676147461
les_neck_pick06__01000100__s0030.wav,0.8518373966217041,0.6540157794952393,0.060989104211330414,0.2919754385948181,0.32378482818603516,0.38214823603630066,0.7835434675216675,0.6300485730171204
les_bridge_fing05__01000100__s0039.wav,0.4098077714443207,0.5800323486328125,0.6418642997741699,0.6968109011650085,0.0935029685497284,0.7640034556388855,0.17972181737422943,0.3297927677631378
strat_bridge_pick10__01000100__s0051.wav,0.3983898162841797,0.19199182093143463,0.3857870399951935,0.20665647089481354,0.9421809315681458,0.6879592537879944,0.9326890707015991,0.840404212474823
strat_neck_fing25__01000100__s0048.wav,0.23516704142093658,0.19783058762550354,0.2227475345134735,0.28784051537513733,0.8350487947463989,0.5918181538581848,0.08924830704927444,0.07433239370584488
prs_bridge_fing06__01000100__s0003.wav,0.9502255916595459,0.9299396276473999,0.6815650463104248,0.651795506477356,0.9047959446907043,0.9443079829216003,0.600185215473175,0.3887059986591339
tele_neck_fing11__01000100__s0021.wav,0.3407721519470215,0.6693044900894165,0.8205856084823608,0.4328906238079071,0.24822551012039185,0.10404935479164124,0.9142704010009766,0.9017110466957092
les_bridge_fing20__01000100__s0033.wav,0.9287194609642029,0.6408388018608093,0.050503309816122055,0.4075136184692383,0.9819869995117188,0.4664125442504883,0.04680170491337776,0.4209894835948944
prs_neck_fing15__01000100__s0052.wav,0.8884311318397522,0.6217076182365417,0.4190106987953186,0.38426893949508667,0.057600222527980804,0.05071907863020897,0.6531380414962769,0.2991698384284973
prs_neck_pick03__01000100__s0022.wav,0.6218876242637634,0.6393914222717285,0.7402893900871277,0.6419292092323303,0.026119207963347435,0.2262161374092102,0.2422436624765396,0.10732843726873398
tele_neck_fing09__01000100__s0023.wav,0.0023120183032006025,0.23425133526325226,0.15041512250900269,0.32503581047058105,0.1425718367099762,0.3307184875011444,0.7045754194259644,0.6217349171638489
strat_neck_pick15__01000100__s0006.wav,0.6337870359420776,0.595322847366333,0.8709455132484436,0.8528988361358643,0.3794649541378021,0.46530288457870483,0.35325926542282104,0.5399013757705688
strat_bridge_pick13__01000100__s0041.wav,0.26095902919769287,0.5555727481842041,0.1422564536333084,0.46699953079223633,0.8437546491622925,0.9067661762237549,0.5424745082855225,0.2870275378227234
tele_bridge_fing15__01000100__s0043.wav,0.875853955745697,0.7975109219551086,0.4192897379398346,0.7542495131492615,0.6631434559822083,0.5604771971702576,0.2849179208278656,0.44054263830184937
les_bridge_fing24__01000100__s0000.wav,0.0003530443354975432,0.20103669166564941,0.6454445123672485,0.19118215143680573,0.9183000326156616,0.5942984223365784,0.008369099348783493,0.053605642169713974
strat_bridge_pick24__01000100__s0047.wav,0.5504655241966248,0.4925391674041748,0.5505351424217224,0.35102784633636475,0.2744818925857544,0.3864043653011322,0.9805396795272827,0.9463015198707581
tele_neck_fing04__01000100__s0039.wav,0.8618582487106323,0.8152229189872742,0.6717132329940796,0.5566669702529907,0.2296399474143982,0.2977398633956909,0.3438630998134613,0.32276058197021484
tele_bridge_fing01__01000100__s0052.wav,0.5380354523658752,0.5588079690933228,0.3091118633747101,0.5262283086776733,0.21121765673160553,0.3050783574581146,0.7689167857170105,0.6101978421211243
les_neck_pick24__01000100__s0008.wav,0.583499014377594,0.6744789481163025,0.5572773218154907,0.34991565346717834,0.8683926463127136,0.8776243925094604,0.5902677774429321,0.3602578938007355
tele_bridge_fing21__01000100__s0007.wav,0.7081000208854675,0.7688471078872681,0.48630496859550476,0.4914105534553528,0.42137107253074646,0.46776023507118225,0.9203483462333679,0.9144293665885925
les_bridge_fing14__01000100__s0005.wav,0.7147597670555115,0.6150547862052917,0.8023258447647095,0.3902919888496399,0.5659275650978088,0.6476175785064697,0.33449435234069824,0.39621832966804504
les_bridge_fing20__01000100__s0001.wav,0.10269978642463684,0.3935908079147339,0.3102019429206848,0.13668428361415863,0.35699740052223206,0.36930546164512634,0.756697416305542,0.696056604385376
strat_bridge_fing08__01000100__s0044.wav,0.3838393986225128,0.6677476167678833,0.9114106893539429,0.6501502394676208,0.2766459882259369,0.2567388117313385,0.5453412532806396,0.593517541885376
prs_neck_fing08__01000100__s0002.wav,0.40497317910194397,0.3868497312068939,0.5125511288642883,0.7612342238426208,0.08430898934602737,0.13652673363685608,0.9158682227134705,0.8773416876792908
tele_bridge_fing08__01000100__s0011.wav,0.20687834918498993,0.19643667340278625,0.05132850632071495,0.28145554661750793,0.019456442445516586,0.15071728825569153,0.5972891449928284,0.6456844806671143
tele_neck_pick03__01000100__s0033.wav,0.16631674766540527,0.7094438076019287,0.8781256675720215,0.20553673803806305,0.7208839654922485,0.8112682700157166,0.43942564725875854,0.5650151371955872
strat_bridge_fing17__01000100__s0011.wav,0.07426010817289352,0.3565136194229126,0.2762894928455353,0.14534085988998413,0.405340313911438,0.5150537490844727,0.437099814414978,0.5842556357383728
tele_bridge_fing07__01000100__s0029.wav,0.34045884013175964,0.2979814410209656,0.18840961158275604,0.31569114327430725,0.6845987439155579,0.6443815231323242,0.5166907906532288,0.4314950108528137
strat_bridge_pick08__01000100__s0023.wav,0.42121726274490356,0.5184647440910339,0.38958224654197693,0.3407558798789978,0.25083523988723755,0.11084099858999252,0.7102054953575134,0.8020334243774414
tele_bridge_fing12__01000100__s0029.wav,0.7452983260154724,0.5754091143608093,0.45322954654693604,0.5943968892097473,0.4168424904346466,0.1916515827178955,0.20378245413303375,0.4238456189632416
tele_neck_fing01__01000100__s0032.wav,0.8702348470687866,0.8860729932785034,0.8086792826652527,0.5736756324768066,0.41605475544929504,0.474007248878479,0.9807429909706116,0.9752232432365417
tele_neck_pick13__01000100__s0044.wav,0.4304082691669464,0.2505795657634735,0.16577374935150146,0.5777260065078735,0.8044170141220093,0.4251687228679657,0.6554309725761414,0.3869240880012512
les_neck_pick19__01000100__s0044.wav,0.29529935121536255,0.39733150601387024,0.8225710391998291,0.7235755920410156,0.7777931690216064,0.5436676144599915,0.0798448771238327,0.1354978233575821
prs_neck_pick17__01000100__s0043.wav,0.1436920017004013,0.3308393657207489,0.023650625720620155,0.4811919033527374,0.44627952575683594,0.5231409668922424,0.6113902926445007,0.7653889060020447
strat_neck_fing25__01000100__s0020.wav,0.7950553894042969,0.8238489627838135,0.9566376209259033,0.555595338344574,0.5394797921180725,0.6130580306053162,0.3945469260215759,0.48088037967681885
prs_bridge_fing24__01000100__s0004.wav,0.19053475558757782,0.22438165545463562,0.9624148011207581,0.2525656819343567,0.4150616526603699,0.5572149157524109,0.6967529654502869,0.8202041983604431
prs_bridge_pick12__01000100__s0034.wav,0.5742980241775513,0.2585225999355316,0.1068657636642456,0.5717924237251282,0.6499528288841248,0.8267143368721008,0.25972697138786316,0.3127678334712982
strat_bridge_fing08__01000100__s0030.wav,0.406412810087204,0.6690457463264465,0.8676050901412964,0.3268684148788452,0.2546534538269043,0.18146559596061707,0.7235746383666992,0.8905001878738403
tele_bridge_fing23__01000100__s0054.wav,0.7517224550247192,0.7006698846817017,0.3509254455566406,0.4526475965976715,0.42211925983428955,0.37479788064956665,0.8229182958602905,0.8666884303092957
strat_neck_fing17__01000100__s0046.wav,0.45463353395462036,0.5724231600761414,0.6731783747673035,0.5640002489089966,0.5648878216743469,0.8116523623466492,0.968528151512146,0.9585238695144653
strat_bridge_fing20__01000100__s0017.wav,0.3199649453163147,0.5681917071342468,0.5842446088790894,0.21334700286388397,0.927141547203064,0.5921165347099304,0.21906448900699615,0.4510347545146942
tele_bridge_pick08__01000100__s0013.wav,0.23970484733581543,0.5201435089111328,0.7112791538238525,0.6408697962760925,0.08507701009511948,0.09260446578264236,0.4656001031398773,0.6526807546615601
les_bridge_fing10__01000100__s0034.wav,0.3485742211341858,0.21997395157814026,0.8964990973472595,0.6180503964424133,0.025574887171387672,0.14441661536693573,0.7567508816719055,0.2904708683490753
strat_neck_fing10__01000100__s0050.wav,0.7833290696144104,0.5762041807174683,0.9466937780380249,0.7446390986442566,0.44685566425323486,0.42123717069625854,0.5639104247093201,0.14944861829280853
prs_bridge_pick03__01000100__s0024.wav,0.42771637439727783,0.3920961320400238,0.4727051854133606,0.3083190321922302,0.6000868678092957,0.6365934610366821,0.5650124549865723,0.4152737557888031
prs_neck_pick12__01000100__s0050.wav,0.9763069152832031,0.9469084739685059,0.7216472625732422,0.7331085801124573,0.7390636205673218,0.8344214558601379,0.4675811529159546,0.2792612612247467
strat_neck_pick02__01000100__s0010.wav,0.3951300084590912,0.4670041501522064,0.8272776007652283,0.6913084983825684,0.8206046223640442,0.7962391376495361,0.13247014582157135,0.3682621419429779
strat_bridge_fing06__01000100__s0033.wav,0.3301365077495575,0.33038368821144104,0.12077222764492035,0.38172927498817444,0.319726824760437,0.38258475065231323,0.9361047744750977,0.8576668500900269
les_bridge_pick19__01000100__s0012.wav,0.4643307030200958,0.4210089147090912,0.7971312999725342,0.7926013469696045,0.04351978376507759,0.1979348510503769,0.46969157457351685,0.6186196804046631
les_neck_fing24__01000100__s0052.wav,0.1550372689962387,0.26204246282577515,0.6847476959228516,0.2301786243915558,0.1754169911146164,0.08580231666564941,0.8417754173278809,0.8737303614616394
les_neck_pick06__01000100__s0029.wav,0.8099279999732971,0.6194236874580383,0.09025944769382477,0.3243543207645416,0.0728127583861351,0.09238772094249725,0.25641363859176636,0.3872098922729492
strat_neck_pick05__01000100__s0013.wav,0.8021412491798401,0.5855416655540466,0.03791653737425804,0.3460182547569275,0.8776108622550964,0.6093303561210632,0.1623132824897766,0.15634971857070923
prs_bridge_pick23__01000100__s0042.wav,0.823668360710144,0.71000075340271,0.08507835119962692,0.2043086439371109,0.2224927544593811,0.4595796465873718,0.7478099465370178,0.735306441783905
prs_bridge_fing12__01000100__s0032.wav,0.7848505973815918,0.744592547416687,0.4681801497936249,0.5768884420394897,0.28712528944015503,0.3161950707435608,0.8826780319213867,0.8499588370323181
prs_neck_pick11__01000100__s0054.wav,0.04845060035586357,0.44377708435058594,0.024129550904035568,0.7965846061706543,0.7401092648506165,0.8606340885162354,0.2908334732055664,0.5546589493751526
strat_neck_pick12__01000100__s0050.wav,0.9207032322883606,0.7769545316696167,0.278644859790802,0.5955367684364319,0.35744720697402954,0.4916549623012543,0.33429238200187683,0.30983778834342957
prs_neck_fing23__01000100__s0008.wav,0.5408505797386169,0.49071455001831055,0.3266761004924774,0.6211627721786499,0.377189576625824,0.5218833684921265,0.3955189287662506,0.6804233193397522
strat_neck_pick11__01000100__s0027.wav,0.7781625390052795,0.7761297225952148,0.12524478137493134,0.3110465705394745,0.05518587306141853,0.46766427159309387,0.0457867830991745,0.0898471474647522
tele_bridge_pick21__01000100__s0037.wav,0.5296997427940369,0.5518479943275452,0.6397168636322021,0.32743436098098755,0.7484402656555176,0.7095924019813538,0.6861414909362793,0.5479350686073303
les_bridge_pick08__01000100__s0023.wav,0.5439905524253845,0.7704163789749146,0.21403370797634125,0.6700454354286194,0.9761213660240173,0.8471023440361023,0.325025737285614,0.4524831771850586
prs_neck_fing03__01000100__s0001.wav,0.11839110404253006,0.24124911427497864,0.4337877333164215,0.5053359866142273,0.8731300830841064,0.9020753502845764,0.31567057967185974,0.7002469301223755
tele_bridge_fing03__01000100__s0042.wav,0.9834046959877014,0.8471145629882812,0.572760820388794,0.6244877576828003,0.7256937026977539,0.6654234528541565,0.7574994564056396,0.733333945274353
tele_bridge_pick03__01000100__s0022.wav,0.47937384247779846,0.5616466999053955,0.361568421125412,0.22576957941055298,0.14062155783176422,0.09319186210632324,0.8424567580223083,0.8518101572990417
les_bridge_fing06__01000100__s0010.wav,0.020981142297387123,0.150289386510849,0.6856741905212402,0.7560325860977173,0.8414704203605652,0.9229587316513062,0.8895841240882874,0.8821983933448792
strat_neck_pick22__01000100__s0007.wav,0.7620879411697388,0.8197670578956604,0.9121744632720947,0.31459295749664307,0.09149602800607681,0.04835650697350502,0.8455412983894348,0.8168524503707886
prs_neck_pick20__01000100__s0044.wav,0.6885526180267334,0.6658812165260315,0.8293655514717102,0.7267563343048096,0.349593847990036,0.4554387629032135,0.26766180992126465,0.3731784522533417
strat_bridge_pick19__01000100__s0055.wav,0.07719741761684418,0.26781654357910156,0.24793262779712677,0.41294240951538086,0.7100557684898376,0.6712108850479126,0.5731350183486938,0.8031247854232788
strat_neck_pick19__01000100__s0021.wav,0.02226250246167183,0.23183545470237732,0.17514798045158386,0.7444054484367371,0.8260223865509033,0.8842753767967224,0.7309222221374512,0.5994548201560974
strat_neck_fing20__01000100__s0017.wav,0.13225778937339783,0.2129882276058197,0.16216281056404114,0.16574659943580627,0.3420417010784149,0.5367279648780823,0.4718444049358368,0.49822017550468445
prs_neck_pick05__01000100__s0028.wav,0.7115106582641602,0.822316586971283,0.6847004294395447,0.5549792051315308,0.13698749244213104,0.5818188190460205,0.09418226033449173,0.20091401040554047
les_neck_pick01__01000100__s0026.wav,0.8216412663459778,0.6569889187812805,0.08214250952005386,0.45058730244636536,0.2281053215265274,0.31330111622810364,0.15721075236797333,0.2859377861022949
les_neck_pick19__01000100__s0009.wav,0.4919110834598541,0.3917720913887024,0.028325499966740608,0.23799283802509308,0.15656445920467377,0.142275869846344,0.4421176314353943,0.6138861179351807
prs_bridge_fing09__01000100__s0013.wav,0.04669269546866417,0.09176070243120193,0.795400083065033,0.4336017668247223,0.3706372082233429,0.35579681396484375,0.690790593624115,0.22979606688022614
prs_neck_fing25__01000100__s0010.wav,0.2493092119693756,0.21300657093524933,0.47712209820747375,0.34754031896591187,0.7017267346382141,0.6089531779289246,0.24597327411174774,0.4517297148704529
les_bridge_pick02__01000100__s0048.wav,0.9654196500778198,0.9275042414665222,0.47922283411026,0.5408943891525269,0.43085747957229614,0.49392902851104736,0.9761771559715271,0.9613112807273865
les_neck_fing05__01000100__s0003.wav,0.9570703506469727,0.8054479360580444,0.5759602189064026,0.4785812199115753,0.597109854221344,0.5863139629364014,0.9934872984886169,0.99294114112854
tele_neck_pick21__01000100__s0015.wav,0.2806120812892914,0.4033779799938202,0.8868818879127502,0.5400094389915466,0.029201343655586243,0.44008806347846985,0.2875414788722992,0.22965872287750244
strat_bridge_pick02__01000100__s0014.wav,0.5675157308578491,0.5172462463378906,0.8969923853874207,0.8448282480239868,0.22147701680660248,0.12508906424045563,0.5913298726081848,0.6081540584564209
strat_bridge_fing24__01000100__s0046.wav,0.4377557933330536,0.6625263094902039,0.8009076714515686,0.49534451961517334,0.38193628191947937,0.39970359206199646,0.85128253698349,0.8141909837722778
les_bridge_pick13__01000100__s0047.wav,0.08662708103656769,0.09804191440343857,0.5903164744377136,0.45350173115730286,0.9888085722923279,0.8103716969490051,0.7073115110397339,0.56446373462677
prs_neck_fing16__01000100__s0038.wav,0.4359358549118042,0.4828964173793793,0.5354607105255127,0.6706303358078003,0.1741892397403717,0.1335548311471939,0.16002900898456573,0.10195012390613556
tele_neck_pick11__01000100__s0021.wav,0.9163306355476379,0.7739772796630859,0.7007212042808533,0.657141923904419,0.1958293467760086,0.14289911091327667,0.825805127620697,0.7186276316642761
les_bridge_pick22__01000100__s0019.wav,0.9959400296211243,0.9646791815757751,0.8710194826126099,0.9589789509773254,0.5582037568092346,0.49087753891944885,0.9444485306739807,0.9671851992607117
tele_neck_fing13__01000100__s0049.wav,0.46871501207351685,0.6200710535049438,0.8482813835144043,0.5576918125152588,0.06180129945278168,0.08740877360105515,0.4282355010509491,0.49613460898399353
tele_bridge_fing11__01000100__s0023.wav,0.4479854702949524,0.4798901379108429,0.8518412709236145,0.8471943140029907,0.5940767526626587,0.6927913427352905,0.627568244934082,0.5877780914306641
prs_neck_pick05__01000100__s0032.wav,0.9418046474456787,0.8460021018981934,0.07696401327848434,0.31070607900619507,0.10503572970628738,0.07963275164365768,0.18234756588935852,0.1606704443693161
strat_neck_pick17__01000100__s0027.wav,0.6597771644592285,0.7847975492477417,0.436654657125473,0.40023013949394226,0.861166775226593,0.8534566164016724,0.5182346701622009,0.3195057809352875
prs_bridge_fing19__01000100__s0016.wav,0.17050813138484955,0.25884050130844116,0.4569408893585205,0.5273504853248596,0.4519103467464447,0.5412881970405579,0.2619291841983795,0.20615734159946442
strat_neck_pick09__01000100__s0003.wav,0.06977555900812149,0.17705784738063812,0.43881991505622864,0.42973729968070984,0.37776464223861694,0.5316956639289856,0.8305243849754333,0.6888578534126282
prs_bridge_pick13__01000100__s0013.wav,0.40674594044685364,0.6246097683906555,0.6351962685585022,0.32142511010169983,0.2997576892375946,0.5037538409233093,0.3893987238407135,0.44248542189598083
strat_neck_pick13__01000100__s0008.wav,0.6859954595565796,0.5526965856552124,0.14324705302715302,0.47514525055885315,0.9999617338180542,0.9342736005783081,0.584838330745697,0.48466917872428894
strat_neck_fing11__01000100__s0022.wav,0.4113887548446655,0.48307350277900696,0.4226734936237335,0.49198052287101746,0.4351816773414612,0.39266616106033325,0.5791800022125244,0.44985586404800415
les_neck_pick22__01000100__s0038.wav,0.3384786546230316,0.27953821420669556,0.24178080260753632,0.2839672565460205,0.270784467458725,0.3473130464553833,0.4315888583660126,0.4634430408477783
les_bridge_pick25__01000100__s0004.wav,0.7602598071098328,0.7628175616264343,0.14368045330047607,0.5475587248802185,0.1958032250404358,0.15308798849582672,0.7996212840080261,0.8632099032402039
prs_neck_pick10__01000100__s0018.wav,0.7735644578933716,0.6816909909248352,0.17279689013957977,0.5724818706512451,0.41577404737472534,0.4653036594390869,0.5628999471664429,0.5615651607513428
strat_neck_fing15__01000100__s0016.wav,0.9855189919471741,0.8428518772125244,0.44899997115135193,0.5430589318275452,0.35639944672584534,0.18449853360652924,0.3029451370239258,0.396187961101532
strat_bridge_pick20__01000100__s0043.wav,0.0079535823315382,0.18474437296390533,0.9516118764877319,0.33385029435157776,0.9502726793289185,0.8439571261405945,0.4344604015350342,0.5121780633926392
prs_bridge_pick01__01000100__s0014.wav,0.7346335053443909,0.8712650537490845,0.9038941860198975,0.48419082164764404,0.6374202966690063,0.7317072153091431,0.13799473643302917,0.3599955439567566
tele_neck_fing20__01000100__s0050.wav,0.6151878833770752,0.6919292211532593,0.7038541436195374,0.7153666019439697,0.05200783163309097,0.021615045145154,0.520060122013092,0.6313194632530212
prs_bridge_pick09__01000100__s0038.wav,0.7944308519363403,0.6429738402366638,0.15621612966060638,0.4184684753417969,0.48895424604415894,0.5794245004653931,0.7077834010124207,0.6659416556358337
prs_bridge_fing05__01000100__s0035.wav,0.35798439383506775,0.3773195147514343,0.7693559527397156,0.8343030214309692,0.6078985929489136,0.5281988382339478,0.7281354069709778,0.3789479732513428
les_bridge_fing08__01000100__s0041.wav,0.5580392479896545,0.6373060941696167,0.8830338716506958,0.7465177774429321,0.26633259654045105,0.2189338058233261,0.5793539881706238,0.5470123291015625
tele_neck_pick24__01000100__s0051.wav,0.711503267288208,0.7674149870872498,0.14681711792945862,0.3253329396247864,0.146564781665802,0.26479148864746094,0.3719332814216614,0.1721053123474121
les_neck_fing24__01000100__s0018.wav,0.2510797381401062,0.20114034414291382,0.12639567255973816,0.2969825565814972,0.7065593600273132,0.7385391592979431,0.030681222677230835,0.10638201981782913
tele_bridge_fing24__01000100__s0043.wav,0.23006264865398407,0.17085666954517365,0.025693366304039955,0.2815719246864319,0.5866712927818298,0.42426395416259766,0.017068516463041306,0.05672699958086014
prs_bridge_fing08__01000100__s0019.wav,0.8904777765274048,0.789160430431366,0.8634023070335388,0.949645459651947,0.6728575825691223,0.6417198181152344,0.7418274283409119,0.5828315615653992
les_bridge_pick03__01000100__s0023.wav,0.6014305949211121,0.677412211894989,0.529015302658081,0.47785115242004395,0.8233694434165955,0.5423790216445923,0.16187749803066254,0.28317204117774963
prs_bridge_pick21__01000100__s0021.wav,0.4654028117656708,0.8022791147232056,0.17246754467487335,0.4306696653366089,0.29582878947257996,0.12297135591506958,0.15535540878772736,0.29885056614875793
les_bridge_fing23__01000100__s0040.wav,0.5917747020721436,0.8229724168777466,0.7798290848731995,0.9086701273918152,0.6664808988571167,0.7294834852218628,0.16269351541996002,0.2538774013519287
prs_neck_pick24__01000100__s0009.wav,0.18334399163722992,0.08688127994537354,0.04022064805030823,0.19091665744781494,0.20700883865356445,0.19417168200016022,0.5731717944145203,0.43384116888046265
prs_neck_fing19__01000100__s0032.wav,0.2837076485157013,0.6805742979049683,0.38097822666168213,0.39464670419692993,0.6121976375579834,0.5946592688560486,0.6116693019866943,0.6592077612876892
prs_neck_pick16__01000100__s0013.wav,0.5335732102394104,0.7270588278770447,0.7532908916473389,0.4908805787563324,0.9836816787719727,0.9287183880805969,0.1480417102575302,0.2977825403213501
prs_neck_pick16__01000100__s0044.wav,0.5009878873825073,0.5215560793876648,0.6492935419082642,0.558323860168457,0.7479386925697327,0.7977657914161682,0.7488569021224976,0.6225014328956604
les_neck_fing05__01000100__s0044.wav,0.5626654624938965,0.5442562103271484,0.518244206905365,0.5143899917602539,0.47313839197158813,0.49850377440452576,0.3752977252006531,0.376606285572052
les_neck_fing09__01000100__s0034.wav,0.7555848956108093,0.7841902375221252,0.7675471305847168,0.8463664054870605,0.5625880360603333,0.5871597528457642,0.625186562538147,0.6153594851493835
les_bridge_pick14__01000100__s0017.wav,0.8729356527328491,0.9802023768424988,0.9293772578239441,0.9749437570571899,0.2342498004436493,0.3800334632396698,0.23841607570648193,0.17339637875556946
strat_neck_fing22__01000100__s0036.wav,0.057228781282901764,0.1629023402929306,0.22382467985153198,0.21190571784973145,0.27205464243888855,0.2898220717906952,0.6397448778152466,0.7318127751350403
strat_neck_pick23__01000100__s0011.wav,0.6850361227989197,0.6720917224884033,0.2912292778491974,0.5031160712242126,0.33845841884613037,0.5026563405990601,0.47422873973846436,0.3281157314777374
tele_neck_pick13__01000100__s0048.wav,0.045265644788742065,0.20225830376148224,0.2764378488063812,0.19169187545776367,0.7914257049560547,0.3030940890312195,0.06760657578706741,0.20809121429920197
prs_bridge_fing12__01000100__s0041.wav,0.2676216959953308,0.15990644693374634,0.28259900212287903,0.5388641357421875,0.07940013706684113,0.41149383783340454,0.17267298698425293,0.10198485106229782
tele_neck_fing09__01000100__s0038.wav,0.39605242013931274,0.5353056788444519,0.7012053728103638,0.6778212189674377,0.4498746693134308,0.18616467714309692,0.5051530003547668,0.30541959404945374
strat_neck_fing14__01000100__s0024.wav,0.11857786774635315,0.4292662739753723,0.3193979263305664,0.803309440612793,0.7621744275093079,0.7434273362159729,0.0696248859167099,0.5365840792655945
tele_bridge_fing19__01000100__s0029.wav,0.5072018504142761,0.6930589079856873,0.5608841776847839,0.23309998214244843,0.8941673040390015,0.9039243459701538,0.4808500409126282,0.6347599029541016
prs_neck_pick12__01000100__s0045.wav,0.017781279981136322,0.29436376690864563,0.48536014556884766,0.37549132108688354,0.7060105204582214,0.7066105604171753,0.8656161427497864,0.6931658387184143
prs_bridge_fing03__01000100__s0050.wav,0.6539322733879089,0.7630927562713623,0.7045060992240906,0.5917083621025085,0.1623753309249878,0.1662026047706604,0.7749584913253784,0.6015878915786743
prs_neck_pick20__01000100__s0021.wav,0.45367953181266785,0.5608828067779541,0.23715955018997192,0.16053520143032074,0.7829302549362183,0.7442761063575745,0.003433105768635869,0.06882544606924057
strat_neck_pick17__01000100__s0028.wav,0.10263237357139587,0.3345109224319458,0.946875274181366,0.3299674391746521,0.5018905997276306,0.7707660794258118,0.0696311891078949,0.3293231725692749
les_neck_fing03__01000100__s0035.wav,0.9185892939567566,0.677961528301239,0.4375532567501068,0.48253142833709717,0.019896605983376503,0.15842778980731964,0.8406874537467957,0.11841175705194473
strat_bridge_fing21__01000100__s0042.wav,0.20372560620307922,0.20034785568714142,0.11426840722560883,0.3981163203716278,0.7748075723648071,0.8802610635757446,0.7102742791175842,0.5660619139671326
strat_bridge_fing15__01000100__s0038.wav,0.0539865642786026,0.09699736535549164,0.31037217378616333,0.3680456280708313,0.3757082223892212,0.44793081283569336,0.891234815120697,0.6960737109184265
prs_bridge_fing15__01000100__s0037.wav,0.08931668102741241,0.3364010453224182,0.7523162961006165,0.6996906399726868,0.6667306423187256,0.6919727325439453,0.5710470080375671,0.6235788464546204
prs_bridge_fing17__01000100__s0021.wav,0.9241704344749451,0.9022966623306274,0.8955698013305664,0.8361008763313293,0.9678937792778015,0.6090290546417236,0.24925465881824493,0.23750439286231995
les_neck_pick07__01000100__s0024.wav,0.08357972651720047,0.27662795782089233,0.20609694719314575,0.24003712832927704,0.743773877620697,0.8360644578933716,0.33997970819473267,0.3721202611923218
strat_bridge_fing20__01000100__s0028.wav,0.7441763281822205,0.7720498442649841,0.6739338040351868,0.7020149230957031,0.7468691468238831,0.6518729329109192,0.8557329177856445,0.2741898000240326
prs_bridge_pick06__01000100__s0025.wav,0.4087958335876465,0.2182202935218811,0.07759934663772583,0.3961474597454071,0.7804803848266602,0.8764314651489258,0.5801188349723816,0.6674969792366028
les_neck_fing19__01000100__s0009.wav,0.3360157310962677,0.712313711643219,0.6463466882705688,0.4088907241821289,0.3781018555164337,0.4391835629940033,0.4122009575366974,0.18964387476444244
prs_bridge_fing09__01000100__s0003.wav,0.3181765377521515,0.1585095226764679,0.3651180565357208,0.2069067656993866,0.6155457496643066,0.5509129166603088,0.7303816676139832,0.27375996112823486
les_bridge_pick18__01000100__s0041.wav,0.9976183772087097,0.8000022172927856,0.6617931127548218,0.8038123250007629,0.2562895119190216,0.29471102356910706,0.40207767486572266,0.4571307897567749
strat_bridge_pick20__01000100__s0055.wav,0.4898574948310852,0.5526596903800964,0.36025485396385193,0.5958742499351501,0.2892822325229645,0.2165708839893341,0.852115273475647,0.7240650653839111
prs_neck_pick22__01000100__s0004.wav,0.32986772060394287,0.18177708983421326,0.03042481280863285,0.35113099217414856,0.7983417510986328,0.7878609895706177,0.7886655330657959,0.7607471346855164
prs_bridge_fing12__01000100__s0019.wav,0.13285966217517853,0.192790225148201,0.6742218732833862,0.1475401222705841,0.7040838599205017,0.4682444632053375,0.17787761986255646,0.5453739166259766
les_neck_pick18__01000100__s0011.wav,0.49070072174072266,0.6761855483055115,0.2544180452823639,0.6498945951461792,0.6712656617164612,0.44485241174697876,0.13016311824321747,0.19800016283988953
prs_bridge_fing20__01000100__s0005.wav,0.215709388256073,0.10507183521986008,0.03650215268135071,0.41122713685035706,0.060566700994968414,0.0905115157365799,0.6241230368614197,0.30613812804222107
tele_neck_fing02__01000100__s0020.wav,0.6006176471710205,0.4464101791381836,0.08063177764415741,0.33820822834968567,0.24825966358184814,0.2517651617527008,0.24438272416591644,0.17525258660316467
strat_neck_fing10__01000100__s0044.wav,0.28660428524017334,0.6233794689178467,0.18615832924842834,0.38766205310821533,0.8396581411361694,0.8883011341094971,0.4607645869255066,0.726754903793335
tele_bridge_pick17__01000100__s0044.wav,0.9415116906166077,0.9321935176849365,0.44725820422172546,0.6470273733139038,0.13895869255065918,0.18131649494171143,0.5142604112625122,0.2868289649486542
prs_bridge_fing06__01000100__s0007.wav,0.03972895070910454,0.5121923685073853,0.16433335840702057,0.22121763229370117,0.758262038230896,0.800969660282135,0.4566827118396759,0.321402907371521
strat_neck_pick23__01000100__s0055.wav,0.11377865821123123,0.09585020691156387,0.314912348985672,0.42874717712402344,0.8795629143714905,0.8575601577758789,0.5042664408683777,0.7508413195610046
prs_bridge_fing09__01000100__s0039.wav,0.1574498862028122,0.5678687691688538,0.811913251876831,0.18467801809310913,0.5398564338684082,0.5309845805168152,0.9469436407089233,0.8432424664497375
les_bridge_fing06__01000100__s0028.wav,0.35381725430488586,0.12647806107997894,0.29726094007492065,0.5217072367668152,0.7425083518028259,0.41692936420440674,0.7083922624588013,0.577661395072937
les_neck_pick23__01000100__s0032.wav,0.13383091986179352,0.2695614993572235,0.9802549481391907,0.6183924078941345,0.5095407962799072,0.6015488505363464,0.27548447251319885,0.3004862368106842
prs_neck_pick06__01000100__s0021.wav,0.7893057465553284,0.7641355991363525,0.23114199936389923,0.1683703064918518,0.5671378970146179,0.513026237487793,0.7537054419517517,0.5299537181854248
les_neck_fing21__01000100__s0011.wav,0.28833335638046265,0.49725478887557983,0.6303402185440063,0.6271721720695496,0.7052576541900635,0.7175359129905701,0.3673723340034485,0.3009834289550781
strat_bridge_pick21__01000100__s0002.wav,0.7198007106781006,0.7540729641914368,0.8371551632881165,0.7175700664520264,0.838950514793396,0.7526286840438843,0.7349734306335449,0.6757231950759888
strat_bridge_pick20__01000100__s0038.wav,0.7675739526748657,0.6200661659240723,0.044564031064510345,0.7152131795883179,0.2293241173028946,0.21603918075561523,0.10279256850481033,0.18430334329605103
prs_bridge_pick08__01000100__s0003.wav,0.1320984959602356,0.4478517770767212,0.8201664090156555,0.18614020943641663,0.14041714370250702,0.1657782793045044,0.9437757730484009,0.9081302881240845
les_neck_fing05__01000100__s0049.wav,0.8494311571121216,0.8965610265731812,0.6944931149482727,0.7311537861824036,0.8598801493644714,0.9182825088500977,0.5092573761940002,0.4055624008178711
strat_bridge_pick05__01000100__s0005.wav,0.027373256161808968,0.17612959444522858,0.07809985429048538,0.7603980898857117,0.7157498002052307,0.7068612575531006,0.03417707607150078,0.0665007010102272
tele_bridge_fing19__01000100__s0020.wav,0.3051147162914276,0.31946513056755066,0.7842645645141602,0.4195184111595154,0.8946455121040344,0.8917654156684875,0.918347954750061,0.8402249813079834
prs_bridge_pick25__01000100__s0017.wav,0.4868711531162262,0.2502601146697998,0.004946097731590271,0.28025999665260315,0.6482570171356201,0.7801756858825684,0.7450713515281677,0.7143704295158386
prs_bridge_fing01__01000100__s0027.wav,0.3956924080848694,0.7545740008354187,0.9977383613586426,0.52973473072052,0.962935745716095,0.6655201315879822,0.27914780378341675,0.1488298624753952
les_neck_pick23__01000100__s0046.wav,0.024754036217927933,0.16193373501300812,0.5838824510574341,0.3033761978149414,0.9523612856864929,0.7774800062179565,0.32795533537864685,0.3147260248661041
les_neck_fing13__01000100__s0017.wav,0.8028324246406555,0.693143367767334,0.38074779510498047,0.8026260733604431,0.9388169646263123,0.7972951531410217,0.1059538722038269,0.37888839840888977
strat_bridge_pick06__01000100__s0052.wav,0.9284963011741638,0.7815501689910889,0.1325521171092987,0.5804445147514343,0.13419653475284576,0.19267721474170685,0.5030916929244995,0.5766173601150513
strat_neck_fing05__01000100__s0029.wav,0.37927794456481934,0.41766157746315,0.6237265467643738,0.6440854668617249,0.36522966623306274,0.42984089255332947,0.9459250569343567,0.8627753853797913
les_neck_pick24__01000100__s0044.wav,0.7607377767562866,0.673294186592102,0.25402671098709106,0.34304672479629517,0.5546687245368958,0.5326201915740967,0.344558984041214,0.4779970943927765
les_bridge_fing07__01000100__s0015.wav,0.25915685296058655,0.16204851865768433,0.3555011451244354,0.3046996593475342,0.08402573317289352,0.35657525062561035,0.18017543852329254,0.41437289118766785
strat_bridge_pick19__01000100__s0001.wav,0.5513185858726501,0.6042332053184509,0.5770580172538757,0.6675600409507751,0.3554259240627289,0.3699270486831665,0.921667754650116,0.8747059106826782
strat_neck_pick08__01000100__s0046.wav,0.0652272179722786,0.3137296736240387,0.02882663533091545,0.4321056008338928,0.09297812730073929,0.2223060131072998,0.6727809309959412,0.7860069870948792
strat_neck_fing13__01000100__s0017.wav,0.9331573843955994,0.8393463492393494,0.41902634501457214,0.5731410980224609,0.4955137372016907,0.4047940969467163,0.4286231994628906,0.4869785010814667
strat_neck_pick25__01000100__s0016.wav,0.7383143305778503,0.8365399837493896,0.8492584824562073,0.8938974738121033,0.8927348256111145,0.6558689475059509,0.241575226187706,0.1693112701177597
prs_bridge_fing21__01000100__s0049.wav,0.6038599610328674,0.7481111288070679,0.8158974051475525,0.5569036602973938,0.4842205345630646,0.31998857855796814,0.626299262046814,0.7319220900535583
les_neck_pick06__01000100__s0007.wav,0.040345050394535065,0.23531471192836761,0.0721893310546875,0.32392624020576477,0.43182018399238586,0.42936187982559204,0.5114524364471436,0.5228614807128906
tele_bridge_fing20__01000100__s0002.wav,0.4616336524486542,0.4784100353717804,0.9735624194145203,0.5934614539146423,0.9959337115287781,0.7459664940834045,0.05384824424982071,0.09723168611526489
les_bridge_fing21__01000100__s0046.wav,0.9016017913818359,0.8571290373802185,0.5299637317657471,0.6525322794914246,0.4804140031337738,0.4892667531967163,0.8286108374595642,0.8742362260818481
strat_bridge_pick04__01000100__s0016.wav,0.750438928604126,0.683097243309021,0.10936719924211502,0.11229609698057175,0.046279143542051315,0.5573318600654602,0.09971637278795242,0.1655789613723755
les_bridge_pick17__01000100__s0055.wav,0.7870275974273682,0.8183512091636658,0.5261505246162415,0.7296288013458252,0.1927456557750702,0.1553877741098404,0.28532132506370544,0.3080393671989441
prs_bridge_fing15__01000100__s0010.wav,0.9969953298568726,0.8717296719551086,0.8105260133743286,0.9197109341621399,0.6797407269477844,0.5755432844161987,0.4173446297645569,0.21765372157096863
les_neck_fing16__01000100__s0054.wav,0.10934294015169144,0.15664544701576233,0.5342185497283936,0.5673933625221252,0.5250041484832764,0.4565865099430084,0.7848196625709534,0.4979642331600189
prs_bridge_fing24__01000100__s0042.wav,0.8936318159103394,0.8359184861183167,0.355655699968338,0.3107612133026123,0.09565462917089462,0.08596324175596237,0.1431046575307846,0.1137266755104065
strat_neck_fing08__01000100__s0001.wav,0.34049493074417114,0.6242629885673523,0.7465977668762207,0.4536650478839874,0.34485486149787903,0.41724878549575806,0.8158921599388123,0.6887878179550171
prs_bridge_fing24__01000100__s0008.wav,0.9765709638595581,0.9011728763580322,0.8287813067436218,0.8284474015235901,0.8074000477790833,0.866300106048584,0.3650500178337097,0.4773689806461334
prs_neck_fing09__01000100__s0022.wav,0.12729407846927643,0.3583378791809082,0.5851622819900513,0.2901034355163574,0.3924720287322998,0.6023273468017578,0.13897617161273956,0.22868745028972626
strat_bridge_pick02__01000100__s0016.wav,0.692588746547699,0.7884939908981323,0.26157817244529724,0.6653486490249634,0.4087141454219818,0.5548505783081055,0.7062734961509705,0.5209900140762329
strat_bridge_fing16__01000100__s0029.wav,0.618195652961731,0.6419962048530579,0.22450116276741028,0.1690758764743805,0.40968987345695496,0.31214991211891174,0.5669836401939392,0.4737381339073181
les_bridge_fing13__01000100__s0048.wav,0.9677428007125854,0.776546061038971,0.8773940205574036,0.6381977796554565,0.7353076338768005,0.702171802520752,0.5812720656394958,0.4339170753955841
les_neck_fing13__01000100__s0000.wav,0.24515454471111298,0.5234432816505432,0.21722273528575897,0.19308331608772278,0.7989036440849304,0.809319257736206,0.14907854795455933,0.22158055007457733
les_bridge_fing01__01000100__s0054.wav,0.5253587365150452,0.6459025740623474,0.6784856915473938,0.37265774607658386,0.759771466255188,0.47877973318099976,0.183363139629364,0.35713520646095276
strat_neck_pick19__01000100__s0037.wav,0.9749011993408203,0.8980292677879333,0.9896262288093567,0.847671389579773,0.24320708215236664,0.44129592180252075,0.01901913806796074,0.11477242410182953
prs_bridge_pick12__01000100__s0032.wav,0.7654941082000732,0.9242304563522339,0.8482367396354675,0.9001376628875732,0.6695805788040161,0.7541664242744446,0.4149308204650879,0.4292196035385132
prs_neck_pick18__01000100__s0046.wav,0.8336330056190491,0.34405699372291565,0.01750030927360058,0.34453174471855164,0.6887648701667786,0.7760035395622253,0.2590055763721466,0.2180064618587494
prs_bridge_pick18__01000100__s0033.wav,0.5571355223655701,0.6765276193618774,0.41585391759872437,0.5332819819450378,0.8011791110038757,0.806104838848114,0.1504669487476349,0.3075335621833801
tele_neck_pick18__01000100__s0005.wav,0.00891966838389635,0.16393955051898956,0.6401879191398621,0.3748716413974762,0.37933027744293213,0.48637449741363525,0.9722518920898438,0.9666552543640137
tele_neck_fing14__01000100__s0004.wav,0.24044030904769897,0.22789834439754486,0.6738201379776001,0.2956176698207855,0.4509221315383911,0.32388222217559814,0.6900149583816528,0.36121249198913574
tele_neck_pick02__01000100__s0055.wav,0.5280393958091736,0.4618142247200012,0.3575606942176819,0.41615724563598633,0.8073815703392029,0.7330008149147034,0.0498114638030529,0.12176987528800964
prs_bridge_pick16__01000100__s0045.wav,0.21133343875408173,0.29923248291015625,0.7855878472328186,0.23857392370700836,0.9577360153198242,0.8983187079429626,0.5627009868621826,0.41283372044563293
strat_neck_fing21__01000100__s0007.wav,0.29895034432411194,0.2779921889305115,0.20085562765598297,0.23206515610218048,0.004743701312690973,0.1879381537437439,0.42330220341682434,0.5116602182388306
les_neck_fing13__01000100__s0022.wav,0.4463646411895752,0.5250295996665955,0.6034950613975525,0.6306845545768738,0.7586215734481812,0.6744915246963501,0.14296546578407288,0.5192351937294006
les_neck_pick07__01000100__s0044.wav,0.14003463089466095,0.3298850953578949,0.2489991933107376,0.15633441507816315,0.8072311878204346,0.9012951254844666,0.972416877746582,0.9411136507987976
tele_bridge_pick06__01000100__s0002.wav,0.613000750541687,0.49384626746177673,0.14392301440238953,0.45879635214805603,0.6295151710510254,0.7227721214294434,0.1851845383644104,0.3391888439655304
les_bridge_fing09__01000100__s0030.wav,0.08708806335926056,0.17855776846408844,0.7276410460472107,0.5614165663719177,0.6624079346656799,0.678326427936554,0.6552568078041077,0.5278850793838501
les_bridge_fing25__01000100__s0027.wav,0.14027126133441925,0.26324087381362915,0.7008446455001831,0.3309795558452606,0.30258575081825256,0.2154792696237564,0.9197283983230591,0.7367285490036011
tele_bridge_pick19__01000100__s0032.wav,0.5736085176467896,0.7651399970054626,0.8916041851043701,0.6164624094963074,0.2824060916900635,0.13914354145526886,0.7284284830093384,0.6591129899024963
les_bridge_fing05__01000100__s0006.wav,0.5379223227500916,0.7519091963768005,0.5705824494361877,0.49098464846611023,0.29784855246543884,0.4440198838710785,0.5941234827041626,0.422420471906662
tele_neck_pick25__01000100__s0043.wav,0.318958044052124,0.3743605315685272,0.19285733997821808,0.22812403738498688,0.2051655501127243,0.19443243741989136,0.23140883445739746,0.16867469251155853
les_neck_fing02__01000100__s0022.wav,0.5802597403526306,0.4766075313091278,0.42021581530570984,0.46458086371421814,0.05332600325345993,0.3188861608505249,0.02260926552116871,0.11342021822929382
les_neck_pick03__01000100__s0035.wav,0.38824662566185,0.21384619176387787,0.14649516344070435,0.27837076783180237,0.5937017798423767,0.567839503288269,0.9738845825195312,0.8568382263183594
strat_neck_pick06__01000100__s0034.wav,0.8770672678947449,0.7832093834877014,0.6654452085494995,0.5973619222640991,0.4539046287536621,0.34299466013908386,0.7596628665924072,0.769883394241333
strat_bridge_fing18__01000100__s0043.wav,0.18951138854026794,0.31660765409469604,0.1012740507721901,0.070904940366745,0.4674797058105469,0.4772971570491791,0.8215732574462891,0.5440731644630432
les_neck_fing12__01000100__s0013.wav,0.21314962208271027,0.494566947221756,0.621334433555603,0.2767224907875061,0.9666741490364075,0.3282395601272583,0.11300227791070938,0.09846894443035126
les_bridge_pick23__01000100__s0055.wav,0.7895325422286987,0.818461537361145,0.9865250587463379,0.816372811794281,0.6243306398391724,0.5422138571739197,0.396892249584198,0.4893099069595337
strat_neck_pick10__01000100__s0022.wav,0.5230680108070374,0.5145578980445862,0.604704737663269,0.6204538941383362,0.3013933002948761,0.2986610531806946,0.5966938734054565,0.5835411548614502
strat_bridge_fing21__01000100__s0023.wav,0.9491047263145447,0.6208685636520386,0.004611391108483076,0.5993885397911072,0.3007298707962036,0.4591175317764282,0.7259067893028259,0.3777090609073639
prs_neck_fing09__01000100__s0052.wav,0.24185359477996826,0.44804391264915466,0.9806556105613708,0.4931469261646271,0.029582271352410316,0.09919638931751251,0.5750812888145447,0.548219621181488
prs_bridge_fing10__01000100__s0039.wav,0.04513650760054588,0.1672549545764923,0.3052542209625244,0.5660956501960754,0.30212414264678955,0.3316431939601898,0.5561153888702393,0.4331247806549072
prs_neck_fing15__01000100__s0005.wav,0.8968629837036133,0.9358141422271729,0.5968688130378723,0.8731247186660767,0.6875246167182922,0.7046756148338318,0.39123067259788513,0.15293274819850922
strat_bridge_fing16__01000100__s0046.wav,0.6082429885864258,0.3490009307861328,0.19671662151813507,0.6485565304756165,0.7511863112449646,0.09494074434041977,0.522089958190918,0.46711862087249756
prs_neck_pick10__01000100__s0045.wav,0.7698330879211426,0.7958399653434753,0.8816829323768616,0.8705663681030273,0.4451463222503662,0.45774534344673157,0.8709436058998108,0.919169545173645
les_bridge_fing04__01000100__s0026.wav,0.17791031301021576,0.16506972908973694,0.24212539196014404,0.45802584290504456,0.22400981187820435,0.19240155816078186,0.4543743431568146,0.7600663304328918
tele_neck_fing19__01000100__s0046.wav,0.21888117492198944,0.3832358717918396,0.2602238357067108,0.39959627389907837,0.008973123505711555,0.09497792273759842,0.23475505411624908,0.41317129135131836
tele_neck_fing15__01000100__s0008.wav,0.8233494758605957,0.9406595230102539,0.705512285232544,0.6760798096656799,0.5053515434265137,0.7463418841362,0.22880324721336365,0.6798551678657532
prs_neck_pick20__01000100__s0009.wav,0.374601811170578,0.5564194321632385,0.5543226599693298,0.27708280086517334,0.41971638798713684,0.5508762001991272,0.24581953883171082,0.40930747985839844
strat_neck_fing07__01000100__s0019.wav,0.16059353947639465,0.144757941365242,0.7161301374435425,0.602260172367096,0.5296464562416077,0.7044908404350281,0.32756876945495605,0.50765061378479
strat_neck_pick16__01000100__s0013.wav,0.9102405905723572,0.48521900177001953,0.08321881294250488,0.2575209438800812,0.9948197603225708,0.7324987649917603,0.30501899123191833,0.7751982808113098
strat_bridge_pick02__01000100__s0033.wav,0.8323559761047363,0.7914062738418579,0.37870723009109497,0.6660223603248596,0.8654155135154724,0.42558538913726807,0.10244450718164444,0.2657841145992279
tele_bridge_pick19__01000100__s0038.wav,0.051945704966783524,0.22235308587551117,0.6416130065917969,0.19704489409923553,0.9500593543052673,0.9566861391067505,0.9557767510414124,0.9423898458480835
les_bridge_pick09__01000100__s0022.wav,0.7235081195831299,0.40473735332489014,0.3197382092475891,0.4550522565841675,0.8449639081954956,0.8676601648330688,0.4776700437068939,0.3210403323173523
strat_neck_fing10__01000100__s0042.wav,0.31519392132759094,0.6730092763900757,0.5964398980140686,0.7020955681800842,0.9934546947479248,0.928343653678894,0.3511516749858856,0.21689656376838684
prs_bridge_fing17__01000100__s0007.wav,0.8993979096412659,0.7456658482551575,0.7932063937187195,0.748253345489502,0.6968140006065369,0.8062872886657715,0.40546083450317383,0.12501557171344757
strat_neck_fing06__01000100__s0052.wav,0.8706844449043274,0.6008018255233765,0.5460934638977051,0.6207160353660583,0.5724223256111145,0.44643527269363403,0.04845034331083298,0.1035781130194664
strat_neck_pick03__01000100__s0049.wav,0.388044148683548,0.5747657418251038,0.44226929545402527,0.5133037567138672,0.7734667658805847,0.737357497215271,0.5853343605995178,0.6070469617843628
les_bridge_fing11__01000100__s0026.wav,0.700985312461853,0.5923128128051758,0.38489893078804016,0.7393286228179932,0.8323685526847839,0.8796560764312744,0.9099986553192139,0.9031457901000977
strat_bridge_fing03__01000100__s0047.wav,0.8171248435974121,0.6442634463310242,0.3599199056625366,0.6258225440979004,0.3550425171852112,0.4038597047328949,0.42407146096229553,0.3622419834136963
prs_bridge_fing18__01000100__s0048.wav,0.4760364592075348,0.5794828534126282,0.5306405425071716,0.5974454283714294,0.7864307165145874,0.8129085302352905,0.8616938591003418,0.8380634784698486
tele_neck_pick08__01000100__s0048.wav,0.6863535642623901,0.5917986035346985,0.21369847655296326,0.5304872989654541,0.9381330609321594,0.6817120909690857,0.11113963276147842,0.4344140291213989
strat_neck_fing10__01000100__s0053.wav,0.713582456111908,0.526522159576416,0.019836749881505966,0.4108169972896576,0.4317580759525299,0.7056918144226074,0.044629309326410294,0.08591142296791077
prs_bridge_pick14__01000100__s0053.wav,0.3053935468196869,0.3422017991542816,0.05926011875271797,0.3150639235973358,0.055352602154016495,0.20343117415905,0.3102201819419861,0.40863803029060364
strat_neck_pick08__01000100__s0007.wav,0.027483409270644188,0.04878588020801544,0.9240087866783142,0.7142679691314697,0.5502312183380127,0.3326481878757477,0.06374231725931168,0.10848476737737656
les_bridge_fing10__01000100__s0009.wav,0.26559144258499146,0.1528548151254654,0.07219915091991425,0.19469641149044037,0.7346141338348389,0.7075385451316833,0.2757953405380249,0.14817757904529572
prs_neck_fing02__01000100__s0040.wav,0.14284686744213104,0.2629067301750183,0.5586239695549011,0.41342219710350037,0.53093022108078,0.48615479469299316,0.7873985171318054,0.7106931805610657
tele_bridge_fing01__01000100__s0045.wav,0.18559595942497253,0.36964675784111023,0.8710346817970276,0.6150261163711548,0.8244765996932983,0.766456663608551,0.7186150550842285,0.8591522574424744
strat_bridge_pick05__01000100__s0039.wav,0.5866845846176147,0.26104336977005005,0.02928314357995987,0.4754754602909088,0.022141871973872185,0.22516880929470062,0.3624715507030487,0.48428529500961304
les_bridge_pick10__01000100__s0007.wav,0.30123722553253174,0.26528894901275635,0.1578732281923294,0.18878129124641418,0.466342031955719,0.679705798625946,0.38757267594337463,0.4088976979255676
tele_bridge_pick06__01000100__s0030.wav,0.42581531405448914,0.559715986251831,0.5871295928955078,0.6459673643112183,0.8519530892372131,0.4456961750984192,0.41775551438331604,0.413417249917984
prs_neck_fing08__01000100__s0018.wav,0.5526512861251831,0.5779913663864136,0.6517086029052734,0.6969346404075623,0.3389342129230499,0.41689011454582214,0.9273955225944519,0.8216193318367004
les_bridge_fing06__01000100__s0031.wav,0.25481826066970825,0.3354842960834503,0.9944955706596375,0.8026760816574097,0.3462217450141907,0.356261283159256,0.2878490388393402,0.45153167843818665
strat_bridge_fing07__01000100__s0037.wav,0.2033999115228653,0.30943170189857483,0.7311285734176636,0.1765979379415512,0.3426602780818939,0.2930058240890503,0.7134395837783813,0.5155208110809326
les_bridge_fing22__01000100__s0011.wav,0.10875727236270905,0.0957091674208641,0.37454959750175476,0.22966955602169037,0.9341074228286743,0.5835882425308228,0.019611971452832222,0.07642211765050888
strat_bridge_pick18__01000100__s0043.wav,0.40203356742858887,0.5829843878746033,0.08840683847665787,0.6709859371185303,0.6260001063346863,0.6656039357185364,0.48085761070251465,0.43126845359802246
strat_bridge_pick20__01000100__s0000.wav,0.4835320711135864,0.763645589351654,0.5409988164901733,0.2618141770362854,0.7415810823440552,0.7857824563980103,0.9047475457191467,0.8547791838645935
strat_neck_fing11__01000100__s0000.wav,0.9402411580085754,0.8999756574630737,0.23168033361434937,0.7010968923568726,0.24894049763679504,0.13782548904418945,0.9643481373786926,0.9651973247528076
les_bridge_fing25__01000100__s0003.wav,0.2554774582386017,0.46265965700149536,0.49076834321022034,0.5849801898002625,0.705927312374115,0.41960352659225464,0.22907593846321106,0.19937258958816528
strat_neck_pick21__01000100__s0038.wav,0.2333679348230362,0.25058573484420776,0.3140931725502014,0.5324006676673889,0.43364399671554565,0.544954240322113,0.5037254691123962,0.5298094153404236
tele_neck_pick18__01000100__s0037.wav,0.9294937252998352,0.7328765988349915,0.4672223925590515,0.48935240507125854,0.005074069369584322,0.12044365704059601,0.6921244859695435,0.41696518659591675
strat_bridge_pick11__01000100__s0030.wav,0.4395899176597595,0.2698443531990051,0.08765766024589539,0.23011690378189087,0.03315093368291855,0.08909536153078079,0.39151623845100403,0.7469503283500671
tele_neck_pick12__01000100__s0050.wav,0.6647482514381409,0.7531896829605103,0.05545032396912575,0.32212960720062256,0.5552706718444824,0.7190589904785156,0.5584524869918823,0.46247509121894836
tele_neck_pick16__01000100__s0001.wav,0.8796619772911072,0.7354122996330261,0.3445923626422882,0.492667019367218,0.17257548868656158,0.1325073391199112,0.33439871668815613,0.19213023781776428
strat_neck_fing16__01000100__s0044.wav,0.12505458295345306,0.5640528798103333,0.900236964225769,0.1560809314250946,0.6528348326683044,0.35703545808792114,0.8888730406761169,0.915559709072113
tele_bridge_pick05__01000100__s0038.wav,0.2830048203468323,0.6184280514717102,0.857760488986969,0.7180972099304199,0.9963040947914124,0.9290328025817871,0.9926322102546692,0.9355520606040955
strat_bridge_pick04__01000100__s0020.wav,0.10123169422149658,0.18542107939720154,0.24106034636497498,0.28984785079956055,0.1691839098930359,0.06804434955120087,0.8059547543525696,0.7310764193534851
les_neck_fing17__01000100__s0014.wav,0.5972254872322083,0.8230578303337097,0.8188750743865967,0.7299135327339172,0.08324266970157623,0.10066525638103485,0.061564743518829346,0.1964743286371231
prs_bridge_fing09__01000100__s0004.wav,0.172427237033844,0.11765020340681076,0.05508987233042717,0.39808446168899536,0.936167299747467,0.8738763332366943,0.8595767021179199,0.4691377580165863
strat_neck_pick05__01000100__s0038.wav,0.8784515857696533,0.7315068244934082,0.4756925702095032,0.2427666038274765,0.5147265791893005,0.24574196338653564,0.08356253802776337,0.12910395860671997
tele_neck_fing15__01000100__s0042.wav,0.5437530279159546,0.8055022358894348,0.02613157220184803,0.31231287121772766,0.9703225493431091,0.8919714689254761,0.6046637892723083,0.27849265933036804
prs_neck_fing11__01000100__s0013.wav,0.47995853424072266,0.7787858843803406,0.566881000995636,0.4901008903980255,0.9987614154815674,0.5132375955581665,0.46036481857299805,0.2852586805820465
prs_neck_pick23__01000100__s0039.wav,0.4858629107475281,0.15890398621559143,0.07036672532558441,0.43378791213035583,0.22737064957618713,0.42500707507133484,0.5848190188407898,0.6025070548057556
strat_bridge_pick13__01000100__s0040.wav,0.4808850884437561,0.5739725828170776,0.8138715624809265,0.6507707238197327,0.3454330563545227,0.2583478093147278,0.06348378956317902,0.04805993661284447
strat_bridge_pick18__01000100__s0052.wav,0.7803232669830322,0.6897567510604858,0.3531993627548218,0.618289589881897,0.8318361043930054,0.797451376914978,0.10777547955513,0.12255915254354477
les_bridge_fing15__01000100__s0042.wav,0.5424599647521973,0.5910345911979675,0.28802409768104553,0.20998677611351013,0.9253955483436584,0.8692812919616699,0.22673551738262177,0.10150815546512604
les_neck_fing06__01000100__s0026.wav,0.5280326008796692,0.4279879331588745,0.593795657157898,0.731708288192749,0.36410999298095703,0.4161616861820221,0.5340455174446106,0.5985212326049805
les_neck_fing03__01000100__s0038.wav,0.2129162698984146,0.5211489200592041,0.6147932410240173,0.6669862866401672,0.7926926612854004,0.845883846282959,0.6919780969619751,0.5645368695259094
strat_bridge_pick07__01000100__s0017.wav,0.8869216442108154,0.8363826870918274,0.2588259279727936,0.4592680335044861,0.9486576318740845,0.6081475019454956,0.6786662340164185,0.5481457114219666
strat_neck_pick20__01000100__s0047.wav,0.23915332555770874,0.5083022117614746,0.8765386343002319,0.4973682463169098,0.6494773626327515,0.6034267544746399,0.7321209907531738,0.6143178939819336
tele_neck_fing07__01000100__s0055.wav,0.2681093215942383,0.13343562185764313,0.23027656972408295,0.3867170810699463,0.6150876879692078,0.5181338787078857,0.2739003598690033,0.4623744487762451
tele_neck_fing06__01000100__s0027.wav,0.8595266938209534,0.5911135077476501,0.15202248096466064,0.6589925289154053,0.7573547959327698,0.7154372334480286,0.9437525272369385,0.805661141872406
prs_bridge_fing19__01000100__s0020.wav,0.37450847029685974,0.1439102441072464,0.008207018487155437,0.7652838826179504,0.46027839183807373,0.47655463218688965,0.06695988774299622,0.05095786601305008
strat_neck_fing01__01000100__s0014.wav,0.6977954506874084,0.7947025299072266,0.40663161873817444,0.5291037559509277,0.8427910804748535,0.7265900373458862,0.384779691696167,0.622714638710022
prs_bridge_fing09__01000100__s0029.wav,0.6718220114707947,0.6726253032684326,0.4784151017665863,0.5121525526046753,0.08231370151042938,0.31736084818840027,0.11174985766410828,0.07730230689048767
strat_neck_pick14__01000100__s0027.wav,0.28981661796569824,0.5315524935722351,0.7564284205436707,0.3312170207500458,0.6112286448478699,0.5856950283050537,0.09964088350534439,0.160874143242836
prs_bridge_fing01__01000100__s0054.wav,0.9510727524757385,0.8489651083946228,0.27301305532455444,0.4014066159725189,0.9048776030540466,0.84330153465271,0.42772525548934937,0.49315789341926575
tele_bridge_fing03__01000100__s0017.wav,0.5374745726585388,0.8887194991111755,0.5318098664283752,0.3803950846195221,0.2818702459335327,0.2545206546783447,0.5349302291870117,0.4704509973526001
les_neck_pick14__01000100__s0054.wav,0.8945743441581726,0.25956961512565613,0.31519222259521484,0.47931715846061707,0.776908814907074,0.6968225240707397,0.4874975085258484,0.250874787569046
les_neck_fing25__01000100__s0055.wav,0.9507688283920288,0.9064165949821472,0.5274526476860046,0.7724278569221497,0.4103763699531555,0.40551239252090454,0.3307073414325714,0.20731380581855774
prs_neck_fing10__01000100__s0046.wav,0.7891876697540283,0.7520386576652527,0.42482447624206543,0.7630360126495361,0.8397382497787476,0.5391223430633545,0.050077036023139954,0.06222853809595108
tele_neck_pick09__01000100__s0035.wav,0.4228488802909851,0.3693915903568268,0.6322749853134155,0.634722113609314,0.6904064416885376,0.9037377834320068,0.5841922163963318,0.3608147203922272
strat_bridge_fing06__01000100__s0039.wav,0.9925051331520081,0.9352036118507385,0.7707470655441284,0.7872503995895386,0.5429271459579468,0.7750458717346191,0.06385326385498047,0.15158548951148987
strat_neck_fing17__01000100__s0006.wav,0.510602593421936,0.5508114695549011,0.5979020595550537,0.4616750478744507,0.48723411560058594,0.4089946150779724,0.6019695997238159,0.6442093253135681
tele_bridge_fing01__01000100__s0010.wav,0.9604958295822144,0.9444887042045593,0.9658036828041077,0.8395742774009705,0.3815246522426605,0.4801359176635742,0.33422988653182983,0.3570899963378906
prs_neck_pick23__01000100__s0019.wav,0.7308249473571777,0.6154891848564148,0.45393064618110657,0.5648270845413208,0.20877470076084137,0.13394108414649963,0.35030597448349,0.43813636898994446
tele_neck_pick19__01000100__s0004.wav,0.7909315824508667,0.7204917669296265,0.20864135026931763,0.4154660999774933,0.08778361976146698,0.22057785093784332,0.05922015383839607,0.2921578884124756
tele_bridge_fing02__01000100__s0047.wav,0.6348372101783752,0.806910514831543,0.8642323017120361,0.3966631293296814,0.37115761637687683,0.568192183971405,0.47621557116508484,0.6731849312782288
prs_bridge_pick14__01000100__s0035.wav,0.0022271708585321903,0.2967045307159424,0.058653321117162704,0.6114400625228882,0.8443940281867981,0.8462291955947876,0.5038525462150574,0.5667310357093811
les_neck_fing11__01000100__s0023.wav,0.7756521701812744,0.843342661857605,0.7271788716316223,0.7068634033203125,0.587236225605011,0.5399667620658875,0.8809480667114258,0.8263600468635559
les_bridge_pick05__01000100__s0016.wav,0.34776535630226135,0.16630707681179047,0.06258725374937057,0.23928405344486237,0.8903499245643616,0.7916870713233948,0.48531612753868103,0.48819437623023987
prs_bridge_fing22__01000100__s0032.wav,0.14669056236743927,0.10498015582561493,0.16939817368984222,0.2695666253566742,0.03819940984249115,0.31750500202178955,0.2396463304758072,0.4340837597846985
les_neck_pick24__01000100__s0017.wav,0.17000716924667358,0.3520779609680176,0.25205060839653015,0.3946892321109772,0.9102184176445007,0.7887547612190247,0.5000002384185791,0.24018387496471405
strat_neck_fing20__01000100__s0028.wav,0.6059839725494385,0.7116397619247437,0.8496888279914856,0.7480266690254211,0.9702314734458923,0.9102513790130615,0.2170066237449646,0.34867578744888306
les_neck_fing24__01000100__s0013.wav,0.31596216559410095,0.5575852990150452,0.42412614822387695,0.2673274278640747,0.49127134680747986,0.36250048875808716,0.2535642385482788,0.34309136867523193
tele_neck_pick16__01000100__s0018.wav,0.7035485506057739,0.6075245141983032,0.7627697587013245,0.8224993944168091,0.2869662344455719,0.3464631736278534,0.731575071811676,0.6685003638267517
strat_bridge_fing16__01000100__s0007.wav,0.9721010327339172,0.704712986946106,0.22861315310001373,0.6209219098091125,0.05442488193511963,0.2990933358669281,0.8893123865127563,0.8119739294052124
prs_neck_pick20__01000100__s0038.wav,0.15108729898929596,0.11655426025390625,0.9089040160179138,0.46121737360954285,0.1530044674873352,0.30903711915016174,0.23157939314842224,0.4571602940559387
strat_neck_pick16__01000100__s0049.wav,0.5314278602600098,0.5498449802398682,0.715552568435669,0.5266965627670288,0.7041755318641663,0.8480268716812134,0.2809881269931793,0.3945680260658264
tele_bridge_pick07__01000100__s0022.wav,0.23857209086418152,0.5127981901168823,0.42461931705474854,0.21486371755599976,0.6769026517868042,0.7862052917480469,0.3509639799594879,0.2641972005367279
strat_bridge_pick21__01000100__s0042.wav,0.22814984619617462,0.47418662905693054,0.08181531727313995,0.23547852039337158,0.21338827908039093,0.19954648613929749,0.28110989928245544,0.21209026873111725
les_neck_pick09__01000100__s0054.wav,0.6477131247520447,0.6016229391098022,0.7222681045532227,0.6356572508811951,0.1744968742132187,0.35586029291152954,0.547120213508606,0.5345386862754822
les_bridge_pick06__01000100__s0049.wav,0.5833065509796143,0.6544741988182068,0.562767744064331,0.8461596369743347,0.47020837664604187,0.5178160667419434,0.23780947923660278,0.45557263493537903
tele_neck_pick18__01000100__s0041.wav,0.21695257723331451,0.6978721618652344,0.55210942029953,0.18251875042915344,0.21826526522636414,0.377383828163147,0.2650567293167114,0.5647722482681274
prs_neck_fing23__01000100__s0010.wav,0.04746296629309654,0.3630683422088623,0.5100350379943848,0.574416995048523,0.986250638961792,0.7456663846969604,0.3487137258052826,0.24685712158679962
tele_neck_pick10__01000100__s0047.wav,0.22676880657672882,0.23433387279510498,0.3447718620300293,0.3049943447113037,0.33106714487075806,0.30799993872642517,0.835973858833313,0.8793990015983582
strat_neck_fing18__01000100__s0010.wav,0.9401031732559204,0.8917027115821838,0.5148484110832214,0.5388875007629395,0.7489540576934814,0.7147889733314514,0.7818722724914551,0.7571923732757568
strat_neck_pick07__01000100__s0047.wav,0.2527860403060913,0.5068715810775757,0.741668164730072,0.35690826177597046,0.7114625573158264,0.7533307075500488,0.6566699147224426,0.6393532156944275
tele_neck_pick03__01000100__s0002.wav,0.8175258040428162,0.8359443545341492,0.17492656409740448,0.4666585922241211,0.20085160434246063,0.31019410490989685,0.9798293113708496,0.9594573974609375
strat_neck_pick02__01000100__s0028.wav,0.40744027495384216,0.41970908641815186,0.4497734010219574,0.2788742482662201,0.5491325259208679,0.8687637448310852,0.003923442680388689,0.1360716074705124
tele_neck_fing08__01000100__s0055.wav,0.31202444434165955,0.5098972320556641,0.8879346251487732,0.4537566304206848,0.940932035446167,0.9270537495613098,0.7180271744728088,0.7792676091194153
les_bridge_fing04__01000100__s0050.wav,0.9603544473648071,0.8843300342559814,0.4215906858444214,0.6612908244132996,0.7317109107971191,0.7924687266349792,0.34345364570617676,0.4605838358402252
prs_neck_pick12__01000100__s0016.wav,0.11667857319116592,0.29387205839157104,0.8147517442703247,0.25839895009994507,0.32125478982925415,0.6235742568969727,0.1963975578546524,0.3309808671474457
tele_bridge_fing09__01000100__s0043.wav,0.6416740417480469,0.29909035563468933,0.29212790727615356,0.5488192439079285,0.6464423537254333,0.8209167122840881,0.7547128796577454,0.6784325242042542
prs_bridge_fing02__01000100__s0001.wav,0.6378589272499084,0.7591273784637451,0.2906597852706909,0.43686285614967346,0.5106057524681091,0.5281643271446228,0.006504475604742765,0.22332578897476196
prs_bridge_fing09__01000100__s0028.wav,0.1496429145336151,0.13073880970478058,0.4470120966434479,0.4719657599925995,0.31474918127059937,0.3458333909511566,0.8835403919219971,0.7536289691925049
les_neck_pick01__01000100__s0002.wav,0.24814748764038086,0.4771515130996704,0.7707322239875793,0.602347731590271,0.3843550980091095,0.3308260142803192,0.8686872720718384,0.8146744966506958
les_neck_fing19__01000100__s0021.wav,0.36974605917930603,0.4071316123008728,0.4078609049320221,0.686141848564148,0.6627053618431091,0.8132575154304504,0.693081796169281,0.3249630033969879
prs_neck_pick18__01000100__s0043.wav,0.27990370988845825,0.22955255210399628,0.10821957886219025,0.2671549618244171,0.6034759283065796,0.5401998162269592,0.46585333347320557,0.37048259377479553
strat_bridge_fing20__01000100__s0003.wav,0.21162988245487213,0.48596251010894775,0.8061439394950867,0.18650412559509277,0.6018847227096558,0.5370185375213623,0.33636584877967834,0.5298867225646973
les_neck_pick07__01000100__s0004.wav,0.9547275304794312,0.7151885628700256,0.3137134909629822,0.4497218728065491,0.48410284519195557,0.33049359917640686,0.45328769087791443,0.495339959859848
strat_bridge_pick17__01000100__s0028.wav,0.5148370265960693,0.6482807397842407,0.7920549511909485,0.618815541267395,0.8973053097724915,0.8952869772911072,0.5113333463668823,0.7375262975692749
les_bridge_pick20__01000100__s0052.wav,0.05831918120384216,0.23710939288139343,0.6674437522888184,0.5333401560783386,0.02367713302373886,0.07908715307712555,0.2802176773548126,0.18651801347732544
les_neck_pick12__01000100__s0018.wav,0.21513047814369202,0.20960651338100433,0.05290527641773224,0.10301676392555237,0.8334591388702393,0.5844913125038147,0.05854906514286995,0.1835014820098877
prs_neck_pick16__01000100__s0047.wav,0.1323080062866211,0.14837278425693512,0.8397870063781738,0.5627452731132507,0.44178640842437744,0.5161075592041016,0.6465346813201904,0.6603639125823975
tele_bridge_fing17__01000100__s0040.wav,0.5587433576583862,0.3854895830154419,0.1043938472867012,0.4740021228790283,0.5808486938476562,0.6153580546379089,0.9018934965133667,0.7349119782447815
tele_neck_pick21__01000100__s0009.wav,0.7788612246513367,0.7161369919776917,0.6197692155838013,0.7118600010871887,0.08830675482749939,0.18844465911388397,0.4999813735485077,0.5385583639144897
prs_neck_pick11__01000100__s0029.wav,0.3154194951057434,0.2852245569229126,0.23029503226280212,0.3336637616157532,0.8794736266136169,0.3351544737815857,0.08265600353479385,0.6371966004371643
les_neck_pick24__01000100__s0035.wav,0.5884109735488892,0.42242226004600525,0.18244317173957825,0.5765150189399719,0.6743356585502625,0.45726117491722107,0.8223294615745544,0.8220166563987732
strat_bridge_pick09__01000100__s0031.wav,0.818157434463501,0.6040905714035034,0.08307739347219467,0.2829817235469818,0.5059934854507446,0.5120014548301697,0.2945479452610016,0.40060946345329285
prs_neck_fing04__01000100__s0055.wav,0.5707277059555054,0.5231191515922546,0.5916469097137451,0.7675329446792603,0.6605144739151001,0.6044822335243225,0.651073694229126,0.674651563167572
tele_bridge_fing09__01000100__s0006.wav,0.7750865817070007,0.13346396386623383,0.40774405002593994,0.3132864832878113,0.40338990092277527,0.6699013710021973,0.7901577353477478,0.8382027745246887
prs_bridge_pick19__01000100__s0041.wav,0.06425799429416656,0.11882238835096359,0.9710255861282349,0.579336941242218,0.03988974168896675,0.13269175589084625,0.1475033164024353,0.16201245784759521
tele_neck_pick13__01000100__s0002.wav,0.6102418899536133,0.8022246360778809,0.7257285118103027,0.515454888343811,0.36111199855804443,0.6274853944778442,0.8599660992622375,0.9261898398399353
les_neck_pick07__01000100__s0003.wav,0.8251036405563354,0.5762141346931458,0.14460141956806183,0.7095656394958496,0.9028410315513611,0.44752445816993713,0.06751853972673416,0.11920864135026932
tele_neck_fing03__01000100__s0034.wav,0.06511969119310379,0.07075866311788559,0.26087915897369385,0.2940357029438019,0.6339210867881775,0.4655420184135437,0.8546034097671509,0.8637658357620239
tele_bridge_pick07__01000100__s0044.wav,0.5609582662582397,0.6016813516616821,0.255616694688797,0.2678626775741577,0.05340855196118355,0.3779810070991516,0.11884541064500809,0.04583156853914261
strat_neck_fing11__01000100__s0016.wav,0.723933219909668,0.659987211227417,0.31718480587005615,0.4388572573661804,0.4862491190433502,0.31851211190223694,0.09520447254180908,0.13138358294963837
prs_bridge_fing08__01000100__s0011.wav,0.9917080998420715,0.8974043130874634,0.7852482795715332,0.8030571341514587,0.07017131894826889,0.3514648377895355,0.06685205549001694,0.08556755632162094
strat_bridge_fing09__01000100__s0003.wav,0.3225642442703247,0.331670343875885,0.4127792418003082,0.5492061376571655,0.8923709988594055,0.7956300973892212,0.16297610104084015,0.23109015822410583
tele_neck_pick15__01000100__s0054.wav,0.7271659970283508,0.8367747068405151,0.3399406671524048,0.34279316663742065,0.21270683407783508,0.22080615162849426,0.5702401995658875,0.7969182133674622
tele_bridge_fing15__01000100__s0004.wav,0.37581148743629456,0.29020270705223083,0.1693274974822998,0.5672545433044434,0.8337235450744629,0.6696793437004089,0.7653955817222595,0.8527644276618958
strat_neck_pick14__01000100__s0016.wav,0.5758010149002075,0.6369828581809998,0.021530400961637497,0.34301114082336426,0.921177327632904,0.6774385571479797,0.2062196582555771,0.18670620024204254
tele_bridge_fing21__01000100__s0051.wav,0.2740817368030548,0.35021495819091797,0.9425555467605591,0.5290049910545349,0.5949028134346008,0.6729446649551392,0.9094073176383972,0.9578646421432495
strat_bridge_fing02__01000100__s0030.wav,0.9775921106338501,0.7565178871154785,0.30859553813934326,0.6278358101844788,0.014591959305107594,0.24161283671855927,0.4617251455783844,0.46085497736930847
les_bridge_fing25__01000100__s0049.wav,0.7403984069824219,0.6937745809555054,0.605516254901886,0.7344064712524414,0.14139223098754883,0.2084120661020279,0.9966916441917419,0.9721686244010925
tele_bridge_fing18__01000100__s0007.wav,0.029463311657309532,0.1472143828868866,0.6062647700309753,0.21076250076293945,0.6788681745529175,0.8387352228164673,0.5700548887252808,0.6516881585121155
les_bridge_fing18__01000100__s0010.wav,0.8972671031951904,0.8893768787384033,0.7229202389717102,0.7192496061325073,0.9099445939064026,0.7509202361106873,0.8652223348617554,0.3654104471206665
les_bridge_fing12__01000100__s0048.wav,0.6049525141716003,0.7683942914009094,0.5584053993225098,0.8650821447372437,0.9560498595237732,0.6667673587799072,0.16157753765583038,0.10757004469633102
les_neck_pick13__01000100__s0002.wav,0.9579911231994629,0.7643925547599792,0.8379683494567871,0.7127722501754761,0.18992041051387787,0.3210532069206238,0.7834525108337402,0.6606736779212952
les_neck_pick05__01000100__s0018.wav,0.6351389288902283,0.3415033519268036,0.11707063019275665,0.5496214032173157,0.9139763712882996,0.6553662419319153,0.5400325059890747,0.5442023873329163
les_bridge_fing06__01000100__s0047.wav,0.9332059025764465,0.9039785265922546,0.48519691824913025,0.6032900214195251,0.7719588279724121,0.776602029800415,0.052338771522045135,0.33273667097091675
prs_neck_fing20__01000100__s0045.wav,0.15088051557540894,0.29681986570358276,0.18498827517032623,0.11645331978797913,0.012423975393176079,0.19866538047790527,0.4165084660053253,0.1410198211669922
strat_bridge_fing02__01000100__s0053.wav,0.5894821882247925,0.6433798670768738,0.34966418147087097,0.5449918508529663,0.6275726556777954,0.6852896213531494,0.01215799618512392,0.2735937237739563
tele_bridge_fing21__01000100__s0024.wav,0.0016735150711610913,0.17729748785495758,0.12203697860240936,0.23239926993846893,0.14287452399730682,0.2013036161661148,0.18354322016239166,0.19780033826828003
strat_bridge_pick12__01000100__s0012.wav,0.2539176046848297,0.3054194450378418,0.4351763129234314,0.5413370728492737,0.3104895353317261,0.24461209774017334,0.78462815284729,0.6939888596534729
les_neck_fing24__01000100__s0051.wav,0.26929277181625366,0.5099159479141235,0.5074076652526855,0.6823889017105103,0.15674147009849548,0.11105194687843323,0.6158965229988098,0.5525514483451843
tele_neck_pick05__01000100__s0017.wav,0.7120262980461121,0.8236129283905029,0.4697258770465851,0.7709213495254517,0.23195776343345642,0.4202290177345276,0.7285481095314026,0.672925591468811
tele_bridge_pick14__01000100__s0045.wav,0.36211642622947693,0.3210465610027313,0.6285608410835266,0.5026801228523254,0.27420806884765625,0.25977084040641785,0.22145980596542358,0.183844655752182
les_bridge_pick21__01000100__s0034.wav,0.8501181602478027,0.8081185221672058,0.7417640686035156,0.6620661020278931,0.961479663848877,0.8612330555915833,0.8747875690460205,0.7562865614891052
tele_neck_pick17__01000100__s0004.wav,0.3632949888706207,0.1342475563287735,0.059929680079221725,0.3027747869491577,0.9159954786300659,0.7613192200660706,0.05529162287712097,0.06730608642101288
tele_neck_pick15__01000100__s0023.wav,0.4671812653541565,0.4205362796783447,0.5551713705062866,0.8528204560279846,0.25966939330101013,0.22174635529518127,0.780232310295105,0.6610274910926819
prs_bridge_pick13__01000100__s0036.wav,0.38502800464630127,0.6341432332992554,0.7311009168624878,0.5544938445091248,0.764828085899353,0.9132376313209534,0.6975120306015015,0.31151407957077026
strat_neck_pick10__01000100__s0004.wav,0.30697551369667053,0.19908787310123444,0.026657549664378166,0.37423568964004517,0.16023685038089752,0.146799236536026,0.9452195763587952,0.903215229511261
tele_neck_fing17__01000100__s0015.wav,0.5481008887290955,0.21342173218727112,0.033679865300655365,0.587416410446167,0.022989116609096527,0.3456389904022217,0.1775631606578827,0.2898496687412262
prs_neck_fing25__01000100__s0041.wav,0.3954196572303772,0.6164122223854065,0.7110750675201416,0.49952736496925354,0.4121791124343872,0.1407652050256729,0.9698470234870911,0.6583131551742554
les_neck_fing25__01000100__s0026.wav,0.22725558280944824,0.38516348600387573,0.6524766087532043,0.4284725785255432,0.7473884224891663,0.7254875898361206,0.10880827158689499,0.06898662447929382
strat_neck_pick04__01000100__s0037.wav,0.949390172958374,0.7179213762283325,0.28780385851860046,0.5149356126785278,0.8786942362785339,0.5685819387435913,0.2443709820508957,0.1591920256614685
strat_bridge_fing21__01000100__s0030.wav,0.5009667277336121,0.4947819411754608,0.5195379853248596,0.8034533262252808,0.08416430652141571,0.6974753737449646,0.06161888316273689,0.12454097718000412
les_neck_fing05__01000100__s0026.wav,0.7302051782608032,0.7241357564926147,0.2751794159412384,0.4730449318885803,0.49383342266082764,0.49172741174697876,0.13312579691410065,0.3102606534957886
prs_neck_pick20__01000100__s0033.wav,0.47739356756210327,0.21861624717712402,0.17323315143585205,0.28379517793655396,0.8244428634643555,0.8479776382446289,0.8109868168830872,0.8636233806610107
prs_neck_fing02__01000100__s0004.wav,0.00988402497023344,0.6042802929878235,0.07323954254388809,0.3109019100666046,0.953446090221405,0.8299393653869629,0.27501267194747925,0.259529709815979
prs_bridge_pick03__01000100__s0055.wav,0.7578815817832947,0.8246087431907654,0.6906508207321167,0.28919199109077454,0.1908894032239914,0.7121589183807373,0.018960466608405113,0.18934400379657745
les_neck_pick11__01000100__s0053.wav,0.35764333605766296,0.5545138120651245,0.8147979378700256,0.6086273789405823,0.5340829491615295,0.6184929609298706,0.4323829114437103,0.5339634418487549
tele_bridge_pick04__01000100__s0043.wav,0.2566533386707306,0.2960394322872162,0.19873256981372833,0.29234644770622253,0.9166258573532104,0.9230556488037109,0.7642338275909424,0.8747233152389526
prs_bridge_pick24__01000100__s0016.wav,0.5056014060974121,0.5468581318855286,0.9084411263465881,0.7169632911682129,0.4051288664340973,0.4400815963745117,0.9783586263656616,0.958850622177124
tele_neck_pick01__01000100__s0036.wav,0.13956208527088165,0.13270814716815948,0.1918228417634964,0.29373255372047424,0.8482274413108826,0.5379403829574585,0.22220660746097565,0.1050710529088974
les_bridge_fing02__01000100__s0045.wav,0.8089100122451782,0.7216228246688843,0.014601004309952259,0.1333351880311966,0.7017273902893066,0.5737214684486389,0.056507643312215805,0.10456825792789459
les_neck_fing02__01000100__s0042.wav,0.9856069684028625,0.8334921002388,0.2212626188993454,0.4440672695636749,0.19832539558410645,0.2551560401916504,0.12925267219543457,0.2247045487165451
tele_neck_fing13__01000100__s0027.wav,0.9151363372802734,0.84013831615448,0.9784132838249207,0.8031584620475769,0.0013462973292917013,0.10824498534202576,0.4457065165042877,0.4432707130908966
tele_bridge_pick12__01000100__s0038.wav,0.10282239317893982,0.3446192741394043,0.03690006956458092,0.45665282011032104,0.0956721305847168,0.2542556822299957,0.23629072308540344,0.48697060346603394
tele_neck_fing11__01000100__s0011.wav,0.7974058985710144,0.6868366599082947,0.4160967767238617,0.6073898077011108,0.07674794644117355,0.23778721690177917,0.6882677674293518,0.5107389092445374
tele_bridge_fing24__01000100__s0038.wav,0.2645086944103241,0.248055562376976,0.24077603220939636,0.3409023880958557,0.4928063452243805,0.37653473019599915,0.9062911868095398,0.9053063988685608
les_neck_pick04__01000100__s0016.wav,0.03429149091243744,0.29455456137657166,0.7722936272621155,0.31410840153694153,0.07915142178535461,0.15792764723300934,0.8023321628570557,0.5662563443183899
prs_neck_fing04__01000100__s0021.wav,0.668580174446106,0.5624352097511292,0.4180319309234619,0.4339965283870697,0.29987478256225586,0.42274394631385803,0.45451992750167847,0.42446455359458923
tele_bridge_pick06__01000100__s0031.wav,0.34040337800979614,0.29851579666137695,0.8745806217193604,0.6972064971923828,0.5791900157928467,0.5549060702323914,0.9650827050209045,0.6524997353553772
prs_neck_fing02__01000100__s0018.wav,0.7257369756698608,0.6117185950279236,0.009520348161458969,0.6204115152359009,0.661637008190155,0.7043178677558899,0.9581149816513062,0.7712452411651611
strat_bridge_pick25__01000100__s0047.wav,0.7156643867492676,0.618861973285675,0.43109649419784546,0.497915655374527,0.2782629728317261,0.36211925745010376,0.8569580316543579,0.7116110920906067
les_neck_fing03__01000100__s0025.wav,0.8526096940040588,0.8180804252624512,0.7666923403739929,0.8477070331573486,0.3692805767059326,0.17748746275901794,0.7576962113380432,0.5445290207862854
prs_bridge_pick01__01000100__s0040.wav,0.767353892326355,0.6800481677055359,0.5520855784416199,0.6473376154899597,0.3720964789390564,0.44923681020736694,0.6005067825317383,0.6055133938789368
prs_neck_pick19__01000100__s0027.wav,0.3735670745372772,0.6971373558044434,0.5100686550140381,0.33691689372062683,0.9724869728088379,0.7644029855728149,0.24662993848323822,0.2669236660003662
les_neck_fing04__01000100__s0020.wav,0.3961532711982727,0.5774598717689514,0.2236848920583725,0.2160625159740448,0.3196081221103668,0.25660961866378784,0.2521860897541046,0.4501740634441376
les_bridge_pick13__01000100__s0037.wav,0.7739840745925903,0.6639399528503418,0.2271832972764969,0.2608272135257721,0.37869441509246826,0.558336615562439,0.8660975694656372,0.8463882207870483
tele_neck_fing08__01000100__s0041.wav,0.26034459471702576,0.25432148575782776,0.4219425320625305,0.3060007691383362,0.32898882031440735,0.4974663555622101,0.9447206854820251,0.8067940473556519
tele_neck_pick21__01000100__s0008.wav,0.2371755689382553,0.5558932423591614,0.5712490677833557,0.245958149433136,0.41792839765548706,0.4654591977596283,0.6266682744026184,0.586942732334137
tele_bridge_pick17__01000100__s0031.wav,0.16260232031345367,0.22924764454364777,0.9871274828910828,0.47470635175704956,0.9403404593467712,0.7147702574729919,0.8683849573135376,0.779248833656311
les_bridge_fing08__01000100__s0018.wav,0.49597111344337463,0.5004684329032898,0.7199684977531433,0.4918692111968994,0.02913440391421318,0.16896197199821472,0.7133775353431702,0.5222975611686707
strat_bridge_fing12__01000100__s0023.wav,0.3515072762966156,0.4681631922721863,0.7369557023048401,0.6743885278701782,0.5851562023162842,0.7615055441856384,0.9986691474914551,0.9684551954269409
strat_bridge_fing20__01000100__s0050.wav,0.41925641894340515,0.17514558136463165,0.038204390555620193,0.7832801938056946,0.6681208610534668,0.7059726715087891,0.4620636999607086,0.3285301625728607
les_neck_fing21__01000100__s0021.wav,0.7281410098075867,0.6482419967651367,0.9349449276924133,0.8391227722167969,0.36594685912132263,0.29872119426727295,0.1555757224559784,0.08576571941375732
les_bridge_pick15__01000100__s0005.wav,0.2586846649646759,0.26244935393333435,0.607936441898346,0.5544745326042175,0.05944586172699928,0.08509636670351028,0.8055261969566345,0.7884753942489624
tele_neck_fing09__01000100__s0043.wav,0.5658531188964844,0.5888011455535889,0.14190590381622314,0.16483187675476074,0.4640411138534546,0.5644744038581848,0.7386186122894287,0.6297568082809448
tele_bridge_pick25__01000100__s0013.wav,0.5316922068595886,0.4884459674358368,0.23330579698085785,0.5580394864082336,0.9486458897590637,0.9113103747367859,0.288135290145874,0.36659151315689087
prs_neck_pick01__01000100__s0012.wav,0.018280601128935814,0.1286386251449585,0.006043651606887579,0.5906540751457214,0.6330704092979431,0.5715236067771912,0.5986372828483582,0.3601156175136566
les_neck_fing17__01000100__s0029.wav,0.0426332913339138,0.3022543787956238,0.20240065455436707,0.5673119425773621,0.2604530155658722,0.20396122336387634,0.31212639808654785,0.11067154258489609
les_neck_pick05__01000100__s0048.wav,0.7542580962181091,0.8104497790336609,0.29781484603881836,0.336195707321167,0.1859695464372635,0.1422094702720642,0.39432719349861145,0.3802315592765808
prs_neck_pick13__01000100__s0005.wav,0.4089340567588806,0.6597005128860474,0.22795721888542175,0.09452071040868759,0.8240548372268677,0.9050572514533997,0.7470230460166931,0.8384165167808533
prs_bridge_pick21__01000100__s0009.wav,0.8920540809631348,0.8548390865325928,0.33453047275543213,0.3712231516838074,0.1294730007648468,0.06634287536144257,0.8846312165260315,0.8848019242286682
prs_neck_pick22__01000100__s0042.wav,0.06259758770465851,0.11673909425735474,0.4613647758960724,0.4232689440250397,0.1432989239692688,0.25811371207237244,0.10167943686246872,0.11961033940315247
les_bridge_fing06__01000100__s0033.wav,0.24892669916152954,0.2793089747428894,0.4650309979915619,0.4912222921848297,0.03886067494750023,0.4437597095966339,0.02876194752752781,0.19093270599842072
strat_neck_fing09__01000100__s0052.wav,0.45861613750457764,0.17161880433559418,0.2597542703151703,0.6089280843734741,0.9808724522590637,0.567080020904541,0.21270476281642914,0.3160577118396759
les_neck_fing13__01000100__s0014.wav,0.6809915900230408,0.8183503150939941,0.8373547196388245,0.7046153545379639,0.5134257674217224,0.41115713119506836,0.24881459772586823,0.4495127499103546
tele_neck_fing18__01000100__s0042.wav,0.3706657290458679,0.21930240094661713,0.11258836090564728,0.6563249826431274,0.5601742267608643,0.6080114245414734,0.637182891368866,0.5760865807533264
les_neck_fing25__01000100__s0008.wav,0.558135986328125,0.7421533465385437,0.769236147403717,0.6804257035255432,0.25821995735168457,0.1867539882659912,0.6186333894729614,0.6915245056152344
les_bridge_pick07__01000100__s0052.wav,0.36139002442359924,0.7183240652084351,0.6317040920257568,0.5111143589019775,0.40685299038887024,0.42964407801628113,0.40335944294929504,0.4703802466392517
tele_neck_pick21__01000100__s0002.wav,0.12293067574501038,0.09750419110059738,0.3914746046066284,0.6426541209220886,0.6953437924385071,0.6681944727897644,0.050950028002262115,0.09620524197816849
tele_bridge_fing12__01000100__s0042.wav,0.08043104410171509,0.15493373572826385,0.42081430554389954,0.2632521688938141,0.8222319483757019,0.9047733545303345,0.9744830131530762,0.9158132672309875
strat_neck_pick15__01000100__s0021.wav,0.3329695165157318,0.6274574995040894,0.5791728496551514,0.6840907335281372,0.525515615940094,0.6490735411643982,0.3495030701160431,0.357740193605423
prs_neck_pick15__01000100__s0044.wav,0.9439505338668823,0.6746848821640015,0.6681329607963562,0.6395221948623657,0.15488117933273315,0.31418779492378235,0.8657232522964478,0.7247021198272705
les_neck_pick25__01000100__s0054.wav,0.8541640043258667,0.7278328537940979,0.191269189119339,0.261342853307724,0.7230196595191956,0.728387176990509,0.6830852031707764,0.8615115880966187
strat_bridge_pick08__01000100__s0031.wav,0.2817385792732239,0.4228804409503937,0.7383796572685242,0.7815569043159485,0.7611477971076965,0.8861366510391235,0.9952415823936462,0.8877538442611694
prs_neck_pick20__01000100__s0050.wav,0.7966957092285156,0.5663402080535889,0.5243715047836304,0.6006988883018494,0.7043556571006775,0.7734561562538147,0.04654660448431969,0.1109628900885582
strat_bridge_fing18__01000100__s0018.wav,0.3510906994342804,0.3705824911594391,0.8803011178970337,0.3194534182548523,0.28584355115890503,0.2955343425273895,0.5355408191680908,0.49486517906188965
les_bridge_pick24__01000100__s0022.wav,0.3794255256652832,0.6025773286819458,0.6598994135856628,0.31739065051078796,0.9258444905281067,0.908585250377655,0.8381544351577759,0.5446463227272034
strat_neck_pick22__01000100__s0019.wav,0.29620710015296936,0.5676555633544922,0.5293373465538025,0.6387096643447876,0.41266167163848877,0.32411855459213257,0.47534847259521484,0.4534032344818115
tele_neck_fing01__01000100__s0002.wav,0.5996960401535034,0.7841159105300903,0.2345436066389084,0.17722481489181519,0.2783690392971039,0.2017618715763092,0.6830049157142639,0.5735878944396973
tele_bridge_fing13__01000100__s0004.wav,0.03688538447022438,0.0755908265709877,0.9976209998130798,0.4615476429462433,0.3621399998664856,0.3780384063720703,0.8080475926399231,0.6620196104049683
strat_neck_fing14__01000100__s0007.wav,0.704373836517334,0.7321931719779968,0.15843717753887177,0.3458159565925598,0.7442651391029358,0.7982174158096313,0.9812740683555603,0.941723644733429
prs_neck_fing21__01000100__s0005.wav,0.16121363639831543,0.3809179365634918,0.885545551776886,0.3218747079372406,0.8481650948524475,0.7979750633239746,0.810896098613739,0.2521760165691376
tele_neck_pick03__01000100__s0022.wav,0.09275250136852264,0.1693892776966095,0.7527174353599548,0.3077901303768158,0.8889341950416565,0.8911699056625366,0.8649219870567322,0.6080203056335449
tele_neck_fing15__01000100__s0001.wav,0.2240694761276245,0.3180735111236572,0.30890601873397827,0.5457313656806946,0.06485627591609955,0.1606556475162506,0.4646298885345459,0.48011425137519836
tele_neck_fing16__01000100__s0036.wav,0.2564718723297119,0.2914557158946991,0.06346715241670609,0.2485261857509613,0.7646152973175049,0.7140383720397949,0.34411299228668213,0.2699289321899414
prs_neck_fing04__01000100__s0049.wav,0.8759459257125854,0.6920942068099976,0.6751670837402344,0.7198731899261475,0.39288264513015747,0.3871128261089325,0.6724988222122192,0.3877093493938446
prs_bridge_fing23__01000100__s0012.wav,0.2316388189792633,0.31090399622917175,0.7551932334899902,0.5964227318763733,0.0066511426120996475,0.2550697326660156,0.8784196376800537,0.7119170427322388
prs_neck_pick13__01000100__s0027.wav,0.053096722811460495,0.49667075276374817,0.6306304931640625,0.40209656953811646,0.7495923042297363,0.6119605302810669,0.38729608058929443,0.421604186296463
strat_bridge_fing16__01000100__s0037.wav,0.6505261063575745,0.38474828004837036,0.29438698291778564,0.2811603844165802,0.11962160468101501,0.1561172604560852,0.49494531750679016,0.584895133972168
strat_bridge_pick09__01000100__s0016.wav,0.9057113528251648,0.8930452466011047,0.5612773299217224,0.48981115221977234,0.9054596424102783,0.9597450494766235,0.5430684089660645,0.5203101634979248
tele_neck_fing02__01000100__s0047.wav,0.3265112042427063,0.3467021882534027,0.7515400052070618,0.29409340023994446,0.8208243250846863,0.8891518712043762,0.9207952618598938,0.822022020816803
tele_neck_fing19__01000100__s0007.wav,0.13201655447483063,0.11295673251152039,0.9413700103759766,0.7431036829948425,0.6199655532836914,0.4293694794178009,0.11919217556715012,0.3598739206790924
les_neck_fing13__01000100__s0050.wav,0.018339091911911964,0.455552339553833,0.6990472674369812,0.3111722767353058,0.9560815691947937,0.691340446472168,0.7148154377937317,0.8422547578811646
tele_neck_pick07__01000100__s0015.wav,0.698251485824585,0.710750162601471,0.5386734008789062,0.4814523458480835,0.006633658893406391,0.3332224488258362,0.3759031295776367,0.41806918382644653
les_bridge_fing18__01000100__s0054.wav,0.1527225524187088,0.09072824567556381,0.06099803000688553,0.49606430530548096,0.10082957148551941,0.2984825372695923,0.6861560940742493,0.428208589553833
prs_bridge_pick25__01000100__s0054.wav,0.4533756971359253,0.40639227628707886,0.1847497820854187,0.6946703195571899,0.45426473021507263,0.5198022127151489,0.5699204802513123,0.2685868740081787
tele_bridge_fing02__01000100__s0031.wav,0.19935204088687897,0.6516700983047485,0.7410190105438232,0.291425496339798,0.4559463858604431,0.4645598828792572,0.4688449203968048,0.48558008670806885
strat_neck_pick09__01000100__s0037.wav,0.5175949335098267,0.4119543731212616,0.2682790458202362,0.29033875465393066,0.16122779250144958,0.13531596958637238,0.8596745729446411,0.7142084836959839
strat_bridge_pick10__01000100__s0028.wav,0.2031572312116623,0.2284306138753891,0.15381398797035217,0.5088688135147095,0.9421985745429993,0.9057970643043518,0.9891031980514526,0.9606510996818542
prs_neck_fing05__01000100__s0044.wav,0.7643218040466309,0.7664540410041809,0.6671319603919983,0.4636729657649994,0.6140495538711548,0.6192014217376709,0.960063099861145,0.9514819979667664
les_neck_fing08__01000100__s0008.wav,0.8336337804794312,0.6129609942436218,0.15604019165039062,0.5245323777198792,0.39113813638687134,0.3970252275466919,0.23359785974025726,0.35436490178108215
tele_bridge_fing04__01000100__s0027.wav,0.3620647192001343,0.5730072855949402,0.3132016062736511,0.5348421335220337,0.4986822307109833,0.6879351139068604,0.6453566551208496,0.8073891997337341
les_bridge_pick25__01000100__s0007.wav,0.7304366230964661,0.7723376750946045,0.4542032778263092,0.5184220671653748,0.9093047976493835,0.8723527789115906,0.9250683784484863,0.6354823708534241
les_bridge_pick16__01000100__s0007.wav,0.43257251381874084,0.5253282785415649,0.05834977328777313,0.17143967747688293,0.028119079768657684,0.24656322598457336,0.14768214523792267,0.21863818168640137
strat_bridge_fing11__01000100__s0032.wav,0.055297594517469406,0.23704011738300323,0.9285951852798462,0.18686288595199585,0.7143118381500244,0.635041356086731,0.7917447686195374,0.47372668981552124
les_neck_fing23__01000100__s0002.wav,0.05376411974430084,0.14809392392635345,0.39034968614578247,0.28542929887771606,0.2562611699104309,0.5666554570198059,0.26125672459602356,0.1502184420824051
les_neck_fing23__01000100__s0040.wav,0.5869201421737671,0.6164594292640686,0.5916364192962646,0.5369997620582581,0.09340927004814148,0.6017537117004395,0.08052586764097214,0.09167096018791199
prs_neck_pick25__01000100__s0026.wav,0.1396508812904358,0.3507729470729828,0.8920435905456543,0.16472287476062775,0.6222567558288574,0.6295369863510132,0.9883266687393188,0.9842575788497925
strat_neck_pick15__01000100__s0007.wav,0.37529852986335754,0.4386043846607208,0.9821954369544983,0.6696137189865112,0.20583303272724152,0.546415388584137,0.03176761791110039,0.13775232434272766
prs_neck_fing24__01000100__s0029.wav,0.8194442391395569,0.8304028511047363,0.8866545557975769,0.8849854469299316,0.26039284467697144,0.25201335549354553,0.36987224221229553,0.41612595319747925
tele_neck_fing01__01000100__s0029.wav,0.795110821723938,0.7191830277442932,0.6564876437187195,0.6207428574562073,0.05395861342549324,0.6374152898788452,0.0288549717515707,0.3124246299266815
les_neck_fing21__01000100__s0054.wav,0.6604136228561401,0.6101892590522766,0.3526812791824341,0.6977601647377014,0.5625193119049072,0.4857872724533081,0.9230892062187195,0.6279051303863525
strat_neck_fing23__01000100__s0010.wav,0.07593702524900436,0.202032670378685,0.6122169494628906,0.2671382427215576,0.7175670862197876,0.6386797428131104,0.6665773987770081,0.5823745727539062
prs_neck_fing24__01000100__s0046.wav,0.8501540422439575,0.5322064161300659,0.11529122292995453,0.30757540464401245,0.37675702571868896,0.4272248148918152,0.3972195088863373,0.4376559853553772
tele_neck_pick08__01000100__s0039.wav,0.5446056723594666,0.781728208065033,0.81252521276474,0.5857723355293274,0.8756217956542969,0.805507481098175,0.42985066771507263,0.6998058557510376
les_neck_fing18__01000100__s0049.wav,0.6038978099822998,0.4140104651451111,0.11466499418020248,0.16409271955490112,0.03647656366229057,0.048454008996486664,0.3971022069454193,0.5550450086593628
les_bridge_fing03__01000100__s0015.wav,0.4462103843688965,0.348761647939682,0.5559606552124023,0.5714477896690369,0.5047429800033569,0.48286738991737366,0.8222641944885254,0.7951955795288086
les_bridge_fing25__01000100__s0011.wav,0.21065837144851685,0.5967046618461609,0.6621590256690979,0.37938180565834045,0.5523459911346436,0.5293548107147217,0.9757118821144104,0.9003629684448242
strat_bridge_fing03__01000100__s0042.wav,0.5518418550491333,0.6931815147399902,0.629113495349884,0.3497501015663147,0.4879547655582428,0.5059059262275696,0.6556544899940491,0.5045750141143799
strat_neck_fing01__01000100__s0048.wav,0.7903839945793152,0.7932867407798767,0.8885450959205627,0.9460532665252686,0.8172476291656494,0.7200590372085571,0.8883906602859497,0.7397637963294983
strat_neck_pick07__01000100__s0000.wav,0.6189209222793579,0.44280463457107544,0.8983727693557739,0.5889520645141602,0.8925796747207642,0.9271005988121033,0.8841791749000549,0.8337441086769104
strat_bridge_pick05__01000100__s0036.wav,0.8536075949668884,0.8105347752571106,0.4114631116390228,0.4766639173030853,0.4811834990978241,0.3714461028575897,0.4361749291419983,0.7241060733795166
strat_bridge_fing01__01000100__s0055.wav,0.4353298246860504,0.3155224621295929,0.1667509824037552,0.21253299713134766,0.913018524646759,0.8652916550636292,0.3926587402820587,0.3157055377960205
prs_bridge_fing19__01000100__s0041.wav,0.07034580409526825,0.276181161403656,0.4823772609233856,0.5917543768882751,0.5007213950157166,0.5293377041816711,0.08129365742206573,0.0571875274181366
strat_bridge_pick13__01000100__s0049.wav,0.7889546751976013,0.8522505760192871,0.8093410730361938,0.7949438095092773,0.49733272194862366,0.40631943941116333,0.18370971083641052,0.14170202612876892
les_neck_pick04__01000100__s0023.wav,0.7122398018836975,0.7130831480026245,0.42830154299736023,0.6494239568710327,0.3141390383243561,0.40905049443244934,0.9611741900444031,0.9123625755310059
prs_bridge_fing06__01000100__s0035.wav,0.3726348578929901,0.3238030672073364,0.19488762319087982,0.18757712841033936,0.6998287439346313,0.6657939553260803,0.9254744648933411,0.7736693620681763
strat_neck_fing06__01000100__s0049.wav,0.3555698096752167,0.3290850818157196,0.21106228232383728,0.5288032293319702,0.877750813961029,0.8946720361709595,0.7584145069122314,0.6717594265937805
tele_neck_pick25__01000100__s0026.wav,0.49465566873550415,0.30272454023361206,0.08841705322265625,0.2921653091907501,0.9539016485214233,0.8566539287567139,0.48419293761253357,0.25438758730888367
prs_neck_fing23__01000100__s0020.wav,0.6903238892555237,0.8040810227394104,0.8114722967147827,0.8581773638725281,0.3162488639354706,0.39535650610923767,0.7637439370155334,0.49748238921165466
les_neck_fing15__01000100__s0051.wav,0.4509151875972748,0.5590296983718872,0.9484030604362488,0.5142197012901306,0.13424554467201233,0.23665426671504974,0.07176530361175537,0.16310346126556396
strat_neck_fing15__01000100__s0006.wav,0.299224317073822,0.6832252740859985,0.8989647626876831,0.6414759755134583,0.8303640484809875,0.6452462077140808,0.5653538107872009,0.27887672185897827
prs_bridge_fing19__01000100__s0055.wav,0.2531375586986542,0.29212939739227295,0.0925806537270546,0.4806927740573883,0.417395681142807,0.4924878776073456,0.5489495396614075,0.6586325168609619
les_bridge_fing02__01000100__s0003.wav,0.003572478424757719,0.1403999924659729,0.7375133037567139,0.16338035464286804,0.48407506942749023,0.7065947651863098,0.9345064163208008,0.4799027740955353
strat_bridge_fing15__01000100__s0001.wav,0.5420827269554138,0.30886349081993103,0.08150579780340195,0.3793325126171112,0.48998740315437317,0.31874650716781616,0.9303563237190247,0.8948045372962952
les_neck_pick20__01000100__s0020.wav,0.9361411929130554,0.7986500859260559,0.7041969895362854,0.9069533348083496,0.5805319547653198,0.4962993860244751,0.8636121153831482,0.7328609824180603
tele_neck_fing06__01000100__s0055.wav,0.848016083240509,0.892673671245575,0.41573408246040344,0.6941178441047668,0.3877444565296173,0.4624430537223816,0.9406702518463135,0.8775297403335571
tele_bridge_fing02__01000100__s0044.wav,0.7733267545700073,0.8087774515151978,0.38340386748313904,0.5090208053588867,0.0637429803609848,0.17401356995105743,0.5694766044616699,0.5209503173828125
tele_bridge_fing09__01000100__s0038.wav,0.7113887667655945,0.9179238080978394,0.9494768381118774,0.8227458000183105,0.8590861558914185,0.6601948738098145,0.21721826493740082,0.689156174659729
tele_bridge_pick13__01000100__s0027.wav,0.44942957162857056,0.436574786901474,0.18697232007980347,0.585764467716217,0.6154853701591492,0.5203467607498169,0.09725598990917206,0.4366498589515686
les_bridge_fing21__01000100__s0043.wav,0.3984421491622925,0.46637266874313354,0.2576645016670227,0.7817357778549194,0.5323967337608337,0.4723781943321228,0.15995901823043823,0.16380378603935242
les_bridge_pick19__01000100__s0050.wav,0.8653720617294312,0.8805911540985107,0.6030239462852478,0.3122510313987732,0.9112796783447266,0.8533743023872375,0.5099770426750183,0.3188025653362274
tele_bridge_fing08__01000100__s0003.wav,0.635367751121521,0.6381843686103821,0.005126700270920992,0.14514406025409698,0.6687904000282288,0.7639122009277344,0.16252852976322174,0.06328321993350983
prs_neck_pick23__01000100__s0024.wav,0.5616890788078308,0.4961601793766022,0.5233829021453857,0.6632238626480103,0.4155570864677429,0.46056875586509705,0.33672282099723816,0.2718023657798767
prs_neck_fing02__01000100__s0026.wav,0.26723626255989075,0.5922679305076599,0.8606143593788147,0.35957071185112,0.04977714642882347,0.33628910779953003,0.08538854867219925,0.18822644650936127
strat_bridge_pick22__01000100__s0019.wav,0.0857217088341713,0.27458927035331726,0.38196995854377747,0.18138425052165985,0.5070264339447021,0.6035819053649902,0.61167311668396,0.736343502998352
prs_neck_pick24__01000100__s0026.wav,0.7086952924728394,0.7943519949913025,0.6668482422828674,0.48238223791122437,0.7529557943344116,0.6649762988090515,0.4502784013748169,0.508280873298645
tele_bridge_pick10__01000100__s0037.wav,0.2945309579372406,0.5640842914581299,0.9214227795600891,0.3972580134868622,0.7436449527740479,0.6477620601654053,0.5409168601036072,0.4345809519290924
tele_bridge_pick18__01000100__s0053.wav,0.6925702095031738,0.8138999938964844,0.6108604669570923,0.5469187498092651,0.9748138785362244,0.8174083232879639,0.48902276158332825,0.4896094501018524
tele_bridge_fing19__01000100__s0002.wav,0.4270496666431427,0.5085376501083374,0.4834449887275696,0.3369963467121124,0.15271474421024323,0.1879512518644333,0.6304855346679688,0.6419550776481628
tele_bridge_pick01__01000100__s0018.wav,0.09136953949928284,0.09570837765932083,0.6593577265739441,0.5028104186058044,0.4884578585624695,0.38464340567588806,0.24410513043403625,0.35358214378356934
les_neck_pick10__01000100__s0026.wav,0.2092921882867813,0.6510074734687805,0.610459566116333,0.20829282701015472,0.6894333958625793,0.6784964799880981,0.6378210783004761,0.4144485294818878
prs_bridge_fing09__01000100__s0005.wav,0.12086743116378784,0.19667796790599823,0.8659888505935669,0.48058977723121643,0.5152445435523987,0.4652825891971588,0.1939975470304489,0.3136218190193176
les_neck_pick05__01000100__s0014.wav,0.31981953978538513,0.5806086659431458,0.40016689896583557,0.2915901839733124,0.6871905326843262,0.7650572657585144,0.6827312707901001,0.7789520621299744
strat_neck_fing23__01000100__s0031.wav,0.5247545838356018,0.5813170075416565,0.9769946932792664,0.8221806287765503,0.774577796459198,0.6907261610031128,0.9060251712799072,0.7460089921951294
tele_bridge_fing12__01000100__s0039.wav,0.9373294711112976,0.3486277163028717,0.05243596062064171,0.37306615710258484,0.7056044936180115,0.8146569728851318,0.5991056561470032,0.48782697319984436
prs_bridge_pick02__01000100__s0029.wav,0.3993373215198517,0.49112066626548767,0.004101117607206106,0.34524548053741455,0.3466014266014099,0.7842581868171692,0.14784124493598938,0.3681335747241974
strat_neck_fing05__01000100__s0027.wav,0.26194989681243896,0.19188269972801208,0.6733832955360413,0.7867394685745239,0.5618717074394226,0.4887630045413971,0.841000497341156,0.45486369729042053
les_neck_pick04__01000100__s0025.wav,0.789634644985199,0.9072831273078918,0.6241363286972046,0.7395719289779663,0.22944918274879456,0.12603208422660828,0.6949132084846497,0.616671085357666
tele_neck_pick17__01000100__s0025.wav,0.09676700085401535,0.2589321434497833,0.6602168083190918,0.12813173234462738,0.8776624202728271,0.6714451909065247,0.09491775929927826,0.13047435879707336
strat_bridge_pick23__01000100__s0024.wav,0.7124990224838257,0.7077893614768982,0.38803184032440186,0.5059176683425903,0.6516461968421936,0.5949230790138245,0.10048066079616547,0.09983478486537933
prs_bridge_fing07__01000100__s0012.wav,0.16904504597187042,0.19856655597686768,0.19629092514514923,0.3769577443599701,0.8905706405639648,0.8372900485992432,0.6133041381835938,0.33509561419487
tele_bridge_fing21__01000100__s0043.wav,0.5843051075935364,0.5337291359901428,0.5875141620635986,0.5086994171142578,0.08719277381896973,0.18073764443397522,0.2773791551589966,0.20339006185531616
les_neck_pick19__01000100__s0037.wav,0.565179705619812,0.4719385504722595,0.3450295031070709,0.7170400619506836,0.929745078086853,0.5019232034683228,0.5594617128372192,0.1679946631193161
les_bridge_pick14__01000100__s0012.wav,0.5551003813743591,0.6925116181373596,0.6718423962593079,0.4404789209365845,0.12357085198163986,0.2732231616973877,0.2421065866947174,0.6266807317733765
tele_bridge_pick22__01000100__s0025.wav,0.9624921083450317,0.8210998177528381,0.068867027759552,0.3418063819408417,0.9074030518531799,0.8136324882507324,0.7888128757476807,0.6825793981552124
prs_neck_pick21__01000100__s0026.wav,0.9490671753883362,0.6958473324775696,0.10837952792644501,0.4828449487686157,0.13957783579826355,0.40762725472450256,0.6781973838806152,0.5392802357673645
prs_neck_pick04__01000100__s0044.wav,0.22066260874271393,0.24473576247692108,0.4398171007633209,0.30109405517578125,0.8011610507965088,0.7762469053268433,0.5664041638374329,0.34333181381225586
prs_neck_pick19__01000100__s0030.wav,0.5478044748306274,0.5839614272117615,0.9807947874069214,0.7313130497932434,0.30325764417648315,0.33999863266944885,0.9448800683021545,0.9587727785110474
tele_neck_pick06__01000100__s0018.wav,0.8259679675102234,0.8322433829307556,0.4358295202255249,0.42369651794433594,0.8804853558540344,0.9039186239242554,0.46842506527900696,0.46985700726509094
prs_bridge_pick21__01000100__s0050.wav,0.26891595125198364,0.6277751922607422,0.9416454434394836,0.3745338022708893,0.5561145544052124,0.609611451625824,0.08240845799446106,0.09713203459978104
les_neck_fing08__01000100__s0021.wav,0.2660631239414215,0.14192402362823486,0.07605533301830292,0.5147765278816223,0.025467608124017715,0.10576899349689484,0.6325215697288513,0.44202494621276855
prs_bridge_pick11__01000100__s0039.wav,0.09458765387535095,0.06455046683549881,0.5418823957443237,0.4944447875022888,0.8024458289146423,0.8307873606681824,0.7772373557090759,0.6158989071846008
les_neck_fing22__01000100__s0002.wav,0.9550139307975769,0.917748749256134,0.7079371809959412,0.811759352684021,0.8107784390449524,0.7874372601509094,0.9810208082199097,0.982867419719696
tele_neck_pick13__01000100__s0035.wav,0.8283880949020386,0.7624224424362183,0.46561431884765625,0.5680133104324341,0.4921254813671112,0.6276456117630005,0.7796244621276855,0.45140260457992554
les_bridge_fing12__01000100__s0027.wav,0.9492250084877014,0.8096093535423279,0.8092184066772461,0.7998404502868652,0.33007779717445374,0.28288471698760986,0.6213204264640808,0.25797683000564575
tele_neck_pick22__01000100__s0009.wav,0.34593725204467773,0.1688324213027954,0.042597491294145584,0.40928205847740173,0.9619432687759399,0.813459038734436,0.9585855007171631,0.8950425982475281
prs_neck_fing24__01000100__s0051.wav,0.7041230201721191,0.8608428239822388,0.9805310964584351,0.8920961022377014,0.5416979789733887,0.7010483145713806,0.1877201646566391,0.33753207325935364
les_neck_fing24__01000100__s0016.wav,0.18943053483963013,0.42407718300819397,0.42650318145751953,0.33746832609176636,0.48267653584480286,0.7306588292121887,0.21348801255226135,0.6892786622047424
tele_bridge_fing19__01000100__s0011.wav,0.542207658290863,0.562900960445404,0.34788134694099426,0.2589729428291321,0.1374993920326233,0.09769716113805771,0.9683507084846497,0.8442108035087585
tele_bridge_fing22__01000100__s0017.wav,0.16117092967033386,0.28449714183807373,0.99656081199646,0.47448623180389404,0.2531578838825226,0.24244706332683563,0.8517792820930481,0.8021072149276733
strat_bridge_pick25__01000100__s0052.wav,0.3810940682888031,0.6055582761764526,0.7632704377174377,0.5162770748138428,0.6607869863510132,0.6768710613250732,0.5567923188209534,0.29664480686187744
les_neck_fing19__01000100__s0052.wav,0.5205517411231995,0.4460527002811432,0.7969919443130493,0.6085711717605591,0.34186649322509766,0.7540924549102783,0.913398265838623,0.9205653667449951
les_neck_fing14__01000100__s0031.wav,0.7282988429069519,0.7721172571182251,0.540959358215332,0.624423086643219,0.9516718983650208,0.8439671993255615,0.7297701239585876,0.7872122526168823
tele_neck_fing04__01000100__s0018.wav,0.6461101174354553,0.6222955584526062,0.20620538294315338,0.6417481303215027,0.9539034962654114,0.92982017993927,0.39327698945999146,0.3823291063308716
strat_bridge_fing21__01000100__s0005.wav,0.21140171587467194,0.39184442162513733,0.7947205305099487,0.2939327657222748,0.685973048210144,0.6906152963638306,0.5994850397109985,0.3107166588306427
les_neck_fing08__01000100__s0016.wav,0.6129007935523987,0.6024831533432007,0.5793918371200562,0.6830313801765442,0.7393933534622192,0.7847054600715637,0.09703641384840012,0.28965431451797485
tele_bridge_fing20__01000100__s0038.wav,0.9035028219223022,0.8888007998466492,0.38281893730163574,0.3918987810611725,0.29058897495269775,0.5066556334495544,0.4980051815509796,0.40027013421058655
prs_bridge_fing01__01000100__s0021.wav,0.500779390335083,0.8071357011795044,0.8459337949752808,0.5081207752227783,0.005920388735830784,0.2766041159629822,0.6380579471588135,0.6853251457214355
strat_bridge_pick15__01000100__s0046.wav,0.98585444688797,0.7611427903175354,0.5674528479576111,0.7741857767105103,0.5368459224700928,0.5260103940963745,0.6380333304405212,0.7148652672767639
tele_neck_pick18__01000100__s0004.wav,0.5728585720062256,0.5273267030715942,0.1352022886276245,0.7734745740890503,0.7272364497184753,0.678378164768219,0.7490032911300659,0.7661810517311096
tele_neck_pick11__01000100__s0039.wav,0.5588991045951843,0.42841583490371704,0.06858241558074951,0.5772395133972168,0.5587812662124634,0.42795151472091675,0.24509495496749878,0.23234473168849945
les_bridge_pick21__01000100__s0007.wav,0.6629325151443481,0.8531410098075867,0.7396429181098938,0.8256247639656067,0.2663479447364807,0.2772630453109741,0.7471569776535034,0.7711561322212219
les_neck_fing11__01000100__s0015.wav,0.28977304697036743,0.22389715909957886,0.6147211790084839,0.4467824101448059,0.7864287495613098,0.8758978247642517,0.4363432824611664,0.6335983872413635
les_bridge_pick14__01000100__s0046.wav,0.473552405834198,0.6410344839096069,0.8969072103500366,0.3254762887954712,0.3062744438648224,0.5355526804924011,0.307231605052948,0.1876068264245987
tele_bridge_fing02__01000100__s0027.wav,0.3829200267791748,0.7263720631599426,0.4815883934497833,0.4778933823108673,0.5990018248558044,0.4162772595882416,0.9862257838249207,0.9404174089431763
strat_bridge_fing17__01000100__s0014.wav,0.7879655361175537,0.6522139310836792,0.9724376797676086,0.822960615158081,0.5305876135826111,0.23309767246246338,0.7997679710388184,0.6459013819694519
strat_neck_pick02__01000100__s0011.wav,0.8553028106689453,0.8476617932319641,0.48778367042541504,0.410008043050766,0.2983177900314331,0.17490196228027344,0.9669957756996155,0.9648392796516418
les_neck_pick05__01000100__s0017.wav,0.3953808844089508,0.5538442730903625,0.6381042003631592,0.39568275213241577,0.015259448438882828,0.07249792665243149,0.4337659478187561,0.5900859236717224
prs_neck_pick06__01000100__s0053.wav,0.2346760481595993,0.12349339574575424,0.525935709476471,0.3093736171722412,0.2974250912666321,0.19983170926570892,0.9462637901306152,0.8719685673713684
les_neck_pick25__01000100__s0032.wav,0.43125036358833313,0.5428860783576965,0.5627780556678772,0.294509619474411,0.7512398362159729,0.8408737182617188,0.005755075719207525,0.3203239440917969
tele_neck_pick25__01000100__s0023.wav,0.7707183361053467,0.7661418318748474,0.6232125759124756,0.6214483380317688,0.11381226778030396,0.4487364888191223,0.290632963180542,0.4342368245124817
prs_neck_pick05__01000100__s0005.wav,0.9950180649757385,0.8456759452819824,0.42459776997566223,0.35891494154930115,0.9932891726493835,0.7635552287101746,0.9863216280937195,0.9683042168617249
prs_neck_fing23__01000100__s0036.wav,0.6216455698013306,0.4716627895832062,0.2117781937122345,0.3891696333885193,0.4009143114089966,0.4589294493198395,0.23530079424381256,0.8038135766983032
tele_neck_pick20__01000100__s0039.wav,0.664620578289032,0.588568389415741,0.3382284641265869,0.3964098393917084,0.5043230056762695,0.6283345222473145,0.5413740873336792,0.3547273874282837
prs_bridge_fing18__01000100__s0009.wav,0.7744373679161072,0.8926363587379456,0.7538935542106628,0.7201266288757324,0.3901595175266266,0.4891377091407776,0.9569527506828308,0.9764472842216492
les_bridge_pick23__01000100__s0044.wav,0.7055976390838623,0.568058967590332,0.8580471277236938,0.663771390914917,0.3858220875263214,0.7266753911972046,0.3380824625492096,0.42073923349380493
les_bridge_pick04__01000100__s0038.wav,0.7699560523033142,0.8782487511634827,0.8857213258743286,0.888247013092041,0.7387314438819885,0.5235423445701599,0.17471545934677124,0.09487210214138031
prs_bridge_fing21__01000100__s0003.wav,0.38010141253471375,0.5779080986976624,0.5180885791778564,0.5376714468002319,0.881513774394989,0.7698028683662415,0.9365560412406921,0.8565738797187805
tele_bridge_pick06__01000100__s0032.wav,0.8806175589561462,0.8218886256217957,0.7696613073348999,0.7796868085861206,0.9122421145439148,0.5325558185577393,0.3838001489639282,0.21605663001537323
prs_bridge_fing13__01000100__s0007.wav,0.7808091640472412,0.5342225432395935,0.14251135289669037,0.5710194706916809,0.3858879804611206,0.41281089186668396,0.6892420053482056,0.4766368269920349
strat_neck_pick23__01000100__s0032.wav,0.29312723875045776,0.3483925461769104,0.20205436646938324,0.29826807975769043,0.5262648463249207,0.5221436023712158,0.6412160396575928,0.48784416913986206
les_bridge_fing07__01000100__s0024.wav,0.026166345924139023,0.0929374247789383,0.60214763879776,0.23219165205955505,0.0057745580561459064,0.46453964710235596,0.022403117269277573,0.08451002091169357
strat_bridge_pick06__01000100__s0047.wav,0.7839176654815674,0.7123385667800903,0.5297919511795044,0.6205826997756958,0.8828006982803345,0.9233274459838867,0.8116700649261475,0.6719075441360474
les_neck_pick16__01000100__s0036.wav,0.327861487865448,0.4612266719341278,0.5462117791175842,0.5299092531204224,0.7643911242485046,0.6361727118492126,0.31496763229370117,0.4969736933708191
tele_bridge_fing14__01000100__s0043.wav,0.008211028762161732,0.1954711228609085,0.6184919476509094,0.23149320483207703,0.5008093118667603,0.7071771621704102,0.10005082935094833,0.2193012535572052
prs_neck_pick20__01000100__s0024.wav,0.7006655931472778,0.7266420722007751,0.2726556062698364,0.18540237843990326,0.02748020365834236,0.1383974701166153,0.4068261981010437,0.5152461528778076
les_bridge_pick15__01000100__s0015.wav,0.4995914101600647,0.3896119296550751,0.5012575387954712,0.5326292514801025,0.28857913613319397,0.37701770663261414,0.030136195942759514,0.04756419360637665
strat_bridge_pick06__01000100__s0051.wav,0.3750282824039459,0.48078104853630066,0.8083230257034302,0.6436222791671753,0.6986356973648071,0.6912992596626282,0.6753446459770203,0.6259505152702332
prs_bridge_pick25__01000100__s0030.wav,0.35520365834236145,0.4702565670013428,0.4404294192790985,0.44593706727027893,0.7230861783027649,0.8859453201293945,0.6207695603370667,0.6718951463699341
strat_neck_pick03__01000100__s0017.wav,0.07938990741968155,0.1864442229270935,0.746945858001709,0.4659615159034729,0.9100965857505798,0.8554180860519409,0.5541480183601379,0.354217529296875
prs_bridge_pick03__01000100__s0022.wav,0.9630618691444397,0.858340322971344,0.5530710816383362,0.36922648549079895,0.03537459671497345,0.20928983390331268,0.887383759021759,0.8768852353096008
prs_neck_pick02__01000100__s0015.wav,0.4285958409309387,0.543928325176239,0.7462745308876038,0.6680009961128235,0.24907808005809784,0.12369119375944138,0.8357182145118713,0.7885865569114685
strat_bridge_fing19__01000100__s0007.wav,0.6152474284172058,0.46223562955856323,0.1237272173166275,0.5712360143661499,0.48569968342781067,0.4954843819141388,0.5321179628372192,0.5467817783355713
strat_neck_pick03__01000100__s0034.wav,0.33681756258010864,0.47184574604034424,0.43398943543434143,0.7174839973449707,0.3529462218284607,0.39630308747291565,0.04118106886744499,0.36358416080474854
les_bridge_fing09__01000100__s0011.wav,0.7439815998077393,0.7244422435760498,0.8501813411712646,0.6944557428359985,0.7306658625602722,0.5056371092796326,0.06982099264860153,0.280850350856781
prs_neck_fing18__01000100__s0035.wav,0.35684287548065186,0.38542231917381287,0.5689594745635986,0.666171133518219,0.9335045218467712,0.6346755027770996,0.057641223073005676,0.1678273230791092
prs_bridge_fing12__01000100__s0015.wav,0.9054521918296814,0.9264149069786072,0.7356922626495361,0.7299066185951233,0.7780795693397522,0.8779823780059814,0.8590982556343079,0.9125456809997559
prs_neck_pick25__01000100__s0054.wav,0.5286057591438293,0.5100753903388977,0.5296465158462524,0.48894259333610535,0.9779338240623474,0.9515555500984192,0.9963198900222778,0.9928021430969238
prs_neck_pick02__01000100__s0031.wav,0.456356406211853,0.40586981177330017,0.4174340069293976,0.42531469464302063,0.7916141152381897,0.8558592200279236,0.7863014340400696,0.91651850938797
tele_bridge_pick25__01000100__s0030.wav,0.12062700092792511,0.2204911857843399,0.32072192430496216,0.2679902911186218,0.388020783662796,0.764607846736908,0.143050417304039,0.32047685980796814
les_neck_fing22__01000100__s0048.wav,0.005757704842835665,0.20488595962524414,0.14326603710651398,0.39071130752563477,0.28065750002861023,0.31966379284858704,0.029062099754810333,0.08442258089780807
strat_bridge_pick08__01000100__s0018.wav,0.0645948052406311,0.1316312849521637,0.9119916558265686,0.3338308036327362,0.3062968850135803,0.6005282998085022,0.042657122015953064,0.39647218585014343
les_bridge_pick23__01000100__s0013.wav,0.3165629804134369,0.3077875077724457,0.26865890622138977,0.669550895690918,0.21728335320949554,0.2897043228149414,0.3184099793434143,0.589276134967804
les_bridge_pick03__01000100__s0010.wav,0.5083661675453186,0.5919948816299438,0.42450693249702454,0.3854711055755615,0.6012704372406006,0.7515847086906433,0.780178964138031,0.6367117166519165
les_neck_fing17__01000100__s0049.wav,0.7482761144638062,0.6708745360374451,0.6501460075378418,0.5342254638671875,0.15653184056282043,0.32275623083114624,0.10425462573766708,0.23234041035175323
les_neck_fing11__01000100__s0021.wav,0.633215069770813,0.6535831093788147,0.7500076293945312,0.6981907486915588,0.2710612714290619,0.27723076939582825,0.6630091071128845,0.6252511143684387
tele_neck_fing02__01000100__s0040.wav,0.785389244556427,0.8727425932884216,0.9057514071464539,0.8416096568107605,0.41038447618484497,0.39754554629325867,0.7780218720436096,0.9002856612205505
tele_neck_fing10__01000100__s0029.wav,0.10070866346359253,0.2469559609889984,0.5046056509017944,0.1877741813659668,0.6504476070404053,0.6556540131568909,0.5797621607780457,0.48339417576789856
tele_bridge_fing18__01000100__s0043.wav,0.04117880389094353,0.19386334717273712,0.616484522819519,0.18882377445697784,0.5886270403862,0.7433786988258362,0.3348775804042816,0.29414990544319153
prs_neck_fing10__01000100__s0040.wav,0.16245169937610626,0.23489968478679657,0.40298768877983093,0.2369951456785202,0.015370800159871578,0.0900539755821228,0.09628371149301529,0.10451411455869675
strat_bridge_fing13__01000100__s0015.wav,0.7589433789253235,0.6562355160713196,0.16240034997463226,0.34096965193748474,0.6630855798721313,0.6017511487007141,0.7229927182197571,0.7373707294464111
prs_bridge_pick23__01000100__s0038.wav,0.07414495199918747,0.10955716669559479,0.4267870783805847,0.5756186246871948,0.03711913526058197,0.2180509865283966,0.41224783658981323,0.468915730714798
tele_neck_pick13__01000100__s0003.wav,0.7945356965065002,0.9379166960716248,0.913083553314209,0.9466538429260254,0.3534908890724182,0.5511816740036011,0.22861231863498688,0.37170860171318054
prs_neck_pick17__01000100__s0050.wav,0.9733380079269409,0.933083176612854,0.541433572769165,0.47282490134239197,0.2517084777355194,0.3891526460647583,0.8447316288948059,0.6379413604736328
prs_neck_fing06__01000100__s0055.wav,0.23325252532958984,0.4455935060977936,0.7589061856269836,0.4346984028816223,0.10938896238803864,0.3033478260040283,0.9853969812393188,0.9124360084533691
prs_bridge_pick15__01000100__s0008.wav,0.6218666434288025,0.6319791674613953,0.6239174008369446,0.6320774555206299,0.6644842624664307,0.7065973877906799,0.9104496240615845,0.859460711479187
les_bridge_pick01__01000100__s0041.wav,0.3451400697231293,0.6579439640045166,0.43349459767341614,0.22530899941921234,0.9252293705940247,0.6903083324432373,0.3635845482349396,0.27171558141708374
prs_bridge_pick22__01000100__s0027.wav,0.7395967841148376,0.6250820159912109,0.10516293346881866,0.57236248254776,0.9088749289512634,0.8809314370155334,0.6542757749557495,0.557171642780304
tele_bridge_fing03__01000100__s0002.wav,0.744644045829773,0.7373843193054199,0.7069841027259827,0.5147828459739685,0.808563232421875,0.8169678449630737,0.33123382925987244,0.6804602742195129
les_neck_fing10__01000100__s0047.wav,0.3399815261363983,0.5472652912139893,0.37002816796302795,0.3179856836795807,0.1552511602640152,0.11443142592906952,0.8547794818878174,0.8387065529823303
prs_neck_pick18__01000100__s0000.wav,0.5823956727981567,0.5483145117759705,0.6238121390342712,0.5234761238098145,0.1099800392985344,0.3717842400074005,0.0485578291118145,0.08711602538824081
les_bridge_pick08__01000100__s0016.wav,0.35249853134155273,0.3592022955417633,0.7147044539451599,0.27947506308555603,0.6713981628417969,0.8593948483467102,0.1875590831041336,0.25946512818336487
strat_bridge_fing02__01000100__s0031.wav,0.2977893650531769,0.4242851436138153,0.33262479305267334,0.31461700797080994,0.8442552089691162,0.6762844324111938,0.968403697013855,0.6600642204284668
les_neck_pick16__01000100__s0002.wav,0.5385066866874695,0.7719458341598511,0.17513787746429443,0.7565388679504395,0.09381179511547089,0.10152788460254669,0.7900803089141846,0.6668949723243713
strat_neck_fing14__01000100__s0001.wav,0.1387375146150589,0.1940426081418991,0.8061984181404114,0.45590153336524963,0.45257505774497986,0.3599279820919037,0.31795966625213623,0.23595547676086426
tele_neck_pick06__01000100__s0012.wav,0.8445220589637756,0.6670456528663635,0.7656203508377075,0.7810787558555603,0.7288474440574646,0.51439368724823,0.3794170916080475,0.18907426297664642
tele_bridge_fing19__01000100__s0010.wav,0.06580671668052673,0.3452320992946625,0.09111030399799347,0.2476934790611267,0.32165732979774475,0.08640064299106598,0.41580304503440857,0.594407856464386
strat_bridge_fing09__01000100__s0050.wav,0.6379373669624329,0.5928775072097778,0.926105797290802,0.8643086552619934,0.4374716877937317,0.4894307255744934,0.9042636156082153,0.9788302779197693
prs_bridge_fing05__01000100__s0023.wav,0.4008769094944,0.7768684029579163,0.30592018365859985,0.5909385681152344,0.01167384348809719,0.1901286244392395,0.4150054454803467,0.18159125745296478
prs_bridge_fing08__01000100__s0035.wav,0.3476634919643402,0.28216686844825745,0.721481442451477,0.6159703731536865,0.40909522771835327,0.4282323718070984,0.7114776968955994,0.6000374555587769
tele_neck_fing22__01000100__s0036.wav,0.1370212584733963,0.31357404589653015,0.6924110054969788,0.39687398076057434,0.576728343963623,0.45017609000205994,0.06347908079624176,0.20705947279930115
tele_neck_pick12__01000100__s0024.wav,0.15299825370311737,0.20775306224822998,0.08281853795051575,0.48089301586151123,0.4175119996070862,0.5177775025367737,0.504818856716156,0.4043927490711212
strat_bridge_fing18__01000100__s0037.wav,0.4307905435562134,0.48794692754745483,0.5079445838928223,0.6563488245010376,0.8457827568054199,0.6677032113075256,0.11892356723546982,0.3822151720523834
les_bridge_fing04__01000100__s0012.wav,0.034822508692741394,0.08114875853061676,0.6960417628288269,0.4032607972621918,0.6546156406402588,0.7984223365783691,0.011576641350984573,0.10000555217266083
tele_neck_fing16__01000100__s0039.wav,0.2111254334449768,0.43654051423072815,0.17227672040462494,0.25571760535240173,0.058739908039569855,0.5123412609100342,0.3503061532974243,0.4346063435077667
tele_neck_pick01__01000100__s0045.wav,0.5627601742744446,0.5735549926757812,0.6020702719688416,0.623797595500946,0.7215173840522766,0.7591909170150757,0.7827232480049133,0.7966534495353699
strat_neck_pick06__01000100__s0025.wav,0.847474992275238,0.8328835368156433,0.13814343512058258,0.3770378530025482,0.3624502122402191,0.2446260154247284,0.19662128388881683,0.15233995020389557
tele_neck_pick21__01000100__s0010.wav,0.6311653256416321,0.6310790777206421,0.7582082748413086,0.5956537127494812,0.8056811690330505,0.6952385902404785,0.04893503710627556,0.14010660350322723
prs_neck_pick03__01000100__s0023.wav,0.060268551111221313,0.1725868135690689,0.4069274365901947,0.45683053135871887,0.7628461122512817,0.8288964629173279,0.772896409034729,0.6949107646942139
les_bridge_fing25__01000100__s0002.wav,0.5481243133544922,0.7388301491737366,0.7837590575218201,0.6949390769004822,0.5811682343482971,0.6291139721870422,0.6871527433395386,0.6603677868843079
tele_neck_pick09__01000100__s0000.wav,0.10536875575780869,0.41680610179901123,0.16168710589408875,0.19282251596450806,0.3022826015949249,0.463971883058548,0.14419437944889069,0.14370062947273254
strat_neck_fing11__01000100__s0014.wav,0.3185088038444519,0.29240453243255615,0.08156506717205048,0.2232072800397873,0.5009067058563232,0.45423978567123413,0.24355678260326385,0.2948732078075409
les_neck_fing18__01000100__s0042.wav,0.04001159965991974,0.22731183469295502,0.8428533673286438,0.4855920076370239,0.8665866255760193,0.8745415806770325,0.8205979466438293,0.6048784852027893
tele_bridge_pick02__01000100__s0045.wav,0.4721400737762451,0.5566040873527527,0.28780555725097656,0.6313161849975586,0.5903878211975098,0.6460513472557068,0.20803497731685638,0.32204991579055786
tele_bridge_fing13__01000100__s0019.wav,0.8281069397926331,0.7421821355819702,0.6387487053871155,0.48970937728881836,0.904176652431488,0.6871289014816284,0.023249203339219093,0.0622694306075573
les_neck_fing17__01000100__s0037.wav,0.6865173578262329,0.5710858702659607,0.6641755104064941,0.8315839171409607,0.35311463475227356,0.4784722328186035,0.2740342617034912,0.15919293463230133
les_neck_fing25__01000100__s0034.wav,0.9344629645347595,0.8567327857017517,0.4562963545322418,0.4446181654930115,0.30006909370422363,0.2527499198913574,0.42937132716178894,0.3408055305480957
prs_bridge_pick04__01000100__s0004.wav,0.18778711557388306,0.10847335308790207,0.23510277271270752,0.4346991181373596,0.055681049823760986,0.2083635926246643,0.5896759033203125,0.26494309306144714
strat_bridge_pick25__01000100__s0041.wav,0.7404875755310059,0.8563534617424011,0.27462366223335266,0.42269542813301086,0.728196382522583,0.6220253705978394,0.6896041035652161,0.6618233323097229
prs_bridge_pick25__01000100__s0020.wav,0.7641512155532837,0.8696590065956116,0.14673882722854614,0.2920988202095032,0.5794009566307068,0.5433309078216553,0.7026233077049255,0.4533064067363739
prs_bridge_pick15__01000100__s0022.wav,0.3391709625720978,0.5909767746925354,0.5987701416015625,0.5304858088493347,0.9689080119132996,0.604988157749176,0.06483752280473709,0.3526429533958435
prs_neck_fing21__01000100__s0025.wav,0.6546594500541687,0.6488789319992065,0.69806969165802,0.6266561150550842,0.8850771188735962,0.9218467473983765,0.6210857629776001,0.7106578350067139
strat_neck_fing18__01000100__s0033.wav,0.9141460657119751,0.7831739187240601,0.5383484363555908,0.5550876259803772,0.6612521409988403,0.6554168462753296,0.5694891214370728,0.6261355876922607
prs_neck_pick03__01000100__s0016.wav,0.4615246057510376,0.4428001642227173,0.4852777421474457,0.7739034295082092,0.5725634694099426,0.5092868208885193,0.44292151927948,0.49107879400253296
strat_neck_fing24__01000100__s0048.wav,0.040656160563230515,0.18450459837913513,0.24924467504024506,0.31492090225219727,0.3693283796310425,0.4820002019405365,0.3135666251182556,0.5670738816261292
les_neck_fing25__01000100__s0045.wav,0.2760193347930908,0.4351334571838379,0.8838515877723694,0.3814881443977356,0.08236513286828995,0.08365613222122192,0.31620219349861145,0.4218122065067291
les_bridge_fing01__01000100__s0017.wav,0.9057279229164124,0.8822707533836365,0.6250688433647156,0.6377303004264832,0.20992492139339447,0.16405709087848663,0.9500130414962769,0.8975948095321655
strat_neck_fing19__01000100__s0050.wav,0.7404096722602844,0.8236942887306213,0.6614185571670532,0.4528654217720032,0.47365686297416687,0.6143057942390442,0.9732081294059753,0.9779291749000549
les_bridge_fing12__01000100__s0039.wav,0.6546434164047241,0.5481245517730713,0.21423344314098358,0.7257868647575378,0.2970496118068695,0.27864283323287964,0.5831388235092163,0.5168279409408569
strat_neck_fing12__01000100__s0051.wav,0.9468969106674194,0.8710823059082031,0.5957534313201904,0.6067768931388855,0.881222128868103,0.7890055775642395,0.23194652795791626,0.18365918099880219
strat_neck_fing14__01000100__s0037.wav,0.7646908164024353,0.7999496459960938,0.3527261018753052,0.6113719940185547,0.49299755692481995,0.48145920038223267,0.38492128252983093,0.3199038803577423
les_neck_pick06__01000100__s0038.wav,0.869667649269104,0.4460439682006836,0.0032847984693944454,0.5275564193725586,0.6149787306785583,0.8382153511047363,0.011462735943496227,0.13165739178657532
strat_bridge_fing08__01000100__s0012.wav,0.558989942073822,0.603873610496521,0.8923739790916443,0.7765037417411804,0.8377037048339844,0.7090123891830444,0.4047738313674927,0.41580507159233093
les_bridge_fing08__01000100__s0017.wav,0.7572005987167358,0.7438368201255798,0.48976224660873413,0.6443882584571838,0.5215590000152588,0.462298721075058,0.4058533310890198,0.3080078065395355
prs_bridge_pick07__01000100__s0039.wav,0.405071884393692,0.6086651086807251,0.5781869888305664,0.17703917622566223,0.5136575102806091,0.6373052597045898,0.6083994507789612,0.38227608799934387
tele_bridge_pick05__01000100__s0042.wav,0.23015493154525757,0.5197611451148987,0.5519400238990784,0.23462674021720886,0.05477223917841911,0.23037171363830566,0.3019798994064331,0.4774424433708191
les_neck_fing04__01000100__s0024.wav,0.5154818892478943,0.300835520029068,0.0987161174416542,0.4227064549922943,0.10865046083927155,0.054885346442461014,0.6085342764854431,0.48731061816215515
prs_neck_fing16__01000100__s0002.wav,0.9344136714935303,0.766043484210968,0.7210772633552551,0.8591013550758362,0.030886465683579445,0.20158468186855316,0.5224695801734924,0.4502488970756531
strat_bridge_fing05__01000100__s0009.wav,0.15950573980808258,0.10280243307352066,0.03431060165166855,0.320063978433609,0.018940536305308342,0.16113269329071045,0.9426177144050598,0.9231694340705872
prs_bridge_pick23__01000100__s0016.wav,0.709140419960022,0.6666033864021301,0.32390788197517395,0.18687190115451813,0.5995432734489441,0.7111979126930237,0.14442192018032074,0.10655698925256729
les_bridge_pick15__01000100__s0051.wav,0.2506813406944275,0.4393499195575714,0.9160259962081909,0.5922167301177979,0.8942193388938904,0.9026861190795898,0.4880874454975128,0.4625891447067261
les_neck_pick09__01000100__s0040.wav,0.8970017433166504,0.7480786442756653,0.05339242145419121,0.4499936103820801,0.6619883179664612,0.7252796292304993,0.42516961693763733,0.5122277736663818
les_neck_fing12__01000100__s0010.wav,0.40334028005599976,0.2124549299478531,0.08840520679950714,0.39946043491363525,0.4082588851451874,0.5504586696624756,0.2695555090904236,0.5310567617416382
les_neck_fing11__01000100__s0034.wav,0.5786702632904053,0.4638514220714569,0.04483410716056824,0.23704054951667786,0.29591479897499084,0.4448411464691162,0.1333189457654953,0.08028080314397812
les_bridge_pick25__01000100__s0053.wav,0.40354499220848083,0.4567386507987976,0.876163899898529,0.8854774832725525,0.8205368518829346,0.7901989221572876,0.8217733502388,0.7642423510551453
strat_neck_fing03__01000100__s0036.wav,0.40635716915130615,0.45947974920272827,0.07207482308149338,0.2770715057849884,0.4493912160396576,0.7082940936088562,0.27292001247406006,0.24822627007961273
strat_bridge_fing12__01000100__s0022.wav,0.15725590288639069,0.41448214650154114,0.9461057186126709,0.5367069840431213,0.1019861027598381,0.11747434735298157,0.16019952297210693,0.11580995470285416
strat_neck_pick17__01000100__s0029.wav,0.5395888090133667,0.6582983732223511,0.350954532623291,0.28822216391563416,0.17498508095741272,0.5380969047546387,0.251022607088089,0.3958737254142761
prs_bridge_fing24__01000100__s0016.wav,0.34896695613861084,0.21315011382102966,0.614569365978241,0.529654860496521,0.3961060047149658,0.42565837502479553,0.9685394763946533,0.8392704725265503
tele_neck_pick20__01000100__s0008.wav,0.7794647216796875,0.28197798132896423,0.10425469279289246,0.36642417311668396,0.8792237043380737,0.8815528154373169,0.9089725017547607,0.6830579042434692
strat_neck_fing13__01000100__s0004.wav,0.13421620428562164,0.3425513505935669,0.027383441105484962,0.36068496108055115,0.6544360518455505,0.7060492634773254,0.5995498895645142,0.5671666264533997
prs_bridge_fing17__01000100__s0033.wav,0.1320141702890396,0.1381065547466278,0.25668641924858093,0.24447530508041382,0.5940905809402466,0.5715353488922119,0.10945536941289902,0.14554059505462646
prs_bridge_fing06__01000100__s0053.wav,0.23177962005138397,0.5366712808609009,0.926143229007721,0.43675872683525085,0.6927323341369629,0.672709047794342,0.6050734519958496,0.5481444597244263
tele_bridge_pick03__01000100__s0011.wav,0.4793967008590698,0.3020663559436798,0.1814119964838028,0.2773509621620178,0.6336190104484558,0.6832672357559204,0.6365100741386414,0.7477717399597168
prs_neck_fing04__01000100__s0040.wav,0.37381207942962646,0.5627490878105164,0.6775221228599548,0.5694469213485718,0.7419916987419128,0.7113623023033142,0.042483001947402954,0.19675277173519135
strat_neck_pick24__01000100__s0017.wav,0.18973608314990997,0.41675901412963867,0.7668331265449524,0.1827123910188675,0.6706558465957642,0.41561514139175415,0.07903648167848587,0.1544458419084549
les_neck_pick14__01000100__s0049.wav,0.4938000738620758,0.22633317112922668,0.049144379794597626,0.8175321817398071,0.18590478599071503,0.6430864930152893,0.04183422029018402,0.5431516170501709
strat_bridge_fing19__01000100__s0010.wav,0.15312303602695465,0.27125611901283264,0.16465097665786743,0.6325564384460449,0.9836090803146362,0.8110207319259644,0.692194938659668,0.7194094061851501
tele_bridge_fing04__01000100__s0036.wav,0.9875902533531189,0.37305083870887756,0.04049942269921303,0.3982039988040924,0.1859675943851471,0.2809060513973236,0.7179446816444397,0.4397852420806885
tele_bridge_pick18__01000100__s0013.wav,0.7337992787361145,0.6370673179626465,0.16529734432697296,0.644616961479187,0.9707716703414917,0.6995916962623596,0.6227553486824036,0.5595307946205139
tele_neck_pick06__01000100__s0052.wav,0.738314151763916,0.5815337896347046,0.11169077455997467,0.39514487981796265,0.8990241885185242,0.8210803866386414,0.12228238582611084,0.21072399616241455
les_bridge_pick22__01000100__s0043.wav,0.7494245171546936,0.6986371874809265,0.3861618638038635,0.5979419946670532,0.825369119644165,0.7214846611022949,0.38042378425598145,0.2803177237510681
tele_neck_fing03__01000100__s0025.wav,0.8040249943733215,0.7393454909324646,0.8027073740959167,0.8460314273834229,0.2752799093723297,0.475718230009079,0.30240026116371155,0.34391549229621887
les_bridge_pick20__01000100__s0055.wav,0.9359108209609985,0.8501394391059875,0.6669520735740662,0.7041903138160706,0.32507702708244324,0.3331068158149719,0.33647358417510986,0.3666744530200958
strat_neck_fing17__01000100__s0031.wav,0.7054189443588257,0.8096233010292053,0.4184718430042267,0.659541130065918,0.3215785026550293,0.4332793951034546,0.4486553966999054,0.4796815812587738
strat_neck_fing23__01000100__s0017.wav,0.45704740285873413,0.46769219636917114,0.11509733647108078,0.694202184677124,0.9910786747932434,0.3265339434146881,0.22014780342578888,0.7884790301322937
tele_neck_fing25__01000100__s0055.wav,0.03381815925240517,0.2856426537036896,0.08881369978189468,0.46805262565612793,0.7391482591629028,0.688596248626709,0.7717441320419312,0.62740558385849
prs_neck_pick18__01000100__s0030.wav,0.9640995264053345,0.9407325387001038,0.6363816857337952,0.7200920581817627,0.9405456781387329,0.6965342164039612,0.408405065536499,0.5484071969985962
les_neck_pick12__01000100__s0003.wav,0.5626341104507446,0.3253892660140991,0.05267376825213432,0.20771704614162445,0.9601530432701111,0.8530635237693787,0.1754002720117569,0.24913331866264343
prs_bridge_pick21__01000100__s0018.wav,0.03631597012281418,0.13543559610843658,0.6742036938667297,0.5396152138710022,0.442586213350296,0.42919689416885376,0.14742377400398254,0.0649414211511612
tele_neck_pick03__01000100__s0044.wav,0.08304272592067719,0.16779620945453644,0.19387881457805634,0.1615748554468155,0.6196447014808655,0.7940957546234131,0.006391529459506273,0.18413037061691284
les_bridge_pick07__01000100__s0012.wav,0.00636461703106761,0.295985609292984,0.20124441385269165,0.22247181832790375,0.0035550291649997234,0.24495530128479004,0.5810248255729675,0.3841868042945862
tele_bridge_pick16__01000100__s0030.wav,0.24197088181972504,0.18668949604034424,0.3879304826259613,0.7486125230789185,0.5079880356788635,0.31642380356788635,0.26671159267425537,0.7378019094467163
les_neck_fing18__01000100__s0017.wav,0.7244207262992859,0.6400811672210693,0.4413282573223114,0.5732764601707458,0.9611283540725708,0.795979917049408,0.6460615992546082,0.5383725762367249
les_neck_fing10__01000100__s0012.wav,0.3497292101383209,0.2853165864944458,0.02632596343755722,0.2284085899591446,0.9139389395713806,0.8038562536239624,0.40334656834602356,0.286189466714859
strat_bridge_pick23__01000100__s0025.wav,0.7969042658805847,0.8453001976013184,0.2786593437194824,0.4968171715736389,0.09587681293487549,0.08447115123271942,0.6200905442237854,0.4650147557258606
tele_bridge_pick23__01000100__s0013.wav,0.6450644731521606,0.4066654145717621,0.09063404053449631,0.7388864755630493,0.7562877535820007,0.8328981399536133,0.6343441605567932,0.678094744682312
strat_bridge_pick14__01000100__s0000.wav,0.973832905292511,0.9119195938110352,0.9372308254241943,0.9385004639625549,0.5678033232688904,0.5565028786659241,0.8736666440963745,0.7507181763648987
tele_bridge_fing02__01000100__s0026.wav,0.6933676600456238,0.7223830223083496,0.8943604230880737,0.7415227890014648,0.26477786898612976,0.2222423404455185,0.26402604579925537,0.20934298634529114
les_neck_pick22__01000100__s0006.wav,0.7412355542182922,0.6976284384727478,0.10012789070606232,0.4868439733982086,0.9896336197853088,0.8803665041923523,0.6203771829605103,0.388686865568161
les_neck_pick05__01000100__s0045.wav,0.41673633456230164,0.4371144771575928,0.3045780658721924,0.5635587573051453,0.9532897472381592,0.895400881767273,0.3672206699848175,0.5704976916313171
prs_neck_fing09__01000100__s0017.wav,0.3421134352684021,0.2761225402355194,0.7341805696487427,0.6370424628257751,0.22684253752231598,0.43277421593666077,0.41976603865623474,0.5173949599266052
tele_bridge_fing15__01000100__s0040.wav,0.3689197897911072,0.9074786305427551,0.8068378567695618,0.39406919479370117,0.9732443690299988,0.9436237812042236,0.6984646320343018,0.6935847997665405
strat_bridge_pick25__01000100__s0023.wav,0.6649443507194519,0.30255573987960815,0.3631577789783478,0.43624138832092285,0.4735329747200012,0.4321611225605011,0.24720382690429688,0.305267333984375
strat_bridge_pick03__01000100__s0037.wav,0.6215915679931641,0.6970522999763489,0.5550413727760315,0.659543514251709,0.1483212411403656,0.09430595487356186,0.9074581861495972,0.8564873337745667
les_bridge_pick23__01000100__s0012.wav,0.9841597080230713,0.8408856391906738,0.45191168785095215,0.4753250181674957,0.04815664142370224,0.0455513522028923,0.6787334084510803,0.5044810771942139
les_bridge_pick17__01000100__s0019.wav,0.028725499287247658,0.4095420241355896,0.06289362907409668,0.2518676221370697,0.967610239982605,0.8636837601661682,0.2548394501209259,0.332216739654541
tele_neck_pick18__01000100__s0034.wav,0.8709068298339844,0.6924040913581848,0.8275551795959473,0.7439486384391785,0.058326948434114456,0.4958646595478058,0.166861891746521,0.2939765453338623
les_bridge_pick13__01000100__s0002.wav,0.18767672777175903,0.30871888995170593,0.5306740403175354,0.4896585941314697,0.9325627684593201,0.24183332920074463,0.08796526491641998,0.08950299769639969
prs_bridge_pick04__01000100__s0023.wav,0.8177298307418823,0.752501368522644,0.9628453850746155,0.7389929294586182,0.08599156141281128,0.16900546848773956,0.7927860021591187,0.644973874092102
tele_bridge_fing08__01000100__s0021.wav,0.5434709191322327,0.561509370803833,0.5689564943313599,0.4638145864009857,0.5122396349906921,0.5092158913612366,0.7942302823066711,0.8243268132209778
strat_neck_fing13__01000100__s0025.wav,0.28427189588546753,0.5175695419311523,0.052157964557409286,0.3315005898475647,0.6547582149505615,0.3791343867778778,0.2965594530105591,0.32987180352211
tele_bridge_fing12__01000100__s0006.wav,0.2684854567050934,0.07341182231903076,0.008766770362854004,0.14575758576393127,0.9736406207084656,0.9067918658256531,0.4788232147693634,0.2528916597366333
les_bridge_fing13__01000100__s0023.wav,0.038282863795757294,0.21057291328907013,0.7486996054649353,0.4895920753479004,0.032895561307668686,0.39246630668640137,0.10138921439647675,0.0705718845129013
prs_neck_fing20__01000100__s0002.wav,0.6290184259414673,0.741101861000061,0.9821858406066895,0.7531070709228516,0.7107798457145691,0.20393796265125275,0.023669922724366188,0.05778762698173523
prs_bridge_fing15__01000100__s0035.wav,0.8713235259056091,0.4433825612068176,0.41305506229400635,0.5212987661361694,0.38135844469070435,0.5723956227302551,0.41939595341682434,0.24318557977676392
tele_bridge_fing04__01000100__s0048.wav,0.9466677308082581,0.900274395942688,0.6408056616783142,0.7238046526908875,0.19802385568618774,0.21389731764793396,0.609272301197052,0.379423588514328
tele_neck_fing11__01000100__s0036.wav,0.6039019823074341,0.6871121525764465,0.5586327910423279,0.5810927152633667,0.9824512600898743,0.8888493180274963,0.26602256298065186,0.5753695964813232
les_bridge_fing19__01000100__s0012.wav,0.9870220422744751,0.8747776746749878,0.2173948585987091,0.4234403967857361,0.9663887619972229,0.9638121128082275,0.883027970790863,0.8430926203727722
strat_neck_fing07__01000100__s0023.wav,0.5539454221725464,0.5603530406951904,0.6949148774147034,0.6634513139724731,0.5673366785049438,0.5735256671905518,0.39158013463020325,0.29636523127555847
strat_bridge_pick07__01000100__s0003.wav,0.1897915005683899,0.15233801305294037,0.3359079658985138,0.4432835876941681,0.8557077050209045,0.9255623817443848,0.7820209860801697,0.7298340797424316
les_neck_pick20__01000100__s0041.wav,0.9477733373641968,0.8550248742103577,0.7874626517295837,0.6584458947181702,0.28015992045402527,0.5522446036338806,0.4262448847293854,0.4059627652168274
prs_bridge_fing03__01000100__s0039.wav,0.4802190065383911,0.5906404852867126,0.4433692991733551,0.6297760009765625,0.6862193942070007,0.3397355079650879,0.09914510697126389,0.0838116779923439
strat_bridge_pick06__01000100__s0018.wav,0.23994971811771393,0.3392525017261505,0.4488848149776459,0.36871838569641113,0.10986103117465973,0.29869332909584045,0.810295820236206,0.6276236176490784
strat_neck_pick10__01000100__s0044.wav,0.9122204184532166,0.950170636177063,0.825639545917511,0.8955095410346985,0.681003749370575,0.6831543445587158,0.933294951915741,0.9054009914398193
strat_bridge_fing22__01000100__s0000.wav,0.6239861249923706,0.8666765093803406,0.8332128524780273,0.6946608424186707,0.8143979907035828,0.8443333506584167,0.899783730506897,0.8683816194534302
prs_neck_fing01__01000100__s0009.wav,0.04634741321206093,0.1646660566329956,0.6691473126411438,0.32447561621665955,0.6539931297302246,0.6496030688285828,0.8746312856674194,0.7851395010948181
strat_neck_pick11__01000100__s0025.wav,0.6594573855400085,0.3720114529132843,0.0389990471303463,0.419719934463501,0.20628094673156738,0.2065735012292862,0.6219540238380432,0.5719838738441467
les_bridge_pick24__01000100__s0039.wav,0.09898252785205841,0.10180951654911041,0.2260896861553192,0.2638809382915497,0.025606941431760788,0.14029130339622498,0.754988968372345,0.7086581587791443
strat_neck_pick24__01000100__s0054.wav,0.6436395049095154,0.5568133592605591,0.2787501811981201,0.39295607805252075,0.3410603702068329,0.35581648349761963,0.8883734941482544,0.7957023978233337
tele_neck_fing21__01000100__s0039.wav,0.26764458417892456,0.3660602569580078,0.594591498374939,0.4943326711654663,0.6013892889022827,0.5471982359886169,0.8006957769393921,0.7499325275421143
les_neck_fing06__01000100__s0028.wav,0.5076474547386169,0.6613593101501465,0.6898971199989319,0.5875421762466431,0.8615678548812866,0.5029827356338501,0.4549579918384552,0.5249693393707275
strat_neck_fing06__01000100__s0042.wav,0.6011232137680054,0.2570536732673645,0.5102564692497253,0.7659366130828857,0.3641991913318634,0.4335784614086151,0.6656034588813782,0.7697444558143616
prs_bridge_pick06__01000100__s0018.wav,0.5279058218002319,0.5236053466796875,0.296587735414505,0.2648427188396454,0.8731241822242737,0.7935125231742859,0.23617243766784668,0.38794758915901184
prs_bridge_fing15__01000100__s0025.wav,0.010268686339259148,0.49675610661506653,0.8921834826469421,0.8254722952842712,0.5277299880981445,0.5361146926879883,0.8297030925750732,0.4668528437614441
strat_bridge_fing02__01000100__s0001.wav,0.8608415126800537,0.8342663645744324,0.9329638481140137,0.758892834186554,0.5381259322166443,0.5301158428192139,0.7911359071731567,0.6949162483215332
prs_bridge_fing11__01000100__s0018.wav,0.32516270875930786,0.5206364989280701,0.4599299430847168,0.44380611181259155,0.1468825787305832,0.46492382884025574,0.2902708947658539,0.38883355259895325
strat_neck_pick19__01000100__s0001.wav,0.6477296948432922,0.6948100328445435,0.08322714269161224,0.6575197577476501,0.0478629395365715,0.152247816324234,0.5498664379119873,0.5226526260375977
prs_bridge_fing23__01000100__s0053.wav,0.43742093443870544,0.418391615152359,0.026635384187102318,0.10369088500738144,0.857185959815979,0.5431416630744934,0.4113485515117645,0.3454038202762604
prs_neck_fing21__01000100__s0052.wav,0.025973735377192497,0.17246195673942566,0.8469706177711487,0.3128525912761688,0.22197310626506805,0.28648021817207336,0.5013855695724487,0.41144314408302307
les_neck_fing13__01000100__s0047.wav,0.07577436417341232,0.15998665988445282,0.049312807619571686,0.3602699637413025,0.19157233834266663,0.3231428861618042,0.6134690046310425,0.500940203666687
les_bridge_pick21__01000100__s0051.wav,0.8997675180435181,0.6866036653518677,0.10831903666257858,0.6692848205566406,0.9440187215805054,0.7767153382301331,0.4640442132949829,0.41992148756980896
strat_neck_fing03__01000100__s0051.wav,0.9918285608291626,0.5391370058059692,0.18910041451454163,0.3859773278236389,0.633124589920044,0.5692141056060791,0.422728031873703,0.151102676987648
prs_neck_fing14__01000100__s0034.wav,0.37323594093322754,0.5296550393104553,0.5305168628692627,0.4805409014225006,0.4654293358325958,0.5760651230812073,0.057384274899959564,0.1510808765888214
les_bridge_fing20__01000100__s0020.wav,0.022727850824594498,0.28044646978378296,0.6970024704933167,0.5200886130332947,0.9905465245246887,0.9447737336158752,0.6007030606269836,0.731803297996521
strat_bridge_fing24__01000100__s0050.wav,0.3867270052433014,0.5812672972679138,0.977042019367218,0.6929053068161011,0.8228692412376404,0.9213202595710754,0.7452400922775269,0.6210193037986755
prs_neck_fing09__01000100__s0054.wav,0.2966875433921814,0.22835320234298706,0.24307720363140106,0.36650702357292175,0.14525480568408966,0.2338622659444809,0.6150572299957275,0.5259010195732117
strat_bridge_fing22__01000100__s0009.wav,0.58213871717453,0.6731305718421936,0.4252244830131531,0.46324285864830017,0.42767709493637085,0.4599035680294037,0.46488046646118164,0.572998583316803
strat_neck_fing15__01000100__s0032.wav,0.5251001119613647,0.5999215841293335,0.2998698949813843,0.30321162939071655,0.7214937210083008,0.788181722164154,0.8129655122756958,0.7274661064147949
prs_neck_fing06__01000100__s0052.wav,0.24825283885002136,0.6514922976493835,0.9575635194778442,0.6580291390419006,0.8973445892333984,0.8555730581283569,0.6697044372558594,0.16070865094661713
les_bridge_pick05__01000100__s0000.wav,0.4589388072490692,0.40409353375434875,0.9498319029808044,0.6403322219848633,0.8997782468795776,0.8052130341529846,0.9582703709602356,0.8672871589660645
les_neck_fing23__01000100__s0025.wav,0.6333437561988831,0.63353431224823,0.5175725221633911,0.31949383020401,0.039248451590538025,0.6252703070640564,0.07063345611095428,0.12694977223873138
strat_neck_fing02__01000100__s0002.wav,0.8846826553344727,0.6539164781570435,0.1598430722951889,0.5067877769470215,0.4032139480113983,0.5035569667816162,0.14699110388755798,0.4295218884944916
strat_bridge_fing14__01000100__s0005.wav,0.4946485161781311,0.5914738178253174,0.9882466793060303,0.5934910178184509,0.12764567136764526,0.3528498113155365,0.4634990692138672,0.38277825713157654
strat_bridge_pick23__01000100__s0030.wav,0.3899305760860443,0.43390947580337524,0.46345481276512146,0.5789918303489685,0.13370347023010254,0.1823424994945526,0.5875229835510254,0.5691329836845398
prs_bridge_fing03__01000100__s0002.wav,0.3959754407405853,0.6249575614929199,0.6612650156021118,0.6127392053604126,0.9176785945892334,0.6293873190879822,0.5407145023345947,0.42168721556663513
les_neck_fing07__01000100__s0011.wav,0.4324969947338104,0.4371583163738251,0.4944625794887543,0.7773622870445251,0.8613635301589966,0.8586190938949585,0.5294572114944458,0.6822599172592163
les_bridge_fing15__01000100__s0006.wav,0.21837614476680756,0.5013030171394348,0.671228289604187,0.3503910005092621,0.6830029487609863,0.8303927779197693,0.7630137801170349,0.37599876523017883
tele_bridge_pick05__01000100__s0027.wav,0.17881351709365845,0.41353532671928406,0.06827091425657272,0.6256920099258423,0.3369721472263336,0.4555835425853729,0.651456356048584,0.7323687672615051
les_bridge_fing09__01000100__s0051.wav,0.8034700155258179,0.48674476146698,0.16835887730121613,0.5869047045707703,0.6155193448066711,0.5773457884788513,0.9237403273582458,0.9090150594711304
prs_bridge_fing18__01000100__s0041.wav,0.9989991188049316,0.820436418056488,0.270147442817688,0.5051071643829346,0.7935616970062256,0.9513570666313171,0.2614603042602539,0.6012662649154663
tele_bridge_fing13__01000100__s0037.wav,0.10665274411439896,0.25731173157691956,0.9515656232833862,0.19777870178222656,0.7088004946708679,0.6655883193016052,0.3139832019805908,0.30412304401397705
les_bridge_fing06__01000100__s0055.wav,0.42812398076057434,0.7080516219139099,0.5543784499168396,0.6206086277961731,0.4555516839027405,0.4792998433113098,0.7414233684539795,0.8599246740341187
tele_bridge_pick24__01000100__s0018.wav,0.04959734156727791,0.14359469711780548,0.7178385853767395,0.3757827877998352,0.7740245461463928,0.8261165022850037,0.505931556224823,0.42475348711013794
les_bridge_pick13__01000100__s0003.wav,0.11325829476118088,0.08202894777059555,0.3714871406555176,0.5281413793563843,0.2038191854953766,0.3006521761417389,0.502097487449646,0.4602942168712616
les_bridge_pick14__01000100__s0008.wav,0.23782978951931,0.37034469842910767,0.16276933252811432,0.221616730093956,0.2517623007297516,0.32749080657958984,0.992790162563324,0.9776663184165955
prs_bridge_fing07__01000100__s0046.wav,0.6473668813705444,0.7409054040908813,0.6759466528892517,0.4163450300693512,0.9166459441184998,0.7988394498825073,0.46375155448913574,0.24504758417606354
tele_neck_pick14__01000100__s0046.wav,0.8408085107803345,0.6676050424575806,0.7977639436721802,0.6474651098251343,0.8266990780830383,0.7622665762901306,0.7832987308502197,0.6516258716583252
prs_neck_fing23__01000100__s0007.wav,0.648099958896637,0.5934915542602539,0.19828666746616364,0.2396959364414215,0.4742724597454071,0.6552225947380066,0.3343406319618225,0.5596717596054077
strat_bridge_fing02__01000100__s0043.wav,0.24128183722496033,0.564954936504364,0.4818536639213562,0.41914406418800354,0.32303711771965027,0.34089651703834534,0.9374540448188782,0.9217627644538879
les_neck_fing25__01000100__s0050.wav,0.7928622961044312,0.6410611867904663,0.33236372470855713,0.472334623336792,0.6146526336669922,0.6006783843040466,0.46510425209999084,0.6964268684387207
strat_neck_fing24__01000100__s0008.wav,0.97121661901474,0.4465724527835846,0.05976606532931328,0.6908544898033142,0.5391892790794373,0.4972580373287201,0.8187002539634705,0.6656659841537476
prs_bridge_pick24__01000100__s0028.wav,0.2446846067905426,0.47563430666923523,0.7292160391807556,0.2537843585014343,0.3427303433418274,0.3390362858772278,0.33726730942726135,0.25505536794662476
les_bridge_pick22__01000100__s0045.wav,0.7154918313026428,0.5485849380493164,0.2789169251918793,0.5326833128929138,0.27696698904037476,0.19516289234161377,0.7856775522232056,0.6682488918304443
les_neck_fing02__01000100__s0054.wav,0.27061378955841064,0.40539321303367615,0.3815850615501404,0.3228062689304352,0.8394353985786438,0.3912786841392517,0.6115593314170837,0.6275432109832764
tele_neck_fing20__01000100__s0001.wav,0.037130407989025116,0.41523733735084534,0.8046802282333374,0.451051265001297,0.1714656949043274,0.5612372159957886,0.6813157796859741,0.7435987591743469
prs_bridge_pick25__01000100__s0031.wav,0.1880379021167755,0.6918100714683533,0.9020281434059143,0.5159197449684143,0.25431761145591736,0.25104689598083496,0.32526257634162903,0.40136799216270447
prs_neck_pick18__01000100__s0017.wav,0.05189303308725357,0.06667330116033554,0.23841413855552673,0.75262451171875,0.3585389256477356,0.4426950514316559,0.623551070690155,0.6854913234710693
prs_bridge_pick14__01000100__s0037.wav,0.7818558216094971,0.7268534898757935,0.16448652744293213,0.35507866740226746,0.4029773473739624,0.370902419090271,0.6429823040962219,0.459024578332901
prs_neck_pick22__01000100__s0037.wav,0.10016445070505142,0.2523556351661682,0.8086415529251099,0.3902214467525482,0.3365809917449951,0.493425577878952,0.1906094253063202,0.11078683286905289
tele_bridge_fing23__01000100__s0011.wav,0.427186518907547,0.5289000272750854,0.8814330101013184,0.6719433665275574,0.9013041257858276,0.8932413458824158,0.46458661556243896,0.669685423374176
les_neck_fing08__01000100__s0038.wav,0.6429843306541443,0.651099681854248,0.04705433547496796,0.3446824848651886,0.10109160095453262,0.0759090706706047,0.19317656755447388,0.13768169283866882
tele_bridge_pick01__01000100__s0034.wav,0.04163896664977074,0.09155207127332687,0.9973510503768921,0.31987643241882324,0.5921858549118042,0.7232008576393127,0.6864728927612305,0.5443219542503357
prs_bridge_fing19__01000100__s0004.wav,0.36593392491340637,0.5565277934074402,0.27020713686943054,0.21768419444561005,0.37841516733169556,0.3636185824871063,0.8915398716926575,0.8827624917030334
les_neck_pick18__01000100__s0016.wav,0.6126508712768555,0.6521672606468201,0.6719308495521545,0.6455246210098267,0.8683549761772156,0.9275462031364441,0.29239657521247864,0.3986649513244629
les_bridge_pick11__01000100__s0043.wav,0.23119430243968964,0.5827417969703674,0.9692543148994446,0.41927117109298706,0.9044612646102905,0.8227213025093079,0.7645693421363831,0.8136078715324402
prs_bridge_fing04__01000100__s0024.wav,0.5374459624290466,0.7557159066200256,0.08358447253704071,0.21811039745807648,0.1274377703666687,0.30758798122406006,0.7222004532814026,0.49706658720970154
prs_neck_fing22__01000100__s0026.wav,0.6360782980918884,0.5304865837097168,0.35349205136299133,0.7112269997596741,0.05262487754225731,0.14786610007286072,0.34730052947998047,0.45034366846084595
prs_neck_fing09__01000100__s0004.wav,0.8080726265907288,0.2317882627248764,0.2298797369003296,0.314458966255188,0.5383847951889038,0.6376446485519409,0.7316638231277466,0.44407713413238525
strat_neck_pick21__01000100__s0034.wav,0.43121203780174255,0.3548639714717865,0.10644637048244476,0.38375386595726013,0.062194984406232834,0.12078999727964401,0.6044824719429016,0.5108111500740051
les_neck_fing17__01000100__s0043.wav,0.8439202308654785,0.43455249071121216,0.15073475241661072,0.2172110676765442,0.3361194133758545,0.4412636458873749,0.8826832175254822,0.6264856457710266
les_neck_pick24__01000100__s0015.wav,0.9990777373313904,0.5448645949363708,0.13898207247257233,0.5807009935379028,0.2899782657623291,0.38408195972442627,0.3366313874721527,0.18757319450378418
strat_neck_fing01__01000100__s0035.wav,0.5308692455291748,0.8046951293945312,0.79195636510849,0.4380056858062744,0.47989368438720703,0.6041723489761353,0.03595568612217903,0.04066413640975952
tele_neck_pick18__01000100__s0014.wav,0.91410231590271,0.6875445246696472,0.48762544989585876,0.7098420262336731,0.44991958141326904,0.3524589240550995,0.5586674809455872,0.6503960490226746
tele_neck_pick12__01000100__s0014.wav,0.18641860783100128,0.6443808078765869,0.5596773624420166,0.25501081347465515,0.8609268069267273,0.8235611915588379,0.41993650794029236,0.5635386109352112
tele_bridge_pick19__01000100__s0035.wav,0.45472413301467896,0.5438040494918823,0.43367934226989746,0.5167043209075928,0.7264280915260315,0.5917321443557739,0.2613391876220703,0.5401056408882141
les_neck_pick21__01000100__s0032.wav,0.6736039519309998,0.7738943099975586,0.8919864892959595,0.8934502601623535,0.7024242877960205,0.40699586272239685,0.4101225733757019,0.4453175961971283
prs_bridge_fing12__01000100__s0051.wav,0.9430246949195862,0.9353302121162415,0.8783469200134277,0.9582626223564148,0.13239115476608276,0.0953931137919426,0.8188389539718628,0.8426106572151184
les_bridge_pick06__01000100__s0023.wav,0.3997132182121277,0.6694883704185486,0.8876249194145203,0.65975022315979,0.4093416631221771,0.39482298493385315,0.2028035819530487,0.33328405022621155
tele_bridge_fing13__01000100__s0027.wav,0.1796000599861145,0.41985219717025757,0.8582330942153931,0.7620299458503723,0.3775562345981598,0.17919476330280304,0.11464067548513412,0.06057912856340408
strat_neck_pick03__01000100__s0031.wav,0.0015827318420633674,0.24964389204978943,0.1449858695268631,0.42139190435409546,0.9696221351623535,0.7928006649017334,0.1406487673521042,0.2102198600769043
tele_neck_fing18__01000100__s0049.wav,0.6242153644561768,0.7486267685890198,0.6743330955505371,0.5016371607780457,0.6486623883247375,0.679330587387085,0.4577859044075012,0.6056923866271973
strat_neck_fing14__01000100__s0005.wav,0.2349250763654709,0.25413283705711365,0.3823356330394745,0.31851229071617126,0.6913666129112244,0.17048269510269165,0.7563437223434448,0.27789604663848877
prs_neck_pick20__01000100__s0023.wav,0.6553378701210022,0.7618094086647034,0.8121943473815918,0.5496260523796082,0.4982846975326538,0.510204017162323,0.5185199975967407,0.45647138357162476
les_neck_pick20__01000100__s0048.wav,0.7105262875556946,0.5675865411758423,0.5972431302070618,0.8267819881439209,0.694034218788147,0.8310746550559998,0.445959210395813,0.2479097694158554
tele_bridge_pick25__01000100__s0028.wav,0.7678008079528809,0.7985497713088989,0.6557576060295105,0.6653225421905518,0.13777358829975128,0.247850701212883,0.8509243726730347,0.675604522228241
les_bridge_fing22__01000100__s0026.wav,0.8087857961654663,0.5232657194137573,0.23497021198272705,0.7762913703918457,0.6322121620178223,0.5224440097808838,0.8005228042602539,0.7127184867858887
tele_bridge_fing25__01000100__s0026.wav,0.8677667379379272,0.9335433840751648,0.22057998180389404,0.649834156036377,0.42347389459609985,0.571474015712738,0.566762387752533,0.5262462496757507
les_bridge_fing01__01000100__s0031.wav,0.01613052561879158,0.2054668366909027,0.9641434550285339,0.17892605066299438,0.8771328926086426,0.9321748614311218,0.573076605796814,0.4424772262573242
les_bridge_fing13__01000100__s0025.wav,0.3971022069454193,0.5930390954017639,0.684192419052124,0.48408597707748413,0.201739102602005,0.5177912712097168,0.012540478259325027,0.06444641202688217
prs_bridge_pick02__01000100__s0048.wav,0.3086439371109009,0.38886794447898865,0.10645338892936707,0.294132262468338,0.15429028868675232,0.3753874599933624,0.36498743295669556,0.3236258327960968
strat_neck_fing25__01000100__s0050.wav,0.7519563436508179,0.7326202988624573,0.7877380847930908,0.49753445386886597,0.6215597987174988,0.8130590915679932,0.2759776711463928,0.4726560711860657
les_bridge_fing12__01000100__s0015.wav,0.7985352873802185,0.8271783590316772,0.826345682144165,0.7062388062477112,0.6265113353729248,0.702288806438446,0.7883548736572266,0.7615800499916077
les_neck_fing25__01000100__s0004.wav,0.9805758595466614,0.8717225193977356,0.4515434503555298,0.637579083442688,0.10500602424144745,0.03137163817882538,0.9658800959587097,0.9592562913894653
strat_neck_pick18__01000100__s0010.wav,0.7404757142066956,0.7009365558624268,0.8923889398574829,0.9426954984664917,0.14924706518650055,0.4487867057323456,0.3249506950378418,0.42391154170036316
prs_neck_fing22__01000100__s0037.wav,0.7809975743293762,0.8697279691696167,0.9558362364768982,0.4905450642108917,0.04751842841506004,0.12341201305389404,0.23678532242774963,0.41321876645088196
strat_bridge_pick09__01000100__s0046.wav,0.9264305830001831,0.7634083032608032,0.5060492753982544,0.5094630122184753,0.561755895614624,0.579723060131073,0.1084417775273323,0.1767018735408783
strat_bridge_fing22__01000100__s0022.wav,0.18497830629348755,0.4022098779678345,0.29282698035240173,0.5170477032661438,0.3568110764026642,0.264594167470932,0.8113952875137329,0.6460302472114563
tele_bridge_pick09__01000100__s0017.wav,0.6455013155937195,0.35430389642715454,0.3306606709957123,0.6564455628395081,0.6466348767280579,0.5197092294692993,0.9035505652427673,0.8180347681045532
les_bridge_fing12__01000100__s0019.wav,0.7446498274803162,0.5726995468139648,0.12624448537826538,0.5732459425926208,0.8142167329788208,0.7211117148399353,0.6037055850028992,0.49329593777656555
les_neck_fing17__01000100__s0018.wav,0.8278771042823792,0.28393319249153137,0.15099631249904633,0.3564396798610687,0.8131015300750732,0.5343238711357117,0.1465342789888382,0.2045128047466278
tele_neck_pick08__01000100__s0030.wav,0.6325327754020691,0.6869702339172363,0.7150857448577881,0.460414320230484,0.9171341061592102,0.8870246410369873,0.7743249535560608,0.7192673683166504
strat_bridge_fing23__01000100__s0015.wav,0.8546204566955566,0.8342397809028625,0.9475767612457275,0.7604315876960754,0.5683274865150452,0.6340308785438538,0.36931052803993225,0.620380699634552
prs_bridge_pick04__01000100__s0009.wav,0.8962487578392029,0.9014368653297424,0.5812848806381226,0.7311418056488037,0.8845877051353455,0.8524479269981384,0.8391148447990417,0.7657665610313416
les_neck_fing19__01000100__s0040.wav,0.9682717323303223,0.9421442151069641,0.9711287021636963,0.834470808506012,0.9299392700195312,0.7406414747238159,0.03864426910877228,0.10000405460596085
tele_neck_pick14__01000100__s0030.wav,0.35456910729408264,0.3460078239440918,0.3868793845176697,0.4362797737121582,0.0725114718079567,0.12253361195325851,0.6640269756317139,0.23007287085056305
strat_bridge_fing03__01000100__s0049.wav,0.44079434871673584,0.2865198850631714,0.30581405758857727,0.44858866930007935,0.6290521025657654,0.6062054634094238,0.647720992565155,0.6309691667556763
strat_neck_pick19__01000100__s0024.wav,0.13376037776470184,0.10831708461046219,0.11334414035081863,0.18319258093833923,0.4970422685146332,0.7624626755714417,0.0525040440261364,0.18205004930496216
tele_neck_fing20__01000100__s0052.wav,0.7760255336761475,0.5627233386039734,0.00023087674344424158,0.24050183594226837,0.9296407699584961,0.8664196133613586,0.3302857577800751,0.7505319714546204
strat_neck_fing16__01000100__s0013.wav,0.5900254249572754,0.5993587970733643,0.2506195604801178,0.3721000850200653,0.45733842253685,0.4704488217830658,0.1676180511713028,0.4090501070022583
strat_bridge_fing25__01000100__s0055.wav,0.6438288688659668,0.6829426288604736,0.5775185227394104,0.24837636947631836,0.5216357111930847,0.5200182795524597,0.07635024189949036,0.6024292707443237
prs_neck_pick16__01000100__s0035.wav,0.045180000364780426,0.3054085969924927,0.5352519154548645,0.23738178610801697,0.02796183153986931,0.052938882261514664,0.5582164525985718,0.5261997580528259
prs_neck_pick25__01000100__s0016.wav,0.7041081786155701,0.7389445900917053,0.8597053289413452,0.7796942591667175,0.7332325577735901,0.8344419598579407,0.03161667287349701,0.06809857487678528
tele_neck_pick04__01000100__s0024.wav,0.3664000928401947,0.3705359399318695,0.41113561391830444,0.5404778122901917,0.516358494758606,0.47601863741874695,0.3675083518028259,0.48382410407066345
strat_neck_fing20__01000100__s0034.wav,0.7426614761352539,0.785001814365387,0.5927703976631165,0.7331681847572327,0.3693091571331024,0.354746013879776,0.707798421382904,0.5850874781608582
tele_neck_fing02__01000100__s0028.wav,0.8515814542770386,0.7303647994995117,0.07782312482595444,0.5836269855499268,0.3108879327774048,0.26216381788253784,0.11767266690731049,0.16388702392578125
tele_neck_fing23__01000100__s0000.wav,0.6999455690383911,0.7429119348526001,0.9873300790786743,0.8806950449943542,0.39656203985214233,0.45317450165748596,0.8798325061798096,0.859399676322937
prs_neck_pick22__01000100__s0015.wav,0.6875745058059692,0.7157680988311768,0.7121455073356628,0.6347540020942688,0.5033053159713745,0.5968554615974426,0.618867814540863,0.6251007914543152
les_neck_pick07__01000100__s0041.wav,0.2942262589931488,0.5727814435958862,0.7745140790939331,0.6329081058502197,0.09598541259765625,0.18267694115638733,0.5370771288871765,0.62838214635849
les_bridge_pick18__01000100__s0034.wav,0.12449024617671967,0.4223889708518982,0.4292069673538208,0.5858453512191772,0.7093163728713989,0.8558288216590881,0.3273104429244995,0.43098214268684387
les_neck_fing05__01000100__s0046.wav,0.9136442542076111,0.8951521515846252,0.983130693435669,0.8671144843101501,0.21501092612743378,0.17391610145568848,0.824265718460083,0.6144194602966309
les_neck_fing19__01000100__s0035.wav,0.7524872422218323,0.8064305186271667,0.7253894209861755,0.6401805877685547,0.936793327331543,0.4009043872356415,0.024744857102632523,0.3901602625846863
prs_neck_fing15__01000100__s0049.wav,0.34815695881843567,0.5526126027107239,0.5297195911407471,0.290498822927475,0.9275906085968018,0.9287019371986389,0.6246675252914429,0.6773996353149414
strat_bridge_fing11__01000100__s0044.wav,0.9811022877693176,0.7500472664833069,0.849637508392334,0.6945755481719971,0.4870772957801819,0.4234521985054016,0.8910732865333557,0.7464575171470642
strat_neck_fing24__01000100__s0026.wav,0.37007033824920654,0.6542744040489197,0.9212755560874939,0.5045360326766968,0.7747709155082703,0.19831493496894836,0.7143146395683289,0.7621503472328186
tele_neck_pick09__01000100__s0049.wav,0.8843838572502136,0.7330381870269775,0.612932026386261,0.5810120105743408,0.6589641571044922,0.6665462255477905,0.6663786768913269,0.6996845006942749
prs_neck_fing09__01000100__s0010.wav,0.1361759752035141,0.22403162717819214,0.976430356502533,0.4311296045780182,0.1537608951330185,0.1400487720966339,0.3621324300765991,0.3676283061504364
strat_bridge_fing07__01000100__s0042.wav,0.10398463159799576,0.08311528712511063,0.6439664959907532,0.1920405775308609,0.32273176312446594,0.5505712628364563,0.6811209321022034,0.6701716780662537
tele_neck_pick24__01000100__s0039.wav,0.29175958037376404,0.13994424045085907,0.0322025790810585,0.32572251558303833,0.5114368200302124,0.4750916659832001,0.5986782312393188,0.5760142803192139
tele_neck_fing10__01000100__s0042.wav,0.5057427883148193,0.38862189650535583,0.1484556794166565,0.2628365755081177,0.6766644716262817,0.5361021757125854,0.3638664186000824,0.19728004932403564
prs_bridge_fing05__01000100__s0039.wav,0.7294565439224243,0.6259583830833435,0.265403687953949,0.24280208349227905,0.6642999053001404,0.7439349293708801,0.9078501462936401,0.6757149696350098
prs_neck_pick15__01000100__s0026.wav,0.6587409377098083,0.5935719609260559,0.764323890209198,0.5191299319267273,0.1430331915616989,0.17880991101264954,0.5884016752243042,0.46173256635665894
les_neck_pick15__01000100__s0007.wav,0.9163522720336914,0.29415854811668396,0.3648056089878082,0.2531878650188446,0.37943288683891296,0.3516349494457245,0.5146306157112122,0.4962310492992401
strat_neck_fing06__01000100__s0025.wav,0.9414182901382446,0.816716194152832,0.7743427157402039,0.7310034036636353,0.7290207147598267,0.6612796187400818,0.8289775252342224,0.5415819883346558
strat_bridge_pick18__01000100__s0041.wav,0.8415911793708801,0.6059481501579285,0.215857595205307,0.8015651106834412,0.7620044350624084,0.6973457932472229,0.09868445247411728,0.37083807587623596
prs_bridge_pick08__01000100__s0046.wav,0.4665873050689697,0.672042191028595,0.8375664353370667,0.3511665165424347,0.7582486867904663,0.7642266750335693,0.8301471471786499,0.8336857557296753
strat_bridge_fing25__01000100__s0035.wav,0.969762921333313,0.8446265459060669,0.8898037672042847,0.6885089874267578,0.3366747200489044,0.19478075206279755,0.6648417711257935,0.7176915407180786
strat_neck_fing02__01000100__s0025.wav,0.7018811702728271,0.7891913652420044,0.7718253135681152,0.6436855792999268,0.9907028079032898,0.8449740409851074,0.6274934411048889,0.5348694324493408
tele_neck_pick21__01000100__s0003.wav,0.9433639645576477,0.9538348317146301,0.8305116295814514,0.7991210222244263,0.7663580775260925,0.7254688143730164,0.45478010177612305,0.4973423480987549
strat_neck_pick23__01000100__s0036.wav,0.953014075756073,0.6619865894317627,0.05240717530250549,0.28633466362953186,0.12005744129419327,0.5691630244255066,0.08814892917871475,0.15186066925525665
strat_bridge_pick17__01000100__s0014.wav,0.26591670513153076,0.18684104084968567,0.6420255899429321,0.3884376585483551,0.5615833401679993,0.3451954126358032,0.6548485159873962,0.7941966652870178
prs_bridge_pick23__01000100__s0010.wav,0.8637092113494873,0.8369045257568359,0.9666451215744019,0.7474052906036377,0.1746140420436859,0.3326781392097473,0.5651746392250061,0.3335476219654083
tele_bridge_pick08__01000100__s0044.wav,0.6259220242500305,0.7120153307914734,0.6477970480918884,0.7188099026679993,0.14691473543643951,0.11468590795993805,0.17155855894088745,0.4346424639225006
les_neck_pick08__01000100__s0017.wav,0.7219476699829102,0.6072716116905212,0.8033612966537476,0.6006980538368225,0.6609934568405151,0.5471323132514954,0.8106072545051575,0.6731165647506714
tele_neck_pick10__01000100__s0017.wav,0.9728688597679138,0.6001198291778564,0.6757197976112366,0.5739164352416992,0.3331528306007385,0.6764145493507385,0.8390426635742188,0.8697575330734253
les_bridge_fing03__01000100__s0003.wav,0.3840983808040619,0.28547540307044983,0.3245646059513092,0.41664934158325195,0.5236020088195801,0.4454392194747925,0.9113159775733948,0.8160368800163269
les_bridge_fing17__01000100__s0032.wav,0.7722689509391785,0.6647897362709045,0.3175431787967682,0.2815004885196686,0.04748985916376114,0.18017493188381195,0.6758701801300049,0.5666208863258362
prs_neck_fing01__01000100__s0039.wav,0.1771080493927002,0.3714192509651184,0.9772937297821045,0.5252336859703064,0.2519543766975403,0.37912821769714355,0.2476419061422348,0.2218744158744812
tele_neck_pick16__01000100__s0031.wav,0.22098207473754883,0.5231314301490784,0.6716591715812683,0.4351755678653717,0.26254791021347046,0.17158143222332,0.7623828649520874,0.7902328372001648
prs_bridge_fing21__01000100__s0036.wav,0.5469127893447876,0.41303950548171997,0.2219557911157608,0.6759829521179199,0.5990321636199951,0.4290754199028015,0.35611969232559204,0.17401957511901855
les_bridge_pick20__01000100__s0034.wav,0.4702213406562805,0.5017125010490417,0.7848057150840759,0.6417772769927979,0.7035845518112183,0.7610413432121277,0.24863260984420776,0.40580540895462036
tele_bridge_fing25__01000100__s0018.wav,0.5948163866996765,0.7264977097511292,0.11645971983671188,0.3833597004413605,0.18797476589679718,0.2811287045478821,0.450512558221817,0.7818974852561951
strat_neck_fing11__01000100__s0013.wav,0.6822517514228821,0.17169058322906494,0.003692608792334795,0.4778037965297699,0.5060697793960571,0.5058025121688843,0.6556531190872192,0.7537744045257568
strat_bridge_fing18__01000100__s0027.wav,0.5597429275512695,0.465208500623703,0.4006902575492859,0.35655760765075684,0.8386554718017578,0.46122244000434875,0.47053882479667664,0.5916196703910828
strat_bridge_pick23__01000100__s0048.wav,0.3354148864746094,0.2924887239933014,0.9903736710548401,0.8466098308563232,0.8722172379493713,0.9043394327163696,0.43077558279037476,0.612331748008728
tele_neck_pick25__01000100__s0022.wav,0.43893110752105713,0.6408275365829468,0.9279244542121887,0.27675437927246094,0.6290662288665771,0.6012632250785828,0.8952272534370422,0.8808930516242981
strat_bridge_fing09__01000100__s0011.wav,0.8875940442085266,0.31067439913749695,0.006216568406671286,0.196537584066391,0.28097185492515564,0.2551179528236389,0.2086520493030548,0.16361063718795776
strat_neck_fing18__01000100__s0019.wav,0.08010108023881912,0.15522022545337677,0.7939395904541016,0.4617910385131836,0.40905919671058655,0.5606048107147217,0.16913491487503052,0.21367330849170685
les_neck_pick14__01000100__s0007.wav,0.6257722973823547,0.6439018249511719,0.6760420799255371,0.8565661907196045,0.8882272243499756,0.9399545192718506,0.3234362304210663,0.2978098392486572
prs_bridge_fing16__01000100__s0043.wav,0.6465435028076172,0.6861615180969238,0.9007652997970581,0.7678464651107788,0.22990469634532928,0.5390472412109375,0.06360236555337906,0.15286584198474884
prs_neck_pick06__01000100__s0030.wav,0.34580278396606445,0.7720336318016052,0.5848477482795715,0.27765026688575745,0.5379142761230469,0.800886869430542,0.40540385246276855,0.588808536529541
prs_neck_pick09__01000100__s0026.wav,0.26834800839424133,0.15097466111183167,0.15667158365249634,0.2671271860599518,0.6216574907302856,0.683243453502655,0.6916378736495972,0.6507437825202942
les_neck_pick19__01000100__s0006.wav,0.19970539212226868,0.480099081993103,0.81392902135849,0.47277653217315674,0.669086217880249,0.7211399078369141,0.8367215394973755,0.7755739092826843
strat_bridge_fing16__01000100__s0043.wav,0.09328918159008026,0.2867456376552582,0.007455321028828621,0.3223203718662262,0.7118898630142212,0.7772455215454102,0.798345148563385,0.6484158635139465
tele_neck_fing17__01000100__s0041.wav,0.7449278831481934,0.7963683605194092,0.9395057559013367,0.4589157998561859,0.2718909978866577,0.20074714720249176,0.6126964092254639,0.4527692496776581
prs_bridge_pick22__01000100__s0038.wav,0.17072872817516327,0.3863482177257538,0.7019731402397156,0.5184856653213501,0.5558251738548279,0.38264092803001404,0.39395979046821594,0.46147146821022034
les_neck_pick25__01000100__s0040.wav,0.5447832345962524,0.6314350366592407,0.9914419651031494,0.3554123342037201,0.10082218050956726,0.5809420347213745,0.2635346055030823,0.10357537120580673
les_bridge_pick06__01000100__s0012.wav,0.38308653235435486,0.365932822227478,0.3038453459739685,0.7391090989112854,0.6903230547904968,0.5625733733177185,0.749397873878479,0.599797785282135
tele_neck_pick10__01000100__s0012.wav,0.28083011507987976,0.4898945689201355,0.8255112767219543,0.3411993384361267,0.0539238266646862,0.13471387326717377,0.16470852494239807,0.6180006861686707
prs_neck_fing24__01000100__s0041.wav,0.7008693814277649,0.8189393877983093,0.9601677060127258,0.543858528137207,0.304067999124527,0.3935033977031708,0.8432592749595642,0.7044270634651184
tele_neck_fing13__01000100__s0018.wav,0.2712344527244568,0.17022627592086792,0.06751131266355515,0.20597678422927856,0.5817519426345825,0.6057673096656799,0.9007124900817871,0.7834478616714478
tele_bridge_fing03__01000100__s0004.wav,0.08360335975885391,0.1839045137166977,0.041011661291122437,0.4593074917793274,0.538989245891571,0.8218450546264648,0.3948960602283478,0.7405943274497986
prs_bridge_pick03__01000100__s0020.wav,0.45315051078796387,0.7366089224815369,0.5665532946586609,0.4118698537349701,0.8959763646125793,0.4197345972061157,0.25410568714141846,0.23460471630096436
prs_bridge_pick24__01000100__s0031.wav,0.14904773235321045,0.29949256777763367,0.9940656423568726,0.3835925757884979,0.8028253316879272,0.927791178226471,0.47511357069015503,0.6228814125061035
tele_bridge_pick17__01000100__s0050.wav,0.9695345163345337,0.9116550087928772,0.518325686454773,0.8026548027992249,0.5763258337974548,0.5499016046524048,0.12971676886081696,0.22502712905406952
les_bridge_pick03__01000100__s0042.wav,0.8283399939537048,0.6757836937904358,0.35591891407966614,0.5107495188713074,0.1086757630109787,0.5536578297615051,0.003420545719563961,0.09884849190711975
strat_bridge_pick18__01000100__s0011.wav,0.6375141739845276,0.5531541705131531,0.6145271062850952,0.7250871658325195,0.23865556716918945,0.629135012626648,0.3328477442264557,0.5541096925735474
prs_bridge_pick13__01000100__s0011.wav,0.3466460108757019,0.32268163561820984,0.8680155873298645,0.7327719330787659,0.6649670004844666,0.668893575668335,0.9123039841651917,0.7361800074577332
les_neck_fing01__01000100__s0026.wav,0.14412468671798706,0.25959429144859314,0.49568578600883484,0.24484416842460632,0.42984580993652344,0.4823090136051178,0.915522575378418,0.9035627841949463
tele_neck_pick23__01000100__s0011.wav,0.5049448013305664,0.531481921672821,0.3800855576992035,0.31646469235420227,0.23977090418338776,0.21883520483970642,0.9657332897186279,0.9550552368164062
prs_bridge_pick15__01000100__s0016.wav,0.7089265584945679,0.8299294710159302,0.6934916377067566,0.5678101778030396,0.8038326501846313,0.8528693318367004,0.39976966381073,0.5662223100662231
tele_neck_pick19__01000100__s0008.wav,0.010633913800120354,0.1628023087978363,0.8211333751678467,0.43773582577705383,0.5420277714729309,0.5685573220252991,0.583033561706543,0.5509535074234009
strat_bridge_pick14__01000100__s0024.wav,0.3758107125759125,0.5678952932357788,0.5031630992889404,0.7801960110664368,0.3052811324596405,0.2385590523481369,0.9981499314308167,0.9509643912315369
les_bridge_pick04__01000100__s0040.wav,0.6007322072982788,0.4917132258415222,0.2565494477748871,0.5131087303161621,0.9696404933929443,0.8720173835754395,0.20218047499656677,0.28115320205688477
tele_bridge_fing23__01000100__s0032.wav,0.08493923395872116,0.40951889753341675,0.4331096112728119,0.2495320588350296,0.3747367858886719,0.3696998953819275,0.7467165589332581,0.7744079232215881
tele_neck_fing23__01000100__s0009.wav,0.15814578533172607,0.0752832219004631,0.05692005902528763,0.229218527674675,0.4173237383365631,0.43824052810668945,0.8889780640602112,0.924066960811615
tele_bridge_pick09__01000100__s0003.wav,0.6433676481246948,0.5018009543418884,0.042132358998060226,0.24544468522071838,0.9681368470191956,0.9203563928604126,0.9130961894989014,0.7186722159385681
prs_neck_fing09__01000100__s0038.wav,0.6609796285629272,0.48534950613975525,0.5711131691932678,0.5022203326225281,0.18630705773830414,0.14538711309432983,0.5003694295883179,0.58914715051651
tele_bridge_fing04__01000100__s0019.wav,0.23797288537025452,0.5338563919067383,0.8922459483146667,0.2693190276622772,0.5222318768501282,0.4948177635669708,0.009893519803881645,0.22433699667453766
prs_bridge_pick01__01000100__s0015.wav,0.2028486430644989,0.23655816912651062,0.567302405834198,0.162929505109787,0.8278658986091614,0.8980228304862976,0.17386728525161743,0.11755399405956268
prs_neck_fing05__01000100__s0018.wav,0.36211490631103516,0.4629192054271698,0.7221070528030396,0.5726633667945862,0.974980890750885,0.8752320408821106,0.5762322545051575,0.61277174949646
tele_neck_fing06__01000100__s0007.wav,0.9158880114555359,0.9126026630401611,0.6322295665740967,0.677381694316864,0.05578724294900894,0.19589610397815704,0.22194607555866241,0.2966749966144562
les_bridge_fing24__01000100__s0049.wav,0.47631850838661194,0.3698245882987976,0.007972734048962593,0.2648829221725464,0.3166779577732086,0.4950276017189026,0.7110233902931213,0.7789636850357056
les_bridge_pick20__01000100__s0016.wav,0.8771125078201294,0.9787176847457886,0.8806605339050293,0.8666123151779175,0.21665304899215698,0.16168853640556335,0.20064960420131683,0.15826955437660217
les_bridge_pick04__01000100__s0036.wav,0.6068626642227173,0.719822883605957,0.7779718637466431,0.7703402042388916,0.19733771681785583,0.17704981565475464,0.5263392329216003,0.8231954574584961
les_bridge_pick13__01000100__s0040.wav,0.2214861959218979,0.31588196754455566,0.23316237330436707,0.3211575746536255,0.8227788209915161,0.8128800392150879,0.6630117893218994,0.5289909839630127
prs_neck_fing20__01000100__s0047.wav,0.3526114523410797,0.47722482681274414,0.1663024127483368,0.2368272840976715,0.8837435841560364,0.8506399393081665,0.43497344851493835,0.48840421438217163
les_neck_fing11__01000100__s0027.wav,0.5682934522628784,0.475383460521698,0.048962946981191635,0.38935282826423645,0.23072397708892822,0.2579145133495331,0.15084996819496155,0.2863195538520813
les_neck_fing18__01000100__s0046.wav,0.551231324672699,0.5530092716217041,0.6308427453041077,0.5183401107788086,0.7213874459266663,0.5845087766647339,0.028006473556160927,0.06826550513505936
prs_neck_pick05__01000100__s0006.wav,0.3132944405078888,0.36276060342788696,0.025367939844727516,0.13599620759487152,0.9770576357841492,0.3410892188549042,0.10842336714267731,0.16692617535591125
prs_bridge_pick23__01000100__s0024.wav,0.5397487878799438,0.34902772307395935,0.1576501727104187,0.3913242518901825,0.15302208065986633,0.24329298734664917,0.5884238481521606,0.6197881698608398
les_bridge_pick01__01000100__s0033.wav,0.9402949213981628,0.7255569696426392,0.4802977740764618,0.5596145987510681,0.07762832939624786,0.27126339077949524,0.15435218811035156,0.38205140829086304
les_bridge_pick15__01000100__s0030.wav,0.9843170642852783,0.8550313115119934,0.8670647740364075,0.6002793312072754,0.17437812685966492,0.3390766680240631,0.5362258553504944,0.663296103477478
les_neck_pick21__01000100__s0051.wav,0.40402650833129883,0.3940083384513855,0.6697556376457214,0.6694371104240417,0.23310399055480957,0.11202450096607208,0.8476846218109131,0.8415345549583435
prs_neck_pick13__01000100__s0034.wav,0.9037508368492126,0.6312234997749329,0.3543297052383423,0.5898265838623047,0.48440325260162354,0.6796258091926575,0.5639351606369019,0.4633740186691284
prs_bridge_fing23__01000100__s0015.wav,0.15483617782592773,0.31247711181640625,0.2793463468551636,0.3158993721008301,0.7975907921791077,0.8196089267730713,0.9048346281051636,0.8852449655532837
prs_bridge_fing08__01000100__s0037.wav,0.9915779829025269,0.6172022819519043,0.6148660778999329,0.48969998955726624,0.30108246207237244,0.2466542273759842,0.7327000498771667,0.46118608117103577
tele_bridge_pick06__01000100__s0004.wav,0.8369618654251099,0.7450695633888245,0.8823297023773193,0.5851569175720215,0.9279780387878418,0.599588930606842,0.03402804955840111,0.09355316311120987
prs_bridge_pick21__01000100__s0041.wav,0.3141641318798065,0.6200035214424133,0.9276368021965027,0.5266528129577637,0.21804557740688324,0.4136200249195099,0.2645263075828552,0.4935978055000305
les_neck_pick08__01000100__s0004.wav,0.3579539358615875,0.3961264491081238,0.4920059144496918,0.5545310974121094,0.16791072487831116,0.0873408392071724,0.8865625858306885,0.908987283706665
les_bridge_pick20__01000100__s0048.wav,0.6505380868911743,0.6972395181655884,0.7308337092399597,0.6994009613990784,0.6734163165092468,0.3668249249458313,0.0032988726161420345,0.0699913427233696
strat_neck_pick05__01000100__s0030.wav,0.8509429097175598,0.8828993439674377,0.5960102677345276,0.4929772615432739,0.44000500440597534,0.3556133806705475,0.3307444453239441,0.4274595081806183
tele_bridge_fing17__01000100__s0055.wav,0.6593067646026611,0.6461196541786194,0.6767458319664001,0.49041229486465454,0.7760406732559204,0.7668963074684143,0.8469449281692505,0.4954536557197571
les_neck_fing05__01000100__s0038.wav,0.07528062909841537,0.2837770879268646,0.6306689977645874,0.35990452766418457,0.9344214200973511,0.8366224765777588,0.15317708253860474,0.35815757513046265
strat_bridge_pick21__01000100__s0018.wav,0.060391608625650406,0.3516416847705841,0.04170380160212517,0.2877408564090729,0.3145824670791626,0.590713620185852,0.3111337125301361,0.4969036281108856
tele_neck_fing20__01000100__s0032.wav,0.04294249787926674,0.06624885648488998,0.5549808740615845,0.1639830321073532,0.22798988223075867,0.11299466341733932,0.9419847726821899,0.8991661667823792
les_neck_fing15__01000100__s0033.wav,0.8679673075675964,0.8002790212631226,0.6791186332702637,0.6004173755645752,0.2782682776451111,0.2965341806411743,0.4460344910621643,0.3073754906654358
strat_neck_fing06__01000100__s0035.wav,0.4249618649482727,0.1368517428636551,0.09797448664903641,0.5159903764724731,0.27816563844680786,0.4542235732078552,0.9588571786880493,0.8086363077163696
tele_bridge_pick24__01000100__s0025.wav,0.6335904002189636,0.61017245054245,0.43932634592056274,0.46535465121269226,0.3769737184047699,0.43537288904190063,0.7383649945259094,0.5975053906440735
strat_bridge_fing14__01000100__s0015.wav,0.6070975661277771,0.6801518797874451,0.5735667943954468,0.506053626537323,0.34122589230537415,0.36717861890792847,0.8759877681732178,0.754878044128418
prs_neck_pick09__01000100__s0041.wav,0.18781624734401703,0.26574403047561646,0.4177413582801819,0.21994617581367493,0.2788304388523102,0.606669008731842,0.25967806577682495,0.5276694297790527
tele_bridge_pick08__01000100__s0007.wav,0.7381162643432617,0.5612598657608032,0.1276204138994217,0.31482556462287903,0.8934202790260315,0.23065239191055298,0.35643789172172546,0.6406551599502563
les_neck_fing09__01000100__s0029.wav,0.43141284584999084,0.7444936633110046,0.16704091429710388,0.5046486258506775,0.0388544425368309,0.09061115235090256,0.979888916015625,0.6838829517364502
les_neck_pick02__01000100__s0029.wav,0.539364218711853,0.6460543870925903,0.3995663523674011,0.48649105429649353,0.0944254919886589,0.11726786941289902,0.22005502879619598,0.7568594813346863
prs_bridge_fing17__01000100__s0040.wav,0.9775137901306152,0.8217729926109314,0.7702193260192871,0.7305191159248352,0.1387900710105896,0.18890351057052612,0.5078749656677246,0.3987712562084198
les_neck_pick03__01000100__s0024.wav,0.6390734314918518,0.6956341862678528,0.7802736163139343,0.6764006614685059,0.6212670207023621,0.6624742746353149,0.7117490172386169,0.7535209059715271
strat_bridge_pick04__01000100__s0012.wav,0.6624420881271362,0.6722243428230286,0.3679778575897217,0.127822607755661,0.3616638481616974,0.25009918212890625,0.46471720933914185,0.46057063341140747
strat_neck_pick11__01000100__s0023.wav,0.48208731412887573,0.41814661026000977,0.2762751877307892,0.3815401792526245,0.05328334495425224,0.44640904664993286,0.33688536286354065,0.5830487012863159
prs_bridge_pick19__01000100__s0031.wav,0.9306381940841675,0.8967881798744202,0.9030022621154785,0.8781777024269104,0.6613298058509827,0.8056191802024841,0.307125061750412,0.48813363909721375
tele_neck_fing11__01000100__s0049.wav,0.4793846309185028,0.6789379119873047,0.25650671124458313,0.4996654689311981,0.19616560637950897,0.19215382635593414,0.7449116110801697,0.5557643175125122
strat_bridge_fing11__01000100__s0047.wav,0.3473990261554718,0.2759852111339569,0.18466544151306152,0.3906012177467346,0.7650501728057861,0.6101034283638,0.33819979429244995,0.20743721723556519
tele_bridge_fing18__01000100__s0045.wav,0.44280925393104553,0.14536383748054504,0.02270655147731304,0.2684362232685089,0.8269211649894714,0.8170536160469055,0.5470530986785889,0.668317437171936
les_bridge_pick19__01000100__s0036.wav,0.045026104897260666,0.24547307193279266,0.5001777410507202,0.19764071702957153,0.7858627438545227,0.7774644494056702,0.15881101787090302,0.3072810173034668
prs_bridge_pick01__01000100__s0029.wav,0.47619175910949707,0.3406740427017212,0.3778800070285797,0.4273008406162262,0.6552199721336365,0.7945489883422852,0.4295561611652374,0.5709550380706787
les_bridge_fing21__01000100__s0027.wav,0.5065343976020813,0.7004824876785278,0.7706744074821472,0.8541373610496521,0.7094366550445557,0.8980215787887573,0.8190446496009827,0.7555927634239197
strat_bridge_fing06__01000100__s0042.wav,0.8638015985488892,0.8957928419113159,0.6634631156921387,0.8402755260467529,0.6317152380943298,0.6670167446136475,0.22147564589977264,0.23573219776153564
strat_bridge_fing13__01000100__s0030.wav,0.31190595030784607,0.6376013159751892,0.9306806325912476,0.3740922510623932,0.9482343196868896,0.7060962319374084,0.7439875602722168,0.4570154845714569
strat_bridge_fing16__01000100__s0018.wav,0.14268897473812103,0.5638649463653564,0.993291974067688,0.3904452919960022,0.44491252303123474,0.28123244643211365,0.795931339263916,0.45107537508010864
prs_neck_fing05__01000100__s0007.wav,0.20179401338100433,0.24937868118286133,0.6829696893692017,0.32527458667755127,0.05049616098403931,0.17919248342514038,0.03557024523615837,0.11384312808513641
tele_bridge_pick18__01000100__s0045.wav,0.2557735741138458,0.4239200949668884,0.23345237970352173,0.316928893327713,0.9264510869979858,0.8841991424560547,0.7462881207466125,0.7523409724235535
les_neck_pick02__01000100__s0013.wav,0.9086528420448303,0.7131685614585876,0.010735766030848026,0.4020736813545227,0.7268899083137512,0.7124788761138916,0.5670005083084106,0.44495242834091187
prs_neck_pick13__01000100__s0041.wav,0.3928782045841217,0.6623336672782898,0.9237765669822693,0.8023601770401001,0.532037079334259,0.49556419253349304,0.5242551565170288,0.5180239081382751
les_bridge_pick12__01000100__s0010.wav,0.09231629967689514,0.21699844300746918,0.2346268594264984,0.2837155759334564,0.7935061454772949,0.7149478793144226,0.7863450050354004,0.7418250441551208
strat_bridge_pick16__01000100__s0002.wav,0.11412642151117325,0.2363979071378708,0.4895917773246765,0.18888850510120392,0.6894931793212891,0.732744574546814,0.08934735506772995,0.40182924270629883
prs_bridge_fing18__01000100__s0043.wav,0.889200747013092,0.9182989001274109,0.7430629730224609,0.851569414138794,0.2259281575679779,0.2544204592704773,0.00852592196315527,0.04736461117863655
les_neck_pick07__01000100__s0020.wav,0.7431886196136475,0.7703469395637512,0.3640426993370056,0.40218642354011536,0.7561157941818237,0.6875188946723938,0.2947653830051422,0.5322033166885376
prs_neck_fing03__01000100__s0033.wav,0.7659972906112671,0.7148487567901611,0.6562095284461975,0.7860896587371826,0.8426392674446106,0.8111782073974609,0.5587703585624695,0.5962320566177368
strat_bridge_pick01__01000100__s0030.wav,0.9200963973999023,0.8006452322006226,0.47438234090805054,0.4664517641067505,0.7934257984161377,0.6847179532051086,0.3003697991371155,0.6094270944595337
strat_bridge_fing18__01000100__s0015.wav,0.2058563083410263,0.2537153959274292,0.9598228335380554,0.7252944111824036,0.9611588716506958,0.7600828409194946,0.3760509192943573,0.4144125282764435
prs_bridge_pick06__01000100__s0023.wav,0.8477685451507568,0.9089186787605286,0.9438429474830627,0.9446018934249878,0.3573198914527893,0.46796950697898865,0.8047236204147339,0.652786910533905
les_bridge_fing05__01000100__s0015.wav,0.637131929397583,0.6758543252944946,0.6884263157844543,0.8848957419395447,0.39467141032218933,0.5756278038024902,0.783231258392334,0.6484730839729309
strat_neck_fing19__01000100__s0045.wav,0.7001145482063293,0.6949806809425354,0.27928030490875244,0.4186985492706299,0.7001370787620544,0.7729200720787048,0.9877230525016785,0.9802703857421875
les_neck_pick25__01000100__s0003.wav,0.33602288365364075,0.10442359745502472,0.09266534447669983,0.29277053475379944,0.28443050384521484,0.274350643157959,0.8385149836540222,0.7837674617767334
prs_bridge_pick14__01000100__s0024.wav,0.2391350269317627,0.4020414650440216,0.9543399810791016,0.767911970615387,0.1759914606809616,0.2651062309741974,0.21525247395038605,0.3317206799983978
prs_bridge_fing06__01000100__s0043.wav,0.7380945682525635,0.7698723077774048,0.9616223573684692,0.795745849609375,0.9217244386672974,0.4465968906879425,0.5366716384887695,0.6748121380805969
prs_neck_fing20__01000100__s0018.wav,0.464741975069046,0.7672898173332214,0.5011729001998901,0.35574376583099365,0.21233755350112915,0.24256081879138947,0.4863593578338623,0.7238413691520691
tele_neck_pick15__01000100__s0005.wav,0.6134655475616455,0.4956820607185364,0.07268574833869934,0.14391185343265533,0.03940028324723244,0.21085266768932343,0.17417660355567932,0.3876143991947174
strat_neck_pick07__01000100__s0028.wav,0.2566627264022827,0.4098370373249054,0.7667661309242249,0.6067777276039124,0.7524076700210571,0.8812084197998047,0.429613322019577,0.6102121472358704
strat_bridge_pick09__01000100__s0038.wav,0.04370465874671936,0.2235136777162552,0.08184557408094406,0.2938300371170044,0.16707779467105865,0.49156132340431213,0.4003983438014984,0.27879011631011963
tele_neck_fing11__01000100__s0008.wav,0.15749403834342957,0.4192315936088562,0.9561049938201904,0.15399686992168427,0.10708421468734741,0.2684377133846283,0.07132238894701004,0.4665711522102356
strat_bridge_fing14__01000100__s0038.wav,0.8118079304695129,0.7943867444992065,0.7628445029258728,0.8227343559265137,0.21397998929023743,0.3389359414577484,0.5629648566246033,0.5053911805152893
prs_bridge_pick14__01000100__s0001.wav,0.17529232800006866,0.32894301414489746,0.5985256433486938,0.7777604460716248,0.8477564454078674,0.8331661820411682,0.2002353072166443,0.25877973437309265
les_neck_fing06__01000100__s0020.wav,0.398232102394104,0.5489457845687866,0.9983721971511841,0.6412897706031799,0.46610769629478455,0.5439043641090393,0.6702820658683777,0.7111586332321167
les_bridge_fing13__01000100__s0043.wav,0.2315710037946701,0.17959611117839813,0.15003757178783417,0.4698229432106018,0.34282195568084717,0.6578778624534607,0.9518399238586426,0.909389317035675
strat_neck_fing18__01000100__s0051.wav,0.8266528248786926,0.8450108766555786,0.41952669620513916,0.656501054763794,0.8364503383636475,0.6086158156394958,0.4319441318511963,0.18365837633609772
tele_bridge_fing25__01000100__s0004.wav,0.041391149163246155,0.22770270705223083,0.9785276055335999,0.3924267292022705,0.8291290402412415,0.9222077131271362,0.22685521841049194,0.3588043451309204
tele_bridge_fing20__01000100__s0009.wav,0.9728633165359497,0.8446300625801086,0.2874886691570282,0.25005897879600525,0.7075352072715759,0.7519345879554749,0.37027356028556824,0.3988650143146515
prs_bridge_pick13__01000100__s0053.wav,0.38158896565437317,0.3249601125717163,0.28315502405166626,0.2711631953716278,0.7731672525405884,0.6515258550643921,0.45270735025405884,0.41235366463661194
tele_neck_pick11__01000100__s0026.wav,0.8211555480957031,0.36614540219306946,0.08846217393875122,0.6656429171562195,0.3197415769100189,0.4176728427410126,0.02944333106279373,0.10965277254581451
les_neck_pick18__01000100__s0018.wav,0.11913647502660751,0.312936007976532,0.7333130240440369,0.4693305194377899,0.6113061904907227,0.6606819033622742,0.3937554657459259,0.46672940254211426
prs_neck_pick07__01000100__s0021.wav,0.14586639404296875,0.1593267172574997,0.1458229422569275,0.33660611510276794,0.5862820148468018,0.554498016834259,0.6124550104141235,0.6854647397994995
prs_bridge_pick20__01000100__s0030.wav,0.2865791320800781,0.2026223987340927,0.7396899461746216,0.7614004611968994,0.40885889530181885,0.411079078912735,0.8382624387741089,0.74881911277771
strat_neck_fing12__01000100__s0052.wav,0.7970877885818481,0.769935131072998,0.2171376496553421,0.5227581262588501,0.23223040997982025,0.15815652906894684,0.18129286170005798,0.46875613927841187
les_bridge_fing25__01000100__s0006.wav,0.5787144899368286,0.6240425109863281,0.530368983745575,0.4058271050453186,0.9803016781806946,0.8924549221992493,0.7112247943878174,0.7646106481552124
prs_bridge_fing11__01000100__s0050.wav,0.4806879460811615,0.30162397027015686,0.5491601228713989,0.7162487506866455,0.4457549750804901,0.45582419633865356,0.5809456706047058,0.7154989242553711
strat_neck_fing21__01000100__s0014.wav,0.9506906867027283,0.8289002180099487,0.33740270137786865,0.42632681131362915,0.34947314858436584,0.3048703372478485,0.4719206690788269,0.2768615782260895
strat_neck_fing08__01000100__s0048.wav,0.610263466835022,0.6748352646827698,0.40924501419067383,0.5215800404548645,0.6805830597877502,0.7460035085678101,0.04531411454081535,0.18974569439888
prs_bridge_fing05__01000100__s0002.wav,0.6501001715660095,0.6774081587791443,0.6752637624740601,0.7469702959060669,0.3023551106452942,0.22640740871429443,0.19374307990074158,0.2723832130432129
prs_neck_pick10__01000100__s0026.wav,0.3860064148902893,0.4582112431526184,0.7226038575172424,0.5518709421157837,0.7261629104614258,0.8919556140899658,0.8520587086677551,0.5954205989837646
prs_neck_fing04__01000100__s0022.wav,0.9999789595603943,0.8169994950294495,0.42603328824043274,0.29324954748153687,0.7246460914611816,0.4826713502407074,0.6108832359313965,0.38446882367134094
les_neck_pick16__01000100__s0054.wav,0.3575606942176819,0.2541378438472748,0.17128491401672363,0.1843460202217102,0.9366225600242615,0.909406840801239,0.89857017993927,0.5312355160713196
prs_neck_fing23__01000100__s0040.wav,0.33517375588417053,0.32380953431129456,0.6059258580207825,0.5961414575576782,0.056487832218408585,0.12152398377656937,0.7357537150382996,0.6126338839530945
tele_neck_fing09__01000100__s0015.wav,0.4579985439777374,0.6576363444328308,0.23763690888881683,0.4292634129524231,0.9794760346412659,0.7996018528938293,0.41820189356803894,0.6467454433441162
strat_neck_fing21__01000100__s0021.wav,0.7078134417533875,0.6387566328048706,0.5054620504379272,0.5392223000526428,0.4443364441394806,0.6710699796676636,0.8802919387817383,0.6827691197395325
prs_bridge_pick14__01000100__s0011.wav,0.03555683791637421,0.19106703996658325,0.9528238773345947,0.30740416049957275,0.283551961183548,0.5890031456947327,0.09324156492948532,0.12595690786838531
strat_neck_pick16__01000100__s0025.wav,0.8828850388526917,0.8606667518615723,0.7392987608909607,0.6336356401443481,0.30189046263694763,0.45511960983276367,0.1183570921421051,0.10720020532608032
strat_neck_pick04__01000100__s0040.wav,0.7755034565925598,0.5343531966209412,0.16205936670303345,0.5815852284431458,0.11802195012569427,0.1566355675458908,0.9689785242080688,0.8863542079925537
prs_neck_fing18__01000100__s0023.wav,0.5678892135620117,0.4161399006843567,0.3718557059764862,0.4086368978023529,0.7187464237213135,0.818701446056366,0.8909256458282471,0.635129988193512
strat_bridge_pick15__01000100__s0004.wav,0.5365095138549805,0.5967285633087158,0.49501392245292664,0.46520426869392395,0.5769338607788086,0.7390974760055542,0.3083193898200989,0.20195208489894867
les_neck_pick04__01000100__s0043.wav,0.6068425178527832,0.42387130856513977,0.08051896095275879,0.27862992882728577,0.952515721321106,0.9539387226104736,0.9428777098655701,0.586616039276123
tele_bridge_fing23__01000100__s0019.wav,0.38222193717956543,0.450434148311615,0.5915946960449219,0.6473503112792969,0.6687050461769104,0.7742137312889099,0.3934036195278168,0.13362982869148254
tele_bridge_fing07__01000100__s0037.wav,0.5126560926437378,0.5173693895339966,0.13908763229846954,0.6628076434135437,0.572677493095398,0.29341286420822144,0.5641069412231445,0.17053797841072083
tele_bridge_fing14__01000100__s0052.wav,0.4349125623703003,0.32006028294563293,0.3803357779979706,0.41329774260520935,0.38957810401916504,0.32920002937316895,0.6603438854217529,0.49844926595687866
strat_bridge_fing01__01000100__s0003.wav,0.8494442701339722,0.9238499999046326,0.7553088665008545,0.8844747543334961,0.3826555907726288,0.4197724461555481,0.27063339948654175,0.42216357588768005
prs_neck_fing21__01000100__s0010.wav,0.12217751890420914,0.13457714021205902,0.47412240505218506,0.5433450937271118,0.9113385677337646,0.8346242308616638,0.990996241569519,0.9743688106536865
les_bridge_fing25__01000100__s0018.wav,0.8714297413825989,0.6181861758232117,0.1332477331161499,0.8652281165122986,0.5638599991798401,0.4208235740661621,0.2963726818561554,0.38158759474754333
prs_neck_pick07__01000100__s0002.wav,0.6674643754959106,0.30956554412841797,0.4411444365978241,0.4882534444332123,0.9831197261810303,0.8305262923240662,0.03468490391969681,0.14091433584690094
tele_bridge_fing25__01000100__s0003.wav,0.9743244647979736,0.8821199536323547,0.3516862690448761,0.7978299260139465,0.3043068051338196,0.5450564622879028,0.7495368719100952,0.6546263098716736
les_neck_pick17__01000100__s0000.wav,0.7147158980369568,0.48654940724372864,0.341252863407135,0.760683536529541,0.8498988151550293,0.7823987603187561,0.8971847891807556,0.8175784349441528
strat_neck_pick07__01000100__s0035.wav,0.9458943605422974,0.6932751536369324,0.5003734230995178,0.4786273241043091,0.9711413979530334,0.7157086133956909,0.25684717297554016,0.4239179193973541
strat_bridge_fing11__01000100__s0034.wav,0.40786880254745483,0.2791264057159424,0.39150628447532654,0.2940024435520172,0.06760091334581375,0.11742886155843735,0.4132334887981415,0.40196624398231506
strat_neck_pick25__01000100__s0026.wav,0.13958142697811127,0.6697743535041809,0.0315968319773674,0.4979616403579712,0.3047425150871277,0.22992219030857086,0.6968589425086975,0.6690787672996521
strat_bridge_pick03__01000100__s0047.wav,0.8350430727005005,0.8357788920402527,0.8032727837562561,0.7852689623832703,0.8093900084495544,0.8303437829017639,0.5735193490982056,0.28412264585494995
les_bridge_pick16__01000100__s0037.wav,0.13598468899726868,0.39500904083251953,0.3179721534252167,0.22875912487506866,0.7214789390563965,0.8525364995002747,0.49982571601867676,0.39048856496810913
strat_bridge_pick22__01000100__s0011.wav,0.7583982944488525,0.7161205410957336,0.5144864916801453,0.6175359487533569,0.7543167471885681,0.5185748338699341,0.09525143355131149,0.07365474849939346
prs_bridge_pick11__01000100__s0003.wav,0.862111508846283,0.6101999878883362,0.4668188989162445,0.739296019077301,0.5663614273071289,0.5212401151657104,0.776656985282898,0.7501198053359985
prs_bridge_fing23__01000100__s0000.wav,0.34880876541137695,0.21482130885124207,0.046799033880233765,0.3114190697669983,0.1173907071352005,0.4237247705459595,0.2582864761352539,0.6587501168251038
prs_bridge_fing15__01000100__s0039.wav,0.07030148059129715,0.10442423820495605,0.39953625202178955,0.5722501873970032,0.14379918575286865,0.3150821924209595,0.776699423789978,0.47017255425453186
les_bridge_pick06__01000100__s0050.wav,0.4107980728149414,0.4143069088459015,0.4140603244304657,0.5404952168464661,0.4826359152793884,0.4804578721523285,0.5311741828918457,0.5759086012840271
strat_neck_pick01__01000100__s0052.wav,0.2919667065143585,0.6425282955169678,0.5862776041030884,0.19826245307922363,0.05270455405116081,0.531907320022583,0.6520353555679321,0.7731150984764099
tele_neck_pick10__01000100__s0039.wav,0.9160650968551636,0.7088682055473328,0.2915705144405365,0.3203064203262329,0.5306468605995178,0.4758382737636566,0.5002652406692505,0.5993619561195374
les_neck_fing14__01000100__s0048.wav,0.5045716762542725,0.5481469035148621,0.5500766038894653,0.6080923080444336,0.13010242581367493,0.03285783901810646,0.6964539885520935,0.8251945972442627
prs_neck_fing06__01000100__s0016.wav,0.21442453563213348,0.5111117959022522,0.9683214426040649,0.6211907267570496,0.20913568139076233,0.1593678891658783,0.6725471615791321,0.6965365409851074
prs_neck_fing22__01000100__s0046.wav,0.6827897429466248,0.7305592894554138,0.7252120971679688,0.6392381191253662,0.32651254534721375,0.35871171951293945,0.43696898221969604,0.49086132645606995
prs_neck_pick22__01000100__s0050.wav,0.6657195091247559,0.49680134654045105,0.128786101937294,0.6559788584709167,0.10676499456167221,0.08152519911527634,0.42614907026290894,0.3898303508758545
tele_bridge_pick10__01000100__s0009.wav,0.983768880367279,0.6744340062141418,0.4266621470451355,0.500412106513977,0.08176063001155853,0.22391116619110107,0.5874055027961731,0.32526645064353943
strat_neck_pick02__01000100__s0015.wav,0.41026121377944946,0.7447831630706787,0.4177660644054413,0.3812173902988434,0.2903834283351898,0.41519805788993835,0.48912739753723145,0.4198450446128845
prs_bridge_fing05__01000100__s0025.wav,0.9045473337173462,0.7937362194061279,0.9585732817649841,0.835769534111023,0.38525301218032837,0.4151574373245239,0.689949095249176,0.6504464149475098
les_neck_pick07__01000100__s0036.wav,0.32068178057670593,0.6864491701126099,0.6122439503669739,0.4901076555252075,0.4159007966518402,0.446660578250885,0.9270410537719727,0.7701935768127441
prs_neck_fing14__01000100__s0019.wav,0.043297719210386276,0.06687475740909576,0.6517808437347412,0.4399589002132416,0.7558841109275818,0.5458676815032959,0.7940368056297302,0.8440362811088562
tele_neck_pick12__01000100__s0044.wav,0.5846275687217712,0.5798700451850891,0.6058447360992432,0.6807587742805481,0.5541768670082092,0.6166262030601501,0.5836508870124817,0.5728169083595276
tele_bridge_pick19__01000100__s0002.wav,0.12538035213947296,0.2281753122806549,0.5627351403236389,0.20760329067707062,0.9016749262809753,0.8123153448104858,0.3541680574417114,0.3234897553920746
strat_bridge_pick12__01000100__s0038.wav,0.8372937440872192,0.9224555492401123,0.7847005724906921,0.7473058700561523,0.1378302425146103,0.20142310857772827,0.7228071093559265,0.8047090768814087
tele_bridge_pick23__01000100__s0040.wav,0.5393068790435791,0.61420077085495,0.6469104886054993,0.6375929117202759,0.12673954665660858,0.2922861874103546,0.1816023588180542,0.4400983452796936
prs_neck_fing17__01000100__s0029.wav,0.6764345169067383,0.4772774279117584,0.24024459719657898,0.6399834752082825,0.852954626083374,0.8352077603340149,0.7328116297721863,0.6658105254173279
les_bridge_pick18__01000100__s0053.wav,0.6071484684944153,0.6380329728126526,0.8833690285682678,0.525993287563324,0.9398298263549805,0.7797185182571411,0.5699654221534729,0.4574291408061981
tele_neck_fing03__01000100__s0018.wav,0.03487076982855797,0.19493991136550903,0.3488227427005768,0.4428861737251282,0.4244302213191986,0.5291422009468079,0.8751846551895142,0.8817616701126099
prs_bridge_fing08__01000100__s0006.wav,0.3773958086967468,0.43125325441360474,0.36115625500679016,0.2514813244342804,0.19844357669353485,0.4299919009208679,0.13694879412651062,0.1528635025024414
les_neck_fing20__01000100__s0055.wav,0.7315031886100769,0.805383026599884,0.8669418096542358,0.8642845153808594,0.17540907859802246,0.1571006029844284,0.9586089253425598,0.9555650949478149
strat_bridge_pick09__01000100__s0018.wav,0.2329842895269394,0.47882479429244995,0.5963624715805054,0.15400582551956177,0.9837460517883301,0.7091703414916992,0.6905420422554016,0.6309468150138855
prs_neck_pick20__01000100__s0008.wav,0.677489697933197,0.5537057518959045,0.37004825472831726,0.442826509475708,0.068948894739151,0.27690547704696655,0.49034422636032104,0.28856831789016724
les_bridge_pick09__01000100__s0025.wav,0.3278017044067383,0.44079554080963135,0.1555148810148239,0.3570162057876587,0.5039328336715698,0.5438722968101501,0.4501795172691345,0.5765872001647949
strat_bridge_fing02__01000100__s0039.wav,0.26641610264778137,0.2840675413608551,0.4472177028656006,0.4438340961933136,0.49504557251930237,0.5548546314239502,0.22957222163677216,0.3317585289478302
strat_bridge_fing10__01000100__s0039.wav,0.17074556648731232,0.27837935090065,0.44465163350105286,0.41386187076568604,0.11006796360015869,0.31685590744018555,0.8532229065895081,0.7922281622886658
prs_neck_fing17__01000100__s0036.wav,0.77785724401474,0.7311155200004578,0.24467548727989197,0.5409204959869385,0.28538307547569275,0.17701461911201477,0.8708444237709045,0.9061468243598938
strat_bridge_fing25__01000100__s0009.wav,0.018273580819368362,0.18033742904663086,0.21099190413951874,0.36378270387649536,0.18220467865467072,0.437397837638855,0.3623163402080536,0.37151384353637695
strat_bridge_fing19__01000100__s0027.wav,0.6164633631706238,0.6144399046897888,0.46543338894844055,0.7123245596885681,0.6366880536079407,0.4936249852180481,0.16796450316905975,0.28655028343200684
tele_neck_fing04__01000100__s0042.wav,0.8675194978713989,0.7160571217536926,0.010128754191100597,0.4845246970653534,0.9267286658287048,0.8086531162261963,0.18790097534656525,0.2710789144039154
les_bridge_pick03__01000100__s0018.wav,0.42090216279029846,0.6673094034194946,0.6528218388557434,0.4989405572414398,0.10803382098674774,0.20855781435966492,0.17939339578151703,0.21409642696380615
strat_neck_pick19__01000100__s0008.wav,0.27136173844337463,0.3040999472141266,0.24848300218582153,0.7327806353569031,0.9082845449447632,0.7687094807624817,0.3553730249404907,0.24147428572177887
strat_neck_fing20__01000100__s0035.wav,0.2632503807544708,0.33587080240249634,0.3598482012748718,0.31380534172058105,0.06345294415950775,0.48859333992004395,0.7199392318725586,0.7676054239273071
prs_bridge_pick24__01000100__s0012.wav,0.6994287371635437,0.7707193493843079,0.9357595443725586,0.6593757271766663,0.28078216314315796,0.5614542961120605,0.15194782614707947,0.22801142930984497
prs_neck_fing22__01000100__s0040.wav,0.45445534586906433,0.44392719864845276,0.12853361666202545,0.5771393775939941,0.43048614263534546,0.19256927073001862,0.2704623341560364,0.23867973685264587
tele_bridge_pick23__01000100__s0054.wav,0.2517825961112976,0.3556222915649414,0.447035014629364,0.4141371548175812,0.07901465147733688,0.0742456242442131,0.7408187389373779,0.5672189593315125
tele_neck_pick21__01000100__s0050.wav,0.7857275009155273,0.8720893859863281,0.9581560492515564,0.8322363495826721,0.8660134673118591,0.7982169389724731,0.44652658700942993,0.47067177295684814
tele_bridge_pick06__01000100__s0022.wav,0.37616804242134094,0.7573440074920654,0.5420262217521667,0.24414405226707458,0.49703410267829895,0.5284862518310547,0.43307995796203613,0.6768472790718079
tele_bridge_pick24__01000100__s0030.wav,0.9552249908447266,0.9480883479118347,0.8975589275360107,0.9549437761306763,0.0917958915233612,0.07285455614328384,0.9311319589614868,0.9232917428016663
prs_bridge_fing23__01000100__s0042.wav,0.06071619316935539,0.12239257246255875,0.4414176046848297,0.1401257961988449,0.789962112903595,0.7253797054290771,0.5325653553009033,0.5651437640190125
les_bridge_fing06__01000100__s0020.wav,0.47321978211402893,0.7652938961982727,0.9780245423316956,0.7116116285324097,0.8470135927200317,0.7497847080230713,0.2616037428379059,0.4680657386779785
prs_neck_pick17__01000100__s0047.wav,0.8444679975509644,0.5780942440032959,0.07088415324687958,0.3258974254131317,0.5958315134048462,0.5652410984039307,0.22841042280197144,0.2827201187610626
les_neck_fing09__01000100__s0020.wav,0.4318937063217163,0.5951343774795532,0.7935096621513367,0.6883887648582458,0.5294040441513062,0.4625520408153534,0.4409595727920532,0.28195205330848694
tele_bridge_pick13__01000100__s0037.wav,0.14102290570735931,0.13388648629188538,0.012304886244237423,0.15879939496517181,0.38116511702537537,0.6875373721122742,0.09278605878353119,0.17983102798461914
les_neck_fing03__01000100__s0003.wav,0.41959336400032043,0.6984589695930481,0.256008505821228,0.5271530151367188,0.4161803722381592,0.6511126160621643,0.33736473321914673,0.2904294431209564
strat_bridge_pick17__01000100__s0016.wav,0.5198485255241394,0.6643025279045105,0.7455406785011292,0.6820805072784424,0.0764295756816864,0.15298067033290863,0.18793591856956482,0.14735126495361328
tele_neck_pick05__01000100__s0007.wav,0.8627274632453918,0.7657569050788879,0.3260316550731659,0.40088018774986267,0.3584497272968292,0.5262742638587952,0.9890269637107849,0.8933430314064026
tele_bridge_pick16__01000100__s0017.wav,0.7850029468536377,0.36973994970321655,0.026894576847553253,0.6393260359764099,0.487259179353714,0.5250133275985718,0.5297572612762451,0.7439676523208618
strat_bridge_pick13__01000100__s0054.wav,0.4257313013076782,0.5499562621116638,0.8228276371955872,0.5700588822364807,0.2829573452472687,0.3186703324317932,0.3770880103111267,0.37671807408332825
prs_neck_fing01__01000100__s0023.wav,0.147986501455307,0.2153278887271881,0.5258626937866211,0.4611780345439911,0.09263729304075241,0.7058431506156921,0.11160271614789963,0.10921335965394974
tele_neck_fing04__01000100__s0005.wav,0.5448641180992126,0.6229221224784851,0.6253513097763062,0.5881742238998413,0.12434615194797516,0.37184277176856995,0.3499414622783661,0.40606218576431274
prs_bridge_fing14__01000100__s0007.wav,0.9800117015838623,0.7449097633361816,0.5852254033088684,0.7705526351928711,0.6436658501625061,0.7823476195335388,0.6117047071456909,0.6671028733253479
les_bridge_pick06__01000100__s0032.wav,0.14579224586486816,0.10953746736049652,0.29622724652290344,0.4710341691970825,0.44895032048225403,0.5433467626571655,0.3818318247795105,0.3260990083217621
strat_bridge_pick04__01000100__s0021.wav,0.9099515080451965,0.8997095227241516,0.8587517142295837,0.5157433748245239,0.8349685668945312,0.82319176197052,0.5686766505241394,0.6735529899597168
strat_bridge_pick07__01000100__s0024.wav,0.3251155912876129,0.6218944191932678,0.9637974500656128,0.36535418033599854,0.005565500818192959,0.1462375819683075,0.4976581633090973,0.5441991686820984
prs_neck_fing09__01000100__s0043.wav,0.25604447722435,0.28796806931495667,0.4151722192764282,0.4777897000312805,0.25521260499954224,0.32249632477760315,0.29071953892707825,0.2754570543766022
prs_neck_fing09__01000100__s0030.wav,0.0006218274938873947,0.15596413612365723,0.5313253402709961,0.15862396359443665,0.5356695652008057,0.6842383742332458,0.7301082015037537,0.37444689869880676
les_neck_pick10__01000100__s0038.wav,0.9671434164047241,0.9307072758674622,0.8399993181228638,0.7335043549537659,0.021200230345129967,0.1100105419754982,0.352033793926239,0.5296090245246887
prs_neck_pick23__01000100__s0044.wav,0.8221554756164551,0.677674412727356,0.9488247632980347,0.773919939994812,0.20588849484920502,0.2789611518383026,0.5878273248672485,0.37251922488212585
les_neck_pick18__01000100__s0008.wav,0.003668996738269925,0.5078127980232239,0.1475110799074173,0.6817284822463989,0.2671929597854614,0.33898892998695374,0.7170410752296448,0.574347198009491
prs_bridge_pick08__01000100__s0050.wav,0.889885663986206,0.8167822957038879,0.4514317214488983,0.5107960104942322,0.14531561732292175,0.31718122959136963,0.16181981563568115,0.11991207301616669
tele_neck_pick13__01000100__s0024.wav,0.9356966018676758,0.5759773850440979,0.09771022945642471,0.7556395530700684,0.7175047993659973,0.6629430651664734,0.27220651507377625,0.2350059300661087
tele_bridge_pick06__01000100__s0010.wav,0.2106991410255432,0.17343774437904358,0.0804455429315567,0.46651408076286316,0.29404449462890625,0.23844921588897705,0.9596235156059265,0.9193655848503113
strat_neck_fing23__01000100__s0025.wav,0.11311128735542297,0.24686723947525024,0.7818217873573303,0.3846510350704193,0.3472636342048645,0.583472728729248,0.047791674733161926,0.48614025115966797
strat_bridge_pick14__01000100__s0027.wav,0.4258740544319153,0.4696495532989502,0.4245111048221588,0.31061869859695435,0.8969999551773071,0.7471500635147095,0.6940630674362183,0.726733922958374
prs_neck_pick08__01000100__s0013.wav,0.19694934785366058,0.1928187906742096,0.18043269217014313,0.22752651572227478,0.41857802867889404,0.5413504838943481,0.6080788969993591,0.46432918310165405
prs_neck_pick05__01000100__s0050.wav,0.08158352226018906,0.15118500590324402,0.6008446216583252,0.42180347442626953,0.6324878334999084,0.2393668293952942,0.34829181432724,0.3327353894710541
les_neck_fing15__01000100__s0025.wav,0.4945719838142395,0.6007804274559021,0.728604793548584,0.26986274123191833,0.16535569727420807,0.4152475595474243,0.06132149696350098,0.15328146517276764
prs_bridge_pick24__01000100__s0053.wav,0.7690984606742859,0.636275053024292,0.2666673958301544,0.6955714821815491,0.8920924663543701,0.7209023833274841,0.3176465928554535,0.23663845658302307
strat_neck_pick01__01000100__s0025.wav,0.45580530166625977,0.49647286534309387,0.24986869096755981,0.5042487978935242,0.8978613615036011,0.7824357151985168,0.7840674519538879,0.5960927605628967
les_neck_pick14__01000100__s0008.wav,0.6654767990112305,0.7866064310073853,0.8739683032035828,0.7123899459838867,0.7165218591690063,0.6599329113960266,0.4446256756782532,0.666577160358429
les_bridge_pick11__01000100__s0048.wav,0.5192249417304993,0.530332088470459,0.36110109090805054,0.6485225558280945,0.976804256439209,0.7792350053787231,0.15261773765087128,0.10523710399866104
strat_neck_fing03__01000100__s0016.wav,0.01966198720037937,0.1364293247461319,0.18701171875,0.40205618739128113,0.7474089860916138,0.2514788806438446,0.01206942182034254,0.2243398278951645
strat_bridge_fing17__01000100__s0040.wav,0.9323993921279907,0.8796886801719666,0.5709468126296997,0.6765508055686951,0.6943768858909607,0.6189531683921814,0.6476178169250488,0.8064284920692444
les_neck_fing17__01000100__s0010.wav,0.7913431525230408,0.6853570342063904,0.2645755410194397,0.4756717383861542,0.7191917896270752,0.49562618136405945,0.05415426194667816,0.20641560852527618
strat_neck_pick18__01000100__s0004.wav,0.3736320436000824,0.4971950948238373,0.5054513216018677,0.45670920610427856,0.4208259880542755,0.5328001379966736,0.6256000399589539,0.7323469519615173
prs_neck_pick09__01000100__s0031.wav,0.09725912660360336,0.24908222258090973,0.18863855302333832,0.2916891276836395,0.08385312557220459,0.7057956457138062,0.5106896758079529,0.44024407863616943
tele_bridge_fing05__01000100__s0033.wav,0.03197751194238663,0.3894486129283905,0.856433629989624,0.13152308762073517,0.7107686400413513,0.6001077890396118,0.6606290936470032,0.6212605834007263
tele_neck_pick05__01000100__s0049.wav,0.782383143901825,0.8600082993507385,0.39866364002227783,0.4760884642601013,0.3278675973415375,0.22410626709461212,0.20027709007263184,0.4982356131076813
strat_bridge_fing12__01000100__s0024.wav,0.7398913502693176,0.8558722734451294,0.791326105594635,0.9263150691986084,0.6910871863365173,0.6880572438240051,0.7636030912399292,0.591389000415802
prs_bridge_fing20__01000100__s0039.wav,0.12670069932937622,0.09644818305969238,0.08167719841003418,0.2562023401260376,0.5000478625297546,0.3437413275241852,0.047541771084070206,0.06861939281225204
prs_bridge_fing18__01000100__s0051.wav,0.6894594430923462,0.7046061158180237,0.6221266984939575,0.6907593011856079,0.3301796615123749,0.33483824133872986,0.8287129402160645,0.7935510873794556
strat_bridge_fing25__01000100__s0043.wav,0.6491734385490417,0.41277575492858887,0.0329158753156662,0.4264324903488159,0.4601005017757416,0.40405911207199097,0.7860537767410278,0.5283964276313782
les_neck_pick17__01000100__s0019.wav,0.14659644663333893,0.5789473652839661,0.7131754159927368,0.47468677163124084,0.3604564964771271,0.5662952661514282,0.3377581834793091,0.3425789177417755
tele_neck_fing10__01000100__s0053.wav,0.4081990122795105,0.49126389622688293,0.8608055710792542,0.7118479013442993,0.014240575954318047,0.24040810763835907,0.7760477066040039,0.6626936793327332
strat_neck_pick07__01000100__s0006.wav,0.550096333026886,0.5941120982170105,0.4633333683013916,0.2895508110523224,0.05294637382030487,0.11030835658311844,0.3913267254829407,0.36057236790657043
prs_bridge_fing09__01000100__s0050.wav,0.5179861187934875,0.20296688377857208,0.08215463161468506,0.199101060628891,0.34437981247901917,0.34605109691619873,0.38254740834236145,0.49293282628059387
tele_neck_pick13__01000100__s0053.wav,0.08726278692483902,0.213450625538826,0.3860216438770294,0.16510598361492157,0.14426806569099426,0.24364158511161804,0.9320250153541565,0.8679296970367432
strat_neck_fing12__01000100__s0041.wav,0.5651103258132935,0.3149404525756836,0.2213732898235321,0.5194224119186401,0.3512911796569824,0.38109785318374634,0.12337806820869446,0.5995018482208252
prs_bridge_pick10__01000100__s0006.wav,0.5520913004875183,0.6084606051445007,0.8407166004180908,0.6475407481193542,0.19347220659255981,0.26875394582748413,0.1199861690402031,0.2996369004249573
les_neck_fing12__01000100__s0052.wav,0.41114842891693115,0.5871958136558533,0.753615140914917,0.21331796050071716,0.830816924571991,0.8606535792350769,0.9701230525970459,0.94704669713974
tele_neck_fing12__01000100__s0017.wav,0.7697288393974304,0.7255257368087769,0.7829782962799072,0.8491196632385254,0.47130653262138367,0.4624163508415222,0.447208434343338,0.45007699728012085
les_neck_pick17__01000100__s0003.wav,0.1450054943561554,0.16344471275806427,0.7761233448982239,0.61408931016922,0.2400103211402893,0.42589038610458374,0.9358072280883789,0.8357457518577576
prs_neck_pick01__01000100__s0018.wav,0.2104136049747467,0.2235742062330246,0.05735934153199196,0.31583335995674133,0.9374880790710449,0.8614498376846313,0.6365925669670105,0.5170129537582397
prs_neck_pick14__01000100__s0017.wav,0.015444053336977959,0.07923191040754318,0.06602957099676132,0.7041858434677124,0.5097396373748779,0.49773064255714417,0.9152443408966064,0.8503961563110352
les_neck_fing12__01000100__s0025.wav,0.07461270689964294,0.3117053508758545,0.6262249946594238,0.2911500334739685,0.8239914178848267,0.8146101236343384,0.17450585961341858,0.2927558422088623
les_neck_pick19__01000100__s0003.wav,0.16160757839679718,0.06825254112482071,0.07298361510038376,0.2332271784543991,0.48324111104011536,0.3519757091999054,0.8232484459877014,0.7366260886192322
prs_bridge_fing07__01000100__s0034.wav,0.11452958732843399,0.562145471572876,0.6806554198265076,0.27407777309417725,0.8469547629356384,0.7988919615745544,0.23354774713516235,0.21391302347183228
strat_bridge_fing17__01000100__s0041.wav,0.16041837632656097,0.0836947038769722,0.6097391247749329,0.7701449394226074,0.672802746295929,0.7800970077514648,0.19061928987503052,0.31533360481262207
prs_neck_pick05__01000100__s0020.wav,0.01744411699473858,0.41918081045150757,0.6111853718757629,0.13675688207149506,0.16103875637054443,0.09276614338159561,0.664307177066803,0.41822007298469543
tele_neck_fing05__01000100__s0041.wav,0.8298389315605164,0.6100658774375916,0.18556131422519684,0.4469824433326721,0.2986588776111603,0.3251648545265198,0.2347888946533203,0.07864166796207428
prs_neck_pick15__01000100__s0030.wav,0.3876495659351349,0.35224679112434387,0.3894023895263672,0.529120922088623,0.9655194878578186,0.7190343141555786,0.6317194700241089,0.6847270131111145
prs_bridge_pick21__01000100__s0024.wav,0.8903695344924927,0.8141241669654846,0.23101253807544708,0.4602462351322174,0.2092217355966568,0.4310576617717743,0.30752089619636536,0.16377472877502441
prs_bridge_fing16__01000100__s0040.wav,0.45047515630722046,0.6545235514640808,0.7432912588119507,0.618325412273407,0.030366292223334312,0.355549156665802,0.7528238892555237,0.7676725387573242
prs_neck_fing22__01000100__s0050.wav,0.9209352731704712,0.9135814309120178,0.9184262156486511,0.9346293807029724,0.7673665881156921,0.8307659029960632,0.5513465404510498,0.42218172550201416
les_neck_pick02__01000100__s0009.wav,0.9227287173271179,0.7641847729682922,0.797900378704071,0.749297022819519,0.16817565262317657,0.22360293567180634,0.7212985157966614,0.5634018182754517
les_neck_pick05__01000100__s0022.wav,0.9880313873291016,0.8437137603759766,0.4393325448036194,0.4975840151309967,0.17307771742343903,0.6946317553520203,0.07445331662893295,0.48959383368492126
strat_neck_pick09__01000100__s0017.wav,0.6237242221832275,0.5081605315208435,0.7135777473449707,0.7386922240257263,0.8937872052192688,0.658226490020752,0.13138271868228912,0.0895351693034172
strat_neck_pick02__01000100__s0022.wav,0.1181410700082779,0.34458431601524353,0.0311516635119915,0.21888010203838348,0.05526790767908096,0.3619539141654968,0.11868900805711746,0.07987917959690094
tele_neck_pick21__01000100__s0021.wav,0.5628296732902527,0.452444463968277,0.21322165429592133,0.4411478340625763,0.02504671923816204,0.24110659956932068,0.42278677225112915,0.40171024203300476
prs_neck_pick20__01000100__s0000.wav,0.23543591797351837,0.13641850650310516,0.32055896520614624,0.5363770723342896,0.48700398206710815,0.503023624420166,0.761719822883606,0.6953746676445007
strat_neck_pick19__01000100__s0035.wav,0.8810974955558777,0.6688576936721802,0.23313061892986298,0.44587090611457825,0.03530547022819519,0.30905938148498535,0.8021756410598755,0.7298007607460022
tele_neck_pick12__01000100__s0035.wav,0.18490353226661682,0.39498811960220337,0.8334987759590149,0.3035275638103485,0.380827933549881,0.1919431835412979,0.8982770442962646,0.6362265348434448
strat_neck_fing21__01000100__s0019.wav,0.5056041479110718,0.6648615002632141,0.7788389921188354,0.5322045087814331,0.3336397409439087,0.4056592881679535,0.37749946117401123,0.2300695925951004
tele_bridge_fing01__01000100__s0055.wav,0.09261438995599747,0.32806792855262756,0.7182801961898804,0.4435046315193176,0.9728929996490479,0.9585263133049011,0.794431209564209,0.8231412768363953
prs_neck_pick25__01000100__s0051.wav,0.5265912413597107,0.3244006931781769,0.0021267428528517485,0.20434318482875824,0.3314734399318695,0.3159309923648834,0.9879845976829529,0.9586408734321594
tele_neck_fing14__01000100__s0011.wav,0.2979603409767151,0.5975862741470337,0.70991051197052,0.22666016221046448,0.4292391836643219,0.5934522151947021,0.29358428716659546,0.18723434209823608
tele_bridge_pick06__01000100__s0000.wav,0.10982619225978851,0.22704455256462097,0.0895613357424736,0.4344862103462219,0.33639633655548096,0.5962244272232056,0.1762325018644333,0.2846955358982086
les_neck_pick09__01000100__s0048.wav,0.6060720682144165,0.635750949382782,0.2820357084274292,0.5981177687644958,0.6878730058670044,0.7734718322753906,0.2837507426738739,0.5169318914413452
les_bridge_fing18__01000100__s0025.wav,0.9813036918640137,0.8397079706192017,0.6112499237060547,0.45895135402679443,0.7029203176498413,0.7532398700714111,0.6253799796104431,0.4730933904647827
tele_bridge_fing06__01000100__s0013.wav,0.4234577417373657,0.4061166048049927,0.766440212726593,0.47281426191329956,0.8533321619033813,0.6535941362380981,0.09119676053524017,0.22143930196762085
strat_neck_fing05__01000100__s0000.wav,0.459407776594162,0.7019569873809814,0.6518938541412354,0.45723286271095276,0.6573771834373474,0.6803332567214966,0.8959109783172607,0.7209850549697876
strat_neck_fing16__01000100__s0003.wav,0.7725716829299927,0.8945531845092773,0.7585013508796692,0.6075406670570374,0.4381128251552582,0.4820830821990967,0.49909406900405884,0.4886590242385864
les_bridge_fing19__01000100__s0053.wav,0.8233482837677002,0.8645225763320923,0.6588031649589539,0.7850610613822937,0.046851929277181625,0.04075323045253754,0.9616362452507019,0.9347605109214783
prs_bridge_pick19__01000100__s0020.wav,0.36587804555892944,0.4744889438152313,0.4579891860485077,0.6412091851234436,0.3305976688861847,0.41975030303001404,0.5266750454902649,0.33793124556541443
strat_bridge_fing15__01000100__s0050.wav,0.6382055282592773,0.7820466756820679,0.8151996731758118,0.4802802801132202,0.2879207134246826,0.24139195680618286,0.676234245300293,0.6897799968719482
tele_neck_fing20__01000100__s0046.wav,0.18351900577545166,0.4159753918647766,0.17430400848388672,0.32760387659072876,0.9083852171897888,0.5838581919670105,0.3819650411605835,0.8162587285041809
tele_neck_fing03__01000100__s0023.wav,0.3057907223701477,0.4996657073497772,0.5754262804985046,0.5816008448600769,0.6157289147377014,0.5709136724472046,0.5191490054130554,0.47656720876693726
tele_bridge_fing19__01000100__s0041.wav,0.8245167136192322,0.7825062870979309,0.26029786467552185,0.16006432473659515,0.15987496078014374,0.09146209061145782,0.43371379375457764,0.3291919529438019
les_neck_fing02__01000100__s0049.wav,0.6057491302490234,0.5756537318229675,0.7556177377700806,0.6261102557182312,0.3562678396701813,0.6331746578216553,0.2889849543571472,0.30316850543022156
tele_neck_fing04__01000100__s0037.wav,0.3602478802204132,0.7504350543022156,0.9738675951957703,0.49729979038238525,0.05900898948311806,0.3311683237552643,0.5432929396629333,0.5175941586494446
les_bridge_pick18__01000100__s0023.wav,0.3480027914047241,0.29361918568611145,0.36583033204078674,0.2415788769721985,0.1417647749185562,0.14810267090797424,0.5073601007461548,0.5732458233833313
tele_neck_fing17__01000100__s0054.wav,0.08908487111330032,0.162117600440979,0.323641300201416,0.47498759627342224,0.5243970155715942,0.5179077386856079,0.5063837766647339,0.26647600531578064
tele_bridge_fing12__01000100__s0023.wav,0.26806339621543884,0.4743286371231079,0.7704577445983887,0.6269726753234863,0.5477102994918823,0.6255046725273132,0.6865022778511047,0.2902642786502838
strat_bridge_pick05__01000100__s0003.wav,0.12084667384624481,0.23870426416397095,0.21007435023784637,0.3806869685649872,0.7730180621147156,0.6139617562294006,0.016095496714115143,0.21106253564357758
prs_neck_pick22__01000100__s0018.wav,0.4417514204978943,0.5303806662559509,0.6746240854263306,0.46778807044029236,0.5599014759063721,0.6516036987304688,0.5847355127334595,0.6182838082313538
les_neck_fing22__01000100__s0003.wav,0.42357137799263,0.5497481226921082,0.5192463994026184,0.5600892901420593,0.9489622712135315,0.6252577304840088,0.33915838599205017,0.3175174593925476
tele_neck_fing20__01000100__s0024.wav,0.586688756942749,0.5374120473861694,0.3163427710533142,0.5111429691314697,0.6213971972465515,0.5961316823959351,0.637439489364624,0.39817720651626587
prs_bridge_fing10__01000100__s0029.wav,0.7594337463378906,0.758490264415741,0.7774441838264465,0.6858684420585632,0.25297775864601135,0.3732157051563263,0.8373637199401855,0.6562731862068176
prs_neck_fing21__01000100__s0045.wav,0.9253136515617371,0.8931367993354797,0.4786809980869293,0.6876395344734192,0.15841732919216156,0.05887194350361824,0.12596337497234344,0.1005082055926323
tele_neck_fing22__01000100__s0047.wav,0.42473548650741577,0.42082029581069946,0.7443617582321167,0.5495768189430237,0.7516248226165771,0.37558168172836304,0.17362913489341736,0.2466660439968109
les_bridge_fing02__01000100__s0032.wav,0.5595442056655884,0.41994374990463257,0.17737402021884918,0.520822286605835,0.3727698028087616,0.47868144512176514,0.23107115924358368,0.08462325483560562
strat_bridge_pick18__01000100__s0001.wav,0.5874099731445312,0.8702965378761292,0.774955153465271,0.8970041275024414,0.087772436439991,0.31073689460754395,0.05015794560313225,0.2559019923210144
prs_neck_fing07__01000100__s0003.wav,0.8080352544784546,0.7951314449310303,0.2956978678703308,0.6534987688064575,0.49853572249412537,0.44085222482681274,0.280189573764801,0.35818615555763245
prs_neck_pick01__01000100__s0054.wav,0.8647682666778564,0.7405141592025757,0.7950181365013123,0.7098103165626526,0.9868422746658325,0.6658689379692078,0.4260841906070709,0.5285113453865051
tele_neck_pick21__01000100__s0032.wav,0.26107197999954224,0.5497198104858398,0.709002673625946,0.4071851670742035,0.012128796428442001,0.2047612965106964,0.5996467471122742,0.4297248125076294
prs_bridge_fing15__01000100__s0015.wav,0.45027992129325867,0.6229703426361084,0.6782980561256409,0.3598678708076477,0.8592122197151184,0.7964722514152527,0.18699511885643005,0.25125446915626526
tele_neck_pick25__01000100__s0051.wav,0.28516054153442383,0.365052729845047,0.6936345100402832,0.28390681743621826,0.04021196439862251,0.1488226056098938,0.3227514922618866,0.19194833934307098
strat_bridge_fing03__01000100__s0034.wav,0.007292302791029215,0.3298729956150055,0.9381124973297119,0.1986592561006546,0.3466959595680237,0.40009647607803345,0.8364253640174866,0.7662339210510254
prs_bridge_pick12__01000100__s0051.wav,0.8342222571372986,0.5632637739181519,0.13762639462947845,0.39723527431488037,0.10819848626852036,0.08772152662277222,0.6792396903038025,0.5520835518836975
tele_bridge_fing14__01000100__s0037.wav,0.28847020864486694,0.47008538246154785,0.5639390349388123,0.15990644693374634,0.5358672738075256,0.4578927457332611,0.6531820893287659,0.6942033171653748
strat_neck_fing08__01000100__s0026.wav,0.7825627326965332,0.7898179888725281,0.3785306215286255,0.2902149260044098,0.8718529939651489,0.7874473333358765,0.5808976888656616,0.5619440078735352
strat_bridge_fing11__01000100__s0031.wav,0.45951011776924133,0.6465827226638794,0.6636279225349426,0.3716747462749481,0.8692929148674011,0.6005382537841797,0.0687454491853714,0.33159178495407104
prs_neck_fing20__01000100__s0013.wav,0.9638368487358093,0.7366483807563782,0.3292326331138611,0.5568257570266724,0.17874009907245636,0.26222681999206543,0.5704874396324158,0.48813945055007935
tele_bridge_pick01__01000100__s0004.wav,0.6732770800590515,0.599557638168335,0.28871333599090576,0.6116248965263367,0.6727526783943176,0.7216629981994629,0.47330382466316223,0.5629352927207947
tele_neck_pick17__01000100__s0047.wav,0.901540219783783,0.822993814945221,0.7810418605804443,0.8031023740768433,0.7607689499855042,0.5895689725875854,0.8754613399505615,0.7791104316711426
strat_bridge_pick07__01000100__s0020.wav,0.2673543691635132,0.21529482305049896,0.1945139467716217,0.4322741627693176,0.9438602924346924,0.7691548466682434,0.524951696395874,0.5756918787956238
tele_neck_pick21__01000100__s0004.wav,0.011694361455738544,0.35168594121932983,0.7549934387207031,0.22923777997493744,0.23939897119998932,0.23328262567520142,0.8327864408493042,0.671962559223175
prs_bridge_fing18__01000100__s0055.wav,0.44642654061317444,0.5641171932220459,0.5758602619171143,0.26906532049179077,0.08735432475805283,0.04955194145441055,0.3277871608734131,0.342847615480423
tele_bridge_pick08__01000100__s0045.wav,0.13901495933532715,0.10261999815702438,0.7263163328170776,0.6717820763587952,0.4532637298107147,0.2845483422279358,0.2435680478811264,0.35166293382644653
strat_neck_pick21__01000100__s0049.wav,0.3676014244556427,0.280567467212677,0.2773473858833313,0.14527922868728638,0.49135151505470276,0.5818619132041931,0.26221582293510437,0.4331851005554199
tele_neck_pick21__01000100__s0052.wav,0.9125598669052124,0.8048633933067322,0.03863583505153656,0.2065495401620865,0.8639064431190491,0.885680079460144,0.3744069039821625,0.5082189440727234
les_bridge_fing22__01000100__s0029.wav,0.6135033369064331,0.7113756537437439,0.47899243235588074,0.7469677925109863,0.5499694347381592,0.6503831744194031,0.2937780022621155,0.25116661190986633
strat_neck_fing07__01000100__s0026.wav,0.8255010843276978,0.340941458940506,0.08589929342269897,0.5062981843948364,0.9927496910095215,0.6788945198059082,0.42176222801208496,0.4367433488368988
prs_neck_fing24__01000100__s0010.wav,0.7325474619865417,0.868131160736084,0.9908465147018433,0.7672266960144043,0.6631162762641907,0.7531649470329285,0.3486554026603699,0.46224766969680786
tele_neck_pick06__01000100__s0053.wav,0.003669857745990157,0.3923133611679077,0.5137534141540527,0.34057390689849854,0.6179124712944031,0.41246306896209717,0.27600106596946716,0.7533307075500488
prs_bridge_fing17__01000100__s0051.wav,0.6804405450820923,0.7711883783340454,0.36226704716682434,0.4310779869556427,0.2925262153148651,0.3376169204711914,0.5149824619293213,0.48107922077178955
strat_bridge_pick05__01000100__s0044.wav,0.8999401330947876,0.6083391904830933,0.33756595849990845,0.664745032787323,0.41507118940353394,0.7179914116859436,0.05324285477399826,0.6489390730857849
prs_bridge_fing23__01000100__s0039.wav,0.5726279616355896,0.5494399070739746,0.0834503099322319,0.5545563101768494,0.20769381523132324,0.32317256927490234,0.07366132736206055,0.2663421630859375
strat_bridge_pick07__01000100__s0042.wav,0.0836394801735878,0.2836042046546936,0.5470144152641296,0.42542824149131775,0.9072595238685608,0.78868168592453,0.5336452126502991,0.474351167678833
strat_bridge_pick04__01000100__s0053.wav,0.9980221390724182,0.7868742346763611,0.308740496635437,0.5679750442504883,0.2885071635246277,0.1530589461326599,0.3254719376564026,0.4411658048629761
strat_bridge_pick22__01000100__s0024.wav,0.9218776226043701,0.8467881679534912,0.3502747118473053,0.44214412569999695,0.9488614201545715,0.9715943932533264,0.8003809452056885,0.8154503107070923
les_bridge_fing25__01000100__s0022.wav,0.04490675404667854,0.18055586516857147,0.5994057059288025,0.5120927095413208,0.02814391627907753,0.05493166297674179,0.5141721963882446,0.5033653378486633
prs_bridge_pick09__01000100__s0051.wav,0.5839773416519165,0.5600655674934387,0.7159788608551025,0.6158261299133301,0.82110595703125,0.7174707055091858,0.23733332753181458,0.35755661129951477
prs_bridge_fing14__01000100__s0018.wav,0.3623690605163574,0.4555078446865082,0.2215472012758255,0.4392489492893219,0.28767096996307373,0.3967326283454895,0.6115989089012146,0.43973568081855774
tele_neck_fing16__01000100__s0024.wav,0.6429735422134399,0.786349892616272,0.8536618947982788,0.7252623438835144,0.9957436919212341,0.6809346079826355,0.10317496955394745,0.33120420575141907
les_bridge_pick17__01000100__s0009.wav,0.23398593068122864,0.34207460284233093,0.5029644966125488,0.5200083255767822,0.401666522026062,0.4959920346736908,0.446772962808609,0.58821702003479
prs_neck_pick25__01000100__s0048.wav,0.27212050557136536,0.3847738206386566,0.6359845399856567,0.2916232943534851,0.14859741926193237,0.16409049928188324,0.5722153782844543,0.7289542555809021
tele_bridge_pick08__01000100__s0024.wav,0.42115432024002075,0.18198838829994202,0.25404712557792664,0.5232451558113098,0.7675880193710327,0.7263866066932678,0.9368865489959717,0.7064905166625977
strat_bridge_pick04__01000100__s0045.wav,0.07838044315576553,0.34072598814964294,0.6089189052581787,0.2012953758239746,0.8676562309265137,0.7528861165046692,0.0779615268111229,0.40987515449523926
prs_neck_fing18__01000100__s0024.wav,0.48795056343078613,0.4319513142108917,0.47174879908561707,0.5198817849159241,0.3717603087425232,0.4388469457626343,0.8794903755187988,0.6309614181518555
tele_neck_pick21__01000100__s0044.wav,0.5017637610435486,0.6318449974060059,0.2742493152618408,0.3025127351284027,0.3226776421070099,0.4274822473526001,0.5062909722328186,0.5222494602203369
prs_neck_pick16__01000100__s0001.wav,0.8779426217079163,0.6621215343475342,0.2101171761751175,0.6448703408241272,0.8917686939239502,0.9229329824447632,0.4468781352043152,0.5167818069458008
prs_bridge_pick20__01000100__s0002.wav,0.0038019174244254827,0.2636238634586334,0.3355291783809662,0.48677900433540344,0.01636570692062378,0.08842025697231293,0.5230004787445068,0.7082840800285339
les_bridge_fing07__01000100__s0031.wav,0.12179192155599594,0.2140071541070938,0.059036411345005035,0.3680056929588318,0.5655716061592102,0.7258666157722473,0.78248530626297,0.6794939637184143
prs_bridge_fing11__01000100__s0002.wav,0.12375692278146744,0.25472602248191833,0.3917078971862793,0.2359582930803299,0.763390302658081,0.6794267296791077,0.07865091413259506,0.18684938549995422
tele_neck_fing04__01000100__s0051.wav,0.32437196373939514,0.4259524941444397,0.26891475915908813,0.5906702876091003,0.9765260815620422,0.871220588684082,0.3936540186405182,0.2896118462085724
les_bridge_pick02__01000100__s0032.wav,0.12357748299837112,0.13534648716449738,0.08142712712287903,0.5550854206085205,0.5252372026443481,0.6794357895851135,0.08118366450071335,0.07124964892864227
les_neck_pick12__01000100__s0027.wav,0.30827394127845764,0.41768431663513184,0.5566415190696716,0.5883396863937378,0.9709352254867554,0.3597344756126404,0.7974003553390503,0.8891449570655823
les_bridge_pick21__01000100__s0039.wav,0.031571127474308014,0.1676698625087738,0.7027373313903809,0.21130529046058655,0.1623692810535431,0.2604047954082489,0.93509441614151,0.906892716884613
prs_bridge_fing01__01000100__s0053.wav,0.14137481153011322,0.27157673239707947,0.722990870475769,0.5817699432373047,0.6010371446609497,0.5105783939361572,0.46780773997306824,0.5470491647720337
tele_neck_fing12__01000100__s0037.wav,0.9972438216209412,0.8755912780761719,0.7244817018508911,0.8342635035514832,0.5996888875961304,0.5953488349914551,0.7245287299156189,0.5337390899658203
tele_neck_pick05__01000100__s0034.wav,0.42824387550354004,0.5565314292907715,0.757011353969574,0.6481103301048279,0.11967627704143524,0.17897604405879974,0.3829508125782013,0.18600845336914062
les_neck_fing13__01000100__s0026.wav,0.3981574475765228,0.5754886269569397,0.6061413288116455,0.537834644317627,0.4321657419204712,0.4888353943824768,0.09655870497226715,0.2135777473449707
prs_bridge_pick24__01000100__s0030.wav,0.5394018888473511,0.7553455829620361,0.8135228753089905,0.716476321220398,0.6770386099815369,0.7795584797859192,0.6859245300292969,0.7032633423805237
les_neck_pick09__01000100__s0037.wav,0.7846783399581909,0.9180591702461243,0.8494502305984497,0.804365336894989,0.2587352991104126,0.3032350540161133,0.09108415991067886,0.05090194195508957
tele_bridge_fing02__01000100__s0021.wav,0.09887373447418213,0.1327352374792099,0.3289242684841156,0.32492491602897644,0.04908575117588043,0.21372783184051514,0.2997201681137085,0.19424453377723694
prs_bridge_pick13__01000100__s0000.wav,0.23031197488307953,0.32688209414482117,0.21869219839572906,0.361846923828125,0.025316385552287102,0.12245651334524155,0.8709046840667725,0.7253581881523132
strat_neck_pick20__01000100__s0040.wav,0.9445042610168457,0.7643283009529114,0.2787429094314575,0.6133648157119751,0.4166756570339203,0.2612035572528839,0.42994391918182373,0.3655644655227661
strat_neck_fing12__01000100__s0007.wav,0.4074563682079315,0.44302666187286377,0.6186480522155762,0.6802908778190613,0.3869684338569641,0.2400684505701065,0.2661094069480896,0.4192585051059723
tele_neck_pick06__01000100__s0020.wav,0.06879088282585144,0.24220506846904755,0.22025075554847717,0.4673019349575043,0.39911961555480957,0.5249390602111816,0.8395942449569702,0.6511843800544739
strat_bridge_fing16__01000100__s0023.wav,0.1868961900472641,0.5450815558433533,0.7086489200592041,0.3920917212963104,0.970586895942688,0.41918274760246277,0.600204586982727,0.2923322021961212
les_neck_fing05__01000100__s0007.wav,0.8005400896072388,0.9656627178192139,0.9413096904754639,0.834244430065155,0.1026262640953064,0.32758966088294983,0.2505341172218323,0.12097498774528503
prs_neck_pick04__01000100__s0040.wav,0.9914519786834717,0.9589651823043823,0.5589368343353271,0.7312262654304504,0.6247820854187012,0.5792063474655151,0.9504628777503967,0.9626768231391907
les_bridge_fing11__01000100__s0016.wav,0.5998421907424927,0.6416964530944824,0.4695258140563965,0.2751626968383789,0.37368908524513245,0.5318357348442078,0.8707635998725891,0.9123016595840454
prs_bridge_pick05__01000100__s0040.wav,0.12256472557783127,0.14025746285915375,0.26496580243110657,0.35841456055641174,0.8301833868026733,0.48120102286338806,0.10674729198217392,0.17764635384082794
les_neck_pick24__01000100__s0025.wav,0.9684229493141174,0.922178328037262,0.7249710559844971,0.7533264756202698,0.04055911302566528,0.14141389727592468,0.5595845580101013,0.28515440225601196
prs_bridge_fing24__01000100__s0046.wav,0.577890932559967,0.4986782371997833,0.28661540150642395,0.6109927892684937,0.2914165258407593,0.3306632339954376,0.603008508682251,0.4828149676322937
tele_bridge_fing05__01000100__s0021.wav,0.38280171155929565,0.704034686088562,0.9872792959213257,0.6953021287918091,0.543674647808075,0.41622793674468994,0.1466856747865677,0.4163936376571655
tele_neck_pick16__01000100__s0045.wav,0.6634290814399719,0.7143839597702026,0.2478729784488678,0.4091464579105377,0.891578733921051,0.8971182107925415,0.5079864859580994,0.5406152606010437
tele_bridge_fing10__01000100__s0015.wav,0.5447062849998474,0.13158628344535828,0.015030927956104279,0.13586962223052979,0.8385927677154541,0.7983349561691284,0.4094903767108917,0.3359101414680481
tele_neck_pick24__01000100__s0007.wav,0.26137998700141907,0.45977985858917236,0.4904412627220154,0.17828242480754852,0.5761656165122986,0.5105656385421753,0.23040683567523956,0.16484178602695465
prs_neck_pick21__01000100__s0007.wav,0.8984984755516052,0.7817472219467163,0.2757968604564667,0.3925960659980774,0.334486722946167,0.7067387104034424,0.03981093317270279,0.26765739917755127
strat_neck_fing07__01000100__s0003.wav,0.9673868417739868,0.8147994875907898,0.892927348613739,0.852534830570221,0.6149032711982727,0.325709730386734,0.7449639439582825,0.5459079146385193
prs_bridge_pick21__01000100__s0002.wav,0.48858800530433655,0.5840864181518555,0.9854993224143982,0.5819132924079895,0.5044034123420715,0.5640749335289001,0.6176676154136658,0.47264471650123596
strat_bridge_fing19__01000100__s0025.wav,0.13285544514656067,0.3796881437301636,0.9994060397148132,0.47066500782966614,0.5387755036354065,0.3877992630004883,0.6432734131813049,0.6216145157814026
prs_bridge_pick11__01000100__s0048.wav,0.6692906022071838,0.6550784111022949,0.24118508398532867,0.44893619418144226,0.9254043102264404,0.8577890396118164,0.9772530198097229,0.9644968509674072
les_bridge_pick14__01000100__s0049.wav,0.7617514133453369,0.9284796118736267,0.7781990170478821,0.761256992816925,0.8278465270996094,0.8038004636764526,0.05385261029005051,0.10665526241064072
strat_neck_pick22__01000100__s0001.wav,0.21965639293193817,0.12361878901720047,0.02269466407597065,0.586037814617157,0.11062860488891602,0.23474843800067902,0.8611724376678467,0.6547391414642334
prs_bridge_pick21__01000100__s0012.wav,0.5640525221824646,0.7134243845939636,0.9402255415916443,0.6211193799972534,0.5637168884277344,0.4564473628997803,0.5848047137260437,0.7644678354263306
tele_neck_fing13__01000100__s0026.wav,0.9127925634384155,0.8364182114601135,0.9113556742668152,0.6114544868469238,0.036721888929605484,0.2969493567943573,0.005787754897028208,0.05191098898649216
tele_bridge_fing13__01000100__s0025.wav,0.5367947816848755,0.5129098892211914,0.25016796588897705,0.2819196581840515,0.16847804188728333,0.2137679010629654,0.3427808880805969,0.2641719877719879
tele_bridge_pick10__01000100__s0001.wav,0.007983720861375332,0.282623827457428,0.9695941209793091,0.2747592031955719,0.40774670243263245,0.5293097496032715,0.9706435799598694,0.9627562761306763
tele_bridge_pick03__01000100__s0036.wav,0.6623039245605469,0.8448044061660767,0.8785233497619629,0.7495503425598145,0.1867217868566513,0.26098737120628357,0.0935605838894844,0.1154111921787262
prs_bridge_fing16__01000100__s0038.wav,0.31001201272010803,0.38468673825263977,0.7719459533691406,0.6318012475967407,0.3617863655090332,0.2973701059818268,0.12199841439723969,0.09764722734689713
les_bridge_pick07__01000100__s0002.wav,0.9570378661155701,0.9180390238761902,0.9401110410690308,0.8419268727302551,0.810640275478363,0.779511034488678,0.5757641196250916,0.4435070753097534
prs_neck_fing17__01000100__s0002.wav,0.8966730833053589,0.8693007826805115,0.9603617787361145,0.5522139668464661,0.40420469641685486,0.38964739441871643,0.44870659708976746,0.5841529369354248
les_bridge_pick21__01000100__s0025.wav,0.17347432672977448,0.33625277876853943,0.3877403736114502,0.513384997844696,0.9595913887023926,0.8892830610275269,0.8607528209686279,0.7189780473709106
les_neck_pick16__01000100__s0007.wav,0.14068318903446198,0.5533645153045654,0.5867528915405273,0.4068862795829773,0.12765289843082428,0.17512251436710358,0.5820316672325134,0.5387802124023438
prs_bridge_fing21__01000100__s0010.wav,0.13925829529762268,0.4963615834712982,0.9167254567146301,0.3438310921192169,0.16155767440795898,0.06963237375020981,0.1932862251996994,0.2783650755882263
strat_neck_fing23__01000100__s0047.wav,0.10781604796648026,0.1822558045387268,0.1508304625749588,0.21588937938213348,0.8649320602416992,0.5921951532363892,0.22302719950675964,0.666921079158783
tele_bridge_pick22__01000100__s0036.wav,0.21862493455410004,0.6337640285491943,0.9673598408699036,0.20687182247638702,0.01138166431337595,0.13186202943325043,0.6690701246261597,0.3908739984035492
tele_bridge_fing19__01000100__s0051.wav,0.07267444580793381,0.14508837461471558,0.6591037511825562,0.1496124416589737,0.19856593012809753,0.28439614176750183,0.6778651475906372,0.6483035087585449
les_bridge_fing09__01000100__s0018.wav,0.937432587146759,0.7472487092018127,0.15350748598575592,0.3819983899593353,0.22301533818244934,0.22505702078342438,0.9724363088607788,0.9392833113670349
les_neck_pick24__01000100__s0024.wav,0.5173062086105347,0.5482598543167114,0.6466661095619202,0.4924468696117401,0.9692703485488892,0.5325890183448792,0.44487088918685913,0.5803005695343018
strat_bridge_fing18__01000100__s0014.wav,0.3241054117679596,0.38878604769706726,0.5844044089317322,0.1742805391550064,0.31712934374809265,0.2874320149421692,0.5758729577064514,0.6481595635414124
les_bridge_fing15__01000100__s0033.wav,0.44336989521980286,0.46778786182403564,0.4091234803199768,0.8312517404556274,0.19636286795139313,0.5076358914375305,0.2841798663139343,0.46134883165359497
tele_bridge_pick01__01000100__s0051.wav,0.9128137826919556,0.6168273687362671,0.15189231932163239,0.49302467703819275,0.9561149477958679,0.425188809633255,0.609035849571228,0.5028402805328369
prs_bridge_fing24__01000100__s0033.wav,0.5540580749511719,0.6664689779281616,0.6490621566772461,0.8248415589332581,0.7733811736106873,0.6986909508705139,0.16752605140209198,0.6245903968811035
strat_bridge_pick02__01000100__s0034.wav,0.6160726547241211,0.5462283492088318,0.18546134233474731,0.2594151496887207,0.7180594205856323,0.8051832914352417,0.986114501953125,0.9669073820114136
prs_bridge_fing18__01000100__s0025.wav,0.36321723461151123,0.3055175840854645,0.20648762583732605,0.3776772618293762,0.34950903058052063,0.42419907450675964,0.5834029912948608,0.7787771821022034
tele_bridge_pick12__01000100__s0040.wav,0.26917675137519836,0.36814168095588684,0.16927267611026764,0.4146392345428467,0.49280792474746704,0.43039268255233765,0.4298692047595978,0.5454847812652588
prs_bridge_fing24__01000100__s0031.wav,0.8008090853691101,0.8205622434616089,0.7806668877601624,0.5816972255706787,0.6034537553787231,0.6502242088317871,0.8495087027549744,0.8911213874816895
strat_neck_fing09__01000100__s0016.wav,0.6060921549797058,0.42626500129699707,0.42369991540908813,0.5965462923049927,0.8858070373535156,0.4347992539405823,0.36454468965530396,0.61745285987854
strat_neck_fing11__01000100__s0054.wav,0.4756849706172943,0.4470862150192261,0.2897632420063019,0.7088512182235718,0.6398478150367737,0.7733485698699951,0.4204684793949127,0.14334020018577576
prs_neck_fing15__01000100__s0018.wav,0.6296515464782715,0.2539442181587219,0.21806326508522034,0.37972739338874817,0.5369107723236084,0.6481769680976868,0.972878098487854,0.459580659866333
tele_neck_pick04__01000100__s0055.wav,0.40373265743255615,0.6811995506286621,0.9261620044708252,0.37650465965270996,0.9397999048233032,0.9331527948379517,0.46827787160873413,0.44227057695388794
les_neck_pick13__01000100__s0042.wav,0.7381786704063416,0.7585294842720032,0.9312728643417358,0.7786500453948975,0.5570451021194458,0.7172815203666687,0.49626922607421875,0.658920168876648
prs_bridge_pick04__01000100__s0030.wav,0.4952872097492218,0.6644425988197327,0.342917799949646,0.3398354947566986,0.2351122498512268,0.23841308057308197,0.9633550643920898,0.9410501718521118
les_neck_fing22__01000100__s0055.wav,0.6448367834091187,0.6612482666969299,0.622640073299408,0.38768282532691956,0.2068059891462326,0.23622554540634155,0.8145924806594849,0.7528160810470581
strat_bridge_pick09__01000100__s0042.wav,0.31002098321914673,0.36358731985092163,0.3336458206176758,0.3160530924797058,0.07301818579435349,0.4393867254257202,0.13718198239803314,0.29503801465034485
les_bridge_pick05__01000100__s0008.wav,0.42773517966270447,0.6081776022911072,0.6908171772956848,0.19636358320713043,0.5026355385780334,0.46205803751945496,0.23989789187908173,0.17087867856025696
tele_neck_pick15__01000100__s0019.wav,0.45993033051490784,0.6156418919563293,0.855277419090271,0.8635289072990417,0.6572254300117493,0.5962088108062744,0.9679760932922363,0.9773688316345215
prs_bridge_fing02__01000100__s0002.wav,0.35752373933792114,0.31039950251579285,0.2625759243965149,0.3750465214252472,0.8314886689186096,0.877044677734375,0.9381375908851624,0.9482330679893494
les_bridge_fing16__01000100__s0038.wav,0.8990138173103333,0.8804083466529846,0.7087563872337341,0.877782940864563,0.21425044536590576,0.16974619030952454,0.4714312255382538,0.717155396938324
prs_bridge_pick07__01000100__s0051.wav,0.6199031472206116,0.3552308678627014,0.28673890233039856,0.7482221722602844,0.33799952268600464,0.3994257152080536,0.8798547983169556,0.8134437203407288
tele_bridge_pick19__01000100__s0044.wav,0.24639038741588593,0.3424296975135803,0.21693210303783417,0.2248358130455017,0.29871562123298645,0.44716349244117737,0.6872750520706177,0.4963124692440033
tele_neck_pick17__01000100__s0013.wav,0.011926015838980675,0.15446260571479797,0.10111160576343536,0.2524465322494507,0.46088284254074097,0.4498538374900818,0.49679601192474365,0.44871872663497925
tele_bridge_pick10__01000100__s0003.wav,0.9491608738899231,0.5859461426734924,0.05461721494793892,0.22542701661586761,0.2503664195537567,0.5583370923995972,0.1920151263475418,0.4147077202796936
strat_neck_pick18__01000100__s0032.wav,0.0005822642706334591,0.3413323760032654,0.2513359487056732,0.18655864894390106,0.08161604404449463,0.413872092962265,0.47219663858413696,0.360093355178833
les_bridge_pick25__01000100__s0052.wav,0.4263506829738617,0.42446768283843994,0.3830917477607727,0.5321598052978516,0.5613973736763,0.6895476579666138,0.09273631125688553,0.15443871915340424
strat_neck_fing03__01000100__s0003.wav,0.600304365158081,0.9030370116233826,0.7258632183074951,0.6449753642082214,0.3894067108631134,0.5065227746963501,0.8074372410774231,0.699393630027771
tele_bridge_fing03__01000100__s0032.wav,0.25556766986846924,0.4942745268344879,0.41175147891044617,0.32286831736564636,0.4198281466960907,0.3706679046154022,0.28007206320762634,0.40297770500183105
tele_bridge_pick14__01000100__s0044.wav,0.417428582906723,0.4596862196922302,0.35394901037216187,0.6359273791313171,0.7850853800773621,0.6786257028579712,0.05433773621916771,0.45039546489715576
les_bridge_fing02__01000100__s0016.wav,0.4693734645843506,0.5450565814971924,0.1385328769683838,0.32068660855293274,0.09458079934120178,0.2412770688533783,0.2650955319404602,0.24729926884174347
les_bridge_pick01__01000100__s0002.wav,0.6407662034034729,0.3021763861179352,0.0856497660279274,0.42939668893814087,0.430672824382782,0.25910481810569763,0.5941628217697144,0.4282531440258026
prs_bridge_fing13__01000100__s0018.wav,0.4806322157382965,0.4690186083316803,0.5673513412475586,0.2687077224254608,0.4537946283817291,0.4343862235546112,0.10861410945653915,0.2742740511894226
tele_neck_fing09__01000100__s0052.wav,0.07909052819013596,0.3523595333099365,0.6780860424041748,0.15590675175189972,0.6032900810241699,0.5287516117095947,0.07802959531545639,0.2061743140220642
prs_bridge_fing05__01000100__s0041.wav,0.05400850996375084,0.19471460580825806,0.6364606618881226,0.14117035269737244,0.6031526327133179,0.5414172410964966,0.22744184732437134,0.3105773627758026
tele_bridge_pick18__01000100__s0031.wav,0.07845848053693771,0.4246656596660614,0.8507171869277954,0.41460949182510376,0.1244901493191719,0.25258904695510864,0.3579639196395874,0.4048628807067871
strat_neck_fing14__01000100__s0046.wav,0.38931718468666077,0.25250959396362305,0.08722718805074692,0.6661697030067444,0.5237306952476501,0.5348252654075623,0.5469493269920349,0.3586905896663666
prs_bridge_fing22__01000100__s0014.wav,0.45398616790771484,0.717553973197937,0.861882746219635,0.883659839630127,0.1727774292230606,0.11794295907020569,0.8566233515739441,0.6587386131286621
les_neck_pick13__01000100__s0043.wav,0.002110609784722328,0.1959889978170395,0.9644129276275635,0.4589291512966156,0.7052662372589111,0.6751808524131775,0.8446071743965149,0.9376330375671387
strat_neck_pick22__01000100__s0037.wav,0.0681329220533371,0.12620119750499725,0.29681167006492615,0.3370521068572998,0.026453759521245956,0.14211593568325043,0.27533453702926636,0.33444637060165405
prs_bridge_fing12__01000100__s0029.wav,0.9714994430541992,0.8694173693656921,0.006586523726582527,0.24783672392368317,0.10211498290300369,0.041937410831451416,0.9213118553161621,0.923482358455658
tele_neck_fing25__01000100__s0010.wav,0.13251656293869019,0.12530939280986786,0.174263134598732,0.15683694183826447,0.8581868410110474,0.8150947093963623,0.3126373887062073,0.09607775509357452
prs_neck_pick23__01000100__s0028.wav,0.20210282504558563,0.3774436414241791,0.8001857995986938,0.3864513337612152,0.769852340221405,0.7947198152542114,0.7179358005523682,0.6657755374908447
tele_neck_pick18__01000100__s0051.wav,0.5015249252319336,0.363793283700943,0.11563865840435028,0.4234829545021057,0.41635504364967346,0.7596354484558105,0.029869915917515755,0.22301550209522247
strat_neck_pick11__01000100__s0020.wav,0.6736051440238953,0.5080262422561646,0.2935567796230316,0.46040454506874084,0.715262234210968,0.8955334424972534,0.4571952223777771,0.5139144062995911
prs_bridge_fing17__01000100__s0055.wav,0.4828154742717743,0.6445658206939697,0.9734587073326111,0.6940705180168152,0.3423808217048645,0.25955867767333984,0.9651361703872681,0.914929211139679
prs_bridge_pick21__01000100__s0017.wav,0.677826464176178,0.8275395631790161,0.7482218742370605,0.5390112996101379,0.95501309633255,0.8023644685745239,0.5872969031333923,0.5499292612075806
tele_neck_pick13__01000100__s0028.wav,0.816801905632019,0.7740139365196228,0.9150508642196655,0.7660832405090332,0.959954023361206,0.8927754163742065,0.13013160228729248,0.18755598366260529
prs_neck_fing21__01000100__s0050.wav,0.2420404702425003,0.6107314229011536,0.8758240938186646,0.6096885800361633,0.2717400789260864,0.4261855185031891,0.5603550672531128,0.8263432383537292
strat_bridge_fing06__01000100__s0026.wav,0.6153967380523682,0.43220871686935425,0.2417033165693283,0.5593927502632141,0.8499157428741455,0.7139135003089905,0.7954124212265015,0.7835612297058105
strat_neck_fing11__01000100__s0024.wav,0.1793482005596161,0.17200776934623718,0.30952727794647217,0.39342451095581055,0.5507804155349731,0.5849159955978394,0.5295634865760803,0.4737456142902374
strat_bridge_pick01__01000100__s0042.wav,0.7469443082809448,0.6236885190010071,0.3708595931529999,0.4779050350189209,0.7903570532798767,0.8744086623191833,0.2746625244617462,0.4321845471858978
prs_bridge_fing16__01000100__s0023.wav,0.07741326093673706,0.14707322418689728,0.8061251044273376,0.4866838753223419,0.3760845959186554,0.33650824427604675,0.7852134108543396,0.7330197095870972
tele_bridge_fing07__01000100__s0028.wav,0.09916580468416214,0.3092553913593292,0.571086049079895,0.4743212163448334,0.7803714871406555,0.38143134117126465,0.2515842914581299,0.15087707340717316
tele_neck_fing10__01000100__s0048.wav,0.9453585147857666,0.9920547008514404,0.8390840291976929,0.9664974212646484,0.8195611238479614,0.7915714979171753,0.4997299611568451,0.25451385974884033
les_neck_fing03__01000100__s0034.wav,0.16437506675720215,0.5944588780403137,0.4400303363800049,0.24338193237781525,0.7233834266662598,0.27818334102630615,0.3026830554008484,0.29538553953170776
prs_neck_pick10__01000100__s0038.wav,0.6120110154151917,0.7147079706192017,0.7515436410903931,0.3903392553329468,0.18635131418704987,0.1668790578842163,0.8596100807189941,0.7721797227859497
les_neck_pick18__01000100__s0049.wav,0.5544184446334839,0.661779522895813,0.8717892169952393,0.8513540029525757,0.8494633436203003,0.8960509896278381,0.3733053505420685,0.4506814181804657
prs_bridge_fing20__01000100__s0014.wav,0.37156882882118225,0.4449331760406494,0.43714261054992676,0.4497527480125427,0.9107836484909058,0.7552695274353027,0.677006185054779,0.686130940914154
tele_bridge_fing23__01000100__s0043.wav,0.4008540213108063,0.18686378002166748,0.0957430750131607,0.7247977256774902,0.750573456287384,0.4389658570289612,0.08332747220993042,0.24654729664325714
prs_neck_pick18__01000100__s0001.wav,0.3311665654182434,0.40464258193969727,0.7832190990447998,0.6627475023269653,0.7004175186157227,0.6775311827659607,0.5543463230133057,0.43416544795036316
strat_bridge_pick17__01000100__s0029.wav,0.9749526381492615,0.9223299026489258,0.5159857869148254,0.6709928512573242,0.4210233688354492,0.5693174600601196,0.05937806889414787,0.1227426826953888
strat_neck_fing18__01000100__s0032.wav,0.8231064081192017,0.7624056935310364,0.6554465293884277,0.4748164415359497,0.6767752766609192,0.7436245679855347,0.7384187579154968,0.636125385761261
les_neck_pick22__01000100__s0018.wav,0.381107896566391,0.3111352324485779,0.472222238779068,0.5145216584205627,0.009135311469435692,0.637067437171936,0.055792491883039474,0.21135808527469635
strat_bridge_pick13__01000100__s0010.wav,0.052047211676836014,0.26726779341697693,0.7147607803344727,0.583873450756073,0.7267906069755554,0.7314382195472717,0.5586646199226379,0.5188785791397095
prs_bridge_pick17__01000100__s0048.wav,0.5632793307304382,0.556847870349884,0.13044500350952148,0.5265326499938965,0.8983514904975891,0.8762351274490356,0.756886899471283,0.4120410978794098
strat_neck_fing08__01000100__s0034.wav,0.1318831741809845,0.4599440097808838,0.01597316563129425,0.18034274876117706,0.1528821438550949,0.1463295817375183,0.3481277525424957,0.32553401589393616
prs_bridge_pick12__01000100__s0052.wav,0.7614219188690186,0.7978100776672363,0.5740869641304016,0.2589534521102905,0.02131691761314869,0.31101691722869873,0.8452665209770203,0.6648877263069153
les_neck_pick15__01000100__s0017.wav,0.8102362155914307,0.6433744430541992,0.5817781686782837,0.49920719861984253,0.4155310392379761,0.6141956448554993,0.36814481019973755,0.5938525795936584
strat_bridge_fing16__01000100__s0016.wav,0.9432281851768494,0.6348927617073059,0.3799002468585968,0.3396771252155304,0.1600867211818695,0.18136699497699738,0.4106176793575287,0.41387414932250977
strat_neck_pick03__01000100__s0045.wav,0.08963214606046677,0.22786526381969452,0.4138794541358948,0.3686869442462921,0.8153120875358582,0.8316901326179504,0.8189579248428345,0.7737281918525696
strat_bridge_pick09__01000100__s0040.wav,0.6774531006813049,0.7121340036392212,0.6582651734352112,0.4658144414424896,0.5655636191368103,0.6088616847991943,0.521788477897644,0.4797780513763428
prs_neck_pick13__01000100__s0026.wav,0.7681501507759094,0.6263020634651184,0.40593889355659485,0.7471049427986145,0.11425923556089401,0.29401105642318726,0.7156075239181519,0.4898640215396881
strat_bridge_fing25__01000100__s0052.wav,0.5080112218856812,0.6861914396286011,0.7692537903785706,0.3966931104660034,0.8880049586296082,0.7813069820404053,0.44449707865715027,0.4820896089076996
tele_neck_pick21__01000100__s0049.wav,0.3403721749782562,0.5180144906044006,0.2824392318725586,0.27877548336982727,0.6033610701560974,0.559246301651001,0.6925736665725708,0.4679839015007019
prs_neck_fing18__01000100__s0011.wav,0.15399670600891113,0.19769319891929626,0.6902985572814941,0.18351061642169952,0.16667291522026062,0.1654878407716751,0.7788259387016296,0.5806084275245667
prs_neck_fing20__01000100__s0050.wav,0.9035069346427917,0.8838784098625183,0.6506408452987671,0.6595337390899658,0.2825724482536316,0.6846849322319031,0.27675992250442505,0.4836921989917755
strat_bridge_pick25__01000100__s0022.wav,0.4075435996055603,0.3715755343437195,0.008402226492762566,0.19476726651191711,0.9232341647148132,0.4922633171081543,0.15013256669044495,0.4773913621902466
tele_neck_pick06__01000100__s0014.wav,0.9320375323295593,0.800629734992981,0.47590503096580505,0.34700459241867065,0.6426509022712708,0.6209522485733032,0.7951787114143372,0.7451095581054688
les_bridge_pick24__01000100__s0037.wav,0.813401997089386,0.882371723651886,0.6180744767189026,0.42405256628990173,0.27540111541748047,0.35422027111053467,0.9805247783660889,0.9661037921905518
prs_bridge_pick06__01000100__s0020.wav,0.5777833461761475,0.6945091485977173,0.8603774905204773,0.6258952021598816,0.7994204759597778,0.8278817534446716,0.33035343885421753,0.37962496280670166
prs_neck_pick01__01000100__s0000.wav,0.8807837963104248,0.7244526147842407,0.05620725452899933,0.23832741379737854,0.1852411925792694,0.41328704357147217,0.16032612323760986,0.18685054779052734
prs_neck_fing12__01000100__s0045.wav,0.199484184384346,0.2225419133901596,0.9375529289245605,0.2560465335845947,0.5515395998954773,0.22640009224414825,0.5668136477470398,0.47435587644577026
les_neck_pick08__01000100__s0049.wav,0.47922030091285706,0.3533651828765869,0.2382144331932068,0.7515353560447693,0.7118213772773743,0.7499942779541016,0.8402132987976074,0.6212568879127502
strat_bridge_pick11__01000100__s0049.wav,0.3359997272491455,0.19721683859825134,0.05167223885655403,0.12178045511245728,0.4092766046524048,0.4913214445114136,0.2760176658630371,0.3622058629989624
les_neck_pick18__01000100__s0047.wav,0.07159800082445145,0.3645894229412079,0.020713243633508682,0.3705187141895294,0.5955660939216614,0.46491390466690063,0.5655179619789124,0.5530410408973694
strat_neck_fing18__01000100__s0029.wav,0.9272904992103577,0.7565968036651611,0.26057493686676025,0.6693671345710754,0.761058509349823,0.604159951210022,0.6990540623664856,0.32254528999328613
les_neck_pick02__01000100__s0019.wav,0.3127988576889038,0.4024246633052826,0.8820439577102661,0.7607361674308777,0.9328861832618713,0.4526106119155884,0.22937865555286407,0.1743021160364151
tele_bridge_fing14__01000100__s0039.wav,0.6855792999267578,0.7217982411384583,0.5867960453033447,0.5831166505813599,0.7110306024551392,0.7883771061897278,0.2657686769962311,0.5544874668121338
strat_neck_pick05__01000100__s0018.wav,0.4255421459674835,0.7028906941413879,0.6693333983421326,0.3272695243358612,0.8261096477508545,0.7605651617050171,0.3161979019641876,0.5635367035865784
tele_bridge_fing24__01000100__s0033.wav,0.8697445392608643,0.9123162031173706,0.6823962926864624,0.8338546752929688,0.5952514410018921,0.4921365976333618,0.4359305799007416,0.37138885259628296
tele_bridge_pick25__01000100__s0046.wav,0.4945513606071472,0.2680005133152008,0.12882483005523682,0.24092818796634674,0.9162206053733826,0.7476306557655334,0.5068479776382446,0.5945395231246948
prs_bridge_fing05__01000100__s0033.wav,0.5007173418998718,0.5076945424079895,0.14469650387763977,0.23563764989376068,0.8859435319900513,0.6448020935058594,0.21815668046474457,0.3300440013408661
tele_bridge_fing01__01000100__s0024.wav,0.5595637559890747,0.5168840289115906,0.8079476952552795,0.797885000705719,0.08222979307174683,0.30647164583206177,0.14935316145420074,0.1660100817680359
strat_bridge_fing13__01000100__s0037.wav,0.2954727113246918,0.5312036275863647,0.9008144736289978,0.3592732548713684,0.1442362666130066,0.14012321829795837,0.6190294027328491,0.6499874591827393
prs_neck_fing12__01000100__s0038.wav,0.33371418714523315,0.2843984067440033,0.007437766529619694,0.19346371293067932,0.7043898105621338,0.7599782347679138,0.7335999011993408,0.2809668183326721
prs_bridge_pick25__01000100__s0021.wav,0.8090839385986328,0.8557361960411072,0.38008737564086914,0.5621163249015808,0.2700749635696411,0.4241868853569031,0.6743202805519104,0.6923781633377075
prs_bridge_fing04__01000100__s0016.wav,0.5959104895591736,0.6456454396247864,0.2593301832675934,0.41218554973602295,0.561475932598114,0.5209279656410217,0.9372928142547607,0.9098377823829651
tele_bridge_pick05__01000100__s0036.wav,0.7502623200416565,0.45663994550704956,0.2652929425239563,0.20685933530330658,0.377625435590744,0.4176279604434967,0.9271935820579529,0.8572149276733398
strat_neck_pick25__01000100__s0032.wav,0.5462397336959839,0.7985944747924805,0.8002563118934631,0.6774918437004089,0.06377675384283066,0.17281827330589294,0.45043107867240906,0.43725255131721497
les_neck_pick14__01000100__s0044.wav,0.4731377363204956,0.16274338960647583,0.38974976539611816,0.49297288060188293,0.9720499515533447,0.8732997179031372,0.8848583698272705,0.9411671757698059
les_neck_fing02__01000100__s0023.wav,0.20826327800750732,0.36661845445632935,0.5725206136703491,0.4258635640144348,0.9244547486305237,0.9518446922302246,0.5978317856788635,0.4849959909915924
les_neck_fing16__01000100__s0049.wav,0.3143014907836914,0.4445933997631073,0.14136920869350433,0.22361807525157928,0.9328024983406067,0.6275392174720764,0.9564275741577148,0.8932557702064514
tele_bridge_fing19__01000100__s0045.wav,0.11171557754278183,0.14634452760219574,0.8360803127288818,0.5553525686264038,0.5593620538711548,0.5359211564064026,0.739490270614624,0.5243869423866272
prs_neck_fing18__01000100__s0004.wav,0.4349410831928253,0.5347015857696533,0.2459929883480072,0.3063676655292511,0.9421011805534363,0.8659973740577698,0.29383960366249084,0.2378508597612381
les_neck_fing09__01000100__s0015.wav,0.3238515257835388,0.5717772245407104,0.595139741897583,0.38466259837150574,0.17121835052967072,0.1951638162136078,0.6025246381759644,0.6622911095619202
les_bridge_pick25__01000100__s0010.wav,0.33524438738822937,0.25026461482048035,0.06737203896045685,0.2555786669254303,0.9153242111206055,0.7962034940719604,0.2406417429447174,0.341825932264328
strat_bridge_fing25__01000100__s0011.wav,0.5175179243087769,0.7992064356803894,0.948367714881897,0.8248844742774963,0.609969973564148,0.5450592637062073,0.9903799891471863,0.8089768886566162
strat_bridge_fing05__01000100__s0026.wav,0.6166589260101318,0.6138542890548706,0.23314175009727478,0.27046892046928406,0.5402469038963318,0.5188953876495361,0.20790553092956543,0.1336755007505417
les_neck_pick09__01000100__s0019.wav,0.875144362449646,0.8267044425010681,0.23151832818984985,0.384469598531723,0.25427135825157166,0.34817829728126526,0.6616488695144653,0.6171626448631287
strat_bridge_fing24__01000100__s0039.wav,0.9576945900917053,0.8126286864280701,0.09617991745471954,0.3577330410480499,0.02645990625023842,0.3735818564891815,0.42816466093063354,0.34785863757133484
strat_bridge_fing12__01000100__s0037.wav,0.6748815178871155,0.7314016819000244,0.3219278156757355,0.47733375430107117,0.5317651629447937,0.3962548077106476,0.41066187620162964,0.18232949078083038
strat_bridge_fing16__01000100__s0031.wav,0.5889121890068054,0.4637409448623657,0.5736275315284729,0.7167525887489319,0.9165113568305969,0.49677157402038574,0.21535781025886536,0.4708968698978424
les_bridge_fing23__01000100__s0050.wav,0.1753399521112442,0.1393432766199112,0.9447314143180847,0.5497613549232483,0.6436874270439148,0.5875546932220459,0.6549360752105713,0.588222861289978
strat_bridge_fing04__01000100__s0035.wav,0.9117593169212341,0.7437127232551575,0.549106240272522,0.6228287816047668,0.4762452244758606,0.47317537665367126,0.8676010370254517,0.9524174332618713
tele_neck_fing18__01000100__s0034.wav,0.639953076839447,0.4062953591346741,0.17296797037124634,0.6127703785896301,0.20135119557380676,0.31828728318214417,0.07222941517829895,0.03380787372589111
tele_neck_fing10__01000100__s0019.wav,0.9319146275520325,0.8055723309516907,0.6851513385772705,0.7956780791282654,0.8860770463943481,0.9057073593139648,0.9286351799964905,0.8835095763206482
tele_neck_fing06__01000100__s0024.wav,0.12711837887763977,0.265089213848114,0.2151893973350525,0.6045538187026978,0.2817661762237549,0.3082682490348816,0.9579865336418152,0.7946510314941406
strat_bridge_pick12__01000100__s0003.wav,0.46499839425086975,0.877522885799408,0.6162531971931458,0.375375896692276,0.22865107655525208,0.3911665081977844,0.7138487696647644,0.516209602355957
strat_neck_fing08__01000100__s0000.wav,0.6679271459579468,0.8353187441825867,0.8921686410903931,0.7172517776489258,0.1422802209854126,0.5117583870887756,0.08494464308023453,0.23378390073776245
strat_neck_fing19__01000100__s0033.wav,0.5853663682937622,0.6056088805198669,0.8709564208984375,0.48697206377983093,0.7772091627120972,0.7417647242546082,0.9085593223571777,0.776405930519104
les_bridge_fing20__01000100__s0042.wav,0.09088817983865738,0.46755456924438477,0.5986089706420898,0.6204448342323303,0.3657646179199219,0.48089465498924255,0.30708006024360657,0.2742498219013214
les_bridge_fing21__01000100__s0038.wav,0.9781064987182617,0.8636558651924133,0.2904818654060364,0.42274364829063416,0.8318068385124207,0.7711342573165894,0.7140999436378479,0.7763675451278687
strat_bridge_fing07__01000100__s0011.wav,0.17333610355854034,0.40177759528160095,0.5118564367294312,0.21827100217342377,0.27285048365592957,0.8208836317062378,0.4769781827926636,0.7901483178138733
les_neck_fing23__01000100__s0042.wav,0.2614936828613281,0.17484597861766815,0.3833334147930145,0.31098702549934387,0.9644904732704163,0.7996636629104614,0.3225867450237274,0.429252952337265
strat_bridge_fing11__01000100__s0015.wav,0.6907468438148499,0.5312589406967163,0.6124113202095032,0.5809814929962158,0.051015112549066544,0.2240360826253891,0.6133279204368591,0.502013623714447
tele_bridge_fing11__01000100__s0007.wav,0.5015806555747986,0.6802831292152405,0.7680667042732239,0.801533579826355,0.9322813153266907,0.7764605283737183,0.07491057366132736,0.5076807737350464
prs_neck_fing25__01000100__s0001.wav,0.45529434084892273,0.599591076374054,0.6987661123275757,0.4450238049030304,0.026373745873570442,0.48089978098869324,0.04471290484070778,0.05828865244984627
prs_bridge_fing08__01000100__s0021.wav,0.3610999584197998,0.6333602666854858,0.7928727865219116,0.8005343675613403,0.21562878787517548,0.4714166224002838,0.19591447710990906,0.2110697627067566
tele_bridge_fing01__01000100__s0011.wav,0.35826924443244934,0.622986376285553,0.3404081165790558,0.23323898017406464,0.707091212272644,0.6732140779495239,0.3729707896709442,0.46962541341781616
les_bridge_pick12__01000100__s0018.wav,0.6581971645355225,0.5701223611831665,0.39428097009658813,0.2502448558807373,0.589028537273407,0.8028872609138489,0.7087852954864502,0.6985487937927246
prs_bridge_pick16__01000100__s0000.wav,0.9010380506515503,0.654499351978302,0.4499205946922302,0.43475836515426636,0.7271851301193237,0.5369083881378174,0.897534966468811,0.7918677926063538
tele_bridge_fing18__01000100__s0042.wav,0.32507219910621643,0.2843995988368988,0.27864304184913635,0.23844891786575317,0.06116265058517456,0.3182167708873749,0.034733619540929794,0.05331430584192276
prs_bridge_pick09__01000100__s0052.wav,0.1919732689857483,0.42457306385040283,0.46297764778137207,0.27745380997657776,0.0627918541431427,0.19679754972457886,0.9922378063201904,0.9035804867744446
strat_neck_pick25__01000100__s0053.wav,0.06870526820421219,0.7792191505432129,0.29302191734313965,0.40261363983154297,0.5567317605018616,0.460906445980072,0.9086766242980957,0.7814298272132874
strat_bridge_fing11__01000100__s0051.wav,0.7643268704414368,0.309985876083374,0.9218234419822693,0.13380549848079681,0.6837637424468994,0.6886540651321411,0.4202429950237274,0.4997629225254059
strat_neck_fing21__01000100__s0008.wav,0.7240003943443298,0.705061674118042,0.8217248916625977,0.8588903546333313,0.28655555844306946,0.4102892279624939,0.9471761584281921,0.862194299697876
strat_bridge_fing16__01000100__s0013.wav,0.01812325417995453,0.22189271450042725,0.6541152596473694,0.534627377986908,0.26220589876174927,0.2807406485080719,0.46228712797164917,0.4950098991394043
prs_neck_pick09__01000100__s0052.wav,0.5996328592300415,0.4480251669883728,0.06493757665157318,0.33403146266937256,0.13205420970916748,0.11335683614015579,0.5462464094161987,0.5238313674926758
prs_bridge_pick13__01000100__s0023.wav,0.774154782295227,0.682323157787323,0.21416924893856049,0.5123651027679443,0.2969169616699219,0.3323305547237396,0.8437031507492065,0.7229965925216675
tele_neck_fing21__01000100__s0051.wav,0.8295882344245911,0.7348468899726868,0.11342573165893555,0.477117121219635,0.470675528049469,0.40453001856803894,0.24106964468955994,0.270786851644516
prs_bridge_pick03__01000100__s0040.wav,0.14940126240253448,0.18829235434532166,0.11905073374509811,0.2612247169017792,0.8983262181282043,0.8461418747901917,0.21622736752033234,0.11036655306816101
strat_neck_fing14__01000100__s0039.wav,0.1483529806137085,0.34181398153305054,0.7500591278076172,0.3588259816169739,0.48024782538414,0.5758390426635742,0.5113424062728882,0.5243587493896484
les_bridge_fing18__01000100__s0011.wav,0.37040990591049194,0.444907546043396,0.5227153301239014,0.643947184085846,0.1546315848827362,0.14106516540050507,0.21854454278945923,0.2728007733821869
les_bridge_pick02__01000100__s0014.wav,0.13456343114376068,0.11970005929470062,0.7549037933349609,0.24202851951122284,0.6210507154464722,0.6366520524024963,0.0005424052942544222,0.07180850207805634
strat_bridge_fing10__01000100__s0029.wav,0.6596670746803284,0.5147992372512817,0.1850108951330185,0.4462173581123352,0.15318159759044647,0.2848753035068512,0.524966835975647,0.49752771854400635
tele_bridge_fing03__01000100__s0033.wav,0.24137064814567566,0.6075703501701355,0.8803819417953491,0.44623225927352905,0.6242023706436157,0.27735579013824463,0.5886908769607544,0.5162765979766846
les_neck_pick15__01000100__s0005.wav,0.25365787744522095,0.17227685451507568,0.9643967747688293,0.3776610195636749,0.25783640146255493,0.654664158821106,0.4507809281349182,0.19922854006290436
strat_neck_fing21__01000100__s0045.wav,0.57378751039505,0.6612565517425537,0.6981247663497925,0.6516132354736328,0.7879140973091125,0.7067258358001709,0.03655889630317688,0.12063324451446533
prs_bridge_pick18__01000100__s0045.wav,0.5177432298660278,0.6557509899139404,0.2505263686180115,0.10154163092374802,0.35378018021583557,0.3646700978279114,0.9838906526565552,0.8824437260627747
strat_neck_fing08__01000100__s0017.wav,0.3630734086036682,0.6031084656715393,0.892162561416626,0.7493441104888916,0.6950045824050903,0.7480558753013611,0.37221473455429077,0.44258007407188416
tele_bridge_pick24__01000100__s0037.wav,0.4227670729160309,0.5286652445793152,0.8100315928459167,0.7166763544082642,0.1881229728460312,0.22103697061538696,0.30014362931251526,0.2788337469100952
strat_bridge_fing01__01000100__s0010.wav,0.9501707553863525,0.900975227355957,0.6420682072639465,0.5417835712432861,0.6122881174087524,0.5083772540092468,0.5481676459312439,0.681634783744812
tele_bridge_fing24__01000100__s0006.wav,0.08048282563686371,0.11077648401260376,0.08335299044847488,0.31482312083244324,0.8311337828636169,0.8832811713218689,0.6651602387428284,0.36400049924850464
les_neck_pick18__01000100__s0013.wav,0.910109281539917,0.8212273716926575,0.1638280302286148,0.35272839665412903,0.6543322801589966,0.6246272921562195,0.40953028202056885,0.4115532636642456
les_bridge_pick06__01000100__s0051.wav,0.1657254844903946,0.20103171467781067,0.27171728014945984,0.21630918979644775,0.18986524641513824,0.4694487452507019,0.049152202904224396,0.11007531732320786
les_neck_fing21__01000100__s0033.wav,0.15345008671283722,0.2095528542995453,0.44899752736091614,0.509483277797699,0.2030331790447235,0.1900937259197235,0.7698481678962708,0.8844817280769348
strat_neck_fing17__01000100__s0001.wav,0.8635698556900024,0.41249415278434753,0.4298015236854553,0.5101541876792908,0.19595208764076233,0.2606002390384674,0.605646014213562,0.22263601422309875
tele_bridge_fing02__01000100__s0037.wav,0.005272518843412399,0.09261532127857208,0.33327487111091614,0.17442160844802856,0.8879628777503967,0.831233561038971,0.9534593224525452,0.9459938406944275
tele_neck_fing22__01000100__s0044.wav,0.22354350984096527,0.12929847836494446,0.2659244239330292,0.7849490642547607,0.3259069323539734,0.48210954666137695,0.5625330209732056,0.4517197906970978
tele_neck_fing15__01000100__s0035.wav,0.017820799723267555,0.23209382593631744,0.7981401681900024,0.6994962692260742,0.6039409041404724,0.5101491808891296,0.6161432862281799,0.6019234657287598
prs_bridge_fing05__01000100__s0009.wav,0.024012833833694458,0.2429267019033432,0.836762011051178,0.1976659893989563,0.48119935393333435,0.7846404314041138,0.7872400879859924,0.9128252863883972
tele_neck_fing22__01000100__s0002.wav,0.2838881015777588,0.3675868809223175,0.15751135349273682,0.17662928998470306,0.11693716794252396,0.07081061601638794,0.9821244478225708,0.9749311804771423
les_bridge_pick24__01000100__s0024.wav,0.08929237723350525,0.16480819880962372,0.5256581902503967,0.10732048004865646,0.7188161015510559,0.6180499792098999,0.01046471856534481,0.06914205849170685
prs_bridge_pick10__01000100__s0026.wav,0.8329763412475586,0.7977948188781738,0.38602951169013977,0.6722806692123413,0.7280733585357666,0.524397075176239,0.8232024908065796,0.7383871078491211
strat_bridge_pick09__01000100__s0007.wav,0.325410932302475,0.5178489089012146,0.6451972126960754,0.5241961479187012,0.908623218536377,0.9402173757553101,0.9081034660339355,0.7572294473648071
les_neck_fing10__01000100__s0046.wav,0.21914927661418915,0.0625261664390564,0.3639836609363556,0.19305559992790222,0.6230114698410034,0.5402582287788391,0.3482680022716522,0.6080069541931152
prs_neck_fing18__01000100__s0010.wav,0.6227535009384155,0.7481393218040466,0.4008391201496124,0.49845215678215027,0.3810817301273346,0.38584694266319275,0.3875972032546997,0.5268345475196838
les_neck_fing25__01000100__s0009.wav,0.6833387017250061,0.6206668615341187,0.44199126958847046,0.5336796641349792,0.5927020907402039,0.5255880951881409,0.8484017252922058,0.7087464332580566
prs_bridge_pick22__01000100__s0020.wav,0.566719114780426,0.6763309836387634,0.5247920751571655,0.7336249947547913,0.76177579164505,0.4574569761753082,0.42412588000297546,0.5281233787536621
strat_neck_pick17__01000100__s0020.wav,0.5025741457939148,0.43526554107666016,0.4159201681613922,0.28026899695396423,0.977875292301178,0.38471606373786926,0.02751857228577137,0.5001506805419922
strat_neck_pick22__01000100__s0011.wav,0.5778151750564575,0.6361251473426819,0.29582035541534424,0.767957866191864,0.6706223487854004,0.4824453890323639,0.47743844985961914,0.4943676292896271
prs_bridge_fing02__01000100__s0006.wav,0.4571378827095032,0.5933939814567566,0.29969874024391174,0.5410430431365967,0.8156784176826477,0.8198273181915283,0.45214366912841797,0.34645867347717285
strat_neck_pick11__01000100__s0048.wav,0.235685795545578,0.2436785250902176,0.012879266403615475,0.2429618239402771,0.56387859582901,0.4231936037540436,0.7900123000144958,0.41519320011138916
strat_neck_fing18__01000100__s0042.wav,0.5893325209617615,0.40912380814552307,0.07769618183374405,0.6266071796417236,0.42236819863319397,0.47359520196914673,0.34314507246017456,0.209237739443779
strat_bridge_fing10__01000100__s0013.wav,0.9649021029472351,0.8876155018806458,0.5319944620132446,0.7617042660713196,0.7912124395370483,0.8734455704689026,0.377625048160553,0.768945038318634
tele_bridge_fing06__01000100__s0027.wav,0.5349751114845276,0.5839652419090271,0.9726777672767639,0.666126549243927,0.6938452124595642,0.5604323744773865,0.5716185569763184,0.3324931859970093
tele_bridge_pick05__01000100__s0010.wav,0.19350841641426086,0.2977326810359955,0.37263527512550354,0.39239996671676636,0.9286704063415527,0.9098160862922668,0.8609483242034912,0.7319324612617493
tele_neck_fing22__01000100__s0016.wav,0.08878451585769653,0.3737362325191498,0.6393438577651978,0.3925297260284424,0.1673915684223175,0.6195423603057861,0.5452355146408081,0.4477269649505615
tele_neck_fing23__01000100__s0018.wav,0.5039699077606201,0.34520667791366577,0.03343558311462402,0.6641895771026611,0.5865098237991333,0.4862547814846039,0.45016834139823914,0.3808383047580719
prs_neck_fing05__01000100__s0033.wav,0.10742779821157455,0.18842822313308716,0.01874241791665554,0.2951986789703369,0.47893500328063965,0.5189164280891418,0.8308486938476562,0.8850845694541931
les_neck_pick07__01000100__s0028.wav,0.45826759934425354,0.5318663120269775,0.2567211389541626,0.3422257900238037,0.07169453054666519,0.17875297367572784,0.33954504132270813,0.43413931131362915
les_bridge_fing23__01000100__s0026.wav,0.6177145838737488,0.861723005771637,0.1513342708349228,0.2557460069656372,0.7972936034202576,0.813225269317627,0.8294321298599243,0.7816441059112549
prs_bridge_fing24__01000100__s0025.wav,0.24376805126667023,0.18698886036872864,0.1765124797821045,0.2541063725948334,0.0610189288854599,0.11443845927715302,0.9637899994850159,0.776963472366333
prs_neck_pick18__01000100__s0051.wav,0.8830202221870422,0.8427015542984009,0.29330116510391235,0.6769554615020752,0.5784481167793274,0.5010619759559631,0.44379085302352905,0.5251694917678833
prs_bridge_pick22__01000100__s0011.wav,0.2443564534187317,0.4938807487487793,0.8300409913063049,0.5451893210411072,0.4916175901889801,0.4743840992450714,0.5843565464019775,0.4834902584552765
prs_neck_pick04__01000100__s0013.wav,0.7210138440132141,0.7894865870475769,0.6096215844154358,0.5169499516487122,0.6181660294532776,0.6389444470405579,0.21086737513542175,0.29245051741600037
strat_neck_pick12__01000100__s0020.wav,0.8273364901542664,0.4718380570411682,0.15701235830783844,0.5933263897895813,0.4122854471206665,0.5231534838676453,0.7238296270370483,0.7411267757415771
tele_bridge_pick05__01000100__s0047.wav,0.913163959980011,0.8428528904914856,0.35489383339881897,0.4896639883518219,0.10887058824300766,0.19569867849349976,0.4936603605747223,0.4242808520793915
prs_neck_fing13__01000100__s0000.wav,0.49265822768211365,0.3558855354785919,0.8599162101745605,0.5460508465766907,0.287872314453125,0.4644148349761963,0.6202426552772522,0.09101253002882004
les_bridge_fing05__01000100__s0049.wav,0.18808752298355103,0.3241637945175171,0.4022023677825928,0.5039901733398438,0.6035388708114624,0.6040025353431702,0.2835894525051117,0.5324286818504333
les_neck_fing15__01000100__s0032.wav,0.3907536268234253,0.3187260031700134,0.12719959020614624,0.3198736310005188,0.5795972943305969,0.5131693482398987,0.4529689848423004,0.19292296469211578
tele_bridge_pick22__01000100__s0027.wav,0.6427176594734192,0.8315317630767822,0.953319787979126,0.6873777508735657,0.9709641337394714,0.668506383895874,0.5139894485473633,0.3724912703037262
tele_neck_fing10__01000100__s0035.wav,0.20181460678577423,0.18137021362781525,0.28371110558509827,0.37778550386428833,0.1274838000535965,0.08844568580389023,0.41544651985168457,0.4955843687057495
tele_bridge_fing15__01000100__s0039.wav,0.08932730555534363,0.21469523012638092,0.3760039806365967,0.12341673672199249,0.7725576162338257,0.6964340806007385,0.28978094458580017,0.5844424366950989
strat_bridge_fing19__01000100__s0048.wav,0.8712826371192932,0.8263064026832581,0.9787760376930237,0.8105791211128235,0.3917052447795868,0.599030077457428,0.06231681630015373,0.4042603075504303
tele_neck_pick23__01000100__s0016.wav,0.7171306014060974,0.7521288394927979,0.3833198845386505,0.6447132229804993,0.3857043385505676,0.453214168548584,0.3088223338127136,0.4105501174926758
prs_bridge_pick17__01000100__s0038.wav,0.5895032286643982,0.6357697248458862,0.44526469707489014,0.5244899988174438,0.4316690266132355,0.4525589346885681,0.9742869138717651,0.8931609988212585
prs_bridge_fing20__01000100__s0003.wav,0.7493786811828613,0.8063117861747742,0.5859547853469849,0.7058331370353699,0.24202412366867065,0.2302839308977127,0.4930735230445862,0.5456193685531616
tele_neck_pick12__01000100__s0041.wav,0.5866518616676331,0.6362862586975098,0.4635763466358185,0.3301127552986145,0.41737091541290283,0.3972877264022827,0.9149039387702942,0.9067062139511108
strat_bridge_pick12__01000100__s0030.wav,0.5114914178848267,0.31552815437316895,0.13176052272319794,0.6930990219116211,0.8140638470649719,0.7131676077842712,0.5621291995048523,0.25572729110717773
les_neck_fing07__01000100__s0035.wav,0.20327535271644592,0.5596485137939453,0.9690462946891785,0.22962617874145508,0.4222991168498993,0.5934828519821167,0.9676220417022705,0.9761888980865479
les_neck_pick04__01000100__s0020.wav,0.2365913689136505,0.521776020526886,0.5178260207176208,0.564446210861206,0.4094272255897522,0.1888655722141266,0.19627761840820312,0.5619694590568542
prs_bridge_pick25__01000100__s0001.wav,0.7697560787200928,0.9036075472831726,0.9219640493392944,0.9129812717437744,0.865990400314331,0.8437978625297546,0.4683695137500763,0.5848208069801331
tele_neck_pick04__01000100__s0054.wav,0.11049669235944748,0.260858416557312,0.5812991261482239,0.24401837587356567,0.38819700479507446,0.46690139174461365,0.7123432159423828,0.41234084963798523
les_neck_fing06__01000100__s0031.wav,0.09132561087608337,0.22286802530288696,0.05111787095665932,0.2894503176212311,0.17856913805007935,0.1685566008090973,0.6728980541229248,0.3627491891384125
tele_neck_fing15__01000100__s0025.wav,0.35834649205207825,0.6492375731468201,0.9536921977996826,0.3690554201602936,0.927724301815033,0.8904550671577454,0.5369706749916077,0.6574007272720337
strat_bridge_fing09__01000100__s0018.wav,0.3046480417251587,0.467856228351593,0.6646721363067627,0.5622110962867737,0.42248809337615967,0.5908570289611816,0.05302325263619423,0.1850741058588028
strat_bridge_pick24__01000100__s0020.wav,0.7730315923690796,0.8079584240913391,0.08385299891233444,0.7074301838874817,0.702433168888092,0.7966716885566711,0.12420497834682465,0.16771316528320312
les_bridge_pick06__01000100__s0024.wav,0.5314860939979553,0.3114565312862396,0.011228478513658047,0.676170825958252,0.9786965847015381,0.6065627932548523,0.14795219898223877,0.41769295930862427
tele_neck_pick25__01000100__s0016.wav,0.172251895070076,0.21010437607765198,0.7177987694740295,0.3159288763999939,0.5336914658546448,0.5128693580627441,0.5033051371574402,0.3474067151546478
tele_bridge_fing07__01000100__s0035.wav,0.18526434898376465,0.3990945518016815,0.49087071418762207,0.4651382267475128,0.6074758768081665,0.47023284435272217,0.14256271719932556,0.4796220064163208
tele_neck_fing02__01000100__s0001.wav,0.29214176535606384,0.3057742416858673,0.999873161315918,0.8042059540748596,0.9506000876426697,0.6373184323310852,0.5978143215179443,0.3773934841156006
tele_bridge_fing16__01000100__s0013.wav,0.462137907743454,0.5966315269470215,0.6839831471443176,0.7403412461280823,0.5466547012329102,0.7804743647575378,0.5374177098274231,0.5938302278518677
strat_bridge_pick22__01000100__s0040.wav,0.6746010780334473,0.7065065503120422,0.4293656647205353,0.5893667340278625,0.7970837950706482,0.7953271269798279,0.9403471350669861,0.8765910267829895
strat_neck_fing19__01000100__s0017.wav,0.20752331614494324,0.3252040445804596,0.8427057862281799,0.32336491346359253,0.5143205523490906,0.5510887503623962,0.8816837668418884,0.7735036015510559
strat_neck_fing02__01000100__s0018.wav,0.07272851467132568,0.24495990574359894,0.5575897097587585,0.537200927734375,0.8092330098152161,0.8629859089851379,0.7245291471481323,0.45637431740760803
tele_bridge_pick04__01000100__s0020.wav,0.47480714321136475,0.46559539437294006,0.1437961310148239,0.14235833287239075,0.6709731221199036,0.8758302927017212,0.4076424837112427,0.5600658059120178
strat_bridge_pick24__01000100__s0017.wav,0.6697147488594055,0.6158280968666077,0.5021159052848816,0.6718669533729553,0.4750656187534332,0.36625388264656067,0.22338517010211945,0.19448424875736237
prs_bridge_pick14__01000100__s0019.wav,0.11668908596038818,0.25334757566452026,0.09607885032892227,0.46156641840934753,0.4480700194835663,0.4177273213863373,0.9120116233825684,0.8149624466896057
strat_neck_pick12__01000100__s0010.wav,0.7567557096481323,0.4621011018753052,0.013695570640265942,0.2962774634361267,0.9283328652381897,0.8008713126182556,0.25766414403915405,0.16601984202861786
strat_bridge_fing17__01000100__s0003.wav,0.5844160914421082,0.4839690327644348,0.3380947709083557,0.25220680236816406,0.2450130730867386,0.22121095657348633,0.20476864278316498,0.5924762487411499
strat_neck_pick15__01000100__s0004.wav,0.5878051519393921,0.7388294339179993,0.6521949768066406,0.7960031628608704,0.4555845856666565,0.7693919539451599,0.16793565452098846,0.25494417548179626
prs_bridge_fing17__01000100__s0039.wav,0.4083099067211151,0.38041916489601135,0.187865749001503,0.5584616661071777,0.9420097470283508,0.818278968334198,0.8041030764579773,0.8002780079841614
prs_bridge_pick08__01000100__s0011.wav,0.8937475681304932,0.7443569302558899,0.9504512548446655,0.8943188786506653,0.34771862626075745,0.5506423711776733,0.2351769506931305,0.1749134659767151
prs_neck_pick08__01000100__s0025.wav,0.06850577145814896,0.16799242794513702,0.4550786018371582,0.20245465636253357,0.41244152188301086,0.39830660820007324,0.7114658355712891,0.5888673067092896
strat_neck_pick25__01000100__s0055.wav,0.5807095170021057,0.7710372805595398,0.9829009771347046,0.8226788640022278,0.04490210488438606,0.20782078802585602,0.8961494565010071,0.795993447303772
prs_bridge_fing25__01000100__s0025.wav,0.5177105665206909,0.1671622097492218,0.06294423341751099,0.4823840260505676,0.4364966154098511,0.23223523795604706,0.8401857018470764,0.9069258570671082
prs_bridge_fing07__01000100__s0018.wav,0.7146856188774109,0.34147244691848755,0.16415204107761383,0.3333019018173218,0.34574446082115173,0.4221871495246887,0.8473141193389893,0.6993851661682129
tele_bridge_fing14__01000100__s0029.wav,0.6224669814109802,0.7965195178985596,0.5044232606887817,0.33278051018714905,0.7794712781906128,0.29665130376815796,0.016710584983229637,0.14889521896839142
strat_bridge_pick13__01000100__s0044.wav,0.6265131235122681,0.6401677131652832,0.6928728818893433,0.43797916173934937,0.8634014129638672,0.8046442866325378,0.7157810926437378,0.3494052588939667
strat_neck_pick18__01000100__s0030.wav,0.7755168676376343,0.7180216312408447,0.13405413925647736,0.14493107795715332,0.12669584155082703,0.549024760723114,0.043425410985946655,0.19164951145648956
strat_neck_pick14__01000100__s0015.wav,0.6000286340713501,0.7864332795143127,0.7131751179695129,0.4460998475551605,0.8100607991218567,0.7510181069374084,0.4202651381492615,0.44916224479675293
strat_neck_pick24__01000100__s0011.wav,0.02271677926182747,0.23692183196544647,0.39642083644866943,0.1686311811208725,0.022064480930566788,0.09230199456214905,0.6978747248649597,0.6688556671142578
strat_neck_pick16__01000100__s0016.wav,0.18051746487617493,0.3021963834762573,0.9072774052619934,0.8296245336532593,0.26978182792663574,0.599542498588562,0.3185521364212036,0.3594217300415039
strat_bridge_pick10__01000100__s0048.wav,0.7650145292282104,0.6060754656791687,0.08913236856460571,0.649139940738678,0.423872709274292,0.4607320725917816,0.11612282693386078,0.4603860080242157
strat_bridge_fing07__01000100__s0040.wav,0.3334205448627472,0.21618549525737762,0.06129952892661095,0.13796554505825043,0.8438376188278198,0.8198246359825134,0.32298988103866577,0.3165169060230255
tele_bridge_pick16__01000100__s0005.wav,0.23106785118579865,0.19996435940265656,0.28846418857574463,0.13468509912490845,0.506327211856842,0.5082578659057617,0.5689491033554077,0.6860349178314209
tele_neck_fing14__01000100__s0013.wav,0.9266833066940308,0.7202444672584534,0.6280951499938965,0.6991086006164551,0.7865128517150879,0.6719750165939331,0.6296161413192749,0.25390398502349854
strat_neck_pick23__01000100__s0004.wav,0.7406271696090698,0.644395649433136,0.1302991509437561,0.48775458335876465,0.37209388613700867,0.5680186152458191,0.0221528522670269,0.16883473098278046
strat_bridge_pick21__01000100__s0027.wav,0.8977951407432556,0.6120813488960266,0.4000004231929779,0.6701126098632812,0.87479168176651,0.8466867208480835,0.7204846739768982,0.47241538763046265
prs_bridge_pick14__01000100__s0003.wav,0.13716934621334076,0.42114970088005066,0.7673665881156921,0.42081978917121887,0.8313828110694885,0.8055194616317749,0.5120592713356018,0.4587547183036804
tele_bridge_fing07__01000100__s0034.wav,0.5775646567344666,0.2540641129016876,0.02711806818842888,0.1861749142408371,0.3836386799812317,0.4499743580818176,0.801558792591095,0.5548166036605835
prs_bridge_fing21__01000100__s0021.wav,0.00449434295296669,0.21481077373027802,0.39915260672569275,0.4651690721511841,0.6252598762512207,0.5246787667274475,0.19228407740592957,0.24689899384975433
les_neck_pick22__01000100__s0045.wav,0.3113257586956024,0.4692310094833374,0.9390453100204468,0.17939960956573486,0.8706616759300232,0.8390257358551025,0.47303494811058044,0.603071391582489
les_bridge_pick22__01000100__s0032.wav,0.2700119614601135,0.34571412205696106,0.3839438259601593,0.23271554708480835,0.5848037004470825,0.5740647912025452,0.30314281582832336,0.3046531677246094
tele_neck_fing18__01000100__s0026.wav,0.16670307517051697,0.45382872223854065,0.640862762928009,0.5232421159744263,0.2105390578508377,0.49919140338897705,0.8897297978401184,0.8009134531021118
les_neck_fing01__01000100__s0006.wav,0.2245432287454605,0.17864620685577393,0.13761138916015625,0.26030513644218445,0.6584861278533936,0.39607128500938416,0.848875105381012,0.900259792804718
strat_neck_pick06__01000100__s0002.wav,0.7584940195083618,0.6144552230834961,0.3866399824619293,0.35784509778022766,0.34448593854904175,0.32892370223999023,0.07515665888786316,0.14143195748329163
les_neck_pick09__01000100__s0051.wav,0.7549323439598083,0.6803646683692932,0.4312637746334076,0.6351069211959839,0.47458770871162415,0.49668580293655396,0.9058380722999573,0.8425344824790955
les_bridge_pick15__01000100__s0053.wav,0.7727364301681519,0.7365866303443909,0.9302605986595154,0.8866667151451111,0.8435232043266296,0.8447825312614441,0.35683318972587585,0.3255803883075714
tele_bridge_fing17__01000100__s0005.wav,0.8988285064697266,0.8564444780349731,0.37820181250572205,0.5407752394676208,0.5657558441162109,0.5167834758758545,0.78091961145401,0.7385731935501099
les_neck_pick19__01000100__s0007.wav,0.27645665407180786,0.33157557249069214,0.1260310560464859,0.12135498225688934,0.38890019059181213,0.4057367146015167,0.6623443365097046,0.6414781212806702
tele_neck_fing23__01000100__s0003.wav,0.04794033244252205,0.11646869033575058,0.8546213507652283,0.3282480835914612,0.9860934615135193,0.8446932435035706,0.9356831908226013,0.9525755643844604
prs_neck_fing03__01000100__s0013.wav,0.17034196853637695,0.5047799944877625,0.6021773815155029,0.20637257397174835,0.5224905014038086,0.5424401164054871,0.9348089098930359,0.9208411574363708
tele_neck_pick04__01000100__s0009.wav,0.23461884260177612,0.4112957715988159,0.7268406748771667,0.5995233058929443,0.24950659275054932,0.24803991615772247,0.6727268695831299,0.43664684891700745
les_bridge_fing05__01000100__s0033.wav,0.047686051577329636,0.12962685525417328,0.8043323159217834,0.1868373602628708,0.649238109588623,0.6109682321548462,0.8498291969299316,0.9004734754562378
les_neck_pick14__01000100__s0038.wav,0.9588219523429871,0.4788643717765808,0.34476444125175476,0.5953333973884583,0.3098466396331787,0.3417428135871887,0.679874062538147,0.5089433193206787
les_bridge_fing05__01000100__s0007.wav,0.588947057723999,0.8261124491691589,0.3578316867351532,0.6079277396202087,0.18608711659908295,0.28153476119041443,0.16107571125030518,0.15046250820159912
strat_bridge_pick18__01000100__s0031.wav,0.1637042611837387,0.3969164192676544,0.5390151143074036,0.5062960982322693,0.9429419636726379,0.87373286485672,0.3551783263683319,0.2844398617744446
strat_bridge_pick21__01000100__s0048.wav,0.982158899307251,0.9262868165969849,0.895484209060669,0.8371765613555908,0.43269428610801697,0.47092047333717346,0.31400755047798157,0.2546404302120209
tele_neck_pick16__01000100__s0049.wav,0.21870668232440948,0.1399424821138382,0.3289436399936676,0.33358412981033325,0.9969059824943542,0.8871689438819885,0.5495653748512268,0.2521648406982422
strat_bridge_pick10__01000100__s0002.wav,0.9760935306549072,0.8390693068504333,0.07389768958091736,0.6757737398147583,0.2667725682258606,0.56645268201828,0.35786643624305725,0.22190886735916138
prs_bridge_fing24__01000100__s0048.wav,0.7240116596221924,0.7222712635993958,0.7549773454666138,0.6621016263961792,0.877434492111206,0.808603823184967,0.9770939350128174,0.9031462073326111
tele_neck_fing01__01000100__s0037.wav,0.33827659487724304,0.43865031003952026,0.7571159601211548,0.6745160222053528,0.24483974277973175,0.3332359790802002,0.46869343519210815,0.6503115296363831
prs_neck_fing23__01000100__s0027.wav,0.9760066866874695,0.8046624064445496,0.44657209515571594,0.7956460118293762,0.667025625705719,0.7020840048789978,0.32746660709381104,0.34800854325294495
tele_neck_fing06__01000100__s0022.wav,0.5574960708618164,0.7294036746025085,0.754127562046051,0.6121620535850525,0.8522937893867493,0.6838080883026123,0.8972560167312622,0.6496192216873169
strat_neck_fing22__01000100__s0043.wav,0.9212791323661804,0.8357685804367065,0.35483622550964355,0.388332724571228,0.24798311293125153,0.2112310379743576,0.9182524085044861,0.9480488896369934
les_bridge_fing17__01000100__s0017.wav,0.2999562621116638,0.2853456139564514,0.5516329407691956,0.7748101949691772,0.6531875133514404,0.6958103179931641,0.544861376285553,0.647070050239563
les_neck_fing04__01000100__s0033.wav,0.9135979413986206,0.6426867246627808,0.3507709801197052,0.6503955721855164,0.8750999569892883,0.8928424119949341,0.9210827946662903,0.7987992763519287
les_neck_pick04__01000100__s0007.wav,0.631645679473877,0.6436228156089783,0.38914212584495544,0.6703152060508728,0.9831703901290894,0.6693015694618225,0.4635583162307739,0.31031349301338196
tele_neck_pick20__01000100__s0023.wav,0.9676852226257324,0.5229411125183105,0.10806474089622498,0.7885236740112305,0.183508038520813,0.33537378907203674,0.13809671998023987,0.15221238136291504
prs_bridge_fing10__01000100__s0045.wav,0.8314581513404846,0.9544553756713867,0.7280105948448181,0.7649308443069458,0.8376362919807434,0.8837438225746155,0.996273398399353,0.9880169630050659
prs_neck_pick23__01000100__s0030.wav,0.9658173322677612,0.8280084133148193,0.4465726613998413,0.5775324702262878,0.6783066391944885,0.8040820956230164,0.46758320927619934,0.634303092956543
les_bridge_pick07__01000100__s0007.wav,0.24671071767807007,0.19155119359493256,0.00999975111335516,0.3844282925128937,0.6553519368171692,0.5745927691459656,0.7424598932266235,0.7359444499015808
les_neck_fing12__01000100__s0009.wav,0.9359651803970337,0.6191340684890747,0.0576850026845932,0.24064430594444275,0.27455076575279236,0.5002407431602478,0.371016263961792,0.4139091670513153
strat_neck_pick22__01000100__s0024.wav,0.31828728318214417,0.42515769600868225,0.5607553124427795,0.22621384263038635,0.7051470279693604,0.8033717274665833,0.6441466212272644,0.4632653594017029
strat_bridge_pick25__01000100__s0018.wav,0.9143283367156982,0.8870888948440552,0.9250038266181946,0.9145497679710388,0.546342134475708,0.5769320726394653,0.5265503525733948,0.5319551825523376
prs_neck_fing08__01000100__s0027.wav,0.40056049823760986,0.5954886674880981,0.6995229721069336,0.6324208378791809,0.11693920195102692,0.319909006357193,0.862668514251709,0.7149225473403931
prs_bridge_fing10__01000100__s0034.wav,0.7314674258232117,0.7903668880462646,0.17857475578784943,0.18608279526233673,0.1448148638010025,0.4756786823272705,0.11295967549085617,0.15902508795261383
prs_bridge_pick15__01000100__s0042.wav,0.9919680953025818,0.8930519223213196,0.5291486382484436,0.7061078548431396,0.5186280608177185,0.5314122438430786,0.6290435791015625,0.636036217212677
tele_bridge_fing18__01000100__s0005.wav,0.5005773305892944,0.6776311993598938,0.2907311022281647,0.155869722366333,0.28964149951934814,0.20402081310749054,0.519017219543457,0.5217074155807495
les_neck_fing15__01000100__s0005.wav,0.8868118524551392,0.604974091053009,0.9010279774665833,0.7591702342033386,0.3569242060184479,0.6177629828453064,0.07726600021123886,0.2629583775997162
tele_bridge_fing09__01000100__s0016.wav,0.303648442029953,0.49485665559768677,0.8355289101600647,0.4264247715473175,0.470877081155777,0.25305718183517456,0.19811910390853882,0.4749319851398468
prs_bridge_fing21__01000100__s0055.wav,0.49846017360687256,0.5826605558395386,0.6893224716186523,0.582324206829071,0.4871648848056793,0.4856669008731842,0.19559291005134583,0.19002483785152435
tele_bridge_fing13__01000100__s0003.wav,0.9894201159477234,0.8143303394317627,0.32667607069015503,0.6702129244804382,0.6062393188476562,0.5792114734649658,0.28451114892959595,0.1861332505941391
strat_bridge_fing04__01000100__s0030.wav,0.43298017978668213,0.3778640925884247,0.09178055077791214,0.3269522786140442,0.7366202473640442,0.8167670965194702,0.7131539583206177,0.7288035750389099
tele_bridge_pick09__01000100__s0052.wav,0.6699149012565613,0.6271344423294067,0.3773011863231659,0.709636926651001,0.2733269929885864,0.5121056437492371,0.4232337474822998,0.4741237163543701
les_bridge_pick17__01000100__s0016.wav,0.6696900725364685,0.6583827137947083,0.6122163534164429,0.6694539785385132,0.8213458061218262,0.8232085704803467,0.0028504752553999424,0.06808813661336899
strat_bridge_pick17__01000100__s0055.wav,0.9206551909446716,0.8941953182220459,0.5756171941757202,0.6799967288970947,0.04291723296046257,0.22860901057720184,0.4556179344654083,0.3755144476890564
prs_bridge_fing05__01000100__s0028.wav,0.04272529482841492,0.6540039777755737,0.07481351494789124,0.46218734979629517,0.7805109620094299,0.8605655431747437,0.18126937747001648,0.22883181273937225
strat_bridge_fing09__01000100__s0031.wav,0.3539349138736725,0.19451458752155304,0.01605970971286297,0.30834680795669556,0.3990930914878845,0.32788845896720886,0.09615208953619003,0.2355126440525055
strat_neck_pick24__01000100__s0052.wav,0.777047872543335,0.5371983647346497,0.4574262797832489,0.1875246912240982,0.5948967337608337,0.36163365840911865,0.038709767162799835,0.09533076733350754
prs_bridge_fing02__01000100__s0022.wav,0.5667098164558411,0.6057752370834351,0.8347300887107849,0.6379834413528442,0.4159330725669861,0.40736934542655945,0.1891409307718277,0.37990403175354004
les_neck_fing12__01000100__s0017.wav,0.9284005165100098,0.7375075817108154,0.2685384452342987,0.29006534814834595,0.11667665094137192,0.021529527381062508,0.9229393601417542,0.9319946765899658
tele_bridge_fing19__01000100__s0022.wav,0.8706085681915283,0.5981577634811401,0.12062093615531921,0.34164464473724365,0.526717483997345,0.4252239465713501,0.4092762768268585,0.4391242563724518
prs_neck_fing08__01000100__s0029.wav,0.6702858805656433,0.4479113817214966,0.024112099781632423,0.2861515283584595,0.3669080138206482,0.3361038863658905,0.2677036225795746,0.3622179329395294
strat_neck_pick04__01000100__s0054.wav,0.05797967687249184,0.19645000994205475,0.6784949898719788,0.47078949213027954,0.3569020926952362,0.5427887439727783,0.25566723942756653,0.29170623421669006
prs_bridge_pick15__01000100__s0012.wav,0.9475525617599487,0.8298460245132446,0.9812996983528137,0.786058783531189,0.550757110118866,0.6220666170120239,0.25352245569229126,0.4738178551197052
les_neck_pick24__01000100__s0045.wav,0.8536636233329773,0.8270496726036072,0.6927557587623596,0.602231502532959,0.9803579449653625,0.8669604659080505,0.6510087251663208,0.607322633266449
tele_neck_fing19__01000100__s0030.wav,0.05774430185556412,0.39189159870147705,0.42336544394493103,0.2679976224899292,0.8842992186546326,0.8839995861053467,0.3061608076095581,0.3986811339855194
strat_neck_fing07__01000100__s0001.wav,0.3972797095775604,0.5032450556755066,0.7513396143913269,0.40928441286087036,0.8177441358566284,0.5980945229530334,0.8737591505050659,0.45067110657691956
strat_bridge_pick16__01000100__s0052.wav,0.6538078784942627,0.7571764588356018,0.8242435455322266,0.7183259725570679,0.41519850492477417,0.3556089401245117,0.08452706784009933,0.057570647448301315
les_neck_pick03__01000100__s0031.wav,0.8379946351051331,0.7195737361907959,0.11907599121332169,0.3691818118095398,0.79093337059021,0.8416864275932312,0.7066197395324707,0.6273791193962097
tele_bridge_pick08__01000100__s0046.wav,0.32654064893722534,0.6909164190292358,0.3857429325580597,0.4134945869445801,0.8299424648284912,0.5683937072753906,0.7296164035797119,0.7022380828857422
prs_bridge_fing21__01000100__s0039.wav,0.2858440577983856,0.3627624213695526,0.3473154306411743,0.3321126699447632,0.434562087059021,0.4694335162639618,0.19606605172157288,0.5126885771751404
prs_neck_fing03__01000100__s0029.wav,0.5957298278808594,0.5871747136116028,0.14318639039993286,0.3779713213443756,0.7533300518989563,0.8231647610664368,0.1807478964328766,0.18317528069019318
tele_neck_pick09__01000100__s0023.wav,0.5022047758102417,0.3466569483280182,0.11396342515945435,0.3103671669960022,0.14105570316314697,0.04857289418578148,0.8886070251464844,0.6591967940330505
strat_bridge_fing16__01000100__s0010.wav,0.7036342620849609,0.6823137402534485,0.9909746050834656,0.7819309830665588,0.99834805727005,0.4752316176891327,0.10808311402797699,0.1797214150428772
strat_neck_pick04__01000100__s0035.wav,0.22446684539318085,0.24892061948776245,0.4101978540420532,0.1737794429063797,0.04210716485977173,0.07214290648698807,0.9195933938026428,0.9337232708930969
les_bridge_pick05__01000100__s0020.wav,0.4125688076019287,0.42747095227241516,0.6265804767608643,0.7253220081329346,0.5738303661346436,0.4691210985183716,0.9057004451751709,0.7239325046539307
prs_neck_fing08__01000100__s0013.wav,0.5738139748573303,0.5928266644477844,0.33203181624412537,0.46184322237968445,0.2213917076587677,0.4645223319530487,0.9096266031265259,0.8481117486953735
les_neck_pick02__01000100__s0035.wav,0.9532768130302429,0.8243368268013,0.7297495603561401,0.6497698426246643,0.9992260932922363,0.9114717245101929,0.8770832419395447,0.8666086792945862
tele_neck_fing02__01000100__s0027.wav,0.1965554654598236,0.4558318555355072,0.9606086611747742,0.2778654098510742,0.690040111541748,0.8515385985374451,0.05216584354639053,0.2601829767227173
les_neck_pick01__01000100__s0019.wav,0.2389601618051529,0.1699047088623047,0.501081109046936,0.22123055160045624,0.37644174695014954,0.5230728983879089,0.5594387054443359,0.525118887424469
prs_neck_fing12__01000100__s0004.wav,0.04633297398686409,0.19727939367294312,0.3780139088630676,0.21739603579044342,0.8068658113479614,0.7349791526794434,0.2720707952976227,0.1682898998260498
les_bridge_fing02__01000100__s0047.wav,0.830993115901947,0.8467188477516174,0.39492836594581604,0.5418214797973633,0.05006338655948639,0.1641353964805603,0.2037646770477295,0.11400715261697769
tele_neck_pick22__01000100__s0016.wav,0.6496937274932861,0.7339311242103577,0.41187310218811035,0.49808427691459656,0.13193711638450623,0.5041542053222656,0.1555664837360382,0.2547166347503662
prs_bridge_pick24__01000100__s0005.wav,0.8609005808830261,0.9220417737960815,0.6724700927734375,0.5667240619659424,0.07412733137607574,0.012915341183543205,0.7083725333213806,0.712074339389801
tele_neck_pick03__01000100__s0020.wav,0.5688496232032776,0.7342222332954407,0.5331225395202637,0.7872810959815979,0.15766578912734985,0.07941478490829468,0.754667341709137,0.8759163022041321
les_neck_fing25__01000100__s0047.wav,0.674146294593811,0.8659625053405762,0.5554952621459961,0.34236940741539,0.2889096438884735,0.25231873989105225,0.5030162930488586,0.655985414981842
prs_bridge_fing03__01000100__s0007.wav,0.6675455570220947,0.8614372611045837,0.3537147641181946,0.4165641963481903,0.8979493975639343,0.8025732636451721,0.3571389615535736,0.36147135496139526
prs_neck_fing21__01000100__s0046.wav,0.36704257130622864,0.7258014678955078,0.8256030678749084,0.5895399451255798,0.6151073575019836,0.3269638419151306,0.22388407588005066,0.3847680389881134
prs_neck_pick01__01000100__s0041.wav,0.34026169776916504,0.2855037450790405,0.046554770320653915,0.356161504983902,0.6845101714134216,0.8415002226829529,0.7191990613937378,0.7155577540397644
tele_neck_pick02__01000100__s0042.wav,0.7249951362609863,0.6488101482391357,0.5090829730033875,0.6996632814407349,0.953833281993866,0.8326921463012695,0.9864714741706848,0.944674015045166
les_neck_pick23__01000100__s0004.wav,0.9033812880516052,0.748694658279419,0.3176689147949219,0.3419455885887146,0.2514427900314331,0.1664552539587021,0.7053330540657043,0.6949537992477417
prs_bridge_fing17__01000100__s0022.wav,0.49865463376045227,0.6299437284469604,0.47262635827064514,0.3072212338447571,0.7737974524497986,0.39824414253234863,0.036528121680021286,0.5007590055465698
strat_neck_fing03__01000100__s0030.wav,0.4880218803882599,0.7081772685050964,0.7199636697769165,0.4737741947174072,0.4591747522354126,0.5400571823120117,0.6793807744979858,0.6305165886878967
prs_neck_fing10__01000100__s0044.wav,0.022675683721899986,0.12347710877656937,0.9275932908058167,0.5994551777839661,0.6586282849311829,0.46862661838531494,0.7214120626449585,0.6114501357078552
prs_neck_pick04__01000100__s0051.wav,0.571181058883667,0.6502698063850403,0.19231534004211426,0.40320175886154175,0.5013047456741333,0.5783472061157227,0.9705079793930054,0.9013276696205139
les_neck_pick24__01000100__s0016.wav,0.35940009355545044,0.5899698734283447,0.9397205710411072,0.39127394556999207,0.24416491389274597,0.19851940870285034,0.11114928871393204,0.428254097700119
tele_bridge_fing13__01000100__s0035.wav,0.18839482963085175,0.29004257917404175,0.16169603168964386,0.30137792229652405,0.8526167869567871,0.7631415128707886,0.28653228282928467,0.6671767234802246
tele_neck_pick02__01000100__s0006.wav,0.05897890403866768,0.27280348539352417,0.04703878238797188,0.3837469816207886,0.5501719117164612,0.6758395433425903,0.03976225107908249,0.11233336478471756
strat_bridge_pick05__01000100__s0030.wav,0.7190760970115662,0.7293623089790344,0.7685214281082153,0.5255661010742188,0.19464318454265594,0.6605951189994812,0.8992766737937927,0.7086753845214844
les_neck_fing18__01000100__s0054.wav,0.06410177797079086,0.18720491230487823,0.8856986165046692,0.3961586058139801,0.3839336037635803,0.32734861969947815,0.9141421318054199,0.8583377003669739
strat_neck_fing06__01000100__s0023.wav,0.32998090982437134,0.36502912640571594,0.20637746155261993,0.26302751898765564,0.662725031375885,0.4625142514705658,0.3017731010913849,0.4061664640903473
strat_bridge_fing08__01000100__s0022.wav,0.5378369092941284,0.5837229490280151,0.8140415549278259,0.7031152844429016,0.4723259508609772,0.5334571003913879,0.7461697459220886,0.6117681860923767
les_neck_fing05__01000100__s0019.wav,0.013565176166594028,0.17019224166870117,0.6734541654586792,0.09137354791164398,0.6140581369400024,0.8038244843482971,0.7906627058982849,0.4815657138824463
strat_bridge_pick09__01000100__s0029.wav,0.05253245308995247,0.14729097485542297,0.9997568726539612,0.4347326457500458,0.4233578145503998,0.5057520270347595,0.8752918839454651,0.8611688613891602
tele_bridge_fing16__01000100__s0038.wav,0.22693870961666107,0.3925439715385437,0.40076789259910583,0.46695950627326965,0.05936059728264809,0.07708299160003662,0.6617418527603149,0.650357186794281
prs_neck_fing10__01000100__s0025.wav,0.2534555494785309,0.37912651896476746,0.31792008876800537,0.29908543825149536,0.6943982243537903,0.7794711589813232,0.32165274024009705,0.21663768589496613
tele_bridge_fing22__01000100__s0051.wav,0.667252242565155,0.8477725982666016,0.7257275581359863,0.44750773906707764,0.05072271078824997,0.11051726341247559,0.6509548425674438,0.6692935228347778
les_neck_fing01__01000100__s0048.wav,0.5076454281806946,0.7822599411010742,0.8312756419181824,0.8533396124839783,0.08744196593761444,0.34029754996299744,0.8222879767417908,0.7657430768013
tele_neck_fing06__01000100__s0019.wav,0.6789502501487732,0.7975457310676575,0.5677022933959961,0.7170904874801636,0.3727158308029175,0.4553535282611847,0.47696787118911743,0.4207226037979126
prs_bridge_pick05__01000100__s0044.wav,0.6594345569610596,0.5602385997772217,0.5756409764289856,0.6574640870094299,0.05952523648738861,0.17786110937595367,0.14221657812595367,0.49307695031166077
strat_neck_fing05__01000100__s0055.wav,0.839390218257904,0.7031735777854919,0.4156101644039154,0.5862931609153748,0.21698951721191406,0.4765966534614563,0.34491804242134094,0.3762994110584259
les_bridge_fing21__01000100__s0024.wav,0.32130974531173706,0.5402387976646423,0.6847439408302307,0.46906015276908875,0.8239124417304993,0.6937807202339172,0.21871794760227203,0.34100303053855896
prs_bridge_pick17__01000100__s0035.wav,0.5587254166603088,0.40553948283195496,0.02220744639635086,0.236662819981575,0.15318362414836884,0.1600017100572586,0.2727122902870178,0.12968775629997253
prs_bridge_pick09__01000100__s0047.wav,0.2638292610645294,0.6074362397193909,0.8455060720443726,0.2347496598958969,0.8465434908866882,0.8671907186508179,0.5007960200309753,0.3460252285003662
strat_bridge_fing04__01000100__s0048.wav,0.6856064200401306,0.5282347798347473,0.46721991896629333,0.5172535181045532,0.5881179571151733,0.5901255011558533,0.10868941992521286,0.3848867416381836
prs_neck_fing08__01000100__s0038.wav,0.23209765553474426,0.5883311033248901,0.4763351380825043,0.2642369270324707,0.101985864341259,0.16451294720172882,0.5795692801475525,0.5964273810386658
les_neck_fing23__01000100__s0000.wav,0.3984430134296417,0.12646114826202393,0.012007495388388634,0.3678789436817169,0.420391708612442,0.5197809934616089,0.5434794425964355,0.6264820694923401
prs_neck_fing14__01000100__s0021.wav,0.5983219742774963,0.7206141352653503,0.6340847015380859,0.7410816550254822,0.20028407871723175,0.23410861194133759,0.4508937895298004,0.5633490681648254
prs_neck_pick22__01000100__s0039.wav,0.973869800567627,0.9854975938796997,0.9105653166770935,0.8418622612953186,0.8282052874565125,0.939930260181427,0.22990922629833221,0.6766583919525146
strat_neck_pick12__01000100__s0022.wav,0.3804466426372528,0.4379228353500366,0.7869996428489685,0.39072537422180176,0.01195340882986784,0.09788921475410461,0.574764609336853,0.15138061344623566
prs_neck_fing19__01000100__s0051.wav,0.17303968966007233,0.45622682571411133,0.9866222143173218,0.26434287428855896,0.7983236908912659,0.9153463840484619,0.5022977590560913,0.5428822040557861
tele_bridge_pick25__01000100__s0027.wav,0.9651622176170349,0.8033360838890076,0.5088217258453369,0.6750728487968445,0.17322006821632385,0.3464806377887726,0.9987015724182129,0.8999698758125305
tele_neck_fing01__01000100__s0033.wav,0.033726420253515244,0.08996320515871048,0.7175785303115845,0.2754652798175812,0.42228779196739197,0.7420336008071899,0.18525820970535278,0.0882355272769928
les_bridge_fing02__01000100__s0001.wav,0.4578405022621155,0.5881364941596985,0.8344752192497253,0.5423755645751953,0.08764907717704773,0.020303981378674507,0.9545477032661438,0.8155056238174438
prs_neck_pick25__01000100__s0036.wav,0.016317129135131836,0.3766618072986603,0.2971891164779663,0.2498578280210495,0.11480853706598282,0.35457250475883484,0.1730663925409317,0.18171162903308868
les_neck_fing03__01000100__s0031.wav,0.04783806949853897,0.44986382126808167,0.25217366218566895,0.28763341903686523,0.32465094327926636,0.24676939845085144,0.6776483654975891,0.573462963104248
tele_bridge_fing15__01000100__s0022.wav,0.7834075093269348,0.8411471247673035,0.4980902075767517,0.7507169246673584,0.41132527589797974,0.3528016209602356,0.7425822019577026,0.6131440997123718
prs_neck_pick16__01000100__s0030.wav,0.09679307788610458,0.08566716313362122,0.9206798672676086,0.49668368697166443,0.46089205145835876,0.654731273651123,0.01267135888338089,0.06100712716579437
tele_bridge_fing01__01000100__s0004.wav,0.6315805912017822,0.6327536702156067,0.5135566592216492,0.6754305958747864,0.8088107705116272,0.6637665033340454,0.017524536699056625,0.20650820434093475
strat_bridge_fing23__01000100__s0048.wav,0.708299994468689,0.7918322682380676,0.4956105351448059,0.3122631311416626,0.3602544069290161,0.5168750286102295,0.2729671597480774,0.5224494934082031
strat_bridge_fing07__01000100__s0045.wav,0.8754475116729736,0.8935175538063049,0.6286673545837402,0.8095622658729553,0.8409423232078552,0.8762161731719971,0.5471888184547424,0.6419990062713623
strat_neck_pick17__01000100__s0053.wav,0.2689306139945984,0.30253419280052185,0.16569487750530243,0.44751888513565063,0.5492069721221924,0.4041580259799957,0.961709201335907,0.6717822551727295
les_bridge_fing24__01000100__s0051.wav,0.7845880389213562,0.9187137484550476,0.8150981068611145,0.7727605700492859,0.12429466098546982,0.09079188108444214,0.4406050145626068,0.5630581378936768
tele_bridge_pick06__01000100__s0041.wav,0.583391547203064,0.7465306520462036,0.8650341629981995,0.7369083166122437,0.24401308596134186,0.23749612271785736,0.9244633913040161,0.8651428818702698
les_neck_fing19__01000100__s0018.wav,0.9924329519271851,0.9644389152526855,0.9643153548240662,0.8958854079246521,0.7180926203727722,0.6389235854148865,0.5530052185058594,0.8053928017616272
tele_neck_pick10__01000100__s0009.wav,0.9923590421676636,0.7665930986404419,0.2889483869075775,0.3583627939224243,0.9444712996482849,0.8736339807510376,0.6357611417770386,0.7383092045783997
tele_bridge_fing25__01000100__s0006.wav,0.11964324116706848,0.44483232498168945,0.7197837829589844,0.4631388485431671,0.8761968612670898,0.8962205052375793,0.5995904803276062,0.4819861352443695
strat_bridge_fing19__01000100__s0006.wav,0.1608457863330841,0.397915780544281,0.31708452105522156,0.17951232194900513,0.9310262799263,0.7319448590278625,0.4190363585948944,0.14694739878177643
tele_bridge_fing15__01000100__s0017.wav,0.4306131601333618,0.6001527905464172,0.43914973735809326,0.4699348509311676,0.7596922516822815,0.6901078820228577,0.8508707880973816,0.3955177962779999
tele_bridge_pick18__01000100__s0023.wav,0.05889912694692612,0.4870487451553345,0.9194265604019165,0.41664978861808777,0.4990796446800232,0.4478662312030792,0.8927809000015259,0.6808311939239502
tele_bridge_pick06__01000100__s0035.wav,0.28578320145606995,0.4794890880584717,0.5165218114852905,0.253376841545105,0.3002689480781555,0.30142712593078613,0.08692499250173569,0.18980388343334198
les_neck_pick09__01000100__s0012.wav,0.8625317811965942,0.7032725214958191,0.2698422968387604,0.5321860313415527,0.8652039170265198,0.8769117593765259,0.46326544880867004,0.4224173128604889
tele_neck_fing08__01000100__s0008.wav,0.6941874623298645,0.556932270526886,0.5953750610351562,0.5567882061004639,0.41386568546295166,0.36856743693351746,0.9720828533172607,0.4396229088306427
les_neck_pick13__01000100__s0037.wav,0.35511115193367004,0.4134437143802643,0.9358234405517578,0.5931768417358398,0.320055216550827,0.3098873198032379,0.45836856961250305,0.6584643721580505
prs_neck_fing24__01000100__s0005.wav,0.34876254200935364,0.4253491759300232,0.22458603978157043,0.47660109400749207,0.3047730326652527,0.5528818368911743,0.8076413869857788,0.7838290929794312
strat_neck_pick03__01000100__s0023.wav,0.07033440470695496,0.1996302306652069,0.3322125971317291,0.19657902419567108,0.5616311430931091,0.37774986028671265,0.006193413864821196,0.44304022192955017
tele_neck_pick24__01000100__s0055.wav,0.5483869314193726,0.4993143081665039,0.21148250997066498,0.39387622475624084,0.6442293524742126,0.709065854549408,0.2495732605457306,0.4616983234882355
strat_bridge_pick10__01000100__s0040.wav,0.894190788269043,0.6122344732284546,0.24481552839279175,0.626849889755249,0.9464613795280457,0.9177243113517761,0.862118124961853,0.5072712898254395
strat_neck_pick13__01000100__s0012.wav,0.3634833097457886,0.2691509425640106,0.0910390093922615,0.23742887377738953,0.05317642167210579,0.46888554096221924,0.11024605482816696,0.5306460857391357
prs_neck_fing16__01000100__s0030.wav,0.39258185029029846,0.6002340912818909,0.5562841296195984,0.5611854791641235,0.43545153737068176,0.5274503827095032,0.48609161376953125,0.8612143993377686
strat_bridge_pick20__01000100__s0014.wav,0.8500846028327942,0.687308132648468,0.6906675696372986,0.7177053093910217,0.5326640009880066,0.5161401033401489,0.4368382692337036,0.2869708836078644
tele_bridge_fing07__01000100__s0025.wav,0.7479252815246582,0.6162959337234497,0.36998483538627625,0.6684084534645081,0.3915157616138458,0.47587907314300537,0.43496397137641907,0.5253777503967285
les_bridge_pick17__01000100__s0005.wav,0.7561985850334167,0.5482242107391357,0.06840555369853973,0.37725794315338135,0.46059057116508484,0.213974267244339,0.14022573828697205,0.2615516483783722
strat_neck_fing16__01000100__s0011.wav,0.546574592590332,0.38775691390037537,0.07675196975469589,0.7298601865768433,0.6205015182495117,0.4538862109184265,0.2478351891040802,0.23157252371311188
les_neck_fing04__01000100__s0030.wav,0.12645073235034943,0.04700184613466263,0.16949574649333954,0.5487531423568726,0.5478958487510681,0.4421856999397278,0.10230489820241928,0.3698357343673706
prs_neck_pick05__01000100__s0035.wav,0.7392836809158325,0.678987443447113,0.3813018798828125,0.4067736566066742,0.6388031840324402,0.49660301208496094,0.0003256717754993588,0.0771690383553505
prs_bridge_fing08__01000100__s0053.wav,0.46400877833366394,0.5960490107536316,0.9965342879295349,0.7433395981788635,0.27483370900154114,0.4785865545272827,0.5911386013031006,0.5941129326820374
strat_neck_fing11__01000100__s0051.wav,0.24986158311367035,0.21780811250209808,0.4011126160621643,0.3719894289970398,0.8354337215423584,0.8360874056816101,0.31389597058296204,0.2217566967010498
prs_bridge_fing19__01000100__s0023.wav,0.7488098740577698,0.8091720342636108,0.7908151745796204,0.2062762826681137,0.8737343549728394,0.8998945355415344,0.9041728377342224,0.948015570640564
tele_neck_pick01__01000100__s0006.wav,0.7854146361351013,0.8796281218528748,0.7082849144935608,0.5339857339859009,0.6460068821907043,0.6112371683120728,0.2619144022464752,0.3926006853580475
les_bridge_fing07__01000100__s0043.wav,0.4579765498638153,0.290701299905777,0.054873764514923096,0.5048620700836182,0.05703936517238617,0.07954251766204834,0.485415518283844,0.6933544278144836
strat_bridge_pick20__01000100__s0021.wav,0.4064701497554779,0.34918221831321716,0.7077413201332092,0.7000277042388916,0.7516680359840393,0.38494205474853516,0.0580228790640831,0.12952379882335663
les_neck_fing25__01000100__s0015.wav,0.5689854025840759,0.4810526669025421,0.3941114842891693,0.7752982378005981,0.6543753743171692,0.5728387236595154,0.9124913215637207,0.7770140171051025
strat_bridge_fing16__01000100__s0012.wav,0.8424054980278015,0.4268301725387573,0.4728425443172455,0.5986201167106628,0.1678905189037323,0.11530902236700058,0.3100685179233551,0.4247129261493683
prs_bridge_pick15__01000100__s0043.wav,0.3231887221336365,0.1072712168097496,0.04578182101249695,0.7325455546379089,0.41135942935943604,0.35824164748191833,0.20949649810791016,0.35150808095932007
les_neck_pick18__01000100__s0034.wav,0.26228633522987366,0.594822108745575,0.6629558205604553,0.4246150255203247,0.9408214092254639,0.9383163452148438,0.4270361661911011,0.27220430970191956
strat_bridge_fing13__01000100__s0014.wav,0.4445405900478363,0.4964071810245514,0.4942740797996521,0.30043625831604004,0.6781694889068604,0.7996652126312256,0.36463335156440735,0.48209959268569946
tele_bridge_fing04__01000100__s0045.wav,0.18174220621585846,0.18538185954093933,0.02976285107433796,0.3353370726108551,0.2022886574268341,0.17810843884944916,0.23212333023548126,0.07060052454471588
tele_neck_fing07__01000100__s0053.wav,0.6737650632858276,0.7477608919143677,0.9517402052879333,0.658262312412262,0.9191375970840454,0.8529636859893799,0.7044108510017395,0.14750955998897552
strat_bridge_fing23__01000100__s0006.wav,0.6240899562835693,0.37539511919021606,0.03554288670420647,0.12485972791910172,0.7098063826560974,0.5157800912857056,0.7292724251747131,0.3322436809539795
les_bridge_fing17__01000100__s0031.wav,0.5834206938743591,0.554648220539093,0.33727818727493286,0.5547538995742798,0.9697213172912598,0.7597099542617798,0.26238152384757996,0.32245028018951416
prs_neck_fing10__01000100__s0024.wav,0.23807811737060547,0.22313056886196136,0.07091251015663147,0.19494758546352386,0.7944239974021912,0.6724013686180115,0.500744640827179,0.48462820053100586
les_neck_pick17__01000100__s0039.wav,0.6510708332061768,0.23958541452884674,0.06406501680612564,0.4345568120479584,0.9922195076942444,0.8997814059257507,0.5370478630065918,0.22802284359931946
tele_neck_pick07__01000100__s0024.wav,0.053045619279146194,0.08146477490663528,0.8161686062812805,0.5117024779319763,0.21486642956733704,0.2627905309200287,0.10920845717191696,0.3627965748310089
strat_bridge_pick01__01000100__s0045.wav,0.3434900641441345,0.6238947510719299,0.6190873384475708,0.4687930941581726,0.9572054147720337,0.8308654427528381,0.7055878043174744,0.6252660155296326
prs_bridge_pick25__01000100__s0011.wav,0.8205937743186951,0.7366201877593994,0.3050655722618103,0.4200882613658905,0.26315757632255554,0.26024094223976135,0.76692795753479,0.600886881351471
tele_bridge_fing09__01000100__s0047.wav,0.36597347259521484,0.6533340811729431,0.14857511222362518,0.19810855388641357,0.42176157236099243,0.3850884735584259,0.9992811679840088,0.9777171611785889
prs_neck_fing14__01000100__s0001.wav,0.09702139347791672,0.193965345621109,0.9859822988510132,0.5053412914276123,0.23834390938282013,0.42368564009666443,0.13738517463207245,0.13799898326396942
prs_neck_pick03__01000100__s0048.wav,0.8656917214393616,0.777935266494751,0.33963894844055176,0.2565513551235199,0.3654263913631439,0.6322265267372131,0.8409134745597839,0.5174437761306763
les_neck_fing23__01000100__s0036.wav,0.012691246345639229,0.1912691742181778,0.38204488158226013,0.4277418553829193,0.487454891204834,0.5812339186668396,0.13555997610092163,0.2212521731853485
les_bridge_fing08__01000100__s0007.wav,0.7093111872673035,0.45885714888572693,0.035936228930950165,0.5169526934623718,0.6141712069511414,0.6756690740585327,0.8933606743812561,0.6119517683982849
tele_neck_pick14__01000100__s0038.wav,0.7407638430595398,0.9196329712867737,0.5004135966300964,0.5065879225730896,0.1890401840209961,0.10753773152828217,0.4708983600139618,0.7101060748100281
prs_bridge_pick11__01000100__s0022.wav,0.5703624486923218,0.5463442802429199,0.49348536133766174,0.7137531638145447,0.9200624227523804,0.9420288801193237,0.3588440716266632,0.4256403148174286
prs_neck_pick22__01000100__s0024.wav,0.8922574520111084,0.9865439534187317,0.924024760723114,0.9590484499931335,0.16201187670230865,0.16220004856586456,0.3437296152114868,0.39769884943962097
prs_bridge_pick18__01000100__s0031.wav,0.2859130799770355,0.5301332473754883,0.7870110273361206,0.30293330550193787,0.7397329211235046,0.7599678039550781,0.04369673132896423,0.061889808624982834
prs_bridge_fing21__01000100__s0050.wav,0.5204309821128845,0.61944580078125,0.3252740502357483,0.5511852502822876,0.01340488251298666,0.1849057674407959,0.028680386021733284,0.2016354203224182
tele_neck_pick06__01000100__s0019.wav,0.5695639848709106,0.7593638300895691,0.6285198926925659,0.5158794522285461,0.23865024745464325,0.3824407756328583,0.28046339750289917,0.31632307171821594
les_bridge_pick20__01000100__s0039.wav,0.3923349380493164,0.3399278223514557,0.06387922912836075,0.4569326937198639,0.6683520674705505,0.8709286451339722,0.10793175548315048,0.20155446231365204
tele_bridge_fing18__01000100__s0036.wav,0.47903719544410706,0.3454422950744629,0.34444862604141235,0.3581981062889099,0.4563281238079071,0.7151379585266113,0.31236571073532104,0.2692250907421112
strat_bridge_fing24__01000100__s0021.wav,0.43003517389297485,0.3873697519302368,0.3611505627632141,0.43858620524406433,0.32673823833465576,0.39090126752853394,0.16473565995693207,0.16008633375167847
prs_bridge_fing02__01000100__s0031.wav,0.7734967470169067,0.7479658722877502,0.35725754499435425,0.5828936696052551,0.6589600443840027,0.38047486543655396,0.05998210608959198,0.10565946996212006
strat_neck_fing25__01000100__s0010.wav,0.6199608445167542,0.7734866142272949,0.42387744784355164,0.19605284929275513,0.9326795339584351,0.7308028340339661,0.5615020394325256,0.27817869186401367
strat_bridge_pick07__01000100__s0038.wav,0.42749157547950745,0.6932198405265808,0.9237329959869385,0.6552278399467468,0.13586834073066711,0.16382503509521484,0.9937832951545715,0.7336037755012512
prs_neck_pick13__01000100__s0012.wav,0.30527931451797485,0.18740567564964294,0.2169451117515564,0.5267836451530457,0.5182457566261292,0.5539153218269348,0.4870069921016693,0.44826963543891907
prs_neck_fing06__01000100__s0009.wav,0.4298361539840698,0.4923515021800995,0.20416021347045898,0.5623879432678223,0.45568618178367615,0.2290254384279251,0.06006178632378578,0.1036294549703598
prs_neck_fing07__01000100__s0027.wav,0.29388654232025146,0.2066117227077484,0.12315922230482101,0.38058698177337646,0.9259564280509949,0.6660575866699219,0.13563865423202515,0.08868211507797241
les_bridge_pick14__01000100__s0045.wav,0.9305027723312378,0.8525709509849548,0.2493988275527954,0.5233562588691711,0.8158434629440308,0.8492127060890198,0.2974969744682312,0.5820212960243225
strat_neck_pick19__01000100__s0022.wav,0.25829216837882996,0.3867360055446625,0.4378184378147125,0.3100856840610504,0.9762700796127319,0.9170512557029724,0.6268731951713562,0.41756027936935425
les_neck_pick25__01000100__s0013.wav,0.010885036550462246,0.26347896456718445,0.07661113142967224,0.34155163168907166,0.2382793426513672,0.1958339959383011,0.9006220102310181,0.9393601417541504
prs_bridge_fing14__01000100__s0027.wav,0.6110556721687317,0.603358805179596,0.8840373754501343,0.5491568446159363,0.1056995615363121,0.21152904629707336,0.5343075394630432,0.5190512537956238
prs_bridge_pick13__01000100__s0019.wav,0.1543007642030716,0.2731033265590668,0.08756599575281143,0.2884981334209442,0.014256936497986317,0.14060208201408386,0.9284907579421997,0.6650674343109131
prs_bridge_pick03__01000100__s0013.wav,0.385147362947464,0.26763224601745605,0.12762360274791718,0.3142314553260803,0.3343946039676666,0.3741544187068939,0.8208054900169373,0.8753639459609985
prs_neck_fing17__01000100__s0004.wav,0.28488120436668396,0.6449304819107056,0.8951485753059387,0.46089234948158264,0.18156205117702484,0.6335629224777222,0.15208281576633453,0.09961694478988647
les_neck_pick03__01000100__s0010.wav,0.5460214018821716,0.6165049076080322,0.39299046993255615,0.3493812680244446,0.913347065448761,0.8419473767280579,0.12400491535663605,0.2877444326877594
strat_bridge_pick15__01000100__s0039.wav,0.958613395690918,0.6619004011154175,0.27672794461250305,0.42820051312446594,0.3365412652492523,0.1865665316581726,0.21818725764751434,0.6648983359336853
les_bridge_pick20__01000100__s0033.wav,0.26479050517082214,0.3611355125904083,0.7151104807853699,0.49985310435295105,0.046851277351379395,0.7034507989883423,0.09762545675039291,0.1625303030014038
strat_neck_fing19__01000100__s0007.wav,0.561914324760437,0.21391522884368896,0.15436992049217224,0.30902746319770813,0.5514066219329834,0.55048006772995,0.008217514492571354,0.0704663097858429
strat_bridge_pick11__01000100__s0017.wav,0.8236372470855713,0.9077902436256409,0.8947507739067078,0.3990580439567566,0.2255546748638153,0.42680177092552185,0.17097586393356323,0.24191518127918243
prs_bridge_fing21__01000100__s0037.wav,0.5025873780250549,0.6794362664222717,0.9769102931022644,0.580397367477417,0.6011574864387512,0.4775359332561493,0.0064082578755915165,0.12474571168422699
les_bridge_fing19__01000100__s0003.wav,0.3283369839191437,0.5616947412490845,0.8227617144584656,0.5057535767555237,0.7286803126335144,0.841481626033783,0.2364780157804489,0.4737398326396942
strat_bridge_fing11__01000100__s0004.wav,0.2526400685310364,0.12368308007717133,0.3133949935436249,0.47865909337997437,0.4936011731624603,0.396110862493515,0.11971801519393921,0.4176974296569824
strat_neck_fing09__01000100__s0001.wav,0.40545743703842163,0.6018993854522705,0.652910053730011,0.23247691988945007,0.49918287992477417,0.4880431294441223,0.20349624752998352,0.07684464752674103
strat_neck_fing12__01000100__s0037.wav,0.9004334211349487,0.650240421295166,0.15177282691001892,0.5127866268157959,0.8381588459014893,0.8733317255973816,0.7282034158706665,0.8152672648429871
prs_neck_fing18__01000100__s0049.wav,0.013681560754776001,0.2779133915901184,0.09866372495889664,0.43539494276046753,0.5165742635726929,0.4145061671733856,0.8293048143386841,0.5172229409217834
prs_bridge_pick11__01000100__s0053.wav,0.37305623292922974,0.6946805715560913,0.9641345143318176,0.31108731031417847,0.4080514907836914,0.2745094895362854,0.6961225867271423,0.49829190969467163
strat_bridge_fing19__01000100__s0049.wav,0.9864832162857056,0.8732785582542419,0.5813088417053223,0.5803486704826355,0.1325492113828659,0.34582456946372986,0.23690468072891235,0.6730917096138
strat_bridge_pick20__01000100__s0051.wav,0.9167674779891968,0.8165919184684753,0.25867822766304016,0.7932600378990173,0.044387705624103546,0.08844389766454697,0.6057646870613098,0.5135505199432373
prs_bridge_pick10__01000100__s0014.wav,0.4663100242614746,0.5711991786956787,0.9269417524337769,0.7670496702194214,0.8666319251060486,0.9480270743370056,0.7452372908592224,0.7291311025619507
les_bridge_pick22__01000100__s0040.wav,0.7459641098976135,0.8147528171539307,0.416507750749588,0.8012562394142151,0.5177517533302307,0.4560745358467102,0.9445385336875916,0.9479998350143433
les_bridge_fing09__01000100__s0019.wav,0.8365108966827393,0.5460122227668762,0.5609740614891052,0.7271065711975098,0.7212599515914917,0.73716801404953,0.16190606355667114,0.11230320483446121
tele_bridge_pick21__01000100__s0017.wav,0.9762820601463318,0.8087433576583862,0.35887834429740906,0.5645479559898376,0.5892396569252014,0.4784028232097626,0.7366315126419067,0.7335648536682129
strat_neck_pick24__01000100__s0040.wav,0.4456768333911896,0.607624351978302,0.925541877746582,0.4273616373538971,0.06509730964899063,0.06979203224182129,0.5202606320381165,0.6288109421730042
prs_bridge_fing06__01000100__s0054.wav,0.9067009687423706,0.7648971080780029,0.7656369209289551,0.9196580052375793,0.44561806321144104,0.48778578639030457,0.7467687726020813,0.929779589176178
tele_bridge_fing13__01000100__s0015.wav,0.5489245653152466,0.3509410321712494,0.14746740460395813,0.17244461178779602,0.276218444108963,0.2768751382827759,0.7774039506912231,0.5112820863723755
prs_neck_fing09__01000100__s0025.wav,0.041746195405721664,0.25558027625083923,0.09404435753822327,0.3502303957939148,0.47872281074523926,0.4920084476470947,0.46828949451446533,0.6732332110404968
tele_bridge_fing07__01000100__s0033.wav,0.4345701038837433,0.4638540744781494,0.78150475025177,0.5479062795639038,0.5013582110404968,0.17777810990810394,0.23992010951042175,0.3970177173614502
les_neck_pick14__01000100__s0026.wav,0.9619895815849304,0.8988156914710999,0.6459261178970337,0.862619936466217,0.7528969645500183,0.8403738141059875,0.30745598673820496,0.33134186267852783
strat_bridge_fing03__01000100__s0030.wav,0.9685855507850647,0.9299331307411194,0.685512363910675,0.598158061504364,0.5520725846290588,0.5509037375450134,0.7986444234848022,0.6745540499687195
prs_bridge_fing13__01000100__s0039.wav,0.4670153558254242,0.4629068970680237,0.9142845869064331,0.49167555570602417,0.15930016338825226,0.1237054094672203,0.5786563158035278,0.7166905403137207
strat_bridge_pick03__01000100__s0019.wav,0.9682515859603882,0.9094276428222656,0.6519184112548828,0.7059101462364197,0.2226088047027588,0.6636223793029785,0.07082559168338776,0.08757402747869492
les_neck_pick17__01000100__s0002.wav,0.7190649509429932,0.520507276058197,0.15473227202892303,0.5801625847816467,0.8116843104362488,0.659042239189148,0.05285504832863808,0.22595615684986115
strat_bridge_fing14__01000100__s0048.wav,0.26755490899086,0.1547391563653946,0.10595405101776123,0.5431075096130371,0.8842223882675171,0.7205758094787598,0.4415782690048218,0.23967643082141876
prs_neck_fing18__01000100__s0048.wav,0.47090402245521545,0.6726693511009216,0.8392272591590881,0.6045392155647278,0.8560053110122681,0.7456510066986084,0.3325240910053253,0.32272934913635254
les_neck_fing16__01000100__s0046.wav,0.9393295645713806,0.8441872596740723,0.4403393864631653,0.48654669523239136,0.08243849873542786,0.051366645842790604,0.4658723473548889,0.5654768347740173
prs_neck_pick14__01000100__s0019.wav,0.47235941886901855,0.470832496881485,0.7166271805763245,0.5495075583457947,0.9474968314170837,0.8552907705307007,0.9913191199302673,0.9644169807434082
tele_neck_fing03__01000100__s0008.wav,0.5612853169441223,0.6299498081207275,0.63901686668396,0.6022719144821167,0.016621887683868408,0.08103432506322861,0.7147423624992371,0.5028749108314514
prs_bridge_pick02__01000100__s0015.wav,0.674018383026123,0.8101161122322083,0.8924080729484558,0.5223716497421265,0.7066348791122437,0.579982578754425,0.21263282001018524,0.1536036729812622
tele_neck_pick04__01000100__s0028.wav,0.9168555736541748,0.7805192470550537,0.4474703073501587,0.6200002431869507,0.8626917004585266,0.8198947906494141,0.2001945525407791,0.20983853936195374
prs_neck_pick24__01000100__s0029.wav,0.7535303831100464,0.7213518619537354,0.777803361415863,0.6502871513366699,0.2611428499221802,0.3242762088775635,0.680650532245636,0.7505588531494141
strat_bridge_pick22__01000100__s0000.wav,0.4382973611354828,0.5334053039550781,0.38485440611839294,0.6201962828636169,0.6814079880714417,0.5316005945205688,0.4531172513961792,0.368122398853302
prs_bridge_pick17__01000100__s0040.wav,0.13291507959365845,0.32153862714767456,0.057207994163036346,0.12378768622875214,0.10044939070940018,0.32131797075271606,0.3578210473060608,0.23716925084590912
strat_bridge_fing05__01000100__s0027.wav,0.313811331987381,0.6658807396888733,0.8693194389343262,0.3905101418495178,0.293789267539978,0.42511653900146484,0.39018961787223816,0.5235965251922607
tele_bridge_pick07__01000100__s0017.wav,0.6998443603515625,0.7992256879806519,0.43522095680236816,0.34319669008255005,0.38016659021377563,0.47705361247062683,0.5777522325515747,0.6174693703651428
prs_neck_pick14__01000100__s0016.wav,0.4283963739871979,0.7987288236618042,0.7378045916557312,0.36747193336486816,0.27724865078926086,0.26678016781806946,0.7476301193237305,0.8430313467979431
prs_neck_fing10__01000100__s0005.wav,0.35304611921310425,0.2852979600429535,0.8131740093231201,0.46759867668151855,0.5956973433494568,0.48520442843437195,0.1926209032535553,0.13333949446678162
tele_bridge_pick13__01000100__s0046.wav,0.6491490602493286,0.706281840801239,0.7842502593994141,0.4819716215133667,0.8194175362586975,0.799314558506012,0.39678141474723816,0.5929768681526184
tele_neck_pick05__01000100__s0004.wav,0.5324176549911499,0.7342722415924072,0.2766389846801758,0.3259808421134949,0.8293999433517456,0.7328386902809143,0.8647703528404236,0.8294541239738464
strat_bridge_fing06__01000100__s0044.wav,0.950144350528717,0.7037076950073242,0.2064954936504364,0.5204220414161682,0.5937819480895996,0.6642090678215027,0.33736786246299744,0.4420414865016937
tele_bridge_pick19__01000100__s0041.wav,0.6256146430969238,0.6943424940109253,0.6205512881278992,0.6665971875190735,0.32085663080215454,0.5615865588188171,0.6610421538352966,0.6325740814208984
prs_bridge_pick06__01000100__s0044.wav,0.9262896180152893,0.9515767693519592,0.7401689887046814,0.9011018872261047,0.1142878606915474,0.2970637083053589,0.19845561683177948,0.09774895757436752
tele_bridge_fing15__01000100__s0007.wav,0.5420563817024231,0.5886321663856506,0.8719573020935059,0.6953495740890503,0.32353419065475464,0.4613460898399353,0.06043402478098869,0.3781728148460388
tele_bridge_pick02__01000100__s0040.wav,0.58221036195755,0.5691332221031189,0.5536048412322998,0.5139321088790894,0.7070626020431519,0.7834861874580383,0.21302002668380737,0.6641393899917603
les_bridge_pick08__01000100__s0026.wav,0.411824107170105,0.7076685428619385,0.39848247170448303,0.2584209144115448,0.9643644690513611,0.7293829917907715,0.3114578127861023,0.3180653750896454
les_neck_pick04__01000100__s0033.wav,0.9164078831672668,0.7861699461936951,0.32248520851135254,0.5883998274803162,0.2119152694940567,0.28590598702430725,0.8223243951797485,0.6639332175254822
les_bridge_fing12__01000100__s0035.wav,0.5537871718406677,0.6094799041748047,0.31961873173713684,0.5006552338600159,0.24520812928676605,0.4133746922016144,0.05640929564833641,0.129090815782547
prs_neck_pick19__01000100__s0046.wav,0.15433616936206818,0.22709397971630096,0.39104974269866943,0.394943505525589,0.8862435221672058,0.7748062610626221,0.9581370949745178,0.9250348210334778
strat_neck_fing20__01000100__s0054.wav,0.12533099949359894,0.2768360674381256,0.961375892162323,0.6267920732498169,0.7846969366073608,0.7143661975860596,0.9587442278862,0.934135913848877
les_bridge_fing04__01000100__s0009.wav,0.7721279263496399,0.7515385150909424,0.9207353591918945,0.8831080198287964,0.7139509916305542,0.3542388379573822,0.04962071031332016,0.2703454792499542
les_bridge_fing01__01000100__s0003.wav,0.7486617565155029,0.585218071937561,0.5612689256668091,0.6281482577323914,0.8484362959861755,0.8327045440673828,0.8765013217926025,0.7377100586891174
prs_neck_fing21__01000100__s0009.wav,0.45688584446907043,0.5314252376556396,0.5106896162033081,0.5531188249588013,0.8490238785743713,0.8302785754203796,0.6252478361129761,0.4658586084842682
tele_bridge_fing04__01000100__s0029.wav,0.2715263068675995,0.5113977193832397,0.9101265072822571,0.5615428686141968,0.6643727421760559,0.47688212990760803,0.5418879985809326,0.41816771030426025
les_bridge_pick12__01000100__s0012.wav,0.8511138558387756,0.8110331296920776,0.5956137180328369,0.558451235294342,0.8920232653617859,0.913110077381134,0.7812013030052185,0.8320437669754028
les_bridge_pick14__01000100__s0054.wav,0.9417660236358643,0.9899173378944397,0.6457746624946594,0.8315334320068359,0.1907048523426056,0.6973512172698975,0.006419430486857891,0.029139650985598564
prs_neck_pick01__01000100__s0022.wav,0.20487797260284424,0.20029442012310028,0.26226910948753357,0.42982304096221924,0.6986861228942871,0.6119266748428345,0.47758591175079346,0.5379436016082764
prs_bridge_fing10__01000100__s0015.wav,0.7410938739776611,0.5200011730194092,0.14447389543056488,0.23208676278591156,0.46367958188056946,0.5139597654342651,0.8078112006187439,0.8386403322219849
tele_neck_pick07__01000100__s0037.wav,0.6135748028755188,0.4907967746257782,0.25570231676101685,0.5599892139434814,0.030236681923270226,0.17223496735095978,0.36291152238845825,0.6239800453186035
strat_neck_pick19__01000100__s0049.wav,0.8744711875915527,0.867705225944519,0.12908442318439484,0.33385083079338074,0.34687715768814087,0.6969399452209473,0.3972800672054291,0.5198647975921631
les_bridge_pick06__01000100__s0052.wav,0.029625480994582176,0.12190365791320801,0.5411062836647034,0.2696623206138611,0.6973971724510193,0.7466840147972107,0.9380542039871216,0.7839596271514893
tele_bridge_fing10__01000100__s0007.wav,0.8571617603302002,0.5080611109733582,0.32209473848342896,0.614176332950592,0.5621057152748108,0.566352128982544,0.24398937821388245,0.1495823711156845
strat_neck_pick11__01000100__s0047.wav,0.9617003798484802,0.8979684114456177,0.6711427569389343,0.8544144034385681,0.22922809422016144,0.21406671404838562,0.9038465619087219,0.8577830195426941
prs_neck_pick25__01000100__s0044.wav,0.17486552894115448,0.36430126428604126,0.9340947866439819,0.23238523304462433,0.7465962171554565,0.8588756322860718,0.8345770835876465,0.8814535140991211
les_bridge_pick18__01000100__s0040.wav,0.010021504014730453,0.13660110533237457,0.298357754945755,0.39608365297317505,0.9214679002761841,0.9147596955299377,0.7124449014663696,0.6683700084686279
les_bridge_pick06__01000100__s0000.wav,0.21916283667087555,0.376750111579895,0.5498098731040955,0.44498467445373535,0.5444278120994568,0.5323988795280457,0.8374882340431213,0.6721407771110535
les_neck_pick17__01000100__s0016.wav,0.3825986683368683,0.47832316160202026,0.4597609043121338,0.4356512427330017,0.43190038204193115,0.45514845848083496,0.9865517616271973,0.9631068706512451
tele_bridge_fing02__01000100__s0018.wav,0.37903615832328796,0.6037505269050598,0.6094934344291687,0.4756903052330017,0.40524017810821533,0.349344938993454,0.03292189911007881,0.41874775290489197
tele_bridge_fing21__01000100__s0017.wav,0.33862510323524475,0.2954545319080353,0.40605098009109497,0.508033037185669,0.7202540636062622,0.7873799800872803,0.8526194095611572,0.8876931667327881
tele_bridge_pick14__01000100__s0028.wav,0.32041358947753906,0.24666136503219604,0.11740697175264359,0.5425072908401489,0.3414037227630615,0.3089042901992798,0.3843063712120056,0.17385873198509216
prs_bridge_pick25__01000100__s0018.wav,0.16407448053359985,0.38976263999938965,0.6128705739974976,0.35790106654167175,0.15137283504009247,0.1488495022058487,0.8687512874603271,0.9133714437484741
strat_neck_pick24__01000100__s0020.wav,0.3402172327041626,0.26507583260536194,0.8563777804374695,0.4488212764263153,0.7310130000114441,0.6947540640830994,0.41446319222450256,0.5892931818962097
prs_bridge_fing04__01000100__s0047.wav,0.04381120577454567,0.13213521242141724,0.7991095781326294,0.8207005858421326,0.45007529854774475,0.4362568259239197,0.7126312255859375,0.829425036907196
tele_neck_fing06__01000100__s0026.wav,0.30225232243537903,0.2430797964334488,0.001063383067958057,0.7191897630691528,0.8648130297660828,0.9356564283370972,0.763916015625,0.7562237977981567
prs_bridge_fing15__01000100__s0040.wav,0.6891558170318604,0.8420168161392212,0.9898066520690918,0.8794361352920532,0.44115158915519714,0.42655158042907715,0.23873138427734375,0.21624717116355896
tele_neck_pick18__01000100__s0043.wav,0.4575235843658447,0.5522883534431458,0.09617765992879868,0.4708840847015381,0.4543342590332031,0.30516722798347473,0.5364629030227661,0.6623348593711853
strat_bridge_fing12__01000100__s0052.wav,0.7370477914810181,0.5772129893302917,0.553020715713501,0.8220880627632141,0.2937048077583313,0.2649969756603241,0.7091323137283325,0.6100972890853882
tele_bridge_pick18__01000100__s0007.wav,0.8370930552482605,0.6008006930351257,0.42695772647857666,0.40393519401550293,0.12224601954221725,0.30515214800834656,0.1924164593219757,0.43936315178871155
tele_neck_pick24__01000100__s0024.wav,0.18289418518543243,0.15655645728111267,0.3508961498737335,0.4401046931743622,0.5226872563362122,0.44171619415283203,0.3629823923110962,0.4248761236667633
prs_bridge_pick01__01000100__s0033.wav,0.7326458096504211,0.607915997505188,0.042175691574811935,0.33639106154441833,0.19156546890735626,0.2922499477863312,0.45220279693603516,0.5524092316627502
tele_bridge_fing03__01000100__s0024.wav,0.6110302805900574,0.708835244178772,0.6193562746047974,0.5427184104919434,0.6208474636077881,0.6782386898994446,0.6328547596931458,0.5092103481292725
tele_bridge_fing14__01000100__s0031.wav,0.8380979895591736,0.6109340786933899,0.46123841404914856,0.5804231762886047,0.6118338704109192,0.5741658806800842,0.5697427988052368,0.6243997812271118
les_bridge_fing01__01000100__s0042.wav,0.6848351955413818,0.6683817505836487,0.07406583428382874,0.32075294852256775,0.33344945311546326,0.3187340199947357,0.2725761830806732,0.37811335921287537
tele_neck_pick08__01000100__s0023.wav,0.9889872074127197,0.8019058108329773,0.6634019613265991,0.6946256756782532,0.2571358382701874,0.21763655543327332,0.2834475636482239,0.3942672610282898
strat_bridge_pick19__01000100__s0006.wav,0.6222898960113525,0.3133792281150818,0.0014922975096851587,0.6177462339401245,0.18028518557548523,0.12718157470226288,0.6156678795814514,0.5150812268257141
les_neck_fing14__01000100__s0042.wav,0.4348885118961334,0.522456705570221,0.3425149619579315,0.40416017174720764,0.9363189935684204,0.6178438663482666,0.1524898111820221,0.2500306963920593
les_neck_fing20__01000100__s0030.wav,0.498437762260437,0.5325839519500732,0.553141713142395,0.3950328528881073,0.9466962814331055,0.4581603407859802,0.813673734664917,0.3452298641204834
prs_neck_pick12__01000100__s0028.wav,0.9715952277183533,0.9530206918716431,0.6917264461517334,0.9211557507514954,0.8639162182807922,0.8409551978111267,0.4179955720901489,0.42939281463623047
tele_neck_pick16__01000100__s0009.wav,0.7929336428642273,0.8848515748977661,0.9820504188537598,0.9198237657546997,0.43538686633110046,0.47614529728889465,0.264931857585907,0.2438461184501648
strat_neck_fing01__01000100__s0008.wav,0.171458438038826,0.2662125825881958,0.7885984778404236,0.33744385838508606,0.6725759506225586,0.5840196013450623,0.09559100866317749,0.2857730984687805
les_bridge_fing15__01000100__s0011.wav,0.3858429789543152,0.5930216908454895,0.549092173576355,0.27555587887763977,0.849338948726654,0.8618152737617493,0.6396186351776123,0.43356049060821533
tele_bridge_pick22__01000100__s0001.wav,0.6499379277229309,0.5232649445533752,0.08419599384069443,0.47383779287338257,0.39353904128074646,0.4591343104839325,0.6557583212852478,0.5566127300262451
les_bridge_fing08__01000100__s0004.wav,0.5886664986610413,0.5758546590805054,0.15250171720981598,0.3895311653614044,0.6791776418685913,0.6519810557365417,0.32411736249923706,0.34541961550712585
prs_bridge_pick02__01000100__s0016.wav,0.6097543239593506,0.5225786566734314,0.7340195775032043,0.5546786189079285,0.7806203365325928,0.4511023759841919,0.11169515550136566,0.16552087664604187
strat_neck_fing09__01000100__s0019.wav,0.0804024487733841,0.12714551389217377,0.5821273326873779,0.44214674830436707,0.05832069367170334,0.15610764920711517,0.7047781944274902,0.46132752299308777
tele_bridge_pick06__01000100__s0015.wav,0.19572557508945465,0.16984692215919495,0.17332960665225983,0.23354823887348175,0.17482638359069824,0.07604220509529114,0.8332340121269226,0.8208900094032288
les_bridge_pick15__01000100__s0029.wav,0.6166984438896179,0.5712067484855652,0.6373703479766846,0.3656345307826996,0.6186786890029907,0.8761816620826721,0.12815847992897034,0.17151755094528198
tele_bridge_fing01__01000100__s0021.wav,0.09541101008653641,0.22206749022006989,0.3953527808189392,0.272938072681427,0.6184538006782532,0.6059638261795044,0.3222294747829437,0.4366743266582489
tele_bridge_fing10__01000100__s0047.wav,0.7182726860046387,0.8627470135688782,0.8380541801452637,0.6312491297721863,0.2715685963630676,0.25849032402038574,0.18190966546535492,0.2149675041437149
tele_neck_pick05__01000100__s0035.wav,0.9440044164657593,0.7682907581329346,0.29711613059043884,0.44043225049972534,0.790838897228241,0.8705586791038513,0.9698305130004883,0.9801436066627502
prs_bridge_pick23__01000100__s0023.wav,0.9120560884475708,0.31111854314804077,0.18898522853851318,0.8742985129356384,0.5693894624710083,0.39684003591537476,0.5616412162780762,0.34655657410621643
tele_bridge_pick05__01000100__s0013.wav,0.5504227876663208,0.4921683669090271,0.34176164865493774,0.2140941619873047,0.01767618954181671,0.09810389578342438,0.4432707130908966,0.4168344736099243
les_neck_pick20__01000100__s0022.wav,0.8061757683753967,0.7510479688644409,0.9237874746322632,0.7344004511833191,0.16546788811683655,0.16880784928798676,0.6115235090255737,0.3861512541770935
tele_bridge_pick25__01000100__s0050.wav,0.4462042450904846,0.16649246215820312,0.009906990453600883,0.33669134974479675,0.11544731259346008,0.15673446655273438,0.47684454917907715,0.6413378119468689
les_neck_pick05__01000100__s0037.wav,0.015709899365901947,0.17489022016525269,0.05449943616986275,0.3306199908256531,0.06961186975240707,0.7314446568489075,0.05963372811675072,0.07098869979381561
prs_bridge_pick18__01000100__s0024.wav,0.833361029624939,0.7421853542327881,0.5016445517539978,0.6604813933372498,0.2863858938217163,0.13036735355854034,0.9039817452430725,0.7743614315986633
prs_bridge_fing20__01000100__s0041.wav,0.2352912873029709,0.11213334649801254,0.026047255843877792,0.48080018162727356,0.43737953901290894,0.40610188245773315,0.36886852979660034,0.2918339967727661
prs_neck_pick10__01000100__s0027.wav,0.887424647808075,0.808193027973175,0.5319252014160156,0.45251691341400146,0.19091059267520905,0.10425359755754471,0.9073817133903503,0.8960610032081604
prs_bridge_fing15__01000100__s0000.wav,0.7780581712722778,0.8810208439826965,0.6254328489303589,0.7116239666938782,0.7450636029243469,0.9050955176353455,0.31510865688323975,0.40536677837371826
les_bridge_fing08__01000100__s0015.wav,0.46314218640327454,0.38912150263786316,0.12238334864377975,0.3413705825805664,0.01141719426959753,0.14465613663196564,0.6079819798469543,0.4971562922000885
tele_neck_fing04__01000100__s0054.wav,0.8358513712882996,0.7213125824928284,0.6788092851638794,0.814433217048645,0.0858093798160553,0.33368736505508423,0.17309752106666565,0.3516797125339508
prs_bridge_pick11__01000100__s0043.wav,0.4905838966369629,0.5807965993881226,0.5139377117156982,0.6624084711074829,0.28248003125190735,0.11386522650718689,0.6014607548713684,0.46230757236480713
les_bridge_fing01__01000100__s0046.wav,0.35711658000946045,0.5587676763534546,0.7984656095504761,0.7557801604270935,0.5718861222267151,0.5540793538093567,0.5327821969985962,0.6611170768737793
tele_neck_pick22__01000100__s0023.wav,0.2654396593570709,0.25425830483436584,0.3598328232765198,0.12124333530664444,0.8415977358818054,0.8296041488647461,0.6837690472602844,0.6479873657226562
tele_neck_pick09__01000100__s0050.wav,0.5413339138031006,0.503281831741333,0.8444700837135315,0.7920483350753784,0.713066041469574,0.6529068350791931,0.8876439929008484,0.7141956090927124
strat_neck_pick01__01000100__s0021.wav,0.5701185464859009,0.6111897826194763,0.8820567727088928,0.7803136110305786,0.21660812199115753,0.40562817454338074,0.36033180356025696,0.4485064446926117
les_neck_fing19__01000100__s0032.wav,0.24245129525661469,0.5800909996032715,0.3883235454559326,0.32360538840293884,0.7534555196762085,0.7520709037780762,0.7709413766860962,0.8636488914489746
strat_bridge_pick19__01000100__s0029.wav,0.45794743299484253,0.5088592171669006,0.802490770816803,0.8028377890586853,0.9012402296066284,0.7156214118003845,0.899267852306366,0.8333631157875061
strat_neck_pick21__01000100__s0005.wav,0.5097031593322754,0.672517716884613,0.9296961426734924,0.6151870489120483,0.8121415376663208,0.5498265027999878,0.3659791350364685,0.5017197132110596
prs_neck_fing19__01000100__s0034.wav,0.58570796251297,0.7467886209487915,0.6762513518333435,0.769550085067749,0.8381652235984802,0.8983110189437866,0.5534772872924805,0.36796852946281433
tele_neck_pick02__01000100__s0028.wav,0.6105872392654419,0.6242003440856934,0.12213444709777832,0.4065925180912018,0.604393720626831,0.5720847249031067,0.5955080986022949,0.7960994243621826
strat_neck_fing20__01000100__s0003.wav,0.7430247068405151,0.5948248505592346,0.6289156079292297,0.7046650648117065,0.2685571312904358,0.38677099347114563,0.411446213722229,0.45668840408325195
strat_neck_fing24__01000100__s0004.wav,0.8456260561943054,0.9150950908660889,0.7652296423912048,0.8641797304153442,0.6373530626296997,0.25977084040641785,0.06809023767709732,0.13616329431533813
les_neck_pick01__01000100__s0005.wav,0.8787779808044434,0.8350615501403809,0.298105925321579,0.46211034059524536,0.7979854941368103,0.8034407496452332,0.9173478484153748,0.834659218788147
strat_bridge_pick22__01000100__s0021.wav,0.15639688074588776,0.29204100370407104,0.9076204299926758,0.4645176827907562,0.5692002773284912,0.6129802465438843,0.8196309804916382,0.6884838342666626
strat_bridge_pick23__01000100__s0047.wav,0.28717324137687683,0.5941401720046997,0.24432455003261566,0.13034097850322723,0.49519112706184387,0.5403897762298584,0.8668911457061768,0.721967339515686
tele_neck_pick16__01000100__s0040.wav,0.5771321654319763,0.6004050970077515,0.6063681840896606,0.7458547949790955,0.9338298439979553,0.8966330289840698,0.5404625535011292,0.7898446321487427
prs_neck_fing19__01000100__s0045.wav,0.8333537578582764,0.8469477891921997,0.5923328995704651,0.5743967294692993,0.6340479850769043,0.5311732888221741,0.07664459198713303,0.23573283851146698
prs_neck_fing03__01000100__s0030.wav,0.9733836650848389,0.9802325963973999,0.9323813319206238,0.9431473016738892,0.7399749159812927,0.7171139121055603,0.7988225221633911,0.8341608047485352
strat_bridge_fing05__01000100__s0003.wav,0.00684603163972497,0.1764049232006073,0.6594761610031128,0.3900558352470398,0.5174773335456848,0.5629361271858215,0.6705193519592285,0.6309957504272461
prs_bridge_fing11__01000100__s0004.wav,0.2557681202888489,0.48958441615104675,0.7559348344802856,0.22166025638580322,0.33142709732055664,0.607588529586792,0.6530206203460693,0.8126360774040222
strat_neck_fing03__01000100__s0047.wav,0.22905518114566803,0.10875517874956131,0.11002238094806671,0.3679182529449463,0.8285052180290222,0.7695232033729553,0.021492043510079384,0.20017150044441223
tele_neck_fing04__01000100__s0021.wav,0.8231149315834045,0.7030696868896484,0.15778645873069763,0.2935861051082611,0.045136354863643646,0.34261301159858704,0.010717147961258888,0.08786657452583313
strat_neck_pick25__01000100__s0000.wav,0.854371964931488,0.6361929774284363,0.00888297613710165,0.3905505836009979,0.9095239043235779,0.8493198752403259,0.37834620475769043,0.5192407965660095
tele_bridge_fing14__01000100__s0028.wav,0.08740268647670746,0.25777357816696167,0.8972833156585693,0.28905585408210754,0.3478326201438904,0.3635651469230652,0.2605501711368561,0.18192580342292786
tele_bridge_fing24__01000100__s0001.wav,0.8395018577575684,0.8788628578186035,0.07678554952144623,0.15001468360424042,0.5452708601951599,0.6268821358680725,0.45538103580474854,0.3847771883010864
tele_bridge_pick17__01000100__s0008.wav,0.39825713634490967,0.49273356795310974,0.2330138236284256,0.49808794260025024,0.14486382901668549,0.22233211994171143,0.08275695890188217,0.06242113932967186
strat_neck_pick09__01000100__s0052.wav,0.24143654108047485,0.3185114562511444,0.6808668375015259,0.30169355869293213,0.4895108938217163,0.3220699727535248,0.45254623889923096,0.578348696231842
strat_neck_fing19__01000100__s0016.wav,0.5716079473495483,0.07953085750341415,0.0352129191160202,0.5714927911758423,0.6412314176559448,0.5337604284286499,0.9434212446212769,0.9673094153404236
prs_bridge_pick21__01000100__s0054.wav,0.6085613965988159,0.6943094730377197,0.664776086807251,0.7281172871589661,0.2444530874490738,0.17305363714694977,0.5293646454811096,0.7234929800033569
les_bridge_pick20__01000100__s0021.wav,0.5605149865150452,0.632476806640625,0.9719391465187073,0.5728695392608643,0.07704281061887741,0.061964668333530426,0.469160795211792,0.5947574973106384
tele_bridge_pick16__01000100__s0011.wav,0.9208911657333374,0.8822153210639954,0.7184070348739624,0.7762871980667114,0.5319340825080872,0.5200107097625732,0.5942151546478271,0.45998406410217285
prs_neck_fing05__01000100__s0051.wav,0.9797276258468628,0.8436599373817444,0.685174286365509,0.679393470287323,0.6074734926223755,0.6642480492591858,0.47112610936164856,0.5288351774215698
prs_neck_fing05__01000100__s0013.wav,0.2647257149219513,0.20564091205596924,0.025514040142297745,0.43364638090133667,0.06432026624679565,0.11120075732469559,0.8064670562744141,0.8099159598350525
strat_neck_fing05__01000100__s0005.wav,0.7996408343315125,0.5887693762779236,0.8532066941261292,0.8293237686157227,0.01104146521538496,0.09417452663183212,0.7837523818016052,0.6523908972740173
strat_neck_pick01__01000100__s0046.wav,0.8689829707145691,0.6983782649040222,0.25929081439971924,0.6007677316665649,0.9718483686447144,0.45039844512939453,0.07324443012475967,0.07906989753246307
tele_bridge_fing06__01000100__s0032.wav,0.3673712909221649,0.6629288792610168,0.051258038729429245,0.34219375252723694,0.7362138628959656,0.7446773648262024,0.8421197533607483,0.7879011034965515
tele_neck_fing21__01000100__s0010.wav,0.18571965396404266,0.4209774434566498,0.5832798480987549,0.27525368332862854,0.5326032638549805,0.5754199624061584,0.5042508840560913,0.49268531799316406
les_neck_pick05__01000100__s0023.wav,0.5039591193199158,0.61617511510849,0.791135311126709,0.713104248046875,0.10770361870527267,0.36261117458343506,0.6310847997665405,0.4473237097263336
strat_neck_fing12__01000100__s0028.wav,0.7170464396476746,0.6903347373008728,0.8471144437789917,0.6685225963592529,0.8903833627700806,0.8988917469978333,0.6270787715911865,0.26785048842430115
strat_bridge_pick17__01000100__s0001.wav,0.04848797246813774,0.08213339000940323,0.7137473821640015,0.4523191750049591,0.4025276005268097,0.3219763934612274,0.07709456235170364,0.12165439873933792
les_bridge_pick20__01000100__s0019.wav,0.05511515587568283,0.35620349645614624,0.33578377962112427,0.484115332365036,0.6510435938835144,0.6529831886291504,0.8705117702484131,0.8772470355033875
prs_neck_pick22__01000100__s0002.wav,0.6347434520721436,0.496817946434021,0.019797923043370247,0.3959665894508362,0.18350256979465485,0.11115538328886032,0.9434637427330017,0.911339521408081
tele_bridge_fing06__01000100__s0046.wav,0.7098124027252197,0.7113035321235657,0.850176215171814,0.34276726841926575,0.38916072249412537,0.3200947940349579,0.11241214722394943,0.2043602466583252
strat_bridge_fing18__01000100__s0010.wav,0.15055793523788452,0.2707688510417938,0.587100625038147,0.6610042452812195,0.3448641002178192,0.4414639472961426,0.3102673292160034,0.5381876826286316
tele_bridge_fing04__01000100__s0005.wav,0.4137514531612396,0.17531688511371613,0.004986401181668043,0.37002018094062805,0.5037631988525391,0.6749295592308044,0.6027383208274841,0.5613807439804077
tele_bridge_fing14__01000100__s0044.wav,0.2168274223804474,0.3054311275482178,0.44258469343185425,0.36357617378234863,0.231864333152771,0.26871854066848755,0.7490522861480713,0.1887173354625702
tele_neck_pick04__01000100__s0001.wav,0.9954264760017395,0.8753618001937866,0.33078914880752563,0.5290166139602661,0.3609394431114197,0.26619118452072144,0.9923158288002014,0.8690993189811707
strat_bridge_pick18__01000100__s0018.wav,0.3051823377609253,0.5951627492904663,0.7419487833976746,0.308364599943161,0.2850581407546997,0.4715191125869751,0.40052732825279236,0.3428494334220886
prs_bridge_pick03__01000100__s0000.wav,0.8831561803817749,0.7198486328125,0.5414853692054749,0.5014188885688782,0.6596115827560425,0.4829665720462799,0.28379717469215393,0.37950319051742554
tele_neck_fing16__01000100__s0020.wav,0.012321447022259235,0.2767869532108307,0.06714874505996704,0.22407379746437073,0.18140824139118195,0.12292852997779846,0.38692888617515564,0.5810816287994385
prs_bridge_pick16__01000100__s0043.wav,0.5510918498039246,0.6316053867340088,0.5167466998100281,0.6316238641738892,0.2426837533712387,0.332329660654068,0.9458575248718262,0.6994513273239136
strat_bridge_fing03__01000100__s0001.wav,0.37572064995765686,0.5265660285949707,0.8783462047576904,0.7867140769958496,0.30761799216270447,0.2649994492530823,0.18133927881717682,0.20644469559192657
strat_neck_pick20__01000100__s0033.wav,0.13374195992946625,0.1978374719619751,0.002768342150375247,0.4733148217201233,0.8050316572189331,0.7620015740394592,0.473768949508667,0.6383867263793945
strat_neck_pick09__01000100__s0045.wav,0.5956372022628784,0.7473538517951965,0.7406731843948364,0.5042603015899658,0.8956694006919861,0.774190366268158,0.3300838768482208,0.12886027991771698
les_bridge_pick17__01000100__s0023.wav,0.39345237612724304,0.5337742567062378,0.3298206627368927,0.569413959980011,0.5754683613777161,0.5644800662994385,0.8476388454437256,0.8572788238525391
strat_bridge_fing07__01000100__s0030.wav,0.7072716355323792,0.8422513604164124,0.926261842250824,0.7713085412979126,0.2908845841884613,0.23657146096229553,0.4716291129589081,0.7125474810600281
prs_neck_fing17__01000100__s0053.wav,0.030327199026942253,0.06866113841533661,0.985516369342804,0.4728405773639679,0.40041878819465637,0.40100112557411194,0.21149975061416626,0.19298894703388214
prs_neck_fing20__01000100__s0043.wav,0.7841386795043945,0.719829797744751,0.4256545305252075,0.5884106755256653,0.5756831169128418,0.538284182548523,0.5946191549301147,0.5177794098854065
les_bridge_fing11__01000100__s0024.wav,0.10581380873918533,0.13159139454364777,0.4341002106666565,0.2311650514602661,0.43118301033973694,0.6664471626281738,0.7221774458885193,0.5392377972602844
prs_neck_fing06__01000100__s0023.wav,0.9876253008842468,0.8745854496955872,0.5035657286643982,0.5324424505233765,0.40845775604248047,0.46010223031044006,0.2994306981563568,0.37315434217453003
strat_neck_pick01__01000100__s0013.wav,0.3360178768634796,0.26452821493148804,0.03549569100141525,0.4068962037563324,0.2964297831058502,0.3437982499599457,0.06973635405302048,0.09386985003948212
prs_neck_pick08__01000100__s0020.wav,0.25473758578300476,0.14590072631835938,0.16233250498771667,0.3561572730541229,0.8468208909034729,0.819646418094635,0.5824311375617981,0.6118648052215576
prs_neck_pick21__01000100__s0028.wav,0.358623206615448,0.4227490723133087,0.22248847782611847,0.305337131023407,0.013093870133161545,0.3677850067615509,0.5861915946006775,0.5058009624481201
strat_bridge_pick08__01000100__s0016.wav,0.025169452652335167,0.04482795298099518,0.856754720211029,0.8866618871688843,0.5815102458000183,0.5739813446998596,0.9407229423522949,0.8749624490737915
les_bridge_pick22__01000100__s0046.wav,0.5180699825286865,0.46457743644714355,0.1332595944404602,0.2513868808746338,0.8011815547943115,0.8404781222343445,0.5379568338394165,0.5664865374565125
strat_bridge_pick09__01000100__s0001.wav,0.3701935112476349,0.7603214979171753,0.9758298993110657,0.6755291819572449,0.5681692361831665,0.6843413710594177,0.5574182868003845,0.41967374086380005
tele_neck_fing17__01000100__s0018.wav,0.4849644899368286,0.8002358675003052,0.9174762964248657,0.7127626538276672,0.3584620952606201,0.49480119347572327,0.8896644711494446,0.5465325713157654
les_neck_fing13__01000100__s0053.wav,0.8211675882339478,0.8470972776412964,0.8117638826370239,0.8970696926116943,0.6480287313461304,0.2583989202976227,0.016758330166339874,0.18448695540428162
les_bridge_pick22__01000100__s0026.wav,0.9521752595901489,0.647803008556366,0.009837528690695763,0.4733758270740509,0.5616452693939209,0.7134624719619751,0.660916268825531,0.7272102236747742
prs_neck_pick14__01000100__s0032.wav,0.19291044771671295,0.6074492335319519,0.4371615946292877,0.2602825164794922,0.5617072582244873,0.6254932880401611,0.38646307587623596,0.33843639492988586
les_neck_fing09__01000100__s0048.wav,0.2271861732006073,0.16744084656238556,0.20472876727581024,0.19033536314964294,0.4634844660758972,0.6584048271179199,0.561853289604187,0.4244396388530731
prs_neck_pick01__01000100__s0044.wav,0.5753531455993652,0.6975855827331543,0.8505111336708069,0.6787922382354736,0.6260759830474854,0.49625399708747864,0.9907647967338562,0.9712827801704407
les_bridge_fing13__01000100__s0036.wav,0.8461192846298218,0.8560985922813416,0.29257020354270935,0.3466533124446869,0.5359449982643127,0.35221001505851746,0.978762149810791,0.8485942482948303
les_bridge_fing15__01000100__s0035.wav,0.45722848176956177,0.5564900636672974,0.6990333199501038,0.519402027130127,0.12300216406583786,0.1710478961467743,0.1389762908220291,0.06140967085957527
les_bridge_pick24__01000100__s0014.wav,0.2425100952386856,0.15542513132095337,0.24703077971935272,0.7467964291572571,0.8796895742416382,0.5355075001716614,0.5009676814079285,0.5797344446182251
tele_bridge_fing05__01000100__s0011.wav,0.4940063953399658,0.7937281727790833,0.9977505207061768,0.42123574018478394,0.27686044573783875,0.2768416404724121,0.9206369519233704,0.8278943300247192
strat_bridge_fing07__01000100__s0015.wav,0.04432586953043938,0.08607857674360275,0.22460101544857025,0.36526790261268616,0.627888560295105,0.7358716130256653,0.6452997326850891,0.77277672290802
les_bridge_pick08__01000100__s0030.wav,0.21217089891433716,0.3152000904083252,0.7701261639595032,0.43176454305648804,0.6045993566513062,0.4393485188484192,0.04326272010803223,0.4012801945209503
prs_neck_pick05__01000100__s0002.wav,0.20034828782081604,0.3251532018184662,0.7378320693969727,0.6001552939414978,0.6078423857688904,0.7153872847557068,0.5188881754875183,0.6294562220573425
les_neck_pick12__01000100__s0008.wav,0.9898127913475037,0.9524719715118408,0.6856756806373596,0.9352086186408997,0.6201430559158325,0.5849882364273071,0.34755897521972656,0.5130285620689392
prs_bridge_pick21__01000100__s0031.wav,0.9534702301025391,0.7869943380355835,0.37131333351135254,0.5489277243614197,0.20374901592731476,0.6789624094963074,0.3903186023235321,0.5415378212928772
tele_neck_pick19__01000100__s0043.wav,0.03001638501882553,0.1835920363664627,0.547648549079895,0.3345192074775696,0.8516232371330261,0.8644437193870544,0.4037485718727112,0.493514746427536
prs_bridge_fing11__01000100__s0013.wav,0.5300912261009216,0.3000085949897766,0.03497937321662903,0.40146711468696594,0.9587287306785583,0.4999626874923706,0.6144734621047974,0.2925957143306732
les_bridge_pick06__01000100__s0042.wav,0.7068808674812317,0.7183858752250671,0.17186862230300903,0.7122086882591248,0.7436206340789795,0.6576874256134033,0.31550198793411255,0.20048557221889496
strat_bridge_fing18__01000100__s0008.wav,0.33732691407203674,0.5557836890220642,0.7091295719146729,0.19522294402122498,0.5715727806091309,0.6173778772354126,0.6162844300270081,0.541234016418457
tele_bridge_pick16__01000100__s0050.wav,0.6275767683982849,0.6960411667823792,0.8408553004264832,0.7316687107086182,0.3954016864299774,0.5675780177116394,0.5660613179206848,0.5959280729293823
tele_neck_fing03__01000100__s0054.wav,0.896599292755127,0.828643798828125,0.6902360320091248,0.510259211063385,0.006474597845226526,0.18666450679302216,0.31615206599235535,0.5461764931678772
prs_neck_fing01__01000100__s0026.wav,0.1191457137465477,0.11965365707874298,0.7605701088905334,0.609292209148407,0.479862242937088,0.4152723550796509,0.9739510416984558,0.5795750617980957
tele_neck_pick03__01000100__s0036.wav,0.980709433555603,0.8580716848373413,0.5501928329467773,0.695351779460907,0.8549706339836121,0.7670203447341919,0.24167737364768982,0.3995707929134369
les_neck_pick04__01000100__s0032.wav,0.017752310261130333,0.3026689291000366,0.1308223158121109,0.5600709319114685,0.6422353982925415,0.7046270370483398,0.795232892036438,0.7238786220550537
strat_neck_pick01__01000100__s0042.wav,0.9828380346298218,0.8658487796783447,0.4645961821079254,0.6475411057472229,0.709108829498291,0.770621657371521,0.1399320363998413,0.281170517206192
prs_bridge_pick09__01000100__s0026.wav,0.9952930808067322,0.9107117652893066,0.8237437605857849,0.906718373298645,0.7751532793045044,0.8062927722930908,0.6990948915481567,0.45583048462867737
strat_bridge_fing12__01000100__s0011.wav,0.22343692183494568,0.34190234541893005,0.7064915895462036,0.7292628884315491,0.502227246761322,0.7302753925323486,0.4545426070690155,0.2521142363548279
tele_neck_pick02__01000100__s0022.wav,0.500269889831543,0.6344003081321716,0.23814192414283752,0.5225188136100769,0.6104868054389954,0.40356287360191345,0.5518355965614319,0.3849802315235138
tele_neck_pick17__01000100__s0008.wav,0.713878870010376,0.8133436441421509,0.2930260896682739,0.2848425805568695,0.8153762817382812,0.8404285311698914,0.4305144250392914,0.4589425027370453
tele_bridge_pick12__01000100__s0002.wav,0.667284369468689,0.5956723690032959,0.581238865852356,0.46571242809295654,0.677217960357666,0.6325170397758484,0.7045137882232666,0.6643140316009521
tele_bridge_fing09__01000100__s0051.wav,0.4481765031814575,0.44520804286003113,0.6166370511054993,0.3746098279953003,0.7561933994293213,0.598141074180603,0.15900500118732452,0.4476989507675171
strat_bridge_pick10__01000100__s0035.wav,0.7195308208465576,0.5896409749984741,0.6303509473800659,0.3670033812522888,0.9097920656204224,0.8091957569122314,0.40881115198135376,0.4435485303401947
strat_neck_pick03__01000100__s0043.wav,0.7693628072738647,0.37272390723228455,0.1949680596590042,0.6310238838195801,0.834359884262085,0.738396942615509,0.6830974221229553,0.49172690510749817
tele_bridge_fing08__01000100__s0007.wav,0.03833271935582161,0.055647943168878555,0.3326294720172882,0.12391351908445358,0.4913979470729828,0.4676439166069031,0.27262043952941895,0.2780624032020569
les_neck_pick24__01000100__s0012.wav,0.7430442571640015,0.8841981291770935,0.717039167881012,0.4545895457267761,0.9990746378898621,0.47541892528533936,0.12280359119176865,0.06638631969690323
prs_neck_fing03__01000100__s0026.wav,0.39012399315834045,0.5623432397842407,0.7018883228302002,0.6914944648742676,0.49769696593284607,0.7563090920448303,0.0028767965268343687,0.11409366875886917
tele_neck_fing02__01000100__s0008.wav,0.44642525911331177,0.4267641007900238,0.28656116127967834,0.3358355164527893,0.19424374401569366,0.13175272941589355,0.6047829985618591,0.5465571880340576
prs_bridge_pick16__01000100__s0033.wav,0.006707974709570408,0.5630691051483154,0.35792797803878784,0.12956680357456207,0.8201870322227478,0.8147136569023132,0.4792443811893463,0.4365299642086029
les_neck_fing15__01000100__s0049.wav,0.13324813544750214,0.11392844468355179,0.432243287563324,0.6965462565422058,0.5028899908065796,0.35067471861839294,0.6953110098838806,0.3201009929180145
les_bridge_fing12__01000100__s0028.wav,0.2581380009651184,0.3597835898399353,0.5546788573265076,0.4985223710536957,0.9926765561103821,0.8436381220817566,0.5385969877243042,0.6851834058761597
strat_bridge_fing07__01000100__s0012.wav,0.43873128294944763,0.5686959624290466,0.7841281294822693,0.5805278420448303,0.31198692321777344,0.355136901140213,0.5479751825332642,0.6281744837760925
strat_bridge_pick15__01000100__s0003.wav,0.5174291729927063,0.5031484961509705,0.2482854574918747,0.4452225863933563,0.9890649914741516,0.7533219456672668,0.742549479007721,0.18803733587265015
prs_neck_fing02__01000100__s0033.wav,0.052243828773498535,0.20710067451000214,0.659321665763855,0.44364601373672485,0.47490164637565613,0.5900272130966187,0.5509753227233887,0.634674072265625
tele_bridge_fing13__01000100__s0033.wav,0.23296502232551575,0.24494265019893646,0.12200964242219925,0.37361955642700195,0.6565706729888916,0.6381100416183472,0.022597793489694595,0.13241825997829437
prs_bridge_fing16__01000100__s0027.wav,0.0985335186123848,0.08581222593784332,0.5940008163452148,0.5276315212249756,0.39835259318351746,0.5015842914581299,0.30751973390579224,0.5355246663093567
les_neck_fing12__01000100__s0039.wav,0.5366358757019043,0.3554815351963043,0.49768880009651184,0.3484443724155426,0.35778677463531494,0.722506046295166,0.7413226366043091,0.31655994057655334
prs_neck_fing03__01000100__s0039.wav,0.23182345926761627,0.20687982439994812,0.5376009941101074,0.634388267993927,0.9262848496437073,0.9140543937683105,0.5219255685806274,0.539953887462616
prs_bridge_pick14__01000100__s0025.wav,0.41577795147895813,0.6252049803733826,0.9041728973388672,0.5892800092697144,0.1433693766593933,0.23744067549705505,0.6200829148292542,0.46161529421806335
les_bridge_fing21__01000100__s0033.wav,0.6279452443122864,0.5048125386238098,0.049124058336019516,0.5305461287498474,0.700006902217865,0.6879309415817261,0.31596702337265015,0.2971378266811371
tele_neck_pick05__01000100__s0006.wav,0.4471806585788727,0.27145785093307495,0.2718653380870819,0.601699948310852,0.5721706748008728,0.5498624444007874,0.011326707899570465,0.27242526412010193
tele_bridge_fing02__01000100__s0008.wav,0.40878039598464966,0.7783394455909729,0.6947046518325806,0.4523513615131378,0.5684759020805359,0.4399346113204956,0.915942370891571,0.8159643411636353
les_neck_fing15__01000100__s0008.wav,0.9640547037124634,0.43322044610977173,0.04876124858856201,0.4475836753845215,0.25088050961494446,0.1757032573223114,0.634802520275116,0.7082100510597229
tele_bridge_pick16__01000100__s0021.wav,0.2341633290052414,0.2607235312461853,0.1523299217224121,0.20958785712718964,0.031745221465826035,0.2138575315475464,0.599703848361969,0.5381795763969421
prs_neck_pick08__01000100__s0002.wav,0.19905976951122284,0.2420159876346588,0.5612867474555969,0.4180622100830078,0.6191890835762024,0.2915630638599396,0.7076488137245178,0.3606250286102295
strat_neck_fing19__01000100__s0020.wav,0.08652887493371964,0.16631948947906494,0.452155739068985,0.09813440591096878,0.11870907247066498,0.2250014841556549,0.27061769366264343,0.5143903493881226
prs_neck_fing23__01000100__s0015.wav,0.0331152006983757,0.2820778489112854,0.36461830139160156,0.29077133536338806,0.1862567514181137,0.40575021505355835,0.8569406867027283,0.7760908007621765
les_bridge_pick22__01000100__s0029.wav,0.8133546113967896,0.7565063834190369,0.7476702928543091,0.68812495470047,0.9797103404998779,0.8978495001792908,0.9544408321380615,0.8794181942939758
les_bridge_pick14__01000100__s0005.wav,0.994472324848175,0.8170236349105835,0.41756942868232727,0.7875677347183228,0.5398845672607422,0.479294091463089,0.5580193996429443,0.5937153100967407
strat_neck_pick25__01000100__s0017.wav,0.4797173738479614,0.6301029324531555,0.6416764259338379,0.4332663416862488,0.32663699984550476,0.49444061517715454,0.048040758818387985,0.11313187330961227
tele_bridge_fing14__01000100__s0009.wav,0.9448216557502747,0.7684661746025085,0.38440045714378357,0.20286709070205688,0.7916896343231201,0.5034578442573547,0.19896389544010162,0.23475874960422516
tele_bridge_fing25__01000100__s0005.wav,0.6602239012718201,0.7194792628288269,0.6831137537956238,0.7343352437019348,0.8356915712356567,0.8179604411125183,0.2246459275484085,0.6278844475746155
les_bridge_pick09__01000100__s0021.wav,0.19517400860786438,0.5750911831855774,0.789600133895874,0.5933611989021301,0.9846604466438293,0.585156261920929,0.1934269219636917,0.49379485845565796
strat_bridge_fing13__01000100__s0053.wav,0.8696607351303101,0.8479065895080566,0.8988533616065979,0.7075534462928772,0.3718518614768982,0.3732508718967438,0.46561968326568604,0.6213542819023132
prs_bridge_pick10__01000100__s0030.wav,0.39284437894821167,0.626099705696106,0.780118465423584,0.5109941363334656,0.6742647886276245,0.5344277620315552,0.11159562319517136,0.19740250706672668
strat_bridge_fing10__01000100__s0037.wav,0.38238275051116943,0.22306859493255615,0.16322778165340424,0.5583521723747253,0.30309396982192993,0.36006659269332886,0.820465624332428,0.7072387337684631
tele_bridge_fing01__01000100__s0044.wav,0.06132027879357338,0.11337040364742279,0.7697132229804993,0.6792018413543701,0.639824628829956,0.417050302028656,0.03399980440735817,0.17547103762626648
strat_neck_pick17__01000100__s0052.wav,0.8463459014892578,0.7968600392341614,0.12440398335456848,0.2690321207046509,0.06974384188652039,0.46904146671295166,0.8054430484771729,0.6331645250320435
prs_neck_pick23__01000100__s0049.wav,0.2511655390262604,0.2564444839954376,0.4347541332244873,0.3459378480911255,0.1675756424665451,0.48557475209236145,0.1470901370048523,0.15941260755062103
tele_bridge_fing20__01000100__s0053.wav,0.044522032141685486,0.14598441123962402,0.9903103709220886,0.4316541850566864,0.5835309028625488,0.5867904424667358,0.8192569017410278,0.6884434819221497
strat_bridge_fing11__01000100__s0026.wav,0.5181310772895813,0.190467968583107,0.14023448526859283,0.6266475915908813,0.4520692825317383,0.45456811785697937,0.48549169301986694,0.4876570403575897
tele_neck_pick16__01000100__s0011.wav,0.23756031692028046,0.2800197899341583,0.8074198365211487,0.19968460500240326,0.572411060333252,0.5404911041259766,0.4211261570453644,0.38684341311454773
les_neck_fing20__01000100__s0048.wav,0.8635932803153992,0.7184028029441833,0.9062047004699707,0.5177481770515442,0.3919755816459656,0.47773364186286926,0.9859306812286377,0.9046360850334167
les_bridge_pick01__01000100__s0030.wav,0.414333701133728,0.5709804892539978,0.07997100800275803,0.5185155868530273,0.2444155216217041,0.3367760479450226,0.49477463960647583,0.6301591992378235
les_bridge_fing17__01000100__s0025.wav,0.01014650147408247,0.2056216448545456,0.3832244277000427,0.25721046328544617,0.5800200700759888,0.6413601636886597,0.5684359669685364,0.2738599479198456
tele_bridge_pick12__01000100__s0022.wav,0.993739664554596,0.8457472324371338,0.4295472800731659,0.4701976478099823,0.717915415763855,0.7842817306518555,0.8045140504837036,0.8516238927841187
tele_bridge_fing05__01000100__s0014.wav,0.9083768725395203,0.8964232802391052,0.8333853483200073,0.7081007361412048,0.08136729151010513,0.19715815782546997,0.29379498958587646,0.43942102789878845
strat_bridge_pick02__01000100__s0011.wav,0.5723245739936829,0.6259644031524658,0.42700737714767456,0.363457590341568,0.00971721950918436,0.06450024247169495,0.7762545347213745,0.8508886694908142
les_bridge_pick20__01000100__s0041.wav,0.6628997325897217,0.36418598890304565,0.10921957343816757,0.41814303398132324,0.5177776217460632,0.49585914611816406,0.3771902024745941,0.4592987298965454
tele_bridge_fing20__01000100__s0040.wav,0.2866879999637604,0.3672935962677002,0.8125452995300293,0.5443583726882935,0.02006586082279682,0.1283745914697647,0.8908538222312927,0.8404474258422852
strat_bridge_pick24__01000100__s0048.wav,0.9159771800041199,0.6953878402709961,0.6652122139930725,0.7357571125030518,0.16288819909095764,0.47590747475624084,0.32457488775253296,0.4331977367401123
tele_neck_fing17__01000100__s0048.wav,0.8475959300994873,0.7195889949798584,0.11135901510715485,0.30222341418266296,0.6142317056655884,0.8596779108047485,0.5819050669670105,0.6933319568634033
strat_bridge_fing12__01000100__s0042.wav,0.20744512975215912,0.09199810773134232,0.2298383116722107,0.42195409536361694,0.9005696177482605,0.8983685374259949,0.8982305526733398,0.759736955165863
strat_bridge_pick05__01000100__s0013.wav,0.1170409768819809,0.15179602801799774,0.020213190466165543,0.22331580519676208,0.3800938129425049,0.3233036696910858,0.0712568461894989,0.1297750324010849
strat_neck_pick25__01000100__s0046.wav,0.8658319115638733,0.7426299452781677,0.2574794292449951,0.8061156272888184,0.5496252775192261,0.6154744625091553,0.8368019461631775,0.6597065329551697
prs_bridge_pick09__01000100__s0020.wav,0.9473153948783875,0.9415850043296814,0.8231717944145203,0.9336278438568115,0.3882834017276764,0.43716761469841003,0.7738543152809143,0.7075503468513489
prs_bridge_fing07__01000100__s0043.wav,0.1325950026512146,0.2958289384841919,0.6781013011932373,0.397209107875824,0.8494205474853516,0.6265489459037781,0.31946367025375366,0.19140410423278809
tele_bridge_pick19__01000100__s0028.wav,0.4132600724697113,0.5110199451446533,0.07446718961000443,0.13468138873577118,0.6983016729354858,0.7587039470672607,0.5606738328933716,0.5534788370132446
prs_bridge_pick09__01000100__s0036.wav,0.8344801068305969,0.8290457129478455,0.0751604288816452,0.5639936327934265,0.0535319522023201,0.2691647410392761,0.7210164666175842,0.7335469722747803
prs_bridge_pick03__01000100__s0003.wav,0.7593494057655334,0.7098661065101624,0.7291379570960999,0.6317142248153687,0.02854735404253006,0.13925370573997498,0.9369828104972839,0.9037737250328064
les_bridge_pick17__01000100__s0030.wav,0.6062261462211609,0.7928508520126343,0.9882030487060547,0.9155415892601013,0.8906683325767517,0.3802413046360016,0.1210964024066925,0.11922594904899597
tele_neck_fing02__01000100__s0034.wav,0.7641451954841614,0.7228208184242249,0.4440421164035797,0.41777005791664124,0.781758725643158,0.787639319896698,0.6351945400238037,0.5825040936470032
strat_neck_fing20__01000100__s0031.wav,0.6227964758872986,0.7726526260375977,0.25466179847717285,0.4049638509750366,0.30621790885925293,0.3660234212875366,0.6962528824806213,0.7234007716178894
strat_bridge_fing12__01000100__s0020.wav,0.11798186600208282,0.28963202238082886,0.1955757439136505,0.29241859912872314,0.14839892089366913,0.2213560938835144,0.6581152081489563,0.653167724609375
tele_neck_pick09__01000100__s0046.wav,0.025645550340414047,0.2152443528175354,0.5800655484199524,0.23038335144519806,0.533965528011322,0.560422956943512,0.44283097982406616,0.6759077310562134
prs_bridge_fing20__01000100__s0010.wav,0.8107778429985046,0.7689343094825745,0.9356791377067566,0.716128408908844,0.6005926132202148,0.5126727819442749,0.8600395917892456,0.8220312595367432
strat_neck_pick07__01000100__s0021.wav,0.07879608124494553,0.11131294816732407,0.6183301210403442,0.35510173439979553,0.8163021802902222,0.8541337251663208,0.3757418394088745,0.3267877399921417
strat_neck_pick13__01000100__s0040.wav,0.005686241202056408,0.3666241466999054,0.16978518664836884,0.6426751613616943,0.5300110578536987,0.8268327116966248,0.4602765738964081,0.43028688430786133
les_neck_pick21__01000100__s0025.wav,0.6671358346939087,0.7796684503555298,0.8793275356292725,0.8357436656951904,0.9447086453437805,0.5145161747932434,0.39075812697410583,0.4196578860282898
prs_neck_pick20__01000100__s0006.wav,0.17872387170791626,0.06259304285049438,0.058644138276576996,0.17781175673007965,0.7360268235206604,0.7618910670280457,0.893662691116333,0.5888494849205017
les_bridge_fing22__01000100__s0023.wav,0.3587105870246887,0.5024194121360779,0.4093378484249115,0.24756212532520294,0.7956684827804565,0.8482600450515747,0.7958000302314758,0.7228622436523438
prs_bridge_pick04__01000100__s0033.wav,0.4393293857574463,0.46548667550086975,0.19826143980026245,0.37356412410736084,0.8223990797996521,0.9039997458457947,0.24024435877799988,0.1986958235502243
strat_bridge_fing24__01000100__s0033.wav,0.7304068803787231,0.6702463626861572,0.5260053277015686,0.6302899122238159,0.34058433771133423,0.3543671667575836,0.33779263496398926,0.40605872869491577
les_bridge_fing09__01000100__s0009.wav,0.8898404836654663,0.7565875053405762,0.8695359230041504,0.8298113942146301,0.15980342030525208,0.30820465087890625,0.16043724119663239,0.3167310655117035
tele_bridge_pick21__01000100__s0003.wav,0.7070333361625671,0.7330507636070251,0.8552840948104858,0.7281655073165894,0.6888988018035889,0.5888084769248962,0.04951600357890129,0.25123125314712524
prs_neck_pick06__01000100__s0045.wav,0.04519655555486679,0.19888944923877716,0.29787200689315796,0.2989417314529419,0.5239980816841125,0.7730423212051392,0.7977139949798584,0.5117656588554382
prs_neck_fing08__01000100__s0037.wav,0.7845969796180725,0.7144045233726501,0.38543352484703064,0.5036241412162781,0.8321663737297058,0.8738468289375305,0.6069016456604004,0.46323516964912415
prs_neck_fing03__01000100__s0004.wav,0.28238752484321594,0.11467684805393219,0.3189900815486908,0.35234302282333374,0.1747044175863266,0.1642984002828598,0.9633920788764954,0.9189605116844177
les_bridge_fing09__01000100__s0023.wav,0.9514796137809753,0.7662822604179382,0.12429540604352951,0.550169825553894,0.25766292214393616,0.2048877477645874,0.873359203338623,0.9255983233451843
prs_neck_pick09__01000100__s0033.wav,0.6198421120643616,0.7203975915908813,0.5795203447341919,0.29535970091819763,0.25174927711486816,0.26136940717697144,0.36791184544563293,0.6333699226379395
tele_bridge_fing07__01000100__s0031.wav,0.36600059270858765,0.280884712934494,0.5489344000816345,0.5348193645477295,0.22082141041755676,0.1101977527141571,0.8689688444137573,0.8989133238792419
strat_neck_fing13__01000100__s0046.wav,0.40913131833076477,0.7773144245147705,0.12812519073486328,0.40379598736763,0.013058844953775406,0.05914697423577309,0.08253861963748932,0.11160777509212494
strat_neck_pick11__01000100__s0045.wav,0.8129897713661194,0.7206020355224609,0.2841353118419647,0.46542468667030334,0.96944659948349,0.6200419664382935,0.03477184474468231,0.1624279022216797
prs_bridge_fing03__01000100__s0036.wav,0.5794115662574768,0.39488691091537476,0.0676230639219284,0.2863714396953583,0.9552648663520813,0.9130621552467346,0.7101411819458008,0.6811308264732361
prs_bridge_pick12__01000100__s0045.wav,0.7716655731201172,0.23084069788455963,0.16460593044757843,0.2907910943031311,0.931481122970581,0.9409642219543457,0.8694186210632324,0.5533894300460815
strat_neck_pick05__01000100__s0048.wav,0.34901270270347595,0.3033500909805298,0.20613080263137817,0.4261973798274994,0.19132669270038605,0.1837392896413803,0.46264275908470154,0.5140005946159363
tele_neck_pick03__01000100__s0009.wav,0.858803927898407,0.8651381731033325,0.7997027635574341,0.872246265411377,0.18685662746429443,0.26702815294265747,0.6951547265052795,0.5990884900093079
les_neck_fing10__01000100__s0019.wav,0.753858745098114,0.8318741321563721,0.6417829990386963,0.41500627994537354,0.9293642640113831,0.7451701164245605,0.9716542363166809,0.9460378885269165
les_neck_pick15__01000100__s0034.wav,0.3407527506351471,0.27900421619415283,0.05260934680700302,0.3578595221042633,0.9620839953422546,0.39123475551605225,0.14635619521141052,0.5258530378341675
tele_neck_pick23__01000100__s0020.wav,0.8102625608444214,0.5889092683792114,0.3849996328353882,0.504087507724762,0.07474329322576523,0.6973769664764404,0.1658698469400406,0.143288716673851
les_neck_pick03__01000100__s0032.wav,0.2894580662250519,0.5424787402153015,0.6515340805053711,0.5776883363723755,0.4691895842552185,0.6027251482009888,0.04789682850241661,0.09305253624916077
tele_neck_pick03__01000100__s0000.wav,0.645925760269165,0.7517417669296265,0.7376857399940491,0.6539101600646973,0.9840434193611145,0.40849730372428894,0.4089164435863495,0.35639727115631104
tele_bridge_pick16__01000100__s0040.wav,0.9529795050621033,0.8261730670928955,0.5922228693962097,0.8622980713844299,0.9754443168640137,0.9230484366416931,0.500170886516571,0.4397267997264862
tele_neck_fing16__01000100__s0003.wav,0.17822547256946564,0.31291571259498596,0.027236787602305412,0.21464121341705322,0.10134679079055786,0.15551796555519104,0.7718887329101562,0.7899271845817566
les_bridge_pick13__01000100__s0045.wav,0.36344337463378906,0.36737537384033203,0.21605774760246277,0.6359285116195679,0.15502139925956726,0.2734948992729187,0.29898253083229065,0.1398867964744568
tele_neck_pick09__01000100__s0034.wav,0.8866190910339355,0.8883134722709656,0.5586384534835815,0.5334354639053345,0.055522117763757706,0.35821062326431274,0.11334825307130814,0.06910216063261032
prs_bridge_pick16__01000100__s0030.wav,0.408876895904541,0.6144667863845825,0.8877931237220764,0.43355774879455566,0.44136711955070496,0.7415393590927124,0.04831314831972122,0.21478797495365143
les_bridge_fing12__01000100__s0052.wav,0.7145463228225708,0.6255996227264404,0.3269985616207123,0.6046995520591736,0.8714414834976196,0.9035746455192566,0.8787115216255188,0.6366194486618042
les_bridge_fing21__01000100__s0042.wav,0.16093170642852783,0.11622591316699982,0.501495361328125,0.19938623905181885,0.46685680747032166,0.5259668231010437,0.393830269575119,0.2717363238334656
tele_bridge_fing12__01000100__s0050.wav,0.46191665530204773,0.4535754919052124,0.6228750348091125,0.5295758247375488,0.8789190649986267,0.6888795495033264,0.850189208984375,0.8256394267082214
les_neck_pick23__01000100__s0027.wav,0.2814061641693115,0.6177071928977966,0.7095094323158264,0.4150220453739166,0.9404220581054688,0.5225035548210144,0.46511033177375793,0.16909578442573547
les_neck_pick05__01000100__s0000.wav,0.47648727893829346,0.21547308564186096,0.11809775233268738,0.4009920656681061,0.5699701905250549,0.5409578680992126,0.9040532112121582,0.9175054430961609
strat_neck_pick17__01000100__s0005.wav,0.45047205686569214,0.5035967230796814,0.18904556334018707,0.20087070763111115,0.8992311954498291,0.7501339316368103,0.04368963465094566,0.14455807209014893
strat_neck_pick21__01000100__s0043.wav,0.3122401833534241,0.7314825057983398,0.3671649992465973,0.47708243131637573,0.88113933801651,0.7873746752738953,0.8185166716575623,0.6775472164154053
prs_bridge_pick03__01000100__s0009.wav,0.32059264183044434,0.41979265213012695,0.3491511940956116,0.4019298255443573,0.4562658965587616,0.39506372809410095,0.6278886198997498,0.4806014597415924
prs_neck_fing09__01000100__s0048.wav,0.22091251611709595,0.4247235357761383,0.8998916149139404,0.45618852972984314,0.8691617846488953,0.4403623342514038,0.6714890003204346,0.35268664360046387
prs_neck_fing14__01000100__s0025.wav,0.0024013472720980644,0.1618598997592926,0.8511378169059753,0.2747190296649933,0.14559060335159302,0.10850803554058075,0.7575642466545105,0.5577371120452881
prs_bridge_pick12__01000100__s0049.wav,0.32928183674812317,0.8162922859191895,0.8082693219184875,0.40974995493888855,0.7904414534568787,0.7352302670478821,0.502329409122467,0.5914078950881958
les_bridge_fing22__01000100__s0043.wav,0.7669649124145508,0.8457493782043457,0.34607499837875366,0.5967162251472473,0.9391986131668091,0.4531940817832947,0.6554536819458008,0.2616799771785736
les_bridge_fing08__01000100__s0039.wav,0.0755557119846344,0.07075414806604385,0.040400754660367966,0.367276668548584,0.6429356932640076,0.8170108199119568,0.5919775366783142,0.6168332099914551
strat_neck_pick18__01000100__s0046.wav,0.6177034378051758,0.5236248970031738,0.30273330211639404,0.4486596882343292,0.4357151687145233,0.45719534158706665,0.8794496655464172,0.5188060998916626
les_neck_pick13__01000100__s0049.wav,0.9789673686027527,0.46201369166374207,0.12509003281593323,0.500202476978302,0.5743913054466248,0.5290876626968384,0.20905224978923798,0.3081456124782562
tele_bridge_fing03__01000100__s0013.wav,0.7808570861816406,0.8656576871871948,0.994108259677887,0.6851094365119934,0.380769282579422,0.382048100233078,0.17258098721504211,0.3401156961917877
strat_bridge_fing24__01000100__s0052.wav,0.7419467568397522,0.6121512055397034,0.20322886109352112,0.5375333428382874,0.300696462392807,0.3540430963039398,0.16978496313095093,0.3493664562702179
les_neck_pick23__01000100__s0024.wav,0.7267324328422546,0.7619168758392334,0.2920423150062561,0.4004015624523163,0.8165861368179321,0.8560677766799927,0.6050550937652588,0.5531262159347534
tele_neck_fing23__01000100__s0007.wav,0.4105168879032135,0.6327212452888489,0.6632065176963806,0.6321181058883667,0.5696495771408081,0.7854573130607605,0.4027389585971832,0.5289312601089478
les_bridge_fing12__01000100__s0031.wav,0.5806682705879211,0.4895171523094177,0.6624841690063477,0.8480587601661682,0.5396969318389893,0.4889484941959381,0.05895860493183136,0.21794778108596802
les_neck_pick24__01000100__s0037.wav,0.4576457738876343,0.4528392553329468,0.1684550791978836,0.4179840683937073,0.2730204463005066,0.29251259565353394,0.16668856143951416,0.3062000870704651
les_neck_pick23__01000100__s0014.wav,0.8804324269294739,0.7026278376579285,0.15468551218509674,0.40623506903648376,0.366109162569046,0.6342203617095947,0.45963042974472046,0.5004581212997437
prs_neck_pick08__01000100__s0050.wav,0.12071039527654648,0.22810982167720795,0.026484781876206398,0.22971375286579132,0.7997549772262573,0.8722584247589111,0.3568934202194214,0.6227862238883972
prs_neck_pick23__01000100__s0050.wav,0.4033486247062683,0.6116002202033997,0.5097594261169434,0.4527760148048401,0.19653399288654327,0.18868130445480347,0.4680294990539551,0.8008289933204651
tele_bridge_fing03__01000100__s0012.wav,0.01720939576625824,0.13395284116268158,0.8433777689933777,0.2982676327228546,0.519660472869873,0.7034549713134766,0.9009144902229309,0.7276318073272705
tele_bridge_fing15__01000100__s0045.wav,0.07337168604135513,0.23826085031032562,0.4771847724914551,0.2508247196674347,0.30372750759124756,0.399584025144577,0.6813197135925293,0.5771884918212891
prs_bridge_pick06__01000100__s0050.wav,0.7787532806396484,0.9254559874534607,0.6562173962593079,0.8966489434242249,0.47003066539764404,0.4930557310581207,0.12376672774553299,0.2999090552330017
prs_neck_fing07__01000100__s0042.wav,0.23321279883384705,0.19485411047935486,0.6846780776977539,0.3827621042728424,0.15340279042720795,0.4271750748157501,0.3318869173526764,0.3748738765716553
les_neck_pick12__01000100__s0026.wav,0.5116701126098633,0.175845667719841,0.027112850919365883,0.4233458340167999,0.9891704320907593,0.7603657245635986,0.368121862411499,0.17463010549545288
les_bridge_pick24__01000100__s0006.wav,0.12741591036319733,0.10079856961965561,0.06627552956342697,0.2035050094127655,0.1793605387210846,0.4213782250881195,0.02421080507338047,0.043012723326683044
tele_bridge_fing24__01000100__s0019.wav,0.3869878947734833,0.6181471347808838,0.4062640964984894,0.3633393943309784,0.3349798321723938,0.4179079830646515,0.38846179842948914,0.607123613357544
tele_neck_pick14__01000100__s0027.wav,0.6203098297119141,0.6976503729820251,0.19778095185756683,0.17854195833206177,0.12682677805423737,0.6834903359413147,0.1388079971075058,0.21444201469421387
prs_bridge_pick19__01000100__s0022.wav,0.9724045991897583,0.7710770964622498,0.4564055800437927,0.44300588965415955,0.8153329491615295,0.9073373675346375,0.3743455111980438,0.42864227294921875
strat_neck_pick01__01000100__s0020.wav,0.21427953243255615,0.37435775995254517,0.41877198219299316,0.15006977319717407,0.2796524167060852,0.4862830340862274,0.6107954382896423,0.46971678733825684
strat_bridge_fing15__01000100__s0041.wav,0.38056421279907227,0.7087020874023438,0.8280088901519775,0.2980674207210541,0.6099078059196472,0.4102347493171692,0.3448457419872284,0.1480269581079483
prs_neck_pick05__01000100__s0025.wav,0.555745005607605,0.3365906774997711,0.32140183448791504,0.6201661825180054,0.10601862519979477,0.14743471145629883,0.7802143692970276,0.5845857858657837
les_neck_pick02__01000100__s0023.wav,0.08057644218206406,0.1618618220090866,0.47833767533302307,0.4118582606315613,0.5632373094558716,0.6615347862243652,0.8149244785308838,0.9129056930541992
prs_bridge_fing12__01000100__s0054.wav,0.4694756269454956,0.6114324331283569,0.9931850433349609,0.8473504781723022,0.812330424785614,0.7088251709938049,0.052329856902360916,0.10602258890867233
tele_bridge_pick15__01000100__s0018.wav,0.6777245402336121,0.27975738048553467,0.061945658177137375,0.5035879611968994,0.18268737196922302,0.28684791922569275,0.831995964050293,0.43515390157699585
prs_neck_pick12__01000100__s0032.wav,0.3048584461212158,0.664801299571991,0.2042541205883026,0.5529693365097046,0.42677050828933716,0.4951689839363098,0.8330760598182678,0.8261123895645142
strat_bridge_fing07__01000100__s0021.wav,0.78984534740448,0.8618080615997314,0.4607527554035187,0.4012598991394043,0.9599447250366211,0.7805341482162476,0.2673003673553467,0.14265133440494537
tele_neck_fing24__01000100__s0001.wav,0.6628332138061523,0.5912964940071106,0.33944880962371826,0.5487599968910217,0.7363799214363098,0.841971218585968,0.9061663746833801,0.9083040356636047
les_bridge_fing06__01000100__s0035.wav,0.9526211023330688,0.8407794833183289,0.46120700240135193,0.7258194088935852,0.7089435458183289,0.8320392966270447,0.7527279853820801,0.6467955112457275
tele_bridge_fing01__01000100__s0019.wav,0.12894728779792786,0.2366797775030136,0.4355382025241852,0.5083751678466797,0.9933216571807861,0.8688761591911316,0.6899622678756714,0.769667387008667
tele_neck_pick14__01000100__s0002.wav,0.884152889251709,0.6044875383377075,0.2586618661880493,0.5316469669342041,0.8584659099578857,0.7994595170021057,0.8673452138900757,0.7841699719429016
strat_bridge_pick18__01000100__s0054.wav,0.9084466099739075,0.6962164044380188,0.14371716976165771,0.7191821336746216,0.8704218864440918,0.8200080394744873,0.8612508177757263,0.7249817848205566
prs_neck_pick06__01000100__s0012.wav,0.6845819354057312,0.7787342071533203,0.9064567685127258,0.63185715675354,0.072121262550354,0.23102962970733643,0.2195058912038803,0.3378123342990875
tele_neck_fing04__01000100__s0046.wav,0.33997854590415955,0.5074984431266785,0.8840025663375854,0.5676473379135132,0.2518512010574341,0.578122615814209,0.5233945250511169,0.6716087460517883
les_bridge_pick01__01000100__s0019.wav,0.09126361459493637,0.1767311841249466,0.5015943646430969,0.1969061940908432,0.3535032868385315,0.17015321552753448,0.29336804151535034,0.43406587839126587
tele_bridge_pick08__01000100__s0010.wav,0.7575249671936035,0.8725191950798035,0.6879239678382874,0.7777117490768433,0.4722689688205719,0.38461729884147644,0.47790399193763733,0.28300854563713074
tele_neck_fing03__01000100__s0037.wav,0.36573338508605957,0.6498624086380005,0.3869936466217041,0.3123875856399536,0.5888606309890747,0.617492139339447,0.9527410864830017,0.9664702415466309
prs_neck_pick24__01000100__s0030.wav,0.4412773549556732,0.20487761497497559,0.1954263299703598,0.408443421125412,0.09645407646894455,0.08258520811796188,0.43215492367744446,0.41524407267570496
strat_neck_fing12__01000100__s0040.wav,0.21678052842617035,0.38622307777404785,0.2912191152572632,0.12988121807575226,0.5340863466262817,0.6030631065368652,0.5530280470848083,0.5910533666610718
les_neck_pick05__01000100__s0039.wav,0.570436418056488,0.5955440998077393,0.8119192123413086,0.6997091770172119,0.013912892900407314,0.1566077023744583,0.7769346833229065,0.4016108512878418
prs_bridge_pick23__01000100__s0035.wav,0.35979151725769043,0.4314438998699188,0.7553233504295349,0.6990443468093872,0.7827467322349548,0.6946251392364502,0.46076616644859314,0.7143852114677429
tele_neck_pick01__01000100__s0054.wav,0.6703290939331055,0.8124716281890869,0.5306232571601868,0.6827974915504456,0.8617077469825745,0.8743354082107544,0.36366739869117737,0.2684710919857025
tele_neck_fing05__01000100__s0042.wav,0.5969722867012024,0.6276239156723022,0.8373896479606628,0.8453528881072998,0.1974557787179947,0.44749754667282104,0.46721965074539185,0.5579447150230408
prs_neck_pick25__01000100__s0004.wav,0.8743672370910645,0.7603809833526611,0.4041639566421509,0.3790530562400818,0.7368627190589905,0.7495920658111572,0.7245761156082153,0.6430703401565552
les_bridge_pick24__01000100__s0015.wav,0.6849018335342407,0.7693865895271301,0.08210403472185135,0.24266599118709564,0.8645622134208679,0.6475200653076172,0.10977279394865036,0.3376401662826538
strat_neck_fing05__01000100__s0050.wav,0.7393482327461243,0.6438530087471008,0.4716372489929199,0.5733755230903625,0.538121223449707,0.5832332968711853,0.9987478852272034,0.9448540806770325
tele_neck_fing23__01000100__s0038.wav,0.8672845959663391,0.5266140103340149,0.17130129039287567,0.5833791494369507,0.29426124691963196,0.15536092221736908,0.23577551543712616,0.26942622661590576
strat_bridge_fing22__01000100__s0005.wav,0.06949205696582794,0.19673196971416473,0.5185357332229614,0.536567747592926,0.6079801917076111,0.578427255153656,0.5755099058151245,0.6365327835083008
tele_neck_fing07__01000100__s0050.wav,0.09561817348003387,0.152908593416214,0.11422806978225708,0.31480279564857483,0.11156006902456284,0.06928480416536331,0.7089940309524536,0.6215777397155762
strat_bridge_pick25__01000100__s0014.wav,0.5146378874778748,0.5142017602920532,0.6456824541091919,0.35093045234680176,0.6564119458198547,0.6076279282569885,0.6498661041259766,0.4492267072200775
strat_neck_fing13__01000100__s0040.wav,0.7052594423294067,0.6489659547805786,0.5534110069274902,0.5720788836479187,0.03532276302576065,0.05471634492278099,0.24418748915195465,0.47170546650886536
tele_neck_fing16__01000100__s0055.wav,0.711577832698822,0.44118472933769226,0.23678189516067505,0.32798218727111816,0.9440892934799194,0.6241798400878906,0.966361403465271,0.8662878274917603
les_bridge_fing06__01000100__s0006.wav,0.4224860966205597,0.36540159583091736,0.4698905348777771,0.3923926055431366,0.7549875378608704,0.6895289421081543,0.9336098432540894,0.9047543406486511
tele_bridge_fing13__01000100__s0032.wav,0.8086575865745544,0.7273823618888855,0.414814293384552,0.3547550141811371,0.5060132741928101,0.5125970244407654,0.48836392164230347,0.4272618591785431
prs_bridge_fing20__01000100__s0034.wav,0.8620030283927917,0.494935542345047,0.048317063599824905,0.47854527831077576,0.4310131371021271,0.4754742681980133,0.6493827700614929,0.6911370754241943
les_neck_fing13__01000100__s0016.wav,0.7625471949577332,0.7378711104393005,0.7459434270858765,0.8684898614883423,0.08087170869112015,0.27191704511642456,0.1248302087187767,0.1029982715845108
prs_bridge_fing19__01000100__s0051.wav,0.5126067996025085,0.6781344413757324,0.25064489245414734,0.3875598609447479,0.6961370706558228,0.7059101462364197,0.43213918805122375,0.47806835174560547
tele_bridge_fing16__01000100__s0043.wav,0.12594574689865112,0.18030790984630585,0.4376085102558136,0.17155872285366058,0.9981158375740051,0.8150301575660706,0.4132215976715088,0.6329851746559143
strat_neck_pick09__01000100__s0006.wav,0.3001570999622345,0.2981269657611847,0.23549696803092957,0.21734893321990967,0.5139914155006409,0.7243366241455078,0.09602226316928864,0.44938573241233826
prs_bridge_pick19__01000100__s0040.wav,0.9254989624023438,0.7881278991699219,0.18217569589614868,0.33956483006477356,0.26459014415740967,0.1746256798505783,0.7055014371871948,0.42423540353775024
prs_neck_pick18__01000100__s0029.wav,0.8330658674240112,0.7905767560005188,0.8436248898506165,0.7202332019805908,0.3715208172798157,0.37630075216293335,0.9036096334457397,0.8971030712127686
strat_bridge_pick11__01000100__s0035.wav,0.5925150513648987,0.6214262247085571,0.977009117603302,0.33438917994499207,0.48445674777030945,0.49538740515708923,0.9504431486129761,0.943988561630249
prs_neck_pick01__01000100__s0014.wav,0.07103591412305832,0.17908130586147308,0.6318273544311523,0.26096171140670776,0.9093379974365234,0.8106118440628052,0.49090445041656494,0.36648350954055786
tele_bridge_fing06__01000100__s0053.wav,0.6092537045478821,0.6551975011825562,0.4756922721862793,0.4840129315853119,0.42739686369895935,0.3421482741832733,0.7822551131248474,0.7197773456573486
les_bridge_fing06__01000100__s0013.wav,0.5166907906532288,0.7897098064422607,0.8344612717628479,0.7112290859222412,0.35887712240219116,0.3973213732242584,0.3694177567958832,0.5492008328437805
tele_neck_pick25__01000100__s0054.wav,0.11310920864343643,0.4108804762363434,0.47286704182624817,0.2371571809053421,0.15479229390621185,0.07292816787958145,0.8877437710762024,0.9264042377471924
les_neck_fing15__01000100__s0050.wav,0.08102300018072128,0.06669396162033081,0.7587655186653137,0.25670507550239563,0.4113304316997528,0.58651202917099,0.598048985004425,0.6605997681617737
tele_neck_pick10__01000100__s0038.wav,0.8835551142692566,0.9264118075370789,0.5158929824829102,0.30419397354125977,0.41119909286499023,0.43956097960472107,0.31906259059906006,0.23418118059635162
tele_bridge_fing18__01000100__s0040.wav,0.8638752698898315,0.760733425617218,0.46885061264038086,0.44545459747314453,0.8885354399681091,0.8618953227996826,0.962865948677063,0.9713454842567444
strat_bridge_fing04__01000100__s0049.wav,0.4968165159225464,0.6239680647850037,0.594449520111084,0.7125095129013062,0.15922334790229797,0.2545889616012573,0.4338928163051605,0.5446021556854248
tele_neck_fing16__01000100__s0029.wav,0.6798232793807983,0.8244993090629578,0.8808124661445618,0.676896333694458,0.981914758682251,0.8138673305511475,0.4613533020019531,0.33318042755126953
strat_bridge_fing16__01000100__s0028.wav,0.154343843460083,0.35973459482192993,0.8982906341552734,0.5174456834793091,0.9925833344459534,0.8676018714904785,0.583097517490387,0.5544856190681458
les_neck_pick10__01000100__s0020.wav,0.9236794710159302,0.8334081172943115,0.7790170311927795,0.9576436877250671,0.7646158337593079,0.6425265669822693,0.4989582896232605,0.41634196043014526
les_neck_fing05__01000100__s0053.wav,0.8852887153625488,0.8002161979675293,0.3760616183280945,0.2873743176460266,0.2610398232936859,0.23473456501960754,0.389918714761734,0.44428935647010803
les_neck_fing07__01000100__s0053.wav,0.8828113675117493,0.7694557309150696,0.7595789432525635,0.7691588401794434,0.69411301612854,0.8043155074119568,0.8768643140792847,0.8195182085037231
prs_bridge_pick19__01000100__s0021.wav,0.5730335116386414,0.3950514495372772,0.02895769104361534,0.1550934612751007,0.01280950102955103,0.08510945737361908,0.4817558228969574,0.447746604681015
les_bridge_pick24__01000100__s0040.wav,0.4400680363178253,0.38338083028793335,0.7339979410171509,0.7804524302482605,0.962133526802063,0.9261937737464905,0.6519836783409119,0.42907533049583435
strat_bridge_pick21__01000100__s0046.wav,0.5364900231361389,0.5188732147216797,0.9785928726196289,0.9106904864311218,0.44255033135414124,0.30547159910202026,0.0844644084572792,0.2377299666404724
tele_neck_pick22__01000100__s0034.wav,0.309722363948822,0.5472115874290466,0.969495952129364,0.3991847038269043,0.1726924479007721,0.3643180727958679,0.10155937075614929,0.09815218299627304
tele_neck_fing10__01000100__s0008.wav,0.6197128891944885,0.6341106295585632,0.5932180881500244,0.5449478626251221,0.0737718939781189,0.21493947505950928,0.302747905254364,0.37550705671310425
les_neck_pick15__01000100__s0054.wav,0.47206979990005493,0.7884423732757568,0.4383894205093384,0.39611268043518066,0.2601897120475769,0.22781981527805328,0.3572692275047302,0.39875465631484985
prs_bridge_fing15__01000100__s0023.wav,0.6857162714004517,0.8356136083602905,0.757297933101654,0.7646775841712952,0.29613548517227173,0.43807587027549744,0.1195879578590393,0.32861608266830444
strat_bridge_pick11__01000100__s0028.wav,0.5996508002281189,0.6573826670646667,0.5100778937339783,0.6689132452011108,0.19259510934352875,0.14222459495067596,0.9746524095535278,0.9433194398880005
les_bridge_pick11__01000100__s0034.wav,0.04715723544359207,0.22804515063762665,0.8411778807640076,0.42610597610473633,0.7012150883674622,0.5768834948539734,0.3108989894390106,0.1859084665775299
les_neck_pick06__01000100__s0009.wav,0.3535374402999878,0.32467642426490784,0.29884469509124756,0.5329663157463074,0.2878619432449341,0.3167146146297455,0.3840694725513458,0.44412538409233093
strat_neck_fing22__01000100__s0015.wav,0.022877026349306107,0.49536290764808655,0.5240027904510498,0.24365316331386566,0.5517659783363342,0.6214231848716736,0.03705022484064102,0.19717350602149963
les_bridge_fing12__01000100__s0005.wav,0.8207115530967712,0.9247291088104248,0.7330197691917419,0.791013777256012,0.3505176901817322,0.3564586937427521,0.9605815410614014,0.8803153038024902
tele_bridge_pick08__01000100__s0053.wav,0.5949210524559021,0.657113254070282,0.30557310581207275,0.3427080810070038,0.005930331069976091,0.10907892137765884,0.5107174515724182,0.47167590260505676
prs_bridge_pick15__01000100__s0027.wav,0.9000831246376038,0.9095228910446167,0.8067734241485596,0.8314945101737976,0.2531658113002777,0.22244472801685333,0.1259625405073166,0.15684723854064941
tele_bridge_fing14__01000100__s0012.wav,0.7088083028793335,0.72157222032547,0.397169828414917,0.2651519179344177,0.3893478512763977,0.48916250467300415,0.5117177367210388,0.4095097780227661
les_neck_fing22__01000100__s0039.wav,0.6416380405426025,0.6820820569992065,0.9798460602760315,0.8577725291252136,0.2580954134464264,0.5499272346496582,0.3051924407482147,0.42494094371795654
prs_neck_pick14__01000100__s0052.wav,0.03279556706547737,0.29762253165245056,0.8168657422065735,0.5634604096412659,0.6244634985923767,0.7376990914344788,0.49291378259658813,0.44514352083206177
prs_bridge_fing23__01000100__s0004.wav,0.8825064897537231,0.7740193605422974,0.1398128867149353,0.7758472561836243,0.3709582984447479,0.3452194631099701,0.6311022639274597,0.43733325600624084
tele_bridge_fing19__01000100__s0006.wav,0.9248250126838684,0.5906179547309875,0.3316335380077362,0.360624760389328,0.5513433814048767,0.5065460205078125,0.699469804763794,0.5269061326980591
tele_neck_pick18__01000100__s0032.wav,0.8846190571784973,0.9096030592918396,0.55621737241745,0.5287409424781799,0.3986971974372864,0.48634326457977295,0.2724239230155945,0.3674960136413574
strat_bridge_pick03__01000100__s0033.wav,0.22985662519931793,0.6854313611984253,0.5596506595611572,0.31958720088005066,0.9788240194320679,0.7848244905471802,0.3988285958766937,0.4531327486038208
strat_bridge_fing06__01000100__s0029.wav,0.41195905208587646,0.50358647108078,0.7782145142555237,0.6301684975624084,0.16754503548145294,0.14872713387012482,0.43375974893569946,0.4882778227329254
prs_bridge_pick09__01000100__s0010.wav,0.9636815190315247,0.7843298316001892,0.8350949883460999,0.8111127018928528,0.10441067069768906,0.026874009519815445,0.5216864943504333,0.5126641988754272
prs_bridge_pick09__01000100__s0018.wav,0.854645848274231,0.5614118576049805,0.33110859990119934,0.7387312054634094,0.16518378257751465,0.2407257854938507,0.7361956834793091,0.6413500905036926
les_neck_pick17__01000100__s0043.wav,0.7497259974479675,0.47598451375961304,0.030252709984779358,0.5058361887931824,0.36262044310569763,0.32254552841186523,0.9834184646606445,0.9588980674743652
tele_neck_fing03__01000100__s0005.wav,0.2620563209056854,0.36377230286598206,0.7848889231681824,0.6176650524139404,0.12215816974639893,0.5654376149177551,0.24071118235588074,0.3824412226676941
prs_bridge_pick16__01000100__s0037.wav,0.9289805889129639,0.47156015038490295,0.2785995900630951,0.5042993426322937,0.1204952597618103,0.14030618965625763,0.5608528256416321,0.776627242565155
strat_neck_pick06__01000100__s0029.wav,0.7218638062477112,0.7223315238952637,0.8150347471237183,0.8554878234863281,0.8611924648284912,0.6871300935745239,0.15101386606693268,0.13918575644493103
strat_neck_fing13__01000100__s0048.wav,0.08828585594892502,0.32810869812965393,0.8756222724914551,0.15524816513061523,0.15259671211242676,0.14980825781822205,0.1076369434595108,0.6259633898735046
prs_bridge_fing24__01000100__s0003.wav,0.872207522392273,0.9317061305046082,0.9856594204902649,0.9668407440185547,0.9722217321395874,0.9158084988594055,0.8385900259017944,0.5888403058052063
strat_bridge_fing18__01000100__s0024.wav,0.9639639258384705,0.9514920711517334,0.9700736999511719,0.8376303315162659,0.22444605827331543,0.08300557732582092,0.9012505412101746,0.7788724303245544
prs_neck_fing04__01000100__s0044.wav,0.8395833373069763,0.5946012139320374,0.27413657307624817,0.637761652469635,0.588047981262207,0.6818696856498718,0.3448745608329773,0.1610865592956543
prs_bridge_pick12__01000100__s0011.wav,0.4313548505306244,0.5742651224136353,0.6136574745178223,0.2820286452770233,0.5523058176040649,0.6522292494773865,0.4054502844810486,0.5544884204864502
les_neck_fing03__01000100__s0023.wav,0.3478982448577881,0.680757999420166,0.8656600117683411,0.6345718502998352,0.706942617893219,0.5574186444282532,0.07874379307031631,0.15330559015274048
strat_bridge_fing07__01000100__s0001.wav,0.020454687997698784,0.0949607715010643,0.7918044924736023,0.13801556825637817,0.2076404094696045,0.14626586437225342,0.14654672145843506,0.1698514074087143
les_neck_pick12__01000100__s0034.wav,0.2010977864265442,0.32326364517211914,0.5695744156837463,0.25422656536102295,0.8603212833404541,0.8747712969779968,0.34770965576171875,0.3210006654262543
les_neck_pick01__01000100__s0003.wav,0.4013742506504059,0.46640917658805847,0.16371047496795654,0.36144694685935974,0.12477314472198486,0.8331847786903381,0.19141705334186554,0.1180965006351471
les_neck_fing21__01000100__s0028.wav,0.5423973798751831,0.5505380034446716,0.1290929913520813,0.5360351204872131,0.9909878969192505,0.640434741973877,0.1877165138721466,0.16161371767520905
les_bridge_pick15__01000100__s0023.wav,0.7038893699645996,0.7333216667175293,0.651809573173523,0.5809478759765625,0.71144700050354,0.491161048412323,0.09511072188615799,0.24618609249591827
tele_bridge_pick05__01000100__s0002.wav,0.026253800839185715,0.2093104124069214,0.8718127012252808,0.33980295062065125,0.09217755496501923,0.339951753616333,0.36754587292671204,0.2784424126148224
les_bridge_fing14__01000100__s0008.wav,0.7906394004821777,0.38946232199668884,0.5539228320121765,0.4703701138496399,0.37141236662864685,0.4538496434688568,0.4303588271141052,0.6025892496109009
prs_bridge_fing01__01000100__s0047.wav,0.9170066118240356,0.8340891599655151,0.5690333247184753,0.6423234343528748,0.5140333771705627,0.39217954874038696,0.22185564041137695,0.1933266818523407
les_neck_fing17__01000100__s0032.wav,0.21605277061462402,0.224949911236763,0.2490222007036209,0.2822977602481842,0.5112058520317078,0.5141175985336304,0.7194000482559204,0.6882908940315247
strat_bridge_fing19__01000100__s0015.wav,0.6587548851966858,0.7152050137519836,0.3484457731246948,0.6720340251922607,0.7242932319641113,0.846147894859314,0.3069324195384979,0.4252908229827881
les_bridge_fing09__01000100__s0002.wav,0.13905368745326996,0.12397968024015427,0.2074555605649948,0.5231413841247559,0.7553481459617615,0.6842027306556702,0.9907668828964233,0.9153704643249512
strat_bridge_pick21__01000100__s0006.wav,0.5389213562011719,0.655619204044342,0.5846633315086365,0.6584035754203796,0.3996707499027252,0.5283417105674744,0.47908681631088257,0.4356139600276947
les_bridge_pick12__01000100__s0050.wav,0.8491196632385254,0.7121272087097168,0.4905112385749817,0.5201497673988342,0.7276461720466614,0.7934716939926147,0.02847091667354107,0.3165765106678009
strat_neck_pick09__01000100__s0046.wav,0.7244678139686584,0.8213651180267334,0.1022695004940033,0.43940672278404236,0.4872066378593445,0.48648008704185486,0.7812792062759399,0.785470187664032
les_bridge_fing20__01000100__s0007.wav,0.22265192866325378,0.25769689679145813,0.6108996868133545,0.5742238163948059,0.560082197189331,0.2214304655790329,0.07608310133218765,0.04396170750260353
strat_neck_pick19__01000100__s0042.wav,0.22524185478687286,0.1428905725479126,0.007225350942462683,0.25403422117233276,0.16290907561779022,0.6312574148178101,0.07141456753015518,0.12823547422885895
tele_neck_fing14__01000100__s0037.wav,0.6781636476516724,0.7603968977928162,0.9512035846710205,0.2613205909729004,0.9965690970420837,0.3671581447124481,0.08755464106798172,0.14710725843906403
prs_bridge_fing06__01000100__s0008.wav,0.8568324446678162,0.6391587853431702,0.2814561426639557,0.4112650454044342,0.683752179145813,0.5570670366287231,0.43310102820396423,0.42628714442253113
prs_neck_pick17__01000100__s0037.wav,0.6511445641517639,0.7985749244689941,0.0934290662407875,0.16838878393173218,0.22624565660953522,0.2047221064567566,0.8543373942375183,0.919391393661499
prs_bridge_pick16__01000100__s0046.wav,0.3113211691379547,0.45558351278305054,0.07788608968257904,0.3026086986064911,0.02426082082092762,0.27582547068595886,0.4858008623123169,0.3223213255405426
strat_bridge_fing21__01000100__s0046.wav,0.5883468985557556,0.6756025552749634,0.16327397525310516,0.5950620770454407,0.8694574236869812,0.8599907755851746,0.4755924940109253,0.44346243143081665
prs_bridge_pick21__01000100__s0045.wav,0.00467739487066865,0.13936756551265717,0.9276101589202881,0.3504573106765747,0.3054380714893341,0.4119190573692322,0.5409889817237854,0.5947664380073547
les_bridge_fing23__01000100__s0005.wav,0.46267691254615784,0.5300639271736145,0.2173575758934021,0.4209984838962555,0.6088012456893921,0.5860522985458374,0.4265348017215729,0.6301597356796265
les_neck_pick23__01000100__s0041.wav,0.04807941988110542,0.13473451137542725,0.24905148148536682,0.20062153041362762,0.45692163705825806,0.45333537459373474,0.02040562778711319,0.04910636693239212
strat_neck_pick25__01000100__s0013.wav,0.9399327635765076,0.856705904006958,0.9297803640365601,0.696179211139679,0.2960754334926605,0.22244766354560852,0.7766080498695374,0.7780298590660095
prs_neck_fing10__01000100__s0035.wav,0.8918906450271606,0.6177904605865479,0.5203529596328735,0.5784451365470886,0.06899283826351166,0.21579527854919434,0.6852118372917175,0.2837054133415222
prs_neck_pick12__01000100__s0012.wav,0.11359769850969315,0.1898186206817627,0.04320268705487251,0.32556065917015076,0.7707118391990662,0.6338563561439514,0.4385000467300415,0.20646172761917114
strat_bridge_pick15__01000100__s0001.wav,0.5290457606315613,0.3726862967014313,0.26465123891830444,0.2492692470550537,0.9102824926376343,0.43683063983917236,0.07301981002092361,0.06681670993566513
les_bridge_fing01__01000100__s0041.wav,0.2793295383453369,0.41017231345176697,0.9253330230712891,0.8175044655799866,0.9922044277191162,0.9124181270599365,0.6239262819290161,0.7177075743675232
strat_neck_pick20__01000100__s0006.wav,0.5162855982780457,0.5278477668762207,0.48812136054039,0.6161403059959412,0.9501006007194519,0.9379451274871826,0.6250478625297546,0.5202081799507141
strat_bridge_pick17__01000100__s0039.wav,0.40222710371017456,0.10444454848766327,0.029934938997030258,0.4576716125011444,0.12059158086776733,0.44938063621520996,0.07711441814899445,0.24584287405014038
tele_neck_fing13__01000100__s0015.wav,0.7516044974327087,0.6444289088249207,0.3899710476398468,0.4214111864566803,0.6850953698158264,0.5403416156768799,0.13912998139858246,0.14466756582260132
les_bridge_pick22__01000100__s0002.wav,0.517792284488678,0.435534805059433,0.667207658290863,0.2805030345916748,0.5363296270370483,0.6491591930389404,0.40256574749946594,0.3965487480163574
prs_neck_pick12__01000100__s0029.wav,0.39935392141342163,0.2817610800266266,0.49733656644821167,0.4820249080657959,0.3532291054725647,0.3363686501979828,0.21883980929851532,0.2954018712043762
strat_neck_pick19__01000100__s0012.wav,0.6130525469779968,0.6515217423439026,0.41305190324783325,0.27755776047706604,0.13312159478664398,0.29708415269851685,0.592167854309082,0.4496009647846222
les_neck_fing13__01000100__s0002.wav,0.6019715666770935,0.41147303581237793,0.1275528371334076,0.457701712846756,0.7119206190109253,0.4702704846858978,0.030077660456299782,0.2320011854171753
tele_bridge_pick08__01000100__s0004.wav,0.5783472657203674,0.397736132144928,0.3454640805721283,0.381960391998291,0.4301007091999054,0.3663877844810486,0.6801753640174866,0.6038399338722229
les_bridge_fing21__01000100__s0003.wav,0.4334796071052551,0.5652481317520142,0.4852364957332611,0.48668748140335083,0.34850236773490906,0.45304688811302185,0.17590203881263733,0.20747792720794678
strat_bridge_pick19__01000100__s0009.wav,0.7550527453422546,0.6875990033149719,0.38028424978256226,0.6672285199165344,0.5608469843864441,0.5428774356842041,0.03019072860479355,0.2679092288017273
les_neck_pick04__01000100__s0049.wav,0.8144046664237976,0.8525597453117371,0.8482991456985474,0.7161141633987427,0.5093505382537842,0.5046054720878601,0.0640893206000328,0.3659972846508026
les_bridge_pick15__01000100__s0039.wav,0.7634860277175903,0.7311220765113831,0.38079550862312317,0.4384150803089142,0.8538159132003784,0.4800911843776703,0.040490683168172836,0.07588028162717819
tele_neck_fing02__01000100__s0004.wav,0.9285356998443604,0.6115882992744446,0.7560549974441528,0.7378669381141663,0.3624539077281952,0.48381155729293823,0.34131625294685364,0.20604410767555237
prs_bridge_fing04__01000100__s0032.wav,0.7210195660591125,0.5365340709686279,0.005491652991622686,0.3082517087459564,0.45598071813583374,0.5309364199638367,0.6694868206977844,0.7345773577690125
les_bridge_pick22__01000100__s0009.wav,0.6457327008247375,0.3417961299419403,0.005425384268164635,0.19285555183887482,0.5575212240219116,0.5419210195541382,0.9587822556495667,0.9103226661682129
strat_bridge_pick09__01000100__s0032.wav,0.26987552642822266,0.32141944766044617,0.4165889024734497,0.23267509043216705,0.41545531153678894,0.3090440034866333,0.8664953112602234,0.813930869102478
tele_neck_fing15__01000100__s0044.wav,0.4899285137653351,0.38005173206329346,0.6298679709434509,0.4321722090244293,0.16324090957641602,0.18067197501659393,0.9249637722969055,0.8135020136833191
tele_neck_fing04__01000100__s0026.wav,0.8517087697982788,0.8638050556182861,0.7419479489326477,0.8951151371002197,0.31151729822158813,0.32552435994148254,0.3291272819042206,0.30547183752059937
tele_bridge_pick01__01000100__s0031.wav,0.3096316158771515,0.5799115896224976,0.9582276940345764,0.29121294617652893,0.21385596692562103,0.26650506258010864,0.3749948740005493,0.3676969110965729
tele_neck_pick02__01000100__s0041.wav,0.46281400322914124,0.6770521402359009,0.11907229572534561,0.4053320586681366,0.24359539151191711,0.3560749888420105,0.14582884311676025,0.34010207653045654
tele_bridge_fing24__01000100__s0048.wav,0.3356911540031433,0.43932539224624634,0.8072810769081116,0.7531496286392212,0.4562520384788513,0.502527117729187,0.3792455792427063,0.4472684860229492
prs_neck_fing07__01000100__s0037.wav,0.26368197798728943,0.3700408339500427,0.9156477451324463,0.41376957297325134,0.9853003621101379,0.9218537211418152,0.7401158213615417,0.7987562417984009
prs_bridge_pick08__01000100__s0053.wav,0.009973381645977497,0.1652146577835083,0.256966233253479,0.5428375005722046,0.3632907569408417,0.5085653066635132,0.6400214433670044,0.644629716873169
les_bridge_fing02__01000100__s0034.wav,0.004575417377054691,0.17286954820156097,0.7561416625976562,0.5187053084373474,0.21545758843421936,0.35357218980789185,0.8231818675994873,0.6860739588737488
prs_bridge_pick11__01000100__s0011.wav,0.6918375492095947,0.5034297704696655,0.3083448112010956,0.7112000584602356,0.41494104266166687,0.4784994423389435,0.9352823495864868,0.9006916880607605
tele_bridge_pick18__01000100__s0027.wav,0.8516100645065308,0.77306067943573,0.7146278023719788,0.6493147611618042,0.7339778542518616,0.859889566898346,0.6961360573768616,0.6230818629264832
strat_neck_pick11__01000100__s0024.wav,0.8657684922218323,0.8493135571479797,0.8900803923606873,0.9021137952804565,0.18704332411289215,0.2300175130367279,0.9246475696563721,0.7486762404441833
tele_neck_pick13__01000100__s0036.wav,0.06348252296447754,0.1524638682603836,0.4229356348514557,0.2613382637500763,0.3401549458503723,0.3435281813144684,0.07017730921506882,0.09648232161998749
prs_bridge_fing03__01000100__s0031.wav,0.8611335754394531,0.8128871321678162,0.29046592116355896,0.5179772973060608,0.5641617774963379,0.5175742506980896,0.8131945729255676,0.7723821401596069
strat_bridge_fing08__01000100__s0011.wav,0.3961375057697296,0.737565279006958,0.4205094277858734,0.5822973251342773,0.20468352735042572,0.47263646125793457,0.5966836810112,0.5117252469062805
strat_neck_fing22__01000100__s0049.wav,0.89594566822052,0.8232799768447876,0.36652040481567383,0.3413103222846985,0.10869300365447998,0.1228080615401268,0.2957919239997864,0.4173356294631958
les_neck_pick10__01000100__s0039.wav,0.023043619468808174,0.18969960510730743,0.48340025544166565,0.5736445784568787,0.6514279842376709,0.7508870959281921,0.5982751846313477,0.7566573023796082
les_bridge_fing13__01000100__s0033.wav,0.7212750315666199,0.7525975704193115,0.8532660603523254,0.7496658563613892,0.534415066242218,0.5130778551101685,0.4809107780456543,0.43464210629463196
strat_neck_fing06__01000100__s0048.wav,0.8093798756599426,0.5891305804252625,0.16400018334388733,0.3132343888282776,0.19978149235248566,0.4590815603733063,0.5969679355621338,0.3639994263648987
prs_bridge_pick22__01000100__s0017.wav,0.05154293030500412,0.25284039974212646,0.876828670501709,0.2836766541004181,0.46803414821624756,0.6987608075141907,0.894497275352478,0.8667370676994324
tele_bridge_fing19__01000100__s0049.wav,0.9779278635978699,0.41626206040382385,0.03304702416062355,0.5432005524635315,0.24853676557540894,0.30063971877098083,0.796516478061676,0.45382723212242126
prs_neck_pick12__01000100__s0018.wav,0.9036381840705872,0.6590518355369568,0.14637181162834167,0.5643122792243958,0.2687384784221649,0.39839014410972595,0.4498356878757477,0.41833585500717163
tele_neck_pick14__01000100__s0029.wav,0.47183477878570557,0.5627056360244751,0.1445913016796112,0.31515809893608093,0.7232813239097595,0.8255255222320557,0.43361109495162964,0.2332889288663864
les_neck_fing03__01000100__s0046.wav,0.801097571849823,0.6987068057060242,0.3920462429523468,0.7738149166107178,0.7104929089546204,0.6084172129631042,0.14500252902507782,0.1562681645154953
tele_bridge_pick13__01000100__s0014.wav,0.2864525020122528,0.49339061975479126,0.8141130208969116,0.20639358460903168,0.6824023127555847,0.6034353971481323,0.731192409992218,0.8244554996490479
strat_bridge_fing07__01000100__s0051.wav,0.6328178644180298,0.21802935004234314,0.006822375115007162,0.2587982714176178,0.40207988023757935,0.7549010515213013,0.6118625402450562,0.7542198300361633
les_neck_fing09__01000100__s0000.wav,0.7615505456924438,0.649064838886261,0.4170720875263214,0.6632208228111267,0.6581467390060425,0.6604264974594116,0.7616550922393799,0.744780957698822
prs_bridge_pick17__01000100__s0026.wav,0.05752995237708092,0.06202367693185806,0.25716888904571533,0.3538963794708252,0.4007226526737213,0.603895366191864,0.12096601724624634,0.08534517139196396
prs_neck_pick04__01000100__s0014.wav,0.4718336760997772,0.3439757227897644,0.059335749596357346,0.4677971601486206,0.6958307027816772,0.5470932722091675,0.31558409333229065,0.3997833728790283
tele_neck_fing19__01000100__s0045.wav,0.6924981474876404,0.8178686499595642,0.2983262836933136,0.3112811744213104,0.44288694858551025,0.4651114046573639,0.7722814679145813,0.7909365892410278
les_bridge_fing20__01000100__s0022.wav,0.25075000524520874,0.24030563235282898,0.20283488929271698,0.46249791979789734,0.873811662197113,0.6264418959617615,0.18666653335094452,0.27670878171920776
prs_bridge_fing21__01000100__s0015.wav,0.4627068340778351,0.7157928347587585,0.9133061766624451,0.6013091802597046,0.25721630454063416,0.06883545964956284,0.42200836539268494,0.45957663655281067
strat_neck_fing10__01000100__s0009.wav,0.6107410788536072,0.6642828583717346,0.9755585193634033,0.6740293502807617,0.6599637866020203,0.805081307888031,0.05421695113182068,0.3291332423686981
les_neck_fing25__01000100__s0022.wav,0.16651786863803864,0.4765390455722809,0.854771614074707,0.3699648380279541,0.20825538039207458,0.22070322930812836,0.5390341877937317,0.6999657154083252
les_bridge_pick11__01000100__s0042.wav,0.9456341862678528,0.87589430809021,0.4488314986228943,0.5881906747817993,0.2836396098136902,0.2823871672153473,0.4077410399913788,0.3262348473072052
tele_neck_pick23__01000100__s0001.wav,0.2939925789833069,0.3880058526992798,0.5016932487487793,0.2435542345046997,0.8238993883132935,0.8371580839157104,0.6296942830085754,0.6261622905731201
tele_neck_fing23__01000100__s0042.wav,0.15640324354171753,0.17684152722358704,0.6238444447517395,0.4604482352733612,0.7175804972648621,0.6757461428642273,0.7262817025184631,0.5445231199264526
tele_neck_pick04__01000100__s0037.wav,0.4981379210948944,0.7234174609184265,0.2666095495223999,0.24336910247802734,0.7463805675506592,0.2363222986459732,0.2796482741832733,0.4069538414478302
strat_neck_fing02__01000100__s0011.wav,0.6726275682449341,0.885739803314209,0.9500426650047302,0.6102723479270935,0.2684120535850525,0.3600234389305115,0.38703471422195435,0.3972415626049042
strat_bridge_fing03__01000100__s0008.wav,0.0798797458410263,0.2907921373844147,0.6205525994300842,0.2475169599056244,0.6700650453567505,0.7347937226295471,0.6946597099304199,0.4098759591579437
strat_bridge_pick19__01000100__s0020.wav,0.11150193959474564,0.3116821050643921,0.7006525993347168,0.2692984938621521,0.7464062571525574,0.7641061544418335,0.4211851954460144,0.4553917944431305
les_neck_pick14__01000100__s0021.wav,0.9589418172836304,0.962588369846344,0.8419597744941711,0.900634229183197,0.8955184817314148,0.6722755432128906,0.5669652223587036,0.41446471214294434
tele_bridge_fing16__01000100__s0039.wav,0.5008482933044434,0.6164968013763428,0.8383604884147644,0.6766135096549988,0.22536282241344452,0.20759063959121704,0.6975874900817871,0.9231463670730591
prs_neck_fing09__01000100__s0009.wav,0.22545607388019562,0.30113935470581055,0.5570088624954224,0.5443023443222046,0.35568198561668396,0.4425284266471863,0.6412825584411621,0.44542571902275085
les_neck_pick10__01000100__s0036.wav,0.8643592000007629,0.9100766777992249,0.9214715361595154,0.6968209743499756,0.9286982417106628,0.8612014055252075,0.721755862236023,0.7088810801506042
strat_bridge_pick04__01000100__s0036.wav,0.7616495490074158,0.7197229266166687,0.7191674113273621,0.6308460235595703,0.052619658410549164,0.18064963817596436,0.5463380813598633,0.48505324125289917
strat_bridge_fing23__01000100__s0009.wav,0.19452902674674988,0.36221376061439514,0.6662604212760925,0.2251897007226944,0.422280490398407,0.7787580490112305,0.8062248229980469,0.4609186053276062
tele_neck_pick11__01000100__s0019.wav,0.32602885365486145,0.2763000428676605,0.05642225965857506,0.19330771267414093,0.816557765007019,0.9433304667472839,0.4215145707130432,0.713057816028595
strat_bridge_fing17__01000100__s0050.wav,0.05636556074023247,0.17186270654201508,0.7020717263221741,0.23787957429885864,0.42316934466362,0.40299707651138306,0.0027865665033459663,0.32566770911216736
les_neck_pick19__01000100__s0046.wav,0.03251050412654877,0.06909113377332687,0.6898182034492493,0.39674440026283264,0.6661240458488464,0.6598448157310486,0.08690372109413147,0.14620345830917358
tele_bridge_pick04__01000100__s0055.wav,0.6776739358901978,0.8014201521873474,0.8904672861099243,0.4717138409614563,0.3241206109523773,0.5582087635993958,0.5354959964752197,0.18366701900959015
les_bridge_pick09__01000100__s0018.wav,0.1416652947664261,0.1165243461728096,0.3337481915950775,0.35901641845703125,0.43669289350509644,0.34388548135757446,0.7939620614051819,0.8421182036399841
strat_bridge_fing23__01000100__s0043.wav,0.34028685092926025,0.28469446301460266,0.6179402470588684,0.5867178440093994,0.06188741326332092,0.42343342304229736,0.6995773315429688,0.14061737060546875
tele_neck_pick11__01000100__s0006.wav,0.755233108997345,0.7683421969413757,0.164073184132576,0.34844157099723816,0.20461153984069824,0.44808676838874817,0.059616390615701675,0.27322208881378174
prs_neck_fing25__01000100__s0052.wav,0.27342459559440613,0.11841875314712524,0.2666413187980652,0.4660990834236145,0.544268786907196,0.38805729150772095,0.3297192454338074,0.1239478662610054
les_neck_fing11__01000100__s0045.wav,0.10997918993234634,0.3225858807563782,0.6510826945304871,0.35435715317726135,0.6809806227684021,0.6246099472045898,0.8038635849952698,0.3467550277709961
prs_neck_fing04__01000100__s0035.wav,0.9459397792816162,0.9591377377510071,0.5996895432472229,0.6234992146492004,0.44157925248146057,0.4269450008869171,0.22362783551216125,0.1695212423801422
prs_neck_pick19__01000100__s0047.wav,0.8654492497444153,0.8833684325218201,0.22972416877746582,0.25236421823501587,0.14538919925689697,0.4452378451824188,0.2937879264354706,0.27441737055778503
les_bridge_fing15__01000100__s0052.wav,0.4894203841686249,0.5655624270439148,0.1667666882276535,0.4986020624637604,0.5711014270782471,0.45893678069114685,0.16432784497737885,0.5821249485015869
tele_neck_pick18__01000100__s0026.wav,0.16491957008838654,0.5841547250747681,0.2592279016971588,0.4303778409957886,0.44677257537841797,0.8541327118873596,0.14954404532909393,0.2284989058971405
tele_bridge_pick05__01000100__s0045.wav,0.2811940312385559,0.5097446441650391,0.42284804582595825,0.18858124315738678,0.6582505106925964,0.5763668417930603,0.3426610231399536,0.35893338918685913
prs_bridge_fing06__01000100__s0041.wav,0.2658413052558899,0.5116510391235352,0.9292269349098206,0.29600510001182556,0.18340402841567993,0.15268883109092712,0.3974948823451996,0.5678675174713135
prs_bridge_pick22__01000100__s0044.wav,0.24528563022613525,0.37845733761787415,0.08804997056722641,0.1421225219964981,0.29012829065322876,0.7440809011459351,0.019225161522626877,0.04835241287946701
prs_bridge_pick20__01000100__s0053.wav,0.367729514837265,0.5919886231422424,0.9353154301643372,0.8461109399795532,0.6318287253379822,0.6760270595550537,0.7033931016921997,0.6497473120689392
prs_bridge_fing20__01000100__s0021.wav,0.9090628623962402,0.9560748934745789,0.8154454231262207,0.9081752896308899,0.5102732181549072,0.5229960680007935,0.5993218421936035,0.5858498215675354
tele_bridge_pick19__01000100__s0023.wav,0.8036336302757263,0.5687786340713501,0.14375025033950806,0.3152066171169281,0.09683962166309357,0.11318803578615189,0.5010113716125488,0.4067675769329071
prs_bridge_fing17__01000100__s0036.wav,0.6009653210639954,0.7870519161224365,0.47985079884529114,0.2941952049732208,0.3486129343509674,0.20855660736560822,0.08483529835939407,0.14959034323692322
prs_neck_pick22__01000100__s0045.wav,0.007169766817241907,0.20961026847362518,0.20273004472255707,0.383299857378006,0.1586856245994568,0.33948996663093567,0.05353666469454765,0.20052294433116913
les_neck_pick12__01000100__s0016.wav,0.15735392272472382,0.47493791580200195,0.5072050094604492,0.3169957101345062,0.9435333609580994,0.5109668970108032,0.361312597990036,0.5894457101821899
tele_bridge_pick12__01000100__s0037.wav,0.5763643980026245,0.810589611530304,0.9214891791343689,0.6358898282051086,0.34511271119117737,0.5785230994224548,0.14055120944976807,0.22946707904338837
strat_bridge_fing12__01000100__s0038.wav,0.16886970400810242,0.23295362293720245,0.18875530362129211,0.1561897099018097,0.3655259907245636,0.4498998820781708,0.5758675932884216,0.2956748306751251
strat_bridge_fing09__01000100__s0029.wav,0.7421245574951172,0.8954616785049438,0.5160924792289734,0.332315057516098,0.27243393659591675,0.28509238362312317,0.4062909483909607,0.3872181177139282
les_neck_fing13__01000100__s0009.wav,0.05158132314682007,0.23228801786899567,0.2656077444553375,0.14898362755775452,0.5738111734390259,0.5425546169281006,0.5611208081245422,0.21672944724559784
tele_neck_fing02__01000100__s0017.wav,0.03706789016723633,0.37726008892059326,0.3409903943538666,0.14988376200199127,0.9666082262992859,0.5914464592933655,0.6238645315170288,0.3795459270477295
les_bridge_fing25__01000100__s0013.wav,0.2612466812133789,0.24244144558906555,0.3928355872631073,0.5394816398620605,0.1796669363975525,0.35366207361221313,0.26077187061309814,0.5943159461021423
strat_neck_pick25__01000100__s0049.wav,0.23235471546649933,0.4833400845527649,0.6347309350967407,0.33554157614707947,0.13897238671779633,0.25457099080085754,0.29636892676353455,0.3447127938270569
tele_neck_fing21__01000100__s0031.wav,0.5624827742576599,0.8720061779022217,0.7538995742797852,0.6023284196853638,0.9121061563491821,0.8637486696243286,0.5775408148765564,0.26318955421447754
tele_bridge_pick07__01000100__s0027.wav,0.5569360852241516,0.5799985527992249,0.8220660090446472,0.8087458610534668,0.32751113176345825,0.6351588368415833,0.08411981910467148,0.3248869478702545
les_neck_fing10__01000100__s0050.wav,0.3519894480705261,0.36681312322616577,0.4159902334213257,0.615405797958374,0.5998499393463135,0.5136646628379822,0.6895045042037964,0.7384347319602966
tele_bridge_fing24__01000100__s0012.wav,0.6842444539070129,0.7066325545310974,0.8221538662910461,0.7198048830032349,0.37689974904060364,0.3257697820663452,0.3345215618610382,0.4000606834888458
les_bridge_fing24__01000100__s0033.wav,0.21722353994846344,0.4290449023246765,0.41145023703575134,0.339871346950531,0.2278587520122528,0.3182249069213867,0.5372461080551147,0.5540944337844849
prs_neck_fing23__01000100__s0049.wav,0.6884227395057678,0.5131407380104065,0.05503297969698906,0.9154962301254272,0.7117725014686584,0.7283106446266174,0.8552337288856506,0.8150388598442078
les_neck_pick21__01000100__s0044.wav,0.5675314664840698,0.6554330587387085,0.3056650459766388,0.45376843214035034,0.867978572845459,0.6984525322914124,0.5063222646713257,0.3963024318218231
tele_bridge_pick22__01000100__s0029.wav,0.6670939922332764,0.715825080871582,0.19414937496185303,0.467332661151886,0.21512289345264435,0.5439404249191284,0.07371513545513153,0.21637685596942902
les_neck_fing13__01000100__s0013.wav,0.8194762468338013,0.6401111483573914,0.0069668968208134174,0.16024325788021088,0.9182618260383606,0.8529502153396606,0.16224218904972076,0.2327202409505844
prs_neck_fing01__01000100__s0006.wav,0.8034482002258301,0.7552587389945984,0.7976959943771362,0.7178993821144104,0.8853601217269897,0.7224212884902954,0.3697190284729004,0.5236740708351135
les_bridge_pick10__01000100__s0001.wav,0.9983453750610352,0.8841865062713623,0.5892461538314819,0.8443529605865479,0.23375250399112701,0.17013829946517944,0.4007958173751831,0.24571694433689117
les_neck_fing22__01000100__s0031.wav,0.5000143647193909,0.52083820104599,0.5148745179176331,0.8810283541679382,0.9378947615623474,0.817932665348053,0.4245341718196869,0.6437186598777771
prs_bridge_pick02__01000100__s0044.wav,0.18887031078338623,0.23701608180999756,0.1883450448513031,0.33227482438087463,0.4838533401489258,0.4952879548072815,0.5695931911468506,0.5292996764183044
prs_neck_fing07__01000100__s0029.wav,0.08690287172794342,0.13734833896160126,0.16771014034748077,0.5090790390968323,0.9628242254257202,0.9240946769714355,0.7610464096069336,0.6474399566650391
les_bridge_fing21__01000100__s0013.wav,0.5205534100532532,0.5427619218826294,0.8410914540290833,0.737442135810852,0.8936396837234497,0.48920080065727234,0.032748859375715256,0.10277051478624344
tele_bridge_fing25__01000100__s0037.wav,0.3217048645019531,0.6117896437644958,0.6637100577354431,0.6220462918281555,0.9459518790245056,0.7222683429718018,0.25810709595680237,0.3078771233558655
prs_bridge_fing13__01000100__s0003.wav,0.5145919322967529,0.45293501019477844,0.15797610580921173,0.07956788688898087,0.7954892516136169,0.8600873947143555,0.9509245753288269,0.9391758441925049
prs_bridge_fing04__01000100__s0036.wav,0.5552186369895935,0.6479260325431824,0.8574419021606445,0.7612327337265015,0.4903106391429901,0.4522942900657654,0.32309889793395996,0.3733188211917877
strat_neck_pick21__01000100__s0031.wav,0.17373724281787872,0.1927630603313446,0.6782437562942505,0.29851847887039185,0.06326563656330109,0.16315770149230957,0.2325829565525055,0.69428950548172
les_neck_fing16__01000100__s0032.wav,0.8865571022033691,0.879904568195343,0.6360855102539062,0.7702650427818298,0.17633956670761108,0.17664667963981628,0.9949031472206116,0.953123152256012
les_neck_fing17__01000100__s0025.wav,0.6492142081260681,0.8128791451454163,0.6585686206817627,0.8651924133300781,0.5236421227455139,0.4726300537586212,0.1574522703886032,0.2649948000907898
les_neck_pick17__01000100__s0033.wav,0.06616297364234924,0.09504306316375732,0.5258768796920776,0.33474478125572205,0.9857191443443298,0.6005100011825562,0.03695005550980568,0.06283479183912277
tele_neck_fing08__01000100__s0027.wav,0.33520305156707764,0.2656150162220001,0.3257374167442322,0.4940219223499298,0.7589110136032104,0.35608285665512085,0.2746536135673523,0.3499319553375244
les_bridge_fing25__01000100__s0052.wav,0.16185694932937622,0.10735689103603363,0.02993730641901493,0.5152736306190491,0.16432875394821167,0.5197451114654541,0.04019605368375778,0.2637477517127991
tele_neck_fing04__01000100__s0032.wav,0.30495330691337585,0.4937160313129425,0.8674874901771545,0.7707685828208923,0.6417186856269836,0.34963327646255493,0.3611181676387787,0.26379451155662537
tele_neck_pick24__01000100__s0047.wav,0.5274250507354736,0.499385803937912,0.28426918387413025,0.3036246597766876,0.9849395751953125,0.9753887057304382,0.6558706760406494,0.791970431804657
strat_neck_pick15__01000100__s0005.wav,0.6979421973228455,0.5924213528633118,0.5115755200386047,0.8341716527938843,0.22030264139175415,0.2515491247177124,0.5215867757797241,0.5541499257087708
strat_bridge_fing07__01000100__s0035.wav,0.44584378600120544,0.3706829845905304,0.08356612920761108,0.3829965591430664,0.7665266990661621,0.8113129138946533,0.1671580821275711,0.14625856280326843
strat_neck_pick17__01000100__s0014.wav,0.1835246980190277,0.21678385138511658,0.8474071621894836,0.5443339943885803,0.4956902861595154,0.6171672940254211,0.7224294543266296,0.5397283434867859
les_neck_pick07__01000100__s0012.wav,0.5745939612388611,0.4497082829475403,0.2818968892097473,0.520933210849762,0.8227524161338806,0.9388094544410706,0.29029780626296997,0.43035927414894104
les_bridge_pick07__01000100__s0003.wav,0.9168756604194641,0.9137832522392273,0.8805682063102722,0.9247087240219116,0.049050990492105484,0.6159833073616028,0.0033540744334459305,0.07191837579011917
strat_neck_pick17__01000100__s0038.wav,0.0714612528681755,0.22069935500621796,0.85981684923172,0.24005262553691864,0.622607946395874,0.49671897292137146,0.18891435861587524,0.4327735900878906
strat_bridge_pick07__01000100__s0021.wav,0.4506826102733612,0.5382143259048462,0.3282024562358856,0.5528920292854309,0.4922228753566742,0.534153163433075,0.5099175572395325,0.1969425529241562
tele_neck_fing23__01000100__s0002.wav,0.14146776497364044,0.2748541235923767,0.16441477835178375,0.2570357918739319,0.009711721912026405,0.11335455626249313,0.6616129279136658,0.7390719056129456
prs_neck_fing03__01000100__s0032.wav,0.3816191852092743,0.7159501910209656,0.6209033727645874,0.3966561257839203,0.8498860001564026,0.8575983047485352,0.5889925360679626,0.6012622117996216
prs_neck_fing25__01000100__s0027.wav,0.49870607256889343,0.6534994840621948,0.8912979960441589,0.6944686770439148,0.8756673336029053,0.6045385003089905,0.1001071035861969,0.40285810828208923
les_neck_pick22__01000100__s0012.wav,0.9739016890525818,0.6609826683998108,0.06980543583631516,0.5713615417480469,0.0045440285466611385,0.18102394044399261,0.0979476124048233,0.24322859942913055
tele_neck_pick22__01000100__s0050.wav,0.9341372847557068,0.9266420602798462,0.5521420240402222,0.455583393573761,0.6362730860710144,0.5591325759887695,0.9386551380157471,0.9887489080429077
tele_neck_fing19__01000100__s0023.wav,0.25570258498191833,0.2154216468334198,0.008171257562935352,0.2362302988767624,0.3824073374271393,0.4152052700519562,0.11653552949428558,0.0887366235256195
strat_neck_pick12__01000100__s0025.wav,0.6173649430274963,0.6179624795913696,0.368447482585907,0.32686907052993774,0.09787257015705109,0.14650993049144745,0.9808362722396851,0.9608606100082397
les_neck_fing25__01000100__s0048.wav,0.10227622836828232,0.11248879879713058,0.858984649181366,0.26710301637649536,0.7881802916526794,0.7292094230651855,0.6845492124557495,0.8637230396270752
strat_neck_pick18__01000100__s0000.wav,0.8847668766975403,0.7566859722137451,0.5634669661521912,0.49357423186302185,0.7183426022529602,0.6678469181060791,0.056548260152339935,0.24694345891475677
les_bridge_fing16__01000100__s0051.wav,0.925261378288269,0.9389249086380005,0.8390824198722839,0.902310848236084,0.8569707274436951,0.8545615077018738,0.7291313409805298,0.7950165271759033
prs_neck_fing18__01000100__s0008.wav,0.8833718299865723,0.8981282114982605,0.4681973159313202,0.7145026326179504,0.9022746086120605,0.9175214767456055,0.9547684788703918,0.6385188102722168
tele_bridge_fing13__01000100__s0014.wav,0.7125334143638611,0.8702263832092285,0.92148756980896,0.9451487064361572,0.12340302020311356,0.3054177165031433,0.038702592253685,0.17731735110282898
les_bridge_fing24__01000100__s0035.wav,0.010376994498074055,0.20834417641162872,0.43291163444519043,0.3062407672405243,0.8237729668617249,0.729483962059021,0.4642767310142517,0.2339872121810913
strat_bridge_fing09__01000100__s0007.wav,0.5576378703117371,0.4947720766067505,0.4921165108680725,0.7716025710105896,0.08207038789987564,0.10537433624267578,0.48522210121154785,0.5738758444786072
strat_neck_fing25__01000100__s0038.wav,0.01496936846524477,0.34733253717422485,0.19110016524791718,0.3285388648509979,0.5781794786453247,0.7791593074798584,0.24258273839950562,0.5784352421760559
les_bridge_pick08__01000100__s0046.wav,0.9147367477416992,0.5970554947853088,0.019888481125235558,0.3884736895561218,0.6454773545265198,0.6383764147758484,0.9010428786277771,0.6709395051002502
les_neck_pick13__01000100__s0030.wav,0.7366761565208435,0.6272738575935364,0.06668578088283539,0.591492235660553,0.31960299611091614,0.1956273466348648,0.6614771485328674,0.7132090330123901
prs_neck_fing14__01000100__s0035.wav,0.13384926319122314,0.21770121157169342,0.1896127462387085,0.3103531301021576,0.5084355473518372,0.3293619751930237,0.45150232315063477,0.6873572468757629
tele_neck_pick24__01000100__s0019.wav,0.8767849802970886,0.8924196362495422,0.706616997718811,0.9065641164779663,0.37341001629829407,0.41706278920173645,0.5326647758483887,0.566790759563446
prs_neck_fing19__01000100__s0013.wav,0.6888684630393982,0.7696915864944458,0.16779448091983795,0.541016697883606,0.2749611437320709,0.30222412943840027,0.684719979763031,0.5799129009246826
tele_bridge_pick14__01000100__s0054.wav,0.7389171123504639,0.8240979313850403,0.9513347148895264,0.8519467711448669,0.8338432312011719,0.6517074704170227,0.8220970034599304,0.8812223076820374
les_bridge_fing07__01000100__s0051.wav,0.8924769163131714,0.6301530599594116,0.1817529797554016,0.45390552282333374,0.7249119877815247,0.7698679566383362,0.7480394244194031,0.5501211881637573
strat_bridge_pick22__01000100__s0029.wav,0.72685307264328,0.5609217882156372,0.10957160592079163,0.7360005974769592,0.4534095823764801,0.5057289004325867,0.9688589572906494,0.7434116005897522
prs_bridge_fing19__01000100__s0042.wav,0.4706079065799713,0.38334086537361145,0.46413683891296387,0.2776816189289093,0.6712960004806519,0.5653773546218872,0.9299051761627197,0.9441457986831665
strat_neck_pick25__01000100__s0003.wav,0.5798826813697815,0.5625185370445251,0.12302149832248688,0.5879662036895752,0.5508242249488831,0.5926365852355957,0.012011241167783737,0.1482786238193512
les_bridge_fing25__01000100__s0014.wav,0.977993905544281,0.592397153377533,0.16733084619045258,0.6884188652038574,0.14080457389354706,0.0742383673787117,0.3843998610973358,0.5514844655990601
tele_neck_fing23__01000100__s0032.wav,0.7864779829978943,0.6762092113494873,0.6428313851356506,0.8210450410842896,0.32664963603019714,0.39560791850090027,0.5694925785064697,0.3217138350009918
prs_bridge_pick10__01000100__s0020.wav,0.2743244767189026,0.24018371105194092,0.25497883558273315,0.694661021232605,0.6333323121070862,0.6641509532928467,0.26203835010528564,0.44877710938453674
les_bridge_pick19__01000100__s0040.wav,0.539303183555603,0.4961891174316406,0.3920389711856842,0.48529401421546936,0.9782596826553345,0.7461349368095398,0.7444716691970825,0.5120471715927124
les_bridge_fing16__01000100__s0001.wav,0.4033202528953552,0.48298028111457825,0.4502817988395691,0.26698148250579834,0.44805237650871277,0.14007264375686646,0.882267951965332,0.7734198570251465
strat_neck_fing14__01000100__s0052.wav,0.9662505984306335,0.9128458499908447,0.39918506145477295,0.6656268835067749,0.7838256359100342,0.7560389041900635,0.5381035804748535,0.6379502415657043
tele_neck_pick22__01000100__s0045.wav,0.5519871115684509,0.6509313583374023,0.5887376666069031,0.5529075264930725,0.8216343522071838,0.7419652938842773,0.12002163380384445,0.22461028397083282
tele_neck_pick23__01000100__s0049.wav,0.8047812581062317,0.9197205901145935,0.805438756942749,0.7887222766876221,0.8900828957557678,0.9499824047088623,0.7401692271232605,0.6723684668540955
tele_neck_fing25__01000100__s0018.wav,0.03064904734492302,0.1850760579109192,0.894162654876709,0.5757918357849121,0.8325721025466919,0.8656709790229797,0.7072166204452515,0.5389536619186401
strat_neck_fing24__01000100__s0032.wav,0.4851795434951782,0.5536465644836426,0.5171701312065125,0.21931594610214233,0.3578263819217682,0.18982277810573578,0.773252546787262,0.5961748361587524
prs_bridge_fing12__01000100__s0028.wav,0.7804180979728699,0.806256115436554,0.7324100136756897,0.5711867809295654,0.6278977990150452,0.7105186581611633,0.6123512983322144,0.7626160979270935
prs_bridge_fing13__01000100__s0013.wav,0.4096822738647461,0.3758179247379303,0.0075896563939750195,0.2571384310722351,0.13118761777877808,0.3286208510398865,0.9867774248123169,0.9285549521446228
strat_neck_pick19__01000100__s0009.wav,0.34917423129081726,0.8502539992332458,0.6223282217979431,0.3174617290496826,0.17595118284225464,0.4602316915988922,0.27564334869384766,0.2689085900783539
prs_neck_fing16__01000100__s0020.wav,0.6039655208587646,0.81281578540802,0.5488064885139465,0.5335353016853333,0.6236337423324585,0.2859739065170288,0.24450135231018066,0.4660344123840332
les_bridge_fing03__01000100__s0028.wav,0.9854468703269958,0.8326504826545715,0.4200042188167572,0.6529638171195984,0.5146408081054688,0.5146676301956177,0.4092983305454254,0.44269227981567383
tele_neck_fing09__01000100__s0002.wav,0.15847603976726532,0.21524500846862793,0.223918154835701,0.4458669126033783,0.9138572812080383,0.46535322070121765,0.17655904591083527,0.45213475823402405
tele_bridge_fing14__01000100__s0011.wav,0.9448823928833008,0.5777314901351929,0.08006403595209122,0.6404660940170288,0.5647344589233398,0.4847501814365387,0.4313075542449951,0.4741654396057129
prs_neck_pick12__01000100__s0027.wav,0.5381644368171692,0.6289153099060059,0.750518798828125,0.6427103877067566,0.6616575121879578,0.7571019530296326,0.6168036460876465,0.7067820429801941
prs_neck_fing17__01000100__s0042.wav,0.14801591634750366,0.5462841987609863,0.8430235981941223,0.3288637697696686,0.5974057912826538,0.5378279685974121,0.9772015810012817,0.959754467010498
tele_bridge_pick22__01000100__s0047.wav,0.4857386648654938,0.6706358194351196,0.6371811628341675,0.3506545424461365,0.021922729909420013,0.06250245869159698,0.4842039942741394,0.5233660936355591
prs_neck_fing19__01000100__s0040.wav,0.6986365914344788,0.8593801259994507,0.46439310908317566,0.4024956226348877,0.15205562114715576,0.19120831787586212,0.2239062339067459,0.33320483565330505
les_bridge_pick12__01000100__s0049.wav,0.3860197365283966,0.19326362013816833,0.12647630274295807,0.4367477595806122,0.2025379091501236,0.12618467211723328,0.7217637896537781,0.7174783945083618
tele_bridge_fing20__01000100__s0001.wav,0.6322094202041626,0.6634312868118286,0.8839413523674011,0.676288902759552,0.06842061877250671,0.06338099390268326,0.8876645565032959,0.8264048099517822
les_neck_fing11__01000100__s0016.wav,0.1426706612110138,0.2416193187236786,0.7117066383361816,0.2623995244503021,0.12024221569299698,0.0777604728937149,0.8260678052902222,0.7213180661201477
les_bridge_pick01__01000100__s0044.wav,0.05681413412094116,0.3805401027202606,0.2571233808994293,0.1754041165113449,0.28583595156669617,0.21000023186206818,0.9283140301704407,0.9598718881607056
les_bridge_fing25__01000100__s0028.wav,0.09742224961519241,0.20358726382255554,0.14039981365203857,0.32684171199798584,0.8239386081695557,0.6085413694381714,0.22234059870243073,0.42904654145240784
les_bridge_pick25__01000100__s0009.wav,0.5027278661727905,0.37450945377349854,0.0765618160367012,0.2792187035083771,0.41870057582855225,0.6023873686790466,0.17496995627880096,0.3337218761444092
les_neck_fing10__01000100__s0031.wav,0.7643441557884216,0.4217061698436737,0.1526535600423813,0.6411531567573547,0.8357407450675964,0.7981359362602234,0.45997384190559387,0.646155834197998
strat_neck_fing17__01000100__s0040.wav,0.4679305851459503,0.5195068717002869,0.8380265235900879,0.42249003052711487,0.9484179019927979,0.811029851436615,0.33712634444236755,0.20154504477977753
tele_bridge_pick03__01000100__s0016.wav,0.9011901021003723,0.8722437024116516,0.11886536329984665,0.17298075556755066,0.175155907869339,0.11953218281269073,0.44544991850852966,0.3158802390098572
strat_neck_fing16__01000100__s0022.wav,0.10501866042613983,0.2805924713611603,0.834204375743866,0.22381600737571716,0.3110955059528351,0.340876966714859,0.8433616161346436,0.8040196895599365
prs_neck_fing04__01000100__s0036.wav,0.4289870262145996,0.5740787386894226,0.8552900552749634,0.6686656475067139,0.9517889022827148,0.3909907639026642,0.1113995760679245,0.11035248637199402
prs_neck_fing13__01000100__s0052.wav,0.06664606928825378,0.18654440343379974,0.7103694677352905,0.358030766248703,0.7832592725753784,0.756560742855072,0.39618778228759766,0.14740753173828125
prs_neck_fing11__01000100__s0021.wav,0.015402868390083313,0.10778691619634628,0.6764461398124695,0.4641786217689514,0.3416115939617157,0.38789141178131104,0.11322209984064102,0.06391223520040512
tele_bridge_pick22__01000100__s0030.wav,0.6322019100189209,0.5955460071563721,0.30510812997817993,0.40229901671409607,0.07951144129037857,0.2133210003376007,0.26794639229774475,0.22560721635818481
strat_bridge_pick04__01000100__s0002.wav,0.8708382844924927,0.9295935034751892,0.23479017615318298,0.32629695534706116,0.3692205250263214,0.42601582407951355,0.5050638914108276,0.3595748543739319
strat_bridge_fing22__01000100__s0029.wav,0.875560998916626,0.8462080955505371,0.9199272990226746,0.5961222052574158,0.37373021245002747,0.7886888980865479,0.9168014526367188,0.921502947807312
prs_neck_pick14__01000100__s0046.wav,0.4693717658519745,0.6838606595993042,0.2547607719898224,0.20650921761989594,0.4087737798690796,0.4575210511684418,0.13471511006355286,0.42440304160118103
les_neck_fing19__01000100__s0028.wav,0.9859037399291992,0.6263514161109924,0.5138031840324402,0.6615753769874573,0.285162091255188,0.20779949426651,0.7401618361473083,0.46174365282058716
les_bridge_fing19__01000100__s0039.wav,0.572231650352478,0.6634208559989929,0.7093849182128906,0.7856934070587158,0.9845850467681885,0.3759998083114624,0.029310014098882675,0.0493805930018425
tele_neck_fing20__01000100__s0000.wav,0.09926007688045502,0.3076097369194031,0.5513194799423218,0.58692467212677,0.17060334980487823,0.27617260813713074,0.9720337986946106,0.9173793792724609
tele_bridge_pick05__01000100__s0043.wav,0.030200891196727753,0.1635117381811142,0.4253637492656708,0.15695244073867798,0.9421281218528748,0.7388911247253418,0.8742084503173828,0.9008024334907532
prs_neck_fing07__01000100__s0021.wav,0.796334445476532,0.6626167893409729,0.31534281373023987,0.6355572938919067,0.24894069135189056,0.3214346766471863,0.5121091604232788,0.4751524329185486
prs_neck_pick22__01000100__s0014.wav,0.26435038447380066,0.36234477162361145,0.8975185751914978,0.5260239839553833,0.04664599150419235,0.07025974988937378,0.19893281161785126,0.1463315188884735
tele_neck_fing06__01000100__s0030.wav,0.7287366986274719,0.8802306652069092,0.7710314989089966,0.8292658925056458,0.9520750045776367,0.9603434205055237,0.8421838283538818,0.812269389629364
prs_bridge_fing08__01000100__s0010.wav,0.21892456710338593,0.397291898727417,0.31394162774086,0.24445419013500214,0.6813420057296753,0.6548873782157898,0.5538567900657654,0.5649468898773193
strat_neck_fing16__01000100__s0032.wav,0.44779276847839355,0.6136656403541565,0.6025846600532532,0.4915542006492615,0.7099997401237488,0.7238863706588745,0.6638702750205994,0.6260178685188293
prs_neck_fing23__01000100__s0053.wav,0.6110489964485168,0.4723995625972748,0.8495825529098511,0.7676306366920471,0.06256566196680069,0.32872021198272705,0.4770299196243286,0.2364742010831833
strat_bridge_fing23__01000100__s0011.wav,0.33610397577285767,0.31955981254577637,0.17847035825252533,0.29083749651908875,0.23159193992614746,0.29210132360458374,0.32429954409599304,0.22135527431964874
prs_neck_fing11__01000100__s0050.wav,0.5402414798736572,0.45170673727989197,0.9618116021156311,0.7761572599411011,0.3884740173816681,0.37347525358200073,0.6574491858482361,0.7575966119766235
les_neck_pick06__01000100__s0025.wav,0.14422741532325745,0.07653062790632248,0.24710586667060852,0.36104249954223633,0.32796788215637207,0.4243338406085968,0.9156172871589661,0.9111773371696472
prs_neck_pick02__01000100__s0046.wav,0.9798972010612488,0.815331220626831,0.4178498685359955,0.7130199074745178,0.47440305352211,0.42745858430862427,0.5012325644493103,0.3967306613922119
tele_neck_fing07__01000100__s0004.wav,0.8158420324325562,0.666785717010498,0.48367467522621155,0.40578415989875793,0.30472052097320557,0.2165796309709549,0.21543270349502563,0.2088766247034073
strat_bridge_pick13__01000100__s0053.wav,0.15254153311252594,0.3241109251976013,0.7596099376678467,0.5323306918144226,0.8804709315299988,0.6029980182647705,0.6945605278015137,0.7502179145812988
tele_bridge_pick24__01000100__s0052.wav,0.31197234988212585,0.5805614590644836,0.7581197023391724,0.24250149726867676,0.3629046082496643,0.5681231021881104,0.041102465242147446,0.12423048168420792
strat_neck_fing15__01000100__s0014.wav,0.4218195080757141,0.6753644347190857,0.8976782560348511,0.725810706615448,0.1913285255432129,0.21728765964508057,0.3481519818305969,0.40419453382492065
les_neck_fing02__01000100__s0050.wav,0.4747295379638672,0.4685046076774597,0.534692108631134,0.6415430903434753,0.8933555483818054,0.6601689457893372,0.2147803008556366,0.1590670794248581
prs_neck_fing13__01000100__s0008.wav,0.1406048685312271,0.25157320499420166,0.964812695980072,0.7659808397293091,0.637496829032898,0.5779515504837036,0.762257993221283,0.7384539246559143
prs_neck_fing18__01000100__s0030.wav,0.8713165521621704,0.6754451990127563,0.6374488472938538,0.5163387656211853,0.2170313447713852,0.18103528022766113,0.5642417073249817,0.43770840764045715
tele_neck_fing20__01000100__s0007.wav,0.5699453949928284,0.7217016220092773,0.6745685338973999,0.6626508235931396,0.8101629018783569,0.815073549747467,0.48622414469718933,0.7985454201698303
prs_bridge_pick25__01000100__s0008.wav,0.6737298369407654,0.6614015102386475,0.21774369478225708,0.3103649318218231,0.7971493601799011,0.8482205867767334,0.9549834132194519,0.9288409352302551
strat_neck_fing03__01000100__s0046.wav,0.44610509276390076,0.6350266933441162,0.9656004309654236,0.48738425970077515,0.8104926347732544,0.5162755846977234,0.8258721232414246,0.4353245198726654
prs_neck_pick11__01000100__s0009.wav,0.3112853169441223,0.1276153028011322,0.025093501433730125,0.42101433873176575,0.46068480610847473,0.6918893456459045,0.04748236760497093,0.09029944241046906
prs_bridge_fing08__01000100__s0028.wav,0.3894961178302765,0.3321768343448639,0.12835752964019775,0.2414560168981552,0.37517037987709045,0.3147096335887909,0.1911657452583313,0.6066940426826477
tele_bridge_pick21__01000100__s0046.wav,0.5461421012878418,0.7476579546928406,0.6121464967727661,0.28640979528427124,0.2745697498321533,0.347273051738739,0.5607345104217529,0.707204282283783
strat_neck_pick09__01000100__s0021.wav,0.63074791431427,0.511687159538269,0.09162289649248123,0.2569683790206909,0.8304048776626587,0.8396379947662354,0.4651157259941101,0.43791890144348145
les_neck_pick03__01000100__s0013.wav,0.626388430595398,0.5696419477462769,0.8710711598396301,0.8546930551528931,0.15865860879421234,0.17025168240070343,0.13254880905151367,0.12103208899497986
strat_bridge_pick01__01000100__s0031.wav,0.23061303794384003,0.07396350800991058,0.06911105662584305,0.5255259871482849,0.4973325729370117,0.6043802499771118,0.7099196910858154,0.7053540945053101
les_neck_pick22__01000100__s0040.wav,0.5834740400314331,0.20710894465446472,0.13691511750221252,0.34173256158828735,0.24414940178394318,0.1774432212114334,0.3070736527442932,0.5218194127082825
prs_bridge_fing12__01000100__s0021.wav,0.8718697428703308,0.7245328426361084,0.46136710047721863,0.8192895650863647,0.2670418918132782,0.4430265724658966,0.2951517403125763,0.542904794216156
les_bridge_pick06__01000100__s0025.wav,0.6923134922981262,0.7909948229789734,0.49014371633529663,0.7289289236068726,0.2400466948747635,0.2690485715866089,0.2299216240644455,0.6687391400337219
les_neck_fing02__01000100__s0000.wav,0.3249679207801819,0.3852372169494629,0.5021583437919617,0.5694564580917358,0.4419904947280884,0.34496280550956726,0.9272077679634094,0.6684353351593018
prs_neck_fing01__01000100__s0041.wav,0.644936203956604,0.772265613079071,0.7160237431526184,0.7692840099334717,0.0077959573827683926,0.26109614968299866,0.3246036767959595,0.1568729430437088
les_bridge_fing09__01000100__s0028.wav,0.053856492042541504,0.3904343843460083,0.2127700299024582,0.20923061668872833,0.2842813730239868,0.6314083337783813,0.1443718671798706,0.3321714997291565
strat_bridge_fing03__01000100__s0023.wav,0.7760372161865234,0.6659733653068542,0.1383218765258789,0.48681876063346863,0.5358853340148926,0.6613211035728455,0.5228074789047241,0.43967166543006897
strat_neck_fing09__01000100__s0039.wav,0.9991816282272339,0.8108228445053101,0.6377402544021606,0.5596460103988647,0.9883941411972046,0.584041178226471,0.4577491879463196,0.6300007700920105
strat_bridge_pick17__01000100__s0034.wav,0.45137250423431396,0.47893664240837097,0.3871898949146271,0.37576234340667725,0.8002209067344666,0.7429119348526001,0.7426073551177979,0.484920471906662
tele_neck_fing24__01000100__s0022.wav,0.6923669576644897,0.887261152267456,0.812472403049469,0.5805094838142395,0.7757784128189087,0.8829279541969299,0.8838338851928711,0.9536581635475159
prs_bridge_pick17__01000100__s0012.wav,0.15179862082004547,0.38718658685684204,0.521504282951355,0.20535486936569214,0.5849025249481201,0.3817518651485443,0.4629901945590973,0.5871504545211792
tele_neck_pick24__01000100__s0003.wav,0.8970832228660583,0.856707751750946,0.6416751146316528,0.6452533006668091,0.13648134469985962,0.07029610127210617,0.5182633399963379,0.47619861364364624
tele_bridge_fing06__01000100__s0041.wav,0.3618740141391754,0.546910285949707,0.37368839979171753,0.13666293025016785,0.08537857234477997,0.146880105137825,0.638301432132721,0.4893870949745178
les_neck_fing13__01000100__s0021.wav,0.5228796005249023,0.48986905813217163,0.4425884783267975,0.6336402893066406,0.9659983515739441,0.800753653049469,0.8513022065162659,0.7110610604286194
strat_bridge_fing19__01000100__s0019.wav,0.5149143934249878,0.6645231246948242,0.645672619342804,0.5664224028587341,0.09351807087659836,0.18295438587665558,0.4230031669139862,0.41769295930862427
tele_neck_pick19__01000100__s0035.wav,0.07773444801568985,0.18719622492790222,0.48593267798423767,0.167175754904747,0.5660123825073242,0.6818016767501831,0.8168463706970215,0.8234764337539673
les_bridge_pick25__01000100__s0033.wav,0.6414396166801453,0.6487981081008911,0.31812411546707153,0.5053765177726746,0.723251223564148,0.8168178796768188,0.36753132939338684,0.2985256016254425
strat_bridge_fing24__01000100__s0005.wav,0.8546320796012878,0.8340453505516052,0.8614717125892639,0.7791353464126587,0.34244436025619507,0.4220777451992035,0.02128829061985016,0.07112076133489609
les_bridge_fing10__01000100__s0049.wav,0.024417519569396973,0.16868403553962708,0.2622673213481903,0.444624662399292,0.7325254082679749,0.3088643550872803,0.7150927186012268,0.4918992817401886
prs_neck_fing19__01000100__s0043.wav,0.3537271022796631,0.3251444697380066,0.10719490051269531,0.39318379759788513,0.02826808951795101,0.09202348440885544,0.9675936102867126,0.8326862454414368
les_neck_pick21__01000100__s0034.wav,0.7358564138412476,0.7032805681228638,0.3565588593482971,0.5444454550743103,0.7546751499176025,0.7013347148895264,0.23714223504066467,0.1533452272415161
tele_bridge_pick18__01000100__s0036.wav,0.43947282433509827,0.28571733832359314,0.5847208499908447,0.5419830083847046,0.37366676330566406,0.4814862906932831,0.2077968865633011,0.44237828254699707
tele_neck_pick23__01000100__s0014.wav,0.8398717045783997,0.89854496717453,0.8486012816429138,0.8866012692451477,0.40445446968078613,0.44128262996673584,0.6229900121688843,0.7109121084213257
tele_neck_pick05__01000100__s0026.wav,0.23037344217300415,0.5922438502311707,0.26939743757247925,0.2653176486492157,0.9135157465934753,0.8516656756401062,0.5518678426742554,0.7142411470413208
tele_bridge_pick15__01000100__s0005.wav,0.758350133895874,0.7438002228736877,0.2637680172920227,0.20513834059238434,0.550413966178894,0.5878777503967285,0.8037804365158081,0.906258225440979
strat_neck_pick02__01000100__s0034.wav,0.6103665828704834,0.49659571051597595,0.02368023991584778,0.3119491636753082,0.3631092607975006,0.8319224119186401,0.06352904438972473,0.17620955407619476
strat_bridge_fing16__01000100__s0002.wav,0.2691041827201843,0.30508750677108765,0.1657894253730774,0.22993433475494385,0.0543595626950264,0.42638763785362244,0.9967668056488037,0.5070207118988037
strat_neck_pick16__01000100__s0052.wav,0.5516927242279053,0.43857428431510925,0.014448197558522224,0.765628457069397,0.9397774934768677,0.7125434279441833,0.5128017067909241,0.32796749472618103
tele_neck_pick06__01000100__s0034.wav,0.5137720108032227,0.571087121963501,0.41500023007392883,0.44550633430480957,0.5767486691474915,0.8695777654647827,0.35847797989845276,0.46798262000083923
les_neck_pick13__01000100__s0022.wav,0.3765569031238556,0.2170867770910263,0.14341090619564056,0.1896127611398697,0.7677680253982544,0.7561629414558411,0.8664297461509705,0.6331337690353394
prs_neck_fing04__01000100__s0047.wav,0.3227686583995819,0.5702072978019714,0.24502824246883392,0.3829956650733948,0.4422625005245209,0.39353227615356445,0.6349349617958069,0.55158531665802
les_neck_fing07__01000100__s0020.wav,0.9076762199401855,0.7474837303161621,0.2303200364112854,0.43645811080932617,0.08403339982032776,0.08240357786417007,0.9535519480705261,0.9742574691772461
strat_neck_fing13__01000100__s0007.wav,0.5624980330467224,0.6634975075721741,0.6849414706230164,0.5831159353256226,0.5975645780563354,0.3409329652786255,0.026000387966632843,0.08684936165809631
strat_bridge_fing14__01000100__s0019.wav,0.8684898018836975,0.9225343465805054,0.9652214050292969,0.8659281730651855,0.12310899049043655,0.1291123628616333,0.6336988806724548,0.6416743993759155
strat_bridge_fing05__01000100__s0032.wav,0.1830117404460907,0.27147501707077026,0.2759421169757843,0.6288617253303528,0.7274264097213745,0.6987265944480896,0.38809528946876526,0.1551724374294281
tele_bridge_pick09__01000100__s0039.wav,0.302940309047699,0.7162471413612366,0.7384538054466248,0.3062554597854614,0.3580748736858368,0.5611878037452698,0.10927275568246841,0.23500439524650574
les_neck_fing08__01000100__s0050.wav,0.8028906583786011,0.6291279196739197,0.22213199734687805,0.5634821057319641,0.9745373725891113,0.9457843899726868,0.8398792147636414,0.8639464378356934
tele_neck_fing07__01000100__s0021.wav,0.7838841676712036,0.5421070456504822,0.13670286536216736,0.37247300148010254,0.9422376751899719,0.5605416893959045,0.4864462614059448,0.2317105084657669
tele_bridge_fing24__01000100__s0018.wav,0.16486133635044098,0.31658458709716797,0.8380555510520935,0.3725053369998932,0.8685438632965088,0.8216608166694641,0.9545081257820129,0.8240697979927063
tele_neck_pick12__01000100__s0001.wav,0.7840840220451355,0.7661252617835999,0.9121038913726807,0.7405558228492737,0.13544508814811707,0.3473772704601288,0.2953023910522461,0.3374907076358795
les_neck_pick19__01000100__s0036.wav,0.5524677634239197,0.5883063077926636,0.6617582440376282,0.609971821308136,0.847518265247345,0.5244646668434143,0.12003263086080551,0.07272777706384659
tele_bridge_fing09__01000100__s0002.wav,0.604648232460022,0.3812577426433563,0.33627644181251526,0.5123855471611023,0.8553523421287537,0.7551160454750061,0.6690450310707092,0.4892527759075165
tele_bridge_pick12__01000100__s0054.wav,0.3351982533931732,0.5448501706123352,0.4905664622783661,0.5438330769538879,0.9537460803985596,0.707321286201477,0.4564698338508606,0.49311086535453796
les_bridge_fing24__01000100__s0047.wav,0.1017468273639679,0.24725650250911713,0.7251552939414978,0.35095301270484924,0.3067116439342499,0.5490418076515198,0.1097792237997055,0.17102673649787903
prs_bridge_pick12__01000100__s0040.wav,0.7231655716896057,0.648871660232544,0.3671695291996002,0.4922246038913727,0.38458704948425293,0.4599565863609314,0.988653838634491,0.9507310390472412
les_neck_fing02__01000100__s0016.wav,0.4458893835544586,0.6910157799720764,0.9561687111854553,0.7350645065307617,0.9115460515022278,0.8057766556739807,0.7363674640655518,0.6199276447296143
strat_neck_fing12__01000100__s0035.wav,0.6195921897888184,0.7084556221961975,0.22405922412872314,0.6913769841194153,0.27273067831993103,0.3150382936000824,0.032172683626413345,0.20598497986793518
strat_neck_pick16__01000100__s0002.wav,0.4621826112270355,0.4555051326751709,0.8480836749076843,0.8045579195022583,0.8478527069091797,0.8632405996322632,0.209986612200737,0.19586816430091858
tele_bridge_pick02__01000100__s0052.wav,0.6955397129058838,0.6826581358909607,0.9010889530181885,0.7393550276756287,0.9418578147888184,0.3281181752681732,0.08016563951969147,0.18055635690689087
tele_bridge_fing15__01000100__s0021.wav,0.11329335719347,0.1674724668264389,0.49065953493118286,0.4682156443595886,0.8730496764183044,0.7289777398109436,0.38951581716537476,0.5356054902076721
les_bridge_pick11__01000100__s0031.wav,0.1876119077205658,0.2633276879787445,0.38370537757873535,0.39012253284454346,0.8211910724639893,0.35263362526893616,0.08491169661283493,0.21087513864040375
les_bridge_pick21__01000100__s0016.wav,0.3595488965511322,0.563678503036499,0.23622183501720428,0.24551832675933838,0.6276850700378418,0.5517512559890747,0.42176276445388794,0.7109309434890747
prs_neck_fing16__01000100__s0036.wav,0.13950741291046143,0.4271712601184845,0.4329655170440674,0.1690635234117508,0.7646157145500183,0.7628624439239502,0.905923068523407,0.753292441368103
strat_bridge_fing15__01000100__s0052.wav,0.7737104892730713,0.7435168027877808,0.23931829631328583,0.34628722071647644,0.12480689585208893,0.18422062695026398,0.897100031375885,0.6360007524490356
tele_neck_fing19__01000100__s0004.wav,0.31218448281288147,0.3864881694316864,0.3073866367340088,0.2194993793964386,0.7491593360900879,0.27879348397254944,0.12321655452251434,0.38272568583488464
strat_bridge_pick06__01000100__s0027.wav,0.7495155930519104,0.7738032937049866,0.9129876494407654,0.7439301609992981,0.5890422463417053,0.6348036527633667,0.844874918460846,0.8002780079841614
prs_neck_fing02__01000100__s0054.wav,0.25683531165122986,0.2844782769680023,0.772844135761261,0.43942052125930786,0.9272153377532959,0.8982141613960266,0.3970835506916046,0.48857101798057556
prs_neck_pick01__01000100__s0016.wav,0.7329496741294861,0.8466993570327759,0.6967785954475403,0.665626049041748,0.7186344861984253,0.8754618763923645,0.8166030049324036,0.5782940983772278
prs_neck_pick04__01000100__s0021.wav,0.04056062921881676,0.08577650785446167,0.47546395659446716,0.530051052570343,0.886471688747406,0.8817572593688965,0.8097084760665894,0.7540410757064819
prs_neck_fing15__01000100__s0001.wav,0.21256597340106964,0.4192078709602356,0.9915660619735718,0.3618631064891815,0.27096593379974365,0.2532503306865692,0.6680287718772888,0.6231977343559265
les_neck_pick11__01000100__s0028.wav,0.09959939867258072,0.32805368304252625,0.5844963192939758,0.24958379566669464,0.606740415096283,0.4493919014930725,0.6839234828948975,0.52848881483078
prs_neck_fing04__01000100__s0006.wav,0.2761777341365814,0.6689545512199402,0.5265772938728333,0.5382500290870667,0.1958213597536087,0.5899250507354736,0.20764479041099548,0.4066565930843353
strat_bridge_pick23__01000100__s0038.wav,0.3327580392360687,0.48029568791389465,0.7993679642677307,0.41677892208099365,0.5145283937454224,0.5267965793609619,0.492643803358078,0.6118104457855225
les_neck_pick23__01000100__s0040.wav,0.17037375271320343,0.20690089464187622,0.40605583786964417,0.5987516641616821,0.34300291538238525,0.3571208715438843,0.8905086517333984,0.8385698795318604
strat_neck_pick07__01000100__s0053.wav,0.08375082910060883,0.10024203360080719,0.2723087668418884,0.5997786521911621,0.7234926223754883,0.8111741542816162,0.3422682285308838,0.6043164134025574
strat_bridge_fing21__01000100__s0028.wav,0.7834676504135132,0.6367672085762024,0.08521781861782074,0.8723651170730591,0.428635835647583,0.39226987957954407,0.6284206509590149,0.4215072989463806
les_neck_pick16__01000100__s0031.wav,0.574886679649353,0.738307535648346,0.3161887228488922,0.34219685196876526,0.7442981004714966,0.734167754650116,0.4342486262321472,0.4995453357696533
strat_bridge_fing08__01000100__s0005.wav,0.002203844953328371,0.2812058627605438,0.28873366117477417,0.25666344165802,0.5957362651824951,0.6204255223274231,0.4218142628669739,0.24634358286857605
tele_neck_pick22__01000100__s0024.wav,0.18478883802890778,0.20164205133914948,0.1459737867116928,0.24336954951286316,0.960399329662323,0.9135611653327942,0.9594237804412842,0.9379059076309204
prs_bridge_fing15__01000100__s0006.wav,0.6984453797340393,0.5261011123657227,0.11414015293121338,0.6972630023956299,0.5288784503936768,0.4156942069530487,0.17872557044029236,0.29971107840538025
les_bridge_pick10__01000100__s0053.wav,0.9065836071968079,0.9631379842758179,0.8840148448944092,0.9316698312759399,0.35708707571029663,0.6504470705986023,0.16420361399650574,0.22506825625896454
prs_bridge_fing23__01000100__s0047.wav,0.8273745775222778,0.8387376070022583,0.7917838096618652,0.6297298073768616,0.4013219177722931,0.34236466884613037,0.7343369722366333,0.7585805654525757
tele_neck_pick22__01000100__s0047.wav,0.07924278825521469,0.172936350107193,0.32237809896469116,0.22927527129650116,0.5761160850524902,0.5765237808227539,0.920068621635437,0.8560658693313599
strat_neck_pick03__01000100__s0030.wav,0.8038361668586731,0.8484106659889221,0.6509252786636353,0.5964747071266174,0.11764539778232574,0.2728864252567291,0.21852755546569824,0.29274284839630127
les_neck_pick12__01000100__s0047.wav,0.3322138488292694,0.45636895298957825,0.21930664777755737,0.28910189867019653,0.19190697371959686,0.23601897060871124,0.8668991923332214,0.838453471660614
les_neck_fing14__01000100__s0000.wav,0.8877103328704834,0.9213578701019287,0.7739801406860352,0.8699318766593933,0.8468578457832336,0.6670473217964172,0.29021012783050537,0.19996953010559082
les_neck_fing05__01000100__s0001.wav,0.656012237071991,0.8053064346313477,0.7473872303962708,0.7475419640541077,0.9461203217506409,0.9136799573898315,0.23506830632686615,0.3239924907684326
tele_bridge_pick11__01000100__s0008.wav,0.2781786620616913,0.3680320084095001,0.33946844935417175,0.5108824968338013,0.663983941078186,0.5049561858177185,0.9749186635017395,0.9619535207748413
les_bridge_pick24__01000100__s0011.wav,0.8820295929908752,0.865030825138092,0.6419167518615723,0.7454079389572144,0.3792110085487366,0.3917641043663025,0.6160374283790588,0.39538928866386414
les_neck_fing10__01000100__s0033.wav,0.8578583002090454,0.6720434427261353,0.043356262147426605,0.3094792664051056,0.30013689398765564,0.2968341112136841,0.41411319375038147,0.48024222254753113
tele_bridge_pick18__01000100__s0047.wav,0.31535616517066956,0.47739091515541077,0.7246420979499817,0.22241349518299103,0.42830121517181396,0.25298166275024414,0.4097391366958618,0.3511565625667572
tele_bridge_pick18__01000100__s0016.wav,0.6029499173164368,0.5728205442428589,0.8200246095657349,0.5341324210166931,0.5479170680046082,0.5164062976837158,0.6198878884315491,0.5112741589546204
strat_bridge_pick18__01000100__s0002.wav,0.828892171382904,0.7674737572669983,0.640271782875061,0.2821793258190155,0.14851629734039307,0.07705973833799362,0.7176167964935303,0.5659348964691162
prs_neck_fing02__01000100__s0031.wav,0.9727165699005127,0.8643525242805481,0.13536709547042847,0.640535295009613,0.4668150842189789,0.460684597492218,0.309432715177536,0.4090828597545624
les_neck_fing04__01000100__s0043.wav,0.013706335797905922,0.2144923359155655,0.35633760690689087,0.29381775856018066,0.459974080324173,0.5165738463401794,0.6615238189697266,0.7653118371963501
tele_bridge_pick17__01000100__s0041.wav,0.06364475935697556,0.1130175068974495,0.8342717289924622,0.1522335410118103,0.2773800194263458,0.259303480386734,0.9372133016586304,0.9441805481910706
strat_bridge_fing03__01000100__s0025.wav,0.22480259835720062,0.3623654544353485,0.23450931906700134,0.145040363073349,0.6188068985939026,0.41148415207862854,0.017293881624937057,0.365201860666275
prs_neck_fing04__01000100__s0000.wav,0.05451255664229393,0.18424034118652344,0.15209585428237915,0.23719359934329987,0.9364241361618042,0.5249135494232178,0.058174241334199905,0.18021740019321442
les_neck_pick15__01000100__s0000.wav,0.0928022563457489,0.2744617760181427,0.5595549941062927,0.34861233830451965,0.75262850522995,0.5830672383308411,0.7510192394256592,0.2227637618780136
prs_bridge_pick14__01000100__s0017.wav,0.31004801392555237,0.5630300641059875,0.6926482915878296,0.3245466351509094,0.47014495730400085,0.5669639706611633,0.653912365436554,0.5159080028533936
strat_bridge_pick16__01000100__s0026.wav,0.029621228575706482,0.31740596890449524,0.8451592922210693,0.39946213364601135,0.2148829847574234,0.21185052394866943,0.6869998574256897,0.5350714921951294
strat_bridge_pick10__01000100__s0047.wav,0.6983953714370728,0.5395349860191345,0.5041611194610596,0.7868817448616028,0.5340595245361328,0.5725522637367249,0.6499084830284119,0.6054037809371948
tele_neck_fing12__01000100__s0015.wav,0.18553796410560608,0.18332917988300323,0.500144898891449,0.30294978618621826,0.27026596665382385,0.35947734117507935,0.07856385409832001,0.19066140055656433
prs_neck_fing15__01000100__s0015.wav,0.04570247232913971,0.07136073708534241,0.19178228080272675,0.27941498160362244,0.4108523726463318,0.6711467504501343,0.9125747680664062,0.787036657333374
strat_neck_fing07__01000100__s0027.wav,0.9383060336112976,0.735103189945221,0.6532015800476074,0.688303530216217,0.19639205932617188,0.14455123245716095,0.7183467745780945,0.7285295128822327
strat_bridge_pick23__01000100__s0053.wav,0.3950805366039276,0.5332790613174438,0.46667414903640747,0.6925355195999146,0.5812541246414185,0.5312355756759644,0.3529678285121918,0.5340220928192139
tele_neck_pick15__01000100__s0038.wav,0.3237307369709015,0.49890294671058655,0.7678511142730713,0.6392732262611389,0.9061468243598938,0.712000846862793,0.25133833289146423,0.3016930818557739
tele_neck_fing17__01000100__s0023.wav,0.907255232334137,0.7069552540779114,0.07343938201665878,0.5668045282363892,0.8319419026374817,0.9075338840484619,0.5153636932373047,0.6876780390739441
les_bridge_pick14__01000100__s0001.wav,0.954679012298584,0.9222891330718994,0.423636257648468,0.8151504397392273,0.6828785538673401,0.8231401443481445,0.15576958656311035,0.12305890023708344
les_bridge_pick19__01000100__s0006.wav,0.9850066304206848,0.9629543423652649,0.9879558086395264,0.7920213341712952,0.6696502566337585,0.6643547415733337,0.9288886189460754,0.8804867267608643
les_bridge_pick25__01000100__s0050.wav,0.4886007010936737,0.5545756816864014,0.13144440948963165,0.24764588475227356,0.6280236840248108,0.6791815161705017,0.5705278515815735,0.6396924257278442
strat_bridge_fing16__01000100__s0004.wav,0.9675856828689575,0.461846262216568,0.019244475290179253,0.3506518602371216,0.30546876788139343,0.6571433544158936,0.8543110489845276,0.8406758308410645
tele_bridge_fing22__01000100__s0025.wav,0.6013559103012085,0.6077698469161987,0.730347752571106,0.8167480826377869,0.0449797585606575,0.14572802186012268,0.6783366203308105,0.7320122122764587
les_bridge_fing11__01000100__s0032.wav,0.0575125589966774,0.03821220248937607,0.1794910728931427,0.42032742500305176,0.6342765688896179,0.44029438495635986,0.6673582792282104,0.7882477045059204
prs_bridge_fing14__01000100__s0012.wav,0.2952363193035126,0.3992387354373932,0.2979300618171692,0.46073925495147705,0.20165595412254333,0.5925822257995605,0.053838592022657394,0.09545540809631348
les_bridge_pick23__01000100__s0052.wav,0.1696375459432602,0.5214939713478088,0.31777486205101013,0.3150423467159271,0.7537228465080261,0.7413404583930969,0.3115277588367462,0.5891334414482117
tele_bridge_pick23__01000100__s0004.wav,0.6901451945304871,0.6929968595504761,0.30266961455345154,0.4986186623573303,0.08223576843738556,0.33117082715034485,0.3107656240463257,0.22695699334144592
tele_neck_fing04__01000100__s0055.wav,0.41238826513290405,0.4911417067050934,0.6526837944984436,0.7284641265869141,0.9736840724945068,0.7732221484184265,0.5025049448013306,0.5369185209274292
tele_bridge_fing03__01000100__s0010.wav,0.6035606861114502,0.5459464192390442,0.25834983587265015,0.664093554019928,0.37073221802711487,0.3577159643173218,0.8668067455291748,0.6344517469406128
